Date,Open,High,Low,Close,Volume,Dividends,Stock Splits
2015-01-02,721.2454127245761,721.2454127245761,700.9286606346797,707.700927734375,5997189,0.0,0.0
2015-01-02,704.3147583007812,711.0870250554401,697.5424915461224,704.3147583007812,9622884,0.0,0.0
2015-01-02,697.5424441825652,704.3147104773831,687.3840447403384,694.1563110351562,11705560,0.0,0.0
2015-01-02,694.1563581687928,711.0870250554401,694.1563581687928,704.3147583007812,14333014,0.0,0.0
2015-01-02,717.859319294785,768.6512234810225,717.859319294785,755.106689453125,87242404,0.0,0.0
2015-01-02,761.878935078304,765.2650684902171,734.7899169921875,734.7899169921875,41870439,0.0,0.0
2015-01-02,731.4038192714806,751.7206207343826,731.4038192714806,738.1760864257812,26182864,0.0,0.0
2015-01-02,738.1760504041005,751.7205840517527,728.0176501683613,734.7899169921875,14838385,0.0,0.0
2015-01-02,728.017664239077,744.9483316258686,724.6315307617188,724.6315307617188,15991988,0.0,0.0
2015-01-02,724.6315307617188,734.7899311937937,717.8593130161908,724.6315307617188,14337180,0.0,0.0
2015-01-02,724.6314952564,734.789895190736,714.47314453125,714.47314453125,14173366,0.0,0.0
2015-01-02,717.8593029929704,728.0176540740191,707.7009027027336,711.0870361328125,11850802,0.0,0.0
2015-01-02,714.47314453125,721.2453619449545,707.7008779083592,714.47314453125,12449033,0.0,0.0
2015-01-02,721.2453872138614,724.6315206439402,711.0870361328125,711.0870361328125,9825151,0.0,0.0
2015-01-02,714.47314453125,724.6314952564,707.7008779083592,714.47314453125,12513916,0.0,0.0
2015-01-02,717.859375,724.6315933302775,714.4732412302649,717.859375,15144703,0.0,0.0
2015-01-02,714.473272119717,721.2454907427838,690.7703347068008,697.5426025390625,19613516,0.0,0.0
2015-01-02,711.0870707871719,731.403823148581,711.0870707871719,721.2454223632812,31584799,0.0,0.0
2015-01-02,714.4731695628914,721.2453872138614,711.0870361328125,711.0870361328125,6432915,0.0,0.0
2015-01-02,714.4731795388324,731.4037977164354,714.4731795388324,724.6315307617188,24139593,0.0,0.0
2015-01-02,724.6315559583811,734.7899567436808,721.2454223632812,721.2454223632812,22733126,0.0,0.0
2015-01-02,717.8592778426954,721.2453619449545,711.0870112198046,714.47314453125,8047602,0.0,0.0
2015-01-02,717.8592778426954,724.6314952564,714.47314453125,714.47314453125,13098218,0.0,0.0
2015-01-02,717.8593029929704,728.0176540740191,711.0870361328125,711.0870361328125,18648252,0.0,0.0
2015-01-02,711.0871123160705,714.4732461089274,697.5425771446432,700.9287109375,14358609,0.0,0.0
2015-01-02,697.5424915461224,707.7008916781107,697.5424915461224,704.3147583007812,10111231,0.0,0.0
2015-01-02,704.3148447303569,714.4732461089274,697.5425771446432,700.9287109375,12005449,0.0,0.0
2015-01-02,700.9287109375,707.7009785232137,697.5425771446432,700.9287109375,4761797,0.0,0.0
2015-01-02,717.8593130161908,731.4037977164354,711.0870460614741,724.6315307617188,38720114,0.0,0.0
2015-01-02,724.6314952564,728.0176285678452,711.0870112198046,714.47314453125,12965595,0.0,0.0
2015-01-02,714.4731695628914,721.2453872138614,707.7009027027336,711.0870361328125,11211856,0.0,0.0
2015-01-02,711.0870612842227,714.4731948340705,700.9286606346797,707.700927734375,11447577,0.0,0.0
2015-01-02,704.3148703713243,707.7010042874551,697.5426025390625,697.5426025390625,9459546,0.0,0.0
2015-01-02,700.9287109375,707.7009785232137,697.5425771446432,700.9287109375,8754407,0.0,0.0
2015-01-02,700.9287364551934,704.3148703713243,697.5426025390625,697.5426025390625,5066806,0.0,0.0
2015-01-02,697.5424691741739,704.3147357116292,690.7702026367188,690.7702026367188,7355917,0.0,0.0
2015-01-02,700.928691459944,700.928691459944,680.6119384765625,680.6119384765625,10081944,0.0,0.0
2015-01-02,683.9979996282282,690.7702170982769,670.4534662697573,673.839599609375,17041660,0.0,0.0
2015-01-02,677.2257690429688,680.6119025630566,670.4535020027931,677.2257690429688,7752118,0.0,0.0
2015-01-02,680.6119384765625,690.7702903636573,677.2258047778002,680.6119384765625,10660531,0.0,0.0
2015-01-02,680.6118525684855,690.7702031733746,680.6118525684855,683.9979858398438,7419966,0.0,0.0
2015-01-02,683.9980360831444,690.7702539141308,677.2257690429688,677.2257690429688,5427887,0.0,0.0
2015-01-02,680.6118662886104,680.6118662886104,670.4534662697573,673.839599609375,9416449,0.0,0.0
2015-01-02,680.6119384765625,687.384156664895,677.2258047778002,680.6119384765625,6258386,0.0,0.0
2015-01-02,680.6119025630566,683.9980360831444,677.2257690429688,677.2257690429688,5609916,0.0,0.0
2015-01-02,673.839649998156,677.225783590984,667.0673828125,667.0673828125,6110525,0.0,0.0
2015-01-02,670.4535418568045,670.4535418568045,663.6812744140625,663.6812744140625,3163182,0.0,0.0
2015-01-02,660.2951302498491,663.6812639176669,653.5228629142133,656.9089965820312,4292023,0.0,0.0
2015-01-02,656.9089820340159,670.453516405328,650.13671484836,667.0673828125,3989276,0.0,0.0
2015-01-02,667.0673720569309,670.4535055951621,656.9089714422377,660.2951049804688,5348361,0.0,0.0
2015-01-02,663.6812912129233,663.6812912129233,646.7506713867188,646.7506713867188,9152871,0.0,0.0
2015-01-02,653.5228897916845,653.5228897916845,643.3645375796392,646.7506713867188,4703105,0.0,0.0
2015-01-02,646.750574216302,646.750574216302,643.3644409179688,643.3644409179688,4157971,0.0,0.0
2015-01-02,646.7506713867188,653.5228897916845,646.7506713867188,646.7506713867188,4767750,0.0,0.0
2015-01-02,643.364539013779,646.7506728284067,599.3448486328125,599.3448486328125,45747332,0.0,0.0
2015-01-02,612.8893685933898,616.2754531143062,602.730967403064,609.5032348632812,24475436,0.0,0.0
2015-01-02,616.2753801026885,616.2753801026885,602.7308959960938,602.7308959960938,8066769,0.0,0.0
2015-01-02,602.7309099882847,609.503176803391,592.572509765625,592.572509765625,7568541,0.0,0.0
2015-01-02,589.1863905129628,592.5725240018661,579.027990046253,582.4141235351562,7410204,0.0,0.0
2015-01-02,579.0280151367188,589.1864160436128,575.6419307102783,579.0280151367188,7670925,0.0,0.0
2015-01-02,579.027990046253,589.1863905129628,579.027990046253,582.4141235351562,5230263,0.0,0.0
2015-01-02,585.8003540039062,589.1864880533875,582.414219954425,585.8003540039062,4904539,0.0,0.0
2015-01-02,582.4141989505837,619.6616229424112,579.0280650232179,612.889404296875,14640403,0.0,0.0
2015-01-02,612.8893671472297,626.4338528265125,606.1170997029922,616.2754516601562,13457513,0.0,0.0
2015-01-02,619.661585382275,623.0477191043938,612.8893671472297,616.2754516601562,4165471,0.0,0.0
2015-01-02,619.6614990234375,619.6614990234375,609.5031484819872,619.6614990234375,3926179,0.0,0.0
2015-01-02,619.6616229424112,619.6616229424112,606.1171364421435,612.889404296875,4940850,0.0,0.0
2015-01-02,612.8893173256365,623.0476684570312,602.7309169850537,623.0476684570312,8537735,0.0,0.0
2015-01-02,626.4338907971427,626.4338907971427,609.5032703695093,612.889404296875,5558724,0.0,0.0
2015-01-02,602.7308959960938,616.2753801026885,599.3447626671484,602.7308959960938,5167761,0.0,0.0
2015-01-02,602.7309824474402,606.1171162620678,592.572581003557,599.3448486328125,4710963,0.0,0.0
2015-01-02,599.3448336729554,609.5032348632812,592.5725662127381,609.5032348632812,4082255,0.0,0.0
2015-01-02,609.5031626539843,609.5031626539843,599.3447626671484,602.7308959960938,2333873,0.0,0.0
2015-01-02,602.7309464237126,602.7309464237126,595.9586791992188,595.9586791992188,1725642,0.0,0.0
2015-01-02,595.9586431731782,599.3447765807314,592.572509765625,592.572509765625,2702693,0.0,0.0
2015-01-02,595.9587561523499,599.3448902018312,582.414219954425,585.8003540039062,8874887,0.0,0.0
2015-01-02,589.1864880533875,599.3448902018312,585.8003540039062,585.8003540039062,8474757,0.0,0.0
2015-01-02,585.8003285002825,592.572596304405,582.4141945982212,589.1864624023438,6446963,0.0,0.0
2015-01-02,592.5726221028688,592.5726221028688,582.414219954425,585.8003540039062,4991328,0.0,0.0
2015-01-02,592.572566485171,592.572566485171,558.7112783777096,562.097412109375,10497670,0.0,0.0
2015-01-02,558.7112783777096,565.4835458410404,548.5528771827135,562.097412109375,5329789,0.0,0.0
2015-01-02,562.0973908599386,565.4835244635952,541.7806384471899,548.5528564453125,5830398,0.0,0.0
2015-01-02,548.5529455367716,548.5529455367716,535.0084581315516,538.3945922851562,7439371,0.0,0.0
2015-01-02,538.3945466187129,548.5528990087003,524.8500111531373,528.2361450195312,6593634,0.0,0.0
2015-01-02,531.6221810370853,535.0083142802373,524.8499145507812,524.8499145507812,4486076,0.0,0.0
2015-01-02,524.8499704289071,551.938990048969,524.8499704289071,548.5528564453125,16245328,0.0,0.0
2015-01-02,548.5528576615757,551.9389912727399,538.3945060372731,541.7806396484375,5288717,0.0,0.0
2015-01-02,545.1667240504113,548.5528576615757,541.7806396484375,541.7806396484375,2813053,0.0,0.0
2015-01-02,545.1667240504113,551.9389912727399,538.3945060372731,541.7806396484375,9816103,0.0,0.0
2015-01-02,541.7806384471899,558.7112572562821,538.3945048435334,548.5528564453125,13543349,0.0,0.0
2015-01-02,551.9389153498666,568.8695810767625,551.9389153498666,558.711181640625,22103466,0.0,0.0
2015-01-02,562.0972780552497,565.4834109793591,555.3250122070312,555.3250122070312,4545958,0.0,0.0
2015-01-02,555.3250122070312,565.4834109793591,551.9388792829219,555.3250122070312,7775095,0.0,0.0
2015-01-02,555.3250122070312,558.7111451311405,551.9388792829219,555.3250122070312,4408692,0.0,0.0
2015-01-02,545.1666870117188,555.3250871550489,541.780602839796,545.1666870117188,14736596,0.0,0.0
2015-01-02,545.1667240504113,548.5528576615757,538.3945060372731,541.7806396484375,5753729,0.0,0.0
2015-01-02,545.1666870117188,551.9389537739388,545.1666870117188,545.1666870117188,4310237,0.0,0.0
2015-01-02,541.7806396484375,545.1667240504113,541.7806396484375,541.7806396484375,1781715,0.0,0.0
2015-01-02,545.166722841656,555.3251236526256,545.166722841656,548.5528564453125,4511552,0.0,0.0
2015-01-02,545.1666134347034,565.4834109793591,541.7805297197747,555.3250122070312,12157477,0.0,0.0
2015-01-02,558.7112572562821,562.0973908599386,545.166722841656,548.5528564453125,3413784,0.0,0.0
2015-01-02,548.5529425319925,548.5529425319925,514.691650390625,514.691650390625,12041760,0.0,0.0
2015-01-02,524.8499145507812,528.2360477939333,518.0776480644773,524.8499145507812,8883697,0.0,0.0
2015-01-02,524.8500527957947,528.2361869308512,511.3055162555684,514.691650390625,13778713,0.0,0.0
2015-01-02,514.691491979596,518.0776250724732,511.3053588867187,511.30535888671875,2310063,0.0,0.0
2015-01-02,511.3055162555684,521.463918660738,511.3055162555684,514.691650390625,5920401,0.0,0.0
2015-01-02,518.0776250724732,521.4637581653504,507.9192750030245,511.30535888671875,5988022,0.0,0.0
2015-01-02,511.3054356929846,511.3054356929846,494.37481689453125,494.37481689453125,6031951,0.0,0.0
2015-01-02,494.37488279281564,507.9194190043656,494.37488279281564,497.7610168457031,4271546,0.0,0.0
2015-01-02,501.14700881727,524.8498912582277,497.76087572439275,511.30535888671875,12627371,0.0,0.0
2015-01-02,511.3054209232425,514.6915544269582,501.14706962128423,504.533203125,3540930,0.0,0.0
2015-01-02,497.7609141697589,501.14704752416964,490.9886474609375,490.9886474609375,3618433,0.0,0.0
2015-01-02,487.60251410652677,494.3747808153482,484.21638075211604,490.9886474609375,3947965,0.0,0.0
2015-01-02,490.9886474609375,497.7609141697589,487.60251410652677,490.9886474609375,5401339,0.0,0.0
2015-01-02,490.9886361821581,490.9886361821581,484.21636962890625,484.21636962890625,3177825,0.0,0.0
2015-01-02,487.60255908152186,494.37482641499685,480.8302917480468,480.8302917480469,6979597,0.0,0.0
2015-01-02,480.83023635228034,494.374769458784,480.83023635228034,484.21636962890625,3048060,0.0,0.0
2015-01-02,484.21637522913346,487.6025085449219,480.8302419133451,487.6025085449219,4508457,0.0,0.0
2015-01-02,484.21636962890625,490.9886361821581,484.21636962890625,484.21636962890625,5380624,0.0,0.0
2015-01-02,480.8302864615398,484.2164200910483,474.0580192025227,477.44415283203125,6714946,0.0,0.0
2015-01-02,474.05798972736176,480.83025656530447,470.6719055175781,470.6719055175781,6805544,0.0,0.0
2015-01-02,470.6718999807002,474.05798415065067,460.5134998432872,467.2857666015625,3380331,0.0,0.0
2015-01-02,460.51348876953125,463.89962206724414,457.1273554718184,460.51348876953125,4997994,0.0,0.0
2015-01-02,460.51350833827996,460.51350833827996,453.74124145507807,453.7412414550781,4094755,0.0,0.0
2015-01-02,453.7412771804632,463.89967830508914,446.9690097640459,457.1274108886719,8391897,0.0,0.0
2015-01-02,460.5135445968805,460.5135445968805,453.7412771804632,457.1274108886719,2953652,0.0,0.0
2015-01-02,457.12740031643193,457.12740031643193,450.3551330566406,450.3551330566406,2313516,0.0,0.0
2015-01-02,446.9689887738008,450.3551223229922,443.5828552246094,443.5828552246094,3800461,0.0,0.0
2015-01-02,440.19670048544134,443.5828338716327,419.8799493774805,423.2660827636719,10658865,0.0,0.0
2015-01-02,419.8799743652344,423.26610795294016,409.72159820671214,419.8799743652344,3959394,0.0,0.0
2015-01-02,416.4938407775286,430.03837512835173,416.4938407775286,419.8799743652344,2524117,0.0,0.0
2015-01-02,423.26613355179063,423.26613355179063,416.4938659667969,416.4938659667969,1588139,0.0,0.0
2015-01-02,416.4938659667969,426.6522673442875,413.1077321743,416.4938659667969,3494739,0.0,0.0
2015-01-02,416.493860801282,416.493860801282,409.7216179048768,413.10772705078125,1370871,0.0,0.0
2015-01-02,409.72157712976616,409.72157712976616,399.5631768892184,402.9493103027344,2749361,0.0,0.0
2015-01-02,402.9493103027344,409.72157712976616,399.5631768892184,402.9493103027344,4154162,0.0,0.0
2015-01-02,399.5631965685716,402.94933014886186,392.790954012586,396.17706298828125,4179162,0.0,0.0
2015-01-02,389.40479374799787,389.40479374799787,372.4741516113281,372.4741516113281,10243377,0.0,0.0
2015-01-02,369.0880642046091,369.0880642046091,352.15741996052964,358.9296875,12739041,0.0,0.0
2015-01-02,362.3157603219701,365.70189375204905,355.54351806640625,355.54351806640625,7462824,0.0,0.0
2015-01-02,355.5435486520321,362.315791490178,330.48617879756364,331.84063720703125,27731359,0.0,0.0
2015-01-02,331.8405957493911,333.195053989643,321.6822204589844,321.6822204589844,28336733,0.0,0.0
2015-01-02,325.0683606823434,335.90397844616047,320.3277932885456,324.3911437988281,31013711,0.0,0.0
2015-01-02,327.77725678289414,402.9493103027344,326.42279849656904,402.9493103027344,127686614,0.0,0.0
2015-01-02,413.10772780442556,443.5828824053365,406.33548489566556,409.72161865234375,135088008,0.0,0.0
2015-01-02,413.1077321743,440.19675330508176,396.1770878164122,416.4938659667969,85386638,0.0,0.0
2015-01-02,416.49382499226624,426.6522253703766,402.94931575937983,406.33544921875,23157304,0.0,0.0
2015-01-02,409.72159730944253,416.49383986542813,396.17706298828125,396.17706298828125,18531463,0.0,0.0
2015-01-02,402.949302536415,409.7215692329203,369.08801826307547,372.4741516113281,54651625,0.0,0.0
2015-01-02,372.47414286358736,372.47414286358736,345.3851013183594,345.3851013183594,24647584,0.0,0.0
2015-01-02,355.5435335088843,375.8603103671913,355.5435335088843,369.0880432128906,43176904,0.0,0.0
2015-01-02,372.4741979743443,372.4741979743443,355.5435537302648,358.9296875,11349479,0.0,0.0
2015-01-02,362.3158123294573,362.3158123294573,348.77130126953125,348.77130126953125,9662885,0.0,0.0
2015-01-02,348.7712560760204,362.3157653808594,348.7712560760204,362.3157653808594,9388711,0.0,0.0
2015-01-02,365.70193043487393,365.70193043487393,352.15741996052964,358.9296875,7571994,0.0,0.0
2015-01-02,352.1573681294039,355.5435014007621,338.6128596485636,341.9989929199219,14521590,0.0,0.0
2015-01-02,318.296142578125,335.226787412936,304.7516316311956,318.296142578125,20990102,0.0,0.0
2015-01-02,304.7515985297954,355.54352751732887,304.7515985297954,338.6128845214844,61984089,0.0,0.0
2015-01-02,337.9356689453125,345.38515341840264,324.39115843185675,337.9356689453125,23998161,0.0,0.0
2015-01-02,341.9990089506846,358.9296514964852,341.9990089506846,355.54351806640625,39593353,0.0,0.0
2015-01-02,369.0880235869026,369.0880235869026,331.84060542804343,332.517822265625,73093442,0.0,0.0
2015-01-02,330.4861591523547,345.3851269570654,328.4544839612209,338.6128845214844,28125656,0.0,0.0
2015-01-02,337.2584501242847,341.99904230971754,333.1950994536831,335.90399169921875,17009754,0.0,0.0
2015-01-02,335.90399111779993,341.99904171774875,333.1950988769531,333.1950988769531,21309158,0.0,0.0
2015-01-02,335.2267742087373,338.61290796324306,333.1950988769531,333.1950988769531,11635796,0.0,0.0
2015-01-02,333.8723396636744,338.6129321799362,327.1000962749265,327.7773132324219,10968040,0.0,0.0
2015-01-02,331.84059319839645,331.84059319839645,321.6822179860813,323.0366516113281,4548101,0.0,0.0
2015-01-02,321.68219812328147,331.16335593754343,318.2960650600612,327.1000061035156,8889768,0.0,0.0
2015-01-02,329.1317468994194,335.90398977679826,326.42283006479084,333.872314453125,17822276,0.0,0.0
2015-01-02,331.8406299598753,331.8406299598753,326.4228210449219,326.4228210449219,6254934,0.0,0.0
2015-01-02,328.4544982910156,341.9990329622871,328.4544982910156,328.4544982910156,36223022,0.0,0.0
2015-01-02,331.840572708351,333.8722476253649,327.1000061035156,327.1000061035156,12273195,0.0,0.0
2015-01-02,326.42278488363075,328.4544599260938,323.0366516113281,323.0366516113281,5246096,0.0,0.0
2015-01-02,325.74556807100737,326.42278488363075,322.3594347987047,323.0366516113281,5162166,0.0,0.0
2015-01-02,323.03663166489656,334.5494890007637,323.03663166489656,327.1000061035156,15853770,0.0,0.0
2015-01-02,328.45446215267907,330.4861372089147,321.6822201667577,325.0683288574219,39220128,0.0,0.0
2015-01-02,325.0683288574219,325.0683288574219,321.6822201667577,325.0683288574219,4505838,0.0,0.0
2015-01-02,325.06833134989176,331.8405979923326,322.3594394556713,323.7138977050781,12025926,0.0,0.0
2015-01-02,323.7138926867698,362.3157430574046,322.35943445836017,345.3851013183594,119492578,0.0,0.0
2015-01-02,348.77123458708695,365.7018763261322,341.99899265422454,345.3851013183594,45404822,0.0,0.0
2015-01-02,345.385139944961,348.7712735923813,326.4228210449219,326.4228210449219,29697604,0.0,0.0
2015-01-02,326.422847940174,328.45452337510477,314.91001227403393,322.3594970703125,22153824,0.0,0.0
2015-01-02,325.06830888223607,345.38508280073677,321.6822003996455,329.1316833496094,43977878,0.0,0.0
2015-01-02,331.84057505660013,345.38508280073677,328.4544419694181,329.1316833496094,74914564,0.0,0.0
2015-01-02,329.1317391298031,336.5812233422817,325.06836397378197,325.74560546875,35827773,0.0,0.0
2015-01-02,329.80895602017546,333.1950896812286,325.74560546875,325.74560546875,40704812,0.0,0.0
2015-01-02,331.8406391294517,348.77128322979326,328.45450538846416,333.872314453125,151933115,0.0,0.0
2015-01-02,337.25840151316214,337.9356183257855,321.6822179860813,323.0366516113281,90765001,0.0,0.0
2015-01-02,324.3911437988281,333.19508630750386,321.6822516601716,324.3911437988281,45096123,0.0,0.0
2015-01-02,328.4544976348351,331.1634144055159,324.39114708340963,325.74560546875,36799942,0.0,0.0
2015-01-02,329.8089283855286,352.1573791503906,326.42279500819916,352.1573791503906,134749189,0.0,0.0
2015-01-02,355.543569101793,365.7019462455882,345.3851673534004,348.77130126953125,108332390,0.0,0.0
2015-01-02,355.5435014007621,358.9296346721204,333.87226814774345,341.9989929199219,114395771,0.0,0.0
2015-01-02,354.74709737658776,362.00328800474523,342.6534463296586,349.1033935546875,129249400,0.0,0.0
2015-01-02,351.52211919820536,351.52211919820536,341.0409550936717,341.8471984863281,51600700,0.0,0.0
2015-01-02,345.0721720569539,347.49090223492317,338.6222249157024,341.8471984863281,49671500,0.0,0.0
2015-01-02,338.622227381993,351.5221217584499,338.622227381993,345.87841796875,92644500,0.0,0.0
2015-01-02,341.04093710662767,342.6534238068954,314.4349065522099,315.24114990234375,409924600,0.0,0.0
2015-01-02,312.016149948466,322.49731260823364,306.37244697782194,320.0785827636719,332195700,0.0,0.0
2015-01-02,326.52852191826224,326.52852191826224,308.79117011035663,311.20989990234375,406350500,0.0,0.0
2015-01-02,311.2099585345411,312.8224453663263,307.1787414550781,307.1787414550781,302701600,0.0,0.0
2015-01-02,307.17871798597616,319.2723683003847,303.1475012145067,317.6598815917969,720207900,0.0,0.0
2015-01-02,322.4973643173906,322.4973643173906,303.14752245834717,303.9537658691406,485085100,0.0,0.0
2015-01-02,302.34121897863963,309.597408234127,299.9224892268105,304.75994873046875,182903400,0.0,0.0
2015-01-02,300.72871972724255,303.14744937652335,285.410098615131,289.4413146972656,327767900,0.0,0.0
2015-01-02,290.24755791369256,298.3099900779618,284.60385539870407,289.4413146972656,296208200,0.0,0.0
2015-01-02,291.0538609536846,295.08507786440043,286.21640066082557,287.02264404296875,190537000,0.0,0.0
2015-01-02,289.4413726201476,292.6663461312356,284.6039123535156,284.6039123535156,124761200,0.0,0.0
2015-01-02,284.6039437307438,291.0538914640185,284.6039437307438,286.2164306640625,101244200,0.0,0.0
2015-01-02,286.2164225139674,288.6351528450714,270.89779708364244,271.70404052734375,167618600,0.0,0.0
2015-01-02,270.091555857519,282.1852076123333,265.25409515559323,275.7352600097656,271625100,0.0,0.0
2015-01-02,278.15392296593467,278.96016622090843,267.6727606512763,268.47900390625,121115200,0.0,0.0
2015-01-02,268.47906166497916,271.7040353786726,262.0291142375923,262.8353576660156,122667400,0.0,0.0
2015-01-02,262.0290798079631,262.8353231304492,255.5791332280748,257.1916198730469,152795200,0.0,0.0
2015-01-02,255.579098832493,257.1915852604583,250.74163954859725,252.3541259765625,80733200,0.0,0.0
2015-01-02,254.77291624799037,258.80413327723073,250.74169921875,250.74169921875,84094200,0.0,0.0
2015-01-02,253.16041237967355,257.1916291373116,246.71046556745256,248.3229522705078,91520100,0.0,0.0
2015-01-02,251.54791653540826,305.5662191247427,249.12918656872165,299.9225158691406,486667100,0.0,0.0
2015-01-02,300.728776563485,306.3724801451053,278.96020560580644,279.7664489746094,518725900,0.0,0.0
2015-01-02,280.57272382588644,291.0538887963937,277.3477499888073,281.37896728515625,251767800,0.0,0.0
2015-01-02,281.37893935381356,291.053859904661,278.1539658368644,285.41015625,268731100,0.0,0.0
2015-01-02,287.82891845703125,292.6663792714352,286.2164315188966,287.82891845703125,180306300,0.0,0.0
2015-01-02,288.6351287148216,290.2476154674183,283.79766845703125,283.79766845703125,86910700,0.0,0.0
2015-01-02,285.4101475822855,286.2163909370377,270.09152384199336,272.51025390625,136904000,0.0,0.0
2015-01-02,269.2852834550161,270.0915268186539,253.96665954589844,253.96665954589844,140048700,0.0,0.0
2015-01-02,255.57913265588147,261.2228359006486,253.96664601451945,256.3853759765625,53602800,0.0,0.0
2015-01-02,257.99784097326807,271.70397627497294,257.1915977202266,267.6727600097656,134764100,0.0,0.0
2015-01-02,266.06026758719526,266.866510822308,258.80407847118084,260.41656494140625,57462400,0.0,0.0
2015-01-02,260.4166250258591,263.64159871038987,256.3854079201957,258.80413818359375,31459900,0.0,0.0
2015-01-02,262.0291118681245,264.4478421315226,257.99789476246104,258.80413818359375,54756100,0.0,0.0
2015-01-02,257.99789037459936,257.99789037459936,250.74169970781372,251.54794311523438,61456100,0.0,0.0
2015-01-02,251.54794311523435,251.54794311523435,251.54794311523435,251.54794311523438,0,0.0,0.0
2015-01-02,251.5479385829208,253.16042536870876,242.67926126108705,244.291748046875,46920300,0.0,0.0
2015-01-02,244.29171256372484,245.09795583951274,237.84176635742188,237.84176635742188,53848100,0.0,0.0
2015-01-02,233.81057579758274,237.03554925685975,229.7793589734865,231.391845703125,35165300,0.0,0.0
2015-01-02,233.81059217618,237.84180928266585,230.58561849099132,233.0043487548828,44956800,0.0,0.0
2015-01-02,234.6168273321473,248.3229650113449,234.6168273321473,244.291748046875,88748300,0.0,0.0
2015-01-02,249.1291778966,251.54790777909128,244.29171813161747,245.09796142578125,99791900,0.0,0.0
2015-01-02,243.48551895293681,247.51673615414438,240.26054519197075,242.6792755126953,32061200,0.0,0.0
2015-01-02,245.90419071172576,249.93540695290162,240.2604879740796,246.71043395996094,47135700,0.0,0.0
2015-01-02,248.322936415284,254.772882815681,246.71044981518477,247.51669311523438,96227700,0.0,0.0
2015-01-02,249.93542119076375,251.54790777909128,243.48547483745372,245.09796142578125,29679300,0.0,0.0
2015-01-02,245.09796202612705,249.12917850681993,245.09796202612705,245.90420532226562,104481700,0.0,0.0
2015-01-02,244.2917566032053,258.80413818359375,244.2917566032053,258.80413818359375,141364500,0.0,0.0
2015-01-02,260.4166216030242,262.83535183463124,253.16043090820312,253.16043090820312,130446500,0.0,0.0
2015-01-02,253.96668124843288,253.96668124843288,238.64805603027344,238.64805603027344,96322900,0.0,0.0
2015-01-02,239.45428719425834,245.90423432407002,239.45428719425834,243.48550415039062,40252100,0.0,0.0
2015-01-02,244.29176193237305,247.51673568725587,240.26054473876954,241.87303161621094,79060500,0.0,0.0
2015-01-02,240.2605264884274,242.67925662086122,237.03555297851562,237.03555297851562,60458100,0.0,0.0
2015-01-02,235.42306875783865,243.48550261940846,235.42306875783865,241.0667724609375,43796800,0.0,0.0
2015-01-02,241.0667744752991,248.3229650113449,238.64804429661717,244.291748046875,105459000,0.0,0.0
2015-01-02,245.90423432407002,246.71047771529646,241.8730173679377,243.48550415039062,78989700,0.0,0.0
2015-01-02,247.51673615414438,247.51673615414438,242.6792755126953,242.6792755126953,31152000,0.0,0.0
2015-01-02,239.4542764479114,264.44782045425904,237.035546382781,249.93544006347656,477566600,0.0,0.0
2015-01-02,252.35417281862289,259.61036309136284,251.5479294549851,253.96665954589844,162684600,0.0,0.0
2015-01-02,249.9354572660604,257.9978913714172,249.9354572660604,253.16043090820312,56490100,0.0,0.0
2015-01-02,253.9666743187388,257.1916479608815,252.35418749766743,253.16043090820312,62437900,0.0,0.0
2015-01-02,252.35415107325503,253.96663766158252,245.09796142578125,245.09796142578125,83417500,0.0,0.0
2015-01-02,245.904204719945,252.35415107325503,242.67923154328997,245.09796142578125,62812300,0.0,0.0
2015-01-02,246.71046556745256,250.74168232509066,245.0979788643973,248.3229522705078,46735900,0.0,0.0
2015-01-02,249.93545581290192,253.9666728421423,248.3229690012058,250.74169921875,64086200,0.0,0.0
2015-01-02,250.74170067659608,257.9978913714172,249.1292138555247,253.16043090820312,140885900,0.0,0.0
2015-01-02,256.3853799203726,266.8665432504507,256.3853799203726,262.0290832519531,327942900,0.0,0.0
2015-01-02,262.0290514116317,267.67275405742066,259.6103217062936,260.41656494140625,155592100,0.0,0.0
2015-01-02,262.02908547815946,270.09151887748743,261.22284213822667,265.2540588378906,210456000,0.0,0.0
2015-01-02,269.28524651584854,270.09148976889,264.4477869975998,267.6727600097656,104508600,0.0,0.0
2015-01-02,268.47903713248894,277.3477140347633,266.86655042298446,272.51025390625,168409500,0.0,0.0
2015-01-02,270.89779930783993,278.15399036072847,269.28531240719803,275.7352600097656,125354100,0.0,0.0
2015-01-02,278.1539934480771,283.7976976629656,278.1539934480771,281.37896728515625,132358600,0.0,0.0
2015-01-02,283.79769451297517,287.8289117645799,274.1227731091237,275.7352600097656,173114900,0.0,0.0
2015-01-02,276.5414739209552,282.1851774703625,274.92898719255317,277.34771728515625,76303600,0.0,0.0
2015-01-02,278.15396064935726,279.76644737775933,270.09152700734694,277.34771728515625,88723300,0.0,0.0
2015-01-02,278.9602087091116,284.6039123535156,278.15396533133963,284.6039123535156,192928300,0.0,0.0
2015-01-02,286.2163985859264,290.2476154674183,282.9914250807329,283.79766845703125,87018600,0.0,0.0
2015-01-02,286.21637375973864,291.8600769042969,284.6038871470077,291.8600769042969,133681100,0.0,0.0
2015-01-02,294.2788381024826,295.8913248866058,289.441377750113,292.6663513183594,90149700,0.0,0.0
2015-01-02,295.08508149454417,295.08508149454417,291.0538645342362,292.6663513183594,46310200,0.0,0.0
2015-01-02,294.27883961161626,299.92254338498975,291.86010942302767,295.0850830078125,120929200,0.0,0.0
2015-01-02,297.5038146972656,300.72878829831996,287.8288938941025,297.5038146972656,209251000,0.0,0.0
2015-01-02,299.1163014977928,299.9225448980564,295.8913278967384,297.5038146972656,42120400,0.0,0.0
2015-01-02,299.11629689534504,299.92254028320315,288.6351328531901,290.24761962890625,75692200,0.0,0.0
2015-01-02,290.2476221372003,297.50381269063035,287.0226485578981,294.2788391113281,86521500,0.0,0.0
2015-01-02,296.6975425802251,300.7287591913695,294.2788126135385,299.9225158691406,141657000,0.0,0.0
2015-01-02,301.53503169858357,302.3412750988472,295.8913278967384,297.5038146972656,68140700,0.0,0.0
2015-01-02,298.310055575528,299.11629896897534,293.47259521484375,293.47259521484375,39757400,0.0,0.0
2015-01-02,295.0850825061537,297.50381269063035,292.66635232167704,294.2788391113281,34092000,0.0,0.0
2015-01-02,294.27884680079666,308.7912282868633,290.2476297213337,307.1787414550781,269451600,0.0,0.0
2015-01-02,307.98492747067786,316.04736012697833,303.14746787689757,312.0161437988281,201450900,0.0,0.0
2015-01-02,313.62864007310895,327.33477601460726,313.62864007310895,324.9160461425781,240070400,0.0,0.0
2015-01-02,327.33478708854784,340.23468017578125,327.33478708854784,340.23468017578125,262811800,0.0,0.0
2015-01-02,341.8471984863281,349.1033890202361,340.23471170101527,341.8471984863281,213480900,0.0,0.0
2015-01-02,342.65344187898455,345.0721720569539,336.2034947377331,341.8471984863281,105128700,0.0,0.0
2015-01-02,344.26593881671346,361.1970505617977,342.6534519838483,358.7783203125,204053600,0.0,0.0
2015-01-02,358.77829620561664,372.48443336403346,360.39078293013625,368.4532165527344,210882300,0.0,0.0
2015-01-02,370.065670190268,370.8719134804429,361.1969939983444,365.22821044921875,105398200,0.0,0.0
2015-01-02,365.2282441581776,376.5156512624038,362.8095140644148,370.0657043457031,128412100,0.0,0.0
2015-01-02,374.09692223935735,375.7094089731477,370.06570540488156,371.6781921386719,87605400,0.0,0.0
2015-01-02,374.90317236019087,386.9968230814873,373.29068559735134,382.15936279296875,218746000,0.0,0.0
2015-01-02,382.1593607151762,387.80306435442986,378.93438720703125,378.93438720703125,142980500,0.0,0.0
2015-01-02,379.7406005859375,383.7718171526672,378.93435727259157,379.7406005859375,54751400,0.0,0.0
2015-01-02,379.740598825308,382.1593287541316,374.90313896766077,377.3218688964844,41565800,0.0,0.0
2015-01-02,374.90316399320244,379.7406241737599,369.25946044921875,369.25946044921875,103271100,0.0,0.0
2015-01-02,369.2594609811155,372.4844344394659,355.55332378312653,370.0657043457031,131272400,0.0,0.0
2015-01-02,370.8719153153269,377.3218616686369,367.6469421386719,367.6469421386719,80692300,0.0,0.0
2015-01-02,370.0656773721018,375.7093805128528,369.2594340662802,374.90313720703125,74741300,0.0,0.0
2015-01-02,374.9032283651418,378.9344458744444,373.2907413614207,374.09698486328125,55089500,0.0,0.0
2015-01-02,373.2906788724622,374.09692223935735,369.25946203798634,371.6781921386719,95510800,0.0,0.0
2015-01-02,375.70939978027343,407.1528903198242,373.2906697387695,403.1216735839844,323920800,0.0,0.0
2015-01-02,403.1216735839844,411.1841070556641,402.3154302368164,403.1216735839844,127634300,0.0,0.0
2015-01-02,407.152900989239,423.2777683551495,407.152900989239,419.2465515136719,102176800,0.0,0.0
2015-01-02,423.2777893066406,503.9021301269531,423.2777893066406,503.9021301269531,474393800,0.0,0.0
2015-01-02,503.90211001847143,572.4327969809835,495.8396762581759,520.0269775390625,638944600,0.0,0.0
2015-01-02,524.0581449350916,552.2766604315966,515.9957119360902,536.1517944335938,211665800,0.0,0.0
2015-01-02,540.1830444335938,560.3391281811159,536.1518276840893,540.1830444335938,143049200,0.0,0.0
2015-01-02,540.1830444335938,540.1830444335938,540.1830444335938,540.1830444335938,0,0.0,0.0
2015-01-02,540.1830444335938,540.1830444335938,540.1830444335938,540.1830444335938,0,0.0,0.0
2015-01-02,540.1830444335938,540.1830444335938,540.1830444335938,540.1830444335938,0,0.0,0.0
2015-01-02,540.1830444335938,540.1830444335938,540.1830444335938,540.1830444335938,0,0.0,0.0
2015-01-02,540.1830444335938,540.1830444335938,540.1830444335938,540.1830444335938,0,0.0,0.0
2015-01-02,584.5264561971029,596.620107014974,572.4328053792318,580.4952392578125,115000000,0.0,0.0
2015-01-02,580.4952392578125,592.5888900756836,576.4640223185221,580.4952392578125,92965600,0.0,0.0
2015-01-02,580.4952059659091,584.5264226740057,572.4327725497159,576.4639892578125,51002700,0.0,0.0
2015-01-02,580.4952059659091,584.5264226740057,572.4327725497159,576.4639892578125,54684400,0.0,0.0
2015-01-02,576.4639836304577,580.4952002992022,556.3079002867354,568.4015502929688,93651300,0.0,0.0
2015-01-02,568.4015781947545,580.4952287946429,564.370361328125,564.370361328125,46142800,0.0,0.0
2015-01-02,572.4328151393581,600.6513341955236,564.3703811233108,596.6201171875,242736600,0.0,0.0
2015-01-02,604.6825007388467,624.8385840968082,592.5888507240697,612.7449340820312,206397900,0.0,0.0
2015-01-02,620.8073956824296,628.8698293925911,596.6200945519454,608.7137451171875,115450800,0.0,0.0
2015-01-02,616.7762361052853,616.7762361052853,596.6201499580537,600.6513671875,46002800,0.0,0.0
2015-01-02,596.6200727982955,628.8698064630682,588.5576393821023,620.807373046875,137767700,0.0,0.0
2015-01-02,624.8386362436655,628.8698532516892,588.5576831714527,596.6201171875,177916300,0.0,0.0
2015-01-02,592.5889479946082,604.6825999944982,564.3704266615317,572.432861328125,266911700,0.0,0.0
2015-01-02,576.4640786614217,588.5577306613117,572.432861328125,572.432861328125,75196900,0.0,0.0
2015-01-02,576.4639892578125,588.5576393821023,568.4015558416194,576.4639892578125,45063400,0.0,0.0
2015-01-02,576.4639836304577,580.4952002992022,568.4015502929688,568.4015502929688,37171900,0.0,0.0
2015-01-02,568.4016306260053,572.4328478644876,544.2143271951114,548.2455444335938,105406500,0.0,0.0
2015-01-02,556.3079552959194,564.370389430643,552.2767382285577,560.3391723632812,59276500,0.0,0.0
2015-01-02,564.370389430643,572.4328235653664,556.3079552959194,560.3391723632812,26878200,0.0,0.0
2015-01-02,564.3703099300986,564.3703099300986,536.1517944335938,536.1517944335938,68592400,0.0,0.0
2015-01-02,532.1206665039062,548.2455351858428,524.058232162938,532.1206665039062,56372700,0.0,0.0
2015-01-02,532.1205998347356,544.2142498309796,524.0581665039062,524.0581665039062,30408600,0.0,0.0
2015-01-02,524.0581944192103,528.0894112993581,503.90211001847143,520.0269775390625,80636700,0.0,0.0
2015-01-02,528.0894775390625,536.1519123106513,524.0582601532681,528.0894775390625,43434800,0.0,0.0
2015-01-02,532.1206754796646,564.370413387523,524.0582410026999,548.2455444335938,137663900,0.0,0.0
2015-01-02,552.2766946821071,556.3079114316115,536.1518276840893,540.1830444335938,41435200,0.0,0.0
2015-01-02,540.1830444335938,552.2766946821071,532.1206109345849,540.1830444335938,64263000,0.0,0.0
2015-01-02,540.1830331655649,544.2142498309796,524.0581665039062,524.0581665039062,81217000,0.0,0.0
2015-01-02,524.0581944192103,540.1830619398014,515.9957606589147,520.0269775390625,49958500,0.0,0.0
2015-01-02,515.9957331730769,536.1518165001503,515.9957331730769,524.0581665039062,96986700,0.0,0.0
2015-01-02,524.0581665039062,532.1205998347356,524.0581665039062,524.0581665039062,19928400,0.0,0.0
2015-01-02,532.1206434461806,552.2767284252026,532.1206434461806,544.2142944335938,124156100,0.0,0.0
2015-01-02,552.2767284252026,560.3391624168113,536.1518604419849,544.2142944335938,108677500,0.0,0.0
2015-01-02,548.2454779326026,552.2766946821071,536.1518276840893,540.1830444335938,75294200,0.0,0.0
2015-01-02,548.2455084813785,588.5576782226562,540.1830745331229,588.5576782226562,325910000,0.0,0.0
2015-01-02,588.5576731363932,596.620107014974,576.4640223185221,580.4952392578125,145568300,0.0,0.0
2015-01-02,568.4015502929688,584.5264169679466,568.4015502929688,568.4015502929688,47598400,0.0,0.0
2015-01-02,564.3703844947536,580.4952526231751,552.2767333984375,552.2767333984375,63735900,0.0,0.0
2015-01-02,548.245521161196,568.4016064980046,548.245521161196,560.3391723632812,68210800,0.0,0.0
2015-01-02,560.3391428562189,628.8698293925911,560.3391428562189,608.7137451171875,372193000,0.0,0.0
2015-01-02,608.7137970178306,616.7762314154178,584.5264938250691,592.5889282226562,213331800,0.0,0.0
2015-01-02,596.6200618489584,612.7449283854166,592.5888452148438,604.6824951171875,96659700,0.0,0.0
2015-01-02,604.6825798190371,612.7450142166242,592.5889282226562,592.5889282226562,62111200,0.0,0.0
2015-01-02,588.5576831714527,608.7137682115709,588.5576831714527,596.6201171875,108101800,0.0,0.0
2015-01-02,588.5576782226562,600.6513291450397,588.5576782226562,588.5576782226562,39292500,0.0,0.0
2015-01-02,588.5576782226562,604.6825461191673,568.4015933520174,588.5576782226562,190710000,0.0,0.0
2015-01-02,588.5577110238627,600.6513626202435,588.5577110238627,592.5889282226562,70339400,0.0,0.0
2015-01-02,596.620107014974,600.6513239542643,580.4952392578125,580.4952392578125,58690300,0.0,0.0
2015-01-02,580.4952392578125,596.620107014974,580.4952392578125,580.4952392578125,105793700,0.0,0.0
2015-01-02,584.5264282226562,592.5888617153826,580.4952114762931,584.5264282226562,77622700,0.0,0.0
2015-01-02,584.5264226740057,588.5576393821023,572.4327725497159,576.4639892578125,52925500,0.0,0.0
2015-01-02,588.5576831714527,604.6825512035473,584.5264661634291,596.6201171875,97283800,0.0,0.0
2015-01-02,596.620067395662,620.8073674252158,596.620067395662,612.7449340820312,167191500,0.0,0.0
2015-01-02,616.7761403209759,649.0258731482164,616.7761403209759,640.9634399414062,317276500,0.0,0.0
2015-01-02,644.9946789863782,653.0571124737079,624.8385952680538,628.8698120117188,128161700,0.0,0.0
2015-01-02,624.8385952680538,649.0258957300431,624.8385952680538,628.8698120117188,106108800,0.0,0.0
2015-01-02,624.8386819022043,677.2445068359375,616.7762472970145,677.2445068359375,246508200,0.0,0.0
2015-01-02,685.3069324028202,693.3693669016768,661.11962890625,661.11962890625,205125400,0.0,0.0
2015-01-02,661.1195959547546,677.244464148773,653.0571618577454,657.08837890625,86845500,0.0,0.0
2015-01-02,661.1195571899414,669.1819908142089,640.9634731292724,644.9946899414062,116455000,0.0,0.0
2015-01-02,644.9946952160494,665.150779441551,644.9946952160494,653.05712890625,84733600,0.0,0.0
2015-01-02,653.05712890625,661.1195625964507,649.0259120611497,653.05712890625,47500000,0.0,0.0
2015-01-02,653.0570955454192,657.0883121845885,640.9634456279115,649.02587890625,86706500,0.0,0.0
2015-01-02,653.0570955454192,669.1819621020962,649.02587890625,649.02587890625,167766300,0.0,0.0
2015-01-02,657.0883121845885,661.1195288237577,644.9946622670807,649.02587890625,83661400,0.0,0.0
2015-01-02,653.0570897516214,657.0883063550265,640.9634399414062,640.9634399414062,67612200,0.0,0.0
2015-01-02,649.02587890625,657.0883121845885,644.9946622670807,649.02587890625,59986500,0.0,0.0
2015-01-02,653.0571944073934,677.2444979039634,653.0571944073934,661.11962890625,174220800,0.0,0.0
2015-01-02,669.1820634051068,677.2444979039634,657.0884116568217,661.11962890625,93098700,0.0,0.0
2015-01-02,669.1820300517638,669.1820300517638,657.08837890625,657.08837890625,67770300,0.0,0.0
2015-01-02,661.1195959547546,665.1508130032591,653.0571618577454,657.08837890625,47327400,0.0,0.0
2015-01-02,657.0883457513503,665.150779441551,649.0259120611497,653.05712890625,55656500,0.0,0.0
2015-01-02,657.0883403778075,661.1195571899414,644.9946899414062,644.9946899414062,61905100,0.0,0.0
2015-01-02,649.0258731482164,653.0570897516214,640.9634399414062,640.9634399414062,48499400,0.0,0.0
2015-01-02,644.994644657258,644.994644657258,624.8385620117188,624.8385620117188,94911000,0.0,0.0
2015-01-02,628.8698120117188,636.9322454990485,624.8385952680538,628.8698120117188,35244700,0.0,0.0
2015-01-02,628.869794921875,636.9322281901042,592.5888452148438,604.6824951171875,91354200,0.0,0.0
2015-01-02,608.7137451171875,616.776178827349,604.6825282621068,608.7137451171875,36866600,0.0,0.0
2015-01-02,608.7137602787868,636.9322789672074,608.7137602787868,632.9010620117188,86405800,0.0,0.0
2015-01-02,640.9635291763499,657.0883978348744,624.8386605178254,636.9323120117188,165363700,0.0,0.0
2015-01-02,640.9634281281502,644.994644657258,624.8385620117188,624.8385620117188,44983000,0.0,0.0
2015-01-02,628.8698347503064,632.9010516397315,612.7449671926063,616.7761840820312,50774000,0.0,0.0
2015-01-02,620.8073454826109,636.9322115990423,612.7449124243951,624.8385620117188,46795700,0.0,0.0
2015-01-02,624.8385897549716,632.9010231711648,616.7761563387784,620.807373046875,23403100,0.0,0.0
2015-01-02,624.8385782877604,624.8385782877604,600.6512784830729,604.6824951171875,71501200,0.0,0.0
2015-01-02,604.6825062144886,604.6825062144886,572.4327725497159,576.4639892578125,84492400,0.0,0.0
2015-01-02,580.4952059659091,588.5576393821023,560.3391224254261,576.4639892578125,90657700,0.0,0.0
2015-01-02,576.4640223185221,592.5888900756836,576.4640223185221,580.4952392578125,43714700,0.0,0.0
2015-01-02,580.4952287946429,584.5264456612723,560.3391444614956,564.370361328125,47292300,0.0,0.0
2015-01-02,564.370361328125,576.4640119280134,552.2767107282366,564.370361328125,40827700,0.0,0.0
2015-01-02,576.4639836304577,580.4952002992022,568.4015502929688,568.4015502929688,42367500,0.0,0.0
2015-01-02,572.4327669617132,576.4639836304577,564.3703336242244,568.4015502929688,27145500,0.0,0.0
2015-01-02,576.4639836304577,576.4639836304577,564.3703336242244,568.4015502929688,14784800,0.0,0.0
2015-01-02,572.432795061384,572.432795061384,560.3391444614956,564.370361328125,34908400,0.0,0.0
2015-01-02,564.3703560207201,568.4015728494395,556.3079223632812,556.3079223632812,23436500,0.0,0.0
2015-01-02,556.3079294603925,556.3079294603925,520.0269775390625,520.0269775390625,74147700,0.0,0.0
2015-01-02,520.0269640030399,520.0269640030399,495.83966335173574,499.8708801269531,55683200,0.0,0.0
2015-01-02,499.8708610534668,515.9957275390625,499.8708610534668,515.9957275390625,47804500,0.0,0.0
2015-01-02,515.99578125,528.0894323730469,503.9021301269531,503.9021301269531,51163300,0.0,0.0
2015-01-02,507.93334716796875,511.96456420898437,495.8396960449219,503.9021301269531,18301900,0.0,0.0
2015-01-02,507.93334716796875,511.96456420898437,499.8709130859375,503.9021301269531,20196900,0.0,0.0
2015-01-02,503.90206243758814,540.1830109330945,499.8708459380874,536.1517944335938,103373200,0.0,0.0
2015-01-02,544.2142944335938,568.4015964084201,540.1830774377894,544.2142944335938,127206700,0.0,0.0
2015-01-02,552.2766604315966,556.3078769310973,536.1517944335938,536.1517944335938,45387900,0.0,0.0
2015-01-02,532.1206281795058,548.245495700097,515.9957606589147,520.0269775390625,40092100,0.0,0.0
2015-01-02,520.0269553444602,628.8698064630682,507.9333052201705,620.807373046875,504324900,0.0,0.0
2015-01-02,632.9010067345961,653.0570897516214,612.7449237175707,640.9634399414062,351019700,0.0,0.0
2015-01-02,653.057079636907,685.3068119646555,653.057079636907,669.1819458007812,441474400,0.0,0.0
2015-01-02,665.1508461556783,685.3069324028202,649.0259771579649,661.11962890625,279351200,0.0,0.0
2015-01-02,669.1819621020962,673.2131787412654,649.02587890625,649.02587890625,126934100,0.0,0.0
2015-01-02,653.057079636907,693.3692450465926,644.9946465549699,669.1819458007812,397881200,0.0,0.0
2015-01-02,665.1507395618366,681.275605975457,636.9322233380011,640.9634399414062,220020500,0.0,0.0
2015-01-02,644.994746340981,653.0571806702433,620.8074433531942,636.9323120117188,102494300,0.0,0.0
2015-01-02,640.9634731292724,661.1195571899414,632.9010395050049,644.9946899414062,87401100,0.0,0.0
2015-01-02,649.0259635056121,653.0571806702433,632.9010948470876,636.9323120117188,40937600,0.0,0.0
2015-01-02,644.9946465549699,673.2131623417498,636.9322134730328,669.1819458007812,378940600,0.0,0.0
2015-01-02,665.1508549281529,697.4005933489118,653.0572030203683,677.2445068359375,411468100,0.0,0.0
2015-01-02,681.2755954236869,685.3068119646555,665.1507292598127,669.1819458007812,116043400,0.0,0.0
2015-01-02,669.1819121389677,677.2443448153409,661.1194794625947,665.1506958007812,96521300,0.0,0.0
2015-01-02,669.1819790594592,685.3068460247474,665.1507623181371,673.2131958007812,233367300,0.0,0.0
2015-01-02,677.2443788827184,681.2755954236869,661.1195127188441,669.1819458007812,101209600,0.0,0.0
2015-01-02,669.1819121389677,673.2131284771543,661.1194794625947,665.1506958007812,47547700,0.0,0.0
2015-01-02,669.1819962866513,669.1819962866513,644.9946952160494,653.05712890625,58552300,0.0,0.0
2015-01-02,653.0571944073934,673.2132806545351,649.0259771579649,661.11962890625,67782000,0.0,0.0
2015-01-02,661.1196376255581,677.2445068359375,661.1196376255581,677.2445068359375,95607700,0.0,0.0
2015-01-02,677.2444125421033,681.2756292834254,669.1819790594592,673.2131958007812,72098900,0.0,0.0
2015-01-02,673.2132895333426,681.2757241385324,665.1508549281529,677.2445068359375,104685700,0.0,0.0
2015-01-02,677.2444921875,725.6190987723214,677.2444921875,705.4630126953125,427882900,0.0,0.0
2015-01-02,709.4942252980492,717.5566596764361,693.3693565412754,697.4005737304688,74901000,0.0,0.0
2015-01-02,701.4317449644292,721.5878295898438,693.3693111142633,721.5878295898438,182704100,0.0,0.0
2015-01-02,721.5878017849392,749.806319173177,713.5253682454427,725.6190185546875,182576500,0.0,0.0
2015-01-02,725.6190185546875,737.7126688639322,717.556585015191,725.6190185546875,124615400,0.0,0.0
2015-01-02,721.5878577071629,745.7751602001404,705.4629893785112,717.556640625,221275500,0.0,0.0
2015-01-02,717.556650015024,737.7127356896034,705.4629986102765,733.6815185546875,113935700,0.0,0.0
2015-01-02,737.7127356896034,741.7439528245193,717.556650015024,733.6815185546875,142260400,0.0,0.0
2015-01-02,737.7127356896034,745.7751699594351,729.6503014197716,733.6815185546875,144103500,0.0,0.0
2015-01-02,737.7127260358146,737.7127260358146,697.4005552141854,717.556640625,168970200,0.0,0.0
2015-01-02,725.6190465149267,729.6502634400097,709.494178814595,721.5878295898438,130109100,0.0,0.0
2015-01-02,713.5253682454427,733.681452094184,697.4005011664497,725.6190185546875,133914300,0.0,0.0
2015-01-02,725.6191033832098,733.6815378652454,709.4942344191385,713.5254516601562,83387400,0.0,0.0
2015-01-02,713.5254516601562,733.6815378652454,709.4942344191385,713.5254516601562,130221700,0.0,0.0
2015-01-02,717.5565123124557,725.6189450350674,701.4316468672318,709.4940795898438,68695000,0.0,0.0
2015-01-02,709.4941514756944,745.7751024034288,709.4941514756944,725.6190185546875,127935600,0.0,0.0
2015-01-02,729.6502353244357,733.681452094184,717.556585015191,725.6190185546875,34541100,0.0,0.0
2015-01-02,725.6190747893259,733.6815089536517,717.556640625,717.556640625,30702600,0.0,0.0
2015-01-02,729.6503014197716,737.7127356896034,721.5878671499399,733.6815185546875,76454500,0.0,0.0
2015-01-02,737.71262113131,798.180868765024,733.6814046223958,786.0872192382812,540027600,0.0,0.0
2015-01-02,790.1185252396102,798.1809591706266,765.9312234465609,782.0560913085938,235396300,0.0,0.0
2015-01-02,782.0560581029389,790.118491691629,773.9936245142487,778.0248413085938,52239300,0.0,0.0
2015-01-02,782.0560686915054,810.2745866339824,773.9936349936547,794.1497192382812,184406700,0.0,0.0
2015-01-02,798.180868765024,802.2120852739382,786.0872192382812,786.0872192382812,46960100,0.0,0.0
2015-01-02,786.0873082741019,790.1185252396102,778.0248743430856,782.0560913085938,77320900,0.0,0.0
2015-01-02,778.0247742018774,786.0872070951611,765.9311248619518,769.9623413085938,58240900,0.0,0.0
2015-01-02,757.8687573368686,778.0248413085938,757.8687573368686,778.0248413085938,58494500,0.0,0.0
2015-01-02,778.0248413085938,786.0872748972839,769.9624077199037,778.0248413085938,47397300,0.0,0.0
2015-01-02,782.0560862223307,782.0560862223307,773.99365234375,773.99365234375,20850600,0.0,0.0
2015-01-02,778.0248692830404,790.1185201009115,769.9624354044596,773.99365234375,47380800,0.0,0.0
2015-01-02,778.0248641164679,786.0872979415091,761.8999964663857,765.9312133789062,52673800,0.0,0.0
2015-01-02,761.9000244140625,778.02489265563,757.8688073536706,761.9000244140625,46448400,0.0,0.0
2015-01-02,757.8687527126735,761.8999694824219,721.5878017849392,725.6190185546875,146916800,0.0,0.0
2015-01-02,725.6189450350674,729.6501613963734,705.4628632285378,709.4940795898438,67959800,0.0,0.0
2015-01-02,705.462961889512,729.6502634400097,693.3693111142633,721.5878295898438,68821900,0.0,0.0
2015-01-02,729.6503206242276,729.6503206242276,709.4942344191385,713.5254516601562,91495400,0.0,0.0
2015-01-02,713.5253516887797,729.6502183936108,701.4317016601562,701.4317016601562,41865600,0.0,0.0
2015-01-02,701.4317909196623,717.5566596764361,693.3693565412754,697.4005737304688,33456000,0.0,0.0
2015-01-02,693.3693654550672,717.5566689011741,685.3069309730314,713.5254516601562,52606200,0.0,0.0
2015-01-02,713.5253459131995,717.5565625567768,685.3068294081577,693.3692626953125,38139400,0.0,0.0
2015-01-02,693.3692291438231,709.4940949378655,689.3380126953125,689.3380126953125,28303600,0.0,0.0
2015-01-02,689.3380403406479,697.4004735610064,685.3068237304688,685.3068237304688,18819500,0.0,0.0
2015-01-02,693.3693381320224,721.5878577071629,689.3381210498595,717.556640625,43766900,0.0,0.0
2015-01-02,717.5566126647608,729.6502634400097,713.525395739678,721.5878295898438,54890000,0.0,0.0
2015-01-02,729.6502634400097,729.6502634400097,717.5566126647608,721.5878295898438,56281600,0.0,0.0
2015-01-02,721.5878295898438,721.5878295898438,721.5878295898438,721.5878295898438,0,0.0,0.0
2015-01-02,721.5878861421919,721.5878861421919,705.4630171781206,713.5254516601562,3577900,0.0,0.0
2015-01-02,713.5254424872426,729.6503112440165,697.4005737304688,697.4005737304688,34615900,0.0,0.0
2015-01-02,705.462918336364,713.5253516887797,697.4004849839484,701.4317016601562,22442900,0.0,0.0
2015-01-02,709.4942252980492,713.5254424872426,697.4005737304688,697.4005737304688,31596400,0.0,0.0
2015-01-02,701.4316620408443,705.4628784893549,685.3067962468019,689.3380126953125,28355600,0.0,0.0
2015-01-02,689.3381393520818,705.4630081088557,689.3381393520818,697.4005737304688,25951400,0.0,0.0
2015-01-02,705.4630126953125,709.4942299107142,697.4005782645089,705.4630126953125,54071100,0.0,0.0
2015-01-02,701.4317909196623,709.4942252980492,697.4005737304688,697.4005737304688,26714800,0.0,0.0
2015-01-02,713.525378683339,741.743896484375,713.525378683339,741.743896484375,249158500,0.0,0.0
2015-01-02,741.7437953211327,749.8062278789711,725.6189302054559,729.650146484375,94797700,0.0,0.0
2015-01-02,733.6814803650925,737.7126972901755,721.5878295898438,721.5878295898438,48280000,0.0,0.0
2015-01-02,721.5878295898438,729.6502634400097,717.5566126647608,721.5878295898438,31798300,0.0,0.0
2015-01-02,721.5878017849392,737.7126688639322,717.556585015191,725.6190185546875,163836300,0.0,0.0
2015-01-02,729.6503206242276,733.6815378652454,713.5254516601562,713.5254516601562,65489900,0.0,0.0
2015-01-02,713.5254424872426,717.5566596764361,697.4005737304688,697.4005737304688,87451000,0.0,0.0
2015-01-02,697.400478576281,701.4316952154503,644.9946622670807,649.02587890625,274193800,0.0,0.0
2015-01-02,653.0570955454192,661.1195288237577,644.9946622670807,649.02587890625,99975500,0.0,0.0
2015-01-02,653.05712890625,657.0883457513503,640.9634783709491,653.05712890625,74909100,0.0,0.0
2015-01-02,644.9946622670807,653.0570955454192,640.9634456279115,649.02587890625,57687700,0.0,0.0
2015-01-02,649.02590675354,653.0571235656738,640.9634731292724,644.9946899414062,68393700,0.0,0.0
2015-01-02,649.02590675354,661.1195571899414,640.9634731292724,644.9946899414062,101645300,0.0,0.0
2015-01-02,653.05712890625,657.0883457513503,644.9946952160494,653.05712890625,69998700,0.0,0.0
2015-01-02,657.0884203229632,681.2757241385324,653.0572030203683,677.2445068359375,162025700,0.0,0.0
2015-01-02,685.3068119646555,693.3692450465926,669.1819458007812,669.1819458007812,73688300,0.0,0.0
2015-01-02,669.1820300517638,673.2132471002684,653.0571618577454,657.08837890625,36778500,0.0,0.0
2015-01-02,657.0883121845885,661.1195288237577,649.02587890625,649.02587890625,28704900,0.0,0.0
2015-01-02,653.0570955454192,657.0883121845885,640.9634456279115,649.02587890625,31882400,0.0,0.0
2015-01-02,649.02590675354,657.0883403778075,644.9946899414062,644.9946899414062,36337000,0.0,0.0
2015-01-02,649.0259120611497,657.0883457513503,644.9946952160494,653.05712890625,28055200,0.0,0.0
2015-01-02,661.1195625964507,661.1195625964507,653.05712890625,653.05712890625,28476300,0.0,0.0
2015-01-02,657.0883403778075,657.0883403778075,644.9946899414062,644.9946899414062,36332700,0.0,0.0
2015-01-02,644.9946899414062,644.9946899414062,644.9946899414062,644.9946899414062,0,0.0,0.0
2015-01-02,649.02590675354,653.0571235656738,644.9946899414062,644.9946899414062,26544400,0.0,0.0
2015-01-02,649.0258731482164,649.0258731482164,640.9634399414062,640.9634399414062,17888100,0.0,0.0
2015-01-02,640.9634959226961,644.9947128781847,628.8698450562301,632.9010620117188,45617300,0.0,0.0
2015-01-02,632.9010948470876,653.0571806702433,628.8698776824565,636.9323120117188,63762800,0.0,0.0
2015-01-02,636.9322789672074,644.9947128781847,632.9010620117188,632.9010620117188,23326100,0.0,0.0
2015-01-02,636.9322789672074,636.9322789672074,628.8698450562301,632.9010620117188,19677800,0.0,0.0
2015-01-02,632.9010516397315,636.9322685291565,616.7761840820312,616.7761840820312,25128900,0.0,0.0
2015-01-02,620.8074192356419,624.8386362436655,596.6201171875,596.6201171875,58062400,0.0,0.0
2015-01-02,596.6201499580537,620.8074533347316,596.6201499580537,600.6513671875,59062300,0.0,0.0
2015-01-02,612.7449283854166,616.7761450195312,600.6512784830729,604.6824951171875,47113700,0.0,0.0
2015-01-02,612.7449396306819,632.9010231711648,604.6825062144886,620.807373046875,65126800,0.0,0.0
2015-01-02,620.8073956824296,620.8073956824296,608.7137451171875,608.7137451171875,27159000,0.0,0.0
2015-01-02,608.7137174104389,620.8073674252158,604.6825007388467,612.7449340820312,31431800,0.0,0.0
2015-01-02,612.7449283854166,612.7449283854166,600.6512784830729,604.6824951171875,13194100,0.0,0.0
2015-01-02,600.6513291450397,604.6825461191673,584.5264612485284,588.5576782226562,29069300,0.0,0.0
2015-01-02,584.5264938250691,600.6513626202435,576.464059427482,592.5889282226562,70456200,0.0,0.0
2015-01-02,596.6201121709119,596.6201121709119,584.5264612485284,588.5576782226562,12387900,0.0,0.0
2015-01-02,588.5576449690194,596.6200784617457,584.5264282226562,584.5264282226562,17603800,0.0,0.0
2015-01-02,588.5576336366911,592.5888503054356,568.4015502929688,568.4015502929688,53558600,0.0,0.0
2015-01-02,568.4016064980046,572.4328235653664,556.3079552959194,560.3391723632812,35648700,0.0,0.0
2015-01-02,564.3703391335227,584.5264226740057,564.3703391335227,576.4639892578125,54707700,0.0,0.0
2015-01-02,580.4952007092928,628.8698007684005,580.4952007092928,612.7449340820312,141376300,0.0,0.0
2015-01-02,620.8073674252158,628.8698007684005,604.6825007388467,612.7449340820312,46958900,0.0,0.0
2015-01-02,616.7761450195312,616.7761450195312,596.6200618489584,604.6824951171875,22188200,0.0,0.0
2015-01-02,600.6513341955236,600.6513341955236,592.5889001794764,596.6201171875,15535300,0.0,0.0
2015-01-02,596.6201499580537,608.7138016463927,596.6201499580537,600.6513671875,15433100,0.0,0.0
2015-01-02,604.6825461191673,604.6825461191673,588.5576782226562,588.5576782226562,16775200,0.0,0.0
2015-01-02,588.5576731363932,592.5888900756836,572.4328053792318,580.4952392578125,13391800,0.0,0.0
2015-01-02,588.5577154991611,600.6513671875,580.4952810402685,600.6513671875,21848400,0.0,0.0
2015-01-02,604.682511954472,604.682511954472,584.5264282226562,584.5264282226562,16325800,0.0,0.0
2015-01-02,584.5264612485284,596.6201121709119,584.5264612485284,588.5576782226562,12350500,0.0,0.0
2015-01-02,592.5888560901989,596.6200727982955,576.4639892578125,576.4639892578125,22045400,0.0,0.0
2015-01-02,580.4952392578125,588.5576731363932,576.4640223185221,580.4952392578125,24341900,0.0,0.0
2015-01-02,584.526513328015,588.5577306613117,572.432861328125,572.432861328125,23488800,0.0,0.0
2015-01-02,580.4952059659091,580.4952059659091,572.4327725497159,576.4639892578125,11373700,0.0,0.0
2015-01-02,572.4327725497159,588.5576393821023,572.4327725497159,576.4639892578125,21113000,0.0,0.0
2015-01-02,576.4639836304577,584.5264169679466,568.4015502929688,568.4015502929688,14646900,0.0,0.0
2015-01-02,572.432795061384,576.4640119280134,564.370361328125,564.370361328125,11258400,0.0,0.0
2015-01-02,568.4015612372036,588.5576449690194,564.3703444908405,584.5264282226562,40154800,0.0,0.0
2015-01-02,588.5577110238627,600.6513626202435,584.5264938250691,592.5889282226562,32527700,0.0,0.0
2015-01-02,592.5888900756836,600.6513239542643,576.4640223185221,580.4952392578125,16084400,0.0,0.0
2015-01-02,580.4952959947183,584.526513328015,568.4016439948283,572.432861328125,17214600,0.0,0.0
2015-01-02,572.432861328125,572.432861328125,572.432861328125,572.432861328125,0,0.0,0.0
2015-01-02,572.432795061384,576.4640119280134,560.3391444614956,564.370361328125,29325100,0.0,0.0
2015-01-02,564.370361328125,568.4015781947545,560.3391444614956,564.370361328125,23755000,0.0,0.0
2015-01-02,564.370361328125,568.4015781947545,560.3391444614956,564.370361328125,18629700,0.0,0.0
2015-01-02,564.370361328125,568.4015781947545,560.3391444614956,564.370361328125,17763500,0.0,0.0
2015-01-02,564.370389430643,564.370389430643,556.3079552959194,560.3391723632812,16444000,0.0,0.0
2015-01-02,560.3391723632812,576.4640406327281,560.3391723632812,560.3391723632812,44285700,0.0,0.0
2015-01-02,568.401601526859,568.401601526859,552.2767333984375,552.2767333984375,26785400,0.0,0.0
2015-01-02,552.2766604315966,564.3703099300986,532.120577934093,536.1517944335938,39252200,0.0,0.0
2015-01-02,540.1830619398014,540.1830619398014,520.0269775390625,520.0269775390625,33320500,0.0,0.0
2015-01-02,515.9957527281746,515.9957527281746,503.902102273608,507.9333190917969,32981900,0.0,0.0
2015-01-02,507.93329429626465,532.1205940246582,507.93329429626465,515.9957275390625,35290200,0.0,0.0
2015-01-02,520.0269695463635,528.0894031827412,507.9333190917969,507.9333190917969,17059800,0.0,0.0
2015-01-02,507.93334716796875,520.0269982910156,503.9021301269531,503.9021301269531,27182000,0.0,0.0
2015-01-02,503.9020969021705,507.93331367738784,491.8084465765184,499.8708801269531,16641100,0.0,0.0
2015-01-02,499.870843605917,503.9020600866099,479.7147612024526,491.80841064453125,32166200,0.0,0.0
2015-01-02,495.8396745954241,568.4015781947545,487.77724086216523,564.370361328125,133675800,0.0,0.0
2015-01-02,568.4015502929688,588.5576336366911,552.2766836179909,568.4015502929688,108904600,0.0,0.0
2015-01-02,556.3079552959194,576.4640406327281,556.3079552959194,560.3391723632812,30963400,0.0,0.0
2015-01-02,560.3391444614956,576.4640119280134,552.2767107282366,564.370361328125,24996400,0.0,0.0
2015-01-02,572.4328235653664,584.5264747674516,556.3079552959194,560.3391723632812,61079400,0.0,0.0
2015-01-02,564.3703336242244,576.4639836304577,560.3391169554799,568.4015502929688,32925900,0.0,0.0
2015-01-02,568.4015502929688,576.4639836304577,564.3703336242244,568.4015502929688,14749300,0.0,0.0
2015-01-02,564.370361328125,572.432795061384,556.3079275948661,564.370361328125,29798500,0.0,0.0
2015-01-02,564.3703287760417,604.6824951171875,564.3703287760417,604.6824951171875,141141200,0.0,0.0
2015-01-02,608.7137970178306,612.7450142166242,588.5577110238627,592.5889282226562,64525500,0.0,0.0
2015-01-02,596.6200463079637,636.9322115990423,592.5888297788558,624.8385620117188,183754000,0.0,0.0
2015-01-02,624.8385620117188,624.8385620117188,624.8385620117188,624.8385620117188,0,0.0,0.0
2015-01-02,628.8698007684005,628.8698007684005,608.7137174104389,612.7449340820312,36832000,0.0,0.0
2015-01-02,620.8073789399245,628.8698124326509,584.5264282226562,584.5264282226562,115261500,0.0,0.0
2015-01-02,584.5264561971029,596.620107014974,580.4952392578125,580.4952392578125,35456100,0.0,0.0
2015-01-02,584.5264561971029,588.5576731363932,580.4952392578125,580.4952392578125,25556500,0.0,0.0
2015-01-02,580.4952059659091,584.5264226740057,568.4015558416194,576.4639892578125,57808300,0.0,0.0
2015-01-02,580.4952059659091,580.4952059659091,572.4327725497159,576.4639892578125,15215200,0.0,0.0
2015-01-02,576.4639836304577,584.5264169679466,568.4015502929688,568.4015502929688,19076100,0.0,0.0
2015-01-02,568.4015612372036,592.5888617153826,568.4015612372036,584.5264282226562,36398000,0.0,0.0
2015-01-02,588.5576831714527,608.7137682115709,584.5264661634291,596.6201171875,43368600,0.0,0.0
2015-01-02,596.6200784617457,604.682511954472,584.5264282226562,584.5264282226562,14858200,0.0,0.0
2015-01-02,584.5264561971029,592.5888900756836,568.4015884399414,580.4952392578125,21389700,0.0,0.0
2015-01-02,580.4952002992022,584.5264169679466,568.4015502929688,568.4015502929688,17487600,0.0,0.0
2015-01-02,576.4640786614217,576.4640786614217,568.4016439948283,572.432861328125,9263500,0.0,0.0
2015-01-02,576.4640406327281,576.4640406327281,556.3079552959194,560.3391723632812,20616500,0.0,0.0
2015-01-02,568.4016064980046,568.4016064980046,560.3391723632812,560.3391723632812,6431000,0.0,0.0
2015-01-02,560.3391723632812,560.3391723632812,560.3391723632812,560.3391723632812,0,0.0,0.0
2015-01-02,560.3391723632812,560.3391723632812,560.3391723632812,560.3391723632812,0,0.0,0.0
2015-01-02,560.3391723632812,560.3391723632812,560.3391723632812,560.3391723632812,0,0.0,0.0
2015-01-02,560.3391723632812,560.3391723632812,560.3391723632812,560.3391723632812,0,0.0,0.0
2015-01-02,560.3391723632812,560.3391723632812,560.3391723632812,560.3391723632812,0,0.0,0.0
2015-01-02,560.3391723632812,560.3391723632812,560.3391723632812,560.3391723632812,0,0.0,0.0
2015-01-02,568.4015781947545,576.4640119280134,560.3391444614956,564.370361328125,15816300,0.0,0.0
2015-01-02,564.3703336242244,572.4327669617132,552.2766836179909,568.4015502929688,25412300,0.0,0.0
2015-01-02,568.4015781947545,572.432795061384,560.3391444614956,564.370361328125,25318300,0.0,0.0
2015-01-02,564.370389430643,568.4016064980046,560.3391723632812,560.3391723632812,6155100,0.0,0.0
2015-01-02,560.339209328235,580.4952959947183,560.339209328235,572.432861328125,22957900,0.0,0.0
2015-01-02,580.4952002992022,580.4952002992022,564.3703336242244,568.4015502929688,5487400,0.0,0.0
2015-01-02,572.4328235653664,572.4328235653664,560.3391723632812,560.3391723632812,11048100,0.0,0.0
2015-01-02,564.370361328125,568.4015781947545,560.3391444614956,564.370361328125,6873200,0.0,0.0
2015-01-02,568.4015781947545,568.4015781947545,560.3391444614956,564.370361328125,4404900,0.0,0.0
2015-01-02,568.4016064980046,568.4016064980046,560.3391723632812,560.3391723632812,6158400,0.0,0.0
2015-01-02,568.4015884399414,592.5888900756836,564.370371500651,580.4952392578125,72311400,0.0,0.0
2015-01-02,580.4952059659091,596.6200727982955,576.4639892578125,576.4639892578125,37100300,0.0,0.0
2015-01-02,584.5264282226562,588.5576449690194,576.4639947299299,584.5264282226562,21032700,0.0,0.0
2015-01-02,584.5264226740057,584.5264226740057,576.4639892578125,576.4639892578125,8878600,0.0,0.0
2015-01-02,580.4952002992022,580.4952002992022,568.4015502929688,568.4015502929688,10171800,0.0,0.0
2015-01-02,576.4640119280134,576.4640119280134,560.3391444614956,564.370361328125,13504500,0.0,0.0
2015-01-02,564.370361328125,572.432795061384,560.3391444614956,564.370361328125,14167700,0.0,0.0
2015-01-02,572.4328053792318,588.5576731363932,568.4015884399414,580.4952392578125,59653900,0.0,0.0
2015-01-02,584.5264226740057,588.5576393821023,572.4327725497159,576.4639892578125,26317600,0.0,0.0
2015-01-02,576.4640065068784,580.4952233355979,552.2767055345619,556.3079223632812,109987400,0.0,0.0
2015-01-02,560.3391391920007,564.3703560207201,552.2767055345619,556.3079223632812,19661600,0.0,0.0
2015-01-02,564.3703560207201,564.3703560207201,552.2767055345619,556.3079223632812,29985500,0.0,0.0
2015-01-02,548.2455163663321,556.3079504305429,548.2455163663321,552.2767333984375,32474400,0.0,0.0
2015-01-02,556.3079789105584,564.370413387523,548.2455444335938,548.2455444335938,25897800,0.0,0.0
2015-01-02,548.2455351858428,552.2767523563269,524.058232162938,532.1206665039062,61558600,0.0,0.0
2015-01-02,532.1205998347356,532.1205998347356,520.0269498384916,524.0581665039062,33692700,0.0,0.0
2015-01-02,524.058177435576,544.2142611830982,524.058177435576,540.1830444335938,27776800,0.0,0.0
2015-01-02,548.245521161196,564.370389430643,548.245521161196,560.3391723632812,50302900,0.0,0.0
2015-01-02,564.370361328125,572.432795061384,552.2767107282366,564.370361328125,50850900,0.0,0.0
2015-01-02,564.3703560207201,568.4015728494395,552.2767055345619,556.3079223632812,12102600,0.0,0.0
2015-01-02,560.3391674626482,560.3391674626482,552.2767333984375,552.2767333984375,7751500,0.0,0.0
2015-01-02,556.3079789105584,556.3079789105584,544.2143271951114,548.2455444335938,12460000,0.0,0.0
2015-01-02,548.2455444335938,552.2767616720761,540.1831099566291,548.2455444335938,10240400,0.0,0.0
2015-01-02,548.2455444335938,548.2455444335938,548.2455444335938,548.2455444335938,0,0.0,0.0
2015-01-02,548.2455163663321,560.3391674626482,540.1830823021213,552.2767333984375,18410200,0.0,0.0
2015-01-02,556.3079057173296,580.4952059659091,556.3079057173296,576.4639892578125,102629300,0.0,0.0
2015-01-02,580.4952114762931,592.5888617153826,576.4639947299299,584.5264282226562,182949100,0.0,0.0
2015-01-02,588.5576731363932,588.5576731363932,568.4015884399414,580.4952392578125,42780700,0.0,0.0
2015-01-02,584.5264661634291,608.7137682115709,584.5264661634291,596.6201171875,177441400,0.0,0.0
2015-01-02,596.620107014974,596.620107014974,580.4952392578125,580.4952392578125,34707600,0.0,0.0
2015-01-02,576.4639892578125,584.5264226740057,572.4327725497159,576.4639892578125,36112300,0.0,0.0
2015-01-02,584.5264612485284,600.6513291450397,576.464027300273,588.5576782226562,122694300,0.0,0.0
2015-01-02,592.5888776968646,616.776178827349,592.5888776968646,608.7137451171875,224928900,0.0,0.0
2015-01-02,612.7449852195946,612.7449852195946,592.5889001794764,596.6201171875,81253900,0.0,0.0
2015-01-02,596.6201171875,596.6201171875,596.6201171875,596.6201171875,0,0.0,0.0
2015-01-02,596.6201653279049,608.7138173277949,568.4016439948283,572.432861328125,107837600,0.0,0.0
2015-01-02,572.432861328125,580.4952959947183,556.3079919949383,572.432861328125,69302100,0.0,0.0
2015-01-02,572.4327669617132,580.4952002992022,564.3703336242244,568.4015502929688,23984600,0.0,0.0
2015-01-02,576.4640406327281,576.4640406327281,560.3391723632812,560.3391723632812,30548300,0.0,0.0
2015-01-02,564.370361328125,576.4640119280134,560.3391444614956,564.370361328125,31039600,0.0,0.0
2015-01-02,560.3391391920007,564.3703560207201,552.2767055345619,556.3079223632812,30436400,0.0,0.0
2015-01-02,560.3391961490406,560.3391961490406,544.2143271951114,548.2455444335938,25738800,0.0,0.0
2015-01-02,548.2454779326026,552.2766946821071,532.1206109345849,540.1830444335938,37638600,0.0,0.0
2015-01-02,540.1831099566291,552.2767616720761,536.1518927181468,548.2455444335938,36698200,0.0,0.0
2015-01-02,556.3079789105584,560.3391961490406,548.2455444335938,548.2455444335938,22670800,0.0,0.0
2015-01-02,552.2767616720761,556.3079789105584,540.1831099566291,548.2455444335938,13545400,0.0,0.0
2015-01-02,548.2455114293981,552.2767284252026,540.1830774377894,544.2142944335938,19730200,0.0,0.0
2015-01-02,544.2143271951114,564.370413387523,544.2143271951114,548.2455444335938,41602000,0.0,0.0
2015-01-02,548.2455444335938,548.2455444335938,548.2455444335938,548.2455444335938,0,0.0,0.0
2015-01-02,544.2142944335938,548.2455114293981,540.1830774377894,544.2142944335938,12778300,0.0,0.0
2015-01-02,548.2454664963942,548.2454664963942,520.0269498384916,524.0581665039062,78522200,0.0,0.0
2015-01-02,528.0894112993581,536.1518450596536,515.9957606589147,520.0269775390625,29735000,0.0,0.0
2015-01-02,520.0269982910156,524.0582153320313,503.9021301269531,503.9021301269531,18345200,0.0,0.0
2015-01-02,503.902102273608,515.9957527281746,499.87088545541917,507.9333190917969,14424300,0.0,0.0
2015-01-02,511.9645109176636,532.1205940246582,503.9020776748657,515.9957275390625,24072600,0.0,0.0
2015-01-02,515.9957275390625,524.0581607818604,511.9645109176636,515.9957275390625,16530400,0.0,0.0
2015-01-02,524.0581944192103,528.0894112993581,511.964543778767,520.0269775390625,17013200,0.0,0.0
2015-01-02,528.089383169321,536.1518165001503,524.0581665039062,524.0581665039062,24907700,0.0,0.0
2015-01-02,524.0581944192103,532.1206281795058,520.0269775390625,520.0269775390625,8762500,0.0,0.0
2015-01-02,520.0269498384916,528.089383169321,520.0269498384916,524.0581665039062,5793900,0.0,0.0
2015-01-02,524.0581665039062,532.1205998347356,520.0269498384916,524.0581665039062,12896700,0.0,0.0
2015-01-02,528.0894493334221,536.1518836743904,528.0894493334221,532.1206665039062,18229500,0.0,0.0
2015-01-02,532.1205940246582,536.1518106460571,515.9957275390625,515.9957275390625,10587800,0.0,0.0
2015-01-02,520.0269498384916,528.089383169321,515.9957331730769,524.0581665039062,12507300,0.0,0.0
2015-01-02,524.0581944192103,532.1206281795058,520.0269775390625,520.0269775390625,11977700,0.0,0.0
2015-01-02,528.0894775390625,544.21434708224,524.0582601532681,528.0894775390625,35225800,0.0,0.0
2015-01-02,532.1205998347356,532.1205998347356,524.0581665039062,524.0581665039062,6222200,0.0,0.0
2015-01-02,524.0582601532681,536.1519123106513,520.0270427674737,528.0894775390625,25437000,0.0,0.0
2015-01-02,532.1206665039062,536.1518836743904,524.058232162938,532.1206665039062,14121600,0.0,0.0
2015-01-02,532.1206665039062,540.1831008448745,524.058232162938,532.1206665039062,13645500,0.0,0.0
2015-01-02,532.1206281795058,536.1518450596536,520.0269775390625,520.0269775390625,12261700,0.0,0.0
2015-01-02,520.0269775390625,528.0894112993581,520.0269775390625,520.0269775390625,7100400,0.0,0.0
2015-01-02,524.0581944192103,528.0894112993581,515.9957606589147,520.0269775390625,26980900,0.0,0.0
2015-01-02,524.0582601532681,532.1206949248568,520.0270427674737,528.0894775390625,24938000,0.0,0.0
2015-01-02,528.0894112993581,532.1206281795058,520.0269775390625,520.0269775390625,23814100,0.0,0.0
2015-01-02,524.0581944192103,528.0894112993581,520.0269775390625,520.0269775390625,21423800,0.0,0.0
2015-01-02,524.0581944192103,528.0894112993581,515.9957606589147,520.0269775390625,20497400,0.0,0.0
2015-01-02,528.0894706618618,580.4952959947183,528.0894706618618,572.432861328125,187604600,0.0,0.0
2015-01-02,580.495211928638,580.495211928638,536.1518276840893,540.1830444335938,256093000,0.0,0.0
2015-01-02,540.1830444335938,544.2142611830982,532.1206109345849,540.1830444335938,22853300,0.0,0.0
2015-01-02,540.1830444335938,544.2142611830982,532.1206109345849,540.1830444335938,28975500,0.0,0.0
2015-01-02,544.2143040938342,568.4016064980046,536.1518699591109,560.3391723632812,103506100,0.0,0.0
2015-01-02,564.3703336242244,572.4327669617132,552.2766836179909,568.4015502929688,63204500,0.0,0.0
2015-01-02,576.4640786614217,584.526513328015,560.339209328235,572.432861328125,103690000,0.0,0.0
2015-01-02,568.4015502929688,576.4639836304577,564.3703336242244,568.4015502929688,38442300,0.0,0.0
2015-01-02,568.401601526859,568.401601526859,548.2455163663321,552.2767333984375,83549000,0.0,0.0
2015-01-02,560.3391961490406,564.370413387523,544.2143271951114,548.2455444335938,42247300,0.0,0.0
2015-01-02,544.2143180153587,548.2455351858428,528.0894493334221,532.1206665039062,45943200,0.0,0.0
2015-01-02,532.1206665039062,540.1831008448745,528.0894493334221,532.1206665039062,25308500,0.0,0.0
2015-01-02,532.1206665039062,548.2455351858428,532.1206665039062,532.1206665039062,34187200,0.0,0.0
2015-01-02,536.1517944335938,540.1830109330945,532.120577934093,536.1517944335938,14196200,0.0,0.0
2015-01-02,536.1517944335938,540.1830109330945,532.120577934093,536.1517944335938,10088000,0.0,0.0
2015-01-02,536.1518836743904,540.1831008448745,528.0894493334221,532.1206665039062,20933300,0.0,0.0
2015-01-02,536.1518836743904,540.1831008448745,532.1206665039062,532.1206665039062,6915400,0.0,0.0
2015-01-02,532.1206665039062,536.1518836743904,524.058232162938,532.1206665039062,14418800,0.0,0.0
2015-01-02,532.1206949248568,536.1519123106513,528.0894775390625,528.0894775390625,12238700,0.0,0.0
2015-01-02,528.089383169321,532.1205998347356,520.0269498384916,524.0581665039062,23712100,0.0,0.0
2015-01-02,524.0581449350916,552.2766604315966,524.0581449350916,536.1517944335938,28563000,0.0,0.0
2015-01-02,536.1517944335938,544.2142274325952,528.0893614345923,536.1517944335938,12440800,0.0,0.0
2015-01-02,536.1517944335938,536.1517944335938,536.1517944335938,536.1517944335938,0,0.0,0.0
2015-01-02,528.089383169321,536.1518165001503,524.0581665039062,524.0581665039062,12930500,0.0,0.0
2015-01-02,528.0894031827412,528.0894031827412,503.902102273608,507.9333190917969,23577400,0.0,0.0
2015-01-02,507.93327656730276,515.9957095286885,491.80841064453125,491.80841064453125,26738900,0.0,0.0
2015-01-02,491.80846915757365,503.90212003849757,483.74603523695765,487.7772521972656,23986400,0.0,0.0
2015-01-02,487.77726196289063,511.96456420898437,487.77726196289063,503.9021301269531,45310200,0.0,0.0
2015-01-02,503.90212003849757,507.93333699880554,483.74603523695765,487.7772521972656,16493100,0.0,0.0
2015-01-02,487.7772521972656,495.8396861178816,483.74603523695765,487.7772521972656,11540300,0.0,0.0
2015-01-02,487.777229801301,503.9020969021705,487.777229801301,499.8708801269531,9749200,0.0,0.0
2015-01-02,499.8708880567175,515.9957554133858,499.8708880567175,511.96453857421875,16982600,0.0,0.0
2015-01-02,511.9645359099857,515.9957527281746,503.902102273608,507.9333190917969,10841200,0.0,0.0
2015-01-02,515.9957554133858,520.0269722525529,507.93332173505166,511.96453857421875,9895500,0.0,0.0
2015-01-02,515.9957606589147,524.0581944192103,511.964543778767,520.0269775390625,16647700,0.0,0.0
2015-01-02,520.0269695463635,524.0581863645523,503.902102273608,507.9333190917969,9719700,0.0,0.0
2015-01-02,507.93334716796875,515.99578125,503.9021301269531,503.9021301269531,9024500,0.0,0.0
2015-01-02,507.9333190917969,515.9957527281746,503.902102273608,507.9333190917969,7568100,0.0,0.0
2015-01-02,507.9333190917969,507.9333190917969,507.9333190917969,507.9333190917969,0,0.0,0.0
2015-01-02,507.9333190917969,507.9333190917969,507.9333190917969,507.9333190917969,0,0.0,0.0
2015-01-02,511.96453857421875,515.9957554133858,507.93332173505166,511.96453857421875,11145100,0.0,0.0
2015-01-02,511.96453045260523,515.9957472278226,499.8708801269531,499.8708801269531,30355400,0.0,0.0
2015-01-02,503.9021301269531,507.93334716796875,503.9021301269531,503.9021301269531,23985600,0.0,0.0
2015-01-02,503.9021301269531,503.9021301269531,503.9021301269531,503.9021301269531,0,0.0,0.0
2015-01-02,511.96453857421875,520.0269722525529,503.9021048958846,511.96453857421875,36621000,0.0,0.0
2015-01-02,511.9645359099857,528.0894031827412,507.9333190917969,507.9333190917969,43607600,0.0,0.0
2015-01-02,511.9645109176636,520.0269441604614,511.9645109176636,515.9957275390625,15064900,0.0,0.0
2015-01-02,520.0270427674737,532.1206949248568,520.0270427674737,528.0894775390625,49323700,0.0,0.0
2015-01-02,532.1205998347356,532.1205998347356,515.9957331730769,524.0581665039062,31920500,0.0,0.0
2015-01-02,528.0894775390625,548.2455644680343,524.0582601532681,528.0894775390625,51688900,0.0,0.0
2015-01-02,528.089383169321,536.1518165001503,520.0269498384916,524.0581665039062,20774300,0.0,0.0
2015-01-02,528.089383169321,532.1205998347356,520.0269498384916,524.0581665039062,14235700,0.0,0.0
2015-01-02,524.0581449350916,540.1830109330945,520.0269284355909,536.1517944335938,66859000,0.0,0.0
2015-01-02,540.1831008448745,548.2455351858428,532.1206665039062,532.1206665039062,52828200,0.0,0.0
2015-01-02,536.1518169430132,580.4952002992022,536.1518169430132,568.4015502929688,236009800,0.0,0.0
2015-01-02,568.4015933520174,596.6201121709119,556.307942429634,588.5576782226562,242283100,0.0,0.0
2015-01-02,604.6825512035473,624.8386362436655,588.5576831714527,596.6201171875,276688800,0.0,0.0
2015-01-02,600.6512840672543,616.7761507536236,592.5888507240697,612.7449340820312,91891800,0.0,0.0
2015-01-02,616.776128953503,636.9322115990423,616.776128953503,624.8385620117188,142992100,0.0,0.0
2015-01-02,628.869822692871,653.0571235656738,624.8386058807373,644.9946899414062,153083300,0.0,0.0
2015-01-02,649.0258957300431,657.0883292173728,628.8698120117188,628.8698120117188,93794700,0.0,0.0
2015-01-02,653.0571173492974,701.4317186344305,653.0571173492974,681.275634765625,352356500,0.0,0.0
2015-01-02,693.3692291438231,705.4628784893549,689.3380126953125,689.3380126953125,136492700,0.0,0.0
2015-01-02,705.4628488108599,737.7125790422134,697.4004162530215,729.650146484375,289138600,0.0,0.0
2015-01-02,741.7439528245193,757.8688213641827,713.5254328801082,733.6815185546875,315950100,0.0,0.0
2015-01-02,725.6190565765882,745.7751414814933,717.556622614626,737.7127075195312,144940600,0.0,0.0
2015-01-02,741.7439528245193,741.7439528245193,725.6190842848558,733.6815185546875,89292800,0.0,0.0
2015-01-02,741.7437953211327,749.8062278789711,729.650146484375,729.650146484375,99715700,0.0,0.0
2015-01-02,709.4941350125719,717.5565683649874,693.3692683077406,701.4317016601562,81427400,0.0,0.0
2015-01-02,681.2756071202896,689.3380403406479,636.932224408318,685.3068237304688,226942600,0.0,0.0
2015-01-02,697.4004849839484,709.4941350125719,681.2756182791172,701.4317016601562,135418800,0.0,0.0
2015-01-02,701.4316620408443,705.4628784893549,685.3067962468019,689.3380126953125,33518900,0.0,0.0
2015-01-02,673.2131623417498,677.2443788827184,665.1507292598127,669.1819458007812,56923900,0.0,0.0
2015-01-02,677.2443633497807,693.3692291438231,673.2131469012701,689.3380126953125,44170700,0.0,0.0
2015-01-02,701.4317954799106,709.4942299107142,693.3693610491072,705.4630126953125,58777900,0.0,0.0
2015-01-02,713.5254516601562,733.6815378652454,709.4942344191385,713.5254516601562,73143000,0.0,0.0
2015-01-02,733.6815185546875,741.7439528245193,725.6190842848558,733.6815185546875,122690300,0.0,0.0
2015-01-02,733.6815185546875,733.6815185546875,733.6815185546875,733.6815185546875,0,0.0,0.0
2015-01-02,733.6814628269361,745.7751133130945,725.6190291694973,741.743896484375,70904500,0.0,0.0
2015-01-02,733.681452094184,741.7438856336805,725.6190185546875,725.6190185546875,39191400,0.0,0.0
2015-01-02,721.5878671499399,737.7127356896034,717.556650015024,733.6815185546875,53100700,0.0,0.0
2015-01-02,729.6502353244357,733.681452094184,721.5878017849392,725.6190185546875,25720600,0.0,0.0
2015-01-02,733.6814803650925,737.7126972901755,709.494178814595,721.5878295898438,45745800,0.0,0.0
2015-01-02,721.5878017849392,729.6502353244357,713.5253682454427,725.6190185546875,24513000,0.0,0.0
2015-01-02,729.6502879309276,769.9624585348463,725.6190708705357,761.9000244140625,291118200,0.0,0.0
2015-01-02,761.89990841531,773.9935577552355,757.8686919686681,769.9623413085938,90085600,0.0,0.0
2015-01-02,769.9624250696061,769.9624250696061,745.7751237585189,757.8687744140625,69385900,0.0,0.0
2015-01-02,745.7751133130945,749.8063301418139,733.6814628269361,741.743896484375,40085400,0.0,0.0
2015-01-02,741.7439528245193,757.8688213641827,729.6503014197716,733.6815185546875,36938600,0.0,0.0
2015-01-02,741.7437953211327,745.7750116000518,717.5564976476174,729.650146484375,35601300,0.0,0.0
2015-01-02,729.6503206242276,733.6815378652454,685.3069309730314,713.5254516601562,102570500,0.0,0.0
2015-01-02,713.5254471261161,721.5878815569196,693.3693610491072,705.4630126953125,33177200,0.0,0.0
2015-01-02,701.4316901711857,709.4941233915441,681.2756071202896,685.3068237304688,39720000,0.0,0.0
2015-01-02,709.4941514756944,725.6190185546875,709.4941514756944,725.6190185546875,57585600,0.0,0.0
2015-01-02,725.6189450350674,725.6189450350674,701.4316468672318,709.4940795898438,29402200,0.0,0.0
2015-01-02,709.4940795898438,713.5252959511497,697.400430505926,709.4940795898438,27065400,0.0,0.0
2015-01-02,697.4004793388899,709.4941292696221,689.3380460517351,693.3692626953125,28052000,0.0,0.0
2015-01-02,693.3692850869083,693.3692850869083,677.2444179918639,681.275634765625,24534400,0.0,0.0
2015-01-02,681.2757151533918,693.3693669016768,661.11962890625,661.11962890625,24939800,0.0,0.0
2015-01-02,653.0570955454192,661.1195288237577,640.9634456279115,649.02587890625,34026000,0.0,0.0
2015-01-02,649.025895352849,685.3068460247474,649.025895352849,673.2131958007812,37710400,0.0,0.0
2015-01-02,673.2132806545351,685.3069324028202,661.11962890625,661.11962890625,26026400,0.0,0.0
2015-01-02,640.9635291763499,644.994746340981,628.8698776824565,636.9323120117188,45850200,0.0,0.0
2015-01-02,644.9947128781847,661.1195807001393,632.9010620117188,632.9010620117188,54393300,0.0,0.0
2015-01-02,644.994644657258,649.0258611863659,616.776128953503,624.8385620117188,61345200,0.0,0.0
2015-01-02,616.7761563387784,632.9010231711648,616.7761563387784,620.807373046875,32011800,0.0,0.0
2015-01-02,620.8073454826109,636.9322115990423,620.8073454826109,624.8385620117188,204176400,0.0,0.0
2015-01-02,624.8385620117188,624.8385620117188,624.8385620117188,624.8385620117188,0,0.0,0.0
2015-01-02,632.9010067345961,649.0258731482164,632.9010067345961,640.9634399414062,45249700,0.0,0.0
2015-01-02,636.9322289887422,657.0883121845885,636.9322289887422,649.02587890625,55993500,0.0,0.0
2015-01-02,653.0570777154737,657.0882942445817,624.8385620117188,624.8385620117188,71182400,0.0,0.0
2015-01-02,644.9946899414062,653.0571235656738,636.9322563171386,644.9946899414062,51596500,0.0,0.0
2015-01-02,640.9634456279115,653.0570955454192,640.9634456279115,649.02587890625,66940200,0.0,0.0
2015-01-02,649.0258742388557,685.3068237304688,644.9946576286765,685.3068237304688,89643600,0.0,0.0
2015-01-02,689.3380403406479,697.4004735610064,681.2756071202896,685.3068237304688,58705500,0.0,0.0
2015-01-02,685.3069221628884,701.4317909196623,673.213270595308,697.4005737304688,170456400,0.0,0.0
2015-01-02,709.4942252980492,717.5566596764361,689.3381393520818,697.4005737304688,137906400,0.0,0.0
2015-01-02,705.4628632285378,709.4940795898438,693.3692141446201,709.4940795898438,54329700,0.0,0.0
2015-01-02,705.4630081088557,709.4942252980492,697.4005737304688,697.4005737304688,34008800,0.0,0.0
2015-01-02,705.462918336364,709.4941350125719,697.4004849839484,701.4317016601562,41694300,0.0,0.0
2015-01-02,701.4317999371028,717.5566689011741,693.3693654550672,713.5254516601562,65244700,0.0,0.0
2015-01-02,725.6190662078042,761.9000195181943,725.6190662078042,753.8375854492188,341606500,0.0,0.0
2015-01-02,743.3259884323204,747.3658035868439,727.1667278142265,731.20654296875,67632100,1.99,0.0
2015-01-02,727.1667071294518,735.2463372086679,715.0472620106276,723.1268920898438,57180100,0.0,0.0
2015-01-02,715.0472813096158,715.0472813096158,686.7685752691225,694.8482055664062,124908400,0.0,0.0
2015-01-02,686.7685546875,702.9278147977941,678.688924632353,686.7685546875,66736500,0.0,0.0
2015-01-02,690.8083896866764,694.848204831043,662.5296836761107,670.6093139648438,76732300,0.0,0.0
2015-01-02,690.8083896866764,698.8880199754094,666.5694988204772,670.6093139648438,84351900,0.0,0.0
2015-01-02,666.5694991794564,682.728759765625,658.489868886372,682.728759765625,40924600,0.0,0.0
2015-01-02,682.728759765625,682.728759765625,682.728759765625,682.728759765625,0,0.0,0.0
2015-01-02,682.7287403613847,698.8880004882812,670.6092952662121,698.8880004882812,44583500,0.0,0.0
2015-01-02,694.8481009347098,694.8481009347098,666.5693991524832,678.6888427734375,41029900,0.0,0.0
2015-01-02,678.6889442535768,678.6889442535768,662.5296836761107,670.6093139648438,27663100,0.0,0.0
2015-01-02,670.6092717676987,682.7287164381993,654.4500122070312,654.4500122070312,34347200,0.0,0.0
2015-01-02,658.4899094979975,658.4899094979975,634.251017123838,638.2908325195312,38955100,0.0,0.0
2015-01-02,646.3704022709627,654.4500322993497,626.1713271999951,650.4102172851562,31952100,0.0,0.0
2015-01-02,650.4102172851562,650.4102172851562,650.4102172851562,650.4102172851562,0,0.0,0.0
2015-01-02,658.4898270971981,662.5296419873649,646.3703824266976,654.4500122070312,21166000,0.0,0.0
2015-01-02,650.4102378798409,666.5694984482842,634.2509773113976,658.4898681640625,52437900,0.0,0.0
2015-01-02,666.5694781047542,670.6092931235709,650.4102180294874,662.5296630859375,35206800,0.0,0.0
2015-01-02,658.4898270971981,666.5694568775318,650.4101973168644,654.4500122070312,43438700,0.0,0.0
2015-01-02,658.4898282137784,670.6092729048296,654.4500133167613,666.5694580078125,30909700,0.0,0.0
2015-01-02,674.6491096047795,698.8879997702206,666.5694795496323,686.7685546875,68215100,0.0,0.0
2015-01-02,694.8481861461293,719.0870763605291,682.7287410389293,711.0074462890625,90967600,0.0,0.0
2015-01-02,711.0074657914201,715.0472809379623,682.728759765625,682.728759765625,62235400,0.0,0.0
2015-01-02,678.6889446190829,694.8482052052515,674.6491294725407,682.728759765625,28834200,0.0,0.0
2015-01-02,682.7287218341719,715.0472412109375,678.6889069120763,715.0472412109375,63594700,0.0,0.0
2015-01-02,719.0871175130208,727.166748046875,698.8880411783854,702.9278564453125,50343600,0.0,0.0
2015-01-02,702.9277322334156,702.9277322334156,686.7684740211531,690.8082885742188,28157100,0.0,0.0
2015-01-02,690.8082885742188,690.8082885742188,690.8082885742188,690.8082885742188,0,0.0,0.0
2015-01-02,686.7685546875,698.8879997702206,678.688924632353,686.7685546875,33098900,0.0,0.0
2015-01-02,694.8481854565571,702.9278155200054,686.7685553931088,698.8880004882812,43953700,0.0,0.0
2015-01-02,698.8880004882812,698.8880004882812,698.8880004882812,698.8880004882812,0,0.0,0.0
2015-01-02,723.1268913962624,723.1268913962624,702.9278162175958,711.0074462890625,62291200,0.0,0.0
2015-01-02,711.0074262888418,723.1268710551288,702.9277964446504,715.0472412109375,60110800,0.0,0.0
2015-01-02,723.1269693805943,820.0825406941935,723.1269693805943,803.9232788085938,508895400,0.0,0.0
2015-01-02,812.0028037419395,812.0028037419395,755.445394526083,763.5250244140625,275452400,0.0,0.0
2015-01-02,763.5250642049378,771.6046945139848,731.20654296875,731.20654296875,200362500,0.0,0.0
2015-01-02,731.20654296875,731.20654296875,731.20654296875,731.20654296875,0,0.0,0.0
2015-01-02,731.20654296875,731.20654296875,731.20654296875,731.20654296875,0,0.0,0.0
2015-01-02,731.20654296875,731.20654296875,731.20654296875,731.20654296875,0,0.0,0.0
2015-01-02,731.20654296875,731.20654296875,731.20654296875,731.20654296875,0,0.0,0.0
2015-01-02,731.20654296875,731.20654296875,731.20654296875,731.20654296875,0,0.0,0.0
2015-01-02,731.20654296875,731.20654296875,731.20654296875,731.20654296875,0,0.0,0.0
2015-01-02,731.20654296875,731.20654296875,731.20654296875,731.20654296875,0,0.0,0.0
2015-01-02,719.0870763605291,723.1268913962624,690.8083711103959,711.0074462890625,64935900,0.0,0.0
2015-01-02,711.0074668627107,731.2065426258558,706.9676517100816,719.0870971679688,52368400,0.0,0.0
2015-01-02,727.1667078039148,735.246337890625,711.0074476304944,735.246337890625,42965100,0.0,0.0
2015-01-02,747.365803236372,747.365803236372,711.0074668627107,719.0870971679688,91154400,0.0,0.0
2015-01-02,711.0074869791666,723.1269327799479,698.8880411783854,702.9278564453125,54919100,0.0,0.0
2015-01-02,706.9675445556641,711.0073590959821,666.5693991524832,678.6888427734375,66853300,0.0,0.0
2015-01-02,678.6888625093563,686.7684918249439,650.4101599047998,674.6490478515625,50855300,0.0,0.0
2015-01-02,686.7685759469364,719.0870971679688,666.5695001837912,719.0870971679688,46732000,0.0,0.0
2015-01-02,711.0074433117378,711.0074433117378,654.4500330483041,662.5296630859375,55488600,0.0,0.0
2015-01-02,670.6093132019043,674.6491283416748,642.3306072235107,646.3704223632812,56216500,0.0,0.0
2015-01-02,642.3305872567691,658.4898473135432,618.0916971716081,650.4102172851562,43947900,0.0,0.0
2015-01-02,650.4102375030518,650.4102375030518,626.1713466644287,646.3704223632812,47671200,0.0,0.0
2015-01-02,646.3704427083333,654.4500732421875,630.211181640625,630.211181640625,34218400,0.0,0.0
2015-01-02,638.2907920837403,654.4500526428222,638.2907920837403,646.3704223632812,39966000,0.0,0.0
2015-01-02,654.4500122070312,666.5694568775318,650.4101973168644,654.4500122070312,38359900,0.0,0.0
2015-01-02,646.3704234467456,698.8880203517937,642.3306083002035,682.728759765625,123699500,0.0,0.0
2015-01-02,686.7685752691225,698.8880207150482,678.6889449718387,694.8482055664062,72284300,0.0,0.0
2015-01-02,711.0074476304944,763.5250431941106,706.9676325871394,735.246337890625,172649900,0.0,0.0
2015-01-02,739.2861317952473,755.4453915066189,723.1268720838758,727.1666870117188,119203500,0.0,0.0
2015-01-02,731.2065214677291,731.2065214677291,706.9676312533292,711.0074462890625,73995300,0.0,0.0
2015-01-02,715.0472412109375,735.2463158214159,706.967611366746,715.0472412109375,74310200,0.0,0.0
2015-01-02,723.1269744001116,727.1667898995536,702.9278969029018,706.9677124023438,62368900,0.0,0.0
2015-01-02,702.9278564453125,711.0074869791666,698.8880411783854,702.9278564453125,48279400,0.0,0.0
2015-01-02,706.967611366746,723.1268710551288,702.9277964446504,715.0472412109375,62488300,0.0,0.0
2015-01-02,715.0472412109375,731.2065008993202,711.0074262888418,715.0472412109375,65016400,0.0,0.0
2015-01-02,723.1268913962624,727.1667064319957,711.0074462890625,711.0074462890625,44411000,0.0,0.0
2015-01-02,719.0870971679688,747.365803236372,719.0870971679688,719.0870971679688,127167800,0.0,0.0
2015-01-02,723.1268720838758,731.2065019395616,715.04724222819,727.1666870117188,47461800,0.0,0.0
2015-01-02,723.1268946462901,775.6444903468586,719.0870795924002,771.6046752929688,218292600,0.0,0.0
2015-01-02,771.6045885763533,775.6444031762295,735.2462571774676,739.2860717773438,118883000,0.0,0.0
2015-01-02,747.3657242795254,763.5249831828664,743.3259095536902,759.4851684570312,84475200,0.0,0.0
2015-01-02,747.3657009770961,759.4851447767247,735.2462571774676,739.2860717773438,58688100,0.0,0.0
2015-01-02,743.3259467230903,747.3657616509331,719.087057156033,727.1666870117188,50570900,0.0,0.0
2015-01-02,731.2064254679144,759.4851270053476,731.2064254679144,755.4453125,69575600,0.0,0.0
2015-01-02,763.5250438793286,771.6046739732897,743.3259686444256,747.3657836914062,123380900,0.0,0.0
2015-01-02,755.4454342385997,759.4852493949559,739.286173613175,743.3259887695312,48764400,0.0,0.0
2015-01-02,747.3657830206902,751.4055980640453,731.2065228472699,735.246337890625,31836400,0.0,0.0
2015-01-02,739.286152248276,739.286152248276,723.1268920898438,723.1268920898438,45945400,0.0,0.0
2015-01-02,719.086990445678,719.086990445678,686.7684740211531,690.8082885742188,64752100,0.0,0.0
2015-01-02,686.7685749121672,698.8880203517937,666.5694991794564,682.728759765625,64021600,0.0,0.0
2015-01-02,674.6491102979363,698.8880004882812,670.6092952662121,698.8880004882812,47421900,0.0,0.0
2015-01-02,682.7287593979433,682.7287593979433,666.5694988204772,670.6093139648438,59004900,0.0,0.0
2015-01-02,670.6093139648438,670.6093139648438,670.6093139648438,670.6093139648438,0,0.0,0.0
2015-01-02,682.7286594680875,694.8481031272843,674.6490303619563,690.8082885742188,56120800,0.0,0.0
2015-01-02,694.8481211405315,698.8879357983253,674.6490478515625,674.6490478515625,54643400,0.0,0.0
2015-01-02,674.6490478515625,674.6490478515625,674.6490478515625,674.6490478515625,0,0.0,0.0
2015-01-02,682.728780110677,711.0074869791666,678.68896484375,702.9278564453125,96147600,0.0,0.0
2015-01-02,702.9278969029018,711.0075279017857,690.8084504045759,706.9677124023438,63389000,0.0,0.0
2015-01-02,719.0870770502357,739.286152248276,715.0472620106276,723.1268920898438,140381500,0.0,0.0
2015-01-02,731.2065214677291,735.2463365034623,706.9676312533292,711.0074462890625,57171900,0.0,0.0
2015-01-02,719.0871589006697,719.0871589006697,694.8482659040179,706.9677124023438,52790500,0.0,0.0
2015-01-02,723.1268906786263,723.1268906786263,694.8481854565571,698.8880004882812,79928200,0.0,0.0
2015-01-02,690.8084106445312,702.9278564453125,678.68896484375,702.9278564453125,34526100,0.0,0.0
2015-01-02,690.8083896866764,694.848204831043,670.6093139648438,670.6093139648438,67120100,0.0,0.0
2015-01-02,670.6092923561238,674.6491073703173,650.4102172851562,650.4102172851562,59449300,0.0,0.0
2015-01-02,646.3704007056451,646.3704007056451,610.0120656659526,626.1713256835938,87152200,0.0,0.0
2015-01-02,622.1315315246582,650.4102375030518,618.0917163848877,646.3704223632812,61378500,0.0,0.0
2015-01-02,654.4499488686615,658.4897633678509,634.2508763727152,642.3305053710938,66652400,0.0,0.0
2015-01-02,650.4101343694723,654.4499488686615,634.2508763727152,642.3305053710938,28979600,0.0,0.0
2015-01-02,642.3305053710938,642.3305053710938,642.3305053710938,642.3305053710938,0,0.0,0.0
2015-01-02,642.3306274414062,650.4102579752604,630.211181640625,630.211181640625,52060300,0.0,0.0
2015-01-02,646.3704022709627,658.4898473135432,634.2509572283822,650.4102172851562,71033800,0.0,0.0
2015-01-02,654.4500526428222,654.4500526428222,642.3306072235107,646.3704223632812,29160200,0.0,0.0
2015-01-02,646.3704633109178,650.4102787066109,630.2112017281448,638.2908325195312,38810700,0.0,0.0
2015-01-02,634.251017123838,642.3306479152245,630.2112017281448,638.2908325195312,31323700,0.0,0.0
2015-01-02,646.3704633109178,650.4102787066109,634.251017123838,638.2908325195312,53035200,0.0,0.0
2015-01-02,646.370319870283,654.4499488686615,642.3305053710938,642.3305053710938,77237500,0.0,0.0
2015-01-02,646.3704030106708,662.5296630859375,642.330587991854,662.5296630859375,90191400,0.0,0.0
2015-01-02,666.5694980621338,670.6093132019043,646.3704223632812,646.3704223632812,85676100,0.0,0.0
2015-01-02,642.3305872567691,654.4500322993497,638.2907722425757,650.4102172851562,33820000,0.0,0.0
2015-01-02,654.4500322993497,658.4898473135432,646.3704022709627,650.4102172851562,26522800,0.0,0.0
2015-01-02,650.4101599047998,682.7286771671501,646.3703452470061,674.6490478515625,121821300,0.0,0.0
2015-01-02,678.6889446190829,690.8083900587094,670.6093143259985,682.728759765625,117168800,0.0,0.0
2015-01-02,682.7287175958807,682.7287175958807,662.5296431107955,666.5694580078125,46380400,0.0,0.0
2015-01-02,662.5295778670401,666.5693923662293,642.3305053710938,642.3305053710938,70836100,0.0,0.0
2015-01-02,650.4101973168644,658.4898270971981,642.3305675365307,654.4500122070312,33628000,0.0,0.0
2015-01-02,658.4898677825928,662.5296829223632,642.3306072235107,646.3704223632812,64982700,0.0,0.0
2015-01-02,638.2907920837403,650.4102375030518,638.2907920837403,646.3704223632812,32173200,0.0,0.0
2015-01-02,650.4101973168644,670.6092717676987,646.3703824266976,654.4500122070312,67517200,0.0,0.0
2015-01-02,654.4500122070312,662.5296419873649,646.3703824266976,654.4500122070312,21828100,0.0,0.0
2015-01-02,662.5296630859375,662.5296630859375,654.4500330483041,662.5296630859375,35832700,0.0,0.0
2015-01-02,646.3704219745223,646.3704219745223,634.2509765625,634.2509765625,60716400,0.0,0.0
2015-01-02,634.2508763727152,650.4101343694723,634.2508763727152,642.3305053710938,50812800,0.0,0.0
2015-01-02,646.3704427083333,646.3704427083333,614.0519205729166,618.0917358398438,103162700,0.0,0.0
2015-01-02,622.1315098812705,626.1713248804996,610.0120648835834,614.0518798828125,33977500,0.0,0.0
2015-01-02,622.1315511067708,638.2908121744791,622.1315511067708,630.211181640625,51076700,0.0,0.0
2015-01-02,626.1713663736979,630.211181640625,610.0121053059895,618.0917358398438,61519900,0.0,0.0
2015-01-02,614.0519205729166,630.211181640625,610.0121053059895,618.0917358398438,59274100,0.0,0.0
2015-01-02,618.0917358398438,626.1713663736979,614.0519205729166,618.0917358398438,29023400,0.0,0.0
2015-01-02,618.0917152253209,622.1315303575125,605.9722698287459,610.0120849609375,36483800,0.0,0.0
2015-01-02,610.0120845485378,614.0518996779983,589.8130089012352,597.8926391601562,51771700,0.0,0.0
2015-01-02,581.7332763671875,589.8129052056206,577.693461947971,581.7332763671875,47540600,0.0,0.0
2015-01-02,585.773193359375,589.8130084859914,581.7333782327587,585.773193359375,35077800,0.0,0.0
2015-01-02,585.773213704427,589.8130289713541,569.6139526367188,569.6139526367188,30060300,0.0,0.0
2015-01-02,565.5741373697916,569.6139526367188,541.3352457682291,545.3750610351562,99346500,0.0,0.0
2015-01-02,549.4148559570312,553.4546710743623,537.2954106050379,549.4148559570312,50382400,0.0,0.0
2015-01-02,549.4148359089872,569.6139107585824,549.4148359089872,553.4546508789062,92372600,0.0,0.0
2015-01-02,565.5740554041142,569.6138700855722,553.4546113597404,561.5342407226562,63297900,0.0,0.0
2015-01-02,557.494384765625,561.5341991479846,553.4545703832654,557.494384765625,17071600,0.0,0.0
2015-01-02,557.4944861916935,565.5741164263557,549.4148559570312,549.4148559570312,28148600,0.0,0.0
2015-01-02,557.4944260411983,569.6138700855722,553.4546113597404,561.5342407226562,52473300,0.0,0.0
2015-01-02,565.5740571357834,581.7333159110915,561.5342424419564,573.6536865234375,84546900,0.0,0.0
2015-01-02,573.6537266322545,577.693541608538,561.5342817034041,565.5740966796875,33748400,0.0,0.0
2015-01-02,561.5342808187443,565.5740957886634,553.4546508789062,553.4546508789062,22863900,0.0,0.0
2015-01-02,545.3749416185462,561.5341991479846,537.295312853827,557.494384765625,35992700,0.0,0.0
2015-01-02,557.4944020741021,561.5342165818854,541.3351440429688,541.3351440429688,48399300,0.0,0.0
2015-01-02,541.3351440429688,549.4147730585354,533.255515027402,541.3351440429688,61467300,0.0,0.0
2015-01-02,545.3750408397001,561.5343013090246,541.335225722369,549.4148559570312,54547400,0.0,0.0
2015-01-02,557.4945068359375,557.4945068359375,541.3352457682291,545.3750610351562,25582600,0.0,0.0
2015-01-02,545.3750610351562,545.3750610351562,545.3750610351562,545.3750610351562,0,0.0,0.0
2015-01-02,541.3352457682291,545.3750610351562,517.0963541666666,521.1361694335938,72891500,0.0,0.0
2015-01-02,521.1362534179688,529.2158852539062,504.97698974609375,504.97698974609375,65660900,0.0,0.0
2015-01-02,509.0168056640625,513.0566215820312,500.93717382812497,504.97698974609375,46061900,0.0,0.0
2015-01-02,504.9769188746933,509.01673422569087,484.7778421197056,488.8176574707031,60427400,0.0,0.0
2015-01-02,488.8176369546842,496.89726731757156,480.7380065917969,480.7380065917969,48074000,0.0,0.0
2015-01-02,484.77783203125,492.85746256510413,480.7380167643229,484.77783203125,38118700,0.0,0.0
2015-01-02,492.85754199218746,504.97698974609375,488.81772607421874,504.97698974609375,51894500,0.0,0.0
2015-01-02,504.9768153244887,513.0564443696805,496.89718627929693,496.8971862792969,44427900,0.0,0.0
2015-01-02,517.0963010204082,593.852783203125,517.0963010204082,593.852783203125,319380300,0.0,0.0
2015-01-02,593.8527599925726,593.8527599925726,569.6138718296105,573.6536865234375,114477100,0.0,0.0
2015-01-02,557.494487865551,601.9324542896168,557.494487865551,597.8926391601562,181244900,0.0,0.0
2015-01-02,593.852783203125,605.9722277582908,585.7731534996811,593.852783203125,87724500,0.0,0.0
2015-01-02,597.8926387392241,597.8926387392241,581.7333782327587,585.773193359375,43586800,0.0,0.0
2015-01-02,577.693461947971,585.773090786404,573.6536475287543,581.7332763671875,39041000,0.0,0.0
2015-01-02,581.733379035596,622.1315303575125,573.6537487712128,610.0120849609375,138590700,0.0,0.0
2015-01-02,618.0917152253209,622.1315303575125,601.9324546965543,610.0120849609375,49860000,0.0,0.0
2015-01-02,614.0519205729166,630.211181640625,610.0121053059895,618.0917358398438,82314700,0.0,0.0
2015-01-02,614.0519000931291,618.0917152253209,605.9722698287459,610.0120849609375,35617200,0.0,0.0
2015-01-02,614.0518782106165,618.0916931988442,589.81298828125,589.81298828125,44969700,0.0,0.0
2015-01-02,589.8129695638021,618.0916735839843,577.6935249837239,605.9722290039062,82577000,0.0,0.0
2015-01-02,610.0120648835834,618.0916948820415,597.8926198858964,614.0518798828125,47553700,0.0,0.0
2015-01-02,610.0121053059895,630.211181640625,610.0121053059895,618.0917358398438,85694000,0.0,0.0
2015-01-02,618.0916549880783,642.3305434189833,614.0518402495942,622.1314697265625,135346100,0.0,0.0
2015-01-02,622.1314697265625,622.1314697265625,622.1314697265625,622.1314697265625,0,0.0,0.0
2015-01-02,622.1314697265625,622.1314697265625,622.1314697265625,622.1314697265625,0,0.0,0.0
2015-01-02,614.0518402495942,638.2907286804992,614.0518402495942,622.1314697265625,71071800,0.0,0.0
2015-01-02,634.250913942015,634.250913942015,618.0916549880783,622.1314697265625,37337500,0.0,0.0
2015-01-02,626.1713663736979,626.1713663736979,614.0519205729166,618.0917358398438,38070900,0.0,0.0
2015-01-02,618.0917358398438,618.0917358398438,618.0917358398438,618.0917358398438,0,0.0,0.0
2015-01-02,618.0917358398438,618.0917358398438,618.0917358398438,618.0917358398438,0,0.0,0.0
2015-01-02,622.1315299369193,626.1713450663798,593.8528240306957,597.8926391601562,53128900,0.0,0.0
2015-01-02,605.9722290039062,610.0120438639323,597.8925992838541,605.9722290039062,34641100,0.0,0.0
2015-01-02,605.9722498843544,618.0916948820415,601.9324348851254,614.0518798828125,59878500,0.0,0.0
2015-01-02,626.1712844650467,634.250913942015,618.0916549880783,622.1314697265625,65853100,0.0,0.0
2015-01-02,626.1713248804996,630.2111398797285,610.0120648835834,614.0518798828125,82485900,0.0,0.0
2015-01-02,622.1315511067708,638.2908121744791,618.0917358398438,630.211181640625,105654500,0.0,0.0
2015-01-02,630.2112017281448,650.4102787066109,626.1713863324516,638.2908325195312,150289500,0.0,0.0
2015-01-02,642.3306479152245,646.3704633109178,630.2112017281448,638.2908325195312,56407400,0.0,0.0
2015-01-02,642.3306274414062,642.3306274414062,626.1713663736979,630.211181640625,41648200,0.0,0.0
2015-01-02,630.2111429354039,670.6092931235709,630.2111429354039,662.5296630859375,165281200,0.0,0.0
2015-01-02,670.6093343098958,715.0473022460938,666.5695190429688,702.9278564453125,245187100,0.0,0.0
2015-01-02,702.9278354983359,715.0472809379623,678.6889446190829,682.728759765625,92137700,0.0,0.0
2015-01-02,686.7685546875,702.9278147977941,678.688924632353,686.7685546875,73986800,0.0,0.0
2015-01-02,690.8082885742188,702.9277322334156,686.7684740211531,690.8082885742188,72190100,0.0,0.0
2015-01-02,690.8083896866764,694.848204831043,662.5296836761107,670.6093139648438,77107300,0.0,0.0
2015-01-02,670.6093146745549,715.0472813096158,666.569499525913,694.8482055664062,141396200,0.0,0.0
2015-01-02,698.8880018521953,731.2065221690599,690.8083717729792,723.1268920898438,196537400,0.0,0.0
2015-01-02,723.1268740418137,763.5250234296245,723.1268740418137,751.4055786132812,261090200,0.0,0.0
2015-01-02,763.5250431941106,767.5648582374656,735.246337890625,735.246337890625,132450700,0.0,0.0
2015-01-02,735.2463584568189,751.4056190822436,727.1667281441066,743.3259887695312,96595800,0.0,0.0
2015-01-02,755.4454348915502,775.6445106907895,755.4454348915502,767.5648803710938,180203800,0.0,0.0
2015-01-02,779.6842651367188,791.8037096725227,771.6046354461828,779.6842651367188,133938100,0.0,0.0
2015-01-02,787.7638530731201,787.7638530731201,771.6045945485433,775.6444091796875,59971800,0.0,0.0
2015-01-02,783.7241422445467,840.2815545714727,783.7241422445467,816.0426635742188,303518900,0.0,0.0
2015-01-02,816.0426635742188,816.0426635742188,816.0426635742188,816.0426635742188,0,0.0,0.0
2015-01-02,828.1620725866866,888.7592974101027,812.0028126337756,884.719482421875,285524200,0.0,0.0
2015-01-02,872.5999940116451,929.1574010309184,848.3611052890994,856.4407348632812,369835900,0.0,0.0
2015-01-02,848.3611852134146,872.6000762195122,828.162109375,828.162109375,179593300,0.0,0.0
2015-01-02,828.1621084407884,828.1621084407884,787.7639568095304,791.8037719726562,222915600,0.0,0.0
2015-01-02,791.8036677042643,803.9231115976969,755.4453360239664,775.6444091796875,182840300,0.0,0.0
2015-01-02,787.7639574107558,840.2815545714727,767.5648815797107,816.0426635742188,277124100,0.0,0.0
2015-01-02,824.1222729492187,832.2019030761718,795.8435675048828,807.9630126953125,139034400,0.0,0.0
2015-01-02,799.8834016498766,803.9232168097245,767.5648803710938,767.5648803710938,142476600,0.0,0.0
2015-01-02,787.7640169229938,824.1223561655936,783.7242014515939,803.9232788085938,173591600,0.0,0.0
2015-01-02,807.9630335365854,852.4010003810976,803.9232183689024,828.162109375,255674400,0.0,0.0
2015-01-02,840.2814757149175,880.679623585827,840.2814757149175,856.4407348632812,261788400,0.0,0.0
2015-01-02,872.60009765625,876.639912923177,832.2019449869791,836.2417602539062,158909700,0.0,0.0
2015-01-02,836.2417402945424,856.4408161470675,816.0426644420172,852.4010009765625,129281800,0.0,0.0
2015-01-02,860.4805719753564,880.6796464348719,856.4407570834534,876.6398315429688,177237000,0.0,0.0
2015-01-02,868.5602405310818,868.5602405310818,836.241719953181,844.3213500976562,148389300,0.0,0.0
2015-01-02,852.4010421604786,856.4408575261681,832.2019653320312,832.2019653320312,61838900,0.0,0.0
2015-01-02,840.2815338285099,844.3213488949931,791.8037530307113,820.0824584960938,192898000,0.0,0.0
2015-01-02,807.9630341010071,852.4010009765625,807.9630341010071,852.4010009765625,117661600,0.0,0.0
2015-01-02,856.4408365885416,868.5602823893229,844.3213907877604,848.3612060546875,100864600,0.0,0.0
2015-01-02,840.2815755208333,860.4806518554688,820.0824991861979,836.2417602539062,126418900,0.0,0.0
2015-01-02,848.3611651698939,860.4806103866066,840.2815350254186,844.3213500976562,87855200,0.0,0.0
2015-01-02,844.3213500976562,844.3213500976562,844.3213500976562,844.3213500976562,0,0.0,0.0
2015-01-02,816.042621651081,820.0824366097498,799.8833618164062,799.8833618164062,137044900,0.0,0.0
2015-01-02,816.0427252227936,828.1621716369935,799.8834633371938,803.9232788085938,133205500,0.0,0.0
2015-01-02,816.0425779991543,820.0823927417244,771.6046158308835,783.7240600585938,144227600,0.0,0.0
2015-01-02,787.7638948272547,799.8833393630586,775.6444502914508,779.6842651367188,98820400,0.0,0.0
2015-01-02,787.7638948272547,787.7638948272547,775.6444502914508,779.6842651367188,65563000,0.0,0.0
2015-01-02,779.6842256986179,799.8832989032452,767.5647817758414,787.7638549804688,72567000,0.0,0.0
2015-01-02,791.8037505624181,795.8435656163081,763.5250451851889,771.6046752929688,95086600,0.0,0.0
2015-01-02,775.6444091796875,787.7638530731201,771.6045945485433,775.6444091796875,69781500,0.0,0.0
2015-01-02,775.6444091796875,791.8036677042643,775.6444091796875,775.6444091796875,55325000,0.0,0.0
2015-01-02,783.7240799819867,791.8037096725227,775.6444502914508,779.6842651367188,42876300,0.0,0.0
2015-01-02,775.6444091796875,779.6842238108317,767.564779917399,775.6444091796875,38781500,0.0,0.0
2015-01-02,759.4852493949559,763.525064551312,735.2463584568189,743.3259887695312,105587900,0.0,0.0
2015-01-02,747.3657009770961,759.4851447767247,735.2462571774676,739.2860717773438,63741400,0.0,0.0
2015-01-02,747.3657616509331,747.3657616509331,719.087057156033,727.1666870117188,59113200,0.0,0.0
2015-01-02,723.1268913962624,739.2861515391957,702.9278162175958,711.0074462890625,101873800,0.0,0.0
2015-01-02,711.0074262888418,723.1268710551288,702.9277964446504,715.0472412109375,73446700,0.0,0.0
2015-01-02,727.166650650349,763.5249831828664,727.166650650349,759.4851684570312,132618300,0.0,0.0
2015-01-02,759.4852493949559,767.5648797076681,743.3259887695312,743.3259887695312,102133500,0.0,0.0
2015-01-02,743.3259887695312,743.3259887695312,743.3259887695312,743.3259887695312,0,0.0,0.0
2015-01-02,755.4453301768485,763.5249593766009,735.2462571774676,739.2860717773438,49497700,0.0,0.0
2015-01-02,735.2463581232735,747.3658035868439,727.1667278142265,731.20654296875,33851900,0.0,0.0
2015-01-02,731.2065008993202,735.2463158214159,711.0074262888418,715.0472412109375,70696700,0.0,0.0
2015-01-02,715.04724222819,739.2861317952473,715.04724222819,727.1666870117188,53409600,0.0,0.0
2015-01-02,727.1667071294518,735.2463372086679,719.0870770502357,723.1268920898438,45347600,0.0,0.0
2015-01-02,727.1667071294518,731.2065221690599,719.0870770502357,723.1268920898438,36952500,0.0,0.0
2015-01-02,715.0472613247958,719.0870763605291,706.9676312533292,711.0074462890625,45356300,0.0,0.0
2015-01-02,711.0074262888418,719.0870561330331,711.0074262888418,715.0472412109375,30757400,0.0,0.0
2015-01-02,711.0074469710196,727.1667071294518,711.0074469710196,723.1268920898438,27035500,0.0,0.0
2015-01-02,723.1268920898438,723.1268920898438,723.1268920898438,723.1268920898438,0,0.0,0.0
2015-01-02,731.2065008993202,735.2463158214159,715.0472412109375,715.0472412109375,41688500,0.0,0.0
2015-01-02,715.0472412109375,715.0472412109375,715.0472412109375,715.0472412109375,0,0.0,0.0
2015-01-02,711.0073613395467,719.086990445678,686.7684740211531,690.8082885742188,75543000,0.0,0.0
2015-01-02,694.8482062521945,719.0870971679688,690.8083910995655,719.0870971679688,54820700,0.0,0.0
2015-01-02,719.0870763605291,719.0870763605291,706.9676312533292,711.0074462890625,28625000,0.0,0.0
2015-01-02,711.0074869791666,715.0473022460938,698.8880411783854,702.9278564453125,28515800,0.0,0.0
2015-01-02,698.8880814034599,711.0075279017857,698.8880814034599,706.9677124023438,33910900,0.0,0.0
2015-01-02,706.9677124023438,715.0473434012277,702.9278969029018,706.9677124023438,26437700,0.0,0.0
2015-01-02,706.9676305517296,711.0074455834538,690.8083704248329,698.8880004882812,47939900,0.0,0.0
2015-01-02,698.8880004882812,698.8880004882812,698.8880004882812,698.8880004882812,0,0.0,0.0
2015-01-02,698.8879982552877,702.9278132741044,658.4898480671208,662.5296630859375,105857000,0.0,0.0
2015-01-02,662.5297248936907,666.5695402893839,634.251017123838,638.2908325195312,95259500,0.0,0.0
2015-01-02,640.5408228824014,640.5408228824014,611.7986064710115,624.11669921875,83337600,12.74,0.0
2015-01-02,628.2228393554688,640.5409342447916,628.2228393554688,628.2228393554688,37394800,0.0,0.0
2015-01-02,620.0107760959202,632.328870985243,615.9047444661459,628.2228393554688,38541800,0.0,0.0
2015-01-02,628.2228109281357,632.3288423721104,599.4805908203125,599.4805908203125,55956100,0.0,0.0
2015-01-02,607.6926138449036,615.904676194159,591.2684891463927,611.7986450195312,57424000,0.0,0.0
2015-01-02,611.7986851522368,615.9047165962114,595.3745593763377,599.4805908203125,45550200,0.0,0.0
2015-01-02,591.2685203014966,591.2685203014966,574.8443947375661,583.0564575195312,66670300,0.0,0.0
2015-01-02,591.2684849330357,603.5865783691406,570.7383292061942,574.8443603515625,100102600,0.0,0.0
2015-01-02,574.844338075958,587.1624310347286,558.4202141309306,562.5262451171875,52975400,0.0,0.0
2015-01-02,566.6323160199977,570.7383472955048,550.2081909179688,550.2081909179688,36307200,0.0,0.0
2015-01-02,554.3141831446737,566.6322761034443,541.9960901859032,562.5262451171875,49978300,0.0,0.0
2015-01-02,566.6323319556008,595.3745516924791,566.6323319556008,583.0564575195312,65902900,0.0,0.0
2015-01-02,574.8443947375661,595.3745516924791,574.8443947375661,583.0564575195312,49193900,0.0,0.0
2015-01-02,583.0564393739443,607.692626953125,583.0564393739443,607.692626953125,62518900,0.0,0.0
2015-01-02,607.692653708262,620.0107480401862,591.268527932363,599.4805908203125,84783700,0.0,0.0
2015-01-02,607.692626953125,624.1167520059122,603.5865956899282,607.692626953125,75187700,0.0,0.0
2015-01-02,615.9046808878581,615.9046808878581,591.2684936523438,591.2684936523438,56803700,0.0,0.0
2015-01-02,583.0563836797968,595.3744762927503,578.9503528088123,587.1624145507812,38469900,0.0,0.0
2015-01-02,587.1624145507812,587.1624145507812,587.1624145507812,587.1624145507812,0,0.0,0.0
2015-01-02,587.1624494881465,599.4805428340518,587.1624494881465,595.37451171875,33515000,0.0,0.0
2015-01-02,595.37451171875,595.37451171875,595.37451171875,595.37451171875,0,0.0,0.0
2015-01-02,595.37451171875,595.37451171875,595.37451171875,595.37451171875,0,0.0,0.0
2015-01-02,595.37451171875,595.37451171875,595.37451171875,595.37451171875,0,0.0,0.0
2015-01-02,595.37451171875,595.37451171875,595.37451171875,595.37451171875,0,0.0,0.0
2015-01-02,595.37451171875,595.37451171875,595.37451171875,595.37451171875,0,0.0,0.0
2015-01-02,599.4805798652844,656.9650190304487,599.4805798652844,640.5408935546875,172262900,0.0,0.0
2015-01-02,644.646885518008,669.2830722257027,632.3287921641607,652.8589477539062,116959700,0.0,0.0
2015-01-02,652.8590360021896,665.1771310210987,640.5409409832803,644.64697265625,54716300,0.0,0.0
2015-01-02,644.6469249236278,648.7529562925681,628.2227994478666,640.5408935546875,41048700,0.0,0.0
2015-01-02,644.646959135804,652.8590223095084,636.4348959620994,648.7529907226562,51605300,0.0,0.0
2015-01-02,656.9650607638889,661.0710923936632,624.1168077256945,628.2228393554688,46657900,0.0,0.0
2015-01-02,628.2227523311492,640.5408455141129,628.2227523311492,636.434814453125,24803000,0.0,0.0
2015-01-02,648.7529166359571,656.9649788718554,644.646885518008,652.8589477539062,48304200,0.0,0.0
2015-01-02,665.1770148425369,677.4951077099913,656.9649529309006,661.0709838867188,91642200,0.0,0.0
2015-01-02,669.2831211090088,673.3891525268555,644.6469326019287,656.9650268554688,82014000,0.0,0.0
2015-01-02,661.0710099898045,669.2830722257027,652.8589477539062,652.8589477539062,37223500,0.0,0.0
2015-01-02,661.0710600903755,698.0253429525703,652.8589972321099,693.9193115234375,242773400,0.0,0.0
2015-01-02,693.9191787257339,698.0252093690815,673.3890255089963,677.4950561523438,105044300,0.0,0.0
2015-01-02,681.6011962890625,693.919290197901,673.3891336831703,681.6011962890625,64619500,0.0,0.0
2015-01-02,689.8132800943048,706.2374058108359,681.6012172360392,693.9193115234375,131205700,0.0,0.0
2015-01-02,698.0253295898438,710.3434236414292,689.8132668887868,698.0253295898438,112441000,0.0,0.0
2015-01-02,693.9192635672433,698.0252947126116,685.7072012765067,689.813232421875,34077600,0.0,0.0
2015-01-02,693.9193313692244,698.0253629157879,665.1771105432803,669.2831420898438,82796400,0.0,0.0
2015-01-02,677.4951916206173,681.6012230849848,669.2831286918826,673.38916015625,42211300,0.0,0.0
2015-01-02,673.3890637056327,677.4950945818865,665.177001953125,665.177001953125,27266000,0.0,0.0
2015-01-02,665.1769642223012,685.7071174390388,656.9649029356061,677.4950561523438,47875600,0.0,0.0
2015-01-02,677.4950561523438,689.8131480823864,677.4950561523438,677.4950561523438,49279300,0.0,0.0
2015-01-02,681.6012230849848,689.8132860137194,669.2831286918826,673.38916015625,33570400,0.0,0.0
2015-01-02,685.7072355382583,702.1313609403722,677.4951728372014,698.0253295898438,114504000,0.0,0.0
2015-01-02,698.0253429525703,702.131374381703,685.707248665172,693.9193115234375,54953400,0.0,0.0
2015-01-02,702.1312834999778,726.767468885942,702.1312834999778,722.6614379882812,192125200,0.0,0.0
2015-01-02,726.7674911754758,743.1916152698368,718.5554291282953,734.9795532226562,141194200,0.0,0.0
2015-01-02,739.0856323242188,763.7218200683594,726.7675384521484,739.0856323242188,238303800,0.0,0.0
2015-01-02,755.5097476356908,808.8881537186472,755.5097476356908,780.1459350585938,335413700,0.0,0.0
2015-01-02,796.5700242062833,808.8881173641124,767.8278068380154,771.933837890625,137797900,0.0,0.0
2015-01-02,771.9338467915852,788.3579711914062,751.4036912918091,788.3579711914062,119839200,0.0,0.0
2015-01-02,780.1458999958445,796.5700242062833,771.933837890625,771.933837890625,82880700,0.0,0.0
2015-01-02,771.9338856853506,788.3580109126984,767.8278543785135,776.0399169921875,48601800,0.0,0.0
2015-01-02,784.2518950431578,792.4639567713583,759.615709858556,763.7217407226562,78453700,0.0,0.0
2015-01-02,763.7218477056267,763.7218477056267,726.7675647521287,730.8735961914062,87812600,0.0,0.0
2015-01-02,734.9795532226562,751.4036773170174,722.6614601518855,734.9795532226562,63726900,0.0,0.0
2015-01-02,743.1915740150819,771.9337895847259,743.1915740150819,767.8277587890625,84114000,0.0,0.0
2015-01-02,771.9337895847259,776.0398203803893,759.6156971977356,767.8277587890625,48705800,0.0,0.0
2015-01-02,767.8278462177998,771.9338774809966,755.5097524282095,759.6157836914062,46309500,0.0,0.0
2015-01-02,743.1916636149089,755.5097574869792,730.8735697428385,739.0856323242188,100773500,0.0,0.0
2015-01-02,739.0856791651526,739.0856791651526,702.1313952068949,706.2374267578125,83532300,0.0,0.0
2015-01-02,698.0252789436503,776.0398689432348,681.6011547332115,771.933837890625,247604900,0.0,0.0
2015-01-02,776.0398823752332,845.8424114777674,771.9338512515546,825.312255859375,487598800,0.0,0.0
2015-01-02,862.2665584788602,882.7967146331189,829.4183086320465,837.63037109375,257680900,0.0,0.0
2015-01-02,845.8424370277656,886.9027495048416,833.5243432846428,874.5846557617188,240007000,0.0,0.0
2015-01-02,878.6907687717014,886.90283203125,845.842515733507,849.9485473632812,179863500,0.0,0.0
2015-01-02,858.1605307708884,891.0087807525492,849.9484682754731,874.5846557617188,175124700,0.0,0.0
2015-01-02,878.6906903241131,927.9630654824747,862.266565271326,911.5389404296875,323676500,0.0,0.0
2015-01-02,895.1147302900042,936.1750390189035,891.0086994171143,919.7509155273438,195784600,0.0,0.0
2015-01-02,936.1750390189035,944.3871007646833,919.7509155273438,919.7509155273438,141043100,0.0,0.0
2015-01-02,927.963134203089,927.963134203089,891.0088500976562,891.0088500976562,85735700,0.0,0.0
2015-01-02,886.9027273995536,886.9027273995536,849.9484470912388,862.2665405273438,117148500,0.0,0.0
2015-01-02,866.3725802697868,891.0087673864632,841.7363931531104,878.690673828125,151189900,0.0,0.0
2015-01-02,882.7967232924242,886.9027545635518,849.9484731234037,854.0545043945312,65051200,0.0,0.0
2015-01-02,858.160540801551,858.160540801551,833.5243530273438,833.5243530273438,87934800,0.0,0.0
2015-01-02,837.6304054630613,870.4786566576911,833.5243740637326,845.8424682617188,147239400,0.0,0.0
2015-01-02,854.0544960171568,858.1605272480085,837.63037109375,837.63037109375,69950500,0.0,0.0
2015-01-02,845.8424159458705,870.4786028180804,841.7363848005023,862.2665405273438,102409700,0.0,0.0
2015-01-02,870.4785896771326,891.0087450940462,862.2665275103673,866.37255859375,161352000,0.0,0.0
2015-01-02,882.7967050142377,886.9027362003504,858.1605178975614,878.690673828125,100688800,0.0,0.0
2015-01-02,919.7509097889957,964.9172491089911,915.6448789417234,960.8112182617188,380923500,0.0,0.0
2015-01-02,960.811315588049,960.811315588049,907.4329091664907,911.5389404296875,184669600,0.0,0.0
2015-01-02,919.7509055397728,936.175028852983,895.1147205699574,903.3267822265625,108867300,0.0,0.0
2015-01-02,907.4328130548652,915.6448747114703,891.0086897416548,903.3267822265625,109971500,0.0,0.0
2015-01-02,895.1147852698039,903.3268475199856,882.7966918945312,882.7966918945312,70609200,0.0,0.0
2015-01-02,886.9026685442243,932.0690081460135,886.9026685442243,919.7509155273438,153116500,0.0,0.0
2015-01-02,927.9630126953125,952.5991988730642,911.5388885768115,927.9630126953125,202036800,0.0,0.0
2015-01-02,923.8570556640625,936.1751497395834,915.6449929470486,923.8570556640625,65474500,0.0,0.0
2015-01-02,923.8569464002337,936.1750390189035,915.6448846544538,919.7509155273438,59565600,0.0,0.0
2015-01-02,919.7509856892523,923.857016875365,866.3725802697868,878.690673828125,128241500,0.0,0.0
2015-01-02,878.6906651088169,891.0087585449219,854.0544782366071,862.2665405273438,95702700,0.0,0.0
2015-01-02,858.1605093819754,870.4786028180804,854.0544782366071,862.2665405273438,40393900,0.0,0.0
2015-01-02,866.3725932663036,886.9027495048416,862.266562018596,874.5846557617188,77525900,0.0,0.0
2015-01-02,874.5845850894325,886.902677837171,858.1604614257812,858.1604614257812,46921500,0.0,0.0
2015-01-02,862.266562018596,882.796718257134,858.1605307708884,874.5846557617188,77305700,0.0,0.0
2015-01-02,878.6906518438981,882.7966829272808,866.37255859375,866.37255859375,50722600,0.0,0.0
2015-01-02,862.2665720972522,866.3726033929534,829.4183217316425,833.5243530273438,104106400,0.0,0.0
2015-01-02,833.5243663221303,849.9484917669014,825.3123035997448,829.4183349609375,67498200,0.0,0.0
2015-01-02,833.5243530273438,845.8424469144474,829.4183217316425,833.5243530273438,70656200,0.0,0.0
2015-01-02,833.5243582677359,837.6303895892519,808.8881703386403,812.9942016601562,65010900,0.0,0.0
2015-01-02,812.994180063101,821.2062424879808,792.4640240009014,800.6760864257812,73819000,0.0,0.0
2015-01-02,812.9942345744028,817.1002660621523,780.1459826724067,784.2520141601562,70031100,0.0,0.0
2015-01-02,792.4639836186948,800.6760456251061,751.4036735866381,755.5097045898438,79407500,0.0,0.0
2015-01-02,755.5097099659974,796.5700202902365,751.4036789335736,792.4639892578125,77444800,0.0,0.0
2015-01-02,800.676064491272,808.8881266911824,776.0398778915405,788.3579711914062,46452800,0.0,0.0
2015-01-02,792.4640771356552,804.7821715989038,776.0399511846572,784.2520141601562,45234500,0.0,0.0
2015-01-02,780.1458641790574,784.2518950431578,763.7217407226562,763.7217407226562,49179800,0.0,0.0
2015-01-02,767.8278571234808,817.1002329816722,767.8278571234808,812.9942016601562,139352700,0.0,0.0
2015-01-02,817.1002197265625,833.5243447461919,812.9941884716551,817.1002197265625,106467700,0.0,0.0
2015-01-02,817.100227844539,841.7364156187462,808.8881652531365,833.5243530273438,72275400,0.0,0.0
2015-01-02,833.5243313598633,837.6303625488281,812.9941754150391,821.2062377929688,61701300,0.0,0.0
2015-01-02,812.994092292592,817.1001230617466,804.782030754283,808.8880615234375,34088600,0.0,0.0
2015-01-02,808.8881266911824,825.3122510910034,788.3579711914062,788.3579711914062,85270100,0.0,0.0
2015-01-02,776.0399511846572,796.5701086234047,771.9339196969078,784.2520141601562,57845600,0.0,0.0
2015-01-02,784.2518819717162,796.5699743587065,755.5096664020722,767.8277587890625,125613800,0.0,0.0
2015-01-02,771.9338774809966,784.251971270587,755.5097524282095,759.6157836914062,80512500,0.0,0.0
2015-01-02,755.5096789944556,771.9338024508569,751.4036481303554,763.7217407226562,50069600,0.0,0.0
2015-01-02,776.0399511846572,784.2520141601562,771.9339196969078,784.2520141601562,74596500,0.0,0.0
2015-01-02,788.3579927884616,804.7821176382212,780.1459303635818,800.6760864257812,108649300,0.0,0.0
2015-01-02,804.7821715989038,808.8882030866533,784.2520141601562,784.2520141601562,87426200,0.0,0.0
2015-01-02,780.1459040407275,780.1459040407275,747.297655449539,751.4036865234375,177588400,0.0,0.0
2015-01-02,759.6157836914062,776.0399087441934,755.5097524282095,759.6157836914062,133909400,0.0,0.0
2015-01-02,763.7217407226562,771.9338024508569,759.615709858556,763.7217407226562,69322000,0.0,0.0
2015-01-02,767.8278791449043,767.8278791449043,726.7675647521287,730.8735961914062,126383800,0.0,0.0
2015-01-02,739.0856291118421,743.1916603846856,698.0253163834064,702.13134765625,118830800,0.0,0.0
2015-01-02,702.1313258579798,710.3433881487165,665.1770455496652,689.813232421875,148393600,0.0,0.0
2015-01-02,681.6012438014596,698.0253701581213,673.3891806231287,685.707275390625,80390400,0.0,0.0
2015-01-02,689.8132668887868,714.4494549919577,677.4951728372014,698.0253295898438,109181300,0.0,0.0
2015-01-02,702.131374381703,706.2374058108359,681.6012172360392,693.9193115234375,53514100,0.0,0.0
2015-01-02,689.8133069797905,702.1314017472866,677.4952122122942,685.707275390625,41949800,0.0,0.0
2015-01-02,681.6011962890625,689.8132588949549,673.3891336831703,681.6011962890625,28520100,0.0,0.0
2015-01-02,669.2831286918826,677.4951916206173,656.9650342987804,673.38916015625,66391100,0.0,0.0
2015-01-02,681.6012230849848,685.7072545493521,669.2831286918826,673.38916015625,43113100,0.0,0.0
2015-01-02,673.3891736364071,681.6012367295341,656.9650474501533,669.2831420898438,49980300,0.0,0.0
2015-01-02,665.1769642223012,685.7071174390388,665.1769642223012,677.4950561523438,44594900,0.0,0.0
2015-01-02,677.4951916206173,681.6012230849848,669.2831286918826,673.38916015625,24328500,0.0,0.0
2015-01-02,673.3891806231287,685.707275390625,669.2831490339634,685.707275390625,35948500,0.0,0.0
2015-01-02,689.8131480823864,693.9191787257339,673.3890255089963,677.4950561523438,38079700,0.0,0.0
2015-01-02,673.3891736364071,681.6012367295341,665.1771105432803,669.2831420898438,35867700,0.0,0.0
2015-01-02,673.3890637056327,677.4950945818865,661.070971076871,665.177001953125,27803700,0.0,0.0
2015-01-02,665.1771105432803,673.3891736364071,661.0710789967168,669.2831420898438,19463000,0.0,0.0
2015-01-02,673.3890637056327,673.3890637056327,656.9649402006172,665.177001953125,35581900,0.0,0.0
2015-01-02,665.1770817683293,669.2831131372697,636.4348621857472,640.5408935546875,53831000,0.0,0.0
2015-01-02,640.540849609375,640.540849609375,611.7986319986979,615.9046630859375,56329600,0.0,0.0
2015-01-02,615.9046630859375,628.2227563476563,603.5865698242187,615.9046630859375,46034900,0.0,0.0
2015-01-02,607.6926748541337,661.071085483213,607.6926748541337,648.7529907226562,68015300,0.0,0.0
2015-01-02,644.6468765751008,656.9649697580645,632.3287833921371,636.434814453125,51903700,0.0,0.0
2015-01-02,636.4349093103106,648.7530043292198,632.3288776373408,644.64697265625,36996800,0.0,0.0
2015-01-02,644.6468600634463,669.283045798355,644.6468600634463,661.0709838867188,71148200,0.0,0.0
2015-01-02,665.177001953125,669.2830328293788,648.7528784481095,665.177001953125,58178100,0.0,0.0
2015-01-02,665.1769642223012,685.7071174390388,661.0709335789536,677.4950561523438,97666600,0.0,0.0
2015-01-02,677.4950561523438,685.7071174390388,673.3890255089963,677.4950561523438,45785500,0.0,0.0
2015-01-02,681.6010867956913,685.7071174390388,677.4950561523438,677.4950561523438,24139700,0.0,0.0
2015-01-02,685.707275390625,702.1314017472866,685.707275390625,685.707275390625,102156900,0.0,0.0
2015-01-02,693.9192982393153,702.1313609403722,685.7072355382583,698.0253295898438,73516800,0.0,0.0
2015-01-02,702.131261219179,710.3433227539062,698.0252304518153,710.3433227539062,83127000,0.0,0.0
2015-01-02,714.4494898596475,714.4494898596475,693.9193321050599,706.2374267578125,42848800,0.0,0.0
2015-01-02,706.2373841067395,706.2373841067395,677.4951649861164,681.6011962890625,56603100,0.0,0.0
2015-01-02,681.6012438014596,693.9193385689558,677.4952122122942,685.707275390625,43386700,0.0,0.0
2015-01-02,693.919290197901,698.0253215008472,677.4951649861164,681.6011962890625,35549100,0.0,0.0
2015-01-02,685.7071174390388,693.9191787257339,677.4950561523438,677.4950561523438,38930900,0.0,0.0
2015-01-02,681.6011701311384,698.0252947126116,681.6011701311384,689.813232421875,56216100,0.0,0.0
2015-01-02,698.0253701581213,698.0253701581213,681.6012438014596,685.707275390625,34923000,0.0,0.0
2015-01-02,689.813232421875,693.9192635672433,685.7072012765067,689.813232421875,25759500,0.0,0.0
2015-01-02,693.9192635672433,698.0252947126116,677.49513898577,689.813232421875,26829200,0.0,0.0
2015-01-02,693.9192982393153,698.0253295898438,689.8132668887868,698.0253295898438,52105900,0.0,0.0
2015-01-02,706.2373612398482,730.8735482598428,702.131330069849,726.7675170898438,153322300,0.0,0.0
2015-01-02,726.7675435965402,734.9796062360491,710.3434183175224,718.5554809570312,93750600,0.0,0.0
2015-01-02,734.9796483161041,755.509806090297,730.8736167612656,743.1917114257812,217122000,0.0,0.0
2015-01-02,734.9795306812633,739.0855615789241,718.5554070906206,722.6614379882812,109423800,0.0,0.0
2015-01-02,722.6614859198446,726.7675170898438,710.3433924098472,726.7675170898438,47623200,0.0,0.0
2015-01-02,726.7674949909078,730.8735260360543,714.4494018554688,714.4494018554688,47500600,0.0,0.0
2015-01-02,714.4494549919577,714.4494549919577,693.9192982393153,698.0253295898438,98284800,0.0,0.0
2015-01-02,698.0253701581213,710.3434649256175,681.6012438014596,685.707275390625,73346600,0.0,0.0
2015-01-02,698.0253429525703,706.2374058108359,689.8132800943048,693.9193115234375,52551000,0.0,0.0
2015-01-02,689.813232421875,693.9192635672433,685.7072012765067,689.813232421875,36767000,0.0,0.0
2015-01-02,689.8132278154482,698.0252900513464,644.646885518008,652.8589477539062,164357600,0.0,0.0
2015-01-02,652.8589477539062,665.1770411077536,640.540854400059,652.8589477539062,72996000,0.0,0.0
2015-01-02,656.9649832589286,661.0710144042969,620.0107029506138,632.3287963867188,129107000,0.0,0.0
2015-01-02,644.6469249236278,648.7529562925681,628.2227994478666,640.5408935546875,38416900,0.0,0.0
2015-01-02,640.5409409832803,648.7530043292198,636.4349093103106,644.64697265625,25277000,0.0,0.0
2015-01-02,648.7529117838542,648.7529117838542,611.7986319986979,615.9046630859375,92354300,0.0,0.0
2015-01-02,615.9046630859375,624.1167252604166,599.4805387369792,615.9046630859375,81359900,0.0,0.0
2015-01-02,624.1167252604166,628.2227563476563,615.9046630859375,615.9046630859375,38092300,0.0,0.0
2015-01-02,615.9046894795185,624.1167520059122,607.692626953125,607.692626953125,60227100,0.0,0.0
2015-01-02,611.7986496819391,611.7986496819391,587.1624624464247,591.2684936523438,65280900,0.0,0.0
2015-01-02,595.3744762927503,599.4805071637347,578.9503528088123,587.1624145507812,45970300,0.0,0.0
2015-01-02,595.3745593763377,603.5866222642873,587.1624964883882,599.4805908203125,49024800,0.0,0.0
2015-01-02,599.4805428340518,603.5865739493535,587.1624494881465,595.37451171875,28225000,0.0,0.0
2015-01-02,599.4805775337479,603.5866088867188,587.1624834748352,603.5866088867188,28180200,0.0,0.0
2015-01-02,599.4805908203125,607.692653708262,591.268527932363,599.4805908203125,27156200,0.0,0.0
2015-01-02,615.9046808878581,615.9046808878581,583.0564312405056,591.2684936523438,50506700,0.0,0.0
2015-01-02,599.4805560641819,599.4805560641819,587.1624624464247,591.2684936523438,21224000,0.0,0.0
2015-01-02,591.2684454217658,595.3744762927503,578.9503528088123,587.1624145507812,20699300,0.0,0.0
2015-01-02,587.1625087962431,591.2685403262867,558.4202880859375,558.4202880859375,48920800,0.0,0.0
2015-01-02,558.4203016493055,566.6323649088541,546.1022067599827,554.3142700195312,29968100,0.0,0.0
2015-01-02,554.3142565558938,566.6323511460248,550.2082250258502,558.4202880859375,33798800,0.0,0.0
2015-01-02,558.4201412477355,578.9502934994905,554.3141107973845,566.6322021484375,61588700,0.0,0.0
2015-01-02,574.8443473653591,591.2684715757979,574.8443473653591,578.9503784179688,94198000,0.0,0.0
2015-01-02,583.0564575195312,591.2685203014966,578.9504261285487,583.0564575195312,23540300,0.0,0.0
2015-01-02,587.1624537876673,587.1624537876673,570.7383292061942,574.8443603515625,74636900,0.0,0.0
2015-01-02,583.0564000484717,587.1624310347286,558.4202141309306,562.5262451171875,67340700,0.0,0.0
2015-01-02,562.5263121633819,562.5263121633819,537.8901233095112,541.9961547851562,97963600,0.0,0.0
2015-01-02,533.7840488978794,541.996111188616,517.3599243164062,517.3599243164062,93935900,0.0,0.0
2015-01-02,517.3599426269532,533.7840677897135,488.6177235921224,492.7237548828125,104666900,0.0,0.0
2015-01-02,484.5117288340693,484.5117288340693,443.45141283118204,472.1936340332031,137409800,0.0,0.0
2015-01-02,476.29957828358704,492.72370167267627,468.0875165890425,480.4056091308594,117769700,0.0,0.0
2015-01-02,492.7237757240853,509.14790158155483,488.617744259718,505.0418701171875,101217900,0.0,0.0
2015-01-02,505.04183088030135,521.4659554617746,500.935799734933,517.3599243164062,93281500,0.0,0.0
2015-01-02,521.4659554617746,533.7840488978794,513.2538931710379,517.3599243164062,53646700,0.0,0.0
2015-01-02,513.2539155053311,517.3599468293737,496.8297902091605,500.9358215332031,49754200,0.0,0.0
2015-01-02,484.51168905722125,484.51168905722125,451.6634389516469,455.76947021484375,105445200,0.0,0.0
2015-01-02,455.7695076320482,480.40569723378053,455.7695076320482,472.1936340332031,76294500,0.0,0.0
2015-01-02,476.29966905381946,480.40570068359375,435.23935275607636,443.451416015625,84825600,0.0,0.0
2015-01-02,427.02723911830356,427.02723911830356,400.74863978794644,402.39105224609375,98610300,0.0,0.0
2015-01-02,385.96691051786416,402.39103436968816,374.47002382158735,392.53656005859375,117132200,0.0,0.0
2015-01-02,389.2518035478122,389.2518035478122,366.2580261230469,366.2580261230469,57292700,0.0,0.0
2015-01-02,366.25798284090484,366.25798284090484,341.6217956542969,341.6217956542969,45123800,0.0,0.0
2015-01-02,326.84005233921954,336.6945262790955,318.62799072265625,318.62799072265625,78790100,0.0,0.0
2015-01-02,297.2766418457031,298.91905423159096,297.2766418457031,297.2766418457031,8977100,0.0,0.0
2015-01-02,295.6342760381852,316.9856404187208,277.5677369469627,307.13116455078125,164706400,0.0,0.0
2015-01-02,303.84629085146145,303.84629085146145,285.7797546386719,285.7797546386719,90136700,0.0,0.0
2015-01-02,285.77979689378003,307.1311610295222,279.21014639047473,298.9190979003906,155141100,0.0,0.0
2015-01-02,300.56148367661694,354.7610954871545,300.56148367661694,341.6217956542969,267248200,0.0,0.0
2015-01-02,354.7610786769701,414.7091313237729,349.8338414731233,377.7548522949219,292787100,0.0,0.0
2015-01-02,369.5428212483724,377.7548839427807,351.47628332067416,354.7611083984375,74651200,0.0,0.0
2015-01-02,361.33075358072915,381.0397037760417,356.40351603190106,369.5428161621094,89306500,0.0,0.0
2015-01-02,369.54281658207606,379.3972916909314,356.40351643693555,358.0459289550781,81224700,0.0,0.0
2015-01-02,358.0459116707861,372.82762362049743,348.1914370376452,371.1852111816406,83577100,0.0,0.0
2015-01-02,376.1124658255742,387.6093534272293,369.54281576748554,381.0397033691406,115728200,0.0,0.0
2015-01-02,382.6821478949653,443.451416015625,382.6821478949653,443.451416015625,224870500,0.0,0.0
2015-01-02,476.2996265308277,484.51168905722125,427.0272513724662,455.76947021484375,256413700,0.0,0.0
2015-01-02,455.7694710951585,455.7694710951585,427.0272521972656,427.0272521972656,90030300,0.0,0.0
2015-01-02,418.81518965501056,443.4513772817759,404.03347707895136,427.0272521972656,105623600,0.0,0.0
2015-01-02,427.0272433557243,455.7694616585134,418.8151809834988,439.3453369140625,72240600,0.0,0.0
2015-01-02,451.6634389516469,459.8755014780405,443.4513764252534,455.76947021484375,84352000,0.0,0.0
2015-01-02,459.87548828125,463.9815194266183,431.1332702636719,431.1332702636719,87961700,0.0,0.0
2015-01-02,439.34535564762535,439.34535564762535,405.6758984858447,414.70916748046875,100312000,0.0,0.0
2015-01-02,427.0272521972656,435.23931473952075,410.60312711275543,427.0272521972656,94759700,0.0,0.0
2015-01-02,422.9212124633789,427.02724365234377,407.3182939453125,410.6031188964844,80546300,0.0,0.0
2015-01-02,410.6031235817557,410.6031235817557,390.89417364983143,395.8214111328125,92065100,0.0,0.0
2015-01-02,390.8941481675559,407.3182720401423,382.6820862312627,404.033447265625,74583700,0.0,0.0
2015-01-02,410.6031364226437,414.7091677868701,402.3910736941908,408.9607238769531,86760800,0.0,0.0
2015-01-02,407.3182852432313,422.9212034279518,399.1062230407468,405.6758728027344,86275300,0.0,0.0
2015-01-02,405.6758984858447,418.8151988416615,405.6758984858447,414.70916748046875,56062600,0.0,0.0
2015-01-02,414.70912778280615,418.8151587509528,402.3910348783664,404.033447265625,45388100,0.0,0.0
2015-01-02,404.03348623988137,410.6031364226437,404.03348623988137,408.9607238769531,25492400,0.0,0.0
2015-01-02,410.60312308517155,431.1332792394301,410.60312308517155,418.815185546875,85174700,0.0,0.0
2015-01-02,402.39104792174055,414.7091412254673,397.4638106002499,405.6758728027344,64158400,0.0,0.0
2015-01-02,410.6031188964844,414.7091500854492,405.67588146972656,410.6031188964844,37904200,0.0,0.0
2015-01-02,414.7091500854492,418.81518127441404,408.9607064208984,410.6031188964844,40511700,0.0,0.0
2015-01-02,414.7091497973861,443.4513681001752,410.6031186112734,439.3453369140625,185061500,0.0,0.0
2015-01-02,447.55741277730687,455.76947539707396,435.23931884765625,435.23931884765625,113381700,0.0,0.0
2015-01-02,431.13329692951686,435.23932832884555,418.81520273153063,422.9212341308594,47048500,0.0,0.0
2015-01-02,422.9212121696116,443.4513681001752,414.7091497973861,439.3453369140625,69026200,0.0,0.0
2015-01-02,435.23932832884555,451.6634539261605,418.81520273153063,422.9212341308594,81959800,0.0,0.0
2015-01-02,431.1332834683932,435.23931473952075,414.709158383883,427.0272521972656,67020800,0.0,0.0
2015-01-02,431.1332702636719,439.34533255440846,427.02723911830356,431.1332702636719,46702500,0.0,0.0
2015-01-02,439.34533255440846,447.5573948451451,431.1332702636719,431.1332702636719,61033100,0.0,0.0
2015-01-02,435.23931473952075,439.3453460106483,418.81518965501056,427.0272521972656,41916400,0.0,0.0
2015-01-02,435.23931884765625,435.23931884765625,422.9212249180056,435.23931884765625,32358800,0.0,0.0
2015-01-02,435.23931473952075,439.3453460106483,422.9212209261381,427.0272521972656,43519100,0.0,0.0
2015-01-02,427.02723911830356,443.4513636997768,422.92120797293524,431.1332702636719,71853100,0.0,0.0
2015-01-02,431.133274541837,439.3453369140625,427.0272433557243,439.3453369140625,58928900,0.0,0.0
2015-01-02,443.4513764252534,468.0875640044341,439.34534516205656,455.76947021484375,137754600,0.0,0.0
2015-01-02,463.98153274123734,476.2996265308277,447.55740768845016,455.76947021484375,147855500,0.0,0.0
2015-01-02,463.9815842477899,484.51174284282484,451.6634890907689,468.0876159667969,214067000,0.0,0.0
2015-01-02,472.193594463801,492.7237507448358,472.193594463801,484.5116882324219,187740200,0.0,0.0
2015-01-02,488.6177062988281,529.6780177525111,488.6177062988281,517.3599243164062,246393600,0.0,0.0
2015-01-02,525.572009477459,533.7840721255443,496.8297902091605,500.9358215332031,137515700,0.0,0.0
2015-01-02,505.0418624236804,509.14789382549895,476.2996426109506,488.61773681640625,78090100,0.0,0.0
2015-01-02,492.72371489426183,496.829745851714,468.08752914954874,476.2995910644531,73061000,0.0,0.0
2015-01-02,459.87546723464436,476.2995910644531,447.5573743622878,476.2995910644531,58198800,0.0,0.0
2015-01-02,480.4056304661574,488.6176925254079,459.87547531803096,463.98150634765625,44814200,0.0,0.0
2015-01-02,472.1936022649046,500.9358215332032,468.08757094086195,500.9358215332031,110517900,0.0,0.0
2015-01-02,509.14778966227857,529.6779424712414,496.82969797690083,521.4658813476562,195616600,0.0,0.0
2015-01-02,513.2538887762254,525.5719821068549,509.1478576660156,509.1478576660156,88492800,0.0,0.0
2015-01-02,513.2539155053311,517.3599468293737,496.8297902091605,500.9358215332031,59835400,0.0,0.0
2015-01-02,503.2624002251743,515.6377051487442,495.0121969427944,499.1372985839844,49752700,2.82,0.0
2015-01-02,495.0121865152311,507.3874911781119,486.76198340664394,490.8870849609375,31468100,0.0,0.0
2015-01-02,499.1372985839843,511.5126035075542,495.0121969427944,499.1372985839844,58104500,0.0,0.0
2015-01-02,490.8870750427246,499.1372779846191,490.8870750427246,495.0121765136719,18727500,0.0,0.0
2015-01-02,503.2624002251743,507.38750186636423,499.1372985839843,499.1372985839844,29811500,0.0,0.0
2015-01-02,503.2623896238183,503.2623896238183,490.8870849609375,490.8870849609375,25880900,0.0,0.0
2015-01-02,499.1372985839843,503.2624002251743,490.88709530160446,499.1372985839844,30619800,0.0,0.0
2015-01-02,503.2623794555664,507.38748092651366,490.8870750427246,495.0121765136719,21393300,0.0,0.0
2015-01-02,495.01215700243336,503.26235961914057,486.76195438572614,503.2623596191406,41575700,0.0,0.0
2015-01-02,507.38748092651366,507.38748092651366,495.0121765136719,495.0121765136719,30660200,0.0,0.0
2015-01-02,499.13728952407837,528.0130004882812,495.0121879577637,528.0130004882812,133412200,0.0,0.0
2015-01-02,532.1380216158353,552.7635263296274,528.0129206730769,536.2631225585938,234409300,0.0,0.0
2015-01-02,536.2632242838541,556.8887329101562,532.1381225585938,544.513427734375,116131400,0.0,0.0
2015-01-02,544.5133244441106,552.7635263296274,536.2631225585938,536.2631225585938,66422900,0.0,0.0
2015-01-02,536.2631627755571,548.6384665319162,528.0129602713179,532.1380615234375,44571600,0.0,0.0
2015-01-02,532.1381225585938,565.1389363606771,532.1381225585938,556.8887329101562,148923800,0.0,0.0
2015-01-02,552.7636311848959,561.0138346354166,544.513427734375,544.513427734375,77241200,0.0,0.0
2015-01-02,548.6385088039718,556.8887119438812,540.3883056640625,540.3883056640625,38423500,0.0,0.0
2015-01-02,540.3882235013522,548.638425386869,536.2631225585938,536.2631225585938,19244200,0.0,0.0
2015-01-02,540.3883260091146,544.513427734375,532.1381225585938,544.513427734375,21499000,0.0,0.0
2015-01-02,544.5133244441106,548.638425386869,536.2631225585938,536.2631225585938,31533100,0.0,0.0
2015-01-02,540.3882481930029,569.263956111713,536.2631470617587,565.1388549804688,158932500,0.0,0.0
2015-01-02,569.263956111713,581.6392595054459,565.1388549804688,565.1388549804688,192426100,0.0,0.0
2015-01-02,573.3890168563179,581.6392185377038,565.138815174932,569.263916015625,90668500,0.0,0.0
2015-01-02,581.6392595054459,581.6392595054459,565.1388549804688,565.1388549804688,134255200,0.0,0.0
2015-01-02,573.3890422952586,598.1396484375,569.2639412715517,598.1396484375,197203700,0.0,0.0
2015-01-02,602.2647900051542,622.8902965121799,589.8894861009386,594.0145874023438,186698000,0.0,0.0
2015-01-02,594.0146283711473,610.5150347147902,585.7644251993257,602.2648315429688,79691500,0.0,0.0
2015-01-02,602.2648315429688,610.5150347147902,594.0146283711473,602.2648315429688,68996600,0.0,0.0
2015-01-02,610.5149693080357,618.7651715959821,561.0137555803572,577.51416015625,110870200,0.0,0.0
2015-01-02,577.5141809341756,589.8894848113364,577.5141809341756,581.6392822265625,43434000,0.0,0.0
2015-01-02,602.2647330729167,618.76513671875,589.8894303385416,618.76513671875,182812800,0.0,0.0
2015-01-02,631.1405453253649,693.0170693768712,622.8903421184973,688.8919677734375,446658400,0.0,0.0
2015-01-02,693.0170288085938,713.6425356183734,688.8919274466379,693.0170288085938,263824700,0.0,0.0
2015-01-02,693.0169655539772,693.0169655539772,660.0161576704545,680.6416625976562,100818900,0.0,0.0
2015-01-02,680.6417427062988,684.7668441772461,651.7660324096679,660.0162353515625,133787400,0.0,0.0
2015-01-02,655.8911323051948,655.8911323051948,618.7652191558441,635.265625,188570300,0.0,0.0
2015-01-02,635.265625,651.7660308441558,635.265625,635.265625,99028400,0.0,0.0
2015-01-02,643.5158287096936,664.1413360401324,639.3907272436057,647.6409301757812,209371300,0.0,0.0
2015-01-02,660.0161951669254,676.5166000460986,655.8910939471322,664.1412963867188,178541000,0.0,0.0
2015-01-02,668.2663551186615,672.3914560761841,655.8910522460938,655.8910522460938,88404200,0.0,0.0
2015-01-02,664.1413147755159,664.1413147755159,639.3907067714593,643.5158081054688,116065100,0.0,0.0
2015-01-02,643.5158490531053,655.8911538425881,639.3907474566109,651.7660522460938,69089200,0.0,0.0
2015-01-02,651.7660316418691,660.0162345740446,643.5158287096936,647.6409301757812,72181500,0.0,0.0
2015-01-02,651.7659512885712,664.1412541611389,647.6408503310486,655.8910522460938,87815900,0.0,0.0
2015-01-02,660.0162561928354,684.7668658000667,651.7660529904249,676.5166625976562,278492100,0.0,0.0
2015-01-02,684.7668658000667,705.3923738060928,668.2664593952458,676.5166625976562,229956400,0.0,0.0
2015-01-02,676.51662336077,693.0170288085938,672.3915219988141,693.0170288085938,131125800,0.0,0.0
2015-01-02,693.0170094209559,705.3923131606158,684.7668069278493,701.2672119140625,126138900,0.0,0.0
2015-01-02,701.2671891177994,705.392290230257,680.6416835555111,684.7667846679688,96483000,0.0,0.0
2015-01-02,676.5165616122159,684.7667635830966,660.0161576704545,680.6416625976562,93463300,0.0,0.0
2015-01-02,680.6416625976562,684.7667635830966,668.2663596413353,680.6416625976562,35138000,0.0,0.0
2015-01-02,680.6416625976562,693.0169655539772,676.5165616122159,680.6416625976562,60255800,0.0,0.0
2015-01-02,668.2663551186615,668.2663551186615,643.515749373526,655.8910522460938,109624500,0.0,0.0
2015-01-02,647.640927701383,651.7660291517103,610.5150146484375,610.5150146484375,121922400,0.0,0.0
2015-01-02,585.7643704322077,643.5157872353831,577.514168031754,639.3906860351562,114696400,0.0,0.0
2015-01-02,643.5158294677734,664.1413368225097,643.5158294677734,660.0162353515625,61791200,0.0,0.0
2015-01-02,668.266397606512,676.5166000460986,647.6408915075456,664.1412963867188,66313200,0.0,0.0
2015-01-02,664.1412541611389,668.2663551186615,647.6408503310486,655.8910522460938,31285000,0.0,0.0
2015-01-02,664.1412932365172,664.1412932365172,631.1404836347026,639.3906860351562,47543300,0.0,0.0
2015-01-02,643.5158490531053,655.8911538425881,639.3907474566109,651.7660522460938,28855300,0.0,0.0
2015-01-02,647.6409082350388,651.7660095613766,627.0154016033497,631.1405029296875,34817700,0.0,0.0
2015-01-02,618.7651965082908,622.8902978183461,598.1396899580144,606.389892578125,52789600,0.0,0.0
2015-01-02,622.8902376302083,643.5157421875,606.389833984375,618.76513671875,95405500,0.0,0.0
2015-01-02,618.7651952107748,618.7651952107748,581.6392834981283,594.0145874023438,69787900,0.0,0.0
2015-01-02,606.3899331288795,606.3899331288795,589.8895267852365,602.2648315429688,42231400,0.0,0.0
2015-01-02,602.2647494612069,610.5149515086207,589.8894463900862,598.1396484375,23365500,0.0,0.0
2015-01-02,606.3898699567035,610.5149711128715,589.8894653320312,589.8894653320312,47576900,0.0,0.0
2015-01-02,594.0145861037233,602.2647886884973,573.3890796417885,581.6392822265625,40688700,0.0,0.0
2015-01-02,585.7643860278486,610.5149938881802,585.7643860278486,606.389892578125,45502700,0.0,0.0
2015-01-02,606.3898504849137,606.3898504849137,581.6392443426724,598.1396484375,56903300,0.0,0.0
2015-01-02,606.3898913065593,606.3898913065593,589.8894861009386,594.0145874023438,20089800,0.0,0.0
2015-01-02,602.2647900051542,606.3898913065593,589.8894861009386,594.0145874023438,39918300,0.0,0.0
2015-01-02,589.8894653320312,594.0145664881993,585.7643641758632,589.8894653320312,22001600,0.0,0.0
2015-01-02,594.0145874023438,602.2647900051542,589.8894861009386,594.0145874023438,28843100,0.0,0.0
2015-01-02,602.2647936453227,639.3907055823631,598.1396923189849,631.1405029296875,175465400,0.0,0.0
2015-01-02,643.5158081054688,651.7660107734876,631.1405041034405,643.5158081054688,108451600,0.0,0.0
2015-01-02,643.5158069087009,643.5158069087009,627.0154016033497,631.1405029296875,47798000,0.0,0.0
2015-01-02,639.390750904982,787.8944091796875,639.390750904982,787.8944091796875,1116793100,0.0,0.0
2015-01-02,841.5206409801137,973.5238787809159,759.0186173546124,771.3939208984375,1510069900,0.0,0.0
2015-01-02,792.0194481382978,820.8951571850066,759.0186377992021,775.51904296875,638756000,0.0,0.0
2015-01-02,800.2696411711345,870.3963623046875,783.7692361985338,870.3963623046875,1158293800,0.0,0.0
2015-01-02,870.3964640299479,878.6466674804688,841.520751953125,853.8960571289062,789265700,0.0,0.0
2015-01-02,866.2712652033026,944.6481891978871,866.2712652033026,907.5222778320312,1370011500,0.0,0.0
2015-01-02,907.5223383046515,924.0227444556451,886.8968306159094,895.1470336914062,465407900,0.0,0.0
2015-01-02,903.397236766903,924.0227444556451,874.5215260026641,895.1470336914062,392722300,0.0,0.0
2015-01-02,899.272092423349,903.3971937647406,874.521484375,874.521484375,183290100,0.0,0.0
2015-01-02,866.2712610615373,903.397172249889,866.2712610615373,870.3963623046875,333734100,0.0,0.0
2015-01-02,878.6465689919212,928.1477841463957,870.3963664661754,907.5222778320312,571253300,0.0,0.0
2015-01-02,919.8975621128941,932.2728656390766,911.6473597621058,915.7724609375,317572700,0.0,0.0
2015-01-02,928.1477431905755,944.6481475139635,907.5222377863405,911.6473388671875,410216500,0.0,0.0
2015-01-02,932.272867296007,944.648170844184,919.8975637478298,928.1477661132812,240422000,0.0,0.0
2015-01-02,940.5230696614583,940.5230696614583,919.8975637478298,928.1477661132812,202159600,0.0,0.0
2015-01-02,940.5230624291205,1027.1501866002238,936.3979612781156,1023.0250854492188,846313500,0.0,0.0
2015-01-02,1031.2753677368164,1035.4004692077638,985.8992515563965,990.0243530273438,604934300,0.0,0.0
2015-01-02,998.2744733100158,1023.0250800862971,977.6489676631146,985.899169921875,628878500,0.0,0.0
2015-01-02,981.7740243765024,994.1493272047776,961.1485196627103,965.2736206054688,200055900,0.0,0.0
2015-01-02,957.0234187199519,973.5238224909856,952.8983177771935,965.2736206054688,172842400,0.0,0.0
2015-01-02,990.0243522547468,998.274555190203,973.5239463838344,977.6490478515625,213486900,0.0,0.0
2015-01-02,977.6490683675814,1002.399677693343,969.3988652589943,981.774169921875,300731400,0.0,0.0
2015-01-02,1006.5246808451992,1056.025894657258,1002.3995796941942,1023.0250854492188,853419900,0.0,0.0
2015-01-02,1023.0251870097419,1027.150288570265,1006.5247807676493,1018.9000854492188,286394100,0.0,0.0
2015-01-02,1018.9001053739184,1023.0252070151084,990.0243938855888,998.2745971679688,220936900,0.0,0.0
2015-01-02,1010.6497836777888,1035.400390625,1002.3995813620518,1035.400390625,371401400,0.0,0.0
2015-01-02,1035.4004916913113,1035.4004916913113,1006.5247807676493,1018.9000854492188,351292500,0.0,0.0
2015-01-02,1018.9000844361872,1023.025185992609,985.8992719848127,994.1494750976562,303117600,0.0,0.0
2015-01-02,990.0243938855888,1010.6499020915386,985.8992922443988,998.2745971679688,147126800,0.0,0.0
2015-01-02,1014.7749023437501,1031.2753072599087,1002.3995986566312,1014.77490234375,308954300,0.0,0.0
2015-01-02,1010.6498791557212,1010.6498791557212,944.6482543945312,944.6482543945312,446062400,0.0,0.0
2015-01-02,948.7733968098959,973.5240071614584,911.6474812825521,952.8984985351562,240765000,0.0,0.0
2015-01-02,965.2737463525979,1039.5255729951054,965.2737463525979,1027.1502685546875,803420400,0.0,0.0
2015-01-02,1027.150188309263,1072.5263010458168,1018.8999859935259,1035.400390625,615002200,0.0,0.0
2015-01-02,1043.6506744752446,1047.775775955384,1018.9000655944088,1027.1502685546875,155578400,0.0,0.0
2015-01-02,1047.775797843933,1068.4013056755066,1039.5255947113037,1056.0260009765625,367250700,0.0,0.0
2015-01-02,1068.4011441744292,1089.0266488882212,1060.1509422889123,1072.5262451171875,377826500,0.0,0.0
2015-01-02,1097.276884345598,1175.653804655998,1097.276884345598,1150.9031982421875,686885600,0.0,0.0
2015-01-02,1216.9048019935344,1237.5303071120688,1183.9039938038793,1196.279296875,487755900,0.0,0.0
2015-01-02,1237.5303774974386,1270.531187564037,1229.280174980789,1258.1558837890625,417804400,0.0,0.0
2015-01-02,1258.1559068728716,1291.156717544947,1233.4052988688152,1287.0316162109375,462918300,0.0,0.0
2015-01-02,1315.9072894472063,1588.1639700224905,1311.7821882263688,1497.4117431640625,1272844700,0.0,0.0
2015-01-02,1518.0372492682507,1551.0380590349516,1464.4109333973613,1497.4117431640625,542949200,0.0,0.0
2015-01-02,1522.162421123798,1617.0397536057692,1493.2867112379806,1608.78955078125,1083731700,0.0,0.0
2015-01-02,1621.1646728515625,1666.5407832876115,1588.163865261709,1621.1646728515625,627035000,0.0,0.0
2015-01-02,1608.7895647511493,1617.0397676473092,1509.7871299972326,1513.9122314453125,678922000,0.0,0.0
2015-01-02,1509.7870650477914,1526.287470130281,1419.0348370940992,1476.7862548828125,659296400,0.0,0.0
2015-01-02,1505.6619812011718,1650.04052734375,1468.5360693359376,1650.04052734375,992175000,0.0,0.0
2015-01-02,1691.2916859133998,1707.7920926052377,1596.414347435331,1604.66455078125,739754900,0.0,0.0
2015-01-02,1604.6645097757187,1637.6653223160934,1571.663697235344,1596.414306640625,535943500,0.0,0.0
2015-01-02,1625.2899699450627,1815.0446364868722,1600.5393612656962,1806.79443359375,1040753400,0.0,0.0
2015-01-02,1806.794235982168,1930.54726584396,1757.293024037451,1839.7950439453125,1139014700,0.0,0.0
2015-01-02,1872.7959336289414,1889.296338330518,1757.2931007179054,1831.544921875,629211500,0.0,0.0
2015-01-02,1856.2954242412861,2260.5553166316104,1848.0452223557693,2145.052490234375,1982112200,0.0,0.0
2015-01-02,2178.0532977764424,2268.8055185171274,2112.0516826923076,2145.052490234375,1052618000,0.0,0.0
2015-01-02,2112.0518410852715,2186.3036636234256,2087.3012335725534,2128.55224609375,521301600,0.0,0.0
2015-01-02,2128.552300738944,2293.556355059792,2103.801692590817,2285.30615234375,1147172800,0.0,0.0
2015-01-02,2351.3077603853667,2582.313435089894,2351.3077603853667,2574.063232421875,1280852600,0.0,0.0
2015-01-02,2590.5634013241943,2838.06945877555,2524.5617860038324,2623.564208984375,1499058400,0.0,0.0
2015-01-02,2722.566880446214,2788.5685017903647,2508.061611077724,2574.063232421875,915912100,0.0,0.0
2015-01-02,2475.0609093105672,2590.56375174506,2400.80908203125,2400.80908203125,930618200,0.0,0.0
2015-01-02,2318.3072117879383,2351.3080261906134,2235.80517578125,2235.80517578125,360498600,0.0,0.0
2015-01-02,2095.551514437206,2640.0649000783696,2087.301311624461,2631.814697265625,1983213100,0.0,0.0
2015-01-02,2714.3165453074434,2755.5675566343043,2499.811286407767,2549.3125,1273877400,0.0,0.0
2015-01-02,2549.312604268392,2549.312604268392,2376.058349609375,2376.058349609375,894766800,0.0,0.0
2015-01-02,2277.055643646559,2442.0596757948606,2211.054030787239,2367.807861328125,1222991300,0.0,0.0
2015-01-02,2392.5586028938437,2417.3092091306767,2202.803955078125,2202.803955078125,786819300,0.0,0.0
2015-01-02,2161.552927772672,2260.5553519454656,2054.300301585478,2103.801513671875,1341364800,0.0,0.0
2015-01-02,2037.8001678210348,2120.3021989069066,1963.54833984375,1963.54833984375,731854900,0.0,0.0
2015-01-02,1955.2979571368244,2013.0493735923424,1831.544921875,1831.544921875,450321200,0.0,0.0
2015-01-02,1724.2921940730168,2178.0532977764424,1707.7917903019832,2145.052490234375,2186652700,0.0,0.0
2015-01-02,2145.0528534187756,2169.8034632659155,1996.5491943359373,1996.5491943359375,942434300,0.0,0.0
2015-01-02,1971.798207295299,2079.0508294494366,1889.296190253655,1922.2969970703125,948031000,0.0,0.0
2015-01-02,1980.0487060546875,2079.051141357422,1872.7960678100585,1980.0487060546875,874173400,0.0,0.0
2015-01-02,2021.299470600329,2219.304316699953,1955.2978552337877,2194.5537109375,1157647700,0.0,0.0
2015-01-02,2285.3061566571887,2334.807373046875,2227.554737535888,2334.807373046875,977135300,0.0,0.0
2015-01-02,2351.307601090316,2359.5578031994046,2178.0533567994507,2252.30517578125,877784900,0.0,0.0
2015-01-02,2301.806491474243,2450.3101360854844,2244.055074125427,2417.309326171875,1401720500,0.0,0.0
2015-01-02,2425.5592725800307,2442.0596757948606,2351.307458113295,2367.807861328125,620114900,0.0,0.0
2015-01-02,2392.55859375,2433.809603987069,2376.058189655172,2392.55859375,361594300,0.0,0.0
2015-01-02,2400.8086677577853,2425.5592725800307,2359.55765972071,2367.807861328125,349266100,0.0,0.0
2015-01-02,2367.807838245739,2384.308241299716,2244.054815340909,2268.805419921875,443154100,0.0,0.0
2015-01-02,2227.554536448966,2326.556960291142,2202.803930488422,2293.55615234375,349948000,0.0,0.0
2015-01-02,2310.0567287868926,2400.808957417806,2252.30531056722,2376.058349609375,482821700,0.0,0.0
2015-01-02,2425.5598550052964,2508.0618908898305,2400.8092442399366,2433.81005859375,834610300,0.0,0.0
2015-01-02,2425.5595703125,2483.310988653274,2409.0591650722786,2425.5595703125,327105100,0.0,0.0
2015-01-02,2417.3094880933204,2450.3103002174616,2326.557254751933,2400.80908203125,386381000,0.0,0.0
2015-01-02,2450.3102614944046,2483.311073097023,2425.559652792441,2442.06005859375,346787800,0.0,0.0
2015-01-02,2343.0576171875,2384.308631574604,2293.5563999229753,2343.0576171875,1305042600,0.0,0.0
2015-01-02,2351.3078200649206,2376.058428697183,2318.3070085552376,2343.0576171875,166782500,0.0,0.0
2015-01-02,2343.057398981227,2351.307601090316,2244.054973672161,2252.30517578125,298489400,0.0,0.0
2015-01-02,2285.306355794271,2285.306355794271,2202.8043212890625,2227.554931640625,192152700,0.0,0.0
2015-01-02,2079.051025390625,2136.802442762587,2079.051025390625,2079.051025390625,466387000,0.0,0.0
2015-01-02,1955.2981779240379,2079.0512271597363,1938.797771359278,1996.5491943359375,745024700,0.0,0.0
2015-01-02,2054.3006591796875,2062.5508626302085,1872.7961832682292,1881.04638671875,476947100,0.0,0.0
2015-01-02,1881.0460538992431,1947.0476698255325,1798.5440339913816,1839.7950439453125,515109500,0.0,0.0
2015-01-02,1864.545649917671,1881.0460538992431,1790.2938320005956,1839.7950439453125,193024600,0.0,0.0
2015-01-02,1881.0463483826186,2013.0496009006972,1881.0463483826186,1996.5491943359375,537855700,0.0,0.0
2015-01-02,2004.7990581805889,2021.2994619516226,1881.0460298978364,1930.5472412109375,371987500,0.0,0.0
2015-01-02,1938.7975160035792,1938.7975160035792,1848.04529185022,1872.7958984375,231241100,0.0,0.0
2015-01-02,1889.2965496560803,1922.2973627505096,1864.5459398352582,1897.5467529296875,147188700,0.0,0.0
2015-01-02,1938.797727359955,1938.797727359955,1872.7961025987652,1889.2965087890625,149549500,0.0,0.0
2015-01-02,1872.7959369574653,1881.0461393229166,1823.294722764757,1856.2955322265625,123414100,0.0,0.0
2015-01-02,1864.545654296875,1930.5472703781802,1856.2954522867117,1864.545654296875,125924600,0.0,0.0
2015-01-02,1897.5465050247797,1905.7967072205395,1831.5448874587003,1872.7958984375,141239100,0.0,0.0
2015-01-02,1856.295691986787,1856.295691986787,1790.2940673828125,1790.2940673828125,156928900,0.0,0.0
2015-01-02,1790.2939867492116,1839.795202972692,1732.5425678218176,1798.544189453125,191883200,0.0,0.0
2015-01-02,1839.7952574427725,2013.0495193544239,1815.044648598251,2004.79931640625,652293400,0.0,0.0
2015-01-02,2004.7990884696487,2004.7990884696487,1864.545654296875,1864.545654296875,454909500,0.0,0.0
2015-01-02,1872.795890704539,1914.046901513009,1782.043666925905,1823.294677734375,282270900,0.0,0.0
2015-01-02,1798.5441156684028,1856.2955322265625,1757.293103841146,1856.2955322265625,268981300,0.0,0.0
2015-01-02,1889.296298980713,1897.546501159668,1815.0444793701172,1848.0452880859375,160897600,0.0,0.0
2015-01-02,1881.0461758700285,1881.0461758700285,1806.7943531383169,1815.0445556640625,107349400,0.0,0.0
2015-01-02,1856.295383436997,1930.547198774477,1823.2945766203393,1922.2969970703125,323980600,0.0,0.0
2015-01-02,1922.2971227613546,1955.2979317357983,1872.7959092996887,1947.0477294921875,237921000,0.0,0.0
2015-01-02,1947.0479365669282,2046.0503740194838,1930.5475303248354,2037.8001708984375,327839300,0.0,0.0
2015-01-02,2021.2994619516226,2054.30026949369,1930.5472412109375,1930.5472412109375,264837100,0.0,0.0
2015-01-02,1905.796746419271,1905.796746419271,1823.294722764757,1856.2955322265625,194738500,0.0,0.0
2015-01-02,1856.2954940459801,1897.5465050247797,1831.5448874587003,1872.7958984375,111017700,0.0,0.0
2015-01-02,1881.0459885494904,1930.547198774477,1881.0459885494904,1922.2969970703125,143891700,0.0,0.0
2015-01-02,1930.5472790948274,1938.7974811422414,1897.5464709051723,1914.046875,109175800,0.0,0.0
2015-01-02,1944.5785703778768,2011.059889023274,1919.6480758858527,1986.12939453125,173387400,16.73994,0.0
2015-01-02,1952.888655703292,1969.5089846880007,1911.3378332415198,1944.5784912109375,91552300,0.0,0.0
2015-01-02,1936.2683427526595,1961.19883643617,1911.337849069149,1952.888671875,60372200,0.0,0.0
2015-01-02,1927.958209717827,1994.4395272943036,1911.3378803237076,1969.509033203125,112742900,0.0,0.0
2015-01-02,1977.8191655585106,2027.6801529255317,1952.888671875,1952.888671875,119644900,0.0,0.0
2015-01-02,1927.9580078125,1944.5783354660562,1919.6478439857221,1927.9580078125,41022800,0.0,0.0
2015-01-02,1952.8887352085515,2011.059889023274,1944.5785703778768,1986.12939453125,139616000,0.0,0.0
2015-01-02,2002.7497241925994,2019.3700538539488,1961.1989000392261,1986.12939453125,96606300,0.0,0.0
2015-01-02,1977.818933055234,2019.3697509765625,1952.888442302437,2019.3697509765625,138325400,0.0,0.0
2015-01-02,2044.3007345617532,2110.782059262948,2044.3007345617532,2085.8515625,325392600,0.0,0.0
2015-01-02,2069.23095703125,2077.5411215173194,2027.6801346009036,2069.23095703125,124672100,0.0,0.0
2015-01-02,2077.541048564608,2127.4020337301586,2060.9207201760914,2094.161376953125,171047200,0.0,0.0
2015-01-02,2110.782101696684,2193.8837592437976,2077.541438677839,2177.263427734375,284137700,0.0,0.0
2015-01-02,2177.263077768536,2193.8834066064637,2127.4020912547526,2185.5732421875,180649900,0.0,0.0
2015-01-02,2168.9532619796637,2218.814256507932,2144.02276471553,2177.263427734375,150793800,0.0,0.0
2015-01-02,2185.5735934890863,2202.193924998509,2168.9532619796637,2177.263427734375,133080200,0.0,0.0
2015-01-02,2193.883606868004,2243.7445979331856,2177.2632765129433,2227.124267578125,157887500,0.0,0.0
2015-01-02,2160.6425744674625,2235.4340481990284,2160.6425744674625,2218.813720703125,164247600,0.0,0.0
2015-01-02,2218.8142119023905,2218.8142119023905,2077.5413969123506,2085.8515625,185205000,0.0,0.0
2015-01-02,2127.4021634615387,2193.8834810697117,2110.7818340594954,2160.642822265625,179403400,0.0,0.0
2015-01-02,2144.022535615809,2193.8835248161768,2102.471711282169,2119.092041015625,111892800,0.0,0.0
2015-01-02,2085.851295155927,2094.1614596784607,2011.059814453125,2011.059814453125,214175900,0.0,0.0
2015-01-02,2011.059663567932,2027.679991366014,1919.6478606784804,1936.2681884765625,147528900,0.0,0.0
2015-01-02,1961.198956325716,1986.1294515332463,1869.7871405647716,1886.407470703125,128408600,0.0,0.0
2015-01-02,1919.6478606784804,2002.7494996688908,1919.6478606784804,1936.2681884765625,186483800,0.0,0.0
2015-01-02,1944.5785703778768,1986.1293945312502,1936.268405547202,1986.12939453125,148943500,0.0,0.0
2015-01-02,2052.6105793278393,2077.5410721941694,2019.3699221727325,2044.3004150390625,118544200,0.0,0.0
2015-01-02,2060.920727040816,2060.920727040816,2002.7495774872448,2035.990234375,57366900,0.0,0.0
2015-01-02,2044.3005572150737,2119.092041015625,2027.6802274816177,2119.092041015625,125654300,0.0,0.0
2015-01-02,2110.781705341642,2160.6426905071926,2077.541048564608,2094.161376953125,131141700,0.0,0.0
2015-01-02,2060.920568897891,2060.920568897891,2002.7494238080312,2019.3697509765625,160479400,0.0,0.0
2015-01-02,2035.9903672162225,2035.9903672162225,1969.5090491030398,1977.8192138671875,62115900,0.0,0.0
2015-01-02,1986.1293301196808,2011.0598238031914,1952.888671875,1952.888671875,58838700,0.0,0.0
2015-01-02,1977.8191007288492,2060.9207436166157,1969.5089364400724,2044.3004150390625,117338500,0.0,0.0
2015-01-02,2027.6801434981921,2060.9208015883264,2011.059814453125,2011.059814453125,79751900,0.0,0.0
2015-01-02,2044.300568611391,2077.541228263609,2027.6802387852822,2060.9208984375,94696000,0.0,0.0
2015-01-02,2052.610870741215,2052.610870741215,1994.4397124610996,2002.7498779296875,64557400,0.0,0.0
2015-01-02,1986.129222805217,1986.129222805217,1944.5784022444386,1961.19873046875,84189100,0.0,0.0
2015-01-02,1936.268171639278,1961.198663119612,1911.337680158944,1927.9580078125,77248800,0.0,0.0
2015-01-02,1903.0275328803984,1952.8885162746446,1878.0970411832752,1936.2681884765625,74868000,0.0,0.0
2015-01-02,1911.337775670894,1927.9581041549889,1836.5462974924678,1853.1666259765625,125507700,0.0,0.0
2015-01-02,1819.926162997159,1869.7871537642047,1770.0651722301136,1828.236328125,100386700,0.0,0.0
2015-01-02,1869.7870035087112,1911.3378258089049,1844.8565101285951,1878.09716796875,97671600,0.0,0.0
2015-01-02,1894.7176041666667,1919.6480989583333,1861.4769444444446,1869.787109375,64275900,0.0,0.0
2015-01-02,1894.7176041666667,1903.0277690972223,1861.4769444444446,1869.787109375,59257500,0.0,0.0
2015-01-02,1919.648055366848,1944.5785495923915,1894.7175611413045,1911.337890625,90478300,0.0,0.0
2015-01-02,1919.6479568481443,1919.6479568481443,1853.166642325265,1861.476806640625,65985000,0.0,0.0
2015-01-02,1853.1666094805744,1869.786937816723,1836.5462811444256,1844.8564453125,55524500,0.0,0.0
2015-01-02,1861.476902173913,1919.648055366848,1853.1667374320652,1911.337890625,95174800,0.0,0.0
2015-01-02,1894.7174471867993,1919.6479399129414,1828.2361332504204,1853.1666259765625,89606900,0.0,0.0
2015-01-02,1853.1666094805744,1869.786937816723,1819.925952808277,1844.8564453125,57200500,0.0,0.0
2015-01-02,1853.166642325265,1878.0971352713448,1844.856478009905,1861.476806640625,60698700,0.0,0.0
2015-01-02,1869.7871054372479,2085.8513931766634,1861.4769405241934,2060.9208984375,365880400,0.0,0.0
2015-01-02,2035.990250750286,2052.6105793278393,1977.8191007288492,2044.3004150390625,146473200,0.0,0.0
2015-01-02,2044.3005572150737,2168.953030215993,2044.3005572150737,2119.092041015625,227835500,0.0,0.0
2015-01-02,2127.402027027027,2185.5731762035475,2102.471534522804,2152.33251953125,185723500,0.0,0.0
2015-01-02,2168.953030215993,2218.81401941636,2094.161546415441,2119.092041015625,176941700,0.0,0.0
2015-01-02,2127.402066929134,2168.9528885488435,2077.541080985482,2110.78173828125,128321100,0.0,0.0
2015-01-02,2110.7816986908783,2160.642683699324,2077.5410420185813,2152.33251953125,73148100,0.0,0.0
2015-01-02,2144.0226293103447,2185.57345545977,2127.4022988505744,2168.953125,107128500,0.0,0.0
2015-01-02,2185.5735934890863,2235.4345880173546,2168.9532619796637,2177.263427734375,171972500,0.0,0.0
2015-01-02,2185.573379978989,2218.8140397505326,2168.9530500932174,2193.883544921875,74138600,0.0,0.0
2015-01-02,2177.262836456299,2193.8831634521484,2110.7815284729004,2127.40185546875,99038100,0.0,0.0
2015-01-02,2127.401994163424,2160.642650322228,2127.401994163424,2135.712158203125,59407500,0.0,0.0
2015-01-02,2160.6430962249524,2218.814256507932,2160.6430962249524,2177.263427734375,130437900,0.0,0.0
2015-01-02,2210.5037354443916,2268.6748863771386,2168.952913349572,2185.5732421875,223203900,0.0,0.0
2015-01-02,2218.8139860733695,2227.1241508152175,2085.8513502038045,2102.4716796875,126951200,0.0,0.0
2015-01-02,2110.781705341642,2152.332526312934,2077.541048564608,2094.161376953125,64034100,0.0,0.0
2015-01-02,2119.0918628589525,2160.642683699324,2077.5410420185813,2152.33251953125,90764300,0.0,0.0
2015-01-02,2152.332526312934,2152.332526312934,2085.8512127588665,2094.161376953125,90628600,0.0,0.0
2015-01-02,2094.1617280876494,2094.1617280876494,2027.6804033864544,2085.8515625,79180000,0.0,0.0
2015-01-02,2069.231170530744,2094.1616665612346,2027.680343813259,2052.61083984375,79440900,0.0,0.0
2015-01-02,2044.3004725432593,2044.3004725432593,2002.7496499305914,2011.059814453125,75331700,0.0,0.0
2015-01-02,2011.059856688423,2019.3700213854825,1944.5785391119462,1969.509033203125,105003300,0.0,0.0
2015-01-02,1977.8190079717676,2002.7494996688908,1927.9580245775214,1936.2681884765625,73813800,0.0,0.0
2015-01-02,1911.3378258089049,1919.6479902689437,1869.7870035087112,1878.09716796875,118970000,0.0,0.0
2015-01-02,1886.4073397644565,1969.5089846880007,1861.476846287393,1944.5784912109375,131980200,0.0,0.0
2015-01-02,1994.4395751953125,2019.3700698852538,1977.8192454020182,1994.4395751953125,127108900,0.0,0.0
2015-01-02,2002.7497081596312,2002.7497081596312,1952.888719574744,1977.8192138671875,66587000,0.0,0.0
2015-01-02,1969.5090648699008,1994.4395593619247,1952.8887352085515,1986.12939453125,48998000,0.0,0.0
2015-01-02,1986.1294102986653,2011.0599049886068,1961.1989156087238,1994.4395751953125,85335000,0.0,0.0
2015-01-02,1977.8192864640696,1977.8192864640696,1886.407470703125,1886.407470703125,131304600,0.0,0.0
2015-01-02,1861.476870888158,1927.958187705592,1861.476870888158,1894.717529296875,71969400,0.0,0.0
2015-01-02,1919.6481624420032,1936.2684928527565,1894.7176668258733,1903.02783203125,65261800,0.0,0.0
2015-01-02,1936.2684611181858,1936.2684611181858,1886.407470703125,1886.407470703125,43554200,0.0,0.0
2015-01-02,1903.0277258831522,1944.5785495923915,1894.7175611413045,1911.337890625,61473600,0.0,0.0
2015-01-02,1911.3379659106554,1919.648130979832,1886.407470703125,1886.407470703125,30446800,0.0,0.0
2015-01-02,1886.4073324287888,1903.027661348866,1869.7870035087112,1878.09716796875,31806000,0.0,0.0
2015-01-02,1894.717576856737,1927.9582360998377,1894.717576856737,1919.6480712890625,37542900,0.0,0.0
2015-01-02,1952.8887352085515,1994.4395593619247,1927.9582407165274,1986.12939453125,117729600,0.0,0.0
2015-01-02,1986.1293945312502,2019.3700538539488,1969.5090648699008,1986.12939453125,81067300,0.0,0.0
2015-01-02,1986.129154599946,1986.129154599946,1927.9580078125,1927.9580078125,44419100,0.0,0.0
2015-01-02,1927.9581781914892,1952.888671875,1911.337849069149,1952.888671875,29176500,0.0,0.0
2015-01-02,1977.8192138671875,1994.4395433954833,1944.5785548105962,1977.8192138671875,65055100,0.0,0.0
2015-01-02,1994.4394946808509,2002.7496592420212,1952.888671875,1952.888671875,33406100,0.0,0.0
2015-01-02,1952.8884992928342,1977.8189907731683,1911.337680158944,1927.9580078125,58229900,0.0,0.0
2015-01-02,1936.268364577997,2035.9903404360914,1903.0277059586322,2027.68017578125,150815700,0.0,0.0
2015-01-02,2052.610549514358,2185.5731762035475,2052.610549514358,2152.33251953125,423200100,0.0,0.0
2015-01-02,2135.712197924417,2152.332526312934,2060.9207201760914,2094.161376953125,131318700,0.0,0.0
2015-01-02,2077.5413358742408,2077.5413358742408,2027.680343813259,2052.61083984375,139289700,0.0,0.0
2015-01-02,2052.6106280591116,2102.4716149755272,2044.3004635730422,2069.23095703125,110525900,0.0,0.0
2015-01-02,2094.1616980841545,2119.0921944899183,1986.1295469925117,2002.7498779296875,163306000,0.0,0.0
2015-01-02,1969.509080505371,2019.3700698852538,1969.509080505371,1994.4395751953125,61535600,0.0,0.0
2015-01-02,1977.8191655585106,1986.1293301196808,1936.2683427526595,1952.888671875,82487500,0.0,0.0
2015-01-02,1952.8885663565943,1969.5088945809057,1911.3377457958156,1961.19873046875,66014000,0.0,0.0
2015-01-02,1969.5089846880007,2002.7496426574185,1936.268326718583,1944.5784912109375,88209700,0.0,0.0
2015-01-02,1969.509153674263,1969.509153674263,1903.02783203125,1903.02783203125,153137400,0.0,0.0
2015-01-02,1903.02783203125,1944.5786580581332,1894.7176668258733,1903.02783203125,159085400,0.0,0.0
2015-01-02,1919.6481624420032,1936.2684928527565,1894.7176668258733,1903.02783203125,52714300,0.0,0.0
2015-01-02,1919.648130979832,1936.2684611181858,1878.0973056339483,1886.407470703125,99767900,0.0,0.0
2015-01-02,1878.0972472351866,1927.9582360998377,1869.7870824244114,1919.6480712890625,97068300,0.0,0.0
2015-01-02,1919.6481624420032,1944.5786580581332,1886.4075016204968,1903.02783203125,125415100,0.0,0.0
2015-01-02,1894.717430320946,1894.717430320946,1844.8564453125,1844.8564453125,199919600,0.0,0.0
2015-01-02,1853.1667528028613,1927.9582360998377,1853.1667528028613,1919.6480712890625,143892700,0.0,0.0
2015-01-02,1903.0277258831522,2011.059867527174,1903.0277258831522,1911.337890625,297763700,0.0,0.0
2015-01-02,1927.9582201086957,1944.5785495923915,1911.337890625,1911.337890625,98305700,0.0,0.0
2015-01-02,1927.9580245775214,1952.8885162746446,1911.3376967794395,1936.2681884765625,106183800,0.0,0.0
2015-01-02,1977.8191491803552,2002.7496426574185,1936.268326718583,1944.5784912109375,159593300,0.0,0.0
2015-01-02,1986.1293208855243,2019.3699789756586,1969.5089918404572,2011.059814453125,233370800,0.0,0.0
2015-01-02,2002.7496919913633,2002.7496919913633,1952.8887038090056,1969.509033203125,131463700,0.0,0.0
2015-01-02,1961.1988201956465,1969.5089846880007,1936.268326718583,1944.5784912109375,70802000,0.0,0.0
2015-01-02,1952.88866279539,2011.059814453125,1944.5784982728562,2011.059814453125,189624300,0.0,0.0
2015-01-02,2035.9905091567562,2060.921005187247,2002.7498477827683,2052.61083984375,260095700,0.0,0.0
2015-01-02,2077.5413969123506,2135.7125560258964,2077.5413969123506,2085.8515625,237360500,0.0,0.0
2015-01-02,2102.4716796875,2110.781844429348,2044.3005264945652,2102.4716796875,153636200,0.0,0.0
2015-01-02,2160.6426977040815,2185.573190369898,2011.0597417091835,2035.990234375,346789000,0.0,0.0
2015-01-02,1994.4392602237656,2044.3002417293596,1969.5087694709684,2019.3697509765625,124149100,0.0,0.0
2015-01-02,2035.9903080207257,2044.3004725432593,2002.7496499305914,2011.059814453125,50651600,0.0,0.0
2015-01-02,2035.990399678548,2044.3005645751953,1994.4395751953125,1994.4395751953125,64791500,0.0,0.0
2015-01-02,1994.4394946808509,2002.7496592420212,1944.5785073138297,1952.888671875,75548400,0.0,0.0
2015-01-02,1927.9580078125,1944.5783354660562,1911.337680158944,1927.9580078125,77309100,0.0,0.0
2015-01-02,1944.5784912109375,1969.5089846880007,1936.268326718583,1944.5784912109375,52556000,0.0,0.0
2015-01-02,1961.1986801736857,1961.1986801736857,1927.9580245775214,1936.2681884765625,34622200,0.0,0.0
2015-01-02,1944.578565721388,1952.8887305321632,1919.6480712890625,1919.6480712890625,27322900,0.0,0.0
2015-01-02,1927.9580078125,1944.5783354660562,1919.6478439857221,1927.9580078125,21938100,0.0,0.0
2015-01-02,1927.9582252823004,1986.1293786313354,1927.9582252823004,1977.8192138671875,67025700,0.0,0.0
2015-01-02,1986.129222805217,1994.4393869173728,1944.5784022444386,1961.19873046875,40241200,0.0,0.0
2015-01-02,1977.8191979001845,1994.4395272943036,1952.8887038090056,1969.509033203125,46985500,0.0,0.0
2015-01-02,1977.8191491803552,1986.1293136727097,1936.268326718583,1944.5784912109375,44444800,0.0,0.0
2015-01-02,1936.268326718583,1952.888655703292,1927.9581622262285,1944.5784912109375,38322000,0.0,0.0
2015-01-02,1952.8887038090056,1969.509033203125,1944.5785391119462,1969.509033203125,41526700,0.0,0.0
2015-01-02,1977.8192454020182,2011.0599049886068,1969.509080505371,1994.4395751953125,80769500,0.0,0.0
2015-01-02,2011.059889023274,2019.3700538539488,1944.5785703778768,1986.12939453125,100184600,0.0,0.0
2015-01-02,1986.1293786313354,2002.7497081596312,1969.5090491030398,1977.8192138671875,47663300,0.0,0.0
2015-01-02,1977.8191655585106,1986.1293301196808,1944.5785073138297,1952.888671875,50176400,0.0,0.0
2015-01-02,1952.8885162746446,1969.5088440727268,1927.9580245775214,1936.2681884765625,52679900,0.0,0.0
2015-01-02,1952.8887352085515,1994.4395593619247,1944.5785703778768,1986.12939453125,93539700,0.0,0.0
2015-01-02,1994.4395272943036,1994.4395272943036,1952.8887038090056,1969.509033203125,46485000,0.0,0.0
2015-01-02,1986.1294102986653,2044.3005645751953,1969.509080505371,1994.4395751953125,159836400,0.0,0.0
2015-01-02,1994.4395171618853,2035.9903404360914,1977.819187852203,2027.68017578125,73287900,0.0,0.0
2015-01-02,2052.6106697457735,2069.230999055456,2019.3700111264088,2027.68017578125,109033700,0.0,0.0
2015-01-02,2002.7496426574185,2002.7496426574185,1936.268326718583,1944.5784912109375,162294600,0.0,0.0
2015-01-02,1936.2681884765625,1961.1986801736857,1927.9580245775214,1936.2681884765625,82567700,0.0,0.0
2015-01-02,1944.5785495923915,1969.5090438179348,1911.337890625,1911.337890625,151186400,0.0,0.0
2015-01-02,1911.3379659106554,1927.9582960490088,1869.7871405647716,1886.407470703125,83612700,0.0,0.0
2015-01-02,1886.4073397644565,1969.5089846880007,1878.097175272102,1944.5784912109375,89010800,0.0,0.0
2015-01-02,1952.888655703292,1969.5089846880007,1927.9581622262285,1944.5784912109375,38757200,0.0,0.0
2015-01-02,1944.5783354660562,1961.198663119612,1919.6478439857221,1927.9580078125,31951700,0.0,0.0
2015-01-02,1944.5784912109375,1952.888655703292,1936.268326718583,1944.5784912109375,21542900,0.0,0.0
2015-01-02,1961.1986801736857,1961.1986801736857,1927.9580245775214,1936.2681884765625,24204300,0.0,0.0
2015-01-02,1936.2681884765625,1944.5783523756036,1927.9580245775214,1936.2681884765625,20800100,0.0,0.0
2015-01-02,1936.268171639278,1936.268171639278,1919.6478439857221,1927.9580078125,13962600,0.0,0.0
2015-01-02,1936.268171639278,1952.8884992928342,1927.9580078125,1927.9580078125,15212500,0.0,0.0
2015-01-02,1927.9583276473797,1927.9583276473797,1894.7176668258733,1903.02783203125,28618000,0.0,0.0
2015-01-02,1903.0276938990544,1911.3378585012335,1886.4073646946956,1894.717529296875,34080000,0.0,0.0
2015-01-02,1903.02783203125,1911.3379972366265,1878.09733641512,1903.02783203125,35249800,0.0,0.0
2015-01-02,1919.6480989583333,1919.6480989583333,1869.787109375,1869.787109375,50857800,0.0,0.0
2015-01-02,1869.786937816723,1878.0971019847973,1844.8564453125,1844.8564453125,53770200,0.0,0.0
2015-01-02,1844.8565101285951,1894.7174968888276,1844.8565101285951,1878.09716796875,37964200,0.0,0.0
2015-01-02,1886.4074392361113,1911.337934027778,1869.787109375,1869.787109375,28786500,0.0,0.0
2015-01-02,1878.0971352713448,1886.4072995867048,1861.4768066406248,1861.476806640625,19005000,0.0,0.0
2015-01-02,1878.0972000925165,1911.3378585012335,1869.787035490337,1894.717529296875,30712000,0.0,0.0
2015-01-02,1911.337890625,1911.337890625,1894.7175611413045,1911.337890625,18193100,0.0,0.0
2015-01-02,1919.6479902689437,1927.9581547289824,1878.09716796875,1878.09716796875,29787500,0.0,0.0
2015-01-02,1886.407470703125,1903.0278008414787,1878.0973056339483,1886.407470703125,14304600,0.0,0.0
2015-01-02,1894.7176041666667,1911.337934027778,1869.787109375,1869.787109375,27319000,0.0,0.0
2015-01-02,1878.097175272102,1952.888655703292,1878.097175272102,1944.5784912109375,74416700,0.0,0.0
2015-01-02,1944.5785495923915,1952.8887143342392,1903.0277258831522,1911.337890625,32222200,0.0,0.0
2015-01-02,1919.648130979832,1944.5786261873625,1869.7871405647716,1886.407470703125,51315000,0.0,0.0
2015-01-02,1878.0971187027046,1886.4072829447518,1853.1666259765625,1853.1666259765625,45325800,0.0,0.0
2015-01-02,1869.7869544606572,1878.0971187027046,1853.1666259765625,1853.1666259765625,26661900,0.0,0.0
2015-01-02,1869.786937816723,1869.786937816723,1844.8564453125,1844.8564453125,35421200,0.0,0.0
2015-01-02,1844.8564593975361,1853.1666236290564,1728.51416015625,1728.51416015625,170397900,0.0,0.0
2015-01-02,1761.7550241238696,1786.685519748264,1608.0169677734375,1608.0169677734375,394745900,0.0,0.0
2015-01-02,1608.0168932266818,1657.8778821639432,1529.0703274093512,1632.9473876953125,284219000,0.0,0.0
2015-01-02,1632.9473022460936,1641.2574666341145,1603.8617268880207,1620.4820556640625,106442100,0.0,0.0
2015-01-02,1620.4820856058373,1624.6371678766216,1529.070275648585,1541.5355224609375,183492900,0.0,0.0
2015-01-02,1537.380504822463,1558.1559170497937,1466.7441032495392,1479.2093505859375,219496200,0.0,0.0
2015-01-02,1479.209324048913,1504.1398182744565,1416.8830884850545,1433.50341796875,230606700,0.0,0.0
2015-01-02,1466.7441592352027,1608.0169677734375,1454.2789114230056,1608.0169677734375,368848100,0.0,0.0
2015-01-02,1608.0168617072018,1632.9473556871585,1570.621120737267,1616.3270263671875,169331400,0.0,0.0
2015-01-02,1620.482135641164,1624.6372180402439,1558.1558996549652,1566.466064453125,70289800,0.0,0.0
2015-01-02,1529.0703069513495,1529.0703069513495,1458.4339069019663,1462.5889892578125,201603100,0.0,0.0
2015-01-02,1479.209329282808,1508.2949059821892,1441.8135878121755,1499.9847412109375,162799900,0.0,0.0
2015-01-02,1475.0541829657623,1487.5194295823742,1454.2787719380754,1466.7440185546875,133831800,0.0,0.0
2015-01-02,1470.8990478515625,1487.5193760758739,1458.433801683329,1470.8990478515625,49925500,0.0,0.0
2015-01-02,1483.364294019796,1504.1397043001853,1470.8990478515625,1470.8990478515625,81820500,0.0,0.0
2015-01-02,1499.9847628132682,1520.7601750405988,1475.0542681404713,1479.2093505859375,158843900,0.0,0.0
2015-01-02,1483.364406419837,1545.6906419836957,1466.7440769361413,1529.0703125,125115700,0.0,0.0
2015-01-02,1520.7599760445441,1524.9150579463053,1499.9845665357388,1504.1396484375,80295500,0.0,0.0
2015-01-02,1504.1396484375,1524.9150579463053,1499.9845665357388,1504.1396484375,74469900,0.0,0.0
2015-01-02,1512.4499020709673,1516.6049842195139,1483.3643270311409,1487.5194091796875,90880800,0.0,0.0
2015-01-02,1487.5195154768699,1495.829680367802,1470.8991856950054,1479.2093505859375,73968100,0.0,0.0
2015-01-02,1491.674515419818,1583.086324164208,1487.5194332041638,1562.3109130859375,255038700,0.0,0.0
2015-01-02,1570.6210818407012,1578.9312462948847,1520.7600951155996,1533.225341796875,112845700,0.0,0.0
2015-01-02,1529.0702711640213,1578.9312582671957,1504.1397776124338,1570.62109375,126046500,0.0,0.0
2015-01-02,1570.6210775172456,1587.241406379862,1549.8456664389753,1562.3109130859375,80643100,0.0,0.0
2015-01-02,1570.6210775172456,1574.7761597328997,1554.0007486546292,1562.3109130859375,48783800,0.0,0.0
2015-01-02,1566.4660384072743,1616.3270263671875,1541.5355444273175,1616.3270263671875,118149300,0.0,0.0
2015-01-02,1624.6371226333545,1778.3751623710377,1624.6371226333545,1736.8243408203125,412835800,0.0,0.0
2015-01-02,1745.1346317414313,1819.9261159589214,1745.1346317414313,1803.3057861328125,210845000,0.0,0.0
2015-01-02,1786.6854718409547,1828.2362967674885,1745.134646914421,1811.615966796875,215581800,0.0,0.0
2015-01-02,1828.236328125,1853.1668235085228,1803.3058327414774,1828.236328125,140926300,0.0,0.0
2015-01-02,1819.925952808277,1861.4767736486488,1761.7548036317567,1844.8564453125,303802600,0.0,0.0
2015-01-02,1844.8564453125,1886.4072661528717,1828.2361169763515,1844.8564453125,189907800,0.0,0.0
2015-01-02,1861.4768390486727,1911.3378258089049,1853.166674588634,1878.09716796875,137694700,0.0,0.0
2015-01-02,1911.3379972366265,1944.5786580581332,1894.7176668258733,1903.02783203125,152871500,0.0,0.0
2015-01-02,1952.888592155612,2044.3003985969387,1944.5784279336733,2035.990234375,320796500,0.0,0.0
2015-01-02,2094.1616003158247,2351.7767178149934,2060.920939993351,2343.466552734375,642031000,0.0,0.0
2015-01-02,2484.739134882537,2634.322092835332,2351.776505591164,2360.086669921875,1404951500,0.0,0.0
2015-01-02,2202.193603515625,2276.9850843897407,2202.193603515625,2202.193603515625,706107000,0.0,0.0
2015-01-02,2102.4715020443214,2210.503634560433,2069.230845885518,2135.712158203125,489605600,0.0,0.0
2015-01-02,2152.332526312934,2210.503675672743,2094.161376953125,2094.161376953125,359113700,0.0,0.0
2015-01-02,2094.161553955078,2110.7818837483724,1961.1989156087238,1994.4395751953125,394132400,0.0,0.0
2015-01-02,1994.4395272943036,2044.3005154766613,1952.8887038090056,1969.509033203125,170695100,0.0,0.0
2015-01-02,1969.5090648699008,2002.7497241925994,1886.407416563154,1986.12939453125,235835100,0.0,0.0
2015-01-02,1994.4394946808509,2002.7496592420212,1936.2683427526595,1952.888671875,153546800,0.0,0.0
2015-01-02,1952.8887352085515,1994.4395593619247,1927.9582407165274,1986.12939453125,173667600,0.0,0.0
2015-01-02,1977.8190586930614,1986.129222805217,1936.2682381322827,1961.19873046875,92728200,0.0,0.0
2015-01-02,1977.8192382812501,2127.402205882353,1969.5090734145222,2119.092041015625,321561500,0.0,0.0
2015-01-02,2119.0918359375,2127.402,2044.300359375,2077.541015625,177608500,0.0,0.0
2015-01-02,2160.6428851503315,2202.193709864761,2110.7818954930162,2193.883544921875,269047800,0.0,0.0
2015-01-02,2210.503662109375,2235.43415453918,2168.9528413930334,2210.503662109375,200436800,0.0,0.0
2015-01-02,2202.1935710254274,2210.5037354443916,2152.332584511644,2185.5732421875,121087900,0.0,0.0
2015-01-02,2152.332668138587,2160.642832880435,2085.8513502038045,2102.4716796875,144731100,0.0,0.0
2015-01-02,2102.471893675299,2135.7125560258964,2052.6109001494024,2085.8515625,131170000,0.0,0.0
2015-01-02,2102.471657674821,2110.781822329662,2019.3700111264088,2027.68017578125,97395700,0.0,0.0
2015-01-02,2035.9905689741038,2119.0922248505976,2011.0600722111556,2085.8515625,107947200,0.0,0.0
2015-01-02,2102.4717305501304,2202.193709864761,2094.1615656072445,2193.883544921875,138741900,0.0,0.0
2015-01-02,2185.5730657113177,2243.74421194698,2168.9527382154142,2218.813720703125,141698900,0.0,0.0
2015-01-02,2218.8139325987618,2235.4342616818985,2193.883438974057,2202.193603515625,98442600,0.0,0.0
2015-01-02,2218.8137498938518,2343.466207753057,2210.5035860365715,2293.605224609375,286617900,0.0,0.0
2015-01-02,2318.5357831682477,2343.466275460379,2276.9849626813616,2326.845947265625,189362100,0.0,0.0
2015-01-02,2326.846037309886,2335.1562017288497,2185.5732421875,2185.5732421875,163864600,0.0,0.0
2015-01-02,2177.262901963366,2227.1238844510767,2144.022246971559,2218.813720703125,88390900,0.0,0.0
2015-01-02,2235.4344793066757,2326.8462981630823,2218.8141486055106,2318.5361328125,143822800,0.0,0.0
2015-01-02,2318.5357499156926,2385.0170617412323,2285.2950940029227,2310.2255859375,201698200,0.0,0.0
2015-01-02,2326.8461072198274,2434.878247912177,2318.535942551185,2409.94775390625,190855400,0.0,0.0
2015-01-02,2418.2579615542763,2443.1884560032895,2351.7766430235747,2368.39697265625,190460400,0.0,0.0
2015-01-02,2393.3275432180853,2393.3275432180853,2276.9852320894283,2343.466552734375,137086000,0.0,0.0
2015-01-02,2351.77679421483,2360.086959565412,2293.6056367607525,2318.5361328125,69884500,0.0,0.0
2015-01-02,2301.915601298757,2335.156259801266,2276.985107421875,2276.985107421875,82088900,0.0,0.0
2015-01-02,2235.4345880173546,2243.744753772066,2160.6430962249524,2177.263427734375,171951100,0.0,0.0
2015-01-02,2185.5731484375,2193.8833124999996,2035.9901953125,2077.541015625,229686600,0.0,0.0
2015-01-02,2077.540874481201,2168.952672958374,2077.540874481201,2127.40185546875,161589400,0.0,0.0
2015-01-02,2144.0224928635816,2202.1936457707334,2135.7123281625604,2160.642822265625,115518800,0.0,0.0
2015-01-02,2077.5411854619565,2119.0920091711955,2044.3005264945652,2102.4716796875,165439100,0.0,0.0
2015-01-02,2052.6106370657926,2069.2309661108598,1961.1988273179236,2011.059814453125,146403900,0.0,0.0
2015-01-02,2011.0599049886068,2102.471718851725,1994.4395751953125,1994.4395751953125,110097300,0.0,0.0
2015-01-02,1994.4393357698498,2044.300319164096,1903.0275328803984,1936.2681884765625,183788200,0.0,0.0
2015-01-02,1961.1986801736857,1977.8190079717676,1911.3376967794395,1936.2681884765625,81842400,0.0,0.0
2015-01-02,1952.8887352085515,2002.7497241925994,1944.5785703778768,1986.12939453125,94097400,0.0,0.0
2015-01-02,2011.0599049886068,2011.0599049886068,1961.1989156087238,1994.4395751953125,79223300,0.0,0.0
2015-01-02,1977.8191007288492,2069.2309079053925,1944.5784435737423,2044.3004150390625,122968900,0.0,0.0
2015-01-02,2094.161450489458,2094.161450489458,2044.3004635730422,2069.23095703125,125630800,0.0,0.0
2015-01-02,2127.4021739130435,2218.8139860733695,2094.1615149456525,2102.4716796875,244871700,0.0,0.0
2015-01-02,2119.0918301237234,2160.642650322228,2102.4715020443214,2135.712158203125,110538500,0.0,0.0
2015-01-02,2127.402108433735,2144.0224374058735,2044.3004635730422,2069.23095703125,115849600,0.0,0.0
2015-01-02,2085.8515012177377,2102.471831904732,2044.300674500253,2052.61083984375,76174000,0.0,0.0
2015-01-02,2077.540874481201,2135.712018966675,2052.6103839874268,2127.40185546875,125203400,0.0,0.0
2015-01-02,2135.7125560258964,2135.7125560258964,2077.5413969123506,2085.8515625,168242000,0.0,0.0
2015-01-02,2077.5413969123506,2127.402390438247,2052.6109001494024,2085.8515625,116209300,0.0,0.0
2015-01-02,2094.16134375,2119.0918359375,2077.541015625,2077.541015625,71245700,0.0,0.0
2015-01-02,2076.4746452487248,2101.797506776148,2025.8289221938776,2068.03369140625,93793800,38.73666,0.0
2015-01-02,2068.0338003615702,2084.9157089359505,2042.7109375,2042.7109375,64431900,0.0,0.0
2015-01-02,2051.15189178719,2059.59284607438,2025.8290289256197,2042.7109375,57669200,0.0,0.0
2015-01-02,2042.7110107421875,2068.0338745117188,2008.9471923828125,2025.8291015625,59980800,0.0,0.0
2015-01-02,2000.5062756934021,2008.9472304431633,1924.5376829455513,1932.9786376953125,131007700,0.0,0.0
2015-01-02,1890.7737313329646,1924.5375479639104,1857.0099147020187,1907.6556396484375,113102900,0.0,0.0
2015-01-02,1890.7737779529816,1907.6556866847047,1823.2461430260894,1840.1280517578125,140882200,0.0,0.0
2015-01-02,1840.1280883226525,1890.7738155241934,1789.4823611211116,1831.6871337890625,94872500,0.0,0.0
2015-01-02,1857.0099473110465,1882.3328102289245,1806.3642214752908,1814.80517578125,99487000,0.0,0.0
2015-01-02,1789.4822136033767,1806.3641212788802,1772.600305927873,1781.041259765625,70818600,0.0,0.0
2015-01-02,1781.0414060141152,1797.9233150758605,1730.3956788288797,1747.277587890625,78282700,0.0,0.0
2015-01-02,1755.718495639535,1814.80517578125,1747.2775413335758,1814.80517578125,83298700,0.0,0.0
2015-01-02,1806.3643339553682,1806.3643339553682,1705.0728759765625,1705.0728759765625,171508200,0.0,0.0
2015-01-02,1705.0728334227895,1705.0728334227895,1650.2066283869076,1658.6475830078125,127468500,0.0,0.0
2015-01-02,1645.9860121054091,1688.1907816465734,1645.9860121054091,1662.867919921875,73717900,0.0,0.0
2015-01-02,1662.8679651331017,1662.8679651331017,1591.1198549623841,1595.34033203125,172003400,0.0,0.0
2015-01-02,1595.3402999591572,1608.001730911214,1570.0174380550436,1574.2379150390625,106446700,0.0,0.0
2015-01-02,1565.7970702459766,1595.340411194014,1548.9151611328125,1548.9151611328125,118684300,0.0,0.0
2015-01-02,1561.5765991210938,1570.0175537109376,1519.371826171875,1519.371826171875,77824200,0.0,0.0
2015-01-02,1515.1514114815848,1527.812843889509,1477.1671142578125,1477.1671142578125,114976000,0.0,0.0
2015-01-02,1477.1669787029887,1494.0488870310228,1434.9622078829034,1451.8441162109375,101952600,0.0,0.0
2015-01-02,1468.7260155704435,1536.2536484702339,1468.7260155704435,1510.9307861328125,123382000,0.0,0.0
2015-01-02,1498.2693641130313,1502.4898411950398,1443.4031620469204,1451.8441162109375,96872200,0.0,0.0
2015-01-02,1447.623639128929,1464.505547456963,1434.9622078829034,1451.8441162109375,73058900,0.0,0.0
2015-01-02,1456.0646114961053,1481.3874743047331,1443.4031800917912,1447.6236572265625,83303200,0.0,0.0
2015-01-02,1451.8441162109375,1460.2850703749546,1439.182684964912,1451.8441162109375,49575300,0.0,0.0
2015-01-02,1451.844165319684,1494.0489375673492,1451.844165319684,1468.72607421875,88165200,0.0,0.0
2015-01-02,1468.7260245389716,1481.3874557849972,1447.623639128929,1451.8441162109375,50792800,0.0,0.0
2015-01-02,1451.8439985795455,1456.0644753196023,1384.3163707386364,1392.75732421875,165952800,0.0,0.0
2015-01-02,1350.5525821834417,1354.773059002765,1295.6863835322392,1299.9068603515625,227657100,0.0,0.0
2015-01-02,1329.4502493051382,1346.3321572328225,1308.3478643955327,1316.788818359375,137279400,0.0,0.0
2015-01-02,1333.6707494453362,1405.418859383851,1329.4502723901294,1396.9779052734375,159974800,0.0,0.0
2015-01-02,1418.0803892422566,1434.9622986379977,1409.639434544386,1430.7418212890625,110080500,0.0,0.0
2015-01-02,1430.7417720965484,1443.4032037080224,1405.4189088736007,1413.85986328125,49659100,0.0,0.0
2015-01-02,1426.5212793243065,1506.7103453218267,1426.5212793243065,1502.4898681640625,129865600,0.0,0.0
2015-01-02,1519.3716195913462,1540.4740031967815,1464.5054222172141,1481.3873291015625,105812300,0.0,0.0
2015-01-02,1481.3874467391543,1519.3717402452864,1481.3874467391543,1510.9307861328125,63350000,0.0,0.0
2015-01-02,1502.4898500415793,1510.930804255296,1494.0488958278625,1506.7103271484375,33964700,0.0,0.0
2015-01-02,1532.0332580566405,1713.5137817382813,1523.592303466797,1688.19091796875,342364100,0.0,0.0
2015-01-02,1705.072745164642,1747.2775160845588,1641.7655887847666,1650.20654296875,152840800,0.0,0.0
2015-01-02,1713.5136149479792,1772.6002913254958,1679.7497998751128,1755.7183837890625,243188600,0.0,0.0
2015-01-02,1755.7184465068922,1755.7184465068922,1679.7498598791901,1683.9703369140625,150196700,0.0,0.0
2015-01-02,1667.0883968759913,1679.7498277383406,1616.4426734265942,1662.867919921875,102367400,0.0,0.0
2015-01-02,1671.3088738301078,1705.0726894630393,1645.9860121054091,1662.867919921875,76571800,0.0,0.0
2015-01-02,1688.1909663134281,1713.5138308081296,1662.868101818727,1705.0728759765625,85399300,0.0,0.0
2015-01-02,1696.631777272641,1747.2775019673468,1675.5293919831804,1738.8365478515625,130808300,0.0,0.0
2015-01-02,1755.7185080991972,1882.33282358712,1747.2775537333357,1840.1280517578125,405818700,0.0,0.0
2015-01-02,1840.1281507959905,1840.1281507959905,1781.0414670548348,1789.482421875,148697800,0.0,0.0
2015-01-02,1857.0098658970426,1916.096543448312,1840.1279580252512,1890.773681640625,278414000,0.0,0.0
2015-01-02,1890.7736310529278,1916.096492183101,1865.4507699227547,1873.8917236328125,121265600,0.0,0.0
2015-01-02,1882.3327585139743,1890.773712588028,1789.4822636993838,1797.9232177734375,111112000,0.0,0.0
2015-01-02,1797.9231526301458,1806.3641063983625,1747.277430020846,1755.7183837890625,117043800,0.0,0.0
2015-01-02,1747.277538467035,1781.0413556354802,1713.5137212985899,1730.3956298828125,116651400,0.0,0.0
2015-01-02,1730.3955937357782,1764.1594101989153,1713.5136855042097,1738.8365478515625,101507400,0.0,0.0
2015-01-02,1738.836575832415,1747.2775300840285,1671.3089418195057,1675.5294189453125,140299600,0.0,0.0
2015-01-02,1675.529378656096,1730.3955799722908,1658.6474705588055,1713.513671875,87682800,0.0,0.0
2015-01-02,1705.0727903451493,1721.9546991604477,1688.1908815298507,1696.6318359375,54617900,0.0,0.0
2015-01-02,1696.6317680186794,1721.9546302279134,1675.5293828443178,1683.9703369140625,90209100,0.0,0.0
2015-01-02,1683.9703597046835,1688.190836796675,1650.20654296875,1650.20654296875,135647800,0.0,0.0
2015-01-02,1620.66328125,1624.8837585449219,1574.2380310058593,1603.7813720703125,117016500,0.0,0.0
2015-01-02,1620.6632163098236,1696.6318045743467,1612.22226205821,1675.5294189453125,139215000,0.0,0.0
2015-01-02,1675.5294008494623,1679.7498779296875,1624.883675886758,1679.7498779296875,134229100,0.0,0.0
2015-01-02,1675.529479822755,1675.529479822755,1629.1042297520994,1633.32470703125,63085900,0.0,0.0
2015-01-02,1629.1042358398438,1629.1042358398438,1603.7813720703125,1603.7813720703125,105457000,0.0,0.0
2015-01-02,1586.8993347477792,1675.5293507842243,1578.4583808395462,1662.867919921875,131398400,0.0,0.0
2015-01-02,1696.631786250589,1721.954648731941,1667.0884466890116,1679.7498779296875,138906100,0.0,0.0
2015-01-02,1667.0884696764824,1679.7499010917468,1637.5451297075322,1645.986083984375,81794000,0.0,0.0
2015-01-02,1662.8679790496826,1667.0884561538696,1620.6632080078125,1620.6632080078125,78962000,0.0,0.0
2015-01-02,1637.5450405458862,1675.529332723497,1620.6631329113925,1667.08837890625,75063600,0.0,0.0
2015-01-02,1696.6318229906487,1705.0727773338858,1671.3089599609375,1671.3089599609375,96249700,0.0,0.0
2015-01-02,1713.5137697671346,1772.6004514832428,1713.5137697671346,1747.277587890625,282112800,0.0,0.0
2015-01-02,1696.6319188531838,1789.482421875,1679.7500092128537,1789.482421875,230625300,0.0,0.0
2015-01-02,1797.9233150758605,1814.8052241376056,1738.8366333597523,1747.277587890625,147893600,0.0,0.0
2015-01-02,1713.5136359719668,1730.395543715533,1688.1907743566176,1721.95458984375,97988100,0.0,0.0
2015-01-02,1755.7184927591463,1764.1594470512575,1705.0727670064787,1730.3956298828125,80428100,0.0,0.0
2015-01-02,1755.7184927591463,1755.7184927591463,1721.954675590701,1730.3956298828125,46000700,0.0,0.0
2015-01-02,1738.8364762526292,1772.6002913254958,1705.0726611797627,1755.7183837890625,122337200,0.0,0.0
2015-01-02,1730.3955224844126,1764.1593375572793,1721.954568716196,1755.7183837890625,56857200,0.0,0.0
2015-01-02,1755.7184053308822,1764.1593592026654,1713.5136359719668,1721.95458984375,54897400,0.0,0.0
2015-01-02,1683.9703046924571,1688.1907816465734,1662.867919921875,1662.867919921875,95293700,0.0,0.0
2015-01-02,1650.2066283869076,1667.0885376287174,1629.1042418346453,1658.6475830078125,75589600,0.0,0.0
2015-01-02,1641.7655752206776,1645.9860522778001,1624.8836669921875,1624.8836669921875,70315600,0.0,0.0
2015-01-02,1641.7655935287476,1654.4270248413086,1612.2222537994385,1620.6632080078125,48688700,0.0,0.0
2015-01-02,1624.883613193158,1637.5450439453125,1591.1197978540795,1637.5450439453125,61879600,0.0,0.0
2015-01-02,1603.7812861689815,1620.6631944444443,1595.34033203125,1595.34033203125,57708700,0.0,0.0
2015-01-02,1620.6631899350648,1633.3246211064325,1612.2222358208198,1624.8836669921875,73564600,0.0,0.0
2015-01-02,1641.7655208626973,1667.0883823670063,1637.5450439453125,1637.5450439453125,84847500,0.0,0.0
2015-01-02,1650.2065110280726,1658.6474650486764,1624.8836489662606,1629.1041259765625,46688800,0.0,0.0
2015-01-02,1633.32470703125,1645.9861388687016,1624.883752472949,1633.32470703125,28671100,0.0,0.0
2015-01-02,1620.6632444371728,1624.883721636228,1599.5608584418972,1612.2222900390625,29237400,0.0,0.0
2015-01-02,1612.2222220790732,1616.4426991002226,1595.3403139944755,1599.560791015625,23307600,0.0,0.0
2015-01-02,1599.5608455576796,1616.442754217919,1570.0175054022607,1586.8994140625,45420900,0.0,0.0
2015-01-02,1595.3403040151127,1599.5607810098618,1536.2536260886272,1544.694580078125,61806000,0.0,0.0
2015-01-02,1565.7968773475059,1574.2378308642042,1536.2535400390625,1536.2535400390625,35742200,0.0,0.0
2015-01-02,1527.8127624004503,1527.8127624004503,1489.8284672026489,1523.59228515625,44920200,0.0,0.0
2015-01-02,1527.8127992252787,1544.6947086089833,1510.9308898415738,1515.1513671875,29114900,0.0,0.0
2015-01-02,1519.3717358732877,1553.1355522260274,1489.8283965646403,1540.47412109375,50663500,0.0,0.0
2015-01-02,1532.0330632807133,1548.9149703141097,1523.5921097640153,1536.2535400390625,55821200,0.0,0.0
2015-01-02,1540.4742126464844,1544.6946899414063,1515.151348876953,1519.371826171875,53313900,0.0,0.0
2015-01-02,1523.5923218793525,1540.4742312630572,1510.9308898415738,1515.1513671875,42005500,0.0,0.0
2015-01-02,1519.371689618644,1527.8126434498588,1485.6078742937852,1494.048828125,61312200,0.0,0.0
2015-01-02,1498.2692840744778,1544.6945294965037,1498.2692840744778,1527.8126220703125,93571200,0.0,0.0
2015-01-02,1536.2537112028704,1586.899437945822,1532.033233974291,1553.1356201171875,117436400,0.0,0.0
2015-01-02,1557.3561156893945,1561.5765929676857,1523.5922974630662,1548.9151611328125,48489400,0.0,0.0
2015-01-02,1553.1356019224254,1561.5765562806994,1540.4741703850143,1557.3560791015625,32276200,0.0,0.0
2015-01-02,1557.3559600661472,1557.3559600661472,1523.5921452137648,1527.8126220703125,27067000,0.0,0.0
2015-01-02,1574.2379150390625,1599.560776943176,1561.5764840870056,1574.2379150390625,112301800,0.0,0.0
2015-01-02,1574.2379190413678,1582.6788730308658,1540.4741030833761,1544.694580078125,55063600,0.0,0.0
2015-01-02,1544.6946374479846,1616.4427490234375,1523.5922516904984,1616.4427490234375,94024700,0.0,0.0
2015-01-02,1629.1042358398438,1696.6318725585938,1629.1042358398438,1688.19091796875,213462800,0.0,0.0
2015-01-02,1696.6318045743467,1721.9546673291877,1662.867987567892,1675.5294189453125,102934900,0.0,0.0
2015-01-02,1696.6318725585938,1738.8366455078126,1683.970440673828,1688.19091796875,109456900,0.0,0.0
2015-01-02,1688.19091796875,1705.0728271484375,1675.5294860839845,1688.19091796875,111703400,0.0,0.0
2015-01-02,1755.7186025943395,1797.923376695165,1730.3957381338444,1789.482421875,262785800,0.0,0.0
2015-01-02,1814.8052863354953,1831.6871959758255,1772.6005122346698,1789.482421875,148342000,0.0,0.0
2015-01-02,1823.24609375,1873.891818576389,1797.9232313368054,1823.24609375,165401200,0.0,0.0
2015-01-02,1840.1279826046798,1840.1279826046798,1705.0727178263548,1713.513671875,174441800,0.0,0.0
2015-01-02,1675.529332723497,1683.9702865407437,1637.5450405458862,1667.08837890625,149717300,0.0,0.0
2015-01-02,1650.2065249073262,1675.529387182119,1645.9860478615274,1654.427001953125,59274700,0.0,0.0
2015-01-02,1671.3089101363203,1688.1908183195153,1650.2065249073262,1654.427001953125,54986700,0.0,0.0
2015-01-02,1654.4270934270025,1662.8680479853037,1629.1042297520994,1633.32470703125,56464900,0.0,0.0
2015-01-02,1662.8679019976266,1675.529332723497,1650.2064712717563,1667.08837890625,55881800,0.0,0.0
2015-01-02,1667.0883968759913,1679.7498277383406,1654.4269660136422,1662.867919921875,35329400,0.0,0.0
2015-01-02,1662.867992538061,1667.0884696764824,1641.7656068459537,1645.986083984375,30261700,0.0,0.0
2015-01-02,1641.7656119324208,1641.7656119324208,1612.2222718719402,1616.4427490234375,64871100,0.0,0.0
2015-01-02,1633.3247191450978,1658.6475830078125,1624.8837645241929,1658.6475830078125,56748100,0.0,0.0
2015-01-02,1671.3089418195057,1679.7498960711193,1658.6475104420851,1675.5294189453125,119645000,0.0,0.0
2015-01-02,1688.1907743566176,1738.836497587316,1675.529343548943,1721.95458984375,119554800,0.0,0.0
2015-01-02,1730.395543715533,1738.836497587316,1705.0726821001838,1721.95458984375,71325000,0.0,0.0
2015-01-02,1747.2775019673468,1755.718456083131,1721.954639619994,1738.8365478515625,61782900,0.0,0.0
2015-01-02,1730.3956972855042,1730.3956972855042,1641.7656737660027,1658.6475830078125,67396800,0.0,0.0
2015-01-02,1658.6475019454956,1675.5294103622437,1603.7812995910645,1620.6632080078125,81990800,0.0,0.0
2015-01-02,1654.4270154483354,1683.970355009913,1620.6631988065326,1679.7498779296875,67037700,0.0,0.0
2015-01-02,1654.4270934270025,1671.3090025436047,1629.1042297520994,1633.32470703125,49685200,0.0,0.0
2015-01-02,1629.104175430689,1654.427038261218,1616.4427440154248,1645.986083984375,31247700,0.0,0.0
2015-01-02,1654.4269880383745,1658.6474650486764,1629.1041259765625,1629.1041259765625,57151100,0.0,0.0
2015-01-02,1629.104090110543,1641.7655208626973,1616.4426593583885,1637.5450439453125,47643500,0.0,0.0
2015-01-02,1637.5451843104006,1637.5451843104006,1620.6632751937984,1633.32470703125,33879300,0.0,0.0
2015-01-02,1616.4428502451076,1713.5138308081296,1616.4428502451076,1705.0728759765625,96998400,0.0,0.0
2015-01-02,1713.5136359719668,1738.836497587316,1688.1907743566176,1721.95458984375,84860900,0.0,0.0
2015-01-02,1713.5137447527984,1713.5137447527984,1675.529449918377,1696.6318359375,52011600,0.0,0.0
2015-01-02,1705.0726821001838,1747.2774514590992,1705.0726821001838,1721.95458984375,63043600,0.0,0.0
2015-01-02,1747.2774880695813,1755.7184421182267,1705.0727178263548,1713.513671875,38430500,0.0,0.0
2015-01-02,1713.5137817382813,1713.5137817382813,1683.970440673828,1688.19091796875,33726500,0.0,0.0
2015-01-02,1696.6318725585938,1713.5137817382813,1683.970440673828,1688.19091796875,15934600,0.0,0.0
2015-01-02,1696.631786250589,1721.954648731941,1675.5294008494623,1679.7498779296875,36854400,0.0,0.0
2015-01-02,1679.7499271222016,1696.6318359375,1637.5451550839553,1696.6318359375,62750900,0.0,0.0
2015-01-02,1688.1908815298507,1705.0727903451493,1662.868018306903,1696.6318359375,43604000,0.0,0.0
2015-01-02,1696.6318045743467,1705.0727588259604,1675.5294189453125,1675.5294189453125,23123000,0.0,0.0
2015-01-02,1679.7499143041746,1696.6318229906487,1667.088482789319,1671.3089599609375,15045200,0.0,0.0
2015-01-02,1671.3090087890625,1705.0728271484375,1667.0885314941406,1688.19091796875,45001200,0.0,0.0
2015-01-02,1705.0727670064787,1772.6004013433687,1696.6318127143672,1730.3956298828125,142169900,0.0,0.0
2015-01-02,1705.0728334227895,1730.3956972855042,1633.3247191450978,1658.6475830078125,130118600,0.0,0.0
2015-01-02,1645.9860790646646,1675.5294189453125,1629.1041705614373,1675.5294189453125,55673400,0.0,0.0
2015-01-02,1696.631777272641,1747.2775019673468,1696.631777272641,1738.8365478515625,118054500,0.0,0.0
2015-01-02,1721.95458984375,1738.836497587316,1688.1907743566176,1721.95458984375,57625700,0.0,0.0
2015-01-02,1730.3956788288797,1747.277587890625,1705.072815236262,1747.277587890625,48480600,0.0,0.0
2015-01-02,1738.8365392550616,1806.3641718474912,1721.9546311069541,1797.9232177734375,185136300,0.0,0.0
2015-01-02,1814.80517578125,1831.6870843931688,1764.1594499454943,1814.80517578125,148853000,0.0,0.0
2015-01-02,1823.2461430260894,1857.0099604895354,1814.805188660228,1840.1280517578125,92259000,0.0,0.0
2015-01-02,1857.0099979350218,1932.9785887596365,1840.1280888628853,1916.0966796875,242582700,0.0,0.0
2015-01-02,1907.6556396484375,1916.0965938061738,1865.4508688597552,1907.6556396484375,122109900,0.0,0.0
2015-01-02,1932.9785887596365,1958.3014523678412,1916.0966796874998,1916.0966796875,132011300,0.0,0.0
2015-01-02,1941.4192410173087,1975.1830539045663,1924.53733457368,1958.3011474609375,113403800,0.0,0.0
2015-01-02,1958.3011474609375,1983.6240071263805,1924.53733457368,1958.3011474609375,65599100,0.0,0.0
2015-01-02,1975.1834114441185,1983.6243661938797,1899.214818696268,1932.9786376953125,55275800,0.0,0.0
2015-01-02,1966.742100682752,2000.5059135700094,1941.4192410173087,1958.3011474609375,91463800,0.0,0.0
2015-01-02,1966.7424194335938,1966.7424194335938,1932.9786010742187,1941.4195556640625,36469600,0.0,0.0
2015-01-02,1941.4195924450737,1949.860547194835,1899.214818696268,1932.9786376953125,58533200,0.0,0.0
2015-01-02,1941.4195192015015,1975.1833369267451,1932.9785647701906,1949.8604736328125,56896100,0.0,0.0
2015-01-02,1975.1832414458072,2017.3880115621705,1958.3013333992617,2000.506103515625,134564600,0.0,0.0
2015-01-02,1983.624267578125,2008.947130568484,1958.301404587766,1983.624267578125,55219600,0.0,0.0
2015-01-02,2008.946955472103,2008.946955472103,1924.5374195278969,1966.7421875,69916100,0.0,0.0
2015-01-02,1924.5376342235681,1958.3014523678412,1907.6557251514316,1916.0966796875,60509800,0.0,0.0
2015-01-02,1899.2147216796875,1907.6556759982639,1848.5689957682291,1899.2147216796875,130229800,0.0,0.0
2015-01-02,1907.6555895124163,1924.5374973842077,1873.8917737688337,1890.773681640625,52970000,0.0,0.0
2015-01-02,1890.7736310529278,1907.6555384730432,1873.8917236328125,1873.8917236328125,50507500,0.0,0.0
2015-01-02,1899.2145847629856,1899.2145847629856,1840.1279087925816,1873.8917236328125,77590000,0.0,0.0
2015-01-02,1865.4508198329381,1890.773681640625,1857.0098658970426,1890.773681640625,27137900,0.0,0.0
2015-01-02,1890.7735435520362,1899.214496871465,1857.0097302743213,1865.45068359375,47466500,0.0,0.0
2015-01-02,1857.010009765625,1882.3328735351563,1823.24619140625,1857.010009765625,66560400,0.0,0.0
2015-01-02,1857.009844305391,1865.4507981431427,1772.600305927873,1781.041259765625,130493400,0.0,0.0
2015-01-02,1772.6002553547398,1806.3640697424494,1738.8364409670305,1764.1593017578125,90798900,0.0,0.0
2015-01-02,1755.7183837890625,1764.1593375572793,1705.0726611797627,1755.7183837890625,99587300,0.0,0.0
2015-01-02,1781.0412450937124,1797.9231526301458,1747.277430020846,1755.7183837890625,70008500,0.0,0.0
2015-01-02,1755.7184927591463,1764.1594470512575,1713.5137212985899,1730.3956298828125,74407800,0.0,0.0
2015-01-02,1730.3955799722908,1738.836534020936,1688.190809729064,1713.513671875,74657800,0.0,0.0
2015-01-02,1705.0728271484375,1721.954736328125,1688.19091796875,1688.19091796875,48747500,0.0,0.0
2015-01-02,1688.1908815298507,1721.9546991604477,1675.529449918377,1696.6318359375,60281100,0.0,0.0
2015-01-02,1713.5136945714903,1721.954648731941,1679.7498779296875,1679.7498779296875,99649100,0.0,0.0
2015-01-02,1679.7499633789062,1705.0728271484375,1667.0885314941406,1688.19091796875,49985200,0.0,0.0
2015-01-02,1696.6318359375,1721.9546991604477,1688.1908815298507,1696.6318359375,57745800,0.0,0.0
2015-01-02,1696.6317680186794,1721.9546302279134,1675.5293828443178,1683.9703369140625,63901300,0.0,0.0
2015-01-02,1688.1908183195153,1705.0727265027106,1650.2065249073262,1654.427001953125,74031000,0.0,0.0
2015-01-02,1654.4269516148518,1662.8679054496215,1629.104090110543,1637.5450439453125,76557300,0.0,0.0
2015-01-02,1620.6632128647216,1629.104167098392,1578.4584416963694,1591.119873046875,144493200,0.0,0.0
2015-01-02,1591.1197867838541,1612.2221712239582,1578.4583561197917,1582.6788330078125,75244200,0.0,0.0
2015-01-02,1574.2379825673206,1599.5608455576796,1561.576551072141,1586.8994140625,96320400,0.0,0.0
2015-01-02,1595.340479835304,1595.340479835304,1561.57666015625,1561.57666015625,60375200,0.0,0.0
2015-01-02,1574.2379745609503,1591.1198831353306,1527.8127259814048,1532.033203125,107452200,0.0,0.0
2015-01-02,1540.4741345840002,1574.2379512324167,1540.4741345840002,1565.7969970703125,67314600,0.0,0.0
2015-01-02,1561.5766179926882,1565.7970953386143,1494.0489804578692,1515.1513671875,98076300,0.0,0.0
2015-01-02,1532.0331586772345,1599.560791015625,1527.812681656085,1599.560791015625,109506100,0.0,0.0
2015-01-02,1608.0018493652344,1629.1042358398438,1582.6789855957031,1603.7813720703125,60151400,0.0,0.0
2015-01-02,1612.222258631051,1616.4427357478862,1591.119873046875,1591.119873046875,36252300,0.0,0.0
2015-01-02,1599.560791015625,1637.5450842059697,1591.1198369733263,1599.560791015625,78590800,0.0,0.0
2015-01-02,1633.3246167241311,1696.631772411113,1633.3246167241311,1654.427001953125,128759700,0.0,0.0
2015-01-02,1662.8679517397009,1696.6317680186794,1662.8679517397009,1683.9703369140625,71821100,0.0,0.0
2015-01-02,1688.1907536433293,1764.1593375572793,1688.1907536433293,1755.7183837890625,147076200,0.0,0.0
2015-01-02,1747.2773945639578,1764.1593017578125,1721.9545337731759,1764.1593017578125,83062700,0.0,0.0
2015-01-02,1755.7183481608852,1772.6002553547398,1730.3954873701032,1764.1593017578125,63907600,0.0,0.0
2015-01-02,1772.6002553547398,1781.0412089516674,1747.2773945639578,1764.1593017578125,48072300,0.0,0.0
2015-01-02,1764.1594470512575,1772.6004013433687,1721.954675590701,1730.3956298828125,64915300,0.0,0.0
2015-01-02,1747.2774797712052,1814.8051118396577,1747.2774797712052,1772.600341796875,112473600,0.0,0.0
2015-01-02,1772.600341796875,1789.482249813988,1755.7184337797619,1772.600341796875,73515100,0.0,0.0
2015-01-02,1772.6005146290997,1772.6005146290997,1696.6319211449954,1705.0728759765625,50599000,0.0,0.0
2015-01-02,1713.5136290636108,1781.041259765625,1713.5136290636108,1781.041259765625,86677500,0.0,0.0
2015-01-02,1789.4822136033767,1806.3641212788802,1772.600305927873,1781.041259765625,61352700,0.0,0.0
2015-01-02,1781.04130962533,1797.9232177734375,1772.6003555512764,1797.9232177734375,46749000,0.0,0.0
2015-01-02,1806.3641212788802,1823.2460289543837,1781.041259765625,1781.041259765625,96329700,0.0,0.0
2015-01-02,1797.923376695165,1806.3643315153302,1772.6005122346698,1789.482421875,45802200,0.0,0.0
2015-01-02,1789.482249813988,1797.9232038225446,1755.7184337797619,1772.600341796875,41960600,0.0,0.0
2015-01-02,1755.7183982523695,1781.041259765625,1738.836490576866,1781.041259765625,53065900,0.0,0.0
2015-01-02,1789.4821988619292,1789.4821988619292,1755.7183837890625,1755.7183837890625,24606800,0.0,0.0
2015-01-02,1764.1593877883183,1781.0412958054314,1747.2774797712052,1772.600341796875,38485900,0.0,0.0
2015-01-02,1764.1594101989153,1772.6003643146996,1713.5136855042097,1738.8365478515625,45566000,0.0,0.0
2015-01-02,1781.0414670548348,1814.8052863354953,1772.6005122346698,1789.482421875,84879600,0.0,0.0
2015-01-02,1806.3641718474912,1814.805125921545,1781.04130962533,1797.9232177734375,56925500,0.0,0.0
2015-01-02,1797.9231746897976,1797.9231746897976,1705.0726821001838,1721.95458984375,65433100,0.0,0.0
2015-01-02,1738.8366333597523,1764.15949695237,1721.9547242980072,1747.277587890625,29706800,0.0,0.0
2015-01-02,1755.7183982523695,1789.4822136033767,1747.2774444146178,1781.041259765625,38860300,0.0,0.0
2015-01-02,1781.0412958054314,1789.482249813988,1747.2774797712052,1772.600341796875,29596100,0.0,0.0
2015-01-02,1755.7184053308822,1755.7184053308822,1713.5136359719668,1721.95458984375,60984800,0.0,0.0
2015-01-02,1713.5137817382813,1713.5137817382813,1679.7499633789062,1688.19091796875,55827200,0.0,0.0
2015-01-02,1688.1908320901382,1705.0727404110396,1662.867969608786,1679.7498779296875,52156000,0.0,0.0
2015-01-02,1679.7498277383406,1688.1907816465734,1650.2064890595257,1662.867919921875,46780700,0.0,0.0
2015-01-02,1654.4270934270025,1658.6475707061531,1616.442797914648,1633.32470703125,57535100,0.0,0.0
2015-01-02,1633.3246346007832,1662.867974244725,1620.6632033248081,1650.20654296875,45974800,0.0,0.0
2015-01-02,1654.4269516148518,1679.7498131191608,1633.3245670279277,1637.5450439453125,51978000,0.0,0.0
2015-01-02,1637.54514781491,1662.8680109254499,1637.54514781491,1641.765625,50066400,0.0,0.0
2015-01-02,1645.986083984375,1654.427038261218,1641.7656068459537,1645.986083984375,25578300,0.0,0.0
2015-01-02,1645.98610218509,1658.64753374036,1637.54514781491,1641.765625,30649800,0.0,0.0
2015-01-02,1641.7655935287476,1645.9860706329346,1620.6632080078125,1620.6632080078125,35480500,0.0,0.0
2015-01-02,1620.6632751937984,1633.32470703125,1608.0018433563469,1633.32470703125,33236600,0.0,0.0
2015-01-02,1633.3245670279277,1654.4269516148518,1629.104090110543,1637.5450439453125,20104800,0.0,0.0
2015-01-02,1637.5450842059697,1641.7655612271192,1599.560791015625,1599.560791015625,112564800,0.0,0.0
2015-01-02,1608.0017021855222,1683.9702865407437,1608.0017021855222,1667.08837890625,65371800,0.0,0.0
2015-01-02,1675.529449918377,1713.5137447527984,1675.529449918377,1696.6318359375,49988100,0.0,0.0
2015-01-02,1696.6319211449954,1713.5138308081296,1679.750011481861,1705.0728759765625,33846900,0.0,0.0
2015-01-02,1721.9546673291877,1721.9546673291877,1675.5294189453125,1675.5294189453125,36123800,0.0,0.0
2015-01-02,1675.529332723497,1683.9702865407437,1662.8679019976266,1667.08837890625,24991800,0.0,0.0
2015-01-02,1671.3089058094454,1688.1908139489349,1667.088428774573,1683.9703369140625,23090500,0.0,0.0
2015-01-02,1683.970404326026,1705.0727903451493,1671.3089727145523,1696.6318359375,27907100,0.0,0.0
2015-01-02,1721.9546259236454,1730.3955799722908,1696.6317637777095,1713.513671875,54535600,0.0,0.0
2015-01-02,1721.95458984375,1730.395543715533,1696.6317282284006,1721.95458984375,44386500,0.0,0.0
2015-01-02,1738.8365478515625,1738.8365478515625,1705.0727313884254,1738.8365478515625,34334100,0.0,0.0
2015-01-02,1738.836534020936,1738.836534020936,1705.0727178263548,1713.513671875,11742200,0.0,0.0
2015-01-02,1713.5138308081296,1721.9547856396969,1696.6319211449954,1705.0728759765625,16397800,0.0,0.0
2015-01-02,1696.6318359375,1713.5137447527984,1688.1908815298507,1696.6318359375,19148800,0.0,0.0
2015-01-02,1696.6318359375,1738.8366079757463,1696.6318359375,1696.6318359375,40103700,0.0,0.0
2015-01-02,1705.0727903451493,1713.5137447527984,1688.1908815298507,1696.6318359375,30401200,0.0,0.0
2015-01-02,1713.7708740234375,1735.7422954852764,1700.588021146334,1713.7708740234375,42017600,79.5016,0.0
2015-01-02,1718.1651583158052,1726.9537269005407,1713.7708740234375,1713.7708740234375,18194100,0.0,0.0
2015-01-02,1718.165166723819,1748.9251569209207,1718.165166723819,1726.9537353515625,20374900,0.0,0.0
2015-01-02,1731.34814453125,1740.13671379283,1722.5595752696702,1731.34814453125,16313500,0.0,0.0
2015-01-02,1731.3480307629486,1748.9251681311005,1722.5594620788727,1744.5308837890625,35622000,0.0,0.0
2015-01-02,1753.319471604753,1801.6565998946085,1748.9251872147663,1775.2908935546875,88546800,0.0,0.0
2015-01-02,1775.2908685225473,1775.2908685225473,1735.7423095703125,1735.7423095703125,40420700,0.0,0.0
2015-01-02,1744.5308810147371,1753.3194496848366,1740.1365966796875,1740.1365966796875,14134300,0.0,0.0
2015-01-02,1744.5308920288087,1757.7137451171875,1740.1366076660156,1757.7137451171875,19295300,0.0,0.0
2015-01-02,1766.5023082944017,1766.5023082944017,1748.9251708984375,1748.9251708984375,21168800,0.0,0.0
2015-01-02,1766.5023082944017,1784.079445690366,1748.9251708984375,1748.9251708984375,36336200,0.0,0.0
2015-01-02,1753.3194607543946,1775.2908825683594,1753.3194607543946,1757.7137451171875,21060000,0.0,0.0
2015-01-02,1766.5023082944017,1775.2908769923838,1748.9251708984375,1748.9251708984375,21903600,0.0,0.0
2015-01-02,1757.7137395964196,1766.5023082944017,1735.7423178514643,1748.9251708984375,25067900,0.0,0.0
2015-01-02,1757.7137395964196,1766.5023082944017,1740.1366022004554,1748.9251708984375,31137300,0.0,0.0
2015-01-02,1757.713731210443,1757.713731210443,1735.7423095703125,1735.7423095703125,30200700,0.0,0.0
2015-01-02,1735.7423095703125,1748.9251625543907,1735.7423095703125,1735.7423095703125,19326300,0.0,0.0
2015-01-02,1744.5308782263646,1757.713731210443,1735.7423095703125,1735.7423095703125,25532000,0.0,0.0
2015-01-02,1753.3194524731384,1766.502305499252,1740.1365994470245,1744.5308837890625,35649600,0.0,0.0
2015-01-02,1744.5309984236198,1748.9252830544099,1731.34814453125,1731.34814453125,21145100,0.0,0.0
2015-01-02,1731.348016855668,1735.7423011624082,1718.1651639354473,1722.5594482421875,36810200,0.0,0.0
2015-01-02,1726.9537464209106,1748.9251681311005,1722.5594620788727,1744.5308837890625,33449700,0.0,0.0
2015-01-02,1757.7137666590072,1810.4451796587775,1748.9251978257123,1792.8680419921875,136288500,0.0,0.0
2015-01-02,1801.656594347598,1801.656594347598,1748.9251818301075,1766.5023193359375,78406600,0.0,0.0
2015-01-02,1757.7137505830224,1775.2908880888526,1748.9251818301075,1766.5023193359375,38816800,0.0,0.0
2015-01-02,1766.5023247747138,1792.8680311146347,1757.71375599474,1775.2908935546875,40798600,0.0,0.0
2015-01-02,1784.0794731588924,1801.6566108254824,1775.2909043255972,1792.8680419921875,41290300,0.0,0.0
2015-01-02,1801.656594347598,1801.656594347598,1757.7137505830224,1766.5023193359375,22252100,0.0,0.0
2015-01-02,1766.5023193359375,1775.2908880888526,1748.9251818301075,1766.5023193359375,28570200,0.0,0.0
2015-01-02,1757.7137395964196,1775.2908769923838,1748.9251708984375,1748.9251708984375,25992700,0.0,0.0
2015-01-02,1753.3194552474286,1757.7137395964196,1740.1366022004554,1748.9251708984375,24628600,0.0,0.0
2015-01-02,1748.9251763916016,1757.7137451171875,1731.3480389404297,1757.7137451171875,28640500,0.0,0.0
2015-01-02,1753.3194552474286,1757.7137395964196,1744.5308865494464,1748.9251708984375,23413100,0.0,0.0
2015-01-02,1744.530869775889,1748.9251540826292,1722.5594482421875,1722.5594482421875,62356300,0.0,0.0
2015-01-02,1722.559442608173,1731.3480111929086,1709.3765897310695,1713.7708740234375,42360900,0.0,0.0
2015-01-02,1713.7708740234375,1726.9537269005407,1713.7708740234375,1713.7708740234375,18371900,0.0,0.0
2015-01-02,1713.7708711991886,1722.559439769441,1700.5880183438103,1709.3765869140625,36188400,0.0,0.0
2015-01-02,1713.7709985913523,1726.9538524266702,1713.7709985913523,1718.165283203125,35653600,0.0,0.0
2015-01-02,1735.7423205841753,1775.290879787359,1735.7423205841753,1753.3194580078125,81402400,0.0,0.0
2015-01-02,1753.3194552474286,1766.5023082944017,1740.1366022004554,1748.9251708984375,34868200,0.0,0.0
2015-01-02,1753.3194580078125,1766.5023110755405,1740.1366049400847,1753.3194580078125,20521600,0.0,0.0
2015-01-02,1753.3194580078125,1757.7137423637218,1740.1366049400847,1753.3194580078125,23010600,0.0,0.0
2015-01-02,1766.5023110755405,1766.5023110755405,1753.3194580078125,1753.3194580078125,31964100,0.0,0.0
2015-01-02,1753.3194552474286,1766.5023082944017,1735.7423178514643,1748.9251708984375,34775700,0.0,0.0
2015-01-02,1691.7995755324887,1731.348137038443,1691.7995755324887,1718.165283203125,89347300,0.0,0.0
2015-01-02,1735.7422954852764,1740.136579777644,1713.7708740234375,1713.7708740234375,50595200,0.0,0.0
2015-01-02,1713.7708740234375,1731.3480111929086,1709.3765897310695,1713.7708740234375,30663500,0.0,0.0
2015-01-02,1713.7708711991886,1726.9537240545671,1709.3765869140625,1709.3765869140625,46818400,0.0,0.0
2015-01-02,1709.3767139795796,1718.165283203125,1704.9824293678068,1718.165283203125,29131200,0.0,0.0
2015-01-02,1718.165155484315,1722.559439769441,1704.9823026289364,1709.3765869140625,28062400,0.0,0.0
2015-01-02,1709.3767139795796,1718.165283203125,1696.1938601442614,1718.165283203125,28507500,0.0,0.0
2015-01-02,1722.559439769441,1722.559439769441,1704.9823026289364,1709.3765869140625,19270100,0.0,0.0
2015-01-02,1713.7708539439866,1713.7708539439866,1678.6165800169306,1683.0108642578125,42991700,0.0,0.0
2015-01-02,1687.4052631578948,1700.5881167763157,1665.4338404605262,1669.828125,53126700,0.0,0.0
2015-01-02,1669.828125,1687.4052631578948,1665.4338404605262,1669.828125,46983300,0.0,0.0
2015-01-02,1669.827970179116,1678.6165384432165,1621.4908447265625,1621.4908447265625,55122100,0.0,0.0
2015-01-02,1612.7023952318273,1643.4623864215353,1595.1252574091372,1617.0966796875,50949200,0.0,0.0
2015-01-02,1621.4908535865045,1647.8565585228705,1621.4908535865045,1634.6737060546875,30863900,0.0,0.0
2015-01-02,1634.6738148203337,1647.8566681656591,1608.3081081296832,1612.702392578125,39716700,0.0,0.0
2015-01-02,1612.7024004961993,1639.0681073163007,1612.7024004961993,1625.88525390625,20902800,0.0,0.0
2015-01-02,1630.279538376267,1639.0681073163007,1621.4909694362332,1625.88525390625,15640300,0.0,0.0
2015-01-02,1625.885248598845,1630.2795330545175,1608.3081107761548,1617.0966796875,23825200,0.0,0.0
2015-01-02,1617.0966689560441,1621.490953382555,1599.51953125,1599.51953125,17418400,0.0,0.0
2015-01-02,1599.5195285597451,1608.3080973979856,1595.125244140625,1595.125244140625,23052100,0.0,0.0
2015-01-02,1595.1252387303064,1603.913807538738,1581.9423855176592,1586.336669921875,25415600,0.0,0.0
2015-01-02,1586.336647790147,1590.730932133056,1551.182373046875,1551.182373046875,42107800,0.0,0.0
2015-01-02,1564.3652119252874,1564.3652119252874,1524.816653196839,1529.2109375,34753800,0.0,0.0
2015-01-02,1533.6052016988178,1546.788054435484,1498.450927734375,1498.450927734375,44516900,0.0,0.0
2015-01-02,1498.4510547871491,1529.2110471141582,1498.4510547871491,1507.2396240234375,33650000,0.0,0.0
2015-01-02,1524.816690855922,1612.7023790896926,1524.816690855922,1590.73095703125,63728500,0.0,0.0
2015-01-02,1608.3080973979856,1634.6738039127067,1595.125244140625,1595.125244140625,36959900,0.0,0.0
2015-01-02,1603.9138129788653,1625.8852350744662,1595.125244140625,1595.125244140625,27092400,0.0,0.0
2015-01-02,1603.9137908505722,1612.7023595675616,1559.970947265625,1559.970947265625,41983500,0.0,0.0
2015-01-02,1559.9709361367077,1559.9709361367077,1537.9995145009793,1542.393798828125,32334300,0.0,0.0
2015-01-02,1568.759532305012,1599.5195231345222,1568.759532305012,1586.336669921875,47543000,0.0,0.0
2015-01-02,1590.73095703125,1599.519525854627,1573.1538193844958,1590.73095703125,22543800,0.0,0.0
2015-01-02,1595.1252626161317,1625.88525390625,1595.1252626161317,1625.88525390625,28110900,0.0,0.0
2015-01-02,1625.8852350744662,1625.8852350744662,1577.5481064641442,1595.125244140625,32542000,0.0,0.0
2015-01-02,1603.913818359375,1621.4909560948201,1586.3366806239299,1603.913818359375,17059500,0.0,0.0
2015-01-02,1603.9137765066964,1603.9137765066964,1533.6052273995535,1537.99951171875,37513800,0.0,0.0
2015-01-02,1533.605235675239,1564.365226075602,1524.816666989421,1551.182373046875,18292500,0.0,0.0
2015-01-02,1555.5767624695177,1564.3653317490064,1520.4224853515625,1520.4224853515625,30552900,0.0,0.0
2015-01-02,1524.816769991307,1542.3939085502846,1520.4224853515625,1520.4224853515625,16159400,0.0,0.0
2015-01-02,1524.8166447293931,1533.6052132869113,1516.028076171875,1516.028076171875,11293000,0.0,0.0
2015-01-02,1520.4223604506342,1533.6052132869113,1507.2395076143569,1516.028076171875,14473600,0.0,0.0
2015-01-02,1516.0280647165964,1529.2109174532625,1498.450927734375,1498.450927734375,34363300,0.0,0.0
2015-01-02,1498.4508951822918,1507.2394634824811,1450.11376953125,1450.11376953125,43647900,0.0,0.0
2015-01-02,1454.5080536813448,1480.8737585819129,1450.11376953125,1450.11376953125,31660400,0.0,0.0
2015-01-02,1458.902463238765,1472.085316822248,1450.1138941831098,1454.5081787109375,27879000,0.0,0.0
2015-01-02,1463.2967705221736,1494.0567626953125,1458.902485926011,1494.0567626953125,36428600,0.0,0.0
2015-01-02,1502.8453268017288,1507.2396113830205,1472.0853347326877,1485.2681884765625,22153500,0.0,0.0
2015-01-02,1476.479603962726,1480.8738884983293,1450.1138967491058,1458.9024658203125,29121500,0.0,0.0
2015-01-02,1458.902463238765,1467.6910322944202,1450.1138941831098,1454.5081787109375,15805800,0.0,0.0
2015-01-02,1454.508162935697,1463.2967318960336,1428.1424560546875,1428.1424560546875,22031500,0.0,0.0
2015-01-02,1428.142453417366,1436.9310223614727,1414.9596000012057,1423.7481689453125,25305600,0.0,0.0
2015-01-02,1423.7481689453125,1441.3253068335262,1414.9596000012057,1423.7481689453125,22911400,0.0,0.0
2015-01-02,1432.5367483743807,1472.0853089123239,1432.5367483743807,1441.3253173828125,63104500,0.0,0.0
2015-01-02,1441.3252012310606,1454.5080536813448,1428.1423487807765,1450.11376953125,18218200,0.0,0.0
2015-01-02,1445.7194764490157,1450.1137605719612,1423.748055834289,1436.930908203125,26463700,0.0,0.0
2015-01-02,1436.9310170049253,1441.3253014605978,1406.1710258152173,1414.9595947265625,32144100,0.0,0.0
2015-01-02,1419.353884473259,1441.3253068335262,1414.9596000012057,1423.7481689453125,23501100,0.0,0.0
2015-01-02,1436.931014301621,1436.931014301621,1410.5653076171875,1410.5653076171875,24708100,0.0,0.0
2015-01-02,1406.1710205078125,1419.3538738250732,1388.593882751465,1406.1710205078125,24227300,0.0,0.0
2015-01-02,1406.171023169782,1423.7481609594042,1406.171023169782,1410.5653076171875,13563500,0.0,0.0
2015-01-02,1414.9596000012057,1428.142453417366,1414.9596000012057,1423.7481689453125,23279700,0.0,0.0
2015-01-02,1432.5367560717993,1467.6910322944202,1423.7481870161441,1454.5081787109375,42651500,0.0,0.0
2015-01-02,1476.4796243106616,1524.8167548684512,1476.4796243106616,1494.0567626953125,89761900,0.0,0.0
2015-01-02,1498.4509473778737,1529.2109375,1472.0852415589081,1529.2109375,75641800,0.0,0.0
2015-01-02,1502.8452119799304,1516.0280647165964,1489.6623592432643,1498.450927734375,41222800,0.0,0.0
2015-01-02,1529.210943080357,1590.7309235491073,1524.8166587611609,1537.99951171875,108764700,0.0,0.0
2015-01-02,1533.6053466796875,1533.6053466796875,1511.6339233748208,1533.6053466796875,36711700,0.0,0.0
2015-01-02,1529.2110394646138,1529.2110394646138,1494.0567626953125,1494.0567626953125,38302400,0.0,0.0
2015-01-02,1494.0566018014144,1498.45088592436,1436.930908203125,1436.930908203125,50450100,0.0,0.0
2015-01-02,1450.1139093506583,1485.2681859409774,1445.7196247768686,1480.8739013671875,41337300,0.0,0.0
2015-01-02,1472.085316822248,1472.085316822248,1441.3253251274546,1454.5081787109375,29210100,0.0,0.0
2015-01-02,1454.508162935697,1454.508162935697,1414.9596026141826,1428.1424560546875,29865200,0.0,0.0
2015-01-02,1428.142439982734,1428.142439982734,1397.3824489677213,1401.7767333984375,33258000,0.0,0.0
2015-01-02,1428.1424638701649,1450.1138863912443,1428.1424638701649,1441.3253173828125,42144600,0.0,0.0
2015-01-02,1450.113901835002,1467.6910400390625,1441.3253327329717,1467.6910400390625,34436800,0.0,0.0
2015-01-02,1467.69091503613,1472.0851992128848,1423.7480732685813,1463.296630859375,34081200,0.0,0.0
2015-01-02,1450.1138863912443,1450.1138863912443,1428.1424638701649,1441.3253173828125,10954000,0.0,0.0
2015-01-02,1441.3251923260705,1463.296612940797,1436.930908203125,1436.930908203125,33524500,0.0,0.0
2015-01-02,1436.930908203125,1445.7194764490157,1428.1423399572345,1436.930908203125,14967800,0.0,0.0
2015-01-02,1441.3252099756007,1463.296630859375,1441.3252099756007,1463.296630859375,24415400,0.0,0.0
2015-01-02,1472.0852388497387,1533.6052189807726,1472.0852388497387,1524.816650390625,86013100,0.0,0.0
2015-01-02,1537.9996163504463,1581.9424625318877,1498.4510547871491,1507.2396240234375,115723900,0.0,0.0
2015-01-02,1511.633780471041,1568.7594756632607,1498.450927734375,1498.450927734375,83597900,0.0,0.0
2015-01-02,1507.2395132103295,1524.816650390625,1502.8452289152556,1524.816650390625,24718300,0.0,0.0
2015-01-02,1524.8167548684512,1524.8167548684512,1494.0567626953125,1494.0567626953125,37300200,0.0,0.0
2015-01-02,1494.056755088557,1516.0281779575066,1476.4796167933976,1480.8739013671875,50670900,0.0,0.0
2015-01-02,1485.2681808243938,1489.6624653830459,1472.0853271484375,1472.0853271484375,27724900,0.0,0.0
2015-01-02,1476.4794744318183,1502.8451793323864,1450.11376953125,1450.11376953125,38882100,0.0,0.0
2015-01-02,1450.1138890043217,1467.691027052859,1432.5367509557846,1445.7196044921875,35557300,0.0,0.0
2015-01-02,1450.1138941831098,1467.6910322944202,1436.931040599627,1454.5081787109375,23255700,0.0,0.0
2015-01-02,1458.9023288178519,1467.6908970637423,1436.930908203125,1436.930908203125,23738400,0.0,0.0
2015-01-02,1436.931025015024,1445.7195939753606,1423.7481715745191,1428.1424560546875,37633100,0.0,0.0
2015-01-02,1432.5367298542153,1441.3252987490266,1410.5653076171875,1410.5653076171875,41059100,0.0,0.0
2015-01-02,1414.9595920645932,1428.1424454068099,1406.171023169782,1410.5653076171875,28690900,0.0,0.0
2015-01-02,1423.7481609594042,1423.7481609594042,1406.171023169782,1410.5653076171875,22340500,0.0,0.0
2015-01-02,1410.5653155291523,1436.9310223614727,1406.1710310570988,1423.7481689453125,42791800,0.0,0.0
2015-01-02,1467.691027052859,1498.451018637799,1441.325319980053,1445.7196044921875,138276200,0.0,0.0
2015-01-02,1445.7196044921875,1463.2967425407246,1441.325319980053,1445.7196044921875,40064300,0.0,0.0
2015-01-02,1445.7195859162703,1450.1138703719428,1410.5653102708898,1414.9595947265625,45771000,0.0,0.0
2015-01-02,1414.9596810107898,1423.7482504580619,1340.256840708978,1349.04541015625,100907600,0.0,0.0
2015-01-02,1349.0452990761908,1397.3824270561195,1349.0452990761908,1366.6224365234375,53174200,0.0,0.0
2015-01-02,1371.0167317708333,1388.5938693576388,1366.622447374132,1384.1995849609375,36596700,0.0,0.0
2015-01-02,1384.1995795009236,1401.7767170183956,1362.2281576040834,1375.4110107421875,25068100,0.0,0.0
2015-01-02,1375.4110107421875,1379.8052951215557,1371.0167263628196,1375.4110107421875,21896800,0.0,0.0
2015-01-02,1375.4110024729082,1392.9881398847026,1362.2281494140625,1362.2281494140625,23365800,0.0,0.0
2015-01-02,1362.2282643271578,1379.805403221702,1349.04541015625,1349.04541015625,21202800,0.0,0.0
2015-01-02,1349.04528248271,1362.2281354059937,1340.2567138671875,1340.2567138671875,46157600,0.0,0.0
2015-01-02,1340.2566634284126,1353.4395158555772,1265.5538330078125,1265.5538330078125,109746600,0.0,0.0
2015-01-02,1269.9481081243148,1291.9195286800987,1239.188119346217,1252.3709716796875,59462600,0.0,0.0
2015-01-02,1256.7652466686059,1265.5538148271278,1234.7938262723017,1239.1881103515625,51571600,0.0,0.0
2015-01-02,1243.5825445285836,1291.9196752346415,1243.5825445285836,1287.525390625,38567300,0.0,0.0
2015-01-02,1331.4681562405187,1388.5938527128842,1305.1024501763502,1357.8338623046875,140446400,0.0,0.0
2015-01-02,1379.8052812056108,1388.5938498757102,1349.0452908602626,1353.4395751953125,62446100,0.0,0.0
2015-01-02,1357.8338539273132,1371.0167068780638,1344.6510009765625,1344.6510009765625,27133500,0.0,0.0
2015-01-02,1357.8338453840502,1357.8338453840502,1322.6795710699,1331.4681396484375,25251500,0.0,0.0
2015-01-02,1331.4682568521596,1340.256826204319,1322.6796875,1322.6796875,29689600,0.0,0.0
2015-01-02,1322.6795450846355,1331.4681134905134,1278.7367030552457,1291.9195556640625,49738700,0.0,0.0
2015-01-02,1300.7081412760417,1335.8624153645833,1300.7081412760417,1318.2852783203125,46945600,0.0,0.0
2015-01-02,1340.2567276493196,1362.2281494140625,1322.6795902375252,1362.2281494140625,58962900,0.0,0.0
2015-01-02,1366.6224139625876,1375.4109825411251,1327.0738553591686,1331.4681396484375,26407900,0.0,0.0
2015-01-02,1331.468119440852,1331.468119440852,1291.9195614376583,1300.7081298828125,45781700,0.0,0.0
2015-01-02,1309.496826171875,1318.285395475042,1291.9196875655412,1309.496826171875,22569900,0.0,0.0
2015-01-02,1313.8910957231915,1322.6796649253533,1283.131103515625,1283.131103515625,48482200,0.0,0.0
2015-01-02,1287.5252772150814,1309.4966983279667,1287.5252772150814,1300.7081298828125,27751500,0.0,0.0
2015-01-02,1313.8910957231915,1318.2853803242724,1283.131103515625,1283.131103515625,31713700,0.0,0.0
2015-01-02,1291.9196727177869,1305.1025265210296,1283.131103515625,1283.131103515625,37549800,0.0,0.0
2015-01-02,1287.5253021740523,1353.4395667904712,1287.5253021740523,1340.2567138671875,81197000,0.0,0.0
2015-01-02,1349.0453097873265,1388.5938693576388,1349.0453097873265,1384.1995849609375,84824100,0.0,0.0
2015-01-02,1401.7767170183956,1406.1710013977636,1362.2281576040834,1375.4110107421875,52659100,0.0,0.0
2015-01-02,1384.1996086968315,1436.9310223614727,1384.1996086968315,1423.7481689453125,116310700,0.0,0.0
2015-01-02,1432.5367509557846,1445.7196044921875,1414.9596129072472,1445.7196044921875,69006400,0.0,0.0
2015-01-02,1445.7195886192676,1445.7195886192676,1414.9595973720493,1419.3538818359375,51840100,0.0,0.0
2015-01-02,1419.3539024883166,1472.085316822248,1410.5653334326614,1454.5081787109375,66602000,0.0,0.0
2015-01-02,1463.296750355916,1485.2681730339327,1458.9024658203125,1458.9024658203125,49266200,0.0,0.0
2015-01-02,1458.9024658203125,1467.6910348915192,1445.7196122135026,1458.9024658203125,38425600,0.0,0.0
2015-01-02,1480.8739089068245,1511.6339010799632,1476.4796243106616,1494.0567626953125,85481500,0.0,0.0
2015-01-02,1494.0567473451536,1494.0567473451536,1458.9024709370321,1467.6910400390625,42163600,0.0,0.0
2015-01-02,1480.8738884983293,1480.8738884983293,1450.1138967491058,1458.9024658203125,51279200,0.0,0.0
2015-01-02,1472.0851992128848,1472.0851992128848,1450.1137783291103,1463.296630859375,35072600,0.0,0.0
2015-01-02,1463.296612940797,1472.0851811866878,1428.1423399572345,1436.930908203125,34509200,0.0,0.0
2015-01-02,1441.3252960205077,1454.5081493377686,1388.593882751465,1406.1710205078125,62687900,0.0,0.0
2015-01-02,1419.353862907313,1436.9310005284563,1357.8338812333118,1388.5938720703125,61273100,0.0,0.0
2015-01-02,1388.5939033322218,1441.3253173828125,1384.199618828006,1441.3253173828125,46410200,0.0,0.0
2015-01-02,1450.1138890043217,1458.9024580285904,1432.5367509557846,1445.7196044921875,55402400,0.0,0.0
2015-01-02,1458.9024658203125,1472.0853194271226,1450.1138967491058,1458.9024658203125,47280700,0.0,0.0
2015-01-02,1463.2967554880474,1472.0853245900778,1445.7196172839867,1467.6910400390625,35349900,0.0,0.0
2015-01-02,1480.8738467390367,1590.73095703125,1476.479562327348,1590.73095703125,201068200,0.0,0.0
2015-01-02,1595.1252332597057,1621.490939594577,1559.9709581465443,1577.548095703125,97314200,0.0,0.0
2015-01-02,1581.942340353261,1595.125193189538,1502.845223335598,1516.028076171875,105257300,0.0,0.0
2015-01-02,1551.182492689653,1555.5767773714933,1516.0282152349298,1546.7882080078125,86892700,0.0,0.0
2015-01-02,1564.3652288576977,1581.9423662605932,1546.7880914548023,1555.57666015625,70463000,0.0,0.0
2015-01-02,1555.5766433189656,1559.9709276221265,1520.4223688936781,1529.2109375,53092100,0.0,0.0
2015-01-02,1533.605186825707,1537.999471028646,1476.4794921875,1476.4794921875,42661100,0.0,0.0
2015-01-02,1476.4795658903302,1489.662419157208,1392.9881618667698,1397.3824462890625,77798400,0.0,0.0
2015-01-02,1406.1710178291537,1419.3538711213018,1384.1995956755732,1401.7767333984375,45105100,0.0,0.0
2015-01-02,1406.1710284442725,1423.748166299826,1379.8053216609424,1419.3538818359375,44759600,0.0,0.0
2015-01-02,1428.1424638701649,1441.3253173828125,1406.1710413490853,1441.3253173828125,42746700,0.0,0.0
2015-01-02,1410.5652538577451,1414.9595381376757,1327.0738525390625,1327.0738525390625,100915200,0.0,0.0
2015-01-02,1331.4682494297924,1349.0453880361263,1296.3139722171245,1309.496826171875,70316700,0.0,0.0
2015-01-02,1322.6795710699,1344.6509925162438,1309.4967182020937,1331.4681396484375,41690800,0.0,0.0
2015-01-02,1344.6511108803986,1353.4396802325582,1318.2854028239203,1322.6796875,40340300,0.0,0.0
2015-01-02,1322.6797018144339,1384.199687945338,1300.708278196254,1349.04541015625,109109000,0.0,0.0
2015-01-02,1353.4395667904712,1362.2281354059937,1331.468145251665,1340.2567138671875,36491800,0.0,0.0
2015-01-02,1335.8624295594261,1357.8338510982326,1331.468145251665,1340.2567138671875,31675400,0.0,0.0
2015-01-02,1349.0453044659796,1384.1995795009236,1349.0453044659796,1375.4110107421875,51245200,0.0,0.0
2015-01-02,1392.9881482596595,1397.3824326390277,1371.0167263628196,1375.4110107421875,52891500,0.0,0.0
2015-01-02,1392.9881776409384,1436.9310223614727,1392.9881776409384,1423.7481689453125,88081100,0.0,0.0
2015-01-02,1445.7196096552823,1467.6910322944202,1445.7196096552823,1454.5081787109375,113540600,0.0,0.0
2015-01-02,1471.7222607889876,1519.350812918081,1471.7222607889876,1490.773681640625,58009600,128.0712,0.0
2015-01-02,1490.7736164030482,1505.0621814164958,1447.9079213627049,1452.6707763671875,42177500,0.0,0.0
2015-01-02,1452.6708821070233,1462.1965928093646,1419.3308946488294,1424.09375,34506000,0.0,0.0
2015-01-02,1428.8565758431312,1462.1965626128042,1428.8565758431312,1443.1451416015625,33679300,0.0,0.0
2015-01-02,1452.6707763671875,1466.9593413806351,1433.619356349257,1452.6707763671875,27076800,0.0,0.0
2015-01-02,1452.6707960295198,1452.6707960295198,1419.330810546875,1419.330810546875,38241900,0.0,0.0
2015-01-02,1419.3308780396758,1438.3822992214164,1395.5166015625,1395.5166015625,81505200,0.0,0.0
2015-01-02,1395.5165637788318,1419.330839611235,1395.5165637788318,1400.2794189453125,29619200,0.0,0.0
2015-01-02,1400.2794011433919,1414.5679664611816,1366.9394154018826,1371.7022705078125,60287600,0.0,0.0
2015-01-02,1371.702294193097,1376.4651493812673,1276.4451904296875,1276.4451904296875,104191600,0.0,0.0
2015-01-02,1281.207989246673,1314.5479740969581,1243.1051494177757,1252.630859375,73528000,0.0,0.0
2015-01-02,1257.3937049278845,1285.9708345853364,1238.34228515625,1238.34228515625,77512800,0.0,0.0
2015-01-02,1228.8166631883191,1238.3423737556705,1157.3738339331842,1181.1881103515625,98034100,0.0,0.0
2015-01-02,1181.188118619273,1219.2909611553785,1181.188118619273,1195.4766845703125,64084300,0.0,0.0
2015-01-02,1195.4766927403728,1209.7652587890625,1181.188126691683,1209.7652587890625,35959900,0.0,0.0
2015-01-02,1209.765250521352,1224.0538164723916,1195.4766845703125,1195.4766845703125,40672000,0.0,0.0
2015-01-02,1195.4766588447508,1200.2395140592716,1147.8481066995416,1152.6109619140625,48922900,0.0,0.0
2015-01-02,1157.373779296875,1166.8994894145449,1119.270938826196,1157.373779296875,36744000,0.0,0.0
2015-01-02,1157.373779296875,1166.8994894145449,1143.0852141203704,1157.373779296875,33480600,0.0,0.0
2015-01-02,1162.136643324441,1195.4766289935849,1162.136643324441,1171.662353515625,55789200,0.0,0.0
2015-01-02,1176.4251801757812,1200.239455078125,1176.4251801757812,1190.7137451171875,22559600,0.0,0.0
2015-01-02,1195.4766676299425,1200.2395228794642,1162.1366808832909,1166.8995361328125,29652400,0.0,0.0
2015-01-02,1171.6623444733796,1176.4251995322145,1152.61092423804,1157.373779296875,29664300,0.0,0.0
2015-01-02,1143.0852229420732,1171.662353515625,1143.0852229420732,1171.662353515625,24220600,0.0,0.0
2015-01-02,1176.4251801757812,1205.0023100585936,1171.6623251953124,1190.7137451171875,54955600,0.0,0.0
2015-01-02,1195.4766719423492,1243.105224609375,1190.7138166756465,1243.105224609375,69300100,0.0,0.0
2015-01-02,1247.8680330372224,1252.6308881251507,1219.2909025096524,1233.5794677734375,58443100,0.0,0.0
2015-01-02,1233.5794394605514,1252.630859375,1219.2908745247148,1252.630859375,40057600,0.0,0.0
2015-01-02,1262.1566162109375,1271.6823265219634,1257.3937610554244,1262.1566162109375,46070600,0.0,0.0
2015-01-02,1262.1566073585102,1266.9194624806178,1243.10518687008,1247.8680419921875,21984500,0.0,0.0
2015-01-02,1252.6309675838484,1300.259521484375,1252.6309675838484,1300.259521484375,61088000,0.0,0.0
2015-01-02,1300.2594280030203,1309.7851380982806,1276.4451527648698,1281.2080078125,39832500,0.0,0.0
2015-01-02,1285.97086286013,1300.2594280030203,1281.2080078125,1281.2080078125,25808000,0.0,0.0
2015-01-02,1281.2080167882582,1300.2594371122473,1257.393741383272,1295.49658203125,36563500,0.0,0.0
2015-01-02,1300.2594371122473,1314.5480023552389,1285.9708718692555,1295.49658203125,34695000,0.0,0.0
2015-01-02,1295.4966579861111,1305.0223687065973,1266.9195258246527,1285.970947265625,27711000,0.0,0.0
2015-01-02,1285.9709008060283,1300.25946637054,1271.682335241517,1276.4451904296875,30321900,0.0,0.0
2015-01-02,1295.4965537250905,1328.8365385636039,1290.7336987481601,1314.5479736328125,65083200,0.0,0.0
2015-01-02,1328.8365767045455,1338.362286931818,1309.78515625,1309.78515625,53937000,0.0,0.0
2015-01-02,1309.7852240668403,1314.5480794270834,1266.9195258246527,1285.970947265625,60206400,0.0,0.0
2015-01-02,1285.9709008060283,1295.4966111823694,1266.9194800533464,1276.4451904296875,35890600,0.0,0.0
2015-01-02,1276.4451342680609,1285.9708442252852,1243.1051494177757,1252.630859375,48954700,0.0,0.0
2015-01-02,1252.630897114295,1262.1566073585102,1243.10518687008,1247.8680419921875,28205300,0.0,0.0
2015-01-02,1243.1051688194275,1247.8680238723755,1214.5280385017395,1219.2908935546875,44789300,0.0,0.0
2015-01-02,1224.053757597581,1238.3423228613658,1219.2909025096524,1233.5794677734375,33791400,0.0,0.0
2015-01-02,1262.1566073585102,1285.9708829690483,1247.8680419921875,1247.8680419921875,62519500,0.0,0.0
2015-01-02,1257.3937049278845,1266.919414813702,1238.34228515625,1238.34228515625,30531700,0.0,0.0
2015-01-02,1247.8680043963877,1262.1565693322243,1243.1051494177757,1252.630859375,34840100,0.0,0.0
2015-01-02,1276.4451527648698,1290.7337179077601,1262.1565876219795,1281.2080078125,54534700,0.0,0.0
2015-01-02,1271.6822977172396,1285.97086286013,1257.3937325743493,1281.2080078125,32243400,0.0,0.0
2015-01-02,1266.9195314399926,1266.9195314399926,1205.002411482399,1224.0538330078125,65319000,0.0,0.0
2015-01-02,1228.8166126855092,1243.105177949294,1219.2909025096524,1233.5794677734375,27910200,0.0,0.0
2015-01-02,1233.5794677734375,1252.6308881251507,1233.5794677734375,1233.5794677734375,20663100,0.0,0.0
2015-01-02,1233.5795355368787,1238.342390886442,1209.7652587890625,1209.7652587890625,46868600,0.0,0.0
2015-01-02,1224.0538330078125,1238.3423991518725,1219.2909776264592,1224.0538330078125,26308700,0.0,0.0
2015-01-02,1228.8166215037572,1247.8680419921875,1228.8166215037572,1247.8680419921875,38054700,0.0,0.0
2015-01-02,1257.3937522364026,1266.9194624806178,1219.290911259542,1247.8680419921875,109937300,0.0,0.0
2015-01-02,1247.8680798760777,1257.3937904094828,1228.8166588092672,1243.105224609375,46923100,0.0,0.0
2015-01-02,1247.8680838574571,1324.0737683678362,1243.1052285755584,1319.3109130859375,177044200,0.0,0.0
2015-01-02,1338.3622570299121,1438.3822121816138,1333.5994020226883,1390.753662109375,377536100,0.0,0.0
2015-01-02,1405.0422741117932,1438.3822602771577,1390.7537086123511,1400.2794189453125,179600100,0.0,0.0
2015-01-02,1409.8050913665254,1424.0936564817266,1385.9908161745234,1405.042236328125,88428900,0.0,0.0
2015-01-02,1414.5679844447543,1452.6708257765997,1395.5165637788318,1400.2794189453125,133225200,0.0,0.0
2015-01-02,1400.2794011433919,1405.0422562493218,1362.1765602959526,1371.7022705078125,73634500,0.0,0.0
2015-01-02,1376.4651720770476,1395.5165931438578,1376.4651720770476,1381.22802734375,45814100,0.0,0.0
2015-01-02,1390.7537544869087,1409.80517578125,1381.2280438397381,1409.80517578125,75022900,0.0,0.0
2015-01-02,1409.8051292782739,1414.5679844447543,1381.2279982793898,1400.2794189453125,37690700,0.0,0.0
2015-01-02,1409.8051589439656,1414.5680142106683,1381.22802734375,1381.22802734375,41278000,0.0,0.0
2015-01-02,1381.2279624127327,1385.9908174555353,1333.5994119847076,1343.1251220703125,111056900,0.0,0.0
2015-01-02,1347.8880061966051,1352.6508613421763,1324.07373046875,1324.07373046875,764070300,0.0,0.0
2015-01-02,1333.5994028617831,1347.8879678924452,1319.3108378311213,1328.8365478515625,116937200,0.0,0.0
2015-01-02,1333.599470375228,1338.3623256265682,1300.2594836158473,1305.0223388671875,87618500,0.0,0.0
2015-01-02,1285.97086286013,1305.0222830506505,1276.4451527648698,1281.2080078125,98870900,0.0,0.0
2015-01-02,1285.97086286013,1305.0222830506505,1266.9194426696097,1281.2080078125,106245300,0.0,0.0
2015-01-02,1281.2080837064022,1295.496649695693,1266.9195177171114,1271.682373046875,77347000,0.0,0.0
2015-01-02,1271.6823647238991,1276.4452200224905,1243.1052329323509,1257.393798828125,92572800,0.0,0.0
2015-01-02,1257.393798828125,1271.6823647238991,1243.1052329323509,1257.393798828125,61469800,0.0,0.0
2015-01-02,1257.393714353612,1281.207989246673,1252.630859375,1252.630859375,95724000,0.0,0.0
2015-01-02,1262.1565876219795,1295.4965729553903,1252.6308775267194,1281.2080078125,104507600,0.0,0.0
2015-01-02,1300.2595050254565,1305.02236035522,1266.9195177171114,1271.682373046875,101550200,0.0,0.0
2015-01-02,1285.9708437712297,1324.0736835866735,1281.2079887942991,1314.5479736328125,153082200,0.0,0.0
2015-01-02,1314.548087654533,1314.548087654533,1300.259521484375,1300.259521484375,54056600,0.0,0.0
2015-01-02,1300.2594460227272,1314.5480113636363,1295.4965909090909,1309.78515625,64130700,0.0,0.0
2015-01-02,1314.5480493698676,1319.3109046212078,1300.2594836158473,1305.0223388671875,66852400,0.0,0.0
2015-01-02,1314.5479828209004,1343.1251128822244,1314.5479828209004,1328.8365478515625,124951500,0.0,0.0
2015-01-02,1333.5994119847076,1343.1251220703125,1319.3108468563,1343.1251220703125,99822100,0.0,0.0
2015-01-02,1352.650850084093,1376.4651256137424,1338.3622847663032,1371.7022705078125,213527100,0.0,0.0
2015-01-02,1381.2279716625549,1381.2279716625549,1347.8879861396656,1357.4136962890625,119737300,0.0,0.0
2015-01-02,1362.176577613467,1409.8051292782739,1357.4137224469866,1400.2794189453125,146334800,0.0,0.0
2015-01-02,1409.80517578125,1419.3308864284206,1366.9394778689823,1409.80517578125,131933000,0.0,0.0
2015-01-02,1419.3308569335939,1438.3822778320314,1409.805146484375,1428.8565673828125,123533000,0.0,0.0
2015-01-02,1438.3822574180579,1495.536519302219,1409.8051264759772,1462.196533203125,254461600,0.0,0.0
2015-01-02,1476.4850986741653,1514.5879399302728,1462.196533203125,1462.196533203125,199006700,0.0,0.0
2015-01-02,1462.1964863761525,1471.7221963851177,1428.8565013447746,1452.6707763671875,75683200,0.0,0.0
2015-01-02,1457.4337241163532,1481.248000654202,1452.6708688087833,1471.7222900390625,85637900,0.0,0.0
2015-01-02,1471.7221963851177,1500.2993264120132,1433.619356349257,1452.6707763671875,137208800,0.0,0.0
2015-01-02,1443.1451416015625,1452.6708521071835,1419.3308653375104,1443.1451416015625,73795700,0.0,0.0
2015-01-02,1443.1451125750712,1466.9593883601385,1443.1451125750712,1462.196533203125,59202600,0.0,0.0
2015-01-02,1471.7222607889876,1490.773681640625,1462.1965503631689,1490.773681640625,86316100,0.0,0.0
2015-01-02,1500.2993886748707,1562.2165063027223,1490.7736782705858,1552.6907958984375,173551800,0.0,0.0
2015-01-02,1552.69077835083,1552.69077835083,1514.5879371643066,1524.1136474609375,131950900,0.0,0.0
2015-01-02,1524.1136295780254,1524.1136295780254,1495.5364990234375,1495.5364990234375,89196200,0.0,0.0
2015-01-02,1509.825053650656,1547.927894121335,1495.5364884741514,1543.1650390625,103812400,0.0,0.0
2015-01-02,1552.6908338341348,1557.4536891526443,1528.8765572415866,1547.927978515625,83020900,0.0,0.0
2015-01-02,1566.9793950368667,1681.287922334389,1562.2165397328033,1609.8450927734375,243375700,0.0,0.0
2015-01-02,1614.6078542378136,1619.3707092650636,1581.2678690470623,1590.7935791015625,87540600,0.0,0.0
2015-01-02,1600.319318181818,1605.0821732954544,1562.2164772727272,1571.7421875,66120100,0.0,0.0
2015-01-02,1562.2164592978395,1571.7421694155094,1543.1650390625,1543.1650390625,55964600,0.0,0.0
2015-01-02,1543.1650590866523,1576.505044931117,1509.8250732421875,1509.8250732421875,84326300,0.0,0.0
2015-01-02,1514.5879831254852,1562.2165360539595,1514.5879831254852,1533.639404296875,75462300,0.0,0.0
2015-01-02,1543.1650768551665,1547.9279320306455,1519.350800977772,1538.4022216796875,50332700,0.0,0.0
2015-01-02,1543.1650854941527,1571.7422167070074,1533.6393750898678,1552.6907958984375,114888200,0.0,0.0
2015-01-02,1528.8765026092528,1528.8765026092528,1466.9593856811523,1524.1136474609375,219900400,0.0,0.0
2015-01-02,1514.587930779708,1514.587930779708,1443.1451038561368,1447.907958984375,86562200,0.0,0.0
2015-01-02,1447.9079213627049,1486.0107613985656,1409.8050813268442,1452.6707763671875,90822600,0.0,0.0
2015-01-02,1452.670884874132,1500.2994384765625,1452.670884874132,1500.2994384765625,113169500,0.0,0.0
2015-01-02,1500.299335826527,1514.5879009296368,1457.4336405171978,1466.9593505859375,70410300,0.0,0.0
2015-01-02,1447.908029513889,1505.0622938368056,1409.8051866319445,1500.2994384765625,119230900,0.0,0.0
2015-01-02,1519.3507834834631,1533.6393488453766,1490.7736527596362,1509.8250732421875,61159000,0.0,0.0
2015-01-02,1505.062268624898,1505.062268624898,1443.1451499789368,1457.4337158203125,49021500,0.0,0.0
2015-01-02,1438.3822742986222,1490.773681640625,1438.3822742986222,1490.773681640625,50902500,0.0,0.0
2015-01-02,1486.010830078125,1486.010830078125,1424.0937121582033,1428.8565673828125,52007900,0.0,0.0
2015-01-02,1428.8565970755913,1428.8565970755913,1385.9908991633233,1409.80517578125,63863000,0.0,0.0
2015-01-02,1400.2794616699218,1409.8051722935268,1319.31092136928,1333.5994873046875,99868300,0.0,0.0
2015-01-02,1338.3622578720037,1357.4136779128864,1328.8365478515625,1328.8365478515625,32739700,0.0,0.0
2015-01-02,1343.1251208289195,1414.5679464049258,1343.1251208289195,1405.042236328125,82940100,0.0,0.0
2015-01-02,1419.330839611235,1438.3822602771577,1390.7537086123511,1400.2794189453125,63724300,0.0,0.0
2015-01-02,1405.0422453400272,1428.8565206847734,1395.5165352021288,1419.330810546875,47253500,0.0,0.0
2015-01-02,1424.0937247440734,1424.0937247440734,1381.22802734375,1381.22802734375,33202000,0.0,0.0
2015-01-02,1390.7537171848696,1414.5679931640625,1366.9394412056765,1414.5679931640625,68021900,0.0,0.0
2015-01-02,1414.5680142106683,1414.5680142106683,1376.4651720770476,1381.22802734375,30282300,0.0,0.0
2015-01-02,1385.9908653581647,1405.04228618783,1352.65087890625,1352.65087890625,30730300,0.0,0.0
2015-01-02,1352.6509250027318,1376.4652018513714,1328.836648154092,1362.1766357421875,44703300,0.0,0.0
2015-01-02,1343.1251220703125,1366.9393972843252,1343.1251220703125,1343.1251220703125,28640700,0.0,0.0
2015-01-02,1343.1251852101293,1400.2794484105605,1343.1251852101293,1381.22802734375,61191200,0.0,0.0
2015-01-02,1376.4651803807594,1400.2794568579352,1371.7023250853242,1395.5166015625,46067800,0.0,0.0
2015-01-02,1400.279390271078,1424.0936656158242,1381.227969995281,1419.330810546875,57649600,0.0,0.0
2015-01-02,1419.3308483599012,1424.0937035557397,1395.516572380708,1414.5679931640625,33502500,0.0,0.0
2015-01-02,1414.5679554779258,1438.382230822672,1409.8051004089764,1419.330810546875,42618200,0.0,0.0
2015-01-02,1428.8565955528848,1552.6908338341348,1428.8565955528848,1547.927978515625,158162400,0.0,0.0
2015-01-02,1547.9279232025146,1576.5050540924071,1505.0622268676757,1524.1136474609375,72947100,0.0,0.0
2015-01-02,1528.8765113287297,1557.4536423816032,1509.825090626814,1538.4022216796875,62213000,0.0,0.0
2015-01-02,1538.4022039660144,1538.4022039660144,1500.2993630009119,1509.8250732421875,42789500,0.0,0.0
2015-01-02,1495.5365749261318,1509.8251409286106,1471.7222982553335,1486.0108642578125,28443900,0.0,0.0
2015-01-02,1490.7736068624533,1490.7736068624533,1428.8564922004346,1438.3822021484375,45849900,0.0,0.0
2015-01-02,1438.3822863487521,1462.1965626128042,1424.0937205903208,1443.1451416015625,25835100,0.0,0.0
2015-01-02,1424.0936947777157,1424.0936947777157,1376.4651431129091,1400.2794189453125,40890300,0.0,0.0
2015-01-02,1395.5165757729974,1405.04228618783,1352.65087890625,1352.65087890625,31468500,0.0,0.0
2015-01-02,1357.4137139074583,1385.9908447265625,1357.4137139074583,1385.9908447265625,31957000,0.0,0.0
2015-01-02,1390.7537293118467,1395.516584549216,1366.939453125,1366.939453125,19521500,0.0,0.0
2015-01-02,1371.7022412909835,1462.1964863761525,1371.7022412909835,1452.6707763671875,51044700,0.0,0.0
2015-01-02,1452.6707763671875,1471.7221963851177,1419.3307913358094,1452.6707763671875,42238300,0.0,0.0
2015-01-02,1457.4337241163532,1486.0108559617718,1447.9080135012136,1471.7222900390625,33508800,0.0,0.0
2015-01-02,1486.0108000102796,1486.0108000102796,1447.907958984375,1447.907958984375,18198800,0.0,0.0
2015-01-02,1452.670865107722,1466.9594309940273,1390.753746267065,1395.5166015625,28169500,0.0,0.0
2015-01-02,1400.2794397865853,1409.805150261324,1362.1765978876306,1366.939453125,36008100,0.0,0.0
2015-01-02,1376.4652018513714,1395.516623330283,1357.4137803724595,1362.1766357421875,34414800,0.0,0.0
2015-01-02,1366.939444528499,1371.7022997359154,1343.1251684914173,1352.65087890625,30949900,0.0,0.0
2015-01-02,1357.4137591990188,1409.8051674488056,1357.4137591990188,1395.5166015625,43730900,0.0,0.0
2015-01-02,1405.0423204576646,1424.0937417520058,1385.9908991633233,1409.80517578125,40835000,0.0,0.0
2015-01-02,1409.8051179584704,1462.196524369089,1395.5165525737561,1447.907958984375,59977600,0.0,0.0
2015-01-02,1447.9080052593954,1457.4337158203125,1433.61943941802,1457.4337158203125,28123600,0.0,0.0
2015-01-02,1462.196524369089,1476.4850897538033,1438.3822487278987,1447.907958984375,32746500,0.0,0.0
2015-01-02,1457.433669240851,1466.9593794973273,1433.6193935996607,1447.907958984375,14490400,0.0,0.0
2015-01-02,1443.1450571224389,1462.1964770184447,1428.8564922004346,1438.3822021484375,19484000,0.0,0.0
2015-01-02,1438.3822021484375,1452.6707670704418,1428.8564922004346,1438.3822021484375,22004000,0.0,0.0
2015-01-02,1443.1451038561368,1466.9593794973273,1438.3822487278987,1447.907958984375,23644500,0.0,0.0
2015-01-02,1452.6707960295198,1452.6707960295198,1409.8051004089764,1419.330810546875,30835200,0.0,0.0
2015-01-02,1419.330810546875,1433.6193757537228,1405.0422453400272,1419.330810546875,19564100,0.0,0.0
2015-01-02,1419.330793045755,1419.330793045755,1319.3108378311213,1328.8365478515625,92858400,0.0,0.0
2015-01-02,1338.3622959054633,1352.6508613421763,1319.310875323179,1324.07373046875,61882500,0.0,0.0
2015-01-02,1328.8365385636039,1338.3622485174649,1290.7336987481601,1314.5479736328125,49107900,0.0,0.0
2015-01-02,1328.836631992885,1352.6509085518974,1328.836631992885,1333.5994873046875,67722800,0.0,0.0
2015-01-02,1343.1251852101293,1381.22802734375,1328.8366194100215,1381.22802734375,87360400,0.0,0.0
2015-01-02,1381.228040422712,1385.9908957345144,1319.31092136928,1333.5994873046875,60107000,0.0,0.0
2015-01-02,1333.59950352382,1366.9394911119155,1300.2595159357245,1362.1766357421875,54097100,0.0,0.0
2015-01-02,1366.9394659049244,1366.9394659049244,1314.5480578040388,1319.3109130859375,40971800,0.0,0.0
2015-01-02,1338.36234261649,1352.6509085518974,1314.5480660574776,1333.5994873046875,52510000,0.0,0.0
2015-01-02,1338.3622578720037,1338.3622578720037,1314.5479828209004,1328.8365478515625,33267100,0.0,0.0
2015-01-02,1328.8365914481026,1400.2794189453125,1328.8365914481026,1400.2794189453125,90550900,0.0,0.0
2015-01-02,1405.0423077352687,1462.196571100771,1405.0423077352687,1457.4337158203125,121036100,0.0,0.0
2015-01-02,1457.4336494862841,1486.0107798683682,1443.1450842952422,1481.2479248046875,67708700,0.0,0.0
2015-01-02,1481.2479626071067,1495.5365281628024,1462.1965418661794,1476.485107421875,33927800,0.0,0.0
2015-01-02,1490.7737277560764,1519.3508599175348,1486.0108723958333,1500.2994384765625,64348100,0.0,0.0
2015-01-02,1500.2993421243277,1609.8450083746754,1495.5364870699648,1605.0821533203125,167232000,0.0,0.0
2015-01-02,1605.0821548273534,1605.0821548273534,1543.1650390625,1543.1650390625,75344800,0.0,0.0
2015-01-02,1552.6908420469704,1595.5565401402916,1552.6908420469704,1562.216552734375,52458900,0.0,0.0
2015-01-02,1571.742178540711,1586.0307438001719,1524.113627675841,1557.45361328125,60916100,0.0,0.0
2015-01-02,1557.45365110058,1562.2165063027223,1528.8765198877252,1552.6907958984375,51465900,0.0,0.0
2015-01-02,1552.6908338341348,1571.7422551081731,1533.6394125600962,1547.927978515625,44544100,0.0,0.0
2015-01-02,1538.4022039660144,1538.4022039660144,1433.6193913119826,1509.8250732421875,88545000,0.0,0.0
2015-01-02,1505.0622181215497,1533.6393488453766,1481.2479425183606,1509.8250732421875,88386800,0.0,0.0
2015-01-02,1519.3507559640068,1538.4021761014865,1457.4336405171978,1466.9593505859375,45571400,0.0,0.0
2015-01-02,1471.722213179977,1552.6907491801699,1471.722213179977,1543.1650390625,64897700,0.0,0.0
2015-01-02,1543.1651231971155,1566.9793997896636,1538.402267878606,1547.927978515625,34278000,0.0,0.0
2015-01-02,1547.927940696295,1576.5050719091498,1538.4022302920102,1552.6907958984375,36726500,0.0,0.0
2015-01-02,1524.1136220637584,1533.6393322016568,1405.0422453400272,1419.330810546875,102645500,0.0,0.0
2015-01-02,1419.3308282149465,1452.670814112613,1395.5165525737561,1447.907958984375,39764400,0.0,0.0
2015-01-02,1471.7222900390625,1509.8251324996208,1457.4337241163532,1471.7222900390625,66399100,0.0,0.0
2015-01-02,1476.4850986741653,1495.536519302219,1447.9079677320847,1462.196533203125,47350400,0.0,0.0
2015-01-02,1486.0107606132076,1538.402165634827,1486.0107606132076,1514.587890625,64294500,0.0,0.0
2015-01-02,1543.1650198852908,1609.8449898803342,1538.4021648856449,1576.5050048828125,101971200,0.0,0.0
2015-01-02,1581.267888713685,1590.7935988866589,1471.722221724484,1557.45361328125,72950300,0.0,0.0
2015-01-02,1562.2165233198418,1590.7936548439855,1543.1651023037464,1581.2679443359375,60532100,0.0,0.0
2015-01-02,1581.2679358021467,1605.0822119437453,1562.2165148888678,1566.9793701171875,59817400,0.0,0.0
2015-01-02,1566.9793346898414,1571.7421898104792,1505.0622181215497,1509.8250732421875,40953200,0.0,0.0
2015-01-02,1509.8250356230346,1543.1650206367924,1462.1964856033806,1514.587890625,46998300,0.0,0.0
2015-01-02,1519.3507923126222,1538.4022129058837,1481.2479511260985,1524.1136474609375,24572800,0.0,0.0
2015-01-02,1543.1650568181817,1581.2678977272726,1538.4022017045454,1571.7421875,39601200,0.0,0.0
2015-01-02,1571.742178540711,1571.742178540711,1533.6393378488149,1557.45361328125,32277300,0.0,0.0
2015-01-02,1381.228040422712,1409.8051722935268,1324.0737766810826,1333.5994873046875,133964900,0.0,0.0
2015-01-02,1347.88797586732,1505.062192134534,1347.88797586732,1405.042236328125,160024000,0.0,0.0
2015-01-02,1500.2993886748707,1600.319347919862,1500.2993886748707,1552.6907958984375,175844900,0.0,0.0
2015-01-02,1581.267960949057,1662.2365011181353,1571.7422503409302,1609.8450927734375,187903400,0.0,0.0
2015-01-02,1657.4735647733096,1762.2563763394382,1657.4735647733096,1743.2049560546875,190556900,0.0,0.0
2015-01-02,1776.5449596117903,1867.0392068842407,1733.6792635353663,1771.7821044921875,300016300,0.0,0.0
2015-01-02,1819.4106534090909,1847.987784090909,1771.7821022727271,1833.69921875,255794800,0.0,0.0
2015-01-02,1857.5134653910268,1876.5648855488835,1833.6991901937058,1852.7506103515625,208479100,0.0,0.0
2015-01-02,1886.0906018708881,1990.8734130859375,1871.8020367051997,1990.8734130859375,319927200,0.0,0.0
2015-01-02,2028.9763518032962,2105.182036378068,2028.9763518032962,2086.130615234375,360805600,0.0,0.0
2015-01-02,2057.553413722826,2057.553413722826,1933.7191804895078,1971.822021484375,297133100,0.0,0.0
2015-01-02,2009.924988644622,2048.02783203125,1990.873566951308,2048.02783203125,252026600,0.0,0.0
2015-01-02,2076.604793370327,2086.130503431659,2019.4505330023364,2038.501953125,151595100,0.0,0.0
2015-01-02,2038.5020287742077,2057.553449603873,1990.873476700044,2028.976318359375,145265800,0.0,0.0
2015-01-02,2048.027606929114,2076.604736328125,2038.5018971294437,2076.604736328125,162278000,0.0,0.0
2015-01-02,2086.1305218533985,2190.913333453341,2057.5533914170505,2067.0791015625,320158300,0.0,0.0
2015-01-02,2162.33627439274,2229.0162476118994,2133.7591430131006,2181.3876953125,357918800,0.0,0.0
2015-01-02,2171.8620016163795,2229.0162648168102,2162.336291082974,2209.96484375,152617900,0.0,0.0
2015-01-02,2248.0677249938485,2419.530517578125,2248.0677249938485,2419.530517578125,333198600,0.0,0.0
2015-01-02,2438.581818181818,2648.147443181818,2429.0561079545455,2619.5703125,617628300,0.0,0.0
2015-01-02,2648.147528286638,2724.3532125538795,2476.684738685345,2486.21044921875,522454300,0.0,0.0
2015-01-02,2476.6846978486474,2562.416091235716,2467.1589874723063,2552.890380859375,218194600,0.0,0.0
2015-01-02,2495.736125153186,2505.261835554534,2343.3247587316173,2429.05615234375,356244400,0.0,0.0
2015-01-02,2410.004731541054,2533.8389667585784,2381.4276003370096,2429.05615234375,332822200,0.0,0.0
2015-01-02,2533.8390188506155,2543.3647294477983,2476.684755267519,2514.78759765625,174863200,0.0,0.0
2015-01-02,2543.3646132525273,2600.5188742244945,2514.787482766544,2590.9931640625,210292700,0.0,0.0
2015-01-02,2590.9933321886447,2610.0447537488553,2533.8390675080127,2600.51904296875,163229300,0.0,0.0
2015-01-02,2648.147455903673,2781.5073997261597,2638.621745630638,2771.981689453125,329772300,0.0,0.0
2015-01-02,2848.1874835040117,2933.918879328547,2791.033219620988,2819.6103515625,367750100,0.0,0.0
2015-01-02,2838.6617068939695,2981.54736328125,2838.6617068939695,2981.54736328125,209432100,0.0,0.0
2015-01-02,3019.650110373543,3124.4329217745176,2886.2901685904844,2962.495849609375,305568000,0.0,0.0
2015-01-02,2962.495967248092,2972.021677753713,2867.238862191883,2886.290283203125,193424600,0.0,0.0
2015-01-02,2886.2901685904844,3067.2786610103494,2886.2901685904844,2962.495849609375,285387300,0.0,0.0
2015-01-02,3019.650231051158,3172.0615991799227,3010.12452054311,3162.535888671875,324002700,0.0,0.0
2015-01-02,3191.1129615420386,3229.2158028738836,3105.381568545387,3200.638671875,278458600,0.0,0.0
2015-01-02,3238.741541043134,3486.410011828785,3229.215830628301,3381.627197265625,422549000,0.0,0.0
2015-01-02,3419.7300639719206,3448.307195425725,3267.318696218297,3286.3701171875,193549500,0.0,0.0
2015-01-02,3191.112985435439,3257.7929582654333,3076.8044605840205,3105.381591796875,437510400,0.0,0.0
2015-01-02,3105.3816840939407,3210.1645016553925,3057.753130656917,3124.43310546875,237081700,0.0,0.0
2015-01-02,3162.5358001035097,3172.0615103447853,2981.5473055192724,3019.650146484375,249105300,0.0,0.0
2015-01-02,3114.9072443181817,3181.587215909091,3086.3301136363634,3143.484375,224736200,0.0,0.0
2015-01-02,3172.0616589057736,3210.1645016553925,3076.8045520317264,3124.43310546875,177098300,0.0,0.0
2015-01-02,3124.432895803314,3324.4728068151117,3086.3300556105905,3305.42138671875,289461100,0.0,0.0
2015-01-02,3333.9986451914615,3419.730038924956,3305.421513946963,3381.627197265625,242733200,0.0,0.0
2015-01-02,3391.152859891141,3410.204280452327,3143.4843925957207,3172.0615234375,230240300,0.0,0.0
2015-01-02,3172.061528778076,3181.587239074707,3010.1244537353514,3048.227294921875,223744600,0.0,0.0
2015-01-02,3070.0,3290.0,3060.0,3190.0,210462500,151.77267,0.0
2015-01-02,3190.0,3240.0,3070.0,3090.0,144315500,0.0,0.0
2015-01-02,3100.0,3140.0,2900.0,2930.0,220301500,0.0,0.0
2015-01-02,2930.0,2970.0,2830.0,2940.0,230140900,0.0,0.0
2015-01-02,2910.0,3070.0,2830.0,3040.0,264452100,0.0,0.0
2015-01-02,3070.0,3100.0,3010.0,3070.0,166923600,0.0,0.0
2015-01-02,3060.0,3070.0,2960.0,2990.0,98971800,0.0,0.0
2015-01-02,2990.0,3160.0,2990.0,3120.0,151677300,0.0,0.0
2015-01-02,3120.0,3120.0,3000.0,3000.0,159485200,0.0,0.0
2015-01-02,2980.0,2980.0,2870.0,2910.0,100132700,0.0,0.0
2015-01-02,2950.0,2990.0,2900.0,2930.0,114484400,0.0,0.0
2015-01-02,2940.0,2960.0,2880.0,2920.0,97849400,0.0,0.0
2015-01-02,2960.0,3070.0,2940.0,2990.0,188109100,0.0,0.0
2015-01-02,3000.0,3020.0,2960.0,2990.0,97432200,0.0,0.0
2015-01-02,3030.0,3060.0,2960.0,3030.0,170174900,0.0,0.0
2015-01-02,3030.0,3030.0,2960.0,3000.0,77789300,0.0,0.0
2015-01-02,2990.0,3010.0,2940.0,2990.0,126818600,0.0,0.0
2015-01-02,3010.0,3070.0,2990.0,3010.0,149618400,0.0,0.0
2015-01-02,3020.0,3030.0,2940.0,2970.0,116561200,0.0,0.0
2015-01-02,2990.0,3210.0,2950.0,3190.0,222853800,0.0,0.0
2015-01-02,3250.0,3270.0,2950.0,2960.0,426088000,0.0,0.0
2015-01-02,3010.0,3040.0,2870.0,3040.0,195644700,0.0,0.0
2015-01-02,3020.0,3070.0,2980.0,3030.0,97755800,0.0,0.0
2015-01-02,3040.0,3040.0,2950.0,2970.0,61092600,0.0,0.0
2015-01-02,2970.0,3030.0,2950.0,2970.0,85126700,0.0,0.0
2015-01-02,2970.0,3020.0,2970.0,3000.0,53886500,0.0,0.0
2015-01-02,3010.0,3050.0,2970.0,2990.0,58846000,0.0,0.0
2015-01-02,2950.0,2970.0,2770.0,2850.0,235205600,0.0,0.0
2015-01-02,2860.0,2920.0,2830.0,2880.0,102024200,0.0,0.0
2015-01-02,2920.0,2970.0,2890.0,2910.0,75538900,0.0,0.0
2015-01-02,2930.0,3050.0,2910.0,2940.0,151094800,0.0,0.0
2015-01-02,2970.0,3100.0,2970.0,3080.0,192180500,0.0,0.0
2015-01-02,3100.0,3250.0,3070.0,3150.0,222004300,0.0,0.0
2015-01-02,3160.0,3170.0,3020.0,3090.0,102084600,0.0,0.0
2015-01-02,3060.0,3070.0,2930.0,2940.0,141894900,0.0,0.0
2015-01-02,2940.0,2950.0,2870.0,2900.0,111654300,0.0,0.0
2015-01-02,2930.0,2960.0,2880.0,2910.0,112931000,0.0,0.0
2015-01-02,2920.0,2940.0,2890.0,2890.0,109598600,0.0,0.0
2015-01-02,2900.0,2920.0,2860.0,2900.0,59231900,0.0,0.0
2015-01-02,2900.0,2910.0,2810.0,2810.0,111569000,0.0,0.0
2015-01-02,2810.0,2840.0,2790.0,2840.0,67288600,0.0,0.0
2015-01-02,2860.0,2880.0,2810.0,2830.0,66397100,0.0,0.0
2015-01-02,2840.0,2870.0,2820.0,2820.0,29415000,0.0,0.0
2015-01-02,2850.0,2900.0,2840.0,2870.0,72067200,0.0,0.0
2015-01-02,2890.0,2920.0,2880.0,2880.0,84364800,0.0,0.0
2015-01-02,2920.0,2990.0,2890.0,2960.0,135734500,0.0,0.0
2015-01-02,3000.0,3020.0,2920.0,2980.0,121877400,0.0,0.0
2015-01-02,2960.0,3050.0,2880.0,3040.0,222596200,0.0,0.0
