Date,Open,High,Low,Close,Volume,Dividends,Stock Splits
2015-01-02,1719.2862777181365,1731.2534675862441,1715.2972144287673,1727.264404296875,84546800,0.0,0.0
2015-01-02,1731.2536400689019,1731.2536400689019,1715.2973853217231,1723.2755126953125,33363200,0.0,0.0
2015-01-02,1715.2974133613782,1727.264604617388,1703.3302221053686,1711.308349609375,58600000,0.0,0.0
2015-01-02,1715.2975281042986,1731.2537841796875,1711.3084640854515,1731.2537841796875,50244400,0.0,0.0
2015-01-02,1739.2315902361586,1751.198780077233,1735.2425269558005,1747.209716796875,63649600,0.0,0.0
2015-01-02,1755.1882241924156,1791.0898015054424,1747.210095900632,1775.133544921875,170824800,0.0,0.0
2015-01-02,1759.1769106118288,1775.1331637693056,1727.264404296875,1727.264404296875,53126800,0.0,0.0
2015-01-02,1735.2424344794697,1735.2424344794697,1695.3518038017808,1715.297119140625,80360800,0.0,0.0
2015-01-02,1727.264604617388,1755.1880508814104,1711.308349609375,1711.308349609375,59552800,0.0,0.0
2015-01-02,1739.231689453125,1747.2098164689648,1715.2973084056048,1739.231689453125,102689600,0.0,0.0
2015-01-02,1715.2972183940567,1735.2425348870108,1707.319091796875,1707.319091796875,95469200,0.0,0.0
2015-01-02,1699.3411583533655,1739.2317958733975,1699.3411583533655,1711.308349609375,100006000,0.0,0.0
2015-01-02,1703.3299299373184,1715.2971191406252,1691.3627407340118,1715.297119140625,146990400,0.0,0.0
2015-01-02,1715.297401098021,1751.198974609375,1699.3411462040858,1751.198974609375,74948000,0.0,0.0
2015-01-02,1751.1988028786398,1759.176929543235,1735.2425495494494,1755.1878662109375,71265600,0.0,0.0
2015-01-02,1767.1551629035027,1815.02392578125,1767.1551629035027,1815.02392578125,134785600,0.0,0.0
2015-01-02,1779.1222919086078,1787.1004187781532,1739.231657560881,1771.1441650390625,150832800,0.0,0.0
2015-01-02,1755.1879607258747,1775.133278461396,1755.1879607258747,1767.1551513671875,69340000,0.0,0.0
2015-01-02,1779.1224206737613,1783.111484397245,1751.198974609375,1751.198974609375,64691600,0.0,0.0
2015-01-02,1747.209910885891,1759.1771020563424,1743.2208471624074,1751.198974609375,48526400,0.0,0.0
2015-01-02,1775.1331828724253,1795.0784995339131,1755.1878662109373,1755.1878662109375,98195200,0.0,0.0
2015-01-02,1755.1877387152776,1803.0564952256943,1747.209612630208,1795.078369140625,107672400,0.0,0.0
2015-01-02,1811.0350341796873,1815.024098131625,1799.0678423238744,1811.0350341796875,79597600,0.0,0.0
2015-01-02,1819.0129893543956,1826.9911165006868,1787.1004807692307,1815.02392578125,135804000,0.0,0.0
2015-01-02,1807.0455582682291,1811.0346213107637,1791.0893060980902,1795.078369140625,111271200,0.0,0.0
2015-01-02,1811.0350341796873,1830.9803539393756,1803.056906275812,1811.0350341796875,107253600,0.0,0.0
2015-01-02,1819.0128330328528,1886.8269079485513,1819.0128330328528,1866.881591796875,128836000,0.0,0.0
2015-01-02,1850.9254872311828,1866.8817414314517,1842.9473601310485,1854.91455078125,79794000,0.0,0.0
2015-01-02,1886.8272995969085,1902.783555830286,1866.8819793051864,1874.860107421875,123487600,0.0,0.0
2015-01-02,1902.7833811766025,1910.7615085609907,1874.8599353312434,1878.8489990234375,98841600,0.0,0.0
2015-01-02,1894.8051260299042,1906.772316299567,1890.8160626066833,1898.794189453125,84660800,0.0,0.0
2015-01-02,1898.7943174844083,1906.7724448687966,1874.8599353312434,1878.8489990234375,85716800,0.0,0.0
2015-01-02,1878.8487814878808,1890.8159711788865,1858.9034653362048,1866.881591796875,28532800,0.0,0.0
2015-01-02,1914.750515919811,1962.6192788178064,1894.8051980456464,1902.7833251953125,167238000,0.0,0.0
2015-01-02,1910.7610343475028,1946.6625986671843,1910.7610343475028,1926.71728515625,74989600,0.0,0.0
2015-01-02,1898.794116981908,1922.7284966077304,1886.826927168997,1894.8050537109375,118434000,0.0,0.0
2015-01-02,1882.8378638980264,1906.7722435238488,1878.848800627056,1894.8050537109375,81622800,0.0,0.0
2015-01-02,1898.794189453125,1902.7832528763458,1890.8160626066833,1898.794189453125,62958800,0.0,0.0
2015-01-02,1882.8378638980264,1898.794116981908,1882.8378638980264,1894.8050537109375,76328800,0.0,0.0
2015-01-02,1898.7943552652996,1926.71780166626,1882.8381001790365,1914.7506103515625,85468000,0.0,0.0
2015-01-02,1898.7943552652996,1918.7396741231282,1898.7943552652996,1914.7506103515625,96851600,0.0,0.0
2015-01-02,1930.706696838892,1930.706696838892,1898.794189453125,1898.794189453125,57682400,0.0,0.0
2015-01-02,1894.8049810868274,1906.77217044106,1886.8268548506724,1890.81591796875,47226000,0.0,0.0
2015-01-02,1886.8269042968752,1910.761283632565,1882.8378410742603,1886.826904296875,67612800,0.0,0.0
2015-01-02,1898.79391807367,1930.7064208984375,1890.815792367478,1930.7064208984375,77888400,0.0,0.0
2015-01-02,1914.7503972457625,1918.739460573358,1874.8597639698091,1882.837890625,105046000,0.0,0.0
2015-01-02,1886.8271146841705,1926.7177513582544,1874.8599236819452,1918.7396240234375,69672800,0.0,0.0
2015-01-02,1898.794116981908,1918.73943333676,1890.8159904399672,1894.8050537109375,98384400,0.0,0.0
2015-01-02,1890.8160626066833,1918.7395065692294,1890.8160626066833,1898.794189453125,45096400,0.0,0.0
2015-01-02,1910.7613797227878,1922.7285699924503,1882.8379357602416,1898.794189453125,68090000,0.0,0.0
2015-01-02,1898.7943552652996,1926.71780166626,1890.8162277221682,1914.7506103515625,54288000,0.0,0.0
2015-01-02,1922.7287883081617,1926.7178521843198,1902.7834689273716,1910.7615966796875,51684800,0.0,0.0
2015-01-02,1890.8160849854537,1914.7504658080545,1890.8160849854537,1906.7723388671875,54372400,0.0,0.0
2015-01-02,1930.7069522044699,1946.6632080078125,1914.750696401127,1946.6632080078125,74428400,0.0,0.0
2015-01-02,1930.7069522044699,1962.6194638111551,1926.717888253634,1946.6632080078125,83046000,0.0,0.0
2015-01-02,1958.6302044063623,1958.6302044063623,1942.6739501953125,1942.6739501953125,36825600,0.0,0.0
2015-01-02,1973.1913016183034,1985.3714948381696,1956.9510439918154,1961.0111083984375,59234400,53.228226,0.0
2015-01-02,1956.9510556417297,1977.2513777956895,1948.8309267801458,1952.8909912109375,59409600,0.0,0.0
2015-01-02,1952.890863568951,1973.191184396071,1940.7106710726791,1956.950927734375,49491600,0.0,0.0
2015-01-02,1932.5909296139512,1952.891254504854,1924.47079965759,1940.7110595703125,60455600,0.0,0.0
2015-01-02,1956.9512813347428,1997.5519303250903,1948.8311515366734,1965.0714111328125,75822800,0.0,0.0
2015-01-02,2001.61190178208,2025.9722900390625,1989.4317076535885,2025.9722900390625,83456000,0.0,0.0
2015-01-02,2025.9723397622038,2038.152534189632,1965.0713676250634,1993.4918212890625,110690000,0.0,0.0
2015-01-02,2005.6720157164905,2009.7320805256331,1952.8911731976355,1993.4918212890625,56737600,0.0,0.0
2015-01-02,1997.5521578622304,2001.612223223739,1965.0716349701615,1977.2518310546875,64304400,0.0,0.0
2015-01-02,1981.3118964161959,1981.3118964161959,1961.011569608653,1977.2518310546875,95657600,0.0,0.0
2015-01-02,1981.3114304315475,1981.3114304315475,1944.7708507719492,1961.0111083984375,113430800,0.0,0.0
2015-01-02,1961.0113716125488,1961.0113716125488,1940.711046854655,1948.8311767578125,62660800,0.0,0.0
2015-01-02,1952.8912417093914,1956.9513066609702,1944.7711118062339,1948.8311767578125,52790800,0.0,0.0
2015-01-02,1956.9509277343752,1956.9509277343752,1940.7106710726791,1956.950927734375,80286400,0.0,0.0
2015-01-02,1932.5905875032963,1948.8308445411392,1912.2902662059928,1924.470458984375,104148800,0.0,0.0
2015-01-02,1932.590542741831,1956.9509277343752,1920.410350245559,1956.950927734375,47940400,0.0,0.0
2015-01-02,1965.0714365641277,1965.0714365641277,1944.7711118062339,1948.8311767578125,55566800,0.0,0.0
2015-01-02,1961.0113716125488,1961.0113716125488,1936.6509819030762,1948.8311767578125,40751200,0.0,0.0
2015-01-02,1948.8309151785713,1961.0111083984375,1932.5906575520833,1961.0111083984375,44488800,0.0,0.0
2015-01-02,1965.071277006173,1973.19140625,1956.9511477623457,1973.19140625,69309200,0.0,0.0
2015-01-02,1973.1913133648975,1973.1913133648975,1952.8909912109377,1952.8909912109375,44750400,0.0,0.0
2015-01-02,1944.7711118062339,1956.9513066609702,1940.711046854655,1948.8311767578125,64157200,0.0,0.0
2015-01-02,1952.8911440552783,1961.0112735523896,1932.5908203125,1932.5908203125,53536400,0.0,0.0
2015-01-02,1916.3506011284724,1916.3506011284724,1802.6687858072917,1827.0291748046875,308830800,0.0,0.0
2015-01-02,1770.1883544921877,1782.3685495919046,1729.587704159798,1770.1883544921875,279868000,0.0,0.0
2015-01-02,1770.1881953958086,1778.3083247324867,1680.8667726923504,1713.3472900390625,316523200,0.0,0.0
2015-01-02,1717.4071868186772,1753.9477652616279,1701.1669297329215,1745.82763671875,195589600,0.0,0.0
2015-01-02,1749.8880787279782,1835.1494468330538,1737.707883284396,1814.84912109375,189657600,0.0,0.0
2015-01-02,1818.9089295657016,1847.3293815901657,1806.7287358409312,1822.968994140625,153516400,0.0,0.0
2015-01-02,1790.4886731599506,1851.3896484375,1790.4886731599506,1851.3896484375,128029200,0.0,0.0
2015-01-02,1806.7289907980287,1843.2695771287752,1794.5487953544464,1814.84912109375,111124000,0.0,0.0
2015-01-02,1839.2095119809146,1843.2695771287752,1806.7289907980287,1814.84912109375,51254800,0.0,0.0
2015-01-02,1814.849134260885,1835.149460147472,1806.72900390625,1806.72900390625,34354800,0.0,0.0
2015-01-02,1814.8487321468785,1843.2691820910131,1806.7286035914115,1831.0889892578125,96191200,0.0,0.0
2015-01-02,1810.7889154730904,1835.1493044704862,1810.7889154730904,1827.0291748046875,138148400,0.0,0.0
2015-01-02,1818.9092465753426,1822.9693118578768,1774.2485284674658,1778.30859375,102507600,0.0,0.0
2015-01-02,1778.3084337389148,1810.7889530766117,1778.3084337389148,1802.6688232421875,106922000,0.0,0.0
2015-01-02,1802.668677193778,1822.9690001351491,1794.5485480172292,1818.908935546875,66192000,0.0,0.0
2015-01-02,1835.149053535546,1843.2691820910131,1814.8487321468785,1831.0889892578125,74743200,0.0,0.0
2015-01-02,1843.2693427629367,1891.9901183425739,1827.029084236391,1887.9300537109375,120901600,0.0,0.0
2015-01-02,1900.1102970715947,1904.1703618089273,1843.2693907489402,1855.4495849609375,83152000,0.0,0.0
2015-01-02,1827.0291999851106,1835.1493297628222,1806.7288755408317,1810.7889404296875,100023600,0.0,0.0
2015-01-02,1810.7890690835675,1835.149460147472,1806.72900390625,1806.72900390625,88446000,0.0,0.0
2015-01-02,1786.4287109375,1818.9092329545454,1786.4287109375,1786.4287109375,98622000,0.0,0.0
2015-01-02,1790.4884567260744,1802.6686503092449,1745.8277469211157,1753.9478759765625,160551600,0.0,0.0
2015-01-02,1745.827752841321,1758.0079464657954,1741.7676882998296,1749.8878173828125,158411600,0.0,0.0
2015-01-02,1753.9477767231308,1758.007841021101,1721.4672623393692,1737.70751953125,116245200,0.0,0.0
2015-01-02,1725.5274840440795,1737.7076780490966,1697.1070313657065,1713.3472900390625,145928400,0.0,0.0
2015-01-02,1709.2872314453125,1721.4674254936162,1688.9869080314727,1709.2872314453125,100190400,0.0,0.0
2015-01-02,1709.2871954245647,1733.6475830078127,1697.1070016329406,1733.6475830078125,67930800,0.0,0.0
2015-01-02,1717.407542404619,1725.5276726287543,1664.6266959477396,1672.746826171875,97918000,0.0,0.0
2015-01-02,1640.266026175801,1640.266026175801,1575.3049954361654,1615.9056396484375,196405200,0.0,0.0
2015-01-02,1615.9056572636473,1636.20597959108,1579.3650770742681,1603.7254638671875,110615600,0.0,0.0
2015-01-02,1615.9055800327035,1624.0257085755813,1563.124744503997,1571.244873046875,106057200,0.0,0.0
2015-01-02,1575.3052460641572,1619.9659618030896,1571.2451809969816,1607.7857666015625,108184000,0.0,0.0
2015-01-02,1591.5452534399867,1599.6653822840683,1530.644287109375,1530.644287109375,92020000,0.0,0.0
2015-01-02,1542.8244513866164,1571.2449018068962,1518.464065312091,1550.944580078125,93402800,0.0,0.0
2015-01-02,1567.1847753160782,1615.9055455331584,1567.1847753160782,1595.605224609375,170708800,0.0,0.0
2015-01-02,1607.7854514898254,1619.9656443041424,1567.184808775436,1571.244873046875,116189200,0.0,0.0
2015-01-02,1607.7856201171876,1632.1460083007812,1599.6654907226564,1624.02587890625,139460400,0.0,0.0
2015-01-02,1636.2058325746007,1640.265896675282,1611.8454479705122,1619.965576171875,51412000,0.0,0.0
2015-01-02,1624.0259882229477,1636.2061831346198,1603.7256633701609,1632.1461181640625,115338000,0.0,0.0
2015-01-02,1640.266287138968,1664.626677542022,1595.6055714000356,1607.7857666015625,136800000,0.0,0.0
2015-01-02,1615.9057495117188,1652.4463317871093,1603.7255554199219,1624.02587890625,127306400,0.0,0.0
2015-01-02,1636.2060486444152,1648.3862425549196,1611.8456608234067,1640.26611328125,42988000,0.0,0.0
2015-01-02,1615.905985768002,1632.1462469314995,1607.7858551862532,1628.086181640625,51673600,0.0,0.0
2015-01-02,1644.3263130757346,1652.4464430168493,1615.905858281833,1632.1461181640625,66377600,0.0,0.0
2015-01-02,1644.3262023925781,1644.3262023925781,1619.9658142089845,1624.02587890625,68338800,0.0,0.0
2015-01-02,1607.7854821747053,1648.3861256639655,1607.7854821747053,1636.2059326171875,88189600,0.0,0.0
2015-01-02,1644.3262813483761,1656.5064760250307,1624.025956887285,1652.4464111328125,44312000,0.0,0.0
2015-01-02,1628.0859620985518,1640.2661563287154,1607.7856383816122,1611.845703125,40962400,0.0,0.0
2015-01-02,1632.1459720404864,1648.38623046875,1624.0258428263546,1648.38623046875,76844800,0.0,0.0
2015-01-02,1624.025768490892,1632.1458973333465,1607.7855108059832,1615.9056396484375,68092000,0.0,0.0
2015-01-02,1607.7857666015625,1624.0260268702652,1595.6055714000356,1607.7857666015625,67824800,0.0,0.0
2015-01-02,1619.9658142089845,1632.1460083007812,1615.9057495117188,1624.02587890625,93061200,0.0,0.0
2015-01-02,1624.0259882229477,1636.2061831346198,1619.9659232523902,1632.1461181640625,121620800,0.0,0.0
2015-01-02,1640.2659854841822,1656.5062427662037,1636.2059211636767,1644.3260498046875,93382000,0.0,0.0
2015-01-02,1652.4463317871093,1652.4463317871093,1615.9057495117188,1624.02587890625,58466000,0.0,0.0
2015-01-02,1656.506540151743,1688.987060546875,1644.3263450035681,1688.987060546875,146678400,0.0,0.0
2015-01-02,1672.7466303759284,1684.9268242864325,1640.26611328125,1640.26611328125,80344400,0.0,0.0
2015-01-02,1632.1460083007812,1640.2661376953126,1615.9057495117188,1624.02587890625,101181200,0.0,0.0
2015-01-02,1619.9656739559473,1632.14586699321,1546.8845157323706,1550.944580078125,139128000,0.0,0.0
2015-01-02,1522.524169921875,1530.644298828125,1506.283912109375,1522.524169921875,107764400,0.0,0.0
2015-01-02,1534.7046984220806,1550.9449597810442,1522.5245024028577,1542.8248291015625,111259600,0.0,0.0
2015-01-02,1559.0649606299212,1567.1850906332022,1534.7045706200788,1546.884765625,115432800,0.0,0.0
2015-01-02,1542.8247006233596,1555.0048956282808,1514.4042456118766,1546.884765625,226184800,0.0,0.0
2015-01-02,1526.5841605589562,1579.3649958974306,1526.5841605589562,1575.304931640625,189702800,0.0,0.0
2015-01-02,1575.305220636483,1587.4854156414042,1538.7646356217192,1546.884765625,172058000,0.0,0.0
2015-01-02,1559.0648915816325,1591.54541015625,1546.884697116151,1591.54541015625,182880400,0.0,0.0
2015-01-02,1607.7856694435586,1636.2061231963487,1583.4252805125957,1591.54541015625,138502000,0.0,0.0
2015-01-02,1587.4853831869332,1587.4853831869332,1563.1249936751133,1567.18505859375,60834400,0.0,0.0
2015-01-02,1583.4253506397638,1583.4253506397638,1534.7045706200788,1546.884765625,64787200,0.0,0.0
2015-01-02,1563.124741517781,1567.1848057814636,1481.92345624413,1485.9835205078125,166308400,0.0,0.0
2015-01-02,1461.6230912642047,1461.6230912642047,1384.4818725585938,1429.142578125,199885200,0.0,0.0
2015-01-02,1441.3230627709693,1490.0438423575936,1437.2629978054172,1477.8636474609375,148333600,0.0,0.0
2015-01-02,1477.8636732313366,1477.8636732313366,1453.5032830132377,1461.6234130859375,122529600,0.0,0.0
2015-01-02,1453.5029629794035,1461.6230912642047,1421.022449840199,1429.142578125,83244000,0.0,0.0
2015-01-02,1429.1427240481323,1441.322917718997,1400.7222721494477,1412.9024658203125,92040000,0.0,0.0
2015-01-02,1396.662207592493,1412.9024658203125,1384.482013921628,1412.9024658203125,87566000,0.0,0.0
2015-01-02,1380.421875,1388.5420036764706,1364.1816176470588,1380.421875,136115600,0.0,0.0
2015-01-02,1343.8812479841602,1356.061440564077,1319.5208628243263,1327.6409912109375,129089600,0.0,0.0
2015-01-02,1331.7011029411765,1404.7822610294118,1331.7011029411765,1380.421875,296784800,0.0,0.0
2015-01-02,1388.5421142578125,1408.8424375656753,1356.061596965232,1388.5421142578125,202368000,0.0,0.0
2015-01-02,1421.0227627224392,1465.6834781222872,1412.9026326497394,1461.6234130859375,219296800,0.0,0.0
2015-01-02,1494.1039137827136,1506.2841087320292,1457.5633289347668,1473.8035888671875,174394000,0.0,0.0
2015-01-02,1457.5633226331772,1481.9237124264894,1453.5032576676253,1477.8636474609375,107618400,0.0,0.0
2015-01-02,1461.6233602704156,1461.6233602704156,1408.8425167050948,1416.962646484375,74196800,0.0,0.0
2015-01-02,1412.9023215553977,1441.3227705522017,1396.6620649857955,1429.142578125,66349600,0.0,0.0
2015-01-02,1437.2630680937943,1453.5033287502215,1425.082872601474,1433.2030029296875,95144800,0.0,0.0
2015-01-02,1429.1429377655809,1441.3231332579012,1416.9627422732606,1433.2030029296875,41096400,0.0,0.0
2015-01-02,1429.1428348214286,1433.2028996930803,1412.9025753348214,1421.022705078125,54352800,0.0,0.0
2015-01-02,1421.022449840199,1433.2026422674007,1412.9023215553977,1429.142578125,57412800,0.0,0.0
2015-01-02,1441.322917718997,1449.443046832907,1396.662207592493,1412.9024658203125,135401200,0.0,0.0
2015-01-02,1404.782483477925,1404.782483477925,1388.5422235533247,1396.662353515625,70959200,0.0,0.0
2015-01-02,1412.9026005915823,1412.9026005915823,1404.782470703125,1404.782470703125,46889600,0.0,0.0
2015-01-02,1412.9026005915823,1412.9026005915823,1396.6623408146677,1404.782470703125,41073600,0.0,0.0
2015-01-02,1400.7222721494477,1412.9024658203125,1396.662207592493,1412.9024658203125,32625200,0.0,0.0
2015-01-02,1412.9026005915823,1416.962665535811,1396.6623408146677,1404.782470703125,32254800,0.0,0.0
2015-01-02,1400.7224057588962,1416.962665535811,1396.6623408146677,1404.782470703125,112392000,0.0,0.0
2015-01-02,1412.9026005915823,1421.0227304800396,1400.7224057588962,1404.782470703125,94615200,0.0,0.0
2015-01-02,1404.782483477925,1412.9026134402252,1396.6623535156248,1396.662353515625,66774000,0.0,0.0
2015-01-02,1396.6623535156248,1404.782483477925,1392.6022885344748,1396.662353515625,34276400,0.0,0.0
2015-01-02,1380.4219841809006,1380.4219841809006,1303.2807556531445,1307.3408203125,75746400,0.0,0.0
2015-01-02,1299.2208990695792,1299.2208990695792,1254.5601806640625,1254.5601806640625,138808000,0.0,0.0
2015-01-02,1254.5599851893428,1262.680114543319,1222.0794677734375,1222.0794677734375,63378800,0.0,0.0
2015-01-02,1185.53882856461,1262.6800537109375,1161.1784416762962,1262.6800537109375,63959200,0.0,0.0
2015-01-02,1274.860333078667,1299.2207216088327,1270.8002683236396,1287.04052734375,118378400,0.0,0.0
2015-01-02,1299.220709247649,1319.5210328296434,1287.0405150984523,1295.16064453125,63633600,0.0,0.0
2015-01-02,1295.1605940331076,1299.2206585912052,1246.4398193359375,1246.4398193359375,89269200,0.0,0.0
2015-01-02,1274.8603850574027,1331.7012939453125,1266.7402552162728,1331.7012939453125,56322400,0.0,0.0
2015-01-02,1347.9413884195048,1449.4429989932628,1347.9413884195048,1445.3829345703125,179906000,0.0,0.0
2015-01-02,1461.6231863839284,1473.8033796037946,1412.9024135044642,1449.4429931640625,118109200,0.0,0.0
2015-01-02,1449.4429989932628,1457.5631278391634,1429.142676878511,1445.3829345703125,108926400,0.0,0.0
2015-01-02,1469.7435175298333,1506.2841022198015,1465.6834525642814,1477.8636474609375,177488400,0.0,0.0
2015-01-02,1461.6233688479224,1498.1639530691205,1461.6233688479224,1490.0438232421875,66492800,0.0,0.0
2015-01-02,1481.9236269476692,1490.0437564103963,1453.503173828125,1453.503173828125,123736400,0.0,0.0
2015-01-02,1453.503063416213,1477.863449953915,1437.2628057244117,1445.3829345703125,80592800,0.0,0.0
2015-01-02,1445.3829287574404,1473.8033796037946,1445.3829287574404,1449.4429931640625,65777200,0.0,0.0
2015-01-02,1453.5030063983522,1485.9835205078125,1453.5030063983522,1485.9835205078125,54853200,0.0,0.0
2015-01-02,1485.9838603251687,1502.22412109375,1465.6835343644425,1502.22412109375,65063600,0.0,0.0
2015-01-02,1481.9235601657776,1526.5842701981708,1481.9235601657776,1498.163818359375,65543200,0.0,0.0
2015-01-02,1506.2840828960534,1514.4042127229864,1490.0438232421875,1490.0438232421875,66396000,0.0,0.0
2015-01-02,1518.4643424825465,1534.7046028299535,1494.1039519614362,1526.58447265625,142408000,0.0,0.0
2015-01-02,1542.824445679667,1563.1247673333469,1538.764381348931,1555.004638671875,145286400,0.0,0.0
2015-01-02,1542.8246690819299,1567.18505859375,1530.64447432602,1567.18505859375,80484400,0.0,0.0
2015-01-02,1546.8844158838665,1563.1246722186054,1534.7042236328125,1534.7042236328125,72526000,0.0,0.0
2015-01-02,1526.5844536675347,1530.6445187038844,1453.5032830132377,1461.6234130859375,113545600,0.0,0.0
2015-01-02,1433.202788605087,1449.443046832907,1412.9024658203125,1412.9024658203125,183069200,0.0,0.0
2015-01-02,1408.8424375656753,1412.9025022272476,1364.1817262883771,1388.5421142578125,84406800,0.0,0.0
2015-01-02,1412.9025506488347,1473.8035226595603,1412.9025506488347,1437.262939453125,133874000,0.0,0.0
2015-01-02,1441.3230627709693,1485.9837773920415,1441.3230627709693,1477.8636474609375,104358000,0.0,0.0
2015-01-02,1481.9236207074775,1485.9836854217444,1445.3830382790738,1457.563232421875,76689200,0.0,0.0
2015-01-02,1445.3830382790738,1473.8034912789433,1445.3830382790738,1457.563232421875,39835600,0.0,0.0
2015-01-02,1429.1427240481323,1445.382982275952,1412.9024658203125,1412.9024658203125,66005200,0.0,0.0
2015-01-02,1384.4822104317802,1412.9026663643974,1364.181884765625,1364.181884765625,122132000,0.0,0.0
2015-01-02,1352.0013763707714,1356.061440564077,1323.580927017632,1327.6409912109375,122912000,0.0,0.0
2015-01-02,1327.6411857946593,1372.301898466651,1327.6411857946593,1360.1217041015625,101481200,0.0,0.0
2015-01-02,1347.9414386144633,1408.8424072265625,1343.8813740403232,1408.8424072265625,86066400,0.0,0.0
2015-01-02,1372.3017463235294,1384.4819393382352,1356.0614889705882,1380.421875,54983200,0.0,0.0
2015-01-02,1384.482031603827,1408.8424192566804,1384.482031603827,1400.7222900390625,75114400,0.0,0.0
2015-01-02,1412.902483865489,1412.902483865489,1388.542096212636,1400.7222900390625,49671200,0.0,0.0
2015-01-02,1412.9024480836003,1425.0826416015625,1408.8423835776132,1425.0826416015625,61782000,0.0,0.0
2015-01-02,1404.7823426524226,1421.0226009489822,1392.6021489300026,1408.8424072265625,54798400,0.0,0.0
2015-01-02,1416.962646484375,1437.2629709325752,1416.962646484375,1416.962646484375,45954000,0.0,0.0
2015-01-02,1396.662207592493,1421.0225949342223,1396.662207592493,1412.9024658203125,26436400,0.0,0.0
2015-01-02,1416.9624779110861,1453.5030575706844,1412.9024135044642,1449.4429931640625,65648400,0.0,0.0
2015-01-02,1457.5630432293422,1506.2838134765625,1445.382850667537,1506.2838134765625,114857200,0.0,0.0
2015-01-02,1498.1638795645456,1506.2840089930799,1457.563232421875,1457.563232421875,50550800,0.0,0.0
2015-01-02,1445.3829044117647,1461.6231617647059,1380.421875,1380.421875,291126000,0.0,0.0
2015-01-02,1421.0225480326105,1457.5631278391634,1421.0225480326105,1445.3829345703125,81230800,0.0,0.0
2015-01-02,1449.4429989932628,1457.5631278391634,1437.2628057244117,1445.3829345703125,45067200,0.0,0.0
2015-01-02,1437.2627064098012,1449.442898837003,1429.142578125,1429.142578125,46170000,0.0,0.0
2015-01-02,1429.1428348214286,1433.2028996930803,1412.9025753348214,1421.022705078125,66563200,0.0,0.0
2015-01-02,1437.2629978054172,1485.9837773920415,1433.202932839865,1477.8636474609375,65284000,0.0,0.0
2015-01-02,1461.6234130859375,1473.803608194987,1445.3831529405381,1461.6234130859375,75222000,0.0,0.0
2015-01-02,1461.6234130859375,1461.6234130859375,1461.6234130859375,1461.6234130859375,0,0.0,0.0
2015-01-02,1429.1428036971831,1441.322998046875,1421.022674130722,1441.322998046875,79034800,0.0,0.0
2015-01-02,1449.4431591796874,1453.5032240513392,1421.022705078125,1421.022705078125,45985200,0.0,0.0
2015-01-02,1380.4219669950182,1400.7222900390625,1372.3018377774004,1400.7222900390625,78568800,0.0,0.0
2015-01-02,1408.8425104631697,1421.022705078125,1392.6022509765623,1421.022705078125,55228000,0.0,0.0
2015-01-02,1437.2629149026711,1453.503173828125,1421.022655977217,1453.503173828125,87191200,0.0,0.0
2015-01-02,1485.9837773920415,1485.9837773920415,1457.5633226331772,1477.8636474609375,90298000,0.0,0.0
2015-01-02,1457.5632953807753,1457.5632953807753,1416.962646484375,1416.962646484375,93092000,0.0,0.0
2015-01-02,1416.9626093474913,1441.322998046875,1416.9626093474913,1441.322998046875,16910000,0.0,0.0
2015-01-02,1449.4431276133362,1449.4431276133362,1429.1428036971831,1441.322998046875,44916000,0.0,0.0
2015-01-02,1437.2629332636443,1445.3830628301057,1421.022674130722,1441.322998046875,51713200,0.0,0.0
2015-01-02,1412.9026326497394,1473.803608194987,1412.9026326497394,1461.6234130859375,66709200,0.0,0.0
2015-01-02,1473.8035761584974,1481.9237060546875,1473.8035761584974,1481.9237060546875,43552000,0.0,0.0
2015-01-02,1481.9237951330235,1502.22412109375,1477.8637299408783,1502.22412109375,104390800,0.0,0.0
2015-01-02,1494.1039907094594,1518.464381862331,1473.8036647487331,1502.22412109375,60667600,0.0,0.0
2015-01-02,1502.22384765625,1550.9446210937501,1502.22384765625,1522.524169921875,106152400,0.0,0.0
2015-01-02,1534.7046159550468,1546.8848113197696,1518.46435546875,1518.46435546875,106147600,0.0,0.0
2015-01-02,1485.9837773920415,1502.2240372542497,1477.8636474609375,1477.8636474609375,92196400,0.0,0.0
2015-01-02,1477.863364165684,1506.2838134765625,1477.863364165684,1506.2838134765625,97109200,0.0,0.0
2015-01-02,1477.8636474609375,1485.9837773920415,1461.6233875987293,1477.8636474609375,62974000,0.0,0.0
2015-01-02,1494.103759765625,1506.2839534593663,1477.863501507303,1494.103759765625,77847200,0.0,0.0
2015-01-02,1506.2841601040275,1534.7046159550468,1494.103964739305,1518.46435546875,132198400,0.0,0.0
2015-01-02,1477.863704253008,1538.7646810766212,1477.863704253008,1518.46435546875,120844000,0.0,0.0
2015-01-02,1518.4640060383676,1530.6441986001728,1506.2838134765625,1506.2838134765625,41635600,0.0,0.0
2015-01-02,1502.2237492892941,1514.4039418510993,1502.2237492892941,1506.2838134765625,61618000,0.0,0.0
2015-01-02,1498.163783203125,1526.584234375,1498.163783203125,1522.524169921875,33891200,0.0,0.0
2015-01-02,1514.4041748046875,1526.584369240114,1510.3441099928789,1514.4041748046875,111518800,0.0,0.0
2015-01-02,1514.404058641003,1522.5241876417592,1502.223865139869,1510.343994140625,111117200,0.0,0.0
2015-01-02,1510.3439765625,1526.584234375,1506.283912109375,1522.524169921875,102318000,0.0,0.0
2015-01-02,1526.5844406167978,1550.9448306266404,1522.5243756151574,1546.884765625,52867200,0.0,0.0
2015-01-02,1534.7045706200788,1550.9448306266404,1530.6445056184384,1546.884765625,68705200,0.0,0.0
2015-01-02,1550.944580078125,1559.0647087696334,1534.704322695108,1550.944580078125,97861600,0.0,0.0
2015-01-02,1550.9449597810442,1550.9449597810442,1530.6446330823396,1542.8248291015625,84751600,0.0,0.0
2015-01-02,1542.8245608011882,1559.0648193359375,1530.6443669001262,1559.0648193359375,118885600,0.0,0.0
2015-01-02,1559.064935064935,1567.185064935065,1522.5243506493507,1563.125,73618400,0.0,0.0
2015-01-02,1555.0050251207851,1559.065090460526,1526.5845677425987,1542.8248291015625,50634000,0.0,0.0
2015-01-02,1526.584234375,1530.644298828125,1518.46410546875,1522.524169921875,62028400,0.0,0.0
2015-01-02,1538.764496167501,1587.485271771749,1526.584302266439,1559.0648193359375,176216000,0.0,0.0
2015-01-02,1559.064990942029,1688.9870735205313,1559.064990942029,1680.866943359375,244064000,0.0,0.0
2015-01-02,1656.5065079874066,1668.6867028990787,1632.1461181640625,1632.1461181640625,56263200,0.0,0.0
2015-01-02,1624.0256739026718,1640.2659306416986,1591.5451604246184,1595.605224609375,56126000,0.0,0.0
2015-01-02,1595.6054260253907,1628.0859436035157,1595.6054260253907,1624.02587890625,144164400,0.0,0.0
2015-01-02,1607.785439930109,1615.9055684146047,1567.1847975076316,1579.364990234375,136429600,0.0,0.0
2015-01-02,1591.54541015625,1595.6054749780772,1579.3652156907683,1591.54541015625,110414800,0.0,0.0
2015-01-02,1595.605610539363,1599.6656757061298,1579.3653498722956,1583.4254150390625,90171200,0.0,0.0
2015-01-02,1579.3649958974306,1591.545188667848,1571.2448673838192,1575.304931640625,103568000,0.0,0.0
2015-01-02,1587.4851187188704,1603.7253756878613,1575.3049259921272,1579.364990234375,205636800,0.0,0.0
2015-01-02,1538.7644456432713,1538.7644456432713,1494.103736139113,1510.343994140625,381658000,0.0,0.0
2015-01-02,1498.1640170482879,1538.7646679168051,1498.1640170482879,1526.58447265625,122025200,0.0,0.0
2015-01-02,1502.22412109375,1522.5244470544762,1490.0439255173142,1502.22412109375,78939200,0.0,0.0
2015-01-02,1518.4643424825465,1542.824733003657,1506.2841472219914,1526.58447265625,76399200,0.0,0.0
2015-01-02,1526.584369240114,1534.7044988637317,1502.2239803692612,1514.4041748046875,59981600,0.0,0.0
2015-01-02,1522.5241467317364,1546.8845330794443,1522.5241467317364,1538.764404296875,59542000,0.0,0.0
2015-01-02,1538.7643870408622,1550.944580078125,1522.5241296578452,1550.944580078125,109371200,0.0,0.0
2015-01-02,1538.7642877164972,1550.9444799675512,1522.5240313817585,1534.7042236328125,75571600,0.0,0.0
2015-01-02,1550.9448051948052,1579.3652597402597,1542.8246753246754,1563.125,125545600,0.0,0.0
2015-01-02,1575.304931640625,1587.485124411042,1559.064674613402,1575.304931640625,80812000,0.0,0.0
2015-01-02,1575.3051570492328,1587.4853515625,1563.1249625359656,1587.4853515625,69759600,0.0,0.0
2015-01-02,1599.665255668468,1624.0256402725563,1591.5451274671052,1619.965576171875,176466000,0.0,0.0
2015-01-02,1624.02587890625,1628.0859436035157,1607.7856201171876,1624.02587890625,145376000,0.0,0.0
2015-01-02,1591.5453376392327,1640.26611328125,1591.5453376392327,1640.26611328125,124006000,0.0,0.0
2015-01-02,1640.26611328125,1640.26611328125,1640.26611328125,1640.26611328125,0,0.0,0.0
2015-01-02,1640.26611328125,1640.26611328125,1640.26611328125,1640.26611328125,0,0.0,0.0
2015-01-02,1664.626605809467,1664.626605809467,1648.3863462405943,1652.4464111328125,57556000,0.0,0.0
2015-01-02,1656.5064760250307,1656.5064760250307,1624.025956887285,1652.4464111328125,46800000,0.0,0.0
2015-01-02,1664.6265011022588,1664.6265011022588,1624.0258547339108,1640.26611328125,75276400,0.0,0.0
2015-01-02,1652.4463071917544,1652.4463071917544,1624.0258547339108,1640.26611328125,110007200,0.0,0.0
2015-01-02,1640.2661012546182,1656.5063596828818,1640.2661012546182,1648.38623046875,137365600,0.0,0.0
2015-01-02,1656.5065657236041,1676.8068912839426,1652.4465006115365,1672.746826171875,87624800,0.0,0.0
2015-01-02,1676.8066584889482,1676.8066584889482,1656.5063357469514,1664.62646484375,103693600,0.0,0.0
2015-01-02,1656.5060981433373,1676.8064179735252,1656.5060981433373,1660.566162109375,115484400,0.0,0.0
2015-01-02,1652.4461900128915,1660.5663187107436,1628.0858039193354,1636.2059326171875,71154000,0.0,0.0
2015-01-02,1636.2062659170115,1656.506591796875,1624.0260703890933,1656.506591796875,90892400,0.0,0.0
2015-01-02,1683.4158847090127,1725.0845947265625,1675.0821427055027,1725.0845947265625,178441600,65.3624,0.0
2015-01-02,1725.0845965042854,1729.2514675103344,1700.0833704679915,1716.7508544921875,103862400,0.0,0.0
2015-01-02,1704.2503722540223,1712.5841149056312,1654.2479163443688,1683.416015625,60710400,0.0,0.0
2015-01-02,1683.4160120258753,1695.9166259765625,1679.2491407089797,1695.9166259765625,36848800,0.0,0.0
2015-01-02,1700.0834878576807,1733.4184582078312,1691.749745270143,1729.2515869140625,99461600,0.0,0.0
2015-01-02,1741.752200795369,1741.752200795369,1712.584101738987,1729.2515869140625,39915200,0.0,0.0
2015-01-02,1741.7520805284814,1741.7520805284814,1691.7496284558933,1716.7508544921875,70107200,0.0,0.0
2015-01-02,1675.0822853049651,1683.416028017925,1629.246700383685,1641.747314453125,181048000,0.0,0.0
2015-01-02,1641.747314453125,1641.747314453125,1641.747314453125,1641.747314453125,0,0.0,0.0
2015-01-02,1587.5780016514645,1608.4123586285177,1575.0773874652325,1591.744873046875,153933200,0.0,0.0
2015-01-02,1591.7448730468752,1591.7448730468752,1591.7448730468752,1591.744873046875,0,0.0,0.0
2015-01-02,1591.7448730468752,1591.7448730468752,1591.7448730468752,1591.744873046875,0,0.0,0.0
2015-01-02,1591.7448730468752,1591.7448730468752,1591.7448730468752,1591.744873046875,0,0.0,0.0
2015-01-02,1591.7448730468752,1591.7448730468752,1591.7448730468752,1591.744873046875,0,0.0,0.0
2015-01-02,1591.7448730468752,1591.7448730468752,1591.7448730468752,1591.744873046875,0,0.0,0.0
2015-01-02,1604.245356633113,1633.4134540264424,1600.0784855769232,1625.0797119140625,88110800,0.0,0.0
2015-01-02,1625.0798278035998,1654.2479272769976,1625.0798278035998,1645.9141845703125,78975600,0.0,0.0
2015-01-02,1645.9141796752624,1666.7485363800124,1633.4135656524122,1662.5816650390625,70598400,0.0,0.0
2015-01-02,1658.4148088006702,1658.4148088006702,1587.5779953594356,1612.5792236328125,100451600,0.0,0.0
2015-01-02,1600.0784950657896,1600.0784950657896,1545.909171014083,1583.4110107421875,143723600,0.0,0.0
2015-01-02,1566.7436409293832,1608.412354783888,1562.5767695439326,1604.2454833984375,77419600,0.0,0.0
2015-01-02,1608.4125846105678,1637.5806884765625,1604.2457126297113,1637.5806884765625,70421200,0.0,0.0
2015-01-02,1612.579102511233,1620.912844643074,1591.7447471816306,1608.4122314453125,51991600,0.0,0.0
2015-01-02,1604.245487233107,1608.4123586285177,1566.7436446744111,1591.744873046875,39910400,0.0,0.0
2015-01-02,1616.7460863142448,1645.914185809605,1608.4123436012849,1641.747314453125,87932400,0.0,0.0
2015-01-02,1629.246707876933,1633.4135792525774,1600.0786082474226,1616.74609375,86007600,0.0,0.0
2015-01-02,1600.0788810483873,1604.2457531344508,1525.075183499244,1550.076416015625,173752800,0.0,0.0
2015-01-02,1550.0761641245037,1583.4111353959986,1541.7424213066301,1575.077392578125,96082400,0.0,0.0
2015-01-02,1604.2454833984375,1616.746097554789,1579.2442550857347,1604.2454833984375,61418400,0.0,0.0
2015-01-02,1612.579108308491,1612.579108308491,1575.0772685803865,1583.4110107421875,40284400,0.0,0.0
2015-01-02,1566.743904359879,1583.4113927041333,1525.075183499244,1550.076416015625,86747200,0.0,0.0
2015-01-02,1516.7410919104918,1525.0748341737362,1495.9067362523806,1504.240478515625,132095200,0.0,0.0
2015-01-02,1475.0725153459823,1483.4062583705359,1445.9044147600448,1458.405029296875,238361200,0.0,0.0
2015-01-02,1450.0711628306994,1487.5730032487347,1441.7374205155804,1466.7386474609375,120478400,0.0,0.0
2015-01-02,1475.0725043099685,1504.2406046776798,1470.905632828867,1491.739990234375,128139600,0.0,0.0
2015-01-02,1491.7398786873653,1491.7398786873653,1445.9042958226696,1450.0711669921875,102942800,0.0,0.0
2015-01-02,1462.5718952760858,1483.4062527586511,1458.4050237795727,1475.072509765625,60646400,0.0,0.0
2015-01-02,1479.239381262138,1487.5731242551642,1470.905638269112,1475.072509765625,68519600,0.0,0.0
2015-01-02,1495.906734245868,1512.57421875,1491.7398631198348,1512.57421875,65183200,0.0,0.0
2015-01-02,1512.574467976888,1520.908211602105,1487.5732371012368,1500.0738525390625,110522400,0.0,0.0
2015-01-02,1483.4062419069405,1516.7412136351863,1483.4062419069405,1508.407470703125,42332800,0.0,0.0
2015-01-02,1520.9080731579559,1554.2430446244316,1516.7412017246463,1545.9093017578125,52332000,0.0,0.0
2015-01-02,1545.9091898318475,1545.9091898318475,1504.2404785156252,1504.240478515625,121300000,0.0,0.0
2015-01-02,1500.0736004373302,1545.9091826729152,1500.0736004373302,1533.4085693359375,54789600,0.0,0.0
2015-01-02,1533.4084466039972,1541.7421881616276,1520.9078342675516,1537.5753173828125,37745200,0.0,0.0
2015-01-02,1550.0760568279109,1550.0760568279109,1512.5742167433648,1520.907958984375,41559200,0.0,0.0
2015-01-02,1525.0749445912652,1550.076173191122,1520.9080731579559,1545.9093017578125,35986000,0.0,0.0
2015-01-02,1562.5767770731984,1583.411134100841,1554.2430342621415,1579.2442626953125,89779200,0.0,0.0
2015-01-02,1554.242913175884,1583.4110107421875,1554.242913175884,1583.4110107421875,47643200,0.0,0.0
2015-01-02,1558.409916057741,1570.9105303576694,1545.9093017578125,1545.9093017578125,49185600,0.0,0.0
2015-01-02,1554.2430446244316,1566.74365892436,1541.7424303245032,1545.9093017578125,38004800,0.0,0.0
2015-01-02,1533.4086994993093,1537.5755709653401,1504.240599237094,1508.407470703125,47977600,0.0,0.0
2015-01-02,1504.2404805557974,1508.407351693071,1483.406124869429,1495.90673828125,69002400,0.0,0.0
2015-01-02,1491.7401089138455,1516.7413397894964,1487.5732371012368,1500.0738525390625,53459200,0.0,0.0
2015-01-02,1504.2406046776798,1516.7412191209846,1483.4062472721719,1491.739990234375,70762400,0.0,0.0
2015-01-02,1500.0737331965784,1500.0737331965784,1479.2393757910702,1491.739990234375,72084000,0.0,0.0
2015-01-02,1516.7410898760331,1533.4085743801654,1491.7398631198348,1512.57421875,92255600,0.0,0.0
2015-01-02,1525.0750834147134,1529.241955227322,1500.0738525390625,1500.0738525390625,48328800,0.0,0.0
2015-01-02,1508.4075961642793,1516.7413397894964,1500.0738525390625,1500.0738525390625,64551200,0.0,0.0
2015-01-02,1500.0736053719008,1516.7410898760331,1500.0736053719008,1512.57421875,39572800,0.0,0.0
2015-01-02,1525.074956567248,1525.074956567248,1475.0724989748792,1508.407470703125,108756400,0.0,0.0
2015-01-02,1500.0738525390625,1504.240724351671,1487.5732371012368,1500.0738525390625,30060400,0.0,0.0
2015-01-02,1500.0737072172617,1583.4111353959986,1487.5730929904512,1575.077392578125,180226800,0.0,0.0
2015-01-02,1583.4111277262368,1600.07861328125,1579.2442563374836,1600.07861328125,119147200,0.0,0.0
2015-01-02,1608.4124835958005,1616.7462270341207,1583.41125328084,1587.578125,94406800,0.0,0.0
2015-01-02,1583.4111380069812,1591.744880838597,1554.2430380963265,1566.74365234375,60738800,0.0,0.0
2015-01-02,1566.743637242268,1625.0798365012888,1566.743637242268,1616.74609375,214285200,0.0,0.0
2015-01-02,1629.2466849062307,1695.9166259765625,1629.2466849062307,1695.9166259765625,210138400,0.0,0.0
2015-01-02,1650.0809326171875,1695.9165140787761,1641.7471905332625,1650.0809326171875,180907600,0.0,0.0
2015-01-02,1637.5804557800293,1641.7473271687825,1600.07861328125,1600.07861328125,156016400,0.0,0.0
2015-01-02,1604.2454808750203,1620.9129663906049,1600.078609496124,1612.5792236328125,101136000,0.0,0.0
2015-01-02,1600.078609496124,1616.7460950117088,1595.911738117228,1612.5792236328125,70528800,0.0,0.0
2015-01-02,1608.4123317605197,1683.416015625,1600.0785891089108,1683.416015625,221550000,0.0,0.0
2015-01-02,1683.4158821380397,1745.9189470689073,1683.4158821380397,1737.585205078125,189806800,0.0,0.0
2015-01-02,1737.5854673032409,1737.5854673032409,1670.9155213155864,1687.5830078125,136153200,0.0,0.0
2015-01-02,1695.916888566101,1695.916888566101,1650.0812969832336,1654.2481689453125,63128000,0.0,0.0
2015-01-02,1658.4150409073914,1670.915656793628,1637.5806810969968,1654.2481689453125,69858000,0.0,0.0
2015-01-02,1645.914185809605,1654.247928522565,1633.413571740165,1641.747314453125,106499600,0.0,0.0
2015-01-02,1645.91417369276,1720.91785755724,1645.91417369276,1683.416015625,267820000,0.0,0.0
2015-01-02,1687.5828869508045,1691.7497582766089,1666.7485303217823,1683.416015625,103855200,0.0,0.0
2015-01-02,1683.416015625,1712.5841149056312,1675.0822729733911,1683.416015625,184920800,0.0,0.0
2015-01-02,1704.2503511690982,1775.0871628313835,1700.083479894846,1758.419677734375,259045600,0.0,0.0
2015-01-02,1775.08740234375,1795.9217615261884,1758.4199149977994,1775.08740234375,248454400,0.0,0.0
2015-01-02,1775.0870440366457,1775.0870440366457,1733.4183340827337,1737.585205078125,66817200,0.0,0.0
2015-01-02,1758.419677734375,1766.7534202828792,1737.5853213631146,1758.419677734375,138364800,0.0,0.0
2015-01-02,1770.920141119706,1900.0931396484373,1766.7532701994242,1900.0931396484375,271034000,0.0,0.0
2015-01-02,1916.7606154020255,1945.9287117233605,1908.4268735959297,1941.7618408203125,167230400,0.0,0.0
2015-01-02,1941.7620772022312,1991.764534125894,1941.7620772022312,1966.7633056640625,135220000,0.0,0.0
2015-01-02,1941.761967118168,1945.9288382922414,1912.5938688996548,1925.094482421875,68758800,0.0,0.0
2015-01-02,1908.426888894715,1916.7606307676176,1841.7569539114934,1862.59130859375,96170000,0.0,0.0
2015-01-02,1875.0921727303187,1891.7596587101439,1812.5891003059749,1845.924072265625,221792400,0.0,0.0
2015-01-02,1837.590082975042,1866.7581795302015,1816.7557282927853,1862.59130859375,66988000,0.0,0.0
2015-01-02,1866.7582953918322,1891.7595225622586,1858.4245530016901,1887.5926513671875,101694000,0.0,0.0
2015-01-02,1891.7596395480034,1908.427125358999,1887.5927680952545,1904.26025390625,122375200,0.0,0.0
2015-01-02,1904.260374377388,1937.5953481082831,1891.7597592283023,1908.42724609375,118537600,0.0,0.0
2015-01-02,1904.260010568719,1912.5937524092824,1883.4256559673108,1900.0931396484375,96936400,0.0,0.0
2015-01-02,1908.4268847440196,1925.0943684535744,1866.7581754701328,1883.4256591796875,106780000,0.0,0.0
2015-01-02,1891.759521484375,1920.927619833253,1887.592650291678,1891.759521484375,75942800,0.0,0.0
2015-01-02,1891.759397807874,1920.9274942498457,1891.759397807874,1900.0931396484375,76602000,0.0,0.0
2015-01-02,1925.0943651701273,1925.0943651701273,1883.4256559673108,1900.0931396484375,37491600,0.0,0.0
2015-01-02,1866.7581795302015,1875.0919214031042,1841.7569539114934,1862.59130859375,109065200,0.0,0.0
2015-01-02,1850.0909329095068,1879.2590332031252,1841.7571899684729,1879.259033203125,80098800,0.0,0.0
2015-01-02,1850.0905734531595,1891.759280062465,1850.0905734531595,1870.9249267578125,89442400,0.0,0.0
2015-01-02,1850.0909437605812,1870.9253012353624,1841.7572007706688,1845.924072265625,50065600,0.0,0.0
2015-01-02,1812.588857356334,1866.7581795302015,1812.588857356334,1862.59130859375,42616400,0.0,0.0
2015-01-02,1883.4256632760068,1887.592534212458,1862.59130859375,1862.59130859375,43328000,0.0,0.0
2015-01-02,1850.090695784396,1866.7581795302015,1837.590082975042,1862.59130859375,53300400,0.0,0.0
2015-01-02,1854.2578043800236,1879.2590332031252,1854.2578043800236,1879.259033203125,63607200,0.0,0.0
2015-01-02,1862.5915513719833,1875.0921658107213,1854.2578084128245,1866.7584228515625,27072800,0.0,0.0
2015-01-02,1850.0907066802274,1866.7581905241934,1804.255126109321,1808.4219970703125,99994000,0.0,0.0
2015-01-02,1779.2540283203125,1804.2552558845323,1750.0859294953893,1779.2540283203125,83080000,0.0,0.0
2015-01-02,1754.252925368975,1800.08851249263,1754.252925368975,1766.7535400390625,70232000,0.0,0.0
2015-01-02,1787.5877574321078,1866.7583107915718,1766.7534012848805,1829.2564697265625,87249200,0.0,0.0
2015-01-02,1850.0909437605812,1875.0921727303187,1833.423457780756,1845.924072265625,116464800,0.0,0.0
2015-01-02,1862.5911854359513,1883.425538740604,1854.2574441140903,1870.9249267578125,39174800,0.0,0.0
2015-01-02,1883.4256559673108,1900.0931396484373,1875.0919141267475,1900.0931396484375,45393600,0.0,0.0
2015-01-02,1870.925164459564,1916.7607475532282,1862.5914220788977,1895.9263916015625,64057200,0.0,0.0
2015-01-02,1916.7606154020255,1941.7618408203127,1904.2600026928817,1941.7618408203125,84429200,0.0,0.0
2015-01-02,1916.7608642578125,1950.0958358101223,1912.5939928137739,1916.7608642578125,80014800,0.0,0.0
2015-01-02,1933.428099014217,1945.9287117233605,1904.2600026928817,1941.7618408203125,54502000,0.0,0.0
2015-01-02,1941.7622007978723,1958.4296875,1900.0934840425532,1958.4296875,132846400,0.0,0.0
2015-01-02,1908.4268847440196,1916.760626598797,1866.7581754701328,1883.4256591796875,248204400,0.0,0.0
2015-01-02,1887.5927680952545,1908.427125358999,1887.5927680952545,1904.26025390625,153378800,0.0,0.0
2015-01-02,1891.759651729039,1895.9265232086184,1858.424679892404,1866.7584228515625,134034000,0.0,0.0
2015-01-02,1887.592776144159,1891.759647614676,1858.4246758505406,1879.259033203125,72856400,0.0,0.0
2015-01-02,1879.2590372903007,1883.4259087698802,1862.5915513719833,1866.7584228515625,84598000,0.0,0.0
2015-01-02,1854.2578194358132,1862.5915624445136,1829.2565904097123,1833.4234619140625,145494400,0.0,0.0
2015-01-02,1833.423587328767,1845.9242026969177,1812.5892283818494,1825.08984375,103363600,0.0,0.0
2015-01-02,1804.255245663704,1825.0896018491972,1804.255245663704,1816.755859375,57687200,0.0,0.0
2015-01-02,1829.256473086296,1841.7570867975917,1816.755859375,1816.755859375,56290400,0.0,0.0
2015-01-02,1820.922609953287,1833.4232228362614,1800.0882551483294,1808.4219970703125,89322800,0.0,0.0
2015-01-02,1791.7547468705611,1837.5903334184127,1791.7547468705611,1833.4234619140625,58748000,0.0,0.0
2015-01-02,1837.5902088562286,1854.2576937438134,1812.5889815248515,1841.757080078125,74737200,0.0,0.0
2015-01-02,1841.7570671720125,1895.9263926770718,1837.5901959793157,1891.759521484375,94256800,0.0,0.0
2015-01-02,1875.092035649897,1908.4270051725618,1875.092035649897,1895.9263916015625,67042000,0.0,0.0
2015-01-02,1908.4268814890006,1916.760623329564,1900.0931396484373,1900.0931396484375,56909600,0.0,0.0
2015-01-02,1895.9263916015625,1908.4270051725618,1887.5926492208964,1895.9263916015625,51456800,0.0,0.0
2015-01-02,1900.0931428892422,1904.2600138166308,1883.4256591796875,1883.4256591796875,53644400,0.0,0.0
2015-01-02,1900.0930213843262,1900.0930213843262,1870.9249267578123,1870.9249267578125,50378800,0.0,0.0
2015-01-02,1870.925294331142,1895.9265232086184,1866.7584228515627,1866.7584228515625,63450800,0.0,0.0
2015-01-02,1870.9250504666527,1883.4256632760068,1858.4244376572988,1862.59130859375,73782400,0.0,0.0
2015-01-02,1837.5903292757123,1866.7584297404062,1804.2553573160624,1845.924072265625,141981200,0.0,0.0
2015-01-02,1845.923939416477,1895.9263937573296,1845.923939416477,1887.5926513671875,69336400,0.0,0.0
2015-01-02,1900.0932627918958,1904.2601339822288,1887.5926492208964,1895.9263916015625,43510800,0.0,0.0
2015-01-02,1900.0933797998366,1941.7620942691312,1900.0933797998366,1912.593994140625,132730800,0.0,0.0
2015-01-02,1912.593996811748,1937.5952255282414,1904.2602539062502,1904.26025390625,74071200,0.0,0.0
2015-01-02,1904.2602499256964,1925.09460714589,1904.2602499256964,1916.7608642578125,72401600,0.0,0.0
2015-01-02,1908.4271404454526,1916.7608834168302,1858.4246826171875,1858.4246826171875,91768800,0.0,0.0
2015-01-02,1833.4234564153999,1879.259042825785,1825.0897134316936,1850.0909423828125,58732400,0.0,0.0
2015-01-02,1883.4257780305634,1900.0932627918958,1854.2576796982316,1895.9263916015625,69898800,0.0,0.0
2015-01-02,1908.427117432168,1941.7620889156992,1904.2602459967266,1929.261474609375,82063200,0.0,0.0
2015-01-02,1941.7619757967373,1983.430687723706,1875.0920367135875,1891.759521484375,114585600,0.0,0.0
2015-01-02,1933.4283540754925,1937.5952255282414,1904.2602539062502,1904.26025390625,54770400,0.0,0.0
2015-01-02,1854.257577641219,1862.591319563202,1808.4219970703125,1808.4219970703125,200151200,0.0,0.0
2015-01-02,1783.4210426755446,1791.7547858656174,1675.0823812046003,1720.91796875,193930000,0.0,0.0
2015-01-02,1733.4184500888625,1779.2540341056354,1720.9178362661064,1758.419677734375,84936400,0.0,0.0
2015-01-02,1766.7532882866628,1825.089481767826,1766.7532882866628,1804.255126953125,51892800,0.0,0.0
2015-01-02,1812.5889881379014,1816.755859375,1779.2540182411124,1816.755859375,52244800,0.0,0.0
2015-01-02,1825.0898454260227,1825.0898454260227,1791.754871080342,1820.9229736328125,42805200,0.0,0.0
2015-01-02,1783.4208984374998,1800.088383469626,1779.2540271794683,1783.4208984375,82676800,0.0,0.0
2015-01-02,1783.4211274939216,1820.9229736328125,1783.4211274939216,1820.9229736328125,71874000,0.0,0.0
2015-01-02,1795.921503189507,1820.9227306120986,1783.420889478211,1816.755859375,69157200,0.0,0.0
2015-01-02,1783.420927444307,1787.5877987701115,1670.9154016475866,1683.416015625,230784000,0.0,0.0
2015-01-02,1695.916749550204,1712.58423603227,1670.9155198271053,1691.7498779296875,112994800,0.0,0.0
2015-01-02,1691.7498779296877,1695.916749550204,1670.9155198271053,1691.7498779296875,111426000,0.0,0.0
2015-01-02,1691.7498675847457,1733.4185835351088,1691.7498675847457,1720.91796875,83037200,0.0,0.0
2015-01-02,1733.4188151041667,1770.9206644694011,1733.4188151041667,1750.0863037109375,157626400,0.0,0.0
2015-01-02,1750.0863037109375,1783.421280924479,1750.0863037109375,1750.0863037109375,112836400,0.0,0.0
2015-01-02,1775.0871559214368,1795.9215122115945,1750.0859283732475,1783.4208984375,74612800,0.0,0.0
2015-01-02,1766.7536586707747,1787.5880178532132,1766.7536586707747,1775.08740234375,43111200,0.0,0.0
2015-01-02,1800.088633362676,1804.2555051991637,1762.586786834287,1775.08740234375,95774000,0.0,0.0
2015-01-02,1775.0871559214368,1783.4208984374998,1770.9202846634053,1783.4208984375,42293200,0.0,0.0
2015-01-02,1795.9217412243152,1825.08984375,1787.587997645548,1825.08984375,62835600,0.0,0.0
2015-01-02,1800.0883711204442,1833.4233409560081,1800.0883711204442,1829.2564697265625,64734800,0.0,0.0
2015-01-02,1820.9226108048858,1820.9226108048858,1791.7545140643042,1804.255126953125,52023200,0.0,0.0
2015-01-02,1812.5887451171877,1829.256227830909,1800.0881330818968,1812.5887451171875,40252400,0.0,0.0
2015-01-02,1783.4207729763455,1808.4219987657334,1766.7532891167534,1800.0882568359375,55218400,0.0,0.0
2015-01-02,1800.0886264534884,1808.422370094477,1791.7548828125,1791.7548828125,70044800,0.0,0.0
2015-01-02,1791.7545140643042,1816.7557398419458,1791.7545140643042,1804.255126953125,23188800,0.0,0.0
2015-01-02,1791.7545149061416,1812.5888697306316,1791.7545149061416,1800.0882568359375,33521600,0.0,0.0
2015-01-02,1791.7548828125,1804.2554982739825,1791.7548828125,1791.7548828125,46268800,0.0,0.0
2015-01-02,1791.7548828125,1804.2554982739825,1783.4211391715116,1791.7548828125,97122800,0.0,0.0
2015-01-02,1791.7546375389718,1825.0896075396968,1787.587766288881,1795.9215087890625,54570000,0.0,0.0
2015-01-02,1795.9213858710395,1808.4219987657334,1791.7545149061416,1800.0882568359375,38650800,0.0,0.0
2015-01-02,1825.0897107316773,1858.4246826171875,1812.5890962746112,1858.4246826171875,47457600,0.0,0.0
2015-01-02,1866.7584030777537,1929.261474609375,1850.090917335988,1929.261474609375,77951200,0.0,0.0
2015-01-02,1929.261474609375,1954.2627032220234,1891.7596316904023,1929.261474609375,136139600,0.0,0.0
2015-01-02,1929.261474609375,1929.261474609375,1929.261474609375,1929.261474609375,0,0.0,0.0
2015-01-02,1929.261239380963,1929.261239380963,1866.7581754701328,1883.4256591796875,50412000,0.0,0.0
2015-01-02,1883.4257790989811,1891.759521484375,1854.2576807501032,1891.759521484375,41110400,0.0,0.0
2015-01-02,1866.7584201388888,1887.5927775065104,1858.4246771918404,1875.0921630859375,66554400,0.0,0.0
2015-01-02,1891.7595204112295,1904.2601339822288,1879.25890684023,1895.9263916015625,54337600,0.0,0.0
2015-01-02,1904.2602620262267,1904.2602620262267,1870.9252902620913,1879.259033203125,36349200,0.0,0.0
2015-01-02,1895.9262687281557,1900.0931396484373,1875.0919141267475,1900.0931396484375,24804800,0.0,0.0
2015-01-02,1904.2601339822288,1933.4282323145605,1895.9263916015625,1895.9263916015625,68727200,0.0,0.0
2015-01-02,1900.0931428892422,1912.5937556714082,1883.4256591796875,1883.4256591796875,29136000,0.0,0.0
2015-01-02,1912.5940147606104,1912.5940147606104,1850.0909423828127,1850.0909423828125,56228800,0.0,0.0
2015-01-02,1875.092306944544,1875.092306944544,1816.7561018396025,1820.9229736328125,77629200,0.0,0.0
2015-01-02,1816.7561018396025,1837.590460805653,1816.7561018396025,1820.9229736328125,62045200,0.0,0.0
2015-01-02,1833.4233376343325,1854.2576937438134,1825.08959519054,1841.757080078125,94687200,0.0,0.0
2015-01-02,1850.0908225219173,1862.591436187606,1833.4233376343325,1841.757080078125,72744000,0.0,0.0
2015-01-02,1841.7572049227626,1845.9240764271128,1825.0897189053621,1833.4234619140625,40007200,0.0,0.0
2015-01-02,1816.755856038226,1841.757083414899,1816.755856038226,1829.2564697265625,16690800,0.0,0.0
2015-01-02,1833.4234619140625,1841.7572049227626,1825.0897189053621,1833.4234619140625,83274400,0.0,0.0
2015-01-02,1841.7572049227626,1841.7572049227626,1829.2565904097123,1833.4234619140625,76550000,0.0,0.0
2015-01-02,1825.0896018491972,1837.590215560493,1816.755859375,1816.755859375,49446000,0.0,0.0
2015-01-02,1829.2564697265625,1837.5902121854535,1825.089598497117,1829.2564697265625,24174800,0.0,0.0
2015-01-02,1841.7573258795708,1845.9241976575788,1829.2567105455464,1837.5904541015625,35440400,0.0,0.0
2015-01-02,1816.755859375,1837.590215560493,1816.755859375,1816.755859375,38055600,0.0,0.0
2015-01-02,1829.2564697265625,1837.5902121854535,1820.9227272676717,1829.2564697265625,117245600,0.0,0.0
2015-01-02,1829.2565904097123,1841.7572049227626,1825.0897189053621,1833.4234619140625,79610000,0.0,0.0
2015-01-02,1845.924072265625,1850.0909437605812,1833.423457780756,1845.924072265625,111316000,0.0,0.0
2015-01-02,1858.4245508885647,1900.0932627918958,1858.4245508885647,1895.9263916015625,198014400,0.0,0.0
2015-01-02,1895.9262687281557,1908.4268814890006,1887.5925268875924,1900.0931396484375,117718800,0.0,0.0
2015-01-02,1891.759280062465,1891.759280062465,1862.5911854359513,1870.9249267578125,109655200,0.0,0.0
2015-01-02,1900.0933797998366,1929.2614799283429,1900.0933797998366,1912.593994140625,97844000,0.0,0.0
2015-01-02,1933.4281070106906,1933.4281070106906,1891.759397807874,1900.0931396484375,96540400,0.0,0.0
2015-01-02,1929.2616046755595,1933.4284763919213,1904.260374377388,1908.42724609375,81397200,0.0,0.0
2015-01-02,1908.427125358999,1912.593996811748,1891.7596395480034,1904.26025390625,79745200,0.0,0.0
2015-01-02,1904.2602539062502,1904.2602539062502,1904.2602539062502,1904.26025390625,0,0.0,0.0
2015-01-02,1883.4259087698802,1891.759651729039,1816.75596509661,1866.7584228515625,207778000,0.0,0.0
2015-01-02,1866.7584297404062,1866.7584297404062,1833.423457780756,1845.924072265625,103224000,0.0,0.0
2015-01-02,1866.7584187915745,1879.2590332031252,1850.0909329095068,1879.259033203125,72190000,0.0,0.0
2015-01-02,1883.42591153132,1883.42591153132,1850.09093964581,1858.4246826171875,50008400,0.0,0.0
2015-01-02,1875.0919173249101,1883.4256591796875,1850.090691760578,1883.4256591796875,106237200,0.0,0.0
2015-01-02,1858.4246826171875,1879.2590400456313,1858.4246826171875,1858.4246826171875,43852800,0.0,0.0
2015-01-02,1879.259042825785,1879.259042825785,1850.0909423828127,1850.0909423828125,59158000,0.0,0.0
2015-01-02,1862.59130859375,1870.9250504666527,1862.59130859375,1862.59130859375,30397600,0.0,0.0
2015-01-02,1883.4256591796875,1900.0931428892422,1866.7581754701328,1883.4256591796875,43444400,0.0,0.0
2015-01-02,1900.0932638697686,1900.0932638697686,1870.9251655208907,1891.759521484375,91156400,0.0,0.0
2015-01-02,1895.9263937573296,1908.4270073425428,1887.5926513671875,1887.5926513671875,57482800,0.0,0.0
2015-01-02,1875.0920367135875,1895.9263926770718,1866.7582943281936,1891.759521484375,29331600,0.0,0.0
2015-01-02,1891.7594010344649,1895.9262719618534,1870.9250463975213,1883.4256591796875,42578400,0.0,0.0
2015-01-02,1866.7582953918322,1891.7595225622586,1866.7582953918322,1887.5926513671875,86823200,0.0,0.0
2015-01-02,1895.9263937573296,1900.0932649524007,1887.5926513671875,1887.5926513671875,33371200,0.0,0.0
2015-01-02,1895.9263916015625,1895.9263916015625,1875.092035649897,1895.9263916015625,14298400,0.0,0.0
2015-01-02,1900.0931396484373,1900.0931396484373,1887.5925268875924,1900.0931396484375,22744800,0.0,0.0
2015-01-02,1866.7581722861842,1900.0931396484373,1866.7581722861842,1900.0931396484375,45914400,0.0,0.0
2015-01-02,1883.4258966425057,1908.427125358999,1883.4258966425057,1904.26025390625,32416800,0.0,0.0
2015-01-02,1916.7609895264738,1929.2616046755595,1895.9266309446643,1908.42724609375,38783600,0.0,0.0
2015-01-02,1929.261474609375,1941.7620889156992,1920.9277317384922,1929.261474609375,124136800,0.0,0.0
2015-01-02,1941.7622086063507,1950.0959519909275,1925.0947218371975,1937.5953369140625,115811200,0.0,0.0
2015-01-02,1954.2626927207737,1983.4307926121285,1937.5952070685707,1962.596435546875,84118000,0.0,0.0
2015-01-02,1975.097048484673,1983.4307913052835,1958.4295628434522,1966.7633056640625,98651200,0.0,0.0
2015-01-02,1969.5375370098527,2016.4312878910398,1956.7483322240744,2007.9051513671875,137866400,66.567375,0.0
2015-01-02,2020.6942010446755,2050.5356765875295,2020.6942010446755,2029.2203369140625,164951600,0.0,0.0
2015-01-02,2042.0095407181425,2042.0095407181425,2003.6419293059018,2029.2203369140625,101622400,0.0,0.0
2015-01-02,1995.1158447265625,2020.6942529922878,1995.1158447265625,1995.1158447265625,43376800,0.0,0.0
2015-01-02,2029.220492676818,2029.220492676818,1990.8528783194831,2007.9051513671875,55658000,0.0,0.0
2015-01-02,2007.9051513671875,2020.6943561529658,1982.326741795631,2007.9051513671875,32161600,0.0,0.0
2015-01-02,2003.6419808151377,2007.905048859425,1995.1158447265625,1995.1158447265625,63985600,0.0,0.0
2015-01-02,2012.168348986037,2020.6944860580118,1978.0638006981383,2003.6422119140625,58964400,0.0,0.0
2015-01-02,1986.5899377701128,2037.7467602019613,1986.5899377701128,2003.6422119140625,77408800,0.0,0.0
2015-01-02,2003.6422119140623,2003.6422119140623,2003.6422119140623,2003.6422119140625,0,0.0,0.0
2015-01-02,2029.2206756161972,2118.7451171875,2016.4314696774397,2118.7451171875,87415600,0.0,0.0
2015-01-02,2097.429715516137,2118.7450581534963,2080.37744140625,2080.37744140625,79835600,0.0,0.0
2015-01-02,2084.640304882002,2093.1664410982885,2037.7465556924276,2054.798828125,36636800,0.0,0.0
2015-01-02,2046.272897273936,2046.272897273936,1995.1160748420875,2003.6422119140625,43113200,0.0,0.0
2015-01-02,1990.8527766822751,2012.1681169037126,1990.8527766822751,1995.1158447265625,32561600,0.0,0.0
2015-01-02,2012.1680064712982,2020.6941420919393,1961.0111927474516,1986.589599609375,56194400,0.0,0.0
2015-01-02,1995.1161101310483,1995.1161101310483,1965.2746298513105,1982.326904296875,19153200,0.0,0.0
2015-01-02,1995.1160748420875,2020.6944860580118,1982.3268692341255,2003.6422119140625,89368000,0.0,0.0
2015-01-02,2003.6422119140623,2003.6422119140623,2003.6422119140623,2003.6422119140625,0,0.0,0.0
2015-01-02,1995.116014989493,2003.6421518056873,1952.4853309085208,1965.2745361328125,81478400,0.0,0.0
2015-01-02,1973.8004600123354,1990.8527318050985,1943.958984375,1943.958984375,38329600,0.0,0.0
2015-01-02,1973.8005437149116,1995.115884359781,1956.748271199016,1969.5374755859375,149208000,0.0,0.0
2015-01-02,1995.1160540268233,2093.1666293315607,1995.1160540268233,2016.431396484375,319850400,0.0,0.0
2015-01-02,1995.115960029651,2020.6943697736208,1995.115960029651,1999.3790283203125,106382000,0.0,0.0
2015-01-02,1990.8527766822751,2003.6419808151377,1986.5897086379875,1995.1158447265625,83747600,0.0,0.0
2015-01-02,1995.1159735930808,1999.3790419127242,1990.8529052734375,1990.8529052734375,83054400,0.0,0.0
2015-01-02,1986.5898643147611,1986.5898643147611,1961.011454044614,1973.8006591796875,99818800,0.0,0.0
2015-01-02,1982.3266405937,2016.4311849480002,1982.3266405937,1995.1158447265625,134070000,0.0,0.0
2015-01-02,2003.642030210236,2067.5880524509885,2003.642030210236,2042.0096435546875,146848400,0.0,0.0
2015-01-02,2063.3249643412864,2093.1664410982885,2054.798828125,2054.798828125,150575200,0.0,0.0
2015-01-02,2054.798841349284,2071.8511138916015,2046.272705078125,2046.272705078125,60982800,0.0,0.0
2015-01-02,2063.325093798727,2063.325093798727,2033.4836151694062,2050.535888671875,78420400,0.0,0.0
2015-01-02,2076.114182027181,2076.114182027181,2037.7465688069663,2046.272705078125,97264400,0.0,0.0
2015-01-02,2063.325066446521,2067.588134765625,2037.7466565318944,2067.588134765625,45706000,0.0,0.0
2015-01-02,2067.5880524509885,2071.851120600372,2037.746575405304,2042.0096435546875,75918000,0.0,0.0
2015-01-02,2042.0096369425457,2054.798841349284,2012.1681599934898,2046.272705078125,84887200,0.0,0.0
2015-01-02,2046.2726658950617,2071.85107421875,2020.6942575713733,2071.85107421875,35564400,0.0,0.0
2015-01-02,2071.8508896938592,2263.6889350358833,2042.0094159739888,2199.742919921875,113093200,0.0,0.0
2015-01-02,2250.8994433008984,2267.9517118107533,2114.481295222056,2135.796630859375,102829200,0.0,0.0
2015-01-02,2135.797317940848,2144.323454938616,2063.325153459821,2088.903564453125,73616400,0.0,0.0
2015-01-02,2054.7989757907008,2114.48193359375,2046.2728389616937,2114.48193359375,50502800,0.0,0.0
2015-01-02,2127.2709589200745,2131.5340269740227,2063.324938110854,2071.85107421875,57578000,0.0,0.0
2015-01-02,2097.4291873576667,2114.481457173583,2071.8507826337927,2105.955322265625,46570000,0.0,0.0
2015-01-02,2088.9036366637324,2127.271254480005,2088.9036366637324,2118.7451171875,40218400,0.0,0.0
2015-01-02,2131.5341525607637,2148.58642578125,2105.9557427300347,2148.58642578125,85243600,0.0,0.0
2015-01-02,2148.58642578125,2148.58642578125,2148.58642578125,2148.58642578125,0,0.0,0.0
2015-01-02,2191.2171088324653,2191.2171088324653,2131.5341525607637,2148.58642578125,59829200,0.0,0.0
2015-01-02,2148.5865269045858,2178.428006444927,2144.323458398823,2161.375732421875,47045600,0.0,0.0
2015-01-02,2144.323384765625,2169.901794921875,2110.2188378906253,2131.5341796875,28721200,0.0,0.0
2015-01-02,2105.955796764743,2131.534207251764,2105.955796764743,2114.48193359375,49372000,0.0,0.0
2015-01-02,2105.955695161955,2114.4818315796147,2080.377285908976,2101.692626953125,71202800,0.0,0.0
2015-01-02,2097.4295856499234,2123.0079952310202,2080.377312595859,2084.640380859375,32254000,0.0,0.0
2015-01-02,2093.166517386407,2101.6926539134397,2084.640380859375,2084.640380859375,25720400,0.0,0.0
2015-01-02,2071.851290457589,2118.7450439453123,2071.851290457589,2088.903564453125,33952400,0.0,0.0
2015-01-02,2101.6927011718753,2140.06031640625,2097.4296328125,2131.5341796875,47202400,0.0,0.0
2015-01-02,2131.5341796875,2174.1648632812503,2123.00804296875,2131.5341796875,93786800,0.0,0.0
2015-01-02,2123.0079279653055,2131.5340642221945,2101.692587323084,2127.27099609375,87512000,0.0,0.0
2015-01-02,2127.27099609375,2135.797132350639,2114.481791708417,2127.27099609375,30677600,0.0,0.0
2015-01-02,2123.0074294769834,2135.796630859375,2093.165959584737,2135.796630859375,69688000,0.0,0.0
2015-01-02,2123.007989357776,2165.638671875,2118.7449211060534,2165.638671875,194634400,0.0,0.0
2015-01-02,2165.6389016544117,2174.1650390625,2140.0604894301473,2174.1650390625,140644400,0.0,0.0
2015-01-02,2174.1650390625,2174.1650390625,2174.1650390625,2174.1650390625,0,0.0,0.0
2015-01-02,2174.1650390625,2174.1650390625,2174.1650390625,2174.1650390625,0,0.0,0.0
2015-01-02,2174.1650390625,2174.1650390625,2174.1650390625,2174.1650390625,0,0.0,0.0
2015-01-02,2174.1650390625,2174.1650390625,2174.1650390625,2174.1650390625,0,0.0,0.0
2015-01-02,2174.1650390625,2174.1650390625,2174.1650390625,2174.1650390625,0,0.0,0.0
2015-01-02,2174.1650390625,2174.1650390625,2174.1650390625,2174.1650390625,0,0.0,0.0
2015-01-02,2178.4276728877317,2302.056640625,2161.3754014756946,2302.056640625,116340400,0.0,0.0
2015-01-02,2272.2151656539354,2302.056640625,2250.899826388889,2302.056640625,65585600,0.0,0.0
2015-01-02,2297.793494133296,2297.793494133296,2255.1628170621775,2272.215087890625,156807200,0.0,0.0
2015-01-02,2272.215087890625,2293.530426426184,2267.952020183513,2272.215087890625,68512000,0.0,0.0
2015-01-02,2233.847617556014,2280.7413652528007,2233.847617556014,2259.426025390625,94396000,0.0,0.0
2015-01-02,2216.7958686187976,2267.9526963561543,2216.7958686187976,2233.84814453125,44828000,0.0,0.0
2015-01-02,2216.795294436416,2225.3214301842486,2195.4799550668354,2212.5322265625,49422400,0.0,0.0
2015-01-02,2191.216825488835,2259.4259095507446,2191.216825488835,2255.162841796875,33112400,0.0,0.0
2015-01-02,2267.9521229302704,2285.00439453125,2225.3214439278217,2285.00439453125,102872000,0.0,0.0
2015-01-02,2293.5307346921127,2310.5830078125,2250.900051891144,2310.5830078125,23547200,0.0,0.0
2015-01-02,2310.5828792227785,2314.845947265625,2293.5306070513925,2314.845947265625,28083200,0.0,0.0
2015-01-02,2302.0569998411506,2306.320068359375,2289.2677942864775,2306.320068359375,17110400,0.0,0.0
2015-01-02,2314.8457649617435,2314.8457649617435,2259.425884769289,2272.215087890625,47982400,0.0,0.0
2015-01-02,2272.2151656539354,2302.056640625,2267.952097800926,2302.056640625,31556800,0.0,0.0
2015-01-02,2272.215281987099,2302.0567584859914,2225.321533203125,2225.321533203125,62956800,0.0,0.0
2015-01-02,2221.0585270825977,2263.689208984375,2216.79545889242,2263.689208984375,68629600,0.0,0.0
2015-01-02,2233.8475922430944,2276.478271484375,2233.8475922430944,2276.478271484375,56757200,0.0,0.0
2015-01-02,2250.899863939607,2293.530543180887,2250.899863939607,2276.478271484375,114075600,0.0,0.0
2015-01-02,2276.4786306220794,2293.5309050087617,2267.9524934287383,2280.74169921875,74731600,0.0,0.0
2015-01-02,2293.5309050087617,2293.5309050087617,2255.1632876387266,2280.74169921875,87392800,0.0,0.0
2015-01-02,2285.00433193109,2327.635009765625,2267.952060797276,2327.635009765625,85417600,0.0,0.0
2015-01-02,2331.8981414339432,2331.8981414339432,2285.00439453125,2285.00439453125,29979200,0.0,0.0
2015-01-02,2263.689208984375,2302.056822695975,2259.426140794197,2263.689208984375,65299600,0.0,0.0
2015-01-02,2250.900044642857,2267.9523177083333,2233.8477715773806,2238.11083984375,75375200,0.0,0.0
2015-01-02,2225.3216485047205,2272.2153997184214,2225.3216485047205,2229.584716796875,62769600,0.0,0.0
2015-01-02,2225.321621686729,2255.1630993721833,2225.321621686729,2246.636962890625,71766800,0.0,0.0
2015-01-02,2246.6371365623545,2289.267822265625,2242.3740679920274,2289.267822265625,58065600,0.0,0.0
2015-01-02,2293.5305303317396,2302.0566661322296,2259.425987129781,2285.00439453125,49458800,0.0,0.0
2015-01-02,2302.056561840408,2302.056561840408,2263.688952476401,2272.215087890625,41486400,0.0,0.0
2015-01-02,2259.4260383374763,2267.952174331203,2242.3737663500237,2250.89990234375,111049200,0.0,0.0
2015-01-02,2250.899889445755,2267.9521613354955,2250.899889445755,2259.426025390625,77951600,0.0,0.0
2015-01-02,2272.2157055847624,2272.2157055847624,2263.689567852737,2267.95263671875,47208800,0.0,0.0
2015-01-02,2272.215087890625,2272.215087890625,2259.425884769289,2272.215087890625,40337200,0.0,0.0
2015-01-02,2272.215087890625,2272.215087890625,2272.215087890625,2272.215087890625,0,0.0,0.0
2015-01-02,2250.900420443702,2250.900420443702,2229.585075553137,2233.84814453125,143414400,0.0,0.0
2015-01-02,2225.3214943625712,2259.4260383374763,2225.3214943625712,2250.89990234375,56732800,0.0,0.0
2015-01-02,2267.9521613354955,2267.9521613354955,2259.426025390625,2259.426025390625,37080400,0.0,0.0
2015-01-02,2276.4784135549085,2280.741481745086,2250.900004413842,2263.689208984375,46171200,0.0,0.0
2015-01-02,2267.952174331203,2267.952174331203,2250.89990234375,2250.89990234375,84711600,0.0,0.0
2015-01-02,2276.4784405760793,2276.4784405760793,2246.636962890625,2246.636962890625,45026400,0.0,0.0
2015-01-02,2259.4259095507446,2263.6889773046137,2250.899774043006,2255.162841796875,15407600,0.0,0.0
2015-01-02,2246.637351465589,2255.163489421815,2233.84814453125,2233.84814453125,83386400,0.0,0.0
2015-01-02,2233.84814453125,2246.637351465589,2229.585075553137,2233.84814453125,48228400,0.0,0.0
2015-01-02,2229.585075553137,2246.637351465589,2229.585075553137,2233.84814453125,69100800,0.0,0.0
2015-01-02,2233.84814453125,2233.84814453125,2233.84814453125,2233.84814453125,0,0.0,0.0
2015-01-02,2225.321533203125,2238.110737416936,2212.532328989314,2225.321533203125,69268400,0.0,0.0
2015-01-02,2216.795511920411,2229.584716796875,2195.480170459638,2229.584716796875,53423200,0.0,0.0
2015-01-02,2199.743150865709,2221.0584914748733,2182.6908783783783,2208.269287109375,126368400,0.0,0.0
2015-01-02,2225.321417458913,2225.321417458913,2199.7430103616844,2221.058349609375,45544400,0.0,0.0
2015-01-02,2229.5846634629534,2272.2153453647306,2216.79545889242,2263.689208984375,92788000,0.0,0.0
2015-01-02,2263.6891063343396,2267.952174331203,2250.89990234375,2250.89990234375,51046400,0.0,0.0
2015-01-02,2267.952174331203,2272.215242328066,2246.636834346887,2250.89990234375,51482000,0.0,0.0
2015-01-02,2285.0047082937263,2285.0047082937263,2233.8478864662547,2242.3740234375,22269800,0.0,2.0
2015-01-02,2259.426558399928,2267.9526963561543,2233.84814453125,2233.84814453125,32387000,0.0,0.0
2015-01-02,2233.847617556014,2276.4782972803655,2225.321481611144,2259.426025390625,96577000,0.0,0.0
2015-01-02,2233.8478864662547,2259.4262973799905,2216.7956125237642,2242.3740234375,31203000,0.0,0.0
2015-01-02,2250.89990234375,2259.4260383374763,2225.3214943625712,2250.89990234375,65627600,0.0,0.0
2015-01-02,2242.3737663500237,2259.4260383374763,2233.8476303562975,2250.89990234375,152308200,0.0,0.0
2015-01-02,2250.89990234375,2250.89990234375,2250.89990234375,2250.89990234375,0,0.0,0.0
2015-01-02,2250.89990234375,2267.952174331203,2233.8476303562975,2250.89990234375,88331600,0.0,0.0
2015-01-02,2250.9001604087453,2267.9524343512358,2233.8478864662547,2242.3740234375,55045800,0.0,0.0
2015-01-02,2250.900420443702,2250.900420443702,2233.84814453125,2233.84814453125,94085400,0.0,0.0
2015-01-02,2242.3737663500237,2250.89990234375,2225.3214943625712,2250.89990234375,121814200,0.0,0.0
2015-01-02,2250.9001604087453,2259.4262973799905,2242.3740234375,2242.3740234375,56049600,0.0,0.0
2015-01-02,2242.3739417547627,2310.583035040079,2242.3739417547627,2293.53076171875,175719200,0.0,0.0
2015-01-02,2293.5305303317396,2302.0566661322296,2259.425987129781,2285.00439453125,41590800,0.0,0.0
2015-01-02,2285.00439453125,2302.0566661322296,2267.9521229302704,2285.00439453125,59653400,0.0,0.0
2015-01-02,2293.531049914826,2293.531049914826,2267.95263671875,2267.95263671875,43641800,0.0,0.0
2015-01-02,2276.478310324929,2285.0044463186555,2242.3737663500237,2250.89990234375,77918000,0.0,0.0
2015-01-02,2250.89990234375,2259.4260383374763,2242.3737663500237,2250.89990234375,22471200,0.0,0.0
2015-01-02,2267.952174331203,2267.952174331203,2242.3737663500237,2250.89990234375,21028600,0.0,0.0
2015-01-02,2267.9521229302704,2293.5305303317396,2250.899851329291,2285.00439453125,53161200,0.0,0.0
2015-01-02,2293.53076171875,2310.583035040079,2276.4784883974207,2293.53076171875,117588400,0.0,0.0
2015-01-02,2302.056603064904,2344.6872808994394,2276.4781963641826,2327.635009765625,167578400,0.0,0.0
2015-01-02,2336.161417493081,2387.3182368542434,2310.5830078125,2310.5830078125,98661000,0.0,0.0
2015-01-02,2344.687473558777,2429.9488362336415,2344.687473558777,2361.73974609375,177292000,0.0,0.0
2015-01-02,2412.8965104398358,2412.8965104398358,2370.2658300433723,2395.84423828125,112955000,0.0,0.0
2015-01-02,2421.4226203621906,2421.4226203621906,2395.8442124006183,2412.896484375,152454400,0.0,0.0
2015-01-02,2412.89653687836,2412.89653687836,2361.73971984207,2378.7919921875,78878400,0.0,0.0
2015-01-02,2378.7919277137435,2429.9487433635013,2370.265791772117,2421.422607421875,55557200,0.0,0.0
2015-01-02,2412.8965502402766,2421.422686460207,2353.2135967007644,2370.265869140625,65908600,0.0,0.0
2015-01-02,2353.213416466346,2387.3179587339746,2327.635009765625,2327.635009765625,44982200,0.0,0.0
2015-01-02,2370.265842982701,2404.3703874860494,2370.265842982701,2387.318115234375,166683400,0.0,0.0
2015-01-02,2404.370374360543,2421.422646519128,2378.7919661226647,2395.84423828125,91155200,0.0,0.0
2015-01-02,2387.3181415804856,2429.948822680137,2370.265869140625,2370.265869140625,63364400,0.0,0.0
2015-01-02,2421.4226203621906,2429.9487563493817,2378.7919404262366,2412.896484375,107043000,0.0,0.0
2015-01-02,2429.9485226894944,2438.474657856826,2387.3178468528367,2404.3701171875,78930400,0.0,0.0
2015-01-02,2421.422607421875,2421.422607421875,2395.844199596996,2421.422607421875,43310400,0.0,0.0
2015-01-02,2438.4747905927834,2532.2622825386597,2429.9486549613403,2481.10546875,68625800,0.0,0.0
2015-01-02,2506.68413591056,2515.2102724272627,2429.948907260237,2472.57958984375,78730200,0.0,0.0
2015-01-02,2438.475057106942,2506.68414961343,2438.475057106942,2464.053466796875,59551800,0.0,0.0
2015-01-02,2464.0535216214366,2481.105795127467,2412.896701103344,2429.948974609375,56480400,0.0,0.0
2015-01-02,2438.4750840456227,2455.527357360627,2421.4228107306185,2447.001220703125,80597600,0.0,0.0
2015-01-02,2447.001028323763,2455.527164310954,2412.896484375,2412.896484375,170971800,0.0,0.0
2015-01-02,2421.422387522163,2429.9485226894944,2395.8439820201684,2404.3701171875,84111200,0.0,0.0
2015-01-02,2421.422387522163,2421.422387522163,2370.2655765181735,2404.3701171875,33709000,0.0,0.0
2015-01-02,2387.3181415804856,2421.422686460207,2370.265869140625,2370.265869140625,59334000,0.0,0.0
2015-01-02,2404.3704007056454,2404.3704007056454,2361.73971984207,2378.7919921875,81461200,0.0,0.0
2015-01-02,2361.739655830491,2429.9487433635013,2361.739655830491,2421.422607421875,79021400,0.0,0.0
2015-01-02,2447.0013798528157,2523.7366147610924,2429.949105428754,2498.158203125,96578200,0.0,0.0
2015-01-02,2515.2104212699915,2549.3149693550085,2489.6320102062286,2532.2626953125,53410000,0.0,0.0
2015-01-02,2540.788846402555,2540.788846402555,2498.15816106023,2523.736572265625,191716800,0.0,0.0
2015-01-02,2557.8408865201272,2591.9454316737288,2515.210205078125,2515.210205078125,72659600,0.0,0.0
2015-01-02,2566.3669826840396,2566.3669826840396,2515.210165753461,2540.78857421875,55739600,0.0,0.0
2015-01-02,2557.840846528943,2557.840846528943,2515.210165753461,2540.78857421875,36058400,0.0,0.0
2015-01-02,2540.7888323337543,2549.3149693550085,2515.2104212699915,2532.2626953125,122810200,0.0,0.0
2015-01-02,2523.7365582912457,2540.7888323337543,2523.7365582912457,2532.2626953125,68486600,0.0,0.0
2015-01-02,2549.31498347102,2549.31498347102,2523.736572265625,2523.736572265625,139273800,0.0,0.0
2015-01-02,2523.736572265625,2591.9456688133446,2515.21043519716,2523.736572265625,167540000,0.0,0.0
2015-01-02,2523.736572265625,2523.736572265625,2523.736572265625,2523.736572265625,0,0.0,0.0
2015-01-02,2557.840846528943,2557.840846528943,2523.736301908557,2540.78857421875,73258000,0.0,0.0
2015-01-02,2549.31494140625,2566.3672152618105,2532.26266755069,2549.31494140625,65673400,0.0,0.0
2015-01-02,2557.84107833403,2566.3672152618105,2540.78880447847,2549.31494140625,47704000,0.0,0.0
2015-01-02,2540.7886273650083,2549.314763698448,2506.68408203125,2506.68408203125,50580000,0.0,0.0
2015-01-02,2557.84107833403,2566.3672152618105,2515.21039369513,2549.31494140625,33166400,0.0,0.0
2015-01-02,2566.3672152618105,2574.8933521895906,2540.78880447847,2549.31494140625,17030400,0.0,0.0
2015-01-02,2574.893118839136,2574.893118839136,2523.736301908557,2540.78857421875,51088800,0.0,0.0
2015-01-02,2523.73653062291,2557.84107833403,2523.73653062291,2549.31494140625,54077800,0.0,0.0
2015-01-02,2557.84107833403,2574.8933521895906,2532.26266755069,2549.31494140625,122524400,0.0,0.0
2015-01-02,2523.7365582912457,2549.3149693550085,2489.6320102062286,2532.2626953125,94872200,0.0,0.0
2015-01-02,2498.1578678385417,2557.8408203125,2489.631731770833,2557.8408203125,33166000,0.0,0.0
2015-01-02,2515.21039369513,2566.3672152618105,2506.68425676735,2549.31494140625,70926400,0.0,0.0
2015-01-02,2566.3669826840396,2566.3669826840396,2515.210165753461,2540.78857421875,79075800,0.0,0.0
2015-01-02,2574.893269723361,2626.0500896516396,2557.8409964139346,2600.4716796875,88489000,0.0,0.0
2015-01-02,2600.4716526491243,2626.0500623473126,2574.8932429509364,2617.52392578125,158513400,0.0,0.0
2015-01-02,2617.52392578125,2617.52392578125,2617.52392578125,2617.52392578125,0,0.0,0.0
2015-01-02,2617.52392578125,2617.52392578125,2617.52392578125,2617.52392578125,0,0.0,0.0
2015-01-02,2617.523991394043,2745.4160430908205,2617.523991394043,2728.36376953125,53968200,0.0,0.0
2015-01-02,2719.8379052120185,2762.4685933814862,2677.2072170425513,2711.311767578125,251049600,0.0,0.0
2015-01-02,2745.4160430908205,2753.9421798706057,2660.154675292969,2728.36376953125,78314600,0.0,0.0
2015-01-02,2728.36376953125,2728.36376953125,2728.36376953125,2728.36376953125,0,0.0,0.0
2015-01-02,2719.8374684327728,2745.4158772268115,2668.6806508446957,2677.206787109375,59351600,0.0,0.0
2015-01-02,2677.2068679611402,2677.2068679611402,2608.9977757837864,2626.050048828125,84278000,0.0,0.0
2015-01-02,2643.102255141773,2668.6806640625,2634.5761188348642,2668.6806640625,90123000,0.0,0.0
2015-01-02,2634.5761188348642,2677.206800369409,2634.5761188348642,2668.6806640625,75378600,0.0,0.0
2015-01-02,2685.7326413705146,2711.311047478805,2668.680370631654,2702.784912109375,73784000,0.0,0.0
2015-01-02,2719.837195287777,2728.363330696203,2651.628112020372,2694.2587890625,67352000,0.0,0.0
2015-01-02,2702.784924470926,2702.784924470926,2660.1542474287976,2694.2587890625,68746400,0.0,0.0
2015-01-02,2702.7853187584656,2753.942138671875,2702.7853187584656,2753.942138671875,89346200,0.0,0.0
2015-01-02,2753.942125108507,2813.6250813802085,2728.363715277778,2762.46826171875,84306400,0.0,0.0
2015-01-02,2779.520481016578,2796.57275390625,2745.4159352372335,2796.57275390625,38412200,0.0,0.0
2015-01-02,2779.5207096552053,2830.677532532295,2779.5207096552053,2805.09912109375,46720000,0.0,0.0
2015-01-02,2805.0989447699653,2805.0989447699653,2736.889851888021,2762.46826171875,56945400,0.0,0.0
2015-01-02,2779.5205213341346,2788.0466579026443,2745.415975060096,2770.994384765625,53685800,0.0,0.0
2015-01-02,2788.0466852808145,2788.0466852808145,2745.41600201964,2753.942138671875,50158600,0.0,0.0
2015-01-02,2779.52054862858,2779.52054862858,2745.41600201964,2753.942138671875,91243800,0.0,0.0
2015-01-02,2788.046875,2788.046875,2753.9423260703365,2788.046875,111192600,0.0,0.0
2015-01-02,2796.572969933712,2813.625244140625,2779.520695726799,2813.625244140625,84633200,0.0,0.0
2015-01-02,2813.625053920629,2822.151190447661,2753.9420982314036,2779.5205078125,65155800,0.0,0.0
2015-01-02,2796.57275390625,2813.6250267959226,2770.9943445717417,2796.57275390625,69599800,0.0,0.0
2015-01-02,2805.099149464832,2813.6252866972477,2694.259365443425,2788.046875,101413600,0.0,0.0
2015-01-02,2753.9419074206617,2762.468043356949,2719.837363675514,2745.415771484375,102154200,0.0,0.0
2015-01-02,2719.8375521232747,2788.046644339532,2711.3114155962426,2779.5205078125,79788400,0.0,0.0
2015-01-02,2796.57275390625,2813.6250267959226,2770.9943445717417,2796.57275390625,72274400,0.0,0.0
2015-01-02,2796.572794471154,2805.0989310396635,2770.994384765625,2770.994384765625,60042800,0.0,0.0
2015-01-02,2745.415975060096,2779.5205213341346,2719.8375653545672,2770.994384765625,63620600,0.0,0.0
2015-01-02,2728.363512461059,2762.4680563668226,2702.785104531737,2736.8896484375,92415600,0.0,0.0
2015-01-02,2762.4682481971154,2779.5205213341346,2753.9421116286057,2770.994384765625,57427400,0.0,0.0
2015-01-02,2796.5730122324157,2813.6252866972477,2745.4161888379203,2788.046875,79067200,0.0,0.0
2015-01-02,2753.9422982166607,2805.09912109375,2745.416161070479,2805.09912109375,211953600,0.0,0.0
2015-01-02,2805.098890351086,2813.6250267959226,2753.9420716820696,2796.57275390625,72517000,0.0,0.0
2015-01-02,2796.5727140766617,2830.6772593702794,2796.5727140766617,2822.151123046875,75870600,0.0,0.0
2015-01-02,2830.677490234375,2839.203627253153,2805.09907917804,2830.677490234375,26730800,0.0,0.0
2015-01-02,2856.2559012907095,2856.2559012907095,2779.5206681217055,2830.677490234375,65557000,0.0,0.0
2015-01-02,2830.677490234375,2830.677490234375,2830.677490234375,2830.677490234375,0,0.0,0.0
2015-01-02,2847.7296679111355,2890.3603515625,2822.151257720317,2890.3603515625,49342200,0.0,0.0
2015-01-02,2907.412558539796,3086.46142578125,2873.308012398567,3086.46142578125,79298400,0.0,0.0
2015-01-02,3035.3044960715556,3043.830632296476,2984.147678722035,3001.199951171875,83845600,0.0,0.0
2015-01-02,3026.778454766757,3026.778454766757,2924.4648168591484,2941.51708984375,39301400,0.0,0.0
2015-01-02,2924.4651021678546,2967.0957887883774,2898.886690195541,2915.93896484375,62711800,0.0,0.0
2015-01-02,2932.9911344597135,2932.9911344597135,2830.677490234375,2830.677490234375,66541400,0.0,0.0
2015-01-02,2873.307861328125,2907.412405676233,2839.2033169800166,2873.307861328125,92994400,0.0,0.0
2015-01-02,2890.3604493658227,2890.3604493658227,2830.677490234375,2830.677490234375,81356600,0.0,0.0
2015-01-02,2864.7819962686567,2881.83427005597,2839.2035855876866,2856.255859375,50682200,0.0,0.0
2015-01-02,2839.2035311808627,2890.3603515625,2805.0989842597714,2890.3603515625,49761400,0.0,0.0
2015-01-02,2856.25594397084,2873.308218263203,2796.5729839475684,2805.09912109375,44376600,0.0,0.0
2015-01-02,2822.150994910957,2830.6771308472435,2728.363499611801,2745.415771484375,77337000,0.0,0.0
2015-01-02,2736.8894535870954,2770.9939950648163,2626.049693784503,2702.784912109375,116997600,0.0,0.0
2015-01-02,2728.363715277778,2788.046671549479,2728.363715277778,2762.46826171875,86635600,0.0,0.0
2015-01-02,2745.4159884982637,2788.046671549479,2728.363715277778,2762.46826171875,46391000,0.0,0.0
2015-01-02,2796.572687922297,2839.203369140625,2779.5204154349663,2839.203369140625,78310600,0.0,0.0
2015-01-02,2805.099149464832,2822.1514239296635,2745.4161888379203,2788.046875,79622600,0.0,0.0
2015-01-02,2805.098890351086,2805.098890351086,2719.837525902725,2796.57275390625,41997000,0.0,0.0
2015-01-02,2788.0467269897463,2788.0467269897463,2728.36376953125,2728.36376953125,66507000,0.0,0.0
2015-01-02,2694.2587767399446,2711.311047478805,2626.049693784503,2702.784912109375,155572000,0.0,0.0
2015-01-02,2736.889865367405,2770.994411976345,2702.7853187584656,2753.942138671875,95158400,0.0,0.0
2015-01-02,2711.3114420572915,2779.5205349392363,2677.2068956163193,2762.46826171875,77864800,0.0,0.0
2015-01-02,2796.57275390625,2805.098890351086,2762.4682081269057,2796.57275390625,113297400,0.0,0.0
2015-01-02,2813.6251373291016,2813.6251373291016,2711.31149597168,2728.36376953125,183372000,0.0,0.0
2015-01-02,2660.154412121506,2745.415771484375,2626.0498683763585,2745.415771484375,90662600,0.0,0.0
2015-01-02,2677.206908801761,2753.942138671875,2677.206908801761,2753.942138671875,42673400,0.0,0.0
2015-01-02,2770.994453430176,2779.520590209961,2711.31149597168,2728.36376953125,55450200,0.0,0.0
2015-01-02,2711.311359112079,2719.8374954614883,2634.5761319673975,2660.154541015625,76203200,0.0,0.0
2015-01-02,2677.3123807130496,2686.061767578125,2633.565446387673,2686.061767578125,78477600,99.51275,0.0
2015-01-02,2686.061767578125,2686.061767578125,2686.061767578125,2686.061767578125,0,0.0,0.0
2015-01-02,2651.0639999438395,2738.557861328125,2651.0639999438395,2738.557861328125,31435200,0.0,0.0
2015-01-02,2703.5604341947114,2729.80859375,2686.0616611578525,2729.80859375,47967200,0.0,0.0
2015-01-02,2738.5579544870475,2738.5579544870475,2642.3147036903783,2659.8134765625,38287200,0.0,0.0
2015-01-02,2712.310049019608,2712.310049019608,2633.5655637254904,2677.3125,54709000,0.0,0.0
2015-01-02,2642.314697265625,2668.5628565099855,2624.8159244360513,2642.314697265625,45831200,0.0,0.0
2015-01-02,2677.312369469369,2677.312369469369,2624.8160484993814,2651.064208984375,32505800,0.0,0.0
2015-01-02,2642.3146205357143,2756.056640625,2642.3146205357143,2756.056640625,87487000,0.0,0.0
2015-01-02,2782.3049437718364,2826.0518768500096,2773.5555571562013,2817.302490234375,58578400,0.0,0.0
2015-01-02,2799.8035922897197,2808.552978515625,2747.3072749342873,2808.552978515625,56053600,0.0,0.0
2015-01-02,2834.801137193341,2834.801137193341,2773.5554336120035,2808.552978515625,33896200,0.0,0.0
2015-01-02,2808.552978515625,2808.552978515625,2808.552978515625,2808.552978515625,0,0.0,0.0
2015-01-02,2808.552978515625,2808.552978515625,2808.552978515625,2808.552978515625,0,0.0,0.0
2015-01-02,2782.3049437718364,2817.302490234375,2764.8061705405667,2817.302490234375,28595200,0.0,0.0
2015-01-02,2817.302490234375,2817.302490234375,2817.302490234375,2817.302490234375,0,0.0,0.0
2015-01-02,2817.302490234375,2817.302490234375,2817.302490234375,2817.302490234375,0,0.0,0.0
2015-01-02,2756.0567779541016,2799.8037109375,2747.3073913574217,2799.8037109375,62793000,0.0,0.0
2015-01-02,2799.803802588997,2799.803802588997,2703.560546875,2703.560546875,49193400,0.0,0.0
2015-01-02,2703.560546875,2703.560546875,2703.560546875,2703.560546875,0,0.0,0.0
2015-01-02,2703.560546875,2703.560546875,2703.560546875,2703.560546875,0,0.0,0.0
2015-01-02,2703.560546875,2703.560546875,2703.560546875,2703.560546875,0,0.0,0.0
2015-01-02,2449.8282620614036,2502.3245819627195,2406.0813288103072,2493.5751953125,94666400,0.0,0.0
2015-01-02,2493.5751953125,2493.5751953125,2493.5751953125,2493.5751953125,0,0.0,0.0
2015-01-02,2493.575325012207,2528.5728734334307,2441.079002380371,2519.823486328125,53590000,0.0,0.0
2015-01-02,2502.3246749543796,2511.0740619297444,2397.33203125,2397.33203125,104380400,0.0,0.0
2015-01-02,2397.331880159198,2414.8306530070754,2309.8380159198114,2318.58740234375,54995600,0.0,0.0
2015-01-02,2309.838156307445,2406.081412820255,2309.838156307445,2379.833251953125,66820800,0.0,0.0
2015-01-02,2379.833251953125,2388.582638908835,2336.086317174575,2379.833251953125,106457400,0.0,0.0
2015-01-02,2353.5850145293443,2511.073974609375,2353.5850145293443,2511.073974609375,111977600,0.0,0.0
2015-01-02,2511.073974609375,2511.073974609375,2511.073974609375,2511.073974609375,0,0.0,0.0
2015-01-02,2537.322260538737,2616.0667444864907,2502.3247121175127,2519.823486328125,103564000,0.0,0.0
2015-01-02,2554.8210347493487,2554.8210347493487,2432.329615275065,2519.823486328125,73256600,0.0,0.0
2015-01-02,2449.82835310219,2519.823448905109,2379.83325729927,2397.33203125,117942000,0.0,0.0
2015-01-02,2344.83570939781,2406.081418225365,2309.83816149635,2397.33203125,171743000,0.0,0.0
2015-01-02,2432.3295625145756,2449.8283363456158,2344.835693359375,2344.835693359375,108035800,0.0,0.0
2015-01-02,2371.0838649974153,2414.8307997759653,2327.336930218865,2379.833251953125,73179600,0.0,0.0
2015-01-02,2353.584954536809,2371.083727432994,2309.8380222963483,2336.086181640625,93035200,0.0,0.0
2015-01-02,2362.3340685614226,2371.083454000539,2283.589599609375,2283.589599609375,95244600,0.0,0.0
2015-01-02,2309.8380347670663,2406.081286215694,2309.8380347670663,2371.083740234375,98477800,0.0,0.0
2015-01-02,2449.828125,2476.076283482143,2397.3318080357144,2449.828125,105512200,0.0,0.0
2015-01-02,2467.3268973214285,2476.076283482143,2432.3293526785715,2449.828125,87283000,0.0,0.0
2015-01-02,2502.324374337924,2598.567619504767,2484.8256024894067,2581.06884765625,129253400,0.0,0.0
2015-01-02,2581.06884765625,2581.06884765625,2581.06884765625,2581.06884765625,0,0.0,0.0
2015-01-02,2528.5726352033944,2668.5628156990842,2502.3244763604525,2537.322021484375,170628800,0.0,0.0
2015-01-02,2589.818310893174,2589.818310893174,2458.577518111425,2467.326904296875,211020800,0.0,0.0
2015-01-02,2467.326904296875,2467.326904296875,2467.326904296875,2467.326904296875,0,0.0,0.0
2015-01-02,2484.8256024894067,2598.567619504767,2484.8256024894067,2581.06884765625,80221000,0.0,0.0
2015-01-02,2607.3173728475763,2607.3173728475763,2546.07166274713,2572.31982421875,73520200,0.0,0.0
2015-01-02,2554.820925767918,2581.0690859641636,2554.820925767918,2563.5703125,72158600,0.0,0.0
2015-01-02,2581.06884765625,2589.8182335805086,2563.5700758077332,2581.06884765625,49787600,0.0,0.0
2015-01-02,2589.8182961443345,2589.8182961443345,2432.329345703125,2432.329345703125,134418800,0.0,0.0
2015-01-02,2432.329345703125,2432.329345703125,2432.329345703125,2432.329345703125,0,0.0,0.0
2015-01-02,2432.329345703125,2432.329345703125,2432.329345703125,2432.329345703125,0,0.0,0.0
2015-01-02,2432.329345703125,2432.329345703125,2432.329345703125,2432.329345703125,0,0.0,0.0
2015-01-02,2432.329345703125,2432.329345703125,2432.329345703125,2432.329345703125,0,0.0,0.0
2015-01-02,2432.329345703125,2432.329345703125,2432.329345703125,2432.329345703125,0,0.0,0.0
2015-01-02,2432.329345703125,2432.329345703125,2432.329345703125,2432.329345703125,0,0.0,0.0
2015-01-02,2432.329345703125,2432.329345703125,2432.329345703125,2432.329345703125,0,0.0,0.0
2015-01-02,2397.3320148524954,2397.3320148524954,2274.8405980352145,2344.835693359375,170142400,0.0,0.0
2015-01-02,2344.835693359375,2371.083854105935,2301.0887587817747,2344.835693359375,109648600,0.0,0.0
2015-01-02,2344.835693359375,2353.585080274895,2309.8381456972947,2344.835693359375,90954000,0.0,0.0
2015-01-02,2362.334467190415,2371.083854105935,2301.0887587817747,2344.835693359375,59331600,0.0,0.0
2015-01-02,2301.0886294958727,2362.3343344634436,2301.0886294958727,2318.58740234375,55935600,0.0,0.0
2015-01-02,2327.336662523674,2344.8354344223485,2309.837890625,2309.837890625,51148600,0.0,0.0
2015-01-02,2353.5848050631007,2353.5848050631007,2248.592174353966,2274.84033203125,109565000,0.0,0.0
2015-01-02,2362.33448334854,2397.33203125,2309.83816149635,2397.33203125,82868000,0.0,0.0
2015-01-02,2441.0785375134697,2441.0785375134697,2283.589599609375,2283.589599609375,55579800,0.0,0.0
2015-01-02,2266.0912941190095,2301.088843062932,2213.594970703125,2213.594970703125,74286400,0.0,0.0
2015-01-02,2239.842803030303,2318.587276574337,2196.0958732836175,2309.837890625,54066400,0.0,0.0
2015-01-02,2274.8402141702586,2309.837755926724,2222.3439015355602,2283.589599609375,49814600,0.0,0.0
2015-01-02,2239.843253968254,2266.0914171006943,2204.845703125,2204.845703125,51696400,0.0,0.0
2015-01-02,2222.344367476289,2283.59007839099,2204.8455929292318,2248.592529296875,111683800,0.0,0.0
2015-01-02,2274.840324460998,2301.0884820509323,2231.0933951444404,2257.341552734375,87662000,0.0,0.0
2015-01-02,2204.8457069697342,2231.0938701479454,2187.3469315175935,2222.344482421875,71600600,0.0,0.0
2015-01-02,2204.8452375545057,2257.341552734375,2204.8452375545057,2257.341552734375,69482600,0.0,0.0
2015-01-02,2248.59218897964,2327.336662523674,2248.59218897964,2309.837890625,71123600,0.0,0.0
2015-01-02,2292.33935546875,2318.5875160275523,2231.093647498211,2292.33935546875,57879600,0.0,0.0
2015-01-02,2257.3419068830285,2266.0912941190095,2204.845583467144,2213.594970703125,84860000,0.0,0.0
2015-01-02,2213.5948572158813,2248.5924043655396,2204.845470428467,2239.843017578125,46293000,0.0,0.0
2015-01-02,2248.5927705652575,2283.590323414522,2231.093994140625,2231.093994140625,69942000,0.0,0.0
2015-01-02,2248.592645600086,2257.3420333261565,2196.096319243664,2222.344482421875,101994800,0.0,0.0
2015-01-02,2239.843017578125,2301.088725090027,2231.0936307907104,2239.843017578125,80140200,0.0,0.0
2015-01-02,2274.8402141702586,2283.589599609375,2239.842672413793,2283.589599609375,38980400,0.0,0.0
2015-01-02,2292.3392235008446,2292.3392235008446,2257.3416781038854,2266.091064453125,62149400,0.0,0.0
2015-01-02,2274.840581762882,2292.33935546875,2266.0911949099473,2292.33935546875,57947800,0.0,0.0
2015-01-02,2301.088623046875,2301.088623046875,2274.8404638486218,2301.088623046875,35688800,0.0,0.0
2015-01-02,2301.08864210618,2353.5849609375,2292.3392556342937,2353.5849609375,54608200,0.0,0.0
2015-01-02,2353.5850747474155,2353.5850747474155,2301.0887533775845,2327.3369140625,66929400,0.0,0.0
2015-01-02,2344.8354910714284,2449.828125,2336.0861049107143,2449.828125,110824000,0.0,0.0
2015-01-02,2449.8281319259754,2511.0738352241247,2423.5799733696253,2467.326904296875,61392400,0.0,0.0
2015-01-02,2449.828389485677,2528.5728734334307,2449.828389485677,2519.823486328125,63550400,0.0,0.0
2015-01-02,2528.572641869114,2598.567732301477,2519.8232555650684,2554.82080078125,102478600,0.0,0.0
2015-01-02,2554.8210347493487,2598.567970275879,2519.823486328125,2519.823486328125,102967800,0.0,0.0
2015-01-02,2528.5727655716723,2563.5703125,2484.825831911263,2563.5703125,48967400,0.0,0.0
2015-01-02,2519.8233730670104,2572.3196933392396,2519.8233730670104,2546.071533203125,28914800,0.0,0.0
2015-01-02,2563.5704370615435,2598.56798569037,2554.8210499043366,2572.31982421875,36267800,0.0,0.0
2015-01-02,2519.82333032491,2537.322103452166,2397.3319184341153,2423.580078125,82658400,0.0,0.0
2015-01-02,2406.0812797688195,2414.8306662407063,2344.8355744656133,2353.5849609375,122915000,0.0,0.0
2015-01-02,2362.334478041705,2388.582638908835,2283.589995440315,2379.833251953125,82042800,0.0,0.0
2015-01-02,2362.334467190415,2371.083854105935,2309.8381456972947,2344.835693359375,42463600,0.0,0.0
2015-01-02,2344.835693359375,2344.835693359375,2344.835693359375,2344.835693359375,0,0.0,0.0
2015-01-02,2432.3294391844793,2432.3294391844793,2344.8355744656133,2353.5849609375,81139200,0.0,0.0
2015-01-02,2362.334467190415,2371.083854105935,2336.086306443855,2344.835693359375,62399200,0.0,0.0
2015-01-02,2344.835693359375,2344.835693359375,2344.835693359375,2344.835693359375,0,0.0,0.0
2015-01-02,2379.83325729927,2397.33203125,2344.83570939781,2397.33203125,98059800,0.0,0.0
2015-01-02,2379.833126729705,2397.3318997203646,2362.334353739045,2371.083740234375,75683200,0.0,0.0
2015-01-02,2388.5825379074263,2441.078857421875,2371.083764735943,2441.078857421875,84503200,0.0,0.0
2015-01-02,2449.828125,2458.577511160714,2414.830580357143,2449.828125,80591200,0.0,0.0
2015-01-02,2441.0787388392855,2458.577511160714,2423.579966517857,2449.828125,55272600,0.0,0.0
2015-01-02,2449.82835310219,2458.5777400775546,2379.83325729927,2397.33203125,52753200,0.0,0.0
2015-01-02,2344.8357145889945,2414.830810546875,2336.0863275942597,2414.830810546875,110408200,0.0,0.0
2015-01-02,2414.8307886835355,2414.8307886835355,2344.835693359375,2344.835693359375,55590200,0.0,0.0
2015-01-02,2353.584941443382,2362.3343278427997,2257.3416910497863,2301.088623046875,59803000,0.0,0.0
2015-01-02,2274.84068135499,2283.590068590971,2169.8480345232215,2213.594970703125,83838600,0.0,0.0
2015-01-02,2169.8479395276718,2292.33935546875,2169.8479395276718,2292.33935546875,96306200,0.0,0.0
2015-01-02,2274.8404702240564,2327.3367887676886,2257.341697376179,2318.58740234375,75525400,0.0,0.0
2015-01-02,2274.8404638486218,2309.8380094462927,2248.5923046503685,2301.088623046875,37301800,0.0,0.0
2015-01-02,2301.088623046875,2301.088623046875,2301.088623046875,2301.088623046875,0,0.0,0.0
2015-01-02,2301.0890998391546,2318.5878762637867,2231.093994140625,2231.093994140625,46357000,0.0,0.0
2015-01-02,2266.091077449204,2318.5873958457105,2257.3416910497863,2301.088623046875,36668600,0.0,0.0
2015-01-02,2336.0863118489583,2362.33447265625,2309.8381510416666,2362.33447265625,30656000,0.0,0.0
2015-01-02,2327.336639640867,2336.0860255041785,2248.5921668710635,2257.341552734375,88368200,0.0,0.0
2015-01-02,2257.342158777574,2283.590323414522,2213.595217715993,2231.093994140625,101172800,0.0,0.0
2015-01-02,2257.341791152954,2257.341791152954,2231.0936307907104,2239.843017578125,42616400,0.0,0.0
2015-01-02,2248.5923171597024,2336.086181640625,2248.5923171597024,2336.086181640625,99827000,0.0,0.0
2015-01-02,2362.33448334854,2432.3295791514597,2353.585096373175,2397.33203125,124841800,0.0,0.0
2015-01-02,2397.3320203993057,2414.8307942708334,2336.0863118489583,2362.33447265625,81188200,0.0,0.0
2015-01-02,2336.0861751916273,2362.3343344634436,2283.5898566479955,2318.58740234375,46091400,0.0,0.0
2015-01-02,2301.088504675663,2353.5848203716855,2301.088504675663,2309.837890625,32016600,0.0,0.0
2015-01-02,2309.8380159198114,2353.5849480395045,2292.339243071934,2318.58740234375,82349800,0.0,0.0
2015-01-02,2309.8380285780668,2362.3343474093863,2309.8380285780668,2353.5849609375,101686800,0.0,0.0
2015-01-02,2309.8381456972947,2379.8332410214553,2309.8381456972947,2344.835693359375,66513400,0.0,0.0
2015-01-02,2344.83541136749,2344.83541136749,2248.5921668710635,2257.341552734375,120652800,0.0,0.0
2015-01-02,2239.8427884615385,2301.0884897085334,2239.8427884615385,2274.84033203125,68383400,0.0,0.0
2015-01-02,2239.8428714859438,2248.592257702686,2178.59716796875,2178.59716796875,116478400,0.0,0.0
2015-01-02,2178.597416972734,2222.344353056524,2161.0986425392184,2196.09619140625,67792400,0.0,0.0
2015-01-02,2196.0960604759953,2204.845447171119,2169.847900390625,2169.847900390625,55327600,0.0,0.0
2015-01-02,2169.8481560654527,2231.0938701479454,2169.8481560654527,2222.344482421875,40331400,0.0,0.0
2015-01-02,2239.8429054054054,2283.589837151605,2231.093519056166,2266.091064453125,39230800,0.0,0.0
2015-01-02,2187.346804189492,2222.344353056524,2169.8480297559763,2196.09619140625,64054000,0.0,0.0
2015-01-02,2196.0960836410522,2266.0911779403687,2196.0960836410522,2239.843017578125,70448200,0.0,0.0
2015-01-02,2274.840935202206,2283.590323414522,2231.093994140625,2231.093994140625,40880400,0.0,0.0
2015-01-02,2239.8427884615385,2274.84033203125,2239.8427884615385,2274.84033203125,29777600,0.0,0.0
2015-01-02,2309.8380094462927,2327.3367822451282,2283.5898502480395,2301.088623046875,43108000,0.0,0.0
2015-01-02,2274.84033203125,2309.8378756009615,2239.8427884615385,2274.84033203125,39270000,0.0,0.0
2015-01-02,2257.341552734375,2274.840324460998,2231.0933951444404,2257.341552734375,47990000,0.0,0.0
2015-01-02,2257.341552734375,2283.5897103243096,2231.0933951444404,2257.341552734375,36415600,0.0,0.0
2015-01-02,2257.341916570404,2266.0913038439326,2248.592529296875,2248.592529296875,25707400,0.0,0.0
2015-01-02,2248.592519647048,2266.0912941190095,2213.594970703125,2213.594970703125,33969400,0.0,0.0
2015-01-02,2187.3465873099663,2266.091064453125,2187.3465873099663,2266.091064453125,62781600,0.0,0.0
2015-01-02,2266.0909385976865,2274.840324460998,2239.842781007752,2257.341552734375,39723200,0.0,0.0
2015-01-02,2248.5924043655396,2274.840564727783,2239.843017578125,2239.843017578125,40472000,0.0,0.0
2015-01-02,2274.8402141702586,2283.589599609375,2248.5920578529094,2283.589599609375,34731200,0.0,0.0
2015-01-02,2301.088774520985,2397.33203125,2292.3393875456204,2397.33203125,111265400,0.0,0.0
2015-01-02,2414.830960072448,2572.319935729347,2406.0815725359535,2528.572998046875,185151800,0.0,0.0
2015-01-02,2563.570324008312,2624.816031407828,2484.825843066077,2598.56787109375,143785200,0.0,0.0
2015-01-02,2589.8182335805086,2589.8182335805086,2537.321918034958,2581.06884765625,56013400,0.0,0.0
2015-01-02,2616.066760004783,2616.066760004783,2537.3222755899233,2572.31982421875,124000800,0.0,0.0
2015-01-02,2581.0692113759565,2589.8185985331634,2519.8235012755104,2572.31982421875,92281000,0.0,0.0
2015-01-02,2589.818372395833,2633.565304361979,2581.068986002604,2624.81591796875,130444200,0.0,0.0
2015-01-02,2537.3223855833694,2563.5705481928526,2502.324835437392,2528.572998046875,123465600,0.0,0.0
2015-01-02,2528.57272327929,2528.57272327929,2441.078857421875,2441.078857421875,65689800,0.0,0.0
2015-01-02,2379.8330556162587,2511.0738491245083,2379.8330556162587,2502.324462890625,85750000,0.0,0.0
2015-01-02,2546.071515213816,2554.820901864035,2493.5751953125,2493.5751953125,68203400,0.0,0.0
2015-01-02,2537.322519663218,2607.3176236539275,2502.3249676678633,2589.81884765625,115193000,0.0,0.0
2015-01-02,2616.066770003146,2668.563093147022,2581.069221240562,2607.3173828125,113146000,0.0,0.0
2015-01-02,2624.816037181229,2651.064197553041,2554.8209428563964,2616.066650390625,52926800,0.0,0.0
2015-01-02,2616.066650390625,2616.066650390625,2616.066650390625,2616.066650390625,0,0.0,0.0
2015-01-02,2528.5727597790487,2563.5703066272017,2467.327052794781,2546.071533203125,121808800,0.0,0.0
2015-01-02,2546.071539035836,2589.818472696246,2511.0739921075083,2563.5703125,89601400,0.0,0.0
2015-01-02,2572.319573389341,2589.8183459974316,2546.0714144772046,2554.82080078125,82350000,0.0,0.0
2015-01-02,2537.321918034958,2589.8182335805086,2537.321918034958,2581.06884765625,62934800,0.0,0.0
2015-01-02,2581.069221240562,2624.8161571937917,2572.319834049916,2607.3173828125,61028800,0.0,0.0
2015-01-02,2624.816399651605,2624.816399651605,2563.570683659734,2589.81884765625,67675000,0.0,0.0
2015-01-02,2624.8161764705883,2677.3125,2624.8161764705883,2677.3125,141202600,0.0,0.0
2015-01-02,2651.064563648121,2668.5633396457984,2589.81884765625,2589.81884765625,148482800,0.0,0.0
2015-01-02,2642.3147036903783,2703.560408742804,2642.3147036903783,2659.8134765625,136684600,0.0,0.0
2015-01-02,2651.064338235294,2677.3125,2642.314950980392,2677.3125,60153200,0.0,0.0
2015-01-02,2659.8135958127064,2659.8135958127064,2633.5654353277127,2651.064208984375,73322400,0.0,0.0
2015-01-02,2589.8184900188126,2633.5654239718333,2589.8184900188126,2616.066650390625,74092000,0.0,0.0
2015-01-02,2651.0640771484373,2668.562849934896,2616.066531575521,2624.81591796875,41692800,0.0,0.0
2015-01-02,2581.069097551031,2633.5654181791874,2572.3197107796714,2598.56787109375,41105200,0.0,0.0
2015-01-02,2607.3173828125,2616.066770003146,2589.818608431208,2607.3173828125,55657400,0.0,0.0
2015-01-02,2616.066650390625,2642.314810762437,2598.5678768094167,2616.066650390625,80631400,0.0,0.0
2015-01-02,2624.81618113332,2694.811279296875,2607.317406592431,2694.811279296875,92920000,0.0,0.0
2015-01-02,2677.312369469369,2677.312369469369,2633.5654353277127,2651.064208984375,68756400,0.0,0.0
2015-01-02,2607.3176236539275,2651.064563648121,2589.81884765625,2589.81884765625,78685000,0.0,0.0
2015-01-02,2537.3222755899233,2572.31982421875,2537.3222755899233,2572.31982421875,98608800,0.0,0.0
2015-01-02,2572.3197107796714,2616.0666446364685,2572.3197107796714,2598.56787109375,89550000,0.0,0.0
2015-01-02,2598.567732301477,2598.567732301477,2546.0714144772046,2554.82080078125,61216000,0.0,0.0
2015-01-02,2537.3223855833694,2554.821160656358,2511.074222973886,2528.572998046875,98207400,0.0,0.0
2015-01-02,2528.572998046875,2528.572998046875,2528.572998046875,2528.572998046875,0,0.0,0.0
2015-01-02,2528.572998046875,2528.572998046875,2528.572998046875,2528.572998046875,0,0.0,0.0
2015-01-02,2502.324835437392,2537.3223855833694,2484.826060364403,2528.572998046875,52356800,0.0,0.0
2015-01-02,2563.5703066272017,2572.3196933392396,2537.3221464910866,2546.071533203125,48514400,0.0,0.0
2015-01-02,2572.319461731992,2607.3170054290254,2563.5700758077332,2581.06884765625,97081600,0.0,0.0
2015-01-02,2581.06884765625,2581.06884765625,2581.06884765625,2581.06884765625,0,0.0,0.0
2015-01-02,2581.06884765625,2581.06884765625,2581.06884765625,2581.06884765625,0,0.0,0.0
2015-01-02,2589.818472696246,2589.818472696246,2537.322152303754,2563.5703125,45319200,0.0,0.0
2015-01-02,2546.071521293826,2572.3196813071645,2484.8258145960367,2511.073974609375,74174000,0.0,0.0
2015-01-02,2511.0741237153943,2607.3173828125,2502.324736524748,2607.3173828125,78514000,0.0,0.0
2015-01-02,2624.816031407828,2651.0641917219064,2598.56787109375,2598.56787109375,53624800,0.0,0.0
2015-01-02,2598.56798569037,2616.066760004783,2572.31982421875,2572.31982421875,80073200,0.0,0.0
2015-01-02,2624.8160484993814,2651.064208984375,2589.818501186056,2651.064208984375,104903400,0.0,0.0
2015-01-02,2668.5631174855416,2694.811279296875,2642.3149556742087,2694.811279296875,130603200,0.0,0.0
2015-01-02,2712.3100538377635,2729.8088283786524,2686.0618920264305,2694.811279296875,88899400,0.0,0.0
2015-01-02,2712.3100538377635,2712.3100538377635,2677.312504755986,2694.811279296875,71320000,0.0,0.0
2015-01-02,2712.309820713141,2729.80859375,2677.3122746394233,2729.80859375,86697200,0.0,0.0
2015-01-02,2729.80859375,2738.5579802684297,2686.0616611578525,2729.80859375,78625600,0.0,0.0
2015-01-02,2729.808482142857,2817.30234375,2729.808482142857,2756.056640625,101961200,0.0,0.0
2015-01-02,2764.806026785714,2773.5554129464285,2738.5578683035715,2756.056640625,56790000,0.0,0.0
2015-01-02,2738.5579802684297,2764.8061398237182,2729.80859375,2729.80859375,111624400,0.0,0.0
2015-01-02,2703.5606713079637,2729.8088331653225,2677.312509450605,2712.31005859375,123558000,0.0,0.0
2015-01-02,2651.064197553041,2694.811131506062,2616.066650390625,2616.066650390625,162196000,0.0,0.0
2015-01-02,2616.066650390625,2624.816037181229,2598.5678768094167,2616.066650390625,179821400,0.0,0.0
2015-01-02,2616.066391353284,2633.565163201801,2554.8206898834746,2581.06884765625,143184800,0.0,0.0
2015-01-02,2581.0690679782774,2598.5678413205032,2476.076427924924,2511.073974609375,207013400,0.0,0.0
2015-01-02,2511.0739686129386,2537.3221285635964,2467.3270353618423,2493.5751953125,162587800,0.0,0.0
2015-01-02,2493.575090079472,2563.570180327317,2493.575090079472,2537.322021484375,175565200,0.0,0.0
2015-01-02,2563.57044685927,2616.066770003146,2546.071672477978,2607.3173828125,214008600,0.0,0.0
2015-01-02,2624.815930818256,2668.562862998561,2616.0665443821954,2659.8134765625,104295400,0.0,0.0
2015-01-02,2624.8161471619896,2659.8136957908164,2572.31982421875,2572.31982421875,80919200,0.0,0.0
2015-01-02,2572.31982421875,2572.31982421875,2572.31982421875,2572.31982421875,0,0.0,0.0
2015-01-02,2607.317263600021,2633.5654239718333,2598.5678768094167,2616.066650390625,60281400,0.0,0.0
2015-01-02,2616.0665380212645,2642.314697265625,2598.567765191691,2642.314697265625,31622800,0.0,0.0
2015-01-02,2624.8160484993814,2651.064208984375,2598.5678880143873,2651.064208984375,46828400,0.0,0.0
2015-01-02,2659.813601434426,2668.56298828125,2633.565440893955,2668.56298828125,72358200,0.0,0.0
2015-01-02,2686.061738807344,2686.061738807344,2581.069097551031,2598.56787109375,82644200,0.0,0.0
2015-01-02,2598.5677254512393,2616.0664980132005,2537.322021484375,2537.322021484375,75046400,0.0,0.0
2015-01-02,2572.3196813071645,2581.0690679782774,2511.073974609375,2511.073974609375,95699000,0.0,0.0
2015-01-02,2502.324587938262,2528.572747951601,2484.8258145960367,2511.073974609375,92002800,0.0,0.0
2015-01-02,2554.8209199151634,2554.8209199151634,2511.073986354972,2546.071533203125,86216800,0.0,0.0
2015-01-02,2546.071647644043,2563.570421854655,2493.575325012207,2519.823486328125,92714200,0.0,0.0
2015-01-02,2537.322000852773,2537.322000852773,2432.329366334727,2484.82568359375,192881200,0.0,0.0
2015-01-02,2493.5752186433447,2563.5703125,2484.825831911263,2563.5703125,100203800,0.0,0.0
2015-01-02,2546.07138706261,2554.8207732724472,2467.326911174076,2484.82568359375,167596800,0.0,0.0
2015-01-02,2502.3244763604525,2537.322021484375,2493.575090079472,2537.322021484375,91520000,0.0,0.0
2015-01-02,2546.071533203125,2546.071533203125,2502.324599642934,2546.071533203125,94091000,0.0,0.0
2015-01-02,2519.823486328125,2546.071647644043,2502.3247121175127,2519.823486328125,72356800,0.0,0.0
2015-01-02,2528.5727419133773,2537.3221285635964,2484.825808662281,2493.5751953125,84980200,0.0,0.0
2015-01-02,2502.324587938262,2528.572747951601,2493.575201267149,2511.073974609375,47003200,0.0,0.0
2015-01-02,2511.0738422232616,2511.0738422232616,2484.82568359375,2484.82568359375,29659800,0.0,0.0
2015-01-02,2467.3268902456157,2493.575048652484,2379.8330288893885,2432.329345703125,223113200,0.0,0.0
2015-01-02,2449.8282561285337,2476.076416015625,2406.081322983381,2476.076416015625,94977600,0.0,0.0
2015-01-02,2476.076416015625,2476.076416015625,2476.076416015625,2476.076416015625,0,0.0,0.0
2015-01-02,2467.3271325152855,2467.3271325152855,2414.830810546875,2414.830810546875,71523400,0.0,0.0
2015-01-02,2432.3295791514597,2432.3295791514597,2388.5826442746347,2397.33203125,53912400,0.0,0.0
2015-01-02,2388.5825068250465,2406.0812797688195,2336.0861879937265,2353.5849609375,60509600,0.0,0.0
2015-01-02,2379.8332410214553,2379.8332410214553,2327.336919528335,2344.835693359375,55730600,0.0,0.0
2015-01-02,2379.833262567935,2423.5801975416102,2353.5851015837297,2414.830810546875,44212200,0.0,0.0
2015-01-02,2423.57998012489,2484.82568359375,2423.57998012489,2484.82568359375,71744400,0.0,0.0
2015-01-02,2502.3244560134244,2528.572614642936,2458.577524964239,2484.82568359375,52140200,0.0,0.0
2015-01-02,2511.0737602621825,2589.8182335805086,2502.324374337924,2581.06884765625,158696000,0.0,0.0
2015-01-02,2589.81884765625,2607.3176236539275,2554.8212956608954,2589.81884765625,51652800,0.0,0.0
2015-01-02,2624.816037181229,2633.5654239718333,2607.317263600021,2616.066650390625,68829800,0.0,0.0
2015-01-02,2616.066770003146,2624.8161571937917,2598.5679956218537,2607.3173828125,45259400,0.0,0.0
2015-01-02,2537.3221346227133,2563.570294636052,2511.073974609375,2511.073974609375,45751600,0.0,0.0
2015-01-02,2546.0714144772046,2572.319573389341,2546.0714144772046,2554.82080078125,28799400,0.0,0.0
2015-01-02,2598.5680983388297,2598.5680983388297,2528.572998046875,2528.572998046875,38906600,0.0,0.0
2015-01-02,2554.8206898834746,2581.06884765625,2537.321918034958,2581.06884765625,47868600,0.0,0.0
2015-01-02,2589.8184900188126,2624.816037181229,2563.5703296470006,2616.066650390625,71140200,0.0,0.0
2015-01-02,2624.81591796875,2633.565304361979,2607.317145182292,2624.81591796875,57890600,0.0,0.0
2015-01-02,2633.5654181791874,2633.5654181791874,2563.570324008312,2598.56787109375,36872800,0.0,0.0
2015-01-02,2598.56787109375,2598.56787109375,2598.56787109375,2598.56787109375,0,0.0,0.0
2015-01-02,2624.8160595225977,2694.8111544432004,2624.8160595225977,2686.061767578125,119083400,0.0,0.0
2015-01-02,2686.061629339559,2686.061629339559,2642.314697265625,2642.314697265625,40534200,0.0,0.0
2015-01-02,2659.813463541667,2659.813463541667,2581.068986002604,2624.81591796875,45862600,0.0,0.0
2015-01-02,2651.064220117824,2703.560541308276,2642.3148332527485,2686.061767578125,61437800,0.0,0.0
2015-01-02,2677.3122429247724,2686.061629339559,2633.565310850838,2642.314697265625,30552600,0.0,0.0
2015-01-02,2651.064563648121,2659.8139516469596,2589.81884765625,2589.81884765625,70389000,0.0,0.0
2015-01-02,2572.319699232082,2589.818472696246,2554.820925767918,2563.5703125,53372400,0.0,0.0
2015-01-02,2589.8185985331634,2607.3173728475763,2563.5704370615435,2572.31982421875,48251000,0.0,0.0
2015-01-02,2581.069119813012,2668.56298828125,2572.3197329661884,2668.56298828125,143066800,0.0,0.0
2015-01-02,2668.56298828125,2668.56298828125,2668.56298828125,2668.56298828125,0,0.0,0.0
2015-01-02,2729.80859375,2843.5506184895835,2721.059207231571,2729.80859375,243343400,0.0,0.0
2015-01-02,2729.80859375,2729.80859375,2729.80859375,2729.80859375,0,0.0,0.0
2015-01-02,2729.8088331653225,2756.0569950226813,2677.312509450605,2712.31005859375,69981800,0.0,0.0
2015-01-02,2694.8111544432004,2721.0593150384266,2686.061767578125,2686.061767578125,65384600,0.0,0.0
2015-01-02,2694.8111544432004,2703.560541308276,2668.562993847974,2686.061767578125,55408400,0.0,0.0
2015-01-02,2677.3125,2686.061887254902,2642.314950980392,2677.3125,111185200,0.0,0.0
2015-01-02,2642.314838693366,2729.808707524272,2616.066678044094,2703.560546875,150697400,0.0,0.0
2015-01-02,2694.8111654692525,2729.8087130727495,2686.0617785683785,2721.059326171875,112773000,0.0,0.0
2015-01-02,2738.5580944073627,2756.056868173544,2703.560546875,2703.560546875,103243000,0.0,0.0
2015-01-02,2703.560546875,2703.560546875,2703.560546875,2703.560546875,0,0.0,0.0
2015-01-02,2694.811279296875,2703.5606665673195,2668.5631174855416,2694.811279296875,68943800,0.0,0.0
2015-01-02,2694.8112745098038,2694.8112745098038,2651.064338235294,2677.3125,60141600,0.0,0.0
2015-01-02,2624.816042877907,2651.064203306686,2563.570335210756,2633.5654296875,100956600,0.0,0.0
2015-01-02,2686.061887254902,2686.061887254902,2642.314950980392,2677.3125,68861800,0.0,0.0
2015-01-02,2624.816042877907,2651.064203306686,2607.317269258721,2633.5654296875,79916800,0.0,0.0
2015-01-02,2607.317145182292,2651.0640771484373,2607.317145182292,2624.81591796875,90947000,0.0,0.0
2015-01-02,2642.314810762437,2651.064197553041,2581.0691032282084,2616.066650390625,65009400,0.0,0.0
2015-01-02,2651.064203306686,2677.312363735465,2624.816042877907,2633.5654296875,83342800,0.0,0.0
2015-01-02,2607.3173828125,2633.565544384438,2589.818608431208,2607.3173828125,85983800,0.0,0.0
2015-01-02,2633.5654181791874,2659.8135784932656,2598.56787109375,2598.56787109375,112972400,0.0,0.0
2015-01-02,2572.31982421875,2607.3173728475763,2537.3222755899233,2572.31982421875,86481000,0.0,0.0
2015-01-02,2624.8159887091433,2624.8159887091433,2476.076416015625,2476.076416015625,59716600,0.0,0.0
2015-01-02,2449.8285102184254,2546.071773119864,2441.079122681931,2528.572998046875,93447200,0.0,0.0
2015-01-02,2546.0714077653556,2572.3195666082975,2476.0763175175107,2537.322021484375,128877200,0.0,0.0
2015-01-02,2563.5701870852954,2589.8183459974316,2528.572641869114,2554.82080078125,88253000,0.0,0.0
2015-01-02,2572.3197275293937,2659.8135958127064,2563.5703407010624,2651.064208984375,65668800,0.0,0.0
2015-01-02,2659.813730215097,2721.059441108208,2651.0643429446527,2694.811279296875,99151200,0.0,0.0
2015-01-02,2745.83170256877,2790.993408203125,2718.7346791881573,2790.993408203125,144611000,120.60814,0.0
2015-01-02,2781.9609573622884,2781.9609573622884,2655.508186573093,2664.54052734375,298780800,0.0,0.0
2015-01-02,2691.6372426014073,2727.7666015625,2673.572563120861,2727.7666015625,89397400,0.0,0.0
2015-01-02,2727.7666015625,2727.7666015625,2727.7666015625,2727.7666015625,0,0.0,0.0
2015-01-02,2745.831687703583,2809.0580752493893,2727.7670055476383,2772.9287109375,173453000,0.0,0.0
2015-01-02,2772.9287109375,2772.9287109375,2772.9287109375,2772.9287109375,0,0.0,0.0
2015-01-02,2772.9287109375,2772.9287109375,2772.9287109375,2772.9287109375,0,0.0,0.0
2015-01-02,2772.9287109375,2772.9287109375,2772.9287109375,2772.9287109375,0,0.0,0.0
2015-01-02,2772.9287109375,2772.9287109375,2772.9287109375,2772.9287109375,0,0.0,0.0
2015-01-02,2772.9287109375,2772.9287109375,2772.9287109375,2772.9287109375,0,0.0,0.0
2015-01-02,2836.155029296875,2872.2843927274084,2827.1226884392418,2836.155029296875,208042400,0.0,0.0
2015-01-02,2845.1875,2854.2198412698413,2818.0904761904762,2845.1875,107140400,0.0,0.0
2015-01-02,2854.2198412698413,2854.2198412698413,2818.0904761904762,2845.1875,69330800,0.0,0.0
2015-01-02,2845.187485179962,2854.2198264027556,2781.9610966204073,2827.122802734375,63482400,0.0,0.0
2015-01-02,2845.187485179962,2845.187485179962,2818.0904615115815,2827.122802734375,61672200,0.0,0.0
2015-01-02,2854.21969526242,2854.21969526242,2818.09033203125,2818.09033203125,47269400,0.0,0.0
2015-01-02,2809.058006723975,2845.1873701545082,2809.058006723975,2836.155029296875,104106200,0.0,0.0
2015-01-02,2854.2196286001176,2890.348990987461,2845.187288003282,2881.316650390625,156615200,0.0,0.0
2015-01-02,2890.349105738994,2908.413787649862,2863.2520828726906,2872.284423828125,93589200,0.0,0.0
2015-01-02,2890.348990987461,2899.3813315842967,2854.2196286001176,2881.316650390625,145919600,0.0,0.0
2015-01-02,2854.2196286001176,2899.3813315842967,2854.2196286001176,2881.316650390625,70252200,0.0,0.0
2015-01-02,2899.381446694428,2899.381446694428,2863.2520828726906,2872.284423828125,59303200,0.0,0.0
2015-01-02,2836.1550600063874,2890.349105738994,2836.1550600063874,2872.284423828125,72115200,0.0,0.0
2015-01-02,2881.3165367126467,2908.413557434082,2881.3165367126467,2890.348876953125,63152000,0.0,0.0
2015-01-02,2899.381103515625,2908.413443401966,2881.316423742942,2899.381103515625,61888000,0.0,0.0
2015-01-02,2908.413557434082,2917.445897674561,2881.3165367126467,2890.348876953125,61455600,0.0,0.0
2015-01-02,2908.413443401966,2908.413443401966,2881.316423742942,2899.381103515625,64875600,0.0,0.0
2015-01-02,2872.2840838566003,2899.381103515625,2872.2840838566003,2899.381103515625,93933600,0.0,0.0
2015-01-02,2908.413443401966,2908.413443401966,2890.3487636292834,2899.381103515625,31578600,0.0,0.0
2015-01-02,2863.252167625549,2899.3815325167234,2790.993437843201,2827.122802734375,186756200,0.0,0.0
2015-01-02,2800.0257936507937,2845.1875,2790.9934523809525,2845.1875,105905600,0.0,0.0
2015-01-02,2827.1224620191356,2863.2518225561216,2818.0901218848894,2854.219482421875,88590800,0.0,0.0
2015-01-02,2872.284423828125,2890.349105738994,2863.2520828726906,2872.284423828125,100964600,0.0,0.0
2015-01-02,2899.381217193604,2908.413557434082,2881.3165367126467,2890.348876953125,70231200,0.0,0.0
2015-01-02,2908.4137042255225,2935.51072631458,2899.38136352917,2917.446044921875,73474000,0.0,0.0
2015-01-02,2944.54296875,2953.5753091449383,2926.4782879601225,2944.54296875,89444800,0.0,0.0
2015-01-02,2917.446044921875,2935.51072631458,2881.316682136465,2917.446044921875,146626400,0.0,0.0
2015-01-02,2890.348990987461,2908.4136721811324,2872.2843097937894,2881.316650390625,128231000,0.0,0.0
2015-01-02,2854.219711012142,2872.2843927274084,2827.1226884392418,2836.155029296875,142262000,0.0,0.0
2015-01-02,2818.0904761904762,2854.2198412698413,2818.0904761904762,2845.1875,104530000,0.0,0.0
2015-01-02,2818.0904466438906,2827.122787819031,2800.0257642936094,2809.05810546875,82851000,0.0,0.0
2015-01-02,2827.122641030844,2836.1549817370133,2781.9609375,2781.9609375,74981800,0.0,0.0
2015-01-02,2781.9609375,2827.122641030844,2781.9609375,2781.9609375,65565800,0.0,0.0
2015-01-02,2790.9933096078726,2818.09033203125,2781.96096880008,2818.09033203125,77462000,0.0,0.0
2015-01-02,2763.896030745968,2809.057730594758,2754.8636907762098,2800.025390625,62727400,0.0,0.0
2015-01-02,2827.1226728390425,2827.1226728390425,2772.9286279922876,2818.09033203125,55206400,0.0,0.0
2015-01-02,2818.0903780955186,2881.3167647835594,2790.993355229216,2872.284423828125,87075600,0.0,0.0
2015-01-02,2845.187288003282,2881.316650390625,2818.090266212774,2881.316650390625,59008800,0.0,0.0
2015-01-02,2845.1874701693127,2854.2198113444533,2790.9934231184684,2809.05810546875,96731000,0.0,0.0
2015-01-02,2781.9610520154724,2800.025734171417,2745.831687703583,2772.9287109375,103727000,0.0,0.0
2015-01-02,2745.831610374579,2763.89629202178,2646.4758613149725,2682.605224609375,129862600,0.0,0.0
2015-01-02,2637.443588362069,2673.572952586207,2565.1848599137934,2619.37890625,157132400,0.0,0.0
2015-01-02,2628.411035654496,2673.5727372980446,2628.411035654496,2655.508056640625,103932800,0.0,0.0
2015-01-02,2691.6374674479166,2718.7344889322917,2655.5081054687503,2709.7021484375,85711800,0.0,0.0
2015-01-02,2709.7023778313755,2727.7670603502515,2691.6376953125,2691.6376953125,39017600,0.0,0.0
2015-01-02,2709.7023628853462,2709.7023628853462,2655.508315627639,2673.572998046875,69256600,0.0,0.0
2015-01-02,2727.766779270302,2727.766779270302,2637.443375983206,2655.508056640625,68067800,0.0,0.0
2015-01-02,2709.7021484375,2718.7344889322917,2655.5081054687503,2709.7021484375,107613000,0.0,0.0
2015-01-02,2655.508315627639,2673.572998046875,2637.4436332084038,2673.572998046875,57456400,0.0,0.0
2015-01-02,2673.572868114407,2682.605208885064,2646.4758458024367,2664.54052734375,47693000,0.0,0.0
2015-01-02,2691.6374179554637,2691.6374179554637,2646.4757163119157,2655.508056640625,38551200,0.0,0.0
2015-01-02,2682.605208885064,2691.6375496557202,2637.4435050317798,2664.54052734375,75396200,0.0,0.0
2015-01-02,2646.4757979765895,2655.508138584018,2610.346435546875,2610.346435546875,49841400,0.0,0.0
2015-01-02,2637.443457369161,2646.4757979765895,2583.2494137245894,2610.346435546875,77652800,0.0,0.0
2015-01-02,2619.3790066283755,2619.3790066283755,2583.249641019708,2592.281982421875,44535800,0.0,0.0
2015-01-02,2565.184798869681,2565.184798869681,2529.055435505319,2547.1201171875,78614600,0.0,0.0
2015-01-02,2547.1202318727755,2574.217255616103,2538.087890625,2538.087890625,153201600,0.0,0.0
2015-01-02,2538.0877763464096,2565.184798869681,2510.990753823138,2547.1201171875,96082400,0.0,0.0
2015-01-02,2547.1200033127207,2565.184684187279,2538.0876628754418,2556.15234375,63748800,0.0,0.0
2015-01-02,2574.217200969828,2619.37890625,2556.152518857759,2619.37890625,106370600,0.0,0.0
2015-01-02,2610.3466652262086,2610.3466652262086,2574.2172996175414,2592.281982421875,37622200,0.0,0.0
2015-01-02,2592.2817727793818,2601.314113451087,2465.8290033755097,2492.926025390625,96998200,0.0,0.0
2015-01-02,2520.0229324726424,2520.0229324726424,2474.8612311738493,2501.958251953125,74434600,0.0,0.0
2015-01-02,2529.0555345542116,2538.087875749048,2501.9585109697023,2520.023193359375,78642800,0.0,0.0
2015-01-02,2538.0877763464096,2583.2494805518613,2520.0230946642287,2547.1201171875,88646000,0.0,0.0
2015-01-02,2556.152558138721,2556.152558138721,2501.9585109697023,2520.023193359375,55841400,0.0,0.0
2015-01-02,2492.9260721409573,2547.1201171875,2492.9260721409573,2547.1201171875,52070400,0.0,0.0
2015-01-02,2529.0554660183566,2583.24951171875,2510.9907841182253,2583.24951171875,80777800,0.0,0.0
2015-01-02,2619.378875519012,2646.475898369209,2565.1848298186187,2583.24951171875,84564600,0.0,0.0
2015-01-02,2610.3463049994575,2619.3786451551646,2574.2169443766275,2601.31396484375,28700200,0.0,0.0
2015-01-02,2547.119855608259,2565.1845354352677,2501.9581560407364,2529.05517578125,66615800,0.0,0.0
2015-01-02,2501.9585109697023,2565.1848993335575,2501.9585109697023,2520.023193359375,70992200,0.0,0.0
2015-01-02,2556.1522640652124,2601.31396484375,2547.119923909505,2601.31396484375,53708400,0.0,0.0
2015-01-02,2592.281590421435,2592.281590421435,2556.1522302761887,2565.1845703125,35941600,0.0,0.0
2015-01-02,2565.184684187279,2583.2493650618376,2520.022982000883,2556.15234375,104743400,0.0,0.0
2015-01-02,2547.119855608259,2565.1845354352677,2510.990495954241,2529.05517578125,49012600,0.0,0.0
2015-01-02,2501.9581386648492,2520.0228183664008,2474.8611191125224,2510.990478515625,52110000,0.0,0.0
2015-01-02,2520.0230474057407,2529.055388077446,2483.8936847189198,2492.926025390625,37565400,0.0,0.0
2015-01-02,2529.055210167254,2565.1845703125,2510.9905300946302,2565.1845703125,45471400,0.0,0.0
2015-01-02,2529.0555345542116,2547.1202169438843,2510.9908521645384,2520.023193359375,44329400,0.0,0.0
2015-01-02,2492.9261697748657,2520.023193359375,2492.9261697748657,2520.023193359375,58294000,0.0,0.0
2015-01-02,2492.926025390625,2547.120069420856,2492.926025390625,2492.926025390625,31243400,0.0,0.0
2015-01-02,2483.8934302786756,2510.9904495180795,2348.408334081657,2357.440673828125,129586200,0.0,0.0
2015-01-02,2357.4407529830933,2357.4407529830933,2267.1173524856567,2312.279052734375,146789000,0.0,0.0
2015-01-02,2330.3437328338623,2357.4407529830933,2285.182032585144,2312.279052734375,69121800,0.0,0.0
2015-01-02,2339.376304326095,2339.376304326095,2285.182258666031,2294.214599609375,36656400,0.0,0.0
2015-01-02,2294.2146446814904,2348.40869140625,2294.2146446814904,2348.40869140625,104992000,0.0,0.0
2015-01-02,2330.3438639956225,2339.376204553745,2312.2791828793775,2321.3115234375,55131400,0.0,0.0
2015-01-02,2321.311314842253,2384.537693067529,2321.311314842253,2357.440673828125,120255400,0.0,0.0
2015-01-02,2348.408706315601,2402.602753384423,2339.3763651374643,2366.473388671875,96816400,0.0,0.0
2015-01-02,2393.5704271721115,2411.635109641335,2348.408720999053,2384.5380859375,65272800,0.0,0.0
2015-01-02,2366.4735177043726,2384.5382010456274,2348.408834363118,2375.505859375,94139600,0.0,0.0
2015-01-02,2384.538214917453,2402.602898363797,2366.4735314711083,2393.570556640625,118973800,0.0,0.0
2015-01-02,2393.5702150259444,2420.667236328125,2393.5702150259444,2420.667236328125,150037800,0.0,0.0
2015-01-02,2411.635040395814,2483.893768197936,2402.602699420549,2447.764404296875,117544400,0.0,0.0
2015-01-02,2456.79638671875,2465.8287263758043,2420.667028090533,2456.79638671875,83622800,0.0,0.0
2015-01-02,2474.8611975589515,2474.8611975589515,2438.7318370106454,2465.828857421875,62050200,0.0,0.0
2015-01-02,2465.8289393772084,2565.184684187279,2438.731918065371,2556.15234375,98440400,0.0,0.0
2015-01-02,2574.2170731171605,2619.3787761543035,2556.1523919023034,2610.346435546875,132797200,0.0,0.0
2015-01-02,2628.410914829799,2628.410914829799,2520.0228358677455,2529.05517578125,105735200,0.0,0.0
2015-01-02,2529.05517578125,2556.152195521763,2501.9581560407364,2529.05517578125,46389600,0.0,0.0
2015-01-02,2565.1845703125,2583.2492503851236,2529.055210167254,2565.1845703125,91735400,0.0,0.0
2015-01-02,2556.1525731205516,2556.1525731205516,2520.0232081294484,2538.087890625,47667200,0.0,0.0
2015-01-02,2547.1202318727755,2547.1202318727755,2492.926184386121,2538.087890625,78160000,0.0,0.0
2015-01-02,2538.087875749048,2538.087875749048,2501.9585109697023,2520.023193359375,24366800,0.0,0.0
2015-01-02,2529.0555042613637,2538.0878453480113,2483.893798828125,2483.893798828125,56584800,0.0,0.0
2015-01-02,2510.9905632866753,2601.31396484375,2501.958223130968,2601.31396484375,94253000,0.0,0.0
2015-01-02,2592.281922918067,2601.3142641129034,2465.8291461903564,2520.023193359375,113175200,0.0,0.0
2015-01-02,2538.0875156947545,2538.0875156947545,2447.7641165597097,2529.05517578125,78753600,0.0,0.0
2015-01-02,2520.022870130942,2583.2492503851236,2474.861169949384,2565.1845703125,76355000,0.0,0.0
2015-01-02,2556.1524580285904,2565.184798869681,2520.0230946642287,2547.1201171875,45212000,0.0,0.0
2015-01-02,2529.055549377224,2565.1849143683276,2501.958525633897,2538.087890625,52900800,0.0,0.0
2015-01-02,2529.0555042613637,2529.0555042613637,2447.764434481534,2483.893798828125,75148400,0.0,0.0
2015-01-02,2483.893798828125,2492.9261399147726,2420.667411221591,2483.893798828125,66698600,0.0,0.0
2015-01-02,2501.9581386648492,2538.087498067952,2501.9581386648492,2510.990478515625,47017200,0.0,0.0
2015-01-02,2510.9908521645384,2538.087875749048,2483.893828580029,2520.023193359375,61287000,0.0,0.0
2015-01-02,2538.0878069684222,2583.24951171875,2510.9907841182253,2583.24951171875,67006200,0.0,0.0
2015-01-02,2583.2492503851236,2601.3139304577467,2547.119890239877,2565.1845703125,46727600,0.0,0.0
2015-01-02,2529.0555926067073,2601.314323824042,2510.9909098023736,2592.281982421875,60944600,0.0,0.0
2015-01-02,2565.184684187279,2592.2817054991165,2547.1200033127207,2556.15234375,40452800,0.0,0.0
2015-01-02,2529.0555345542116,2547.1202169438843,2501.9585109697023,2520.023193359375,47676200,0.0,0.0
2015-01-02,2529.0552727324007,2547.119953251918,2492.9259116933663,2501.958251953125,173533200,0.0,0.0
2015-01-02,2465.8290033755097,2520.0230474057407,2456.7966627038045,2492.926025390625,72928800,0.0,0.0
2015-01-02,2474.8614272226705,2492.926109173201,2447.764404296875,2447.764404296875,56275200,0.0,0.0
2015-01-02,2447.764463800683,2529.0555345542116,2447.764463800683,2520.023193359375,53250600,0.0,0.0
2015-01-02,2520.022870130942,2583.2492503851236,2501.958190058319,2565.1845703125,74561000,0.0,0.0
2015-01-02,2547.120275411041,2592.281982421875,2538.087934008874,2592.281982421875,79039000,0.0,0.0
2015-01-02,2556.15234375,2583.2493650618376,2547.1200033127207,2556.15234375,65802200,0.0,0.0
2015-01-02,2565.1849582153745,2601.314323824042,2556.1526168132077,2592.281982421875,74217800,0.0,0.0
2015-01-02,2601.314323824042,2610.3466652262086,2574.2172996175414,2592.281982421875,53720600,0.0,0.0
2015-01-02,2601.314224137931,2637.443588362069,2601.314224137931,2619.37890625,72098600,0.0,0.0
2015-01-02,2601.3141419491526,2673.572868114407,2601.3141419491526,2664.54052734375,132230000,0.0,0.0
2015-01-02,2655.508056640625,2673.5727372980446,2646.4757163119157,2655.508056640625,68454200,0.0,0.0
2015-01-02,2646.4759446235553,2691.637650163206,2628.4112624076947,2637.443603515625,79738600,0.0,0.0
2015-01-02,2673.572868114407,2691.6375496557202,2655.508186573093,2664.54052734375,127472400,0.0,0.0
2015-01-02,2655.508056640625,2682.605077626754,2655.508056640625,2655.508056640625,96037400,0.0,0.0
2015-01-02,2655.508056640625,2673.5727372980446,2646.4757163119157,2655.508056640625,100790000,0.0,0.0
2015-01-02,2655.5082326489824,2727.7669600680024,2646.475891721605,2718.734619140625,123281600,0.0,0.0
2015-01-02,2718.7342794317947,2745.831298828125,2700.6695998342416,2745.831298828125,112903200,0.0,0.0
2015-01-02,2727.766893262987,2781.9609375,2727.766893262987,2781.9609375,150472200,0.0,0.0
2015-01-02,2818.090431583738,2818.090431583738,2772.928725949383,2790.993408203125,131246800,0.0,0.0
2015-01-02,2809.0579912234575,2827.1226728390425,2800.025650415665,2818.09033203125,140936400,0.0,0.0
2015-01-02,2827.122410534274,2827.122410534274,2790.993050655242,2800.025390625,58182800,0.0,0.0
2015-01-02,2790.9933930934444,2818.0904163273617,2763.8963698595276,2772.9287109375,78005800,0.0,0.0
2015-01-02,2772.9283707157256,2809.057730594758,2763.896030745968,2800.025390625,37379800,0.0,0.0
2015-01-02,2800.025749329996,2827.122772710609,2754.864043695641,2790.993408203125,70294600,0.0,0.0
2015-01-02,2763.8959784256785,2772.9283182244553,2718.7342794317947,2745.831298828125,61892000,0.0,0.0
2015-01-02,2790.992997822009,2790.992997822009,2736.798959029348,2745.831298828125,70895600,0.0,0.0
2015-01-02,2727.7668294270834,2727.7668294270834,2664.540445963542,2709.7021484375,105080600,0.0,0.0
2015-01-02,2727.766893262987,2790.9932782061687,2718.7345525568185,2781.9609375,75587000,0.0,0.0
2015-01-02,2781.961067076254,2790.993408203125,2763.896384822512,2790.993408203125,64231800,0.0,0.0
2015-01-02,2790.993408203125,2800.025749329996,2763.896384822512,2790.993408203125,75399600,0.0,0.0
2015-01-02,2818.0900705645163,2818.0900705645163,2781.9607106854837,2800.025390625,104134400,0.0,0.0
2015-01-02,2800.025355519812,2818.090035232843,2745.831316380719,2763.89599609375,89795200,0.0,0.0
2015-01-02,2745.8312810430466,2772.928300263866,2718.734261822227,2727.7666015625,145432200,0.0,0.0
2015-01-02,2736.7993614418992,2800.025749329996,2718.7346791881573,2790.993408203125,130500200,0.0,0.0
2015-01-02,2818.090151127049,2818.090151127049,2745.8314293032786,2754.86376953125,24031800,0.0,0.0
2015-01-02,2800.025618912338,2800.025618912338,2754.863915381494,2781.9609375,39166600,0.0,0.0
2015-01-02,2800.025650415665,2836.155013646835,2790.9933096078726,2818.09033203125,122175200,0.0,0.0
2015-01-02,2818.0904466438906,2827.122787819031,2781.961081943328,2809.05810546875,83127800,0.0,0.0
2015-01-02,2827.122832000444,2890.349221214511,2790.9934667352622,2863.252197265625,154702000,0.0,0.0
2015-01-02,2872.2844783449636,2881.3168194718346,2781.961067076254,2790.993408203125,98280000,0.0,0.0
2015-01-02,2763.896030745968,2827.122410534274,2745.8313508064516,2800.025390625,69349600,0.0,0.0
2015-01-02,2827.1226728390425,2863.2520360702124,2809.0579912234575,2818.09033203125,109661000,0.0,0.0
2015-01-02,2818.090035232843,2827.1223750893587,2745.831316380719,2763.89599609375,85395600,0.0,0.0
2015-01-02,2772.928300263866,2781.9606400041393,2691.6372426014073,2727.7666015625,157661000,0.0,0.0
2015-01-02,2673.5727864583337,2736.799169921875,2655.5081054687503,2709.7021484375,87271800,0.0,0.0
2015-01-02,2745.831641922757,2772.92866470489,2709.7022782132476,2718.734619140625,138857400,0.0,0.0
2015-01-02,2745.8315746753246,2781.9609375,2727.766893262987,2781.9609375,130211200,0.0,0.0
2015-01-02,2818.0903003246754,2836.1549817370133,2772.9285967938313,2781.9609375,111029400,0.0,0.0
2015-01-02,2772.928725949383,2800.025749329996,2772.928725949383,2790.993408203125,86438600,0.0,0.0
2015-01-02,2781.961067076254,2800.025749329996,2745.83170256877,2790.993408203125,78553800,0.0,0.0
2015-01-02,2790.9934231184684,2827.122787819031,2772.9287407681873,2809.05810546875,98520200,0.0,0.0
2015-01-02,2827.1226728390425,2854.21969526242,2809.0579912234575,2818.09033203125,104678800,0.0,0.0
2015-01-02,2827.1226884392418,2872.2843927274084,2818.0903475816085,2836.155029296875,87904000,0.0,0.0
2015-01-02,2800.0257790659944,2836.1551439571685,2800.0257790659944,2827.122802734375,41345200,0.0,0.0
2015-01-02,2836.155029296875,2845.1873701545082,2818.0903475816085,2836.155029296875,29816600,0.0,0.0
2015-01-02,2818.0904615115815,2836.1551439571685,2818.0904615115815,2827.122802734375,65442000,0.0,0.0
2015-01-02,2836.1550600063874,2872.284423828125,2818.0903780955186,2872.284423828125,121614200,0.0,0.0
2015-01-02,2899.381217193604,2908.413557434082,2863.2518562316895,2890.348876953125,114537600,0.0,0.0
2015-01-02,2872.284162690368,2890.348842958861,2827.1224620191356,2854.219482421875,91798000,0.0,0.0
2015-01-02,2818.0904466438906,2827.122787819031,2763.8963995930467,2809.05810546875,128768800,0.0,0.0
2015-01-02,2809.0579912234575,2854.21969526242,2781.96096880008,2818.09033203125,105951800,0.0,0.0
2015-01-02,2800.025355519812,2800.025355519812,2763.89599609375,2763.89599609375,198171000,0.0,0.0
2015-01-02,2763.8961405851405,2781.9608212425596,2619.378695325787,2655.508056640625,223088600,0.0,0.0
2015-01-02,2561.8914354461986,2761.149658203125,2485.9835410626074,2761.149658203125,188868200,176.67085,0.0
2015-01-02,2713.7074615698066,2751.6614120812724,2637.799560546875,2637.799560546875,101550200,0.0,0.0
2015-01-02,2694.7306179470484,2789.615498860677,2666.26515367296,2732.6845703125,96445200,0.0,0.0
2015-01-02,2751.6614708533657,2846.546349158654,2742.172983022837,2837.057861328125,92555400,0.0,0.0
2015-01-02,2865.5230263157896,2903.4769736842104,2846.546052631579,2884.5,104748600,0.0,0.0
2015-01-02,2808.5923019935344,2808.5923019935344,2742.17288944639,2751.661376953125,72311200,0.0,0.0
2015-01-02,2656.7764525903044,2656.7764525903044,2495.47216796875,2495.47216796875,113132400,0.0,0.0
2015-01-02,2523.937599431818,2656.776420454545,2523.937599431818,2609.333984375,114052000,0.0,0.0
2015-01-02,2628.3108813387134,2675.7533160199173,2514.449038103823,2590.35693359375,97168800,0.0,0.0
2015-01-02,2457.5182345497933,2533.4261336864665,2362.633360628952,2438.541259765625,91578200,0.0,0.0
2015-01-02,2353.144761934055,2457.518118310162,2277.236866387795,2410.07568359375,238623800,0.0,0.0
2015-01-02,2410.07568359375,2410.07568359375,2410.07568359375,2410.07568359375,0,0.0,0.0
2015-01-02,2248.771354019372,2248.771354019372,2096.95556640625,2096.95556640625,186380400,0.0,0.0
2015-01-02,2125.421192354369,2144.3981672861046,1954.6284179687502,1954.62841796875,215103400,0.0,0.0
2015-01-02,1897.697432802714,1897.697432802714,1817.994140625,1817.994140625,167876200,0.0,0.0
2015-01-02,1799.0171489630045,1799.0171489630045,1692.74609375,1692.74609375,478236600,0.0,0.0
2015-01-02,1650.9968923545746,1650.9968923545746,1575.0889892578125,1575.0889892578125,59985800,0.0,0.0
2015-01-02,1575.0889152566385,1605.4520750688148,1465.0224609375,1465.0224609375,237296200,0.0,0.0
2015-01-02,1442.2500480634787,1738.2908474028243,1434.6592583368288,1696.54150390625,386557200,0.0,0.0
2015-01-02,1711.723182338452,1983.0939307579627,1707.9277872556618,1874.9251708984375,396812000,0.0,0.0
2015-01-02,1836.9713230298914,1836.9713230298914,1745.8818359375,1745.8818359375,39766600,0.0,0.0
2015-01-02,1764.8586879632412,1829.380403437166,1688.9507874056824,1776.244873046875,208047600,0.0,0.0
2015-01-02,1764.8587042752677,1852.1527907232917,1685.1554079531588,1749.6771240234375,152367000,0.0,0.0
2015-01-02,1734.4956296258222,1802.8127441406248,1654.7923293585525,1802.812744140625,132225200,0.0,0.0
2015-01-02,1821.7895289179103,1907.1859130859373,1821.7895289179103,1907.1859130859375,105225600,0.0,0.0
2015-01-02,1907.185935974121,1983.0938339233398,1859.7434997558594,1973.6053466796875,113980400,0.0,0.0
2015-01-02,2049.513252667683,2125.4211509146344,1886.3112714367378,1945.139892578125,191464600,0.0,0.0
2015-01-02,1964.116809772995,1964.116809772995,1810.4033203125,1810.4033203125,155834800,0.0,0.0
2015-01-02,1821.7897233003214,1859.743675869078,1749.6772134196835,1772.4495849609375,163570800,0.0,0.0
2015-01-02,1776.2447960360737,1776.2447960360737,1696.54150390625,1696.54150390625,115331000,0.0,0.0
2015-01-02,1700.3369290207877,1761.0632479143871,1669.9737695739877,1734.4954833984375,132848000,0.0,0.0
2015-01-02,1761.0633611505682,1780.0403370250356,1669.973876953125,1669.973876953125,124661000,0.0,0.0
2015-01-02,1669.9738346199526,1669.9738346199526,1575.0889576529098,1597.861328125,215224000,0.0,0.0
2015-01-02,1601.656734936858,1677.5646370665668,1601.656734936858,1662.383056640625,163407600,0.0,0.0
2015-01-02,1688.9509313657572,1719.314094176827,1620.63381504085,1658.5877685546875,120672000,0.0,0.0
2015-01-02,1658.5877388088184,1673.7693199420798,1613.042995409034,1650.9969482421875,92203200,0.0,0.0
2015-01-02,1643.4058875952637,1707.9275968080108,1613.0427303186768,1704.1322021484375,126786800,0.0,0.0
2015-01-02,1704.1323394097224,1734.4954991319446,1700.3369444444445,1707.927734375,115336400,0.0,0.0
2015-01-02,1707.9276396849446,1707.9276396849446,1624.428955078125,1624.428955078125,131631400,0.0,0.0
2015-01-02,1635.8153117352222,1650.9968923545746,1552.316618328784,1575.0889892578125,205382600,0.0,0.0
2015-01-02,1590.270569877165,1609.2475456513555,1544.7258280191077,1575.0889892578125,157370600,0.0,0.0
2015-01-02,1594.065985107422,1601.6567755126953,1518.1580810546875,1518.1580810546875,192650200,0.0,0.0
2015-01-02,1544.725695417601,1700.3368834080718,1540.9303005885652,1692.74609375,229509600,0.0,0.0
2015-01-02,1692.7462035848266,1692.7462035848266,1609.247511928176,1628.2244873046875,80572600,0.0,0.0
2015-01-02,1632.0197748120927,1669.9737230635367,1578.8842472600709,1601.6566162109375,185282400,0.0,0.0
2015-01-02,1613.0428314208984,1616.8382263183594,1578.88427734375,1578.88427734375,138733000,0.0,0.0
2015-01-02,1594.0657958984375,1635.8151381719679,1586.4750063941592,1594.0657958984375,127482200,0.0,0.0
2015-01-02,1624.4290006741282,1624.4290006741282,1590.2704469216349,1605.4520263671875,83552200,0.0,0.0
2015-01-02,1605.4520577219062,1605.4520577219062,1518.1579742051122,1521.953369140625,188578000,0.0,0.0
2015-01-02,1514.3625792695993,1537.134948882676,1480.2040248499843,1521.953369140625,134821600,0.0,0.0
2015-01-02,1506.7718203001386,1521.9534003535405,1480.2040552066853,1499.1810302734375,141388800,0.0,0.0
2015-01-02,1499.1811127358296,1514.3626936242936,1396.705441738697,1427.068603515625,227234200,0.0,0.0
2015-01-02,1442.2501233828966,1442.2501233828966,1389.1145925214214,1411.886962890625,158710600,0.0,0.0
2015-01-02,1427.0685111722798,1518.1579906088084,1427.0685111722798,1465.0224609375,199655000,0.0,0.0
2015-01-02,1461.2271365603885,1563.7028058776107,1453.6363462405943,1544.725830078125,237644400,0.0,0.0
2015-01-02,1567.4982463557544,1578.884432164634,1540.9304794683687,1556.112060546875,180545000,0.0,0.0
2015-01-02,1575.089051926513,1594.0660284557482,1521.953517644655,1559.907470703125,124329600,0.0,0.0
2015-01-02,1575.0889562504553,1647.201462681199,1575.0889562504553,1628.2244873046875,265460200,0.0,0.0
2015-01-02,1628.224396366401,1704.1322936329,1613.0428169131012,1696.54150390625,350546800,0.0,0.0
2015-01-02,1726.9047685102983,1893.9021527178877,1719.3139783190443,1753.4725341796875,207635400,0.0,0.0
2015-01-02,1772.4493877897537,1878.7204431604457,1742.0862291124133,1844.5618896484375,296607800,0.0,0.0
2015-01-02,1859.7436420206793,1897.6975938986523,1791.426528640328,1795.221923828125,169836200,0.0,0.0
2015-01-02,1795.2217418552675,1848.357269098341,1745.8816094152708,1840.7664794921875,185391000,0.0,0.0
2015-01-02,1897.69775390625,2021.0481079101562,1878.7207763671875,1992.5826416015625,292605200,0.0,0.0
2015-01-02,2011.5591653398994,2068.4900851136704,1954.6282455661287,2002.0706787109375,147413600,0.0,0.0
2015-01-02,1973.6053951597505,1983.09388263648,1863.5389404296875,1863.5389404296875,289644200,0.0,0.0
2015-01-02,1821.7896288646054,1848.3573942855476,1734.4955424815098,1780.040283203125,364783800,0.0,0.0
2015-01-02,1742.0863868385736,1859.7436373657974,1681.3600639858128,1855.9482421875,289959400,0.0,0.0
2015-01-02,1840.7666507009733,1863.5390216374803,1780.0403282036216,1791.426513671875,169814600,0.0,0.0
2015-01-02,1829.380318621735,1916.6744002157182,1829.380318621735,1907.1859130859375,146116600,0.0,0.0
2015-01-02,1935.6514294682718,1973.6053790656888,1855.9481353136957,1859.7435302734375,213944600,0.0,0.0
2015-01-02,1836.9710384384725,1886.3111696362002,1814.1986701933677,1829.3802490234375,152175200,0.0,0.0
2015-01-02,1852.15283203125,1878.7205980644853,1829.38046114562,1852.15283203125,126356800,0.0,0.0
2015-01-02,1852.152477748181,1863.5386610130263,1821.7893223752599,1825.584716796875,66825000,0.0,0.0
2015-01-02,1840.7665098186326,1840.7665098186326,1780.040191968946,1817.994140625,95010400,0.0,0.0
2015-01-02,1855.948148323726,1973.6053929004856,1855.948148323726,1954.62841796875,278417000,0.0,0.0
2015-01-02,1926.162887345499,1973.605322994403,1874.9250568446828,1907.1859130859375,146123000,0.0,0.0
2015-01-02,1945.1398223876952,1954.6283093261718,1890.106598144531,1897.6973876953125,85829000,0.0,0.0
2015-01-02,1890.106751229599,1897.6975413951795,1848.357405318905,1874.9251708984375,99123000,0.0,0.0
2015-01-02,1907.1861683238635,1916.6746567234848,1878.720703125,1878.720703125,113994400,0.0,0.0
2015-01-02,1897.6976169135146,1907.186104998082,1863.5390598090712,1893.9022216796875,67747600,0.0,0.0
2015-01-02,1890.106598144531,1907.185874633789,1882.5158085937499,1897.6973876953125,80606600,0.0,0.0
2015-01-02,1882.5158085937499,1926.1628485107422,1859.7434399414062,1897.6973876953125,57839800,0.0,0.0
2015-01-02,1897.6975013469826,1954.6284263873922,1897.6975013469826,1926.1629638671875,90019000,0.0,0.0
2015-01-02,1945.140024317373,1954.6285122408724,1916.674560546875,1916.674560546875,80447600,0.0,0.0
2015-01-02,1916.6742990502814,2030.536138597823,1907.1858124213197,2002.0706787109375,149466800,0.0,0.0
2015-01-02,2030.5365966796876,2049.51357421875,1973.6056640625,1992.5826416015625,98277200,0.0,0.0
2015-01-02,1992.582282467165,2002.0707695265323,1945.1398471703278,1964.1168212890625,77850000,0.0,0.0
2015-01-02,1992.5826416015625,2021.0481079101562,1983.0941528320313,1992.5826416015625,72688200,0.0,0.0
2015-01-02,2011.559326171875,2021.047813559478,1973.6053766214623,2011.559326171875,78259800,0.0,0.0
2015-01-02,2030.536138597823,2059.001598484708,1992.5821920819758,2002.0706787109375,60755400,0.0,0.0
2015-01-02,2002.0706787109377,2030.536138597823,1992.5821920819758,2002.0706787109375,43859400,0.0,0.0
2015-01-02,2002.0707695265323,2011.5592565859,1964.1168212890625,1964.1168212890625,60177000,0.0,0.0
2015-01-02,1964.116828469669,1983.0938026577817,1916.6743929993872,1935.6513671875,52111600,0.0,0.0
2015-01-02,1954.6284018462559,2068.490250497494,1926.1629396834464,2011.559326171875,145051400,0.0,0.0
2015-01-02,2040.0249765985025,2096.9559061779955,2011.5595118087558,2059.001953125,119245000,0.0,0.0
2015-01-02,2077.9786184210525,2191.840460526316,2059.001644736842,2163.375,145829600,0.0,0.0
2015-01-02,2163.3750915527344,2163.3750915527344,2106.4441680908203,2125.421142578125,66603400,0.0,0.0
2015-01-02,2134.9095640791224,2229.79443359375,2106.444103224734,2229.79443359375,58848200,0.0,0.0
2015-01-02,2239.2833742321045,2277.237329727564,2191.8409298627803,2220.306396484375,74524600,0.0,0.0
2015-01-02,2220.3059210526317,2220.3059210526317,2153.886513157895,2163.375,69737200,0.0,0.0
2015-01-02,2172.863398058661,2201.328857421875,2134.9094522410423,2201.328857421875,52644600,0.0,0.0
2015-01-02,2220.3063720703126,2229.7948608398438,2068.4905517578127,2087.467529296875,259720800,0.0,0.0
2015-01-02,2096.955643042321,2125.42110426009,2068.4901818245517,2115.9326171875,89173800,0.0,0.0
2015-01-02,2106.4440789473683,2163.375,2068.4901315789475,2163.375,133844600,0.0,0.0
2015-01-02,2163.3751141436687,2229.7945255428167,2163.3751141436687,2191.840576171875,90911200,0.0,0.0
2015-01-02,2163.3749116042563,2201.328857421875,2134.9094522410423,2201.328857421875,57228800,0.0,0.0
2015-01-02,2201.328857421875,2210.8173438762797,2144.397938695447,2201.328857421875,50162400,0.0,0.0
2015-01-02,2210.817371575902,2315.190723882061,2201.328885002615,2267.748291015625,117978200,0.0,0.0
2015-01-02,2277.2370426829266,2381.6104071392274,2258.2600673272354,2334.16796875,92910400,0.0,0.0
2015-01-02,2372.1217636234505,2372.1217636234505,2296.2138671875,2296.2138671875,85989200,0.0,0.0
2015-01-02,2305.7028079210972,2315.191296842583,2258.2603633136673,2286.725830078125,66653400,0.0,0.0
2015-01-02,2286.725530360772,2362.6334317835363,2286.725530360772,2334.16796875,115981200,0.0,0.0
2015-01-02,2343.656380074923,2372.1218421810963,2305.7024306000258,2315.19091796875,64511800,0.0,0.0
2015-01-02,2296.2140360514322,2343.6564748128258,2248.771597290039,2277.237060546875,132486400,0.0,0.0
2015-01-02,2296.213927734375,2381.6103134765626,2296.213927734375,2372.121826171875,132365800,0.0,0.0
2015-01-02,2372.12173582062,2410.07568359375,2343.6562749907725,2410.07568359375,78703400,0.0,0.0
2015-01-02,2410.0758521670386,2410.0758521670386,2353.1449265252977,2391.098876953125,93450200,0.0,0.0
2015-01-02,2381.610275084714,2410.07573653991,2353.144813629518,2362.63330078125,75655000,0.0,0.0
2015-01-02,2362.6333715615156,2391.0988338694856,2239.283034893645,2258.260009765625,222818800,0.0,0.0
2015-01-02,2267.74851821588,2324.679443359375,2229.794568120217,2324.679443359375,85330800,0.0,0.0
2015-01-02,2324.6793670026364,2353.1448286394034,2296.2139053658693,2305.702392578125,93203600,0.0,0.0
2015-01-02,2305.702237308774,2334.1676970286353,2258.259804442338,2267.748291015625,129014800,0.0,0.0
2015-01-02,2258.259971650844,2267.748458926688,2220.3060225474683,2248.771484375,106844400,0.0,0.0
2015-01-02,2248.7718631059697,2258.2603519798345,2191.8409298627803,2220.306396484375,100673600,0.0,0.0
2015-01-02,2239.2828312957636,2277.2367775889124,2229.7943447224766,2267.748291015625,60346000,0.0,0.0
2015-01-02,2239.283012885552,2239.283012885552,2182.3520888291396,2191.840576171875,98282200,0.0,0.0
2015-01-02,2096.9555788971657,2096.9555788971657,2040.024658203125,2040.024658203125,172775200,0.0,0.0
2015-01-02,1916.6744724778823,2096.9557347406535,1916.6744724778823,2077.978759765625,271155800,0.0,0.0
2015-01-02,2077.9789242951765,2191.840783160666,2077.9789242951765,2182.352294921875,143569800,0.0,0.0
2015-01-02,2182.352181993392,2210.8176452367843,2125.421255506608,2153.88671875,128927400,0.0,0.0
2015-01-02,2182.35214368432,2182.35214368432,2134.9097057781387,2144.398193359375,57936000,0.0,0.0
2015-01-02,2125.42110426009,2182.352026695628,2096.955643042321,2115.9326171875,76432000,0.0,0.0
2015-01-02,2115.9326171875,2153.8865654778588,2087.4671559697313,2115.9326171875,91596600,0.0,0.0
2015-01-02,2115.932709715682,2134.9096846907105,2049.5132973030823,2077.978759765625,52930000,0.0,0.0
2015-01-02,2011.559326171875,2059.001763109891,2002.0708387842717,2011.559326171875,113596600,0.0,0.0
2015-01-02,2011.5592956542969,2040.024757385254,1945.1398849487305,1973.6053466796875,84710800,0.0,0.0
2015-01-02,1916.6744763604524,1954.6284263873922,1897.6975013469826,1926.1629638671875,121965000,0.0,0.0
2015-01-02,1973.605331848715,2030.5362548828125,1926.162895986967,2030.5362548828125,140455600,0.0,0.0
2015-01-02,2049.5132926274273,2059.001780093295,1954.6284179687502,1954.62841796875,99702600,0.0,0.0
2015-01-02,1973.605401400862,1992.5823764143317,1907.1859888537176,1926.1629638671875,111325600,0.0,0.0
2015-01-02,1935.6516487367692,1954.628625685169,1844.5621593844508,1882.51611328125,151529800,0.0,0.0
2015-01-02,1897.6974487304688,1973.6053466796875,1890.1066589355469,1973.6053466796875,78954200,0.0,0.0
2015-01-02,1964.1168594360352,1983.0938339233398,1897.6974487304688,1973.6053466796875,99143400,0.0,0.0
2015-01-02,1992.582306193414,2040.024742055162,1964.1168446763654,2030.5362548828125,74300800,0.0,0.0
2015-01-02,2087.467529296875,2106.444506835938,2068.4905517578127,2087.467529296875,89104400,0.0,0.0
2015-01-02,2049.513407939189,2106.4443359375,2040.0249199394707,2106.4443359375,88748600,0.0,0.0
2015-01-02,2106.4441836295873,2115.932670943234,2059.001747061353,2068.490234375,88763400,0.0,0.0
2015-01-02,2068.490383938626,2115.9328239372185,2068.490383938626,2106.4443359375,90248600,0.0,0.0
2015-01-02,2115.932451171875,2144.39791015625,2106.44396484375,2134.909423828125,77947000,0.0,0.0
2015-01-02,2134.9097432544054,2153.88671875,2096.9557922632157,2153.88671875,69863400,0.0,0.0
2015-01-02,2172.863601486404,2191.840576171875,2134.909652115463,2191.840576171875,109787200,0.0,0.0
2015-01-02,2163.3750915527344,2182.352066040039,2125.421142578125,2125.421142578125,77289200,0.0,0.0
2015-01-02,2125.42110426009,2144.398078405269,2068.4901818245517,2115.9326171875,67817800,0.0,0.0
2015-01-02,2125.421052631579,2172.8634868421054,2115.9325657894738,2163.375,58936200,0.0,0.0
2015-01-02,2172.8636561030835,2182.35214368432,2125.421218196903,2144.398193359375,77213200,0.0,0.0
2015-01-02,2153.886486761171,2172.8634602128113,2077.9785929546097,2096.95556640625,113901800,0.0,0.0
2015-01-02,2087.4672090022937,2106.4441836295873,2049.5132597477063,2068.490234375,138701400,0.0,0.0
2015-01-02,2096.9558479377815,2115.9328239372185,2077.9788719383446,2106.4443359375,65900200,0.0,0.0
2015-01-02,2134.909652115463,2220.3060382000813,2134.909652115463,2191.840576171875,188574400,0.0,0.0
2015-01-02,2182.3520888291396,2220.3060382000813,2163.3751141436687,2191.840576171875,112695800,0.0,0.0
2015-01-02,2153.8864521361797,2286.7252641621994,2125.4209924163183,2267.748291015625,216862800,0.0,0.0
2015-01-02,2267.7485727945964,2277.237060546875,2239.2831095377605,2277.237060546875,75963400,0.0,0.0
2015-01-02,2258.2598684210525,2286.7253289473683,2163.375,2163.375,152817400,0.0,0.0
2015-01-02,2229.7943447224766,2277.2367775889124,2210.817371575902,2267.748291015625,175877400,0.0,0.0
2015-01-02,2267.7484060240185,2315.1908412964876,2248.771431915031,2296.2138671875,164219000,0.0,0.0
2015-01-02,2372.121919461382,2391.098894817073,2296.2140180386177,2334.16796875,122653200,0.0,0.0
2015-01-02,2429.0529411764705,2476.4953814338232,2391.0989889705884,2419.564453125,249588800,0.0,0.0
2015-01-02,2438.541429227941,2467.0068933823527,2410.0759650735295,2419.564453125,166490200,0.0,0.0
2015-01-02,2419.564144736842,2429.0526315789475,2315.190789473684,2343.65625,136150600,0.0,0.0
2015-01-02,2315.19090234375,2372.121826171875,2305.7024150390625,2372.121826171875,122043800,0.0,0.0
2015-01-02,2391.0989714591733,2448.0298993510582,2334.1680435672884,2353.14501953125,133917600,0.0,0.0
2015-01-02,2381.6103134765626,2419.5642626953127,2353.1448515624998,2372.121826171875,106261600,0.0,0.0
2015-01-02,2334.16778804749,2410.07568359375,2334.16778804749,2410.07568359375,124936000,0.0,0.0
2015-01-02,2372.121939074852,2410.0758901000495,2353.144963562253,2400.58740234375,94808200,0.0,0.0
2015-01-02,2381.610389346168,2410.0758521670386,2372.1219017392114,2391.098876953125,100573600,0.0,0.0
2015-01-02,2391.0987854003906,2438.5412216186523,2381.6102981567383,2429.052734375,106905400,0.0,0.0
2015-01-02,2448.029747157709,2467.0067219418775,2419.5642849814567,2438.541259765625,140929200,0.0,0.0
2015-01-02,2467.0066301484676,2523.937552382663,2467.0066301484676,2476.4951171875,197704000,0.0,0.0
2015-01-02,2504.960879414498,2552.4033203125,2485.983903055297,2552.4033203125,132275400,0.0,0.0
2015-01-02,2571.3799342105262,2580.8684210526317,2514.449013157895,2523.9375,124346800,0.0,0.0
2015-01-02,2485.983792150445,2514.449255419343,2362.6334513185525,2400.58740234375,307900800,0.0,0.0
2015-01-02,2400.5872208752394,2514.44906534363,2400.5872208752394,2476.4951171875,176568000,0.0,0.0
2015-01-02,2476.4950657894738,2523.9375,2457.5180921052633,2523.9375,114721600,0.0,0.0
2015-01-02,2523.9376299607893,2533.426117291469,2476.4951933073908,2495.47216796875,155342400,0.0,0.0
2015-01-02,2467.006983901515,2504.9609375,2438.5415187026515,2504.9609375,74976000,0.0,0.0
2015-01-02,2533.426063651469,2561.8915250408113,2514.4490893919074,2542.91455078125,133585800,0.0,0.0
2015-01-02,2533.42626953125,2552.4032453329824,2504.9608058286517,2533.42626953125,70350400,0.0,0.0
2015-01-02,2571.3801646513098,2599.8456277286305,2552.4031892664293,2580.86865234375,187847000,0.0,0.0
2015-01-02,2599.8455896131227,2609.3340771664552,2542.9146642931273,2571.380126953125,94541800,0.0,0.0
2015-01-02,2552.4033203125,2580.868784851301,2533.4263439532992,2552.4033203125,94645200,0.0,0.0
2015-01-02,2542.91455078125,2552.4030379110304,2504.9606022621265,2542.91455078125,135663800,0.0,0.0
2015-01-02,2580.8686145064576,2590.35710205979,2552.40315184646,2571.380126953125,97361800,0.0,0.0
2015-01-02,2571.3800355113635,2609.333984375,2571.3800355113635,2609.333984375,109966000,0.0,0.0
2015-01-02,2580.868499300373,2590.356986430154,2542.91455078125,2542.91455078125,142797800,0.0,0.0
2015-01-02,2571.380012170592,2580.868499300373,2533.426063651469,2542.91455078125,83174600,0.0,0.0
2015-01-02,2495.4721450805664,2514.449119567871,2410.0757598876953,2429.052734375,165929800,0.0,0.0
2015-01-02,2467.006605253445,2504.960553026575,2353.144761934055,2410.07568359375,110032400,0.0,0.0
2015-01-02,2467.0066301484676,2495.4720912655653,2391.098733836207,2476.4951171875,75527000,0.0,0.0
2015-01-02,2495.47218411813,2504.960671510214,2429.052772373541,2438.541259765625,57422600,0.0,0.0
2015-01-02,2476.4953043941455,2476.4953043941455,2400.58740234375,2400.58740234375,88941400,0.0,0.0
2015-01-02,2410.075908954327,2476.495323768029,2362.6334698016826,2467.0068359375,61058000,0.0,0.0
2015-01-02,2485.9836967260458,2485.9836967260458,2429.052772373541,2438.541259765625,69928200,0.0,0.0
2015-01-02,2438.541259765625,2476.4952093339616,2381.61033541312,2438.541259765625,87109000,0.0,0.0
2015-01-02,2448.029579663369,2476.4950398920128,2438.5410929204877,2457.51806640625,80114200,0.0,0.0
2015-01-02,2457.5184223670085,2495.472374835997,2448.0299342497615,2485.98388671875,93635600,0.0,0.0
2015-01-02,2495.472335481296,2599.845703125,2485.983847513686,2599.845703125,212763000,0.0,0.0
2015-01-02,2618.8225852911423,2656.776535802608,2590.3571224075426,2637.799560546875,168626000,0.0,0.0
2015-01-02,2675.7534726139443,2685.241960105483,2628.31103515625,2628.31103515625,107392200,0.0,0.0
2015-01-02,2675.753606865876,2675.753606865876,2590.357215157391,2599.845703125,70295000,0.0,0.0
2015-01-02,2609.3342493901023,2628.3112257493026,2514.4493675940985,2552.4033203125,77235600,0.0,0.0
2015-01-02,2504.9606977662456,2637.7995226477888,2504.9606977662456,2628.31103515625,119006800,0.0,0.0
2015-01-02,2656.776573700717,2666.2650614639338,2599.845647121416,2647.2880859375,77834600,0.0,0.0
2015-01-02,2656.776449947034,2827.569221729343,2656.776449947034,2799.103759765625,220934600,0.0,0.0
2015-01-02,2799.1038144867994,2799.1038144867994,2732.684401939655,2751.661376953125,82052000,0.0,0.0
2015-01-02,2761.1500345865884,2789.615498860677,2704.219106038411,2732.6845703125,117367200,0.0,0.0
2015-01-02,2751.6614522019477,2770.638427734375,2666.2650623060254,2770.638427734375,100647600,0.0,0.0
2015-01-02,2770.638297801907,2827.569221729343,2751.661323159428,2799.103759765625,206712400,0.0,0.0
2015-01-02,2808.5923787992297,2808.5923787992297,2723.195988903307,2770.638427734375,171581400,0.0,0.0
2015-01-02,2713.707367159796,2751.6613163508423,2618.822494182181,2675.75341796875,135745000,0.0,0.0
2015-01-02,2694.730401913023,2742.1728385664214,2495.47216796875,2495.47216796875,334227600,0.0,0.0
2015-01-02,2523.9375765216882,2552.4030379110304,2353.1448081856342,2542.91455078125,242540200,0.0,0.0
2015-01-02,2580.8683940637065,2580.8683940637065,2429.0526061776063,2457.51806640625,160482800,0.0,0.0
2015-01-02,2504.9607872596157,2523.9377629206733,2448.0298602764424,2467.0068359375,167044600,0.0,0.0
2015-01-02,2495.47216796875,2533.426117291469,2448.029731315352,2495.47216796875,139040400,0.0,0.0
2015-01-02,2542.914815422233,2542.914815422233,2448.0299342497615,2485.98388671875,97199600,0.0,0.0
2015-01-02,2504.9606552994296,2533.426117291469,2485.9836806380704,2495.47216796875,125050800,0.0,0.0
2015-01-02,2504.9607872596157,2542.914738581731,2448.0298602764424,2467.0068359375,208380400,0.0,0.0
2015-01-02,2495.472299429087,2495.472299429087,2457.518348106971,2467.0068359375,102693600,0.0,0.0
2015-01-02,2485.9838115985576,2485.9838115985576,2467.0068359375,2467.0068359375,35879400,0.0,0.0
2015-01-02,2485.9838115985576,2495.472299429087,2467.0068359375,2467.0068359375,48995200,0.0,0.0
2015-01-02,2467.0065531491314,2485.983526634894,2448.029579663369,2457.51806640625,63202000,0.0,0.0
2015-01-02,2448.02963136688,2457.518118310162,2391.0987097071848,2410.07568359375,117413600,0.0,0.0
2015-01-02,2372.121826171875,2429.05275,2362.6333388671874,2372.121826171875,113989000,0.0,0.0
2015-01-02,2372.122012867647,2429.0529411764705,2353.1450367647058,2419.564453125,102020400,0.0,0.0
2015-01-02,2448.0299172794116,2467.0068933823527,2419.564453125,2419.564453125,107680600,0.0,0.0
2015-01-02,2391.0989145874505,2419.564377856349,2391.0989145874505,2400.58740234375,89107800,0.0,0.0
2015-01-02,2410.0759650735295,2429.0529411764705,2400.587477022059,2419.564453125,82498600,0.0,0.0
2015-01-02,2438.541276301046,2457.5182512138945,2381.6103515625,2381.6103515625,133614800,0.0,0.0
2015-01-02,2343.6564564278456,2400.5873824949185,2315.190993394309,2334.16796875,246190600,0.0,0.0
2015-01-02,2362.633345339235,2504.9606552994296,2362.633345339235,2495.47216796875,220785400,0.0,0.0
2015-01-02,2523.9379142992425,2523.9379142992425,2467.006983901515,2504.9609375,163296600,0.0,0.0
2015-01-02,2533.4264026988635,2533.4264026988635,2476.495472301136,2504.9609375,78532200,0.0,0.0
2015-01-02,2514.4493510704915,2523.9378391877385,2476.495398601503,2485.98388671875,120612600,0.0,0.0
2015-01-02,2476.4950398920128,2495.472013377775,2448.029579663369,2457.51806640625,87239000,0.0,0.0
2015-01-02,2485.9836967260458,2495.47218411813,2419.5642849814567,2438.541259765625,54098000,0.0,0.0
2015-01-02,2419.5642849814567,2476.4952093339616,2419.5642849814567,2438.541259765625,111838800,0.0,0.0
2015-01-02,2467.0068359375,2467.0068359375,2448.0298602764424,2467.0068359375,51903000,0.0,0.0
2015-01-02,2485.983903055297,2561.8918084921,2485.983903055297,2552.4033203125,159202400,0.0,0.0
2015-01-02,2571.3799342105262,2571.3799342105262,2514.449013157895,2523.9375,79922400,0.0,0.0
2015-01-02,2523.9378391877385,2552.40330353948,2467.006910484256,2485.98388671875,112248400,0.0,0.0
2015-01-02,2504.9605783045977,2523.937552382663,2476.4951171875,2476.4951171875,50841200,0.0,0.0
2015-01-02,2514.4492384966684,2599.8456277286305,2514.4492384966684,2580.86865234375,152427600,0.0,0.0
2015-01-02,2580.8686145064576,2580.8686145064576,2542.9146642931273,2571.380126953125,150713800,0.0,0.0
2015-01-02,2561.8916568396226,2590.3571196933963,2514.44921875,2514.44921875,115979200,0.0,0.0
2015-01-02,2561.8917332338483,2561.8917332338483,2514.4492937295176,2533.42626953125,97289600,0.0,0.0
2015-01-02,2551.194921115029,2561.007209273164,2511.94576848249,2521.758056640625,115254200,110.1359,0.0
2015-01-02,2531.5703773498535,2541.3826656341553,2482.5089359283447,2511.94580078125,71666600,0.0,0.0
2015-01-02,2531.5703447987594,2541.382632956894,2492.3211921662205,2521.758056640625,84478000,0.0,0.0
2015-01-02,2511.945833333333,2551.194986979167,2502.133544921875,2502.133544921875,79520400,0.0,0.0
2015-01-02,2511.9458992094865,2521.7581878782735,2462.884455865551,2482.509033203125,41180600,0.0,0.0
2015-01-02,2453.0721524866617,2482.5090183165016,2404.0107094369287,2413.822998046875,159155800,0.0,0.0
2015-01-02,2453.072086457283,2482.508951494771,2413.822933073967,2433.447509765625,77715200,0.0,0.0
2015-01-02,2472.6966302710844,2472.6966302710844,2433.447477409639,2443.259765625,39468400,0.0,0.0
2015-01-02,2443.2597014286607,2472.696565301295,2413.822837556026,2462.88427734375,29650600,0.0,0.0
2015-01-02,2472.696744534338,2482.509033203125,2453.072167196764,2482.509033203125,46420200,0.0,0.0
2015-01-02,2453.071989386205,2502.1334291739295,2433.447413471116,2462.88427734375,88449600,0.0,0.0
2015-01-02,2502.133416724481,2570.819432085545,2482.508840907034,2541.382568359375,126420200,0.0,0.0
2015-01-02,2521.758221338666,2551.195087735615,2462.884488544767,2472.69677734375,48429000,0.0,0.0
2015-01-02,2433.4476221478176,2492.3213549417164,2433.4476221478176,2472.69677734375,76327000,0.0,0.0
2015-01-02,2492.321321871912,2511.9458992094865,2453.072167196764,2482.509033203125,80914000,0.0,0.0
2015-01-02,2511.9459325396824,2511.9459325396824,2443.2599109468006,2472.69677734375,68337400,0.0,0.0
2015-01-02,2492.3213549417164,2492.3213549417164,2453.0721997457836,2472.69677734375,63194400,0.0,0.0
2015-01-02,2453.0720538403616,2462.884342055723,2433.447477409639,2443.259765625,43598600,0.0,0.0
2015-01-02,2433.447509765625,2453.072086457283,2423.635221419796,2433.447509765625,63882600,0.0,0.0
2015-01-02,2413.8230309311225,2423.635319674745,2404.0107421875,2404.0107421875,65425600,0.0,0.0
2015-01-02,2423.635319674745,2443.25989716199,2394.1984534438775,2404.0107421875,71452000,0.0,0.0
2015-01-02,2374.5738436070887,2413.822998046875,2364.761554997142,2413.822998046875,104928400,0.0,0.0
2015-01-02,2394.198156380753,2404.0104439069037,2335.3244312238494,2345.13671875,115305000,0.0,0.0
2015-01-02,2345.1368660414514,2384.386018611183,2335.3245778990185,2374.57373046875,96850800,0.0,0.0
2015-01-02,2394.1983563823082,2462.884374803112,2394.1983563823082,2433.447509765625,161162600,0.0,0.0
2015-01-02,2443.259765625,2462.884342055723,2413.8229009789156,2443.259765625,82870600,0.0,0.0
2015-01-02,2443.259584743484,2453.0718722324136,2404.0104347877655,2423.635009765625,69941600,0.0,0.0
2015-01-02,2394.1983067536157,2413.8228830384815,2354.9491541838843,2374.57373046875,65334000,0.0,0.0
2015-01-02,2374.5736664318647,2394.1982421875,2345.1368027984117,2394.1982421875,56355200,0.0,0.0
2015-01-02,2413.8228830384815,2413.8228830384815,2374.57373046875,2374.57373046875,45851800,0.0,0.0
2015-01-02,2404.0105623472864,2404.0105623472864,2364.761410308963,2384.385986328125,37091000,0.0,0.0
2015-01-02,2404.0107278262867,2404.0107278262867,2335.32470703125,2335.32470703125,65331800,0.0,0.0
2015-01-02,2364.761293802301,2364.761293802301,2335.3244312238494,2345.13671875,35481400,0.0,0.0
2015-01-02,2354.9491028866523,2354.9491028866523,2296.0753753144863,2315.699951171875,69381800,0.0,0.0
2015-01-02,2345.1367826180117,2354.9490704113923,2305.8876314444883,2325.51220703125,95099800,0.0,0.0
2015-01-02,2345.136814957958,2354.9491028866523,2286.263087385792,2315.699951171875,73965200,0.0,0.0
2015-01-02,2276.450844920154,2296.0754211694657,2207.7648280475632,2227.389404296875,98436000,0.0,0.0
2015-01-02,2217.5771484375,2256.8263015071902,2197.952571902655,2217.5771484375,69610000,0.0,0.0
2015-01-02,2247.014030227334,2315.7000486185625,2227.389453544126,2286.26318359375,140453000,0.0,0.0
2015-01-02,2305.8878598420515,2305.8878598420515,2256.826416015625,2256.826416015625,54897600,0.0,0.0
2015-01-02,2266.638511528403,2335.3245270292637,2266.638511528403,2315.699951171875,90594400,0.0,0.0
2015-01-02,2354.9493036684785,2354.9493036684785,2256.826416015625,2256.826416015625,353889800,0.0,0.0
2015-01-02,2286.2629710230335,2315.6998333108836,2266.6383961644665,2276.45068359375,78305800,0.0,0.0
2015-01-02,2305.8877766927085,2394.1983723958333,2286.2631998697916,2354.94921875,96660000,0.0,0.0
2015-01-02,2413.8228179431353,2433.4473936987706,2384.3859543096823,2394.1982421875,157335600,0.0,0.0
2015-01-02,2423.6351572265626,2462.8843095703123,2404.0105810546875,2453.072021484375,86426400,0.0,0.0
2015-01-02,2453.0721859056125,2482.5090521364796,2404.0107421875,2404.0107421875,76307800,0.0,0.0
2015-01-02,2433.4476084183675,2433.4476084183675,2384.386164700255,2404.0107421875,42514400,0.0,0.0
2015-01-02,2413.82294921875,2413.82294921875,2354.94921875,2354.94921875,57084000,0.0,0.0
2015-01-02,2384.386132217035,2423.635286656822,2354.949266387195,2413.822998046875,47078600,0.0,0.0
2015-01-02,2423.635221419796,2453.072086457283,2404.010644728138,2433.447509765625,43543600,0.0,0.0
2015-01-02,2462.88427734375,2472.696565301295,2443.2597014286607,2462.88427734375,77757800,0.0,0.0
2015-01-02,2472.696565301295,2472.696565301295,2443.2597014286607,2462.88427734375,50043400,0.0,0.0
2015-01-02,2472.696744534338,2482.509033203125,2443.259878527977,2482.509033203125,107187800,0.0,0.0
2015-01-02,2482.5088532588397,2492.3211412163846,2433.447413471116,2462.88427734375,90051600,0.0,0.0
2015-01-02,2453.072086457283,2462.884374803112,2433.447509765625,2433.447509765625,146517200,0.0,0.0
2015-01-02,2423.635221419796,2433.447509765625,2335.324626307334,2433.447509765625,201335400,0.0,0.0
2015-01-02,2394.198586618257,2394.198586618257,2335.324850881743,2364.76171875,138949200,0.0,0.0
2015-01-02,2384.3858598099064,2453.0718722324136,2364.761284832047,2423.635009765625,96680600,0.0,0.0
2015-01-02,2443.2600330653527,2443.2600330653527,2364.76171875,2364.76171875,66074200,0.0,0.0
2015-01-02,2394.198156380753,2394.198156380753,2345.13671875,2345.13671875,52248000,0.0,0.0
2015-01-02,2354.9491028866523,2364.7613908153467,2315.699951171875,2315.699951171875,61052000,0.0,0.0
2015-01-02,2286.263100071957,2315.6999640213817,2227.3893721731088,2237.20166015625,127109000,0.0,0.0
2015-01-02,2296.0755377435066,2296.0755377435066,2237.2018060064934,2266.638671875,96970800,0.0,0.0
2015-01-02,2296.0753753144863,2335.3245270292637,2276.450799457097,2315.699951171875,146560200,0.0,0.0
2015-01-02,2335.3244312238494,2354.9490062761506,2315.699856171548,2345.13671875,87385400,0.0,0.0
2015-01-02,2345.136995716255,2364.761573086266,2325.512418346245,2335.32470703125,80422400,0.0,0.0
2015-01-02,2345.1371298243857,2345.1371298243857,2276.4511051014956,2296.07568359375,29242400,0.0,0.0
2015-01-02,2315.7001149891776,2315.7001149891776,2256.8263832521648,2266.638671875,56066200,0.0,0.0
2015-01-02,2266.6387047809103,2286.263282311481,2227.389549719769,2256.826416015625,96691000,0.0,0.0
2015-01-02,2296.0753753144863,2315.699951171875,2256.8262235997086,2315.699951171875,81459000,0.0,0.0
2015-01-02,2315.7001149891776,2315.7001149891776,2266.638671875,2266.638671875,50822400,0.0,0.0
2015-01-02,2305.8875458816,2305.8875458816,2266.6383961644665,2276.45068359375,39692600,0.0,0.0
2015-01-02,2296.0755377435066,2315.7001149891776,2266.638671875,2266.638671875,65117000,0.0,0.0
2015-01-02,2276.450812088816,2286.263100071957,2217.577084189967,2237.20166015625,59225200,0.0,0.0
2015-01-02,2247.0139669215428,2315.6999833776595,2227.3893907912234,2305.8876953125,94438400,0.0,0.0
2015-01-02,2305.8876953125,2315.6999833776595,2286.263119182181,2305.8876953125,39567600,0.0,0.0
2015-01-02,2276.4509935461956,2296.075571076766,2256.826416015625,2256.826416015625,31460200,0.0,0.0
2015-01-02,2286.2630558577266,2335.3244948246306,2276.450768064346,2325.51220703125,87100200,0.0,0.0
2015-01-02,2345.1368660414514,2394.1983067536157,2335.3245778990185,2374.57373046875,55171400,0.0,0.0
2015-01-02,2354.9490062761506,2374.573581328452,2335.3244312238494,2345.13671875,37457600,0.0,0.0
2015-01-02,2345.1366955987337,2354.948983028017,2276.45068359375,2276.45068359375,77160200,0.0,0.0
2015-01-02,2296.075471935354,2315.7000486185625,2256.826318568938,2286.26318359375,79279400,0.0,0.0
2015-01-02,2256.8262235997086,2315.699951171875,2256.8262235997086,2315.699951171875,41266000,0.0,0.0
2015-01-02,2315.700148607337,2315.700148607337,2256.826416015625,2256.826416015625,68168400,0.0,0.0
2015-01-02,2286.263100071957,2286.263100071957,2237.20166015625,2237.20166015625,92132400,0.0,0.0
2015-01-02,2266.638556795498,2266.638556795498,2207.7648280475632,2227.389404296875,68571000,0.0,0.0
2015-01-02,2237.2018060064934,2276.4509604978357,2217.5772287608224,2266.638671875,70957400,0.0,0.0
2015-01-02,2286.26318359375,2315.7000486185625,2266.638606910542,2286.26318359375,67410400,0.0,0.0
2015-01-02,2305.88771347172,2384.386018611183,2296.075425329287,2374.57373046875,140254000,0.0,0.0
2015-01-02,2384.3858688546024,2394.198156380753,2335.3244312238494,2345.13671875,63682000,0.0,0.0
2015-01-02,2354.948983028017,2364.7612704573007,2276.45068359375,2276.45068359375,50317400,0.0,0.0
2015-01-02,2276.45068359375,2305.8875458816,2266.6383961644665,2276.45068359375,54893400,0.0,0.0
2015-01-02,2305.8876314444883,2335.3244948246306,2286.2630558577266,2325.51220703125,51328800,0.0,0.0
2015-01-02,2345.136930338542,2374.573795572917,2315.7000651041667,2354.94921875,41771600,0.0,0.0
2015-01-02,2354.9490062761506,2374.573581328452,2296.075281119247,2345.13671875,53074000,0.0,0.0
2015-01-02,2354.9491541838843,2423.6351711809143,2325.5122897565857,2374.57373046875,141229400,0.0,0.0
2015-01-02,2394.1985760550215,2394.1985760550215,2276.4511051014956,2296.07568359375,101976800,0.0,0.0
2015-01-02,2315.699951171875,2335.3245270292637,2276.450799457097,2315.699951171875,62841600,0.0,0.0
2015-01-02,2315.699856171548,2354.9490062761506,2315.699856171548,2345.13671875,46346200,0.0,0.0
2015-01-02,2335.3246253017705,2345.1369136433746,2276.450895252146,2286.26318359375,85217600,0.0,0.0
2015-01-02,2305.887840976234,2345.136995716255,2296.075552291229,2335.32470703125,60726800,0.0,0.0
2015-01-02,2296.075471935354,2325.5123369601665,2286.26318359375,2286.26318359375,55050200,0.0,0.0
2015-01-02,2286.2629710230335,2305.8875458816,2266.6383961644665,2276.45068359375,35765000,0.0,0.0
2015-01-02,2296.075552291229,2335.32470703125,2286.2632636062235,2335.32470703125,65062000,0.0,0.0
2015-01-02,2354.9490906762294,2394.1982421875,2335.324514920594,2394.1982421875,135700400,0.0,0.0
2015-01-02,2394.1983723958333,2394.1983723958333,2354.94921875,2354.94921875,70082000,0.0,0.0
2015-01-02,2374.57373046875,2394.1983067536157,2345.1368660414514,2374.57373046875,51554400,0.0,0.0
2015-01-02,2394.1984534438775,2413.8230309311225,2354.949298469388,2404.0107421875,50760000,0.0,0.0
2015-01-02,2433.447509765625,2482.508951494771,2404.010644728138,2433.447509765625,51684400,0.0,0.0
2015-01-02,2453.072021484375,2492.3211738281248,2443.259733398437,2453.072021484375,70448400,0.0,0.0
2015-01-02,2472.69659765625,2472.69659765625,2404.0105810546875,2453.072021484375,84660600,0.0,0.0
2015-01-02,2472.6964697650096,2492.321044921875,2404.0104567159815,2492.321044921875,93331600,0.0,0.0
2015-01-02,2462.884374803112,2472.6966631489413,2423.635221419796,2433.447509765625,107576800,0.0,0.0
2015-01-02,2394.198420826982,2443.259863876715,2374.5738436070887,2413.822998046875,104806600,0.0,0.0
2015-01-02,2413.8228179431353,2433.4473936987706,2384.3859543096823,2394.1982421875,84931400,0.0,0.0
2015-01-02,2423.635319674745,2433.4476084183675,2394.1984534438775,2404.0107421875,135497800,0.0,0.0
2015-01-02,2423.635286656822,2433.4475752667686,2404.0107094369287,2413.822998046875,61344200,0.0,0.0
2015-01-02,2404.0105948960486,2413.8228830384815,2374.57373046875,2374.57373046875,82452800,0.0,0.0
2015-01-02,2364.76171875,2384.3862973288383,2325.512561592324,2364.76171875,57569200,0.0,0.0
2015-01-02,2364.761293802301,2364.761293802301,2325.512143697699,2345.13671875,45153400,0.0,0.0
2015-01-02,2345.1368342898018,2394.1982743377057,2335.324546280221,2384.385986328125,26711200,0.0,0.0
2015-01-02,2404.0105623472864,2404.0105623472864,2364.761410308963,2384.385986328125,40606000,0.0,0.0
2015-01-02,2384.3858688546024,2394.198156380753,2325.512143697699,2345.13671875,50278400,0.0,0.0
2015-01-02,2354.9491028866523,2364.7613908153467,2315.699951171875,2315.699951171875,68500800,0.0,0.0
2015-01-02,2335.32470703125,2364.761573086266,2315.7001296612393,2335.32470703125,64652200,0.0,0.0
2015-01-02,2335.3246419270836,2374.573795572917,2325.512353515625,2354.94921875,56467400,0.0,0.0
2015-01-02,2374.5738436070887,2413.822998046875,2354.949266387195,2413.822998046875,82812000,0.0,0.0
2015-01-02,2413.8228179431353,2433.4473936987706,2374.5736664318647,2394.1982421875,74975400,0.0,0.0
2015-01-02,2423.6351134546935,2551.194856268098,2413.82282554597,2541.382568359375,156691600,0.0,0.0
2015-01-02,2531.5703447987594,2570.8194974312987,2502.1334803243553,2521.758056640625,94886200,0.0,0.0
2015-01-02,2541.382890181108,2619.8812033913355,2531.5706010298295,2590.4443359375,168775800,0.0,0.0
2015-01-02,2610.0685397475513,2678.7545539514344,2600.2562520041397,2629.693115234375,253196600,0.0,0.0
2015-01-02,2639.5056302720222,2737.6285161557407,2639.5056302720222,2708.191650390625,223592000,0.0,0.0
2015-01-02,2708.191650390625,2718.0039389789968,2668.942496037138,2708.191650390625,123020200,0.0,0.0
2015-01-02,2737.6283857073104,2767.0652500697547,2718.003809465681,2747.440673828125,191044200,0.0,0.0
2015-01-02,2776.8774095991967,2786.689697265625,2727.8159712670554,2786.689697265625,134998000,0.0,0.0
2015-01-02,2796.502132615146,2816.126708984375,2767.065268061302,2816.126708984375,104307800,0.0,0.0
2015-01-02,2816.1267414226395,2825.9390297202794,2776.87758823208,2806.314453125,84353000,0.0,0.0
2015-01-02,2825.9389971689893,2875.0004380920623,2806.3144207997602,2816.126708984375,152951600,0.0,0.0
2015-01-02,2845.5637868245444,2845.5637868245444,2767.065475463867,2825.939208984375,99358000,0.0,0.0
2015-01-02,2816.126708984375,2875.0004380920623,2796.502132615146,2816.126708984375,189264000,0.0,0.0
2015-01-02,2786.6900533040366,2835.75149790446,2776.877764383952,2825.939208984375,65782600,0.0,0.0
2015-01-02,2816.1270199424343,2845.563887746711,2796.50244140625,2796.50244140625,76296200,0.0,0.0
2015-01-02,2786.689844430531,2825.9389971689893,2786.689844430531,2816.126708984375,55872800,0.0,0.0
2015-01-02,2825.9390297202794,2835.7513180179194,2796.50216482736,2806.314453125,82925200,0.0,0.0
2015-01-02,2796.5023293274576,2806.3146182022906,2747.4408849532915,2757.253173828125,99023600,0.0,0.0
2015-01-02,2816.126708984375,2865.1881499074475,2806.3144207997602,2816.126708984375,160952400,0.0,0.0
2015-01-02,2845.5635735382184,2845.5635735382184,2806.3144207997602,2816.126708984375,65621400,0.0,0.0
2015-01-02,2816.126907077124,2825.939195951957,2747.4408849532915,2757.253173828125,51923400,0.0,0.0
2015-01-02,2737.6287057976974,2845.563887746711,2718.0041272615135,2796.50244140625,107556600,0.0,0.0
2015-01-02,2845.5635735382184,2865.1881499074475,2816.126708984375,2816.126708984375,103726400,0.0,0.0
2015-01-02,2845.5634232641946,2845.5634232641946,2747.440546599912,2786.689697265625,48035600,0.0,0.0
2015-01-02,2825.938978794643,2825.938978794643,2747.440673828125,2747.440673828125,50517400,0.0,0.0
2015-01-02,2767.065165127841,2786.6897407670454,2688.5668625710227,2698.379150390625,120574200,0.0,0.0
2015-01-02,2698.3792818509614,2806.314453125,2698.3792818509614,2806.314453125,156118000,0.0,0.0
2015-01-02,2796.5023096209993,2835.75146484375,2757.253154398248,2835.75146484375,86362400,0.0,0.0
2015-01-02,2855.375710930623,2855.375710930623,2767.0651219327683,2786.689697265625,56807000,0.0,0.0
2015-01-02,2786.689761330895,2806.314337114916,2767.065185546875,2767.065185546875,40131000,0.0,0.0
2015-01-02,2767.065443203936,2835.75146484375,2757.253154398248,2835.75146484375,76140200,0.0,0.0
2015-01-02,2835.75146484375,2845.563753649438,2806.3145984266866,2835.75146484375,72789600,0.0,0.0
2015-01-02,2825.9389971689893,2835.751285353604,2806.3144207997602,2816.126708984375,30911600,0.0,0.0
2015-01-02,2816.1266130118534,2865.1880522629313,2806.314325161638,2845.5634765625,101125800,0.0,0.0
2015-01-02,2884.8125,2943.686224489796,2835.75106292517,2884.8125,92374400,0.0,0.0
2015-01-02,2835.7513180179194,2855.3758946131993,2786.68987652972,2806.314453125,63127600,0.0,0.0
2015-01-02,2796.50216482736,2816.1267414226395,2786.68987652972,2806.314453125,56217000,0.0,0.0
2015-01-02,2835.75106292517,2894.6247874149662,2816.126488095238,2884.8125,97473400,0.0,0.0
2015-01-02,2875.000286263479,2875.000286263479,2776.8774095991967,2786.689697265625,78633400,0.0,0.0
2015-01-02,2786.689844430531,2855.375861722833,2718.0038271382296,2816.126708984375,112673000,0.0,0.0
2015-01-02,2845.5635550362726,2845.5635550362726,2727.8160975864957,2747.440673828125,219340400,0.0,0.0
2015-01-02,2747.440578069788,2796.5020169638915,2727.816002512147,2776.87744140625,93119800,0.0,0.0
2015-01-02,2776.877764383952,2845.5637868245444,2747.440897623698,2825.939208984375,70416400,0.0,0.0
2015-01-02,2825.9390297202794,2835.7513180179194,2786.68987652972,2806.314453125,46109400,0.0,0.0
2015-01-02,2806.3144207997602,2845.5635735382184,2786.689844430531,2816.126708984375,52050400,0.0,0.0
2015-01-02,2816.126790085884,2865.188232421875,2816.126790085884,2865.188232421875,64289400,0.0,0.0
2015-01-02,2855.3758946131993,2865.188182910839,2806.314453125,2806.314453125,56064200,0.0,0.0
2015-01-02,2845.563350340136,2884.8125,2796.501913265306,2884.8125,42688600,0.0,0.0
2015-01-02,2825.939208984375,2835.75149790446,2786.6900533040366,2825.939208984375,93532200,0.0,0.0
2015-01-02,2825.9393092105265,2835.7515984786187,2796.50244140625,2796.50244140625,50091200,0.0,0.0
2015-01-02,2796.502132615146,2825.9389971689893,2786.689844430531,2816.126708984375,65061400,0.0,0.0
2015-01-02,2806.314293720468,2875.0003079024377,2796.502005980187,2855.375732421875,75677400,0.0,0.0
2015-01-02,2865.1880522629313,2875.0003401131466,2825.938900862069,2845.5634765625,69082400,0.0,0.0
2015-01-02,2835.7513180179194,2835.7513180179194,2776.87758823208,2806.314453125,83945200,0.0,0.0
2015-01-02,2786.689729185071,2806.314304742712,2776.87744140625,2776.87744140625,57932600,0.0,0.0
2015-01-02,2806.314453125,2845.5636063155594,2786.68987652972,2806.314453125,49859600,0.0,0.0
2015-01-02,2816.126625006926,2825.938912898936,2767.065185546875,2767.065185546875,34814400,0.0,0.0
2015-01-02,2767.0651536274295,2806.314304742712,2767.0651536274295,2776.87744140625,44565000,0.0,0.0
2015-01-02,2786.689761330895,2806.314337114916,2727.816033978834,2767.065185546875,54902200,0.0,0.0
2015-01-02,2767.0652500697547,2786.689826311384,2737.6283857073104,2747.440673828125,34096400,0.0,0.0
2015-01-02,2767.065185546875,2767.065185546875,2737.6283218708445,2767.065185546875,39835400,0.0,0.0
2015-01-02,2776.8774095991967,2796.5019849320533,2747.440546599912,2786.689697265625,20860200,0.0,0.0
2015-01-02,2786.6900404526245,2796.5023293274576,2757.253173828125,2757.253173828125,34951600,0.0,0.0
2015-01-02,2786.689761330895,2796.5020492229055,2757.2528976548647,2767.065185546875,30999600,0.0,0.0
2015-01-02,2776.877556245917,2825.9389971689893,2767.065268061302,2816.126708984375,44541400,0.0,0.0
2015-01-02,2806.3146182022906,2816.126907077124,2718.004018328792,2757.253173828125,98910200,0.0,0.0
2015-01-02,2776.877751577791,2776.877751577791,2727.8163072036255,2757.253173828125,65651200,0.0,0.0
2015-01-02,2757.2528976548647,2786.689761330895,2757.2528976548647,2767.065185546875,68452800,0.0,0.0
2015-01-02,2776.8774734388853,2786.689761330895,2767.065185546875,2767.065185546875,44378600,0.0,0.0
2015-01-02,2786.689761330895,2786.689761330895,2747.4406097628544,2767.065185546875,50367600,0.0,0.0
2015-01-02,2767.06529993444,2806.314453125,2767.06529993444,2806.314453125,34249200,0.0,0.0
2015-01-02,2806.314730674342,2816.1270199424343,2786.6901521381583,2796.50244140625,35763800,0.0,0.0
2015-01-02,2776.877556245917,2835.751285353604,2776.877556245917,2816.126708984375,43651400,0.0,0.0
2015-01-02,2845.5637868245444,2855.376075744629,2806.314631144206,2825.939208984375,43188000,0.0,0.0
2015-01-02,2816.1266130118534,2845.5634765625,2786.689749461207,2845.5634765625,64484800,0.0,0.0
2015-01-02,2816.126907077124,2825.939195951957,2747.4408849532915,2757.253173828125,103093600,0.0,0.0
2015-01-02,2786.689844430531,2816.126708984375,2757.2529798766877,2816.126708984375,53067000,0.0,0.0
2015-01-02,2816.126790085884,2865.188232421875,2796.5022131514875,2865.188232421875,76806800,0.0,0.0
2015-01-02,2855.375732421875,2855.375732421875,2825.9388692010307,2855.375732421875,44476800,0.0,0.0
2015-01-02,2825.939176038062,2845.563753649438,2806.3145984266866,2835.75146484375,69268000,0.0,0.0
2015-01-02,2865.188247935828,2933.874267578125,2835.751382374843,2933.874267578125,140636400,0.0,0.0
2015-01-02,2933.874170568605,2982.935611548013,2904.4373059809604,2963.31103515625,113618000,0.0,0.0
2015-01-02,2992.747770820568,3002.56005859375,2963.310907501021,3002.56005859375,121145200,0.0,0.0
2015-01-02,3051.621729822063,3051.621729822063,2924.0619790577966,2933.874267578125,101700800,0.0,0.0
2015-01-02,2953.4988446187813,2953.4988446187813,2924.0619790577966,2933.874267578125,68769000,0.0,0.0
2015-01-02,2933.874267578125,2933.874267578125,2884.812824976484,2933.874267578125,60204000,0.0,0.0
2015-01-02,2924.0619790577966,2953.4988446187813,2904.4374020171404,2933.874267578125,36629400,0.0,0.0
2015-01-02,3002.56025390625,3002.56025390625,2933.874235026042,2943.6865234375,68867800,0.0,0.0
2015-01-02,2982.9355148565573,3031.9969542456456,2963.310939100922,2992.747802734375,158581800,0.0,0.0
2015-01-02,3022.185091994096,3031.997381253817,2982.9359349552115,3012.372802734375,107360800,0.0,0.0
2015-01-02,3022.1847820590615,3041.8093585659385,3002.5602055521845,3031.9970703125,107679400,0.0,0.0
2015-01-02,3051.621646819377,3051.621646819377,3002.5602055521845,3031.9970703125,81582600,0.0,0.0
2015-01-02,3022.1846861227964,3061.433837890625,2992.7478222969253,3061.433837890625,76263200,0.0,0.0
2015-01-02,3061.4339522349683,3100.68310546875,3012.3725106927413,3100.68310546875,67804400,0.0,0.0
2015-01-02,3110.4954592953823,3110.4954592953823,3041.809439689491,3081.05859375,74785000,0.0,0.0
2015-01-02,3090.8708822651274,3090.8708822651274,3012.3725741441085,3081.05859375,103038800,0.0,0.0
2015-01-02,3071.2463052348726,3120.3077478105097,3041.809439689491,3081.05859375,81303200,0.0,0.0
2015-01-02,3081.05859375,3110.4954592953823,3081.05859375,3081.05859375,31720800,0.0,0.0
2015-01-02,3071.2460301959327,3100.6828931051587,3051.621454923115,3090.87060546875,69476600,0.0,0.0
2015-01-02,3110.4951807415673,3120.307468377976,3071.2460301959327,3090.87060546875,85991000,0.0,0.0
2015-01-02,3031.997102811739,3090.8708329634233,3002.560237735897,3022.184814453125,170297000,0.0,0.0
2015-01-02,3031.997102811739,3041.809391170353,3002.560237735897,3022.184814453125,163299800,0.0,0.0
2015-01-02,3012.372346366932,3081.0583607792073,3002.56005859375,3002.56005859375,149532200,0.0,0.0
2015-01-02,3002.5600906121927,3031.9969542456456,2963.310939100922,2992.747802734375,110824000,0.0,0.0
2015-01-02,3022.184634140114,3031.9969219132963,2982.9354830473853,3002.56005859375,104914600,0.0,0.0
2015-01-02,2963.31103515625,2992.7478997438952,2943.686458764487,2963.31103515625,137667600,0.0,0.0
2015-01-02,2992.7478997438952,3022.18476433154,2963.31103515625,2963.31103515625,104072200,0.0,0.0
2015-01-02,2973.1232269787397,3031.9969542456456,2973.1232269787397,2992.747802734375,115109200,0.0,0.0
2015-01-02,3022.185091994096,3041.809670513538,2982.9359349552115,3012.372802734375,105803000,0.0,0.0
2015-01-02,3031.9969219132963,3031.9969219132963,2982.9354830473853,3002.56005859375,122401600,0.0,0.0
2015-01-02,3002.560173576109,3071.2461906186995,2992.747885427167,3041.809326171875,173513400,0.0,0.0
2015-01-02,3061.433870076367,3090.8707342117164,3051.62158203125,3051.62158203125,146735400,0.0,0.0
2015-01-02,3061.433888561321,3159.556769604953,3061.433888561321,3120.3076171875,291909800,0.0,0.0
2015-01-02,3139.9321933962265,3179.1813458136794,3120.3076171875,3120.3076171875,235559000,0.0,0.0
2015-01-02,3130.1196920593457,3139.9319794952685,3090.870542315655,3110.4951171875,212233400,0.0,0.0
2015-01-02,3155.9893240336496,3176.5495150696997,3125.149037479575,3145.709228515625,162364400,180.3178,0.0
2015-01-02,3166.2691081789494,3186.8292971930982,3145.7089191648,3155.989013671875,112672400,0.0,0.0
2015-01-02,3155.9892381870477,3207.389714379019,3145.709142948653,3197.109619140625,183894800,0.0,0.0
2015-01-02,3166.2691862184543,3258.7900390625,3166.2691862184543,3258.7900390625,210909800,0.0,0.0
2015-01-02,3269.070085464769,3279.3501800731487,3197.1094232061105,3227.94970703125,136083000,0.0,0.0
2015-01-02,3238.22998046875,3248.510075644841,3207.389694940476,3238.22998046875,95354400,0.0,0.0
2015-01-02,3279.350228583399,3299.910418104298,3238.2298495416007,3258.7900390625,160112200,0.0,0.0
2015-01-02,3269.070265997024,3279.350361173115,3227.9498852926586,3238.22998046875,82476000,0.0,0.0
2015-01-02,3258.790104733238,3279.3502946684634,3227.9498198303995,3248.510009765625,69174000,0.0,0.0
2015-01-02,3248.510075644841,3248.510075644841,3197.1095997643847,3238.22998046875,62912400,0.0,0.0
2015-01-02,3217.669677734375,3248.5099621855034,3197.1094881002896,3217.669677734375,82013800,0.0,0.0
2015-01-02,3207.389582917332,3238.2298673684604,3207.389582917332,3217.669677734375,82378200,0.0,0.0
2015-01-02,3207.3894862072475,3207.3894862072475,3145.7089191648,3155.989013671875,129476400,0.0,0.0
2015-01-02,3155.9891920213577,3197.1095723734275,3135.429001845323,3166.269287109375,136162800,0.0,0.0
2015-01-02,3207.389667461445,3207.389667461445,3155.9891920213577,3166.269287109375,94622400,0.0,0.0
2015-01-02,3166.2691081789494,3186.8292971930982,3145.7089191648,3155.989013671875,107966400,0.0,0.0
2015-01-02,3155.9891920213577,3186.82947728541,3135.429001845323,3166.269287109375,92691200,0.0,0.0
2015-01-02,3155.9891266560476,3186.829411281351,3145.7090317809466,3176.54931640625,90558600,0.0,0.0
2015-01-02,3176.549202686024,3186.8292971930982,3145.7089191648,3155.989013671875,63275600,0.0,0.0
2015-01-02,3155.9891449474894,3176.5493348168543,3114.86876520876,3135.428955078125,101496000,0.0,0.0
2015-01-02,3135.428841468131,3155.9890305925123,3114.86865234375,3114.86865234375,104508400,0.0,0.0
2015-01-02,3145.7089501642117,3248.509896248009,3135.428855555832,3227.94970703125,164354800,0.0,0.0
2015-01-02,3289.6303181475905,3454.1118340549697,3258.790033914957,3412.991455078125,337363200,0.0,0.0
2015-01-02,3371.871140955438,3423.2716156651245,3320.4706662457515,3402.71142578125,168301800,0.0,0.0
2015-01-02,3371.8710284479484,3474.671974437215,3299.9103662554617,3382.151123046875,179082600,0.0,0.0
2015-01-02,3392.4313774794164,3464.392043062313,3382.1512823961452,3433.5517578125,131930600,0.0,0.0
2015-01-02,3402.711312244728,3464.3918798382883,3382.151123046875,3382.151123046875,118272800,0.0,0.0
2015-01-02,3608.313262427985,3731.6743996050104,3567.1928833689767,3680.27392578125,443163800,0.0,0.0
2015-01-02,3546.6326189470724,3567.1928080424177,3423.271484375,3423.271484375,351637800,0.0,0.0
2015-01-02,3217.669689037182,3361.591016981337,3217.669689037182,3330.750732421875,498444800,0.0,0.0
2015-01-02,3330.7507507324217,3371.8711303710934,3289.63037109375,3289.63037109375,198922600,0.0,0.0
2015-01-02,3279.350361173115,3310.1906467013887,3176.5494094122023,3238.22998046875,162727200,0.0,0.0
2015-01-02,3238.2296870304986,3248.50978127504,3186.8292158077925,3207.389404296875,165507800,0.0,0.0
2015-01-02,3207.3895178144903,3289.6302746815286,3207.3895178144903,3227.94970703125,149548800,0.0,0.0
2015-01-02,3279.3502946684634,3299.910484603689,3207.389629895174,3248.510009765625,162519200,0.0,0.0
2015-01-02,3207.389629895174,3258.790104733238,3186.8294399599486,3248.510009765625,127740400,0.0,0.0
2015-01-02,3269.0701812744137,3310.190560913086,3269.0701812744137,3289.63037109375,106866400,0.0,0.0
2015-01-02,3310.1906467013887,3320.47074187748,3207.389694940476,3238.22998046875,144005200,0.0,0.0
2015-01-02,3269.070133822949,3310.1905128647477,3248.5099443020504,3258.7900390625,134555000,0.0,0.0
2015-01-02,3248.509896248009,3310.190463898288,3217.66961242287,3227.94970703125,132635400,0.0,0.0
2015-01-02,3289.6303530092596,3341.030827275029,3269.0701633029516,3330.750732421875,155078600,0.0,0.0
2015-01-02,3371.870849609375,3371.870849609375,3289.6300971798782,3371.870849609375,117617200,0.0,0.0
2015-01-02,3402.711325970818,3495.232177734375,3382.1511366900277,3495.232177734375,262054000,0.0,0.0
2015-01-02,3423.2713198778106,3433.551413931498,3310.1902852872527,3371.870849609375,203021800,0.0,0.0
2015-01-02,3402.7111317704366,3412.991225824124,3371.870849609375,3371.870849609375,147960000,0.0,0.0
2015-01-02,3371.8712255559817,3433.5517967551764,3299.910559156921,3351.31103515625,148785000,0.0,0.0
2015-01-02,3371.87107610128,3433.5516445665476,3351.3108866128578,3412.991455078125,132673800,0.0,0.0
2015-01-02,3382.151392618815,3464.392155965169,3351.311106363932,3454.112060546875,153409200,0.0,0.0
2015-01-02,3454.11175120549,3495.2321291960316,3433.551562210219,3464.391845703125,216804400,0.0,0.0
2015-01-02,3402.7114444464355,3423.2716344430905,3351.3109694547975,3361.591064453125,165119600,0.0,0.0
2015-01-02,3289.6303530092596,3330.750732421875,3269.0701633029516,3330.750732421875,122467200,0.0,0.0
2015-01-02,3289.6300971798782,3371.870849609375,3289.6300971798782,3371.870849609375,100136600,0.0,0.0
2015-01-02,3341.0307918686462,3423.271549822336,3341.0307918686462,3412.991455078125,142400800,0.0,0.0
2015-01-02,3495.2322615438434,3495.2322615438434,3412.991502448694,3443.831787109375,186692600,0.0,0.0
2015-01-02,3361.59083618542,3392.4311190862036,3320.470458984375,3320.470458984375,156836200,0.0,0.0
2015-01-02,3330.7505859375,3392.43115234375,3310.190397135417,3392.43115234375,74978200,0.0,0.0
2015-01-02,3412.9913411458338,3433.551529947917,3371.8709635416667,3392.43115234375,62996600,0.0,0.0
2015-01-02,3371.8712255559817,3402.711511155579,3341.0309399563844,3351.31103515625,88306600,0.0,0.0
2015-01-02,3351.31103515625,3382.1513207558473,3330.7508447565183,3351.31103515625,48817400,0.0,0.0
2015-01-02,3371.87107610128,3412.991455078125,3351.3108866128578,3412.991455078125,60638400,0.0,0.0
2015-01-02,3454.111785239362,3454.111785239362,3320.470555453315,3382.151123046875,76574400,0.0,0.0
2015-01-02,3351.3111012620193,3371.871292067308,3289.630528846154,3341.031005859375,110131200,0.0,0.0
2015-01-02,3330.7508844339623,3341.0309797562895,3269.0703125,3269.0703125,113216400,0.0,0.0
2015-01-02,3289.6303233438484,3330.7507023856465,3248.5099443020504,3258.7900390625,125507600,0.0,0.0
2015-01-02,3238.2299724378086,3258.790162739001,3114.868830630654,3125.14892578125,191672200,0.0,0.0
2015-01-02,3114.868870090794,3155.989251214105,2991.5077267208617,3042.908203125,246417000,0.0,0.0
2015-01-02,3063.4684643714254,3176.5495150696997,3063.4684643714254,3145.709228515625,90919800,0.0,0.0
2015-01-02,3145.709068729236,3145.709068729236,3022.3479287790697,3094.30859375,180812800,0.0,0.0
2015-01-02,3084.028517597854,3104.588707715173,3053.188232421875,3053.188232421875,120444800,0.0,0.0
2015-01-02,3104.5888214621655,3104.5888214621655,3042.9082488503345,3073.74853515625,57156600,0.0,0.0
2015-01-02,3073.74853515625,3094.3087260268603,3042.9082488503345,3073.74853515625,22860800,0.0,0.0
2015-01-02,3073.748422539194,3073.748422539194,3032.628042304556,3053.188232421875,51524400,0.0,0.0
2015-01-02,3042.9080420425257,3053.188136779156,2991.507568359375,2991.507568359375,142494200,0.0,0.0
2015-01-02,2981.227473622745,3032.6279473058958,2960.6672841494847,2991.507568359375,158438200,0.0,0.0
2015-01-02,3001.7876810213415,3042.9080602134145,2950.38720703125,2950.38720703125,191949400,0.0,0.0
2015-01-02,2970.947425894186,3022.347900390625,2970.947425894186,3022.347900390625,152078400,0.0,0.0
2015-01-02,3022.3479472458966,3063.4683274805348,2991.507662069918,3053.188232421875,128963600,0.0,0.0
2015-01-02,3104.5886802190466,3269.0701997008505,3104.5886802190466,3248.510009765625,215712600,0.0,0.0
2015-01-02,3289.630389636076,3289.630389636076,3176.549344992336,3248.510009765625,125699200,0.0,0.0
2015-01-02,3258.789990856389,3258.789990856389,3197.1094232061105,3227.94970703125,54461200,0.0,0.0
2015-01-02,3238.230000094202,3248.5100953325964,3197.109619140625,3197.109619140625,30750600,0.0,0.0
2015-01-02,3217.669706726074,3299.9104660034177,3207.389611816406,3289.63037109375,58317600,0.0,0.0
2015-01-02,3310.1905427155675,3341.030827275029,3289.6303530092596,3330.750732421875,87439200,0.0,0.0
2015-01-02,3299.9103351853646,3371.8709967003106,3299.9103351853646,3310.1904296875,94427400,0.0,0.0
2015-01-02,3382.151235897375,3433.551710607062,3351.3109510715635,3402.71142578125,132709400,0.0,0.0
2015-01-02,3371.870946806426,3382.151041156446,3279.35009765625,3279.35009765625,95909000,0.0,0.0
2015-01-02,3289.6303994648315,3361.591064453125,3279.350304466504,3361.591064453125,57458200,0.0,0.0
2015-01-02,3361.5908691406253,3392.43115234375,3310.190397135417,3392.43115234375,55822800,0.0,0.0
2015-01-02,3412.9913411458338,3412.9913411458338,3351.3107747395834,3392.43115234375,75188600,0.0,0.0
2015-01-02,3402.711246744792,3412.9913411458338,3361.5908691406253,3392.43115234375,64150800,0.0,0.0
2015-01-02,3392.4313774794164,3433.5517578125,3382.1512823961452,3433.5517578125,82522000,0.0,0.0
2015-01-02,3464.391958771202,3536.3526226032445,3454.111863938053,3484.9521484375,117148200,0.0,0.0
2015-01-02,3433.551830203034,3536.352783203125,3392.431449002998,3536.352783203125,79950200,0.0,0.0
2015-01-02,3546.6328318307824,3567.1930221602365,3464.392070512967,3505.512451171875,106627400,0.0,0.0
2015-01-02,3505.512338103798,3526.072527770096,3464.391958771202,3484.9521484375,62626200,0.0,0.0
2015-01-02,3474.671875,3515.792252218935,3454.1116863905327,3474.671875,44464800,0.0,0.0
2015-01-02,3515.792546336602,3556.9129269955097,3484.9522608424213,3505.512451171875,109260400,0.0,0.0
2015-01-02,3608.313450303189,3618.5935456031975,3526.072687903116,3536.352783203125,116693200,0.0,0.0
2015-01-02,3536.352556295956,3556.9127455767466,3495.232177734375,3495.232177734375,48290200,0.0,0.0
2015-01-02,3464.392070512967,3515.792546336602,3433.5517850187866,3505.512451171875,121399800,0.0,0.0
2015-01-02,3495.232577558877,3567.1932482733246,3474.672385926178,3546.633056640625,95553400,0.0,0.0
2015-01-02,3536.3529608242757,3577.473344089674,3515.792769191576,3546.633056640625,60958200,0.0,0.0
2015-01-02,3515.7924149849673,3546.6326993269404,3464.3919410816784,3526.072509765625,77254800,0.0,0.0
2015-01-02,3546.632650936351,3556.9127455767466,3495.232177734375,3495.232177734375,82356600,0.0,0.0
2015-01-02,3454.1119106359647,3536.3526704130113,3433.551720691703,3515.79248046875,62683800,0.0,0.0
2015-01-02,3546.632746878387,3598.0332214708274,3526.0725570414106,3556.912841796875,109649400,0.0,0.0
2015-01-02,3495.23247153072,3639.15380859375,3474.672280521716,3639.15380859375,151631600,0.0,0.0
2015-01-02,3639.1536116399684,3680.2739914325107,3567.19294700302,3669.993896484375,120967800,0.0,0.0
2015-01-02,3690.5542861162603,3700.8343816207625,3587.7533310712392,3639.15380859375,90044600,0.0,0.0
2015-01-02,3639.1535467222416,3700.834115310754,3618.593357192737,3680.27392578125,60491000,0.0,0.0
2015-01-02,3690.554105158906,3700.8342001593487,3618.5934401558075,3628.87353515625,65296200,0.0,0.0
2015-01-02,3608.313215228873,3649.43359375,3587.75302596831,3649.43359375,97771400,0.0,0.0
2015-01-02,3659.7137362517456,3741.9544943697624,3628.873451957489,3680.27392578125,96931000,0.0,0.0
2015-01-02,3731.67431640625,3741.9544109418043,3680.273843728478,3731.67431640625,128510800,0.0,0.0
2015-01-02,3762.514826720027,3783.0750170299725,3731.6745412551086,3772.794921875,110819000,0.0,0.0
2015-01-02,3803.635454127397,3906.436412347057,3793.3553583054313,3885.876220703125,185487800,0.0,0.0
2015-01-02,3813.9154610582577,3865.315938970094,3783.075174311156,3824.195556640625,119631200,0.0,0.0
2015-01-02,3865.315560243984,3906.435938544452,3824.1951819435158,3844.75537109375,156750600,0.0,0.0
2015-01-02,3813.9152550330527,3824.195350060096,3711.11430476262,3741.95458984375,167812600,0.0,0.0
2015-01-02,3803.6348304645157,3824.195018737297,3762.514453918953,3793.354736328125,137396600,0.0,0.0
2015-01-02,3834.4754260519276,3855.0356160039487,3783.074951171875,3783.074951171875,140752200,0.0,0.0
2015-01-02,3762.5148076882583,3813.915283203125,3741.9546174823113,3813.915283203125,71044400,0.0,0.0
2015-01-02,3813.9152360999065,3824.1953310759172,3772.7948561958647,3783.074951171875,96479200,0.0,0.0
2015-01-02,3783.074951171875,3803.635141123896,3762.514761219854,3783.074951171875,61877000,0.0,0.0
2015-01-02,3752.234536660684,3855.035482870566,3680.273874313767,3803.635009765625,133769600,0.0,0.0
2015-01-02,3803.634992793282,3844.75537109375,3783.074803643048,3844.75537109375,130959400,0.0,0.0
2015-01-02,3885.8761301348286,3947.556703629032,3813.9154610582577,3824.195556640625,133085000,0.0,0.0
2015-01-02,3844.7553882495777,3855.035482870566,3783.0748205236487,3803.635009765625,67945200,0.0,0.0
2015-01-02,3824.195470511439,3875.595947265625,3793.3551844589274,3875.595947265625,113501000,0.0,0.0
2015-01-02,3834.4754734090716,3855.0356636150186,3793.3550929971784,3813.915283203125,54662400,0.0,0.0
2015-01-02,3824.195018737297,3855.0353011464686,3793.354736328125,3793.354736328125,90247000,0.0,0.0
2015-01-02,3824.1953783060985,3896.1560440269122,3813.915283203125,3813.915283203125,75891600,0.0,0.0
2015-01-02,3824.1954905328416,3834.4755859375,3793.355204318867,3834.4755859375,43279200,0.0,0.0
2015-01-02,3834.475565862276,3875.595947265625,3813.915375160602,3875.595947265625,51267000,0.0,0.0
2015-01-02,3855.035843387727,3865.315938970094,3813.9154610582577,3824.195556640625,55465000,0.0,0.0
2015-01-02,3875.5960345524613,3875.5960345524613,3803.6353654758905,3824.195556640625,71925600,0.0,0.0
2015-01-02,3855.0357565639506,3906.4362333181366,3824.195470511439,3875.595947265625,118731400,0.0,0.0
2015-01-02,3906.4356112920514,3926.9957987199045,3834.4749552945664,3896.155517578125,58832000,0.0,0.0
2015-01-02,3968.116873233876,3968.116873233876,3855.035822442237,3865.31591796875,106401600,0.0,0.0
2015-01-02,3885.876220703125,3896.156316525091,3824.195645771329,3885.876220703125,60905200,0.0,0.0
2015-01-02,3906.435791015625,3937.2760735762745,3885.8756026418587,3906.435791015625,67904400,0.0,0.0
2015-01-02,3855.035142722419,3937.275892433831,3834.4749552945664,3896.155517578125,71544800,0.0,0.0
2015-01-02,3844.755859375,4081.1980646306815,3844.755859375,4070.91796875,102422400,0.0,0.0
2015-01-02,4112.038137832125,4297.079854034571,4081.197851798385,4255.95947265625,183987800,0.0,0.0
2015-01-02,4245.679643435595,4317.640315358231,4214.83935546875,4214.83935546875,102168000,0.0,0.0
2015-01-02,4225.119273141428,4297.079942027048,4204.55908203125,4204.55908203125,83305200,0.0,0.0
2015-01-02,4204.558903712852,4214.838998831955,4112.038047640931,4194.27880859375,80531400,0.0,0.0
2015-01-02,4194.27880859375,4245.679284189261,4132.598237879136,4194.27880859375,84531200,0.0,0.0
2015-01-02,4163.438523236443,4204.558903712852,4153.158428117341,4194.27880859375,102437400,0.0,0.0
2015-01-02,4235.398766106339,4338.19970703125,4204.558483828866,4338.19970703125,173874600,0.0,0.0
2015-01-02,4358.759793795072,4358.759793795072,4204.558385995719,4276.51904296875,111898000,0.0,0.0
2015-01-02,4266.2390591074745,4276.519153225806,4101.757553214175,4142.8779296875,127515400,0.0,0.0
2015-01-02,4091.4776830274873,4194.278629837223,4091.4776830274873,4183.99853515625,119598600,0.0,0.0
2015-01-02,4122.318272783252,4173.71875,4112.038177339902,4173.71875,70781200,0.0,0.0
2015-01-02,4183.999067501905,4214.83935546875,4112.038395579269,4214.83935546875,98034400,0.0,0.0
2015-01-02,4225.119227216749,4225.119227216749,4142.878463669951,4173.71875,39585800,0.0,0.0
2015-01-02,4132.598368226601,4173.71875,4132.598368226601,4173.71875,68010400,0.0,0.0
2015-01-02,4132.598014000619,4173.7183922493805,4112.037824876237,4153.158203125,61964000,0.0,0.0
2015-01-02,4235.398844986511,4297.0794106901985,4204.558562134667,4286.79931640625,102008200,0.0,0.0
2015-01-02,4338.200507336128,4338.200507336128,4173.718971512957,4214.83935546875,61055200,0.0,0.0
2015-01-02,4235.3995474466465,4235.3995474466465,4153.158779535061,4214.83935546875,83000800,0.0,0.0
2015-01-02,4153.158466796875,4183.998752441406,4070.917705078125,4112.0380859375,128257800,0.0,0.0
2015-01-02,4050.3577769886365,4122.318448153409,4050.3577769886365,4070.91796875,167562600,0.0,0.0
2015-01-02,4091.4776830274873,4204.558724518197,4081.197588346514,4183.99853515625,111646200,0.0,0.0
2015-01-02,4183.998486811572,4194.278581373762,4122.317919438428,4153.158203125,52311600,0.0,0.0
2015-01-02,4132.5981915509265,4214.838951581791,4132.5981915509265,4163.4384765625,79850600,0.0,0.0
2015-01-02,4163.438523236443,4235.399189070159,4163.438523236443,4194.27880859375,78250600,0.0,0.0
2015-01-02,4204.55908203125,4235.399368696516,4194.278986476162,4204.55908203125,59701400,0.0,0.0
2015-01-02,4204.558724518197,4204.558724518197,4153.158251113329,4183.99853515625,77984800,0.0,0.0
2015-01-02,4183.998666570216,4225.119046585648,4163.4384765625,4163.4384765625,64779000,0.0,0.0
2015-01-02,4214.838914478662,4297.079673785563,4194.2787246519365,4245.67919921875,72261000,0.0,0.0
2015-01-02,4245.679163264548,4441.000964964371,4245.679163264548,4327.919921875,347136800,0.0,0.0
2015-01-02,4327.919512235201,4379.319981501652,4276.51904296875,4276.51904296875,141493000,0.0,0.0
2015-01-02,4276.519447743468,4327.919921875,4245.679163264548,4327.919921875,70811400,0.0,0.0
2015-01-02,4379.319975754311,4523.241289511495,4348.479694234914,4471.8408203125,146472800,0.0,0.0
2015-01-02,4471.840999498279,4523.2414707568805,4410.160433987959,4482.12109375,139360200,0.0,0.0
2015-01-02,4369.040703830949,4399.880991152108,4266.23974609375,4266.23974609375,200886200,0.0,0.0
2015-01-02,4142.877749922264,4204.558311955846,4101.757375233209,4132.59765625,279908400,0.0,0.0
2015-01-02,4091.477849004251,4132.598229396253,4040.0773735142475,4081.19775390625,241338200,0.0,0.0
2015-01-02,4040.0770674662376,4112.037727701005,4019.5168788277324,4091.4775390625,183717600,0.0,0.0
2015-01-02,4019.517489346591,4112.038352272727,4019.517489346591,4070.91796875,224176000,0.0,0.0
2015-01-02,4142.878010658763,4153.158104978015,4091.4775390625,4091.4775390625,162689200,0.0,0.0
2015-01-02,4070.91796875,4122.318448153409,4070.91796875,4070.91796875,82673400,0.0,0.0
2015-01-02,4040.0771629409032,4153.158203125,4040.0771629409032,4153.158203125,770252400,0.0,0.0
2015-01-02,4112.0380859375,4142.878371582031,4070.917705078125,4112.0380859375,100871400,0.0,0.0
2015-01-02,4112.037468905472,4132.59765625,4091.4772815609454,4132.59765625,56633800,0.0,0.0
2015-01-02,4163.438562011719,4163.438562011719,4112.0380859375,4112.0380859375,37945200,0.0,0.0
2015-01-02,4153.158104978015,4153.158104978015,4091.4775390625,4091.4775390625,78836200,0.0,0.0
2015-01-02,4070.9176588082496,4112.038039200252,4070.9176588082496,4081.19775390625,38571200,0.0,0.0
2015-01-02,4101.757375233209,4132.59765625,4091.4772815609454,4132.59765625,19578800,0.0,0.0
2015-01-02,4132.59791633951,4132.59791633951,4060.6372561047424,4091.4775390625,43282000,0.0,0.0
2015-01-02,4112.037907268171,4112.037907268171,4050.357338659148,4101.7578125,30258400,0.0,0.0
2015-01-02,4070.917528195489,4101.7578125,4060.6374334273187,4101.7578125,56981400,0.0,0.0
2015-01-02,4112.038039200252,4132.598229396253,4081.19775390625,4081.19775390625,40655800,0.0,0.0
2015-01-02,4081.197886174842,4101.758077037184,4060.6376953125005,4060.6376953125,5985400,0.0,0.0
2015-01-02,4050.35716178549,4101.757633381752,4050.35716178549,4091.4775390625,13815200,0.0,0.0
2015-01-02,4122.31787109375,4142.878059977011,4101.757682210489,4122.31787109375,38575800,0.0,0.0
2015-01-02,4132.5979991650765,4132.5979991650765,3998.956770336355,4040.0771484375,84945800,0.0,0.0
2015-01-02,3998.9573196099727,4029.797607421875,3947.5568399234694,4029.797607421875,44097000,0.0,0.0
2015-01-02,4009.2368816777794,4050.3572599513977,3947.5563142673523,3998.956787109375,67250600,0.0,0.0
2015-01-02,3906.4361391298853,3926.9963293358323,3772.7949027912314,3813.915283203125,214538800,0.0,0.0
2015-01-02,3731.6743996050104,3772.7947786640184,3659.7137362517456,3680.27392578125,193915000,0.0,0.0
2015-01-02,3700.834191363791,3885.87590093198,3700.834191363791,3783.074951171875,219659400,0.0,0.0
2015-01-02,3752.2347315650545,3793.3551121849455,3721.394446100136,3772.794921875,107483800,0.0,0.0
2015-01-02,3741.954791981687,3844.7557478053595,3741.954791981687,3824.195556640625,145710000,0.0,0.0
2015-01-02,3865.315730168269,4040.077345628005,3855.035635141226,4009.237060546875,146238000,0.0,0.0
2015-01-02,3968.1167183920975,4019.5171940189384,3906.436147639889,3926.996337890625,95360600,0.0,0.0
2015-01-02,3947.5564903846152,4040.077345628005,3916.7162053034854,4009.237060546875,81704200,0.0,0.0
2015-01-02,4050.357338659148,4112.037907268171,4029.7971491228072,4101.7578125,93227400,0.0,0.0
2015-01-02,4050.3577769886365,4101.758256392045,4029.7975852272725,4070.91796875,35028000,0.0,0.0
2015-01-02,4029.7971367590208,4050.357326232281,3988.6767578125,3988.6767578125,72767800,0.0,0.0
2015-01-02,4019.5169593869277,4060.6373374880727,4009.236864861641,4040.0771484375,70558600,0.0,0.0
2015-01-02,4070.9173988855987,4173.718343301902,4070.9173988855987,4122.31787109375,216788400,0.0,0.0
2015-01-02,4122.317822020257,4163.438199297268,4060.6372561047424,4091.4775390625,82589400,0.0,0.0
2015-01-02,4122.317822020257,4153.158104978015,4060.6372561047424,4091.4775390625,167297000,0.0,0.0
2015-01-02,4091.4777051788014,4132.598084125322,3978.39666307587,3988.6767578125,165628800,0.0,0.0
2015-01-02,3998.956787109375,4009.2368816777794,3937.2762196989474,3998.956787109375,99351800,0.0,0.0
2015-01-02,4009.237088220246,4091.477849004251,4009.237088220246,4081.19775390625,108125400,0.0,0.0
2015-01-02,4081.197886174842,4132.598363330697,4009.2372181566457,4060.6376953125,109098400,0.0,0.0
2015-01-02,4091.4776830274873,4204.558724518197,4070.9174936655404,4183.99853515625,118132000,0.0,0.0
2015-01-02,4163.438523236443,4204.558903712852,4153.158428117341,4194.27880859375,75656000,0.0,0.0
2015-01-02,4235.3995474466465,4276.519931402439,4214.83935546875,4214.83935546875,121757400,0.0,0.0
2015-01-02,4297.079492661559,4297.079492661559,4173.71835890094,4235.39892578125,81114600,0.0,0.0
2015-01-02,4338.200235412893,4338.200235412893,4214.839091277929,4255.95947265625,56771800,0.0,0.0
2015-01-02,4297.08003341491,4297.08003341491,4225.119362998871,4266.23974609375,39570600,0.0,0.0
2015-01-02,4235.399368696516,4255.9595598066935,4153.1586042558065,4204.55908203125,75595200,0.0,0.0
2015-01-02,4204.558724518197,4225.118913880144,4163.438345794302,4183.99853515625,49569000,0.0,0.0
2015-01-02,4183.998453380992,4235.39892578125,4153.158169940837,4235.39892578125,58521000,0.0,0.0
2015-01-02,4235.399235857664,4235.399235857664,4194.278854927007,4225.119140625,40696400,0.0,0.0
2015-01-02,4235.399189070159,4235.399189070159,4183.998713474648,4194.27880859375,52604400,0.0,0.0
2015-01-02,4163.438562011719,4183.998752441406,4091.4778955078123,4112.0380859375,75513400,0.0,0.0
2015-01-02,4101.757553214175,4153.158023805831,4081.1973649775123,4142.8779296875,177505200,0.0,0.0
2015-01-02,4163.4384765625,4204.558856577933,4142.878286554785,4163.4384765625,54138200,0.0,0.0
2015-01-02,4142.878463669951,4173.71875,4132.598368226601,4173.71875,47901800,0.0,0.0
2015-01-02,4142.878371582031,4173.718657226563,4112.0380859375,4112.0380859375,146440400,0.0,0.0
2015-01-02,4173.7183922493805,4194.278581373762,4132.598014000619,4153.158203125,89565600,0.0,0.0
2015-01-02,4173.718795365984,4235.399368696516,4173.718795365984,4204.55908203125,72991800,0.0,0.0
2015-01-02,4194.278218283583,4214.838405628109,4122.317562577737,4132.59765625,88630600,0.0,0.0
2015-01-02,4183.998666570216,4204.558856577933,4142.878286554785,4163.4384765625,53728800,0.0,0.0
2015-01-02,4173.718440475276,4225.118913880144,4163.438345794302,4183.99853515625,80065800,0.0,0.0
2015-01-02,4214.839045392336,4225.119140625,4183.998759694343,4225.119140625,104838200,0.0,0.0
2015-01-02,4276.51940041866,4317.639779268839,4255.95921099357,4297.07958984375,83286000,0.0,0.0
2015-01-02,4286.79993764119,4286.79993764119,4225.119362998871,4266.23974609375,107531000,0.0,0.0
2015-01-02,4225.119186622509,4266.23956800083,4204.558995933348,4255.95947265625,92827600,0.0,0.0
2015-01-02,4194.278799984257,4225.119085278259,4050.3574686122483,4081.19775390625,191898400,0.0,0.0
2015-01-02,4132.59765625,4183.998124611318,4050.3569068718907,4132.59765625,262828600,0.0,0.0
2015-01-02,4142.878276689404,4142.878276689404,4040.077326895622,4050.357421875,135467400,0.0,0.0
2015-01-02,4091.4776357518563,4163.43829768719,4081.1975411896656,4153.158203125,224171600,0.0,0.0
2015-01-02,4132.598276367187,4153.158466796875,4112.0380859375,4112.0380859375,46333000,0.0,0.0
2015-01-02,4153.158607700893,4317.64013671875,4142.878512137277,4317.64013671875,131331000,0.0,0.0
2015-01-02,4369.040056981078,4502.68128225344,4348.479868477637,4482.12109375,222156200,0.0,0.0
2015-01-02,4494.8002833946075,4505.605091768152,4408.36181640625,4408.36181640625,151825600,264.6684,0.0
2015-01-02,4408.362181712963,4440.776609519676,4365.142944637346,4375.94775390625,103951000,0.0,0.0
2015-01-02,4429.971682046346,4483.995726949351,4408.362064085145,4473.19091796875,107454600,0.0,0.0
2015-01-02,4473.191038546761,4494.8006570904645,4419.1669921875,4419.1669921875,97186200,0.0,0.0
2015-01-02,4440.776126002573,4462.3857421875,4408.361701725182,4462.3857421875,92013200,0.0,0.0
2015-01-02,4494.800660629454,4548.82470703125,4494.800660629454,4548.82470703125,101724400,0.0,2.0
2015-01-02,4538.02001953125,4581.2392578125,4408.3623046875,4494.80078125,94482600,0.0,2.0
2015-01-02,4451.581302332535,4538.019774222488,4451.581302332535,4516.41015625,42655500,0.0,0.0
2015-01-02,4516.410153891154,4516.410153891154,4451.581300007549,4473.19091796875,47999400,0.0,0.0
2015-01-02,4451.581049900429,4473.190666647519,4365.142582912071,4408.36181640625,74787800,0.0,0.0
2015-01-02,4408.36181640625,4408.36181640625,4365.142582912071,4408.36181640625,37744800,0.0,0.0
2015-01-02,4408.361821146845,4516.4099049984825,4408.361821146845,4451.5810546875,111901500,0.0,0.0
2015-01-02,4473.190915586891,4494.800533536585,4429.9716796875,4429.9716796875,67928500,0.0,0.0
2015-01-02,4451.581302332535,4538.019774222488,4451.581302332535,4516.41015625,142479800,0.0,0.0
2015-01-02,4516.4101514862805,4538.019769435976,4429.9716796875,4429.9716796875,95789900,0.0,0.0
2015-01-02,4451.581300007549,4538.019771852355,4429.971682046346,4473.19091796875,106962300,0.0,0.0
2015-01-02,4667.677734375,4689.287353515625,4473.191162109375,4494.80078125,207338000,0.0,0.0
2015-01-02,4473.191162109375,4516.410400390625,4473.191162109375,4494.80078125,51076300,0.0,0.0
2015-01-02,4516.410153891154,4516.410153891154,4451.581300007549,4473.19091796875,116957800,0.0,0.0
2015-01-02,4538.02001953125,4538.02001953125,4473.191162109375,4538.02001953125,98024100,0.0,0.0
2015-01-02,4538.019774222488,4538.019774222488,4451.581302332535,4516.41015625,110683000,0.0,0.0
2015-01-02,4473.19091796875,4516.410153891154,4429.971682046346,4473.19091796875,100945900,0.0,0.0
2015-01-02,4473.19091796875,4494.800535929951,4429.971682046346,4473.19091796875,64499500,0.0,0.0
2015-01-02,4473.190915586891,4494.800533536585,4429.9716796875,4429.9716796875,64678000,0.0,0.0
2015-01-02,4408.361811571783,4429.971428295174,4365.142578125,4365.142578125,93531000,0.0,0.0
2015-01-02,4365.142823468288,4429.971677282174,4365.142823468288,4386.75244140625,58148200,0.0,0.0
2015-01-02,4386.75219965916,4408.36181640625,4343.532966164981,4408.36181640625,63262300,0.0,0.0
2015-01-02,4386.752189941406,4386.752189941406,4321.92333984375,4321.92333984375,105407300,0.0,0.0
2015-01-02,4365.142578125,4365.142578125,4321.923344678218,4365.142578125,76451700,0.0,0.0
2015-01-02,4386.752486907409,4386.752486907409,4304.6359378914085,4313.27978515625,42752200,0.0,0.0
2015-01-02,4313.279493164063,4386.752189941406,4304.635646484375,4321.92333984375,63396700,0.0,0.0
2015-01-02,4386.75244140625,4408.362059344212,4343.533205530326,4386.75244140625,78499800,0.0,0.0
2015-01-02,4408.36206638756,4538.019774222488,4386.752448415072,4516.41015625,120027200,0.0,0.0
2015-01-02,4494.800533536585,4538.019769435976,4408.362061737805,4429.9716796875,165534100,0.0,0.0
2015-01-02,4429.971677282174,4451.581295220136,4365.142823468288,4386.75244140625,125575300,0.0,0.0
2015-01-02,4365.142828162741,4473.19091796875,4365.142828162741,4473.19091796875,76424100,0.0,0.0
2015-01-02,4473.190915586891,4494.800533536585,4408.362061737805,4429.9716796875,42313700,0.0,0.0
2015-01-02,4473.190671457827,4473.190671457827,4408.361821146845,4451.5810546875,60646900,0.0,0.0
2015-01-02,4408.361821146845,4494.800288228155,4408.361821146845,4451.5810546875,49086100,0.0,0.0
2015-01-02,4473.190661741955,4494.800278465346,4365.142578125,4365.142578125,393735900,0.0,0.0
2015-01-02,4408.362059344212,4451.581295220136,4386.75244140625,4386.75244140625,149191300,0.0,0.0
2015-01-02,4365.142578125,4408.361811571783,4278.7041112314355,4365.142578125,244590500,0.0,0.0
2015-01-02,4321.923585199005,4386.752438976991,4321.923585199005,4343.533203125,130408700,0.0,0.0
2015-01-02,4321.923585199005,4386.752438976991,4321.923585199005,4343.533203125,173484200,0.0,0.0
2015-01-02,4343.5332078887195,4429.9716796875,4321.923589939024,4429.9716796875,150849200,0.0,0.0
2015-01-02,4408.36181640625,4429.97143315334,4365.142582912071,4408.36181640625,91080300,0.0,0.0
2015-01-02,4408.36181640625,4473.190666647519,4365.142582912071,4408.36181640625,143804700,0.0,0.0
2015-01-02,4429.971428295174,4451.5810450185645,4365.142578125,4365.142578125,96670300,0.0,0.0
2015-01-02,4365.142825838415,4451.581297637195,4365.142825838415,4429.9716796875,94097900,0.0,0.0
2015-01-02,4429.971437917172,4451.5810546875,4386.752204376517,4451.5810546875,103942500,0.0,0.0
2015-01-02,4408.362061737805,4451.581297637195,4408.362061737805,4429.9716796875,36211300,0.0,0.0
2015-01-02,4408.36181640625,4429.97143315334,4365.142582912071,4408.36181640625,44316800,0.0,0.0
2015-01-02,4365.142582912071,4408.36181640625,4365.142582912071,4408.36181640625,58061600,0.0,0.0
2015-01-02,4408.362059344212,4451.581295220136,4386.75244140625,4386.75244140625,60457300,0.0,0.0
2015-01-02,4386.75244140625,4429.971677282174,4365.142823468288,4386.75244140625,47276900,0.0,0.0
2015-01-02,4408.362061737805,4473.190915586891,4386.75244378811,4429.9716796875,74263700,0.0,0.0
2015-01-02,4473.191162109375,4538.02001953125,4451.58154296875,4494.80078125,101592900,0.0,0.0
2015-01-02,4429.971456082068,4624.4580078125,4429.971456082068,4624.4580078125,227354700,0.0,0.0
2015-01-02,4667.677734375,4667.677734375,4516.410400390625,4538.02001953125,119841200,0.0,0.0
2015-01-02,4581.23901251481,4602.848630498371,4538.01977654769,4559.62939453125,78430000,0.0,0.0
2015-01-02,4581.23876953125,4624.458003206073,4538.019535856427,4581.23876953125,90981000,0.0,0.0
2015-01-02,4559.629138539138,4581.238755309466,4451.5810546875,4451.5810546875,128515100,0.0,0.0
2015-01-02,4473.19091796875,4516.410153891154,4451.581300007549,4473.19091796875,82685700,0.0,0.0
2015-01-02,4494.800540580569,4581.23901251481,4473.1909225970085,4559.62939453125,100578900,0.0,0.0
2015-01-02,4581.23876953125,4646.067620043485,4538.019535856427,4581.23876953125,123947700,0.0,0.0
2015-01-02,4646.067624671437,4646.067624671437,4559.6291572356895,4624.4580078125,101281200,0.0,0.0
2015-01-02,4667.67724609375,4689.286862973813,4624.458012333623,4667.67724609375,122343600,0.0,0.0
2015-01-02,4689.287107103924,4732.506343114099,4646.06787109375,4646.06787109375,99897600,0.0,0.0
2015-01-02,4646.067624671437,4689.286858389311,4581.238774094626,4624.4580078125,65073800,0.0,0.0
2015-01-02,4667.677495757918,4797.335203973416,4667.677495757918,4775.7255859375,132054000,0.0,0.0
2015-01-02,4797.33544921875,4818.945068359375,4710.89697265625,4797.33544921875,111275700,0.0,0.0
2015-01-02,4797.33544921875,4862.164306640625,4754.1162109375,4754.1162109375,54865000,0.0,0.0
2015-01-02,4797.33544921875,4818.945068359375,4754.1162109375,4797.33544921875,65237300,0.0,0.0
2015-01-02,4797.3352061729265,4840.554442264574,4775.725588127102,4818.94482421875,88526700,0.0,0.0
2015-01-02,4818.944342447917,4926.992421875,4818.944342447917,4862.16357421875,86556200,0.0,0.0
2015-01-02,4862.163824784128,4948.602292780291,4862.163824784128,4926.99267578125,121968500,0.0,0.0
2015-01-02,5013.431393286026,5013.431393286026,4862.164066764465,4948.6025390625,189375700,0.0,0.0
2015-01-02,4883.7734375,4948.6022884402655,4840.554203539823,4883.7734375,114702500,0.0,0.0
2015-01-02,4862.163824784128,4970.211909779331,4840.554207785088,4926.99267578125,133546200,0.0,0.0
2015-01-02,4948.602301235856,5035.040769379714,4926.992684199892,5013.43115234375,68587500,0.0,0.0
2015-01-02,5013.431395427489,5035.041013511228,4970.212159260011,4991.82177734375,47144200,0.0,0.0
2015-01-02,5056.650635804521,5121.4794901097075,5035.0410177027925,5078.26025390625,104342100,0.0,0.0
2015-01-02,5099.86962890625,5143.088863049524,5078.260011834614,5099.86962890625,66473200,0.0,0.0
2015-01-02,5099.86962890625,5143.088863049524,5056.650394762976,5099.86962890625,64495400,0.0,0.0
2015-01-02,5121.479494230518,5186.308348587866,5099.869876111402,5164.69873046875,78859600,0.0,0.0
2015-01-02,5164.698236006725,5207.9174681072,5099.8693878560125,5121.47900390625,46568600,0.0,0.0
2015-01-02,5121.479250098477,5143.0888671875,5013.4311646533615,5143.0888671875,86460500,0.0,0.0
2015-01-02,5099.869620487608,5121.479237523572,5013.43115234375,5013.43115234375,116815700,0.0,0.0
2015-01-02,4991.821535307786,5013.43115234375,4905.383067163928,5013.43115234375,163744100,0.0,0.0
2015-01-02,4948.602541176271,5035.041013511228,4948.602541176271,4991.82177734375,104894600,0.0,0.0
2015-01-02,5013.431397532188,5078.260251810622,5013.431397532188,5035.041015625,61845800,0.0,0.0
2015-01-02,5013.4311646533615,5143.0888671875,5013.4311646533615,5143.0888671875,93617200,0.0,0.0
2015-01-02,5143.08935546875,5143.08935546875,5056.65087890625,5056.65087890625,40844700,0.0,0.0
2015-01-02,5099.8696330094535,5143.0888671875,5078.26001592043,5143.0888671875,42648300,0.0,0.0
2015-01-02,5099.86962890625,5121.479245977886,5035.04077769134,5099.86962890625,65093100,0.0,0.0
2015-01-02,5143.08887125651,5207.91772257487,5099.86963704427,5186.30810546875,63980400,0.0,0.0
2015-01-02,5186.3081013655465,5207.917718454569,5143.0888671875,5143.0888671875,50839300,0.0,0.0
2015-01-02,5121.479494230518,5272.74682106433,5121.479494230518,5164.69873046875,65727400,0.0,0.0
2015-01-02,5186.308350622407,5251.137205005187,5099.869878112033,5207.91796875,159062900,0.0,0.0
2015-01-02,5251.13720703125,5294.3564433031115,5229.527588895318,5251.13720703125,50796000,0.0,0.0
2015-01-02,5251.136964891778,5315.965816310195,5229.527347752305,5272.74658203125,56317700,0.0,0.0
2015-01-02,5272.74658203125,5315.965816310195,5251.136964891778,5272.74658203125,24893100,0.0,0.0
2015-01-02,5229.52734375,5294.356195118801,5229.52734375,5229.52734375,40547800,0.0,0.0
2015-01-02,5186.308344414893,5207.9179625166225,5035.0410177027925,5078.26025390625,124351400,0.0,0.0
2015-01-02,5099.86962890625,5121.479245977886,4991.821543548067,5099.86962890625,81980400,0.0,0.0
2015-01-02,5099.8693878560125,5121.47900390625,5035.040539705301,5121.47900390625,74510600,0.0,0.0
2015-01-02,5143.089108211436,5143.089108211436,5056.650635804521,5078.26025390625,54076800,0.0,0.0
2015-01-02,5035.041259765625,5056.65087890625,4991.822021484375,5056.65087890625,69884000,0.0,0.0
2015-01-02,5035.041015625,5078.260251810622,4991.821779439378,5035.041015625,59132600,0.0,0.0
2015-01-02,5099.8693878560125,5164.698236006725,5056.650155755538,5121.47900390625,165106200,0.0,0.0
2015-01-02,5099.86962890625,5143.088863049524,5078.260011834614,5099.86962890625,53450400,0.0,0.0
2015-01-02,5099.86963704427,5251.136956787109,5078.260019938151,5186.30810546875,84608400,0.0,0.0
2015-01-02,5272.746825167181,5294.3564433031115,5229.527588895318,5251.13720703125,64864900,0.0,0.0
2015-01-02,5229.52733968099,5251.136956787109,5164.69848836263,5186.30810546875,60535000,0.0,0.0
2015-01-02,5186.30810546875,5229.52733968099,5164.69848836263,5186.30810546875,51069900,0.0,0.0
2015-01-02,5186.30810546875,5229.52733968099,5164.69848836263,5186.30810546875,40650900,0.0,0.0
2015-01-02,5164.698236006725,5186.3078520569625,5056.650155755538,5121.47900390625,109786400,0.0,0.0
2015-01-02,5121.47925415039,5229.52733968099,5099.86963704427,5186.30810546875,75050600,0.0,0.0
2015-01-02,5229.527586877593,5229.527586877593,5186.308350622407,5207.91796875,71554100,0.0,0.0
2015-01-02,5207.917726627065,5272.7465779958675,5207.917726627065,5229.52734375,33296500,0.0,0.0
2015-01-02,5186.308352623457,5251.13720703125,5186.308352623457,5251.13720703125,37093100,0.0,0.0
2015-01-02,5251.137209024235,5294.3564453125,5164.698736447704,5294.3564453125,69154000,0.0,0.0
2015-01-02,5315.966063456633,5359.185299744898,5272.746827168367,5294.3564453125,69566800,0.0,0.0
2015-01-02,5315.966059387967,5315.966059387967,5207.91796875,5207.91796875,25913600,0.0,0.0
2015-01-02,5207.917714264433,5229.52733133607,5099.86962890625,5099.86962890625,45321700,0.0,0.0
2015-01-02,5099.86963704427,5251.136956787109,5099.86963704427,5186.30810546875,42820800,0.0,0.0
2015-01-02,5143.088875258264,5337.575429364669,5143.088875258264,5229.52734375,72955000,0.0,0.0
2015-01-02,5251.13720703125,5337.575679574974,5229.527588895318,5251.13720703125,91341800,0.0,0.0
2015-01-02,5251.13720703125,5315.966061439043,5207.917970759388,5251.13720703125,39914700,0.0,0.0
2015-01-02,5207.91796875,5251.137205005187,5164.698732494813,5207.91796875,53416400,0.0,0.0
2015-01-02,5186.30810546875,5207.91772257487,5121.47925415039,5186.30810546875,74702300,0.0,0.0
2015-01-02,5121.479736328125,5143.08935546875,5035.041259765625,5056.65087890625,80637400,0.0,0.0
2015-01-02,4991.821775211517,5013.431393286026,4926.992920987991,4948.6025390625,160277800,0.0,0.0
2015-01-02,4905.383063009511,5013.431148097826,4883.773445991847,4970.2119140625,82132000,0.0,0.0
2015-01-02,4926.992918846366,4948.602536911481,4862.164064651019,4905.38330078125,73897500,0.0,0.0
2015-01-02,4926.992680027174,5013.431148097826,4905.383063009511,4970.2119140625,72469200,0.0,0.0
2015-01-02,5035.041259765625,5099.8701171875,4991.822021484375,5056.65087890625,90426500,0.0,0.0
2015-01-02,5013.431143777412,5056.650377775493,4926.99267578125,4926.99267578125,86348700,0.0,0.0
2015-01-02,4970.211909779331,4991.821526778372,4926.99267578125,4926.99267578125,90177000,0.0,0.0
2015-01-02,4926.992920987991,4948.6025390625,4862.164066764465,4948.6025390625,81547000,0.0,0.0
2015-01-02,5013.431391106828,5056.650627237059,4883.773682716134,4905.38330078125,99449400,0.0,0.0
2015-01-02,4926.992671460177,4926.992671460177,4862.1638205199115,4883.7734375,74281200,0.0,0.0
2015-01-02,4970.21192647643,5121.479245977886,4948.602309404793,5099.86962890625,115678200,0.0,0.0
2015-01-02,5121.479487996245,5164.698724181867,5035.041015625,5035.041015625,53379500,0.0,0.0
2015-01-02,5099.8693878560125,5121.47900390625,5056.650155755538,5121.47900390625,58266100,0.0,0.0
2015-01-02,5143.089108211436,5164.698726313165,5013.431399601063,5078.26025390625,56161300,0.0,0.0
2015-01-02,4991.822021484375,5056.65087890625,4948.602783203125,5056.65087890625,63442400,0.0,0.0
2015-01-02,5035.0410177027925,5099.869872007978,5013.431399601063,5078.26025390625,45026200,0.0,0.0
2015-01-02,5056.650631594967,5056.650631594967,4991.82177734375,4991.82177734375,59611500,0.0,0.0
2015-01-02,5056.650633717811,5056.650633717811,5013.431397532188,5035.041015625,17444600,0.0,0.0
2015-01-02,5035.041015625,5099.869869903433,5013.431397532188,5035.041015625,50587800,0.0,0.0
2015-01-02,5099.8693878560125,5164.698236006725,5078.259771805776,5121.47900390625,74255700,0.0,0.0
2015-01-02,5056.650155755538,5121.47900390625,5035.040539705301,5121.47900390625,36004500,0.0,0.0
2015-01-02,5078.260011834614,5143.088863049524,5056.650394762976,5099.86962890625,33963900,0.0,0.0
2015-01-02,5035.0410177027925,5121.4794901097075,5035.0410177027925,5078.26025390625,20014600,0.0,0.0
2015-01-02,5056.650635804521,5121.4794901097075,5035.0410177027925,5078.26025390625,55094300,0.0,0.0
2015-01-02,5035.0410177027925,5099.869872007978,5035.0410177027925,5078.26025390625,21111100,0.0,0.0
2015-01-02,5143.088863049524,5143.088863049524,5099.86962890625,5099.86962890625,36725600,0.0,0.0
2015-01-02,5121.4794901097075,5121.4794901097075,5056.650635804521,5078.26025390625,27087900,0.0,0.0
2015-01-02,5099.86962890625,5121.479245977886,5078.260011834614,5099.86962890625,39719300,0.0,0.0
2015-01-02,5099.86962890625,5121.479245977886,5078.260011834614,5099.86962890625,58255800,0.0,0.0
2015-01-02,5056.65087890625,5121.479736328125,5035.041259765625,5056.65087890625,36796600,0.0,0.0
2015-01-02,5056.65087890625,5121.479736328125,5035.041259765625,5056.65087890625,117365000,0.0,0.0
2015-01-02,5056.650394762976,5099.86962890625,5035.04077769134,5099.86962890625,31365100,0.0,0.0
2015-01-02,5121.47925415039,5207.91772257487,5099.86963704427,5186.30810546875,66145100,0.0,0.0
2015-01-02,5186.308348587866,5186.308348587866,5078.260257992286,5164.69873046875,58668400,0.0,0.0
2015-01-02,5121.479237523572,5143.088854559537,5013.43115234375,5013.43115234375,88747200,0.0,0.0
2015-01-02,5013.431148097826,5035.040765115489,4948.602297044837,4970.2119140625,97966700,0.0,0.0
2015-01-02,4970.211909779331,4991.821526778372,4883.773441783169,4926.99267578125,98036700,0.0,0.0
2015-01-02,4883.773686925054,5013.431395427489,4883.773686925054,4991.82177734375,68655000,0.0,0.0
2015-01-02,5013.43115234375,5035.040769379714,4970.211918271822,5013.43115234375,55110500,0.0,0.0
2015-01-02,4970.212157137008,4991.821775211517,4926.992920987991,4948.6025390625,121450600,0.0,0.0
2015-01-02,5035.040781742385,5207.917718454569,5013.4311646533615,5143.0888671875,171595800,0.0,0.0
2015-01-02,5143.088863049524,5186.308097192797,5099.86962890625,5099.86962890625,142382200,0.0,0.0
2015-01-02,5056.650155755538,5143.0886199564875,5056.650155755538,5121.47900390625,101458600,0.0,0.0
2015-01-02,5143.089112349634,5164.69873046875,5121.479494230518,5164.69873046875,40763200,0.0,0.0
2015-01-02,5099.8693878560125,5164.698236006725,5099.8693878560125,5121.47900390625,65361000,0.0,0.0
2015-01-02,5143.089112349634,5164.69873046875,5121.479494230518,5164.69873046875,50363900,0.0,0.0
2015-01-02,5143.089112349634,5164.69873046875,5121.479494230518,5164.69873046875,29975600,0.0,0.0
2015-01-02,5186.30810546875,5207.91772257487,5121.47925415039,5186.30810546875,43114900,0.0,0.0
2015-01-02,5229.527590880102,5315.966063456633,5186.308354591837,5294.3564453125,75118700,0.0,0.0
2015-01-02,5294.356195118801,5294.356195118801,5186.308109504132,5229.52734375,63097100,0.0,0.0
2015-01-02,5229.527590880102,5294.3564453125,5207.91797273597,5294.3564453125,26235700,0.0,0.0
2015-01-02,5272.74658203125,5315.965816310195,5229.527347752305,5272.74658203125,30053900,0.0,0.0
2015-01-02,5294.356218473179,5532.062007874016,5272.746601254921,5488.8427734375,135344500,0.0,0.0
2015-01-02,5532.062256809339,5596.891111381323,5488.843020428016,5553.671875,114339400,0.0,0.0
2015-01-02,5618.5004806518555,5704.938949584961,5510.452394485474,5532.06201171875,151018300,0.0,0.0
2015-01-02,5553.671873085172,5575.2814912683825,5488.843018535539,5510.45263671875,77953400,0.0,0.0
2015-01-02,5510.452638618677,5575.281493190661,5467.233402237354,5553.671875,50019800,0.0,0.0
2015-01-02,5553.672119140625,5618.5009765625,5532.0625,5575.28173828125,32120200,0.0,0.0
2015-01-02,5683.3291015625,5769.767566985504,5640.109868850998,5683.3291015625,114039700,0.0,0.0
2015-01-02,5683.329340069111,5726.548574594351,5596.89087101863,5618.50048828125,83066800,0.0,0.0
2015-01-02,5640.10986328125,5726.548328618894,5618.500246946839,5640.10986328125,83516800,0.0,0.0
2015-01-02,5640.10986328125,5726.548328618894,5618.500246946839,5640.10986328125,80929000,0.0,0.0
2015-01-02,5640.10986328125,5661.719479615661,5596.890630612428,5640.10986328125,78209900,0.0,0.0
2015-01-02,5618.500246946839,5640.10986328125,5553.671397943606,5640.10986328125,74814000,0.0,0.0
2015-01-02,5618.50048828125,5661.719722806491,5575.281253756009,5618.50048828125,96993100,0.0,0.0
2015-01-02,5640.11010554387,5661.719722806491,5575.281253756009,5618.50048828125,77037800,0.0,0.0
2015-01-02,5575.281246185303,5596.890863418579,5488.842777252197,5532.06201171875,97290600,0.0,0.0
2015-01-02,5467.233396492156,5532.062250996016,5402.404541988297,5424.01416015625,99094100,0.0,0.0
2015-01-02,5402.404300750248,5467.233152359251,5380.794683547247,5445.62353515625,77236800,0.0,0.0
2015-01-02,5488.843022291265,5596.89111328125,5424.0141676972735,5596.89111328125,124753000,0.0,0.0
2015-01-02,5596.890881990132,5791.377437734962,5575.28126468515,5748.158203125,123330900,0.0,0.0
2015-01-02,5748.158203125,5791.377437734962,5748.158203125,5748.158203125,128185000,0.0,0.0
2015-01-02,5683.329343839456,5726.548578393368,5618.500492008588,5661.7197265625,168145800,0.0,0.0
2015-01-02,5726.548829953769,5769.76806640625,5704.939211727528,5769.76806640625,120116200,0.0,0.0
2015-01-02,5791.377210679945,6007.473375257555,5769.767594222184,5899.42529296875,150535100,0.0,0.0
2015-01-02,5899.425538891423,5985.86400832573,5856.2063041742695,5921.03515625,90146000,0.0,0.0
2015-01-02,5942.644780659847,6007.4736328125,5921.035163275629,6007.4736328125,88745500,0.0,0.0
2015-01-02,6180.3505824989,6223.5698173415485,6093.9121128136,6137.13134765625,162771300,0.0,0.0
2015-01-02,6137.131589190391,6158.741207462189,6072.302734375,6072.302734375,102668900,0.0,0.0
2015-01-02,6310.008293999566,6374.837146335178,6180.350589328342,6223.56982421875,220530000,0.0,0.0
2015-01-02,6374.837146335178,6396.446763780382,6223.56982421875,6223.56982421875,142022100,0.0,0.0
2015-01-02,6180.3505859375,6331.617907970935,6158.740968504152,6180.3505859375,83753500,0.0,0.0
2015-01-02,6266.789055670892,6266.789055670892,6180.3505859375,6180.3505859375,87312000,0.0,0.0
2015-01-02,6158.740975215517,6266.7890625,6115.521740301724,6266.7890625,128063900,0.0,0.0
2015-01-02,6201.960199920224,6223.5698173415485,6137.13134765625,6137.13134765625,85735800,0.0,0.0
2015-01-02,6093.912109375,6137.131344193262,6050.6928745567375,6093.912109375,109404700,0.0,0.0
2015-01-02,6007.473639738475,6115.521726784131,6007.473639738475,6093.912109375,65407700,0.0,0.0
2015-01-02,6029.083499544501,6137.131590934187,6029.083499544501,6115.52197265625,58066100,0.0,0.0
2015-01-02,6072.302256373355,6158.74072265625,6072.302256373355,6158.74072265625,49888400,0.0,0.0
2015-01-02,6158.740958077567,6180.35057547433,6050.69287109375,6050.69287109375,150713600,0.0,0.0
2015-01-02,6093.912352646797,6115.521970918595,6029.083497831406,6072.302734375,90739400,0.0,0.0
2015-01-02,6050.6931161032035,6093.912352646797,6029.083497831406,6072.302734375,44707200,0.0,0.0
2015-01-02,6115.521970918595,6137.131589190391,6050.6931161032035,6072.302734375,92557200,0.0,0.0
2015-01-02,6050.693117822438,6137.131590934187,6050.693117822438,6115.52197265625,74178100,0.0,0.0
2015-01-02,6115.521730234925,6158.740965077574,6072.302495392275,6137.13134765625,94950400,0.0,0.0
2015-01-02,6180.350339226973,6201.959955797697,6137.131106085526,6158.74072265625,109032400,0.0,0.0
2015-01-02,6266.789307479596,6288.39892578125,6180.350834272981,6288.39892578125,126022700,0.0,0.0
2015-01-02,6266.78955078125,6396.447265625,6245.179931640625,6396.447265625,161193000,0.0,0.0
2015-01-02,6439.66650390625,6482.8857421875,6288.399169921875,6396.447265625,250581100,0.0,0.0
2015-01-02,6418.056126823824,6418.056126823824,6201.9599609375,6201.9599609375,105778200,0.0,0.0
2015-01-02,6266.789307479596,6353.227780686211,6245.179689177942,6288.39892578125,100836600,0.0,0.0
2015-01-02,6405.568359375,6405.568359375,6360.138796542553,6405.568359375,83416700,353.95752,0.0
2015-01-02,6450.997922207446,6541.85704787234,6405.568359375,6405.568359375,81774800,0.0,0.0
2015-01-02,6360.138796542553,6428.283140791224,6314.709233710106,6405.568359375,65219900,0.0,0.0
2015-01-02,6587.28662109375,6587.28662109375,6360.138806573276,6587.28662109375,78212700,0.0,0.0
2015-01-02,6564.572143129355,6564.572143129355,6473.713013120644,6519.142578125,74274300,0.0,0.0
2015-01-02,6541.8573606271775,6587.2869256315325,6519.142578125,6519.142578125,46295700,0.0,0.0
2015-01-02,6496.42749528556,6587.28662109375,6473.712713833513,6587.28662109375,90900900,0.0,0.0
2015-01-02,6587.286730780118,6587.286730780118,6132.991094174592,6269.27978515625,158358600,0.0,0.0
2015-01-02,6269.27978515625,6269.27978515625,6087.56153051404,6269.27978515625,135764900,0.0,0.0
2015-01-02,6314.709532114853,6314.709532114853,6064.846924729013,6155.7060546875,115372600,0.0,0.0
2015-01-02,6132.991033380682,6291.994504616478,6132.991033380682,6246.56494140625,63174900,0.0,0.0
2015-01-02,6201.13525390625,6269.2795973557695,6201.13525390625,6201.13525390625,46111500,0.0,0.0
2015-01-02,5769.5544000589625,6110.276116597877,5724.124837853774,6019.4169921875,180012400,0.0,0.0
2015-01-02,6087.561335495283,6155.705678803066,6019.4169921875,6019.4169921875,83840200,0.0,0.0
2015-01-02,6178.42041015625,6269.279533835019,6110.276067397173,6178.42041015625,106893900,0.0,0.0
2015-01-02,6110.2763671875,6178.420713289963,6042.132021085037,6110.2763671875,47943300,0.0,0.0
2015-01-02,6246.565059392426,6246.565059392426,5973.987674982574,6110.2763671875,121727900,0.0,0.0
2015-01-02,6223.85003505609,6291.994378505609,6110.276129306892,6201.13525390625,106699200,0.0,0.0
2015-01-02,6291.994452293883,6405.568359375,6269.27967087766,6405.568359375,117586500,0.0,0.0
2015-01-02,6405.568601759218,6428.283384034959,6291.9946903805085,6314.70947265625,111803500,0.0,0.0
2015-01-02,6360.139033564815,6382.853815827546,6132.9912109375,6132.9912109375,125875000,0.0,0.0
2015-01-02,6042.132026314305,6314.709410960063,6042.132026314305,6291.99462890625,77938400,0.0,0.0
2015-01-02,6178.420657835145,6405.568476137907,6155.7058760048685,6269.27978515625,189991300,0.0,0.0
2015-01-02,6178.420701581028,6178.420701581028,5496.977241847826,5746.83984375,501849300,0.0,0.0
2015-01-02,5724.125119092988,5837.699030186102,5496.977296906758,5587.83642578125,269305400,0.0,0.0
2015-01-02,5678.695374750996,5814.98406374502,5587.83624875498,5701.41015625,184234200,0.0,0.0
2015-01-02,5746.839719248008,5814.98406374502,5678.695374750996,5701.41015625,130410300,0.0,0.0
2015-01-02,5746.839719248008,5860.413626743028,5678.695374750996,5701.41015625,117065300,0.0,0.0
2015-01-02,5633.26611328125,5701.410461425781,5565.121765136719,5633.26611328125,128638300,0.0,0.0
2015-01-02,5610.551330566406,5724.125244140625,5610.551330566406,5633.26611328125,94048400,0.0,0.0
2015-01-02,5633.2660539215685,5814.98431372549,5633.2660539215685,5792.26953125,80923000,0.0,0.0
2015-01-02,5860.413816437008,5905.843380905511,5746.839905265748,5769.5546875,114806300,0.0,0.0
2015-01-02,5769.554750623812,6042.132140417063,5769.554750623812,5973.98779296875,133153900,0.0,0.0
2015-01-02,5951.272881669961,6019.417227643281,5633.265933794466,5746.83984375,168796000,0.0,0.0
2015-01-02,5655.980454567557,5701.410016451634,5428.832645147173,5474.26220703125,307362900,0.0,0.0
2015-01-02,5451.547488378099,5587.836175587551,5406.117925974948,5496.97705078125,171675900,0.0,0.0
2015-01-02,5474.262192361856,5496.976973243026,5292.5439453125,5292.5439453125,258450900,0.0,0.0
2015-01-02,5315.259035254727,5474.26251066833,5292.5442530527835,5406.1181640625,93701700,0.0,0.0
2015-01-02,5292.544372558594,5337.973937988281,5178.970458984375,5269.82958984375,169386300,0.0,0.0
2015-01-02,5247.114507147606,5451.547539893617,5019.966692985372,5337.9736328125,236632600,0.0,0.0
2015-01-02,5451.547603283899,5474.262384964248,5360.6884765625,5360.6884765625,169567000,0.0,0.0
2015-01-02,5519.691956566982,5587.8363017097845,5474.262393138448,5542.40673828125,92525600,0.0,0.0
2015-01-02,5587.83642578125,5701.4103368743645,5565.121643562627,5587.83642578125,137800600,0.0,0.0
2015-01-02,5565.121765136719,5587.8365478515625,5428.833068847656,5451.5478515625,102327300,0.0,0.0
2015-01-02,5565.121704595775,5633.266051998988,5519.692139660298,5610.55126953125,85735200,0.0,0.0
2015-01-02,5678.695374750996,5701.41015625,5587.83624875498,5701.41015625,99092800,0.0,0.0
2015-01-02,5701.41015625,5769.554500747012,5633.265811752988,5701.41015625,80154400,0.0,0.0
2015-01-02,5633.265927933673,5678.695491868622,5565.12158203125,5565.12158203125,56254400,0.0,0.0
2015-01-02,5496.977230023735,5519.692011965982,5360.688538370254,5383.4033203125,120857200,0.0,0.0
2015-01-02,5428.832758477393,5451.547539893617,5315.258851396276,5337.9736328125,162616700,0.0,0.0
2015-01-02,5315.259031080163,5337.973813264266,5133.540773607337,5224.39990234375,203241500,0.0,0.0
2015-01-02,5247.114684527854,5315.259031080163,5156.25555579144,5224.39990234375,116004200,0.0,0.0
2015-01-02,5292.5442530527835,5406.1181640625,5224.3999064469535,5406.1181640625,82660000,0.0,0.0
2015-01-02,5496.977236128827,5633.265927933673,5474.262454161352,5565.12158203125,184240600,0.0,0.0
2015-01-02,5519.692199707031,5565.121765136719,5451.5478515625,5451.5478515625,58831900,0.0,0.0
2015-01-02,5383.4033203125,5428.832884196994,5292.5441925435125,5383.4033203125,159983800,0.0,0.0
2015-01-02,5406.117913661859,5474.262257111378,5315.2587890625,5315.2587890625,92895700,0.0,0.0
2015-01-02,5360.688720703125,5519.692199707031,5337.973937988281,5451.5478515625,117602400,0.0,0.0
2015-01-02,5451.547732469512,5678.695554655742,5451.547732469512,5587.83642578125,191371600,0.0,0.0
2015-01-02,5610.55096875,5678.6953125,5542.406625,5678.6953125,100408200,0.0,0.0
2015-01-02,5701.410461425781,5769.5548095703125,5587.8365478515625,5633.26611328125,159356600,0.0,0.0
2015-01-02,5701.410030747992,5724.124811746988,5542.40656375502,5655.98046875,70017100,0.0,0.0
2015-01-02,5678.6953125,5814.9839999999995,5655.980531249999,5678.6953125,90147800,0.0,0.0
2015-01-02,5746.839606259119,5905.8430736259725,5724.124825206712,5837.69873046875,111646800,0.0,0.0
2015-01-02,5814.983935742972,5837.698716741968,5633.265687751004,5655.98046875,138144000,0.0,0.0
2015-01-02,5655.980836397059,5814.98431372549,5633.2660539215685,5792.26953125,84177600,0.0,0.0
2015-01-02,5792.26953125,5860.413878676471,5724.125183823529,5792.26953125,59685300,0.0,0.0
2015-01-02,5814.984375,5837.699157714844,5769.5548095703125,5814.984375,66789800,0.0,0.0
2015-01-02,5860.4135115211575,5951.272635730787,5814.9839494163425,5837.69873046875,136132200,0.0,0.0
2015-01-02,5860.413816437008,5860.413816437008,5724.125123031496,5769.5546875,66071800,0.0,0.0
2015-01-02,5814.9842519685035,5814.9842519685035,5724.125123031496,5769.5546875,64687900,0.0,0.0
2015-01-02,5860.41357421875,5928.557918105015,5792.269230332486,5860.41357421875,109729800,0.0,0.0
2015-01-02,5951.27294921875,5996.702513716603,5905.843384720897,5951.27294921875,132532000,0.0,0.0
2015-01-02,5905.8433234554595,5928.55810546875,5860.4137594288795,5928.55810546875,63165500,0.0,0.0
2015-01-02,5973.9876144181435,6087.5615234375,5928.5580508104,6087.5615234375,110467000,0.0,0.0
2015-01-02,6132.990897700472,6132.990897700472,5951.272648879717,6019.4169921875,77861700,0.0,0.0
2015-01-02,5905.843199505309,5973.987544114986,5883.12841796875,5883.12841796875,63940900,0.0,0.0
2015-01-02,5860.4138805548955,5973.98779296875,5814.984315589353,5973.98779296875,66655400,0.0,0.0
2015-01-02,5973.987731467677,6019.41729596553,5905.843384720897,5951.27294921875,76519500,0.0,0.0
2015-01-02,5951.272762578427,5951.272762578427,5860.413636432191,5883.12841796875,54435300,0.0,0.0
2015-01-02,5883.12841796875,5951.272762578427,5792.269291822515,5883.12841796875,86701400,0.0,0.0
2015-01-02,5814.984375,5883.128723144531,5792.269592285156,5814.984375,99004100,0.0,0.0
2015-01-02,5951.272952835648,6132.9912109375,5905.843388310185,6132.9912109375,163086200,0.0,0.0
2015-01-02,6087.561286477482,6246.564752915327,6064.84650555779,6178.42041015625,167892400,0.0,0.0
2015-01-02,6087.5617053826045,6110.276487865375,5905.843445520437,5973.98779296875,184384000,0.0,0.0
2015-01-02,6042.131773290094,6087.561335495283,5928.557867777123,6019.4169921875,95785000,0.0,0.0
2015-01-02,6110.276489708256,6155.7060546875,6042.132142239391,6155.7060546875,84582200,0.0,0.0
2015-01-02,6178.42041015625,6223.849971995634,6110.276067397173,6178.42041015625,81408500,0.0,0.0
2015-01-02,6201.135316277943,6269.279660412865,6178.420534899636,6223.85009765625,79710700,0.0,0.0
2015-01-02,6246.5650033259735,6269.27978515625,6155.7058760048685,6269.27978515625,50756000,0.0,0.0
2015-01-02,6223.849986049107,6360.138671875,6223.849986049107,6360.138671875,68666000,0.0,0.0
2015-01-02,6428.283203125,6450.997984761484,6382.853639852032,6428.283203125,97695100,0.0,0.0
2015-01-02,6428.28307801379,6428.28307801379,6291.99439084742,6382.853515625,75955500,0.0,0.0
2015-01-02,6428.283203125,6473.712766397968,6382.853639852032,6428.283203125,64266400,0.0,0.0
2015-01-02,6428.283387510927,6496.427734375,6382.853822934878,6496.427734375,50246100,0.0,0.0
2015-01-02,6541.85693359375,6678.145619710286,6496.427371554904,6541.85693359375,102615900,0.0,0.0
2015-01-02,6632.716183997845,6632.716183997845,6564.571839641702,6587.28662109375,88487800,0.0,0.0
2015-01-02,6496.427485039893,6519.142266456117,6291.994452293883,6405.568359375,157323000,0.0,0.0
2015-01-02,6360.138796542553,6428.283140791224,6337.424015126329,6405.568359375,111752100,0.0,0.0
2015-01-02,6405.568359375,6450.997922207446,6360.138796542553,6405.568359375,78515400,0.0,0.0
2015-01-02,6382.853515625,6405.568296819395,6291.99439084742,6382.853515625,91686700,0.0,0.0
2015-01-02,6382.853527451882,6564.57177734375,6360.138746215398,6564.57177734375,114606200,0.0,0.0
2015-01-02,6632.716301716549,6632.716301716549,6450.998046875,6450.998046875,94475900,0.0,0.0
2015-01-02,6450.998108552632,6519.142454769737,6428.283326480264,6473.712890625,153760500,0.0,0.0
2015-01-02,6541.85693359375,6610.001276652018,6473.7125905354815,6541.85693359375,82176000,0.0,0.0
2015-01-02,6541.85711130742,6587.2866745803885,6405.568421488516,6428.283203125,75100800,0.0,0.0
2015-01-02,6360.139100609756,6519.142578125,6360.139100609756,6519.142578125,78789800,0.0,0.0
2015-01-02,6473.713013120644,6564.572143129355,6473.713013120644,6519.142578125,59432000,0.0,0.0
2015-01-02,6519.142276737608,6610.001402545798,6496.42749528556,6587.28662109375,63619300,0.0,0.0
2015-01-02,6587.28662109375,6587.28662109375,6541.857058189656,6587.28662109375,71430300,0.0,0.0
2015-01-02,6587.28662109375,6610.001402545798,6564.571839641702,6587.28662109375,73515700,0.0,0.0
2015-01-02,6632.716492319915,6723.575622351695,6610.00170981197,6700.86083984375,91822300,0.0,0.0
2015-01-02,6700.860654229987,6746.290217987478,6632.71630859375,6632.71630859375,68254300,0.0,0.0
2015-01-02,6632.716246509879,6632.716246509879,6564.57190151149,6610.00146484375,45854000,0.0,0.0
2015-01-02,6655.430913957281,6769.004820338804,6632.716132680976,6746.2900390625,96428000,0.0,0.0
2015-01-02,6700.860414247255,6769.00475744299,6678.14563318201,6723.5751953125,47279200,0.0,0.0
2015-01-02,6769.00475744299,6859.863881703969,6723.5751953125,6723.5751953125,124377800,0.0,0.0
2015-01-02,6723.575436108733,6746.290217987478,6632.71630859375,6632.71630859375,97901700,0.0,0.0
2015-01-02,6655.43097538276,6769.0048828125,6632.716193896813,6769.0048828125,79675600,0.0,0.0
2015-01-02,6723.575257786195,6791.719601615109,6700.860476509891,6746.2900390625,81817100,0.0,0.0
2015-01-02,6678.145619710286,6678.145619710286,6405.568247477213,6541.85693359375,192197100,0.0,0.0
2015-01-02,6519.142578125,6541.8573606271775,6450.998230618467,6519.142578125,173044000,0.0,0.0
2015-01-02,6382.853577958776,6473.71270362367,6360.138796542553,6405.568359375,161405200,0.0,0.0
2015-01-02,6360.138975067689,6382.853757121503,6246.565064798623,6291.99462890625,166203500,0.0,0.0
2015-01-02,6360.138796542553,6428.283140791224,6314.709233710106,6405.568359375,82690100,0.0,0.0
2015-01-02,6382.85388139841,6450.998228886649,6291.99475141409,6337.42431640625,91076400,0.0,0.0
2015-01-02,6360.138796542553,6428.283140791224,6269.27967087766,6405.568359375,86264900,0.0,0.0
2015-01-02,6382.8538194834755,6405.568601759218,6269.279908104766,6314.70947265625,79485300,0.0,0.0
2015-01-02,6291.994504616478,6291.994504616478,6178.42059659091,6246.56494140625,103943100,0.0,0.0
2015-01-02,6201.135386760159,6519.142329670936,6155.705823487191,6428.283203125,132141500,0.0,0.0
2015-01-02,6428.283384034959,6519.142513137927,6314.70947265625,6314.70947265625,76515700,0.0,0.0
2015-01-02,6291.9946903805085,6405.568601759218,6269.279908104766,6314.70947265625,44291900,0.0,0.0
2015-01-02,6382.8538194834755,6382.8538194834755,6291.9946903805085,6314.70947265625,45331500,0.0,0.0
2015-01-02,6291.99462890625,6337.424193013876,6269.279846852437,6291.99462890625,55885300,0.0,0.0
2015-01-02,6360.138796542553,6450.997922207446,6291.994452293883,6405.568359375,90358600,0.0,0.0
2015-01-02,6405.5682338169645,6428.283014787947,6291.994328962053,6360.138671875,133022500,0.0,0.0
2015-01-02,6405.568308688365,6587.286558580234,6360.138746215398,6564.57177734375,90219900,0.0,0.0
2015-01-02,6610.001708133711,6632.7164906358885,6519.142578125,6519.142578125,57379200,0.0,0.0
2015-01-02,6587.286495632595,6587.286495632595,6473.7125905354815,6541.85693359375,43056000,0.0,0.0
2015-01-02,6496.427548034452,6519.142329670936,6428.283203125,6428.283203125,43582700,0.0,0.0
2015-01-02,6428.283203125,6473.712766397968,6382.853639852032,6428.283203125,38222900,0.0,0.0
2015-01-02,6360.13909890233,6496.427793878808,6337.42431640625,6337.42431640625,65877100,0.0,0.0
2015-01-02,6337.424015126329,6405.568359375,6337.424015126329,6405.568359375,34637500,0.0,0.0
2015-01-02,6428.2830654046475,6428.2830654046475,6178.42047275641,6201.13525390625,114500800,0.0,0.0
2015-01-02,6178.42047275641,6223.85003505609,6110.276129306892,6201.13525390625,91268300,0.0,0.0
2015-01-02,5973.98773509838,6155.705993200231,5973.98773509838,6132.9912109375,122132700,0.0,0.0
2015-01-02,6132.991087045242,6201.135432456856,6087.5615234375,6087.5615234375,126730700,0.0,0.0
2015-01-02,6110.276179951832,6110.276179951832,5951.272710585056,6042.1318359375,101423100,0.0,0.0
2015-01-02,5996.702517361111,6178.420775462962,5928.558170572916,6132.9912109375,80208800,0.0,0.0
2015-01-02,6110.276372475744,6314.709410960063,6064.846808368118,6291.99462890625,88661200,0.0,0.0
2015-01-02,6291.994682952648,6291.994682952648,5951.27294921875,5951.27294921875,147272800,0.0,0.0
2015-01-02,5905.8430736259725,5951.272635730787,5837.69873046875,5837.69873046875,154758500,0.0,0.0
2015-01-02,5837.698971714427,5928.558099678854,5701.410279767787,5746.83984375,192423000,0.0,0.0
2015-01-02,5724.125123031496,5860.413816437008,5587.836429625984,5769.5546875,125606000,0.0,0.0
2015-01-02,5792.26953125,5860.413878676471,5746.83996629902,5792.26953125,117281700,0.0,0.0
2015-01-02,5905.8430736259725,5951.272635730787,5814.9839494163425,5837.69873046875,102748300,0.0,0.0
2015-01-02,5792.26953125,5883.128661151961,5769.55474877451,5792.26953125,69750600,0.0,0.0
2015-01-02,5724.125123031496,5814.9842519685035,5724.125123031496,5769.5546875,41079700,0.0,0.0
2015-01-02,5769.554625741107,5837.698971714427,5655.980715785573,5746.83984375,77471700,0.0,0.0
2015-01-02,5792.26921875,5792.26921875,5655.980531249999,5678.6953125,95495700,0.0,0.0
2015-01-02,5746.839592745984,5769.55437374498,5633.265687751004,5655.98046875,68707200,0.0,0.0
2015-01-02,5655.9807724371185,5655.9807724371185,5565.121643562627,5587.83642578125,76579300,0.0,0.0
2015-01-02,5565.121406249999,5724.1248749999995,5542.406625,5678.6953125,80236400,0.0,0.0
2015-01-02,5746.839968141041,5996.702575451521,5746.839968141041,5973.98779296875,183449100,0.0,0.0
2015-01-02,5996.70263671875,5996.70263671875,5746.840026855469,5814.984375,107194300,0.0,0.0
2015-01-02,5769.554449037064,5928.557918105015,5769.554449037064,5860.41357421875,81883200,0.0,0.0
2015-01-02,5746.83990131161,5792.269465748856,5565.121643562627,5587.83642578125,157628700,0.0,0.0
2015-01-02,5610.551330566406,5678.6956787109375,5428.833068847656,5451.5478515625,114555300,0.0,0.0
2015-01-02,5542.4066857569715,5701.41015625,5542.4066857569715,5701.41015625,99509800,0.0,0.0
2015-01-02,5701.410401348039,5860.413878676471,5655.980836397059,5792.26953125,75260000,0.0,0.0
2015-01-02,5769.554683530234,5792.269465748856,5587.83642578125,5587.83642578125,69528700,0.0,0.0
2015-01-02,5633.265687751004,5701.410030747992,5565.121344754016,5655.98046875,75989700,0.0,0.0
2015-01-02,5610.551271446078,5792.26953125,5610.551271446078,5792.26953125,74220300,0.0,0.0
2015-01-02,5701.410218253968,5746.839781746032,5655.980654761905,5724.125,92245000,0.0,0.0
2015-01-02,5724.125,5814.984126984127,5724.125,5724.125,62509600,0.0,0.0
2015-01-02,5633.265927933673,5655.980709901148,5542.406800063775,5565.12158203125,96707500,0.0,0.0
2015-01-02,5474.26220703125,5542.4065498573655,5428.832645147173,5474.26220703125,135581400,0.0,0.0
2015-01-02,5360.688424318416,5542.406675990226,5360.688424318416,5519.69189453125,105375900,0.0,0.0
2015-01-02,5496.977292870273,5519.692075072216,5383.403381860557,5406.1181640625,72109300,0.0,0.0
2015-01-02,5383.403068837178,5451.547411480687,5247.114383550161,5292.5439453125,153164600,0.0,0.0
2015-01-02,5110.825808352836,5201.684933834664,5088.111026982379,5156.25537109375,277793000,0.0,0.0
2015-01-02,5156.25537109375,5224.3997152051215,5110.825808352836,5156.25537109375,148568600,0.0,0.0
2015-01-02,5269.82916443133,5337.973507074839,5201.684821787821,5292.5439453125,82910100,0.0,0.0
2015-01-02,5292.54424889606,5337.973813264266,5224.39990234375,5224.39990234375,41240900,0.0,0.0
2015-01-02,5224.4000244140625,5315.2591552734375,5224.4000244140625,5269.82958984375,46126800,0.0,0.0
2015-01-02,5156.255433199698,5224.399778131853,5133.540651555647,5178.97021484375,96782100,0.0,0.0
2015-01-02,5178.970102163462,5315.2587890625,5178.970102163462,5315.2587890625,82914600,0.0,0.0
2015-01-02,5315.2591552734375,5337.973937988281,5247.114807128906,5269.82958984375,58067100,0.0,0.0
2015-01-02,5292.544059316492,5292.544059316492,5133.540589723293,5156.25537109375,68443700,0.0,0.0
2015-01-02,5088.111328125,5133.5408935546875,5042.6817626953125,5088.111328125,96982300,0.0,0.0
2015-01-02,5088.11120923913,5224.39990234375,5088.11120923913,5224.39990234375,118246100,0.0,0.0
2015-01-02,5201.685120159646,5247.114684527854,5178.970337975544,5224.39990234375,56491700,0.0,0.0
2015-01-02,5224.4000244140625,5247.114807128906,5088.111328125,5088.111328125,77751500,0.0,0.0
2015-01-02,4997.252014988688,5042.681578761312,4974.5372331023755,5019.966796875,99953900,0.0,0.0
2015-01-02,4929.107849121094,5065.396545410156,4906.39306640625,4906.39306640625,97351900,0.0,0.0
2015-01-02,4974.537298318614,5292.54424889606,4951.822516134511,5224.39990234375,194025700,0.0,0.0
2015-01-02,5519.691884142287,5633.265791223404,5315.258851396276,5337.9736328125,204359900,0.0,0.0
2015-01-02,5269.829288563829,5496.977102726064,5224.399725731383,5337.9736328125,114054600,0.0,0.0
2015-01-02,5451.5478515625,5496.9774169921875,5383.403503417969,5451.5478515625,84338400,0.0,0.0
2015-01-02,5542.406613184401,5610.550956789127,5474.2622695796745,5496.97705078125,115355900,0.0,0.0
2015-01-02,5587.83642578125,5633.265990218496,5542.406861344004,5587.83642578125,117929800,0.0,0.0
2015-01-02,5633.266051998988,5724.125181869939,5610.55126953125,5610.55126953125,120893700,0.0,0.0
2015-01-02,5678.695491868622,5678.695491868622,5565.12158203125,5565.12158203125,96161800,0.0,0.0
2015-01-02,5542.40673828125,5655.980646852587,5519.691956566982,5542.40673828125,101400400,0.0,0.0
2015-01-02,5610.55089268348,5655.980454567557,5474.26220703125,5474.26220703125,107861000,0.0,0.0
2015-01-02,5428.833068847656,5451.5478515625,5178.970458984375,5269.82958984375,182181700,0.0,0.0
2015-01-02,5292.544059316492,5315.258840686949,5110.825808352836,5156.25537109375,121871500,0.0,0.0
2015-01-02,5088.111142533937,5088.111142533937,4974.5372331023755,5019.966796875,185656000,0.0,0.0
2015-01-02,4929.107589422488,4929.107589422488,4542.956303615196,4633.8154296875,642118700,0.0,0.0
2015-01-02,4542.956424453883,4679.2451171875,4497.526860209345,4679.2451171875,407896100,0.0,0.0
2015-01-02,4679.2452392578125,4679.2452392578125,4533.870629882813,4542.95654296875,169384300,0.0,0.0
2015-01-02,4315.808430656058,4497.5266803678915,4315.808430656058,4433.92529296875,316743200,0.0,0.0
2015-01-02,4470.269092389929,4497.526830758161,4388.495877285235,4488.44091796875,225073300,0.0,0.0
2015-01-02,4488.440644434079,4611.100459615983,4452.0969954912935,4565.6708984375,215271400,0.0,0.0
2015-01-02,4633.815491615854,4724.674618902439,4515.698626143292,4656.5302734375,239709300,0.0,0.0
2015-01-02,4724.67439516129,4974.536983366936,4701.959614415323,4929.107421875,223837300,0.0,0.0
2015-01-02,4951.822265625,5042.681389764908,4883.677922520069,4951.822265625,157430200,0.0,0.0
2015-01-02,4883.678220297404,4906.393002717391,4656.530396097524,4701.9599609375,204335500,0.0,0.0
2015-01-02,4656.53033506523,4747.389463554308,4633.815552942961,4679.2451171875,98363500,0.0,0.0
2015-01-02,4542.956242302956,4633.8153671490145,4542.956242302956,4611.1005859375,152528600,0.0,0.0
2015-01-02,4588.385679026741,4611.100459615983,4524.784293376865,4565.6708984375,127578500,0.0,0.0
2015-01-02,4542.956217113706,4565.670998199274,4415.753443034522,4424.83935546875,224607800,0.0,0.0
2015-01-02,4415.753566834985,4524.784519102515,4406.667654146024,4470.26904296875,161836900,0.0,0.0
2015-01-02,4479.35478976663,4497.526614471566,4234.03515625,4234.03515625,334919800,0.0,0.0
2015-01-02,4197.691845703125,4261.293237304688,4134.0904541015625,4179.52001953125,464696700,0.0,0.0
2015-01-02,4315.80847915338,4524.78446867028,4270.378916214923,4452.09716796875,257118300,0.0,0.0
2015-01-02,4452.0970166419165,4470.268841199639,4315.808332459001,4397.58154296875,144346500,0.0,0.0
2015-01-02,4415.75341796875,4588.385753239133,4415.75341796875,4415.75341796875,252222800,0.0,0.0
2015-01-02,4461.183005205659,4524.784392245251,4424.83935546875,4424.83935546875,194909200,0.0,0.0
2015-01-02,4424.839279805333,4424.839279805333,4370.323806132167,4397.58154296875,117916600,0.0,0.0
2015-01-02,4297.636668988854,4324.894406847134,4234.035280652866,4279.46484375,231152200,0.0,0.0
2015-01-02,4224.9494412579115,4343.066307357595,4215.8635284810125,4306.72265625,150738100,0.0,0.0
2015-01-02,4315.808430656058,4433.92529296875,4315.808430656058,4433.92529296875,129973900,0.0,0.0
2015-01-02,4488.440911787975,4488.440911787975,4279.464917919304,4306.72265625,176286000,0.0,0.0
2015-01-02,4215.8635284810125,4361.238132911392,4215.8635284810125,4306.72265625,154331400,0.0,0.0
2015-01-02,4306.722506009615,4333.980243389423,4234.035206330128,4252.20703125,135692800,0.0,0.0
2015-01-02,4252.207147661424,4261.2930603701025,3906.9424647316505,4115.91845703125,387565100,0.0,0.0
2015-01-02,4115.918344350962,4270.378856169872,4034.1451322115386,4252.20703125,273084900,0.0,0.0
2015-01-02,4324.894679214015,4333.980592405642,4188.605981339624,4197.69189453125,138209700,0.0,0.0
2015-01-02,4179.51979033801,4188.605702925702,3979.629713408801,4006.887451171875,374396400,0.0,0.0
2015-01-02,3952.3720971351245,4115.918528740716,3861.5129684653516,4052.317138671875,319017400,0.0,0.0
2015-01-02,4088.6607496044307,4370.324045688291,4088.6607496044307,4306.72265625,313034100,0.0,0.0
2015-01-02,4524.784598756068,4701.959899309769,4479.355034511529,4679.2451171875,582172700,0.0,0.0
2015-01-02,4679.2452392578125,4770.1043701171875,4588.3861083984375,4724.6748046875,301025300,0.0,0.0
2015-01-02,4088.6605828426123,4388.49569225107,4088.6605828426123,4243.12109375,738455000,0.0,0.0
2015-01-02,4206.777542794586,4352.152144705414,4206.777542794586,4279.46484375,316821100,0.0,0.0
2015-01-02,4724.674362562189,4747.38914315143,4515.698381141169,4565.6708984375,559966600,0.0,0.0
2015-01-02,4542.956303615196,4701.959774241728,4497.526740579044,4633.8154296875,384917500,0.0,0.0
2015-01-02,4650.0,4750.0,4650.0,4750.0,423716000,466.18436,0.0
2015-01-02,4800.0,4820.0,4710.0,4710.0,230981700,0.0,0.0
2015-01-02,4740.0,4750.0,4590.0,4630.0,201660000,0.0,0.0
2015-01-02,4630.0,4660.0,4570.0,4600.0,165381400,0.0,0.0
2015-01-02,4600.0,4640.0,4560.0,4610.0,83034600,0.0,0.0
2015-01-02,4610.0,4720.0,4590.0,4720.0,126426200,0.0,0.0
2015-01-02,4780.0,4900.0,4740.0,4900.0,273395600,0.0,0.0
2015-01-02,4950.0,5025.0,4860.0,4890.0,282970000,0.0,0.0
2015-01-02,4960.0,4960.0,4900.0,4900.0,134208400,0.0,0.0
2015-01-02,4950.0,4980.0,4890.0,4920.0,90697900,0.0,0.0
2015-01-02,4930.0,4950.0,4880.0,4940.0,108857600,0.0,0.0
2015-01-02,4900.0,4920.0,4810.0,4890.0,278360600,0.0,0.0
2015-01-02,4980.0,4980.0,4910.0,4960.0,146800800,0.0,0.0
2015-01-02,4990.0,5100.0,4960.0,4980.0,154073100,0.0,0.0
2015-01-02,5025.0,5050.0,4980.0,4980.0,120165500,0.0,0.0
2015-01-02,5050.0,5050.0,4950.0,4950.0,100674600,0.0,0.0
2015-01-02,4960.0,5025.0,4790.0,4790.0,205199700,0.0,0.0
2015-01-02,4790.0,4830.0,4750.0,4770.0,164014200,0.0,0.0
2015-01-02,4890.0,5050.0,4880.0,5050.0,342468200,0.0,0.0
2015-01-02,5075.0,5400.0,5050.0,5325.0,300147300,0.0,0.0
2015-01-02,5425.0,5475.0,5200.0,5475.0,229382100,0.0,0.0
2015-01-02,5450.0,5575.0,5400.0,5525.0,191440600,0.0,0.0
2015-01-02,5500.0,5550.0,5350.0,5400.0,145525700,0.0,0.0
2015-01-02,5400.0,5550.0,5375.0,5450.0,167239400,0.0,0.0
2015-01-02,5450.0,5500.0,5400.0,5450.0,137585600,0.0,0.0
2015-01-02,5450.0,5475.0,5375.0,5425.0,67336400,0.0,0.0
2015-01-02,5425.0,5475.0,5300.0,5475.0,102960800,0.0,0.0
2015-01-02,5500.0,5500.0,5400.0,5400.0,86083800,0.0,0.0
2015-01-02,5400.0,5425.0,5300.0,5300.0,190669100,0.0,0.0
2015-01-02,5200.0,5250.0,5025.0,5075.0,373474500,0.0,0.0
2015-01-02,5100.0,5125.0,4950.0,5050.0,169321800,0.0,0.0
2015-01-02,5125.0,5125.0,4980.0,5025.0,139577800,0.0,0.0
2015-01-02,5050.0,5075.0,5000.0,5075.0,69179700,0.0,0.0
2015-01-02,5075.0,5250.0,5075.0,5250.0,158265000,0.0,0.0
2015-01-02,5300.0,5300.0,5150.0,5200.0,90666100,0.0,0.0
2015-01-02,5225.0,5225.0,5125.0,5175.0,72423700,0.0,0.0
2015-01-02,5175.0,5250.0,5100.0,5150.0,128071000,0.0,0.0
2015-01-02,5150.0,5200.0,5100.0,5150.0,61695600,0.0,0.0
2015-01-02,5175.0,5225.0,5100.0,5100.0,70657700,0.0,0.0
2015-01-02,5075.0,5100.0,5025.0,5075.0,53353000,0.0,0.0
2015-01-02,5050.0,5050.0,4910.0,4970.0,114769600,0.0,0.0
2015-01-02,4940.0,4990.0,4830.0,4930.0,301154300,0.0,0.0
2015-01-02,4870.0,4930.0,4800.0,4920.0,119439200,0.0,0.0
2015-01-02,5050.0,5125.0,5025.0,5025.0,126563900,0.0,0.0
2015-01-02,5025.0,5050.0,4880.0,4880.0,139963400,0.0,0.0
2015-01-02,4950.0,5025.0,4910.0,5025.0,94704500,0.0,0.0
2015-01-02,5050.0,5050.0,4880.0,4880.0,220479900,0.0,0.0
2015-01-02,4900.0,4910.0,4710.0,4750.0,319875800,0.0,0.0
2015-01-02,4730.0,4770.0,4710.0,4770.0,159152200,0.0,0.0
2015-01-02,4780.0,4850.0,4720.0,4740.0,103849000,0.0,0.0
2015-01-02,4750.0,4790.0,4700.0,4740.0,104170500,0.0,0.0
2015-01-02,4740.0,4750.0,4680.0,4740.0,120538300,0.0,0.0
2015-01-02,4710.0,4750.0,4700.0,4720.0,132853800,0.0,0.0
2015-01-02,4720.0,4760.0,4670.0,4710.0,110198500,0.0,0.0
2015-01-02,4750.0,4830.0,4730.0,4820.0,160889700,0.0,0.0
2015-01-02,4850.0,4990.0,4830.0,4970.0,219980300,0.0,0.0
2015-01-02,4980.0,4990.0,4670.0,4690.0,429438700,0.0,0.0
2015-01-02,4700.0,4740.0,4690.0,4700.0,206958200,0.0,0.0
2015-01-02,4730.0,4760.0,4680.0,4690.0,323831100,0.0,0.0
2015-01-02,4700.0,4720.0,4680.0,4720.0,120304000,0.0,0.0
2015-01-02,4760.0,4810.0,4720.0,4740.0,161262400,0.0,0.0
2015-01-02,4770.0,4770.0,4680.0,4680.0,103387400,0.0,0.0
2015-01-02,4680.0,4710.0,4650.0,4660.0,132984400,0.0,0.0
2015-01-02,4660.0,4690.0,4660.0,4680.0,115298400,0.0,0.0
2015-01-02,4690.0,4840.0,4680.0,4800.0,273623100,0.0,0.0
2015-01-02,4800.0,4800.0,4690.0,4690.0,88471700,0.0,0.0
2015-01-02,4730.0,4750.0,4690.0,4700.0,112048900,0.0,0.0
2015-01-02,4700.0,4720.0,4690.0,4710.0,74422700,0.0,0.0
2015-01-02,4710.0,4720.0,4620.0,4620.0,141263400,0.0,0.0
2015-01-02,4610.0,4640.0,4510.0,4510.0,155903600,0.0,0.0
2015-01-02,4570.0,4610.0,4510.0,4530.0,157949900,0.0,0.0
2015-01-02,4530.0,4630.0,4510.0,4620.0,174404800,0.0,0.0
2015-01-02,4690.0,4780.0,4660.0,4750.0,277668300,0.0,0.0
2015-01-02,4750.0,4750.0,4690.0,4700.0,79277900,0.0,0.0
2015-01-02,4740.0,4740.0,4680.0,4680.0,61453100,0.0,0.0
2015-01-02,4680.0,4700.0,4660.0,4670.0,71516700,0.0,0.0
2015-01-02,4710.0,4780.0,4700.0,4720.0,105204200,0.0,0.0
2015-01-02,4770.0,4920.0,4750.0,4910.0,301599000,0.0,0.0
2015-01-02,4930.0,4970.0,4860.0,4870.0,180844900,0.0,0.0
2015-01-02,4910.0,4930.0,4840.0,4850.0,109457100,0.0,0.0
2015-01-02,4890.0,4930.0,4850.0,4850.0,126685400,0.0,0.0
2015-01-02,4860.0,4870.0,4780.0,4800.0,116454000,0.0,0.0
2015-01-02,4790.0,4950.0,4780.0,4950.0,144622900,0.0,0.0
2015-01-02,4950.0,4950.0,4860.0,4900.0,132019200,0.0,0.0
2015-01-02,4920.0,4920.0,4870.0,4890.0,73104500,0.0,0.0
2015-01-02,4950.0,4980.0,4920.0,4950.0,149580800,0.0,0.0
2015-01-02,4950.0,4950.0,4860.0,4900.0,308891700,0.0,0.0
2015-01-02,4840.0,4880.0,4800.0,4800.0,113576300,0.0,0.0
2015-01-02,4790.0,4850.0,4770.0,4770.0,111707400,0.0,0.0
2015-01-02,4720.0,4750.0,4660.0,4730.0,176485100,0.0,0.0
