Date,Open,High,Low,Close,Volume,Dividends,Stock Splits
2015-01-02,4015.101943142333,4019.228607606535,3961.4573478086554,3990.3427734375,1351391,0.0,0.0
2015-01-02,3920.191875749356,4052.2406428751924,3920.191875749356,3977.963134765625,1489470,0.0,0.0
2015-01-02,3920.1918404327766,3932.5714250061783,3887.179751083766,3907.812255859375,3226104,0.0,0.0
2015-01-02,3907.81242820487,3907.81242820487,3870.674081386941,3878.927001953125,2671253,0.0,0.0
2015-01-02,3878.9265932418,3903.68576087175,3837.6615862186545,3841.787841796875,3451573,0.0,0.0
2015-01-02,3837.662194834773,3845.915115840204,3800.5234375,3800.5234375,16493463,0.0,0.0
2015-01-02,3796.396355010065,3796.396355010065,3548.8054837677532,3569.43798828125,21922447,0.0,0.0
2015-01-02,3569.4384165332062,3651.9688530291564,3569.4384165332062,3631.3359375,9156817,0.0,0.0
2015-01-02,3651.968461246168,3701.486390999277,3631.335547930509,3647.841796875,8045797,0.0,0.0
2015-01-02,3701.486328125,3800.5230030293214,3656.094654973911,3701.486328125,6819711,0.0,0.0
2015-01-02,3713.8662329991835,3796.3966663618694,3709.7399768821856,3775.76416015625,6734045,0.0,0.0
2015-01-02,3817.028585847352,3874.7998394671213,3817.028585847352,3870.673583984375,2885063,0.0,0.0
2015-01-02,3870.6739549610543,3878.9268752576772,3738.6251875141515,3837.661865234375,3558528,0.0,0.0
2015-01-02,3878.9271697681456,3928.4455123879748,3837.662156611766,3924.31884765625,4241726,0.0,0.0
2015-01-02,3940.8250133962347,3982.090025666265,3940.8250133962347,3961.45751953125,3713741,0.0,0.0
2015-01-02,4002.72215139141,4085.2525766281697,3986.21631146816,4060.493408203125,6207073,0.0,0.0
2015-01-02,4060.493143534878,4068.746062958567,3899.5589678021556,4043.9873046875,4309651,0.0,0.0
2015-01-02,3961.4577221461163,4085.253173828125,3961.4577221461163,4085.253173828125,4624840,0.0,0.0
2015-01-02,4085.2527135092587,4085.2527135092587,4035.734375,4035.734375,3001447,0.0,0.0
2015-01-02,4002.722506130979,4093.505859375,3965.5837502020054,4093.505859375,2290572,0.0,0.0
2015-01-02,4126.5179771515795,4126.5179771515795,3928.4454280071836,3961.45751953125,2970323,0.0,0.0
2015-01-02,3920.1915233203963,3928.444851395156,3804.64901567524,3812.90234375,4620785,0.0,0.0
2015-01-02,3878.9265932418,3878.9265932418,3808.7757544703272,3841.787841796875,6093224,0.0,0.0
2015-01-02,3887.1797680124073,4035.734375,3878.9268477742585,4035.734375,3594011,0.0,0.0
2015-01-02,3994.469017795474,4023.354440386381,3916.065261002843,3944.95068359375,3295347,0.0,0.0
2015-01-02,3920.1918914297594,4105.88525390625,3920.1918914297594,4105.88525390625,4888427,0.0,0.0
2015-01-02,4122.3919318947965,4122.3919318947965,4043.988159447532,4085.253173828125,2517562,0.0,0.0
2015-01-02,4101.759202134553,4270.946323870862,4101.759202134553,4147.15087890625,8442495,0.0,0.0
2015-01-02,4188.415554779583,4291.578485390995,4147.150545951088,4250.3134765625,6000056,0.0,0.0
2015-01-02,4250.313603223046,4291.57861328125,4250.313603223046,4291.57861328125,3967697,0.0,0.0
2015-01-02,4312.2111183103525,4312.2111183103525,4167.783174566451,4291.57861328125,2352921,0.0,0.0
2015-01-02,4291.578304324992,4312.210807868733,4250.313297237509,4270.94580078125,3814107,0.0,0.0
2015-01-02,4312.211121426754,4312.211121426754,4105.88525390625,4105.88525390625,3701068,0.0,0.0
2015-01-02,4126.517316004676,4209.0477358619955,4043.9873046875,4043.9873046875,2751343,0.0,0.0
2015-01-02,4101.7585245754935,4101.7585245754935,3965.5831082146633,3982.08935546875,2721436,0.0,0.0
2015-01-02,4002.72253180128,4023.3550379362955,3949.077934142199,3961.45751953125,2743537,0.0,0.0
2015-01-02,3949.0782203270087,3986.216979185561,3899.5598751822727,3920.1923828125,4897045,0.0,0.0
2015-01-02,3940.825098042932,3944.95135423444,3916.0659267330175,3924.31884765625,3346746,0.0,0.0
2015-01-02,3957.3309310327772,3957.3309310327772,3907.8125885237714,3916.06591796875,2582242,0.0,0.0
2015-01-02,3920.1915710970284,3957.330322265625,3903.685731826643,3957.330322265625,6792034,0.0,0.0
2015-01-02,3961.457258524176,3961.457258524176,3903.686000028362,3907.812255859375,5068782,0.0,0.0
2015-01-02,3878.9269042494443,3920.191914581169,3775.763969879945,3788.1435546875,8432155,0.0,0.0
2015-01-02,3779.8904812297174,3825.2821541721596,3755.1313126174446,3759.257568359375,3642572,0.0,0.0
2015-01-02,3751.0048828125,3784.016973512408,3742.7519622725727,3751.0048828125,3288351,0.0,0.0
2015-01-02,3746.8779647049982,3771.637133189419,3668.4742035311133,3742.751708984375,3096744,0.0,0.0
2015-01-02,3734.4985128883272,3734.4985128883272,3656.094348971178,3680.853515625,2786623,0.0,0.0
2015-01-02,3664.347936390065,3664.347936390065,3598.3233511239946,3623.08251953125,5922196,0.0,0.0
2015-01-02,3618.9561542623464,3672.600745160571,3569.4378189469658,3598.3232421875,6304195,0.0,0.0
2015-01-02,3598.3233511239946,3660.221272142133,3557.0583428053487,3623.08251953125,4160521,0.0,0.0
2015-01-02,3623.0827344666186,3713.866084985397,3623.0827344666186,3672.60107421875,6895340,0.0,0.0
2015-01-02,3676.728024831964,3730.37262471123,3631.3359375,3631.3359375,2373096,0.0,0.0
2015-01-02,3693.2338670070185,3697.360531820895,3618.956760138821,3631.3359375,4172484,0.0,0.0
2015-01-02,3577.690728705574,3643.714903249074,3577.690728705574,3590.0703125,3583772,0.0,0.0
2015-01-02,3606.5768690754826,3656.0947999510304,3606.5768690754826,3610.703125,5189525,0.0,0.0
2015-01-02,3631.335890875729,3647.842141379078,3445.642921819314,3544.67919921875,8514475,0.0,0.0
2015-01-02,3631.335665706345,3631.335665706345,3515.793553508236,3606.576904296875,4814116,0.0,0.0
2015-01-02,3627.2093989593604,3676.727738711492,3606.576893576037,3672.60107421875,4556713,0.0,0.0
2015-01-02,3672.601139628856,3672.601139628856,3581.8177874931994,3618.95654296875,3473674,0.0,0.0
2015-01-02,3548.8054837677532,3590.0704927947468,3491.0342260058574,3569.43798828125,2836705,0.0,0.0
2015-01-02,3548.8054837677532,3598.32341289211,3528.172570714081,3569.43798828125,3177543,0.0,0.0
2015-01-02,3569.4380060971207,3639.5888486252884,3511.666748046875,3511.666748046875,2117517,0.0,0.0
2015-01-02,3561.1848893397773,3618.9561442003783,3511.666554162075,3590.0703125,5187599,0.0,0.0
2015-01-02,3590.0705471755,3631.3355568275565,3577.6909625718463,3581.817626953125,3557819,0.0,0.0
2015-01-02,3590.070565922893,3590.070565922893,3511.6668020504503,3524.04638671875,4136595,0.0,0.0
2015-01-02,3532.299726587533,3590.0709923888758,3524.0468053416935,3577.69140625,4113177,0.0,0.0
2015-01-02,3548.805491807978,3573.5642521561617,3491.0342339151944,3503.413818359375,5436182,0.0,0.0
2015-01-02,3499.28731558993,3499.28731558993,3425.010009765625,3425.010009765625,6562612,0.0,0.0
2015-01-02,3449.7691050407,3470.401611328125,3445.642848907342,3470.401611328125,1324829,0.0,0.0
2015-01-02,3466.275101871984,3466.275101871984,3433.263012516656,3462.1484375,3951780,0.0,0.0
2015-01-02,3449.76904296875,3462.1486282265005,3437.389457711,3449.76904296875,3009152,0.0,0.0
2015-01-02,3441.5159770141727,3466.275146484375,3416.756807543971,3466.275146484375,2721132,0.0,0.0
2015-01-02,3466.274922166903,3486.9074258767914,3437.389090140931,3482.78076171875,3672175,0.0,0.0
2015-01-02,3482.7808375835825,3639.58876798281,3470.401253379955,3623.08251953125,11249497,0.0,0.0
2015-01-02,3668.474256734122,3672.6009210547636,3610.702998946021,3643.715087890625,5604371,0.0,0.0
2015-01-02,3643.715205692313,3643.715205692313,3594.1972749445754,3602.4501953125,1383528,0.0,0.0
2015-01-02,3606.5771742374177,3651.9688530291564,3606.5771742374177,3631.3359375,9534963,0.0,0.0
2015-01-02,3631.3357684758125,3639.5890977194053,3548.8057443615307,3585.944091796875,7694820,0.0,0.0
2015-01-02,3647.841805812489,3647.841805812489,3548.805537523443,3581.817626953125,4107297,0.0,0.0
2015-01-02,3548.805952661904,3635.462646484375,3548.805952661904,3635.462646484375,2032460,0.0,0.0
2015-01-02,3631.335473725842,3631.335473725842,3445.642526000916,3507.5400390625,5385593,0.0,0.0
2015-01-02,3466.275473048325,3631.3359375,3458.0225519607975,3631.3359375,1596730,0.0,0.0
2015-01-02,3569.4382673081122,3602.4503588183334,3222.810693640482,3325.9736328125,5613698,0.0,0.0
2015-01-02,3325.9733934413557,3408.503820547276,3325.9733934413557,3330.099853515625,3556602,0.0,0.0
2015-01-02,3363.1120751196095,3396.1241635491538,3325.973322433809,3375.491455078125,2084974,0.0,0.0
2015-01-02,3363.1122127186572,3466.275146484375,3363.1122127186572,3466.275146484375,2032865,0.0,0.0
2015-01-02,3383.744794469878,3425.010009765625,3342.479579174131,3425.010009765625,3570491,0.0,0.0
2015-01-02,3358.985561048772,3379.6182704423213,3280.581796455531,3288.834716796875,10755169,0.0,0.0
2015-01-02,3325.973471143207,3325.973471143207,3243.4430421091993,3288.834716796875,3182815,0.0,0.0
2015-01-02,3255.8225964499998,3272.328641248454,3144.4067429929096,3148.533203125,4675935,0.0,0.0
2015-01-02,3148.533256919001,3198.051392160402,3148.533256919001,3160.912841796875,2053445,0.0,0.0
2015-01-02,3160.9125875929785,3222.810302734375,3136.1534198283885,3222.810302734375,4600914,0.0,0.0
2015-01-02,3243.4431060509187,3280.581861129409,3169.1658001640353,3235.190185546875,2141139,0.0,0.0
2015-01-02,3239.316411140652,3259.948915176227,3202.177863022601,3243.44287109375,1491498,0.0,0.0
2015-01-02,3247.5697705730386,3247.5697705730386,3226.9370607727333,3235.190185546875,1482171,0.0,0.0
2015-01-02,3247.5697705730386,3247.5697705730386,3222.8106005207114,3235.190185546875,1099158,0.0,0.0
2015-01-02,3383.7448950904386,3383.7448950904386,3264.0759101633103,3325.9736328125,1697400,0.0,0.0
2015-01-02,3379.6180497234063,3379.6180497234063,3321.846794026593,3350.732421875,602803,0.0,0.0
2015-01-02,3309.467302227724,3350.7325151990567,3231.063540571252,3251.696044921875,1252444,0.0,0.0
2015-01-02,3301.2146033352565,3429.13671875,3284.7085568736948,3429.13671875,3094108,0.0,0.0
2015-01-02,3429.136302229568,3429.136302229568,3379.618168859609,3383.74462890625,2476503,0.0,0.0
2015-01-02,3441.5161223103178,3503.4140485990697,3383.744860620884,3449.76904296875,2599375,0.0,0.0
2015-01-02,3466.2751462288065,3590.070585030503,3425.0099318715434,3540.55224609375,17047097,0.0,0.0
2015-01-02,3540.552304393131,3680.853994664041,3540.552304393131,3672.60107421875,4802356,0.0,0.0
2015-01-02,3631.335630243161,3672.6010492696732,3577.691034902905,3610.703125,4134872,0.0,0.0
2015-01-02,3631.3355922916603,3672.601010886903,3610.703087264132,3651.968505859375,1082735,0.0,0.0
2015-01-02,3664.3479815845612,3664.3479815845612,3610.702979860484,3627.209228515625,766633,0.0,0.0
2015-01-02,3585.9436628551166,3643.714917948782,3284.7080078125,3284.7080078125,1118420,0.0,0.0
2015-01-02,3317.7205442100358,3317.7205442100358,3193.9250975530695,3202.17822265625,1815000,0.0,0.0
2015-01-02,3276.455249229088,3276.455249229088,3136.153564453125,3136.153564453125,2175405,0.0,0.0
2015-01-02,3214.5574648494635,3321.847065199112,3132.0272387383084,3301.21435546875,1117001,0.0,0.0
2015-01-02,3383.7447111641177,3391.9978357281193,3239.3165633197864,3346.60595703125,1367916,0.0,0.0
2015-01-02,3387.8712797612907,3416.756910254824,3301.214388280691,3371.365234375,2295135,0.0,0.0
2015-01-02,3371.3651217157767,3387.871166550493,3342.4794921875,3342.4794921875,2571090,0.0,0.0
2015-01-02,3313.5939733879336,3379.6183592031953,3313.5939733879336,3371.365234375,912924,0.0,0.0
2015-01-02,3371.365445796993,3404.3775386397983,3276.4556278063997,3297.088134765625,1852815,0.0,0.0
2015-01-02,3338.3531189255855,3474.5281455584623,3338.3531189255855,3425.010009765625,3118946,0.0,0.0
2015-01-02,3375.4916611038384,3383.7447858500027,3301.21435546875,3301.21435546875,1395694,0.0,0.0
2015-01-02,3297.087674213733,3317.7201782909183,3177.418701171875,3177.418701171875,1898537,0.0,0.0
2015-01-02,3177.418701171875,3222.8103735577492,3152.6595328631856,3177.418701171875,1262075,0.0,0.0
2015-01-02,3156.78614726424,3202.1780261409076,3094.888427734375,3094.888427734375,2524151,0.0,0.0
2015-01-02,3123.7743527403195,3156.786445707876,3099.015180879596,3103.141845703125,2208455,0.0,0.0
2015-01-02,3136.1535221502277,3136.1535221502277,3012.3580878284183,3061.876220703125,807590,0.0,0.0
2015-01-02,3061.8763618619864,3152.6597117859587,3041.24365234375,3041.24365234375,2458660,0.0,0.0
2015-01-02,3041.243862744503,3061.8765736901614,2966.966552734375,2966.966552734375,2402698,0.0,0.0
2015-01-02,2966.9660150319246,2971.092679035248,2818.411421934177,2822.5380859375,5614205,0.0,0.0
2015-01-02,2818.411824110665,2863.8035004638564,2723.502011082201,2740.008056640625,5265357,0.0,0.0
2015-01-02,2723.5016783860474,2735.8812621101315,2640.9712564055353,2661.603759765625,2181589,0.0,0.0
2015-01-02,2657.477457562548,2740.0078844379377,2649.2245374370623,2694.6162109375,5205036,0.0,0.0
2015-01-02,2694.6164062437624,2727.6284976786046,2669.8572355325787,2686.36328125,4542925,0.0,0.0
2015-01-02,2640.971435546875,2673.983524870312,2624.465390885156,2640.971435546875,4844631,0.0,0.0
2015-01-02,2673.983511543433,2735.8814340539975,2657.4774669639787,2702.869140625,3686267,0.0,0.0
2015-01-02,2706.9958001914456,2719.375180401605,2669.8570467506997,2698.74267578125,3041593,0.0,0.0
2015-01-02,2706.995849609375,2731.7548147517737,2673.983555636022,2706.995849609375,2712819,0.0,0.0
2015-01-02,2706.995849609375,2711.1223097547595,2682.2366801968833,2706.995849609375,1453987,0.0,0.0
2015-01-02,2711.122405152141,2797.779296875,2694.6163597197055,2797.779296875,4579321,0.0,0.0
2015-01-02,2764.7667291073444,2764.7667291073444,2711.121937502704,2735.881103515625,860510,0.0,0.0
2015-01-02,2706.995576352832,2727.628079267107,2562.5674431426905,2579.073486328125,2356469,0.0,0.0
2015-01-02,2579.0737175672275,2579.0737175672275,2447.025155974239,2455.278076171875,2151581,0.0,0.0
2015-01-02,2393.3805173530154,2393.3805173530154,2269.585071965151,2298.470703125,3647134,0.0,0.0
2015-01-02,2310.8502029426504,2389.2541797008853,2294.3441563277893,2335.609375,3029935,0.0,0.0
2015-01-02,2327.356182845681,2418.1395307922635,2327.356182845681,2385.12744140625,3413251,0.0,0.0
2015-01-02,2385.127428161791,2513.049324889774,2385.127428161791,2447.025146484375,3056192,0.0,0.0
2015-01-02,2385.127297214256,2558.440858148265,2385.127297214256,2541.934814453125,2943255,0.0,0.0
2015-01-02,2574.9476815837475,2574.9476815837475,2488.2907796149143,2496.543701171875,1576048,0.0,0.0
2015-01-02,2475.910649502352,2496.5431531356717,2447.0250218536567,2480.037109375,1416882,0.0,0.0
2015-01-02,2475.9106758886423,2475.9106758886423,2302.596908149429,2360.3681640625,5633974,0.0,0.0
2015-01-02,2360.3680222937724,2368.6209416313336,2207.686767578125,2207.686767578125,2527598,0.0,0.0
2015-01-02,2211.8136295087897,2211.8136295087897,2071.511945510365,2129.283203125,3484927,0.0,0.0
2015-01-02,2104.5241653731814,2170.5485514445845,2075.6385347675864,2100.397705078125,4352230,0.0,0.0
2015-01-02,2079.7652456160135,2079.7652456160135,1931.2104247169302,1947.7166748046875,8762247,0.0,0.0
2015-01-02,1939.4633270867682,2108.650634765625,1939.4633270867682,2108.650634765625,3880105,0.0,0.0
2015-01-02,2108.650756734223,2187.0545209689226,2063.2588779840303,2145.789306640625,4616527,0.0,0.0
2015-01-02,2269.5848771659835,2397.506771948507,2191.180911164342,2376.874267578125,8859267,0.0,0.0
2015-01-02,2393.380539450887,2447.0253418916486,2277.838013744698,2438.772216796875,3243237,0.0,0.0
2015-01-02,2434.646021008783,2434.646021008783,2356.2422433021247,2372.748291015625,2710690,0.0,0.0
2015-01-02,2331.482486817351,2356.241654333842,2298.4703996420817,2352.114990234375,6141886,0.0,0.0
2015-01-02,2310.849853515625,2409.8863224994566,2104.5239956235246,2310.849853515625,2777803,0.0,0.0
2015-01-02,2302.596978103944,2442.898457962373,2302.596978103944,2314.9765625,3068966,0.0,0.0
2015-01-02,2310.849853515625,2372.747774299322,2286.0908894722297,2310.849853515625,1969097,0.0,0.0
2015-01-02,2376.8741974489867,2508.9227526255927,2352.1150295189727,2422.265869140625,4400994,0.0,0.0
2015-01-02,2422.265982152135,2508.9228696801047,2422.265982152135,2451.151611328125,3538861,0.0,0.0
2015-01-02,2451.1514768049137,2504.796272121949,2434.6454330773827,2475.91064453125,11250916,0.0,0.0
2015-01-02,2475.910623546751,2475.910623546751,2343.862070575596,2352.114990234375,3206741,0.0,0.0
2015-01-02,2310.8499430318648,2393.38037109375,2248.952224120497,2393.38037109375,2182907,0.0,0.0
2015-01-02,2331.4825361059648,2459.404631952062,2331.4825361059648,2360.3681640625,1376432,0.0,0.0
2015-01-02,2327.3561019046665,2335.6090218291038,2302.5969335911877,2310.849853515625,1410799,0.0,0.0
2015-01-02,2302.5969452994495,2302.5969452994495,2232.446104234612,2248.9521484375,1720312,0.0,0.0
2015-01-02,2240.6994885906684,2244.825949052904,2063.259033203125,2063.259033203125,2779425,0.0,0.0
2015-01-02,2083.891542570012,2141.6628005360353,2067.385498046875,2067.385498046875,2593394,0.0,0.0
2015-01-02,2116.9034855117447,2154.042236328125,2075.6382749169024,2154.042236328125,1509036,0.0,0.0
2015-01-02,2088.0182045167558,2129.283421949438,2063.259033203125,2063.259033203125,1228113,0.0,0.0
2015-01-02,2071.5119812681132,2092.1444860851684,2009.6142625468574,2013.74072265625,986120,0.0,0.0
2015-01-02,2009.6141482571993,2013.7406081319143,1980.728520594035,1984.85498046875,816816,0.0,0.0
2015-01-02,2063.2590450273433,2063.2590450273433,1988.9817349308871,2034.3734130859375,1529616,0.0,0.0
2015-01-02,2034.3732274733052,2083.8915658663827,2001.3611380579807,2013.74072265625,1938886,0.0,0.0
2015-01-02,2030.2468924596203,2071.5121089064196,1931.2104138413235,1976.602294921875,4340571,0.0,0.0
2015-01-02,2005.4871657448787,2005.4871657448787,1976.6017469373026,1993.1077880859375,1024644,0.0,0.0
2015-01-02,2013.7402884542196,2026.1198703832076,1993.1077880859377,1993.1077880859375,1724265,0.0,0.0
2015-01-02,1993.1083518707585,1993.1083518707585,1931.2104247169302,1947.7166748046875,1680976,0.0,0.0
2015-01-02,1939.4634376288386,1984.8551120705456,1898.1982233354433,1918.8309326171875,3322516,0.0,0.0
2015-01-02,1898.198357164611,1939.4635743673387,1848.6802190834023,1931.21044921875,1199321,0.0,0.0
2015-01-02,1939.4637257764402,2009.6145800705688,1865.1864107209285,2005.4879150390625,2146917,0.0,0.0
2015-01-02,2009.6143334333788,2187.0545756373344,1980.728703108544,2158.1689453125,2000829,0.0,0.0
2015-01-02,2158.169221317781,2211.8140285730624,2071.5123192608457,2104.5244140625,1207837,0.0,0.0
2015-01-02,2125.156713550845,2137.536297763367,2030.2467041015625,2030.2467041015625,1963319,0.0,0.0
2015-01-02,2071.512002557727,2187.0545209689226,2063.2588779840303,2145.789306640625,1751232,0.0,0.0
2015-01-02,2224.19305922827,2397.5068359375,2203.5605543072106,2397.5068359375,3317245,0.0,0.0
2015-01-02,2397.5069027147106,2537.80859375,2397.5069027147106,2537.80859375,2635263,0.0,0.0
2015-01-02,2513.0495072920703,2554.314723925604,2492.417001110356,2500.669921875,4054782,0.0,0.0
2015-01-02,2500.6695798926808,2748.2606415641394,2500.6695798926808,2661.603759765625,4061676,0.0,0.0
2015-01-02,2723.502011082201,2789.526193315897,2686.363255373171,2740.008056640625,2908684,0.0,0.0
2015-01-02,2682.23668484519,2764.7671135164583,2517.176031772747,2711.122314453125,7292647,0.0,0.0
2015-01-02,2706.9958784144055,2855.5504879299324,2698.7427537657227,2847.29736328125,3049298,0.0,0.0
2015-01-02,2851.4236254987577,2867.9298736501087,2661.603814459027,2673.9833984375,2074431,0.0,0.0
2015-01-02,2673.9837003488324,2760.6405937122277,2673.9837003488324,2690.48974609375,1040459,0.0,0.0
2015-01-02,2624.465390885156,2740.007907787277,2624.465390885156,2640.971435546875,1615181,0.0,0.0
2015-01-02,2640.971310674959,2702.869026297243,2640.971310674959,2673.9833984375,1512179,0.0,0.0
2015-01-02,2640.971310674959,2731.754654156987,2599.7060988367425,2673.9833984375,3069169,0.0,0.0
2015-01-02,2645.097760772337,2698.7425563901647,2640.9713008848366,2665.73046875,2507221,0.0,0.0
2015-01-02,2690.489609798699,2740.007948795051,2665.7306445706163,2715.248779296875,2133941,0.0,0.0
2015-01-02,2673.9834480368636,2723.5017848692646,2653.350943870086,2682.236572265625,1929863,0.0,0.0
2015-01-02,2649.2248092875398,2682.2369017171995,2612.0860521015907,2645.09814453125,2651281,0.0,0.0
2015-01-02,2599.7061470583467,2694.6161564737254,2599.7061470583467,2682.236572265625,4680599,0.0,0.0
2015-01-02,2682.2368666107177,2682.2368666107177,2570.82080078125,2570.82080078125,3970941,0.0,0.0
2015-01-02,2587.3265839350793,2649.2245054800037,2550.188035278211,2628.591796875,3434642,0.0,0.0
2015-01-02,2636.8450625847904,2760.640503773606,2636.8450625847904,2723.501953125,2958563,0.0,0.0
2015-01-02,2723.501953125,2785.3996737194075,2653.3511077919593,2723.501953125,2301927,0.0,0.0
2015-01-02,2723.5017848692646,2723.5017848692646,2640.971359661986,2682.236572265625,985410,0.0,0.0
2015-01-02,2682.236728853496,2682.236728853496,2599.706298828125,2599.706298828125,393150,0.0,0.0
2015-01-02,2558.440730850674,2566.6938544226414,2459.4044736074748,2504.796142578125,2686460,0.0,0.0
2015-01-02,2504.7964836802375,2678.1102638627344,2455.278144045183,2595.579833984375,3141959,0.0,0.0
2015-01-02,2599.706298828125,2657.4775589918654,2496.5433634314595,2599.706298828125,2252251,0.0,0.0
2015-01-02,2661.6039273946744,3086.6354435199237,2661.6039273946744,2888.5625,3819682,0.0,0.0
2015-01-02,2830.791018828533,2847.2970621098852,2764.766845703125,2764.766845703125,2601808,0.0,0.0
2015-01-02,2764.766845703125,2867.9297694141305,2640.971214687874,2764.766845703125,4067252,0.0,0.0
2015-01-02,2847.297417817689,3218.6841529900526,2847.297417817689,3053.623291015625,4960812,0.0,0.0
2015-01-02,3041.2435705933995,3115.521077738314,2888.5625047590624,2892.68896484375,1180059,0.0,0.0
2015-01-02,2929.827848804903,3206.3045679149604,2929.827848804903,3053.623291015625,5901616,0.0,0.0
2015-01-02,3032.990689798541,3218.6840515313334,3012.358184837161,3152.65966796875,3747906,0.0,0.0
2015-01-02,3136.1536421776495,3189.798441380916,3032.99070820451,3094.888427734375,5496604,0.0,0.0
2015-01-02,3053.6230419630283,3057.7497061648887,2942.207193914442,3049.49658203125,4646028,0.0,0.0
2015-01-02,3053.623510403022,3119.6479007903313,3053.623510403022,3111.394775390625,2085177,0.0,0.0
2015-01-02,3115.521440225535,3127.900821919924,3053.623510403022,3111.394775390625,2184022,0.0,0.0
2015-01-02,3111.394775390625,3119.6479007903313,3099.0151894261226,3111.394775390625,1192326,0.0,0.0
2015-01-02,3024.737396149681,3041.24344005001,2855.55029296875,2855.55029296875,12335577,0.0,0.0
2015-01-02,2925.7012404512234,2999.9785428721057,2900.9420715542333,2950.460205078125,5859138,0.0,0.0
2015-01-02,2950.4602888363142,3053.6232231422637,2888.562569106764,3028.8642578125,3727123,0.0,0.0
2015-01-02,3037.1171683678094,3111.394472657666,2995.851953924535,3094.888427734375,3915385,0.0,0.0
2015-01-02,3136.1534046762185,3144.4065286479004,3032.990478515625,3032.990478515625,4072422,0.0,0.0
2015-01-02,3053.622916316274,3206.3041744806283,3012.35791015625,3012.35791015625,4747712,0.0,0.0
2015-01-02,3078.3822526088975,3305.3408203125,3020.6109956858045,3305.3408203125,5334802,0.0,0.0
2015-01-02,3305.3408203125,3305.3408203125,3305.3408203125,3305.3408203125,0,0.0,0.0
2015-01-02,3218.6842068361602,3292.961514259215,3169.1658657073885,3259.94921875,4611762,0.0,0.0
2015-01-02,3202.178154191911,3202.178154191911,3037.11728981824,3057.75,2898851,0.0,0.0
2015-01-02,3004.1051986515467,3061.876460328311,2900.942260553053,3057.75,2214234,0.0,0.0
2015-01-02,3115.521118184247,3198.0513422998606,3057.7498591682715,3152.65966796875,3119554,0.0,0.0
2015-01-02,3218.6839404234975,3218.6839404234975,3066.002673607454,3127.900390625,4167618,0.0,0.0
2015-01-02,3177.418867447372,3288.8347221267386,3152.6596978430266,3218.68408203125,3975706,0.0,0.0
2015-01-02,3144.4066888452767,3198.0512824489547,3111.3943955467576,3136.153564453125,3070284,0.0,0.0
2015-01-02,3082.508749496393,3193.9248046875,3032.990616228172,3193.9248046875,2273237,0.0,0.0
2015-01-02,3140.2804078844265,3189.7987517424367,3070.129556932321,3111.394775390625,2514824,0.0,0.0
2015-01-02,3111.3940377114554,3123.773620740888,3090.761535509112,3107.267578125,5896243,0.0,0.0
2015-01-02,3053.6230419630283,3119.64742222189,3037.116997965833,3049.49658203125,1873496,0.0,0.0
2015-01-02,3028.864018664823,3086.6352736563617,3020.6108946931413,3032.990478515625,2276278,0.0,0.0
2015-01-02,2971.092699726152,3066.0024998723106,2971.092699726152,3012.35791015625,4454522,0.0,0.0
2015-01-02,3012.3582797921167,3053.623291015625,3012.3582797921167,3053.623291015625,846723,0.0,0.0
2015-01-02,3090.7619775420503,3115.5211471419084,3028.8642578125,3028.8642578125,5909625,0.0,0.0
2015-01-02,3008.2315576347532,3099.014907419787,3008.2315576347532,3037.1171875,5490217,0.0,0.0
2015-01-02,2942.2073205554566,3053.6231733996997,2942.2073205554566,3020.611083984375,2941329,0.0,0.0
2015-01-02,2979.345713515403,2979.345713515403,2892.688830151432,2917.447998046875,4453711,0.0,0.0
2015-01-02,2938.0802668724814,2938.0802668724814,2793.65234375,2793.65234375,3580629,0.0,0.0
2015-01-02,2847.297139075898,3053.6229920751557,2793.6525480289415,2971.0927734375,2586703,0.0,0.0
2015-01-02,2971.093107484853,3185.6719043384624,2971.093107484853,3057.75,6421795,0.0,0.0
2015-01-02,3053.6230964222977,3103.14143356709,2979.3457949751946,3061.876220703125,2470927,0.0,0.0
2015-01-02,3061.8763477655807,3123.7740674951315,3028.8642578125,3028.8642578125,2131913,0.0,0.0
2015-01-02,3012.3579848913673,3028.864028618899,2938.080481712359,2971.0927734375,1906850,0.0,0.0
2015-01-02,3012.3580973230883,3086.635399004306,2954.586839985465,3070.129150390625,1863764,0.0,0.0
2015-01-02,3053.6233338413685,3061.876458763876,2938.080810546875,2938.080810546875,3495369,0.0,0.0
2015-01-02,2938.0807130662834,3066.0028173652463,2938.0807130662834,3037.1171875,4173802,0.0,0.0
2015-01-02,3037.1168276142953,3045.369951285017,2966.965991358408,3008.231201171875,2079094,0.0,0.0
2015-01-02,3008.2313207569255,3057.749656209598,2971.0927734375,2971.0927734375,3839350,0.0,0.0
2015-01-02,2888.562648888443,2966.966415760035,2731.7549108751596,2797.779296875,10704581,0.0,0.0
2015-01-02,2818.4118025980188,2859.6770183141566,2773.0201265912974,2797.779296875,5337945,0.0,0.0
2015-01-02,2826.665182558365,2847.2976901434863,2715.249110496402,2806.032470703125,10209848,0.0,0.0
2015-01-02,2859.6767135410087,3037.116938366427,2839.044210016921,3032.990478515625,15599193,0.0,0.0
2015-01-02,3032.9904591087643,3111.394217122717,2962.839620743608,3086.63525390625,20403678,0.0,0.0
2015-01-02,3086.6353501751823,3280.581623481885,3086.6353501751823,3243.44287109375,28396048,0.0,0.0
2015-01-02,3218.6841293575944,3342.4795706593763,3218.6841293575944,3301.21435546875,13792708,0.0,0.0
2015-01-02,3301.2139591902846,3383.744379664567,3292.9610397049,3379.617919921875,7388248,0.0,0.0
2015-01-02,3379.6184841992717,3425.010161757919,3305.341175078749,3334.226806640625,4346958,0.0,0.0
2015-01-02,3334.2266501833096,3334.2266501833096,3231.063714341792,3301.21435546875,2300001,0.0,0.0
2015-01-02,3301.214292174049,3420.883475213459,3264.0757422036168,3280.581787109375,2889321,0.0,0.0
2015-01-02,3301.214292174049,3301.214292174049,3222.810527804175,3280.581787109375,6467213,0.0,0.0
2015-01-02,3272.328499305605,3280.581623481885,3235.1899511875536,3243.44287109375,3476309,0.0,0.0
2015-01-02,3259.9490923450335,3259.9490923450335,3185.671787802091,3218.68408203125,8079049,0.0,0.0
2015-01-02,3218.6841402686896,3259.949151329104,3218.6841402686896,3235.190185546875,5761205,0.0,0.0
2015-01-02,3202.1779119183275,3297.0877179093154,3198.0512476321337,3251.696044921875,7385004,0.0,0.0
2015-01-02,3276.4552086881095,3276.4552086881095,3239.3164557880923,3247.569580078125,3788660,0.0,0.0
2015-01-02,3251.6961719903147,3259.9490923450335,3107.268023081789,3218.68408203125,3523451,0.0,0.0
2015-01-02,3189.798452249545,3222.8105422086096,3144.4067774883074,3218.68408203125,2758034,0.0,0.0
2015-01-02,3214.55732696317,3222.8104513553217,3119.6475199389097,3136.153564453125,1854944,0.0,0.0
2015-01-02,3136.1534347274433,3218.6838581547718,3078.3821791823293,3165.0390625,1758430,0.0,0.0
2015-01-02,3136.153488747421,3239.316417673514,3136.153488747421,3177.418701171875,4247708,0.0,0.0
2015-01-02,3218.6842240089804,3218.6842240089804,3136.1537912007666,3198.051513671875,3955227,0.0,0.0
2015-01-02,3214.557417583796,3235.1901270107824,3193.9249124269045,3218.68408203125,7505037,0.0,0.0
2015-01-02,3218.68408203125,3222.8105422086096,3177.418867447372,3218.68408203125,3544943,0.0,0.0
2015-01-02,3226.937002385969,3297.087846751552,3210.430957406437,3218.68408203125,5597375,0.0,0.0
2015-01-02,3218.6839349278607,3305.3408203125,3218.6839349278607,3305.3408203125,6935385,0.0,0.0
2015-01-02,3305.340735157354,3528.172428591229,3305.340735157354,3408.503662109375,4055188,0.0,0.0
2015-01-02,3408.503583092965,3486.907340392508,3408.503583092965,3445.642333984375,2110826,0.0,0.0
2015-01-02,3441.5160009195997,3445.64266537336,3379.6182810842347,3412.63037109375,6956370,0.0,0.0
2015-01-02,3445.6427618725356,3466.2752676387963,3247.569807727993,3309.467529296875,6702313,0.0,0.0
2015-01-02,3309.467529296875,3309.467529296875,3309.467529296875,3309.467529296875,0,0.0,0.0
2015-01-02,3309.467529296875,3309.467529296875,3309.467529296875,3309.467529296875,0,0.0,0.0
2015-01-02,3445.642550956309,3466.275055459603,3363.112124402956,3383.74462890625,5431620,0.0,0.0
2015-01-02,3383.744845303466,3437.3894421507453,3280.5819076493435,3317.720458984375,3407777,0.0,0.0
2015-01-02,3383.744509624584,3383.744509624584,3325.973253927771,3350.732421875,3924813,0.0,0.0
2015-01-02,3354.8591354898804,3391.9978902193693,3284.7082905142433,3358.985595703125,7619292,0.0,0.0
2015-01-02,3358.985212668268,3396.123963162717,3358.985212668268,3379.617919921875,2500428,0.0,0.0
2015-01-02,3383.744379664567,3420.883130159016,3334.2262499420412,3379.617919921875,3104246,0.0,0.0
2015-01-02,3342.4795706593763,3367.2387406277717,3226.937049833661,3301.21435546875,3357188,0.0,0.0
2015-01-02,3292.9615097014253,3292.9615097014253,3243.4431686411917,3255.82275390625,3104043,0.0,0.0
2015-01-02,3255.8224717689636,3301.214144293972,3181.5451708853066,3185.671630859375,2072099,0.0,0.0
2015-01-02,3181.5452788641232,3264.0757067670115,3169.165694251681,3210.430908203125,3431804,0.0,0.0
2015-01-02,3239.316634817859,3305.341019976881,3222.810589595628,3301.21435546875,3314913,0.0,0.0
2015-01-02,3301.21435546875,3321.847065199112,3247.569759564023,3301.21435546875,5848696,0.0,0.0
2015-01-02,3297.0879745965785,3305.3410995414083,3202.1781612166037,3259.94921875,2716266,0.0,0.0
2015-01-02,3259.949267509852,3292.96156351284,3222.810715377885,3268.202392578125,1166069,0.0,0.0
2015-01-02,3259.9493771148846,3305.3412601113823,3259.9493771148846,3297.088134765625,1602813,0.0,0.0
2015-01-02,3297.0878562872194,3309.467441125196,3226.93701171875,3226.93701171875,1869745,0.0,0.0
2015-01-02,3235.1901270107824,3297.087846751552,3127.900528238681,3218.68408203125,4224289,0.0,0.0
2015-01-02,3189.798452249545,3218.68408203125,3136.1536528634942,3218.68408203125,4340470,0.0,0.0
2015-01-02,3218.68408203125,3218.68408203125,3218.68408203125,3218.68408203125,0,0.0,0.0
2015-01-02,3160.91265705611,3218.683913596329,3111.3943204387315,3177.418701171875,1477000,0.0,0.0
2015-01-02,3177.418701171875,3177.418701171875,3177.418701171875,3177.418701171875,0,0.0,0.0
2015-01-02,3177.418701171875,3177.418701171875,3177.418701171875,3177.418701171875,0,0.0,0.0
2015-01-02,3177.418701171875,3177.418701171875,3177.418701171875,3177.418701171875,0,0.0,0.0
2015-01-02,3177.418701171875,3177.418701171875,3177.418701171875,3177.418701171875,0,0.0,0.0
2015-01-02,3177.418701171875,3177.418701171875,3177.418701171875,3177.418701171875,0,0.0,0.0
2015-01-02,3297.0876675643613,3301.2141275174595,3214.5572428818955,3243.44287109375,2152493,0.0,0.0
2015-01-02,3243.44313150269,3272.3287620337087,3173.2924895874444,3181.54541015625,1830613,0.0,0.0
2015-01-02,3181.5456175686,3185.672078122016,3057.750166805207,3103.141845703125,3380607,0.0,0.0
2015-01-02,3103.1412505404205,3123.7737536204327,2950.459992376066,3012.35791015625,2180981,0.0,0.0
2015-01-02,3012.358122429109,3020.611042534645,2859.6768535057117,2946.333740234375,4039778,0.0,0.0
2015-01-02,2946.333962433421,3008.231684973342,2946.333962433421,3004.105224609375,1735316,0.0,0.0
2015-01-02,2987.598971759962,3004.105016341607,2876.1829154962434,2888.5625,6618066,0.0,0.0
2015-01-02,2888.5625585991284,2925.701312863817,2839.044423849637,2905.068603515625,2855764,0.0,0.0
2015-01-02,2905.068603515625,2913.3217281089205,2872.0565136826312,2905.068603515625,981761,0.0,0.0
2015-01-02,2905.068623011743,2913.321747660426,2764.7671381448986,2847.29736328125,4566141,0.0,0.0
2015-01-02,2847.297344172839,2905.068603515625,2731.7548254872663,2905.068603515625,3547579,0.0,0.0
2015-01-02,2905.0687319170993,2905.0687319170993,2806.032253770699,2872.056640625,7125674,0.0,0.0
2015-01-02,2756.514081158862,2830.79138773987,2756.514081158862,2797.779296875,3023041,0.0,0.0
2015-01-02,2731.755126953125,2806.032439409363,2731.755126953125,2731.755126953125,6415915,0.0,0.0
2015-01-02,2723.501635364708,2806.0318517714686,2723.501635364708,2764.766845703125,6986075,0.0,0.0
2015-01-02,2764.7671574679757,2797.779247753239,2723.501942476348,2789.526123046875,4465066,0.0,0.0
2015-01-02,2802.91255457261,2844.7470703125,2710.876619944853,2844.7470703125,2375800,0.0,0.0
2015-01-02,2844.746949348565,2853.1138521407665,2769.44482421875,2769.44482421875,1258900,0.0,0.0
2015-01-02,2802.912476321301,2802.912476321301,2677.408932605422,2777.811767578125,4127900,0.0,0.0
2015-01-02,2777.811936366705,2777.811936366705,2694.1429021387926,2710.876708984375,6938400,0.0,0.0
2015-01-02,2677.408935546875,2719.243450164795,2643.941323852539,2677.408935546875,6919400,0.0,0.0
2015-01-02,2669.042032623291,2702.509644317627,2635.574420928955,2677.408935546875,7465500,0.0,0.0
2015-01-02,2677.409018987342,2677.409018987342,2635.574503065665,2643.94140625,11459100,0.0,0.0
2015-01-02,2652.3085323493638,2828.0135139876497,2635.5747245742887,2794.5458984375,57183700,0.0,0.0
2015-01-02,2794.545451681635,2886.58137973103,2761.0778414818546,2853.11376953125,39403500,0.0,0.0
2015-01-02,2853.1138102213545,2928.415934244792,2844.7469075520835,2911.68212890625,18226100,0.0,0.0
2015-01-02,2886.5813804428585,2970.2504059629414,2869.8475753388416,2903.315185546875,19764700,0.0,0.0
2015-01-02,2886.581619738182,2953.516845703125,2836.3802002644743,2953.516845703125,39879100,0.0,0.0
2015-01-02,2920.049031575521,3045.5525716145835,2920.049031575521,3012.0849609375,23576800,0.0,0.0
2015-01-02,3012.085127397017,3045.5527399236507,2936.7829992120915,2945.14990234375,13647200,0.0,0.0
2015-01-02,2945.1496983069164,2953.5166008589244,2844.746867682817,2903.315185546875,16672200,0.0,0.0
2015-01-02,2911.68244183788,3079.020513207873,2903.3155382693803,3028.819091796875,18450600,0.0,0.0
2015-01-02,3028.818884114583,3179.423138020833,3028.818884114583,3137.588623046875,13545000,0.0,0.0
2015-01-02,3145.9555260416664,3154.3224290364583,3104.121011067708,3137.588623046875,11071300,0.0,0.0
2015-01-02,3079.020141930593,3129.221557288157,3028.818726573029,3104.120849609375,10344200,0.0,0.0
2015-01-02,3095.7540694527006,3104.1209723431134,3053.919555000637,3079.020263671875,1616400,0.0,0.0
2015-01-02,3079.0198531936817,3095.7536567436473,3028.8184425437844,3045.55224609375,4353700,0.0,0.0
2015-01-02,3045.5526521102242,3079.020263671875,2970.25052609651,3079.020263671875,2510500,0.0,0.0
2015-01-02,3062.286376953125,3079.020182291667,2995.3511555989585,3012.0849609375,3196300,0.0,0.0
2015-01-02,2986.984409971495,3137.588665936444,2945.1498944256755,3095.754150390625,14638000,0.0,0.0
2015-01-02,3012.084806743421,3187.789753803454,3012.084806743421,3179.4228515625,12056100,0.0,0.0
2015-01-02,3179.4228515625,3229.6242650082236,3162.689047080592,3179.4228515625,10572800,0.0,0.0
2015-01-02,3179.4228515625,3187.789753803454,3171.055949321546,3179.4228515625,5659400,0.0,0.0
2015-01-02,3179.4227727254233,3279.825597127279,3120.854458491008,3212.890380859375,8171900,0.0,0.0
2015-01-02,3212.890828981723,3229.62463538267,3154.322506578411,3204.52392578125,3764200,0.0,0.0
2015-01-02,3179.4231814822633,3212.890793918919,3070.6534410631334,3095.754150390625,4875200,0.0,0.0
2015-01-02,3095.7541080729166,3179.423138020833,3062.28649609375,3137.588623046875,3583500,0.0,0.0
2015-01-02,3137.588623046875,3154.3224290364583,3053.919593098958,3137.588623046875,6504800,0.0,0.0
2015-01-02,3137.588665936444,3137.588665936444,3062.2865379539694,3095.754150390625,13419900,0.0,0.0
2015-01-02,3104.120931433072,3112.487834213215,3070.6533203125,3070.6533203125,10315900,0.0,0.0
2015-01-02,3079.0204726454294,3095.7542795619806,2978.6176311461218,3020.4521484375,7383700,0.0,0.0
2015-01-02,3079.020349598464,3087.3872527223725,2961.8837058637396,2995.351318359375,11807100,0.0,0.0
2015-01-02,2986.9842529296875,3053.9194742838545,2970.250447591146,3012.0849609375,9567500,0.0,0.0
2015-01-02,3079.020263671875,3120.8547781239386,3028.818846329399,3079.020263671875,12752600,0.0,0.0
2015-01-02,3104.12116911795,3196.1571067467844,3095.754265697147,3171.056396484375,27277900,0.0,0.0
2015-01-02,3171.0558706919355,3246.357988993327,3171.0558706919355,3212.890380859375,22267400,0.0,0.0
2015-01-02,3221.2577686798877,3304.926801632612,3221.2577686798877,3263.09228515625,16581100,0.0,0.0
2015-01-02,3304.926801632612,3304.926801632612,3254.7253818609774,3263.09228515625,11231100,0.0,0.0
2015-01-02,3271.4591102799823,3279.8260133753274,3154.322466945149,3196.156982421875,5143600,0.0,0.0
2015-01-02,3212.8906675749317,3221.257570355075,3045.5526119720707,3070.6533203125,5740200,0.0,0.0
2015-01-02,3070.6534410631334,3129.2217628272806,3070.6534410631334,3095.754150390625,5652300,0.0,0.0
2015-01-02,3112.487752168969,3137.588459847751,3087.3870444901872,3104.120849609375,8404300,0.0,0.0
2015-01-02,3104.120849609375,3120.854654728563,3087.3870444901872,3104.120849609375,4176300,0.0,0.0
2015-01-02,3104.1212584952996,3162.6895841272867,3062.286740186738,3087.387451171875,22264700,0.0,0.0
2015-01-02,3087.387247281461,3104.121053499789,3079.0203441722974,3095.754150390625,11287500,0.0,0.0
2015-01-02,3112.487752168969,3137.588459847751,3070.653239370999,3104.120849609375,17217800,0.0,0.0
2015-01-02,3104.12055851863,3104.12055851863,3028.8184425437844,3045.55224609375,15821400,0.0,0.0
2015-01-02,3053.919147868733,3079.0198531936817,3028.8184425437844,3045.55224609375,6656500,0.0,0.0
2015-01-02,3053.919677734375,3079.0203874143835,3045.5527745077056,3053.919677734375,7506400,0.0,0.0
2015-01-02,3062.286376953125,3062.286376953125,3020.451863606771,3062.286376953125,6522300,0.0,0.0
2015-01-02,3012.0851616010277,3104.121097094392,3012.0851616010277,3053.919677734375,10891700,0.0,0.0
2015-01-02,3070.653038763231,3112.487548828125,3062.286136750252,3112.487548828125,9648200,0.0,0.0
2015-01-02,3112.487834213215,3112.487834213215,3062.286417532357,3070.6533203125,3392100,0.0,0.0
2015-01-02,3070.653360781462,3112.4878752335258,3070.653360781462,3079.020263671875,2981500,0.0,0.0
2015-01-02,3079.020263671875,3179.4230983568277,3070.653360781462,3079.020263671875,14777500,0.0,0.0
2015-01-02,3087.3873394465045,3095.754242805438,2961.8837890625,2961.8837890625,6447300,0.0,0.0
2015-01-02,2936.782996492013,3020.4520277311017,2903.3153839963775,2995.351318359375,3936100,0.0,0.0
2015-01-02,2995.350835443853,3045.55224609375,2995.350835443853,3045.55224609375,3768100,0.0,0.0
2015-01-02,3087.387451171875,3137.588873142149,3045.552932863313,3087.387451171875,9256700,0.0,0.0
2015-01-02,3087.387166562288,3120.8547781239386,3070.653360781462,3079.020263671875,3666500,0.0,0.0
2015-01-02,3079.02026236631,3162.68929123496,3079.02026236631,3129.2216796875,12253900,0.0,0.0
2015-01-02,3079.019960126113,3095.753764257233,2819.64599609375,2819.64599609375,34716800,0.0,0.0
2015-01-02,2677.4089781746034,2677.4089781746034,2543.538529265873,2635.574462890625,111158300,0.0,0.0
2015-01-02,2635.5746737393465,2652.30848119166,2551.9056364777803,2577.00634765625,41242000,0.0,0.0
2015-01-02,2593.7401095746804,2669.042241788139,2585.3732059954073,2618.8408203125,33739800,0.0,0.0
2015-01-02,2618.8406215358427,2618.8406215358427,2451.502562651763,2476.603271484375,30590900,0.0,0.0
2015-01-02,2468.2361610814146,2501.70377004523,2242.329800575658,2384.567138671875,74701900,0.0,0.0
2015-01-02,2384.567587409221,2418.035202671105,2300.8985492545116,2376.20068359375,36728700,0.0,0.0
2015-01-02,2376.2005988226997,2443.1358269585503,2334.366081237793,2409.668212890625,20351900,0.0,0.0
2015-01-02,2418.034992650612,2476.603314271907,2384.567380295586,2434.768798828125,25069500,0.0,0.0
2015-01-02,2443.1359141175176,2459.8697217484596,2359.466875962808,2376.20068359375,19700600,0.0,0.0
2015-01-02,2367.833660302213,2384.567467088801,2325.999143335743,2351.099853515625,8175200,0.0,0.0
2015-01-02,2351.099691342791,2376.2003997912907,2284.164468813459,2317.632080078125,17527400,0.0,0.0
2015-01-02,2317.6322844132133,2359.466802182405,2292.5315737516985,2309.265380859375,15300400,0.0,0.0
2015-01-02,2317.631955274895,2317.631955274895,2242.329833984375,2242.329833984375,7382400,0.0,0.0
2015-01-02,2233.9632996757077,2292.531625884434,2208.8625884433964,2217.2294921875,13262600,0.0,0.0
2015-01-02,2292.531505584717,2292.531505584717,2108.459632873535,2141.92724609375,20069300,0.0,0.0
2015-01-02,2141.9271616541355,2250.6969003318845,2133.560258678924,2225.59619140625,19399100,0.0,0.0
2015-01-02,2225.596395931604,2250.6971071639155,2183.761877211085,2217.2294921875,10315800,0.0,0.0
2015-01-02,2233.9628455528846,2250.696649639423,2167.027629206731,2175.39453125,9206800,0.0,0.0
2015-01-02,2175.394859313965,2192.1286659240723,2125.1934394836426,2141.92724609375,10778600,0.0,0.0
2015-01-02,2141.927203065134,2217.2293312978927,2133.560299928161,2183.76171875,12648500,0.0,0.0
2015-01-02,2183.7614332932694,2242.329747596154,2158.6607271634616,2175.39453125,41779400,0.0,0.0
2015-01-02,2175.39453125,2192.1283353365384,2141.9269230769232,2175.39453125,5937400,0.0,0.0
2015-01-02,2175.3951171875,2192.12892578125,2091.72607421875,2091.72607421875,10904800,0.0,0.0
2015-01-02,2091.72607421875,2116.826787109375,2058.2584570312497,2091.72607421875,14818400,0.0,0.0
2015-01-02,2091.7256673177085,2167.027791341146,2074.991861979167,2158.660888671875,29791600,0.0,0.0
2015-01-02,2175.3948863636365,2300.8984375,2158.6610795454544,2300.8984375,36160800,0.0,0.0
2015-01-02,2300.8982340494795,2300.8982340494795,2242.3299153645835,2259.063720703125,13965400,0.0,0.0
2015-01-02,2259.0637603649593,2334.365885710458,2259.0637603649593,2317.632080078125,18747000,0.0,0.0
2015-01-02,2317.6321241335763,2325.9990271087877,2200.495482480616,2225.59619140625,17596000,0.0,0.0
2015-01-02,2225.596069789731,2250.69677734375,2183.761557199698,2250.69677734375,7799700,0.0,0.0
2015-01-02,2259.0635516826924,2267.430453725962,2167.027629206731,2175.39453125,7830400,0.0,0.0
2015-01-02,2192.1284993489585,2242.3299153645835,2183.7615966796875,2208.8623046875,4018900,0.0,0.0
2015-01-02,2208.8621394230768,2233.9628455528846,2175.39453125,2175.39453125,5571900,0.0,0.0
2015-01-02,2175.3949734669814,2217.2294921875,2150.29426223467,2217.2294921875,3441200,0.0,0.0
2015-01-02,2192.128621886973,2192.128621886973,2167.0279124760536,2183.76171875,3425100,0.0,0.0
2015-01-02,2200.4956102185674,2200.4956102185674,2141.927285992218,2150.294189453125,3920400,0.0,0.0
2015-01-02,2150.29402733603,2167.027832996233,2108.459513185524,2116.826416015625,13173400,0.0,0.0
2015-01-02,2116.826417004049,2133.560222672065,2066.625,2066.625,13541400,0.0,0.0
2015-01-02,2074.992070473915,2091.7258774938664,2024.7906494140625,2024.7906494140625,13215600,0.0,0.0
2015-01-02,2024.7905294127384,2041.5243354409429,1974.589111328125,1974.589111328125,15984600,0.0,0.0
2015-01-02,1991.3229519641066,2125.1934025163155,1982.9560488045936,2083.35888671875,21746900,0.0,0.0
2015-01-02,2091.72607421875,2150.2944042968747,2091.72607421875,2091.72607421875,12703400,0.0,0.0
2015-01-02,2091.725749354209,2116.8264583464593,2058.2581373645417,2074.991943359375,3216300,0.0,0.0
2015-01-02,2100.0927810038415,2100.0927810038415,2016.4237459040871,2024.7906494140625,4360700,0.0,0.0
2015-01-02,2041.5240808576984,2041.5240808576984,1949.4881591796875,1949.4881591796875,10241000,0.0,0.0
2015-01-02,1949.4885650373933,1982.9561798878206,1899.2871427617522,1957.85546875,18489700,0.0,0.0
2015-01-02,1949.4884875434975,1974.5891976835426,1849.0856469833172,1916.0208740234375,16604800,0.0,0.0
2015-01-02,1890.9201704545453,1916.0208806818182,1798.8842329545455,1840.71875,29129600,0.0,0.0
2015-01-02,1840.7187098672946,1899.2870324539813,1823.9849034139556,1832.351806640625,18714900,0.0,0.0
2015-01-02,1832.3519321017795,1865.8195472999855,1798.8843169035736,1807.251220703125,19785000,0.0,0.0
2015-01-02,1807.2511701541848,1949.4885307681716,1807.2511701541848,1899.287109375,32730200,0.0,0.0
2015-01-02,1899.2870274593956,1932.7546402780633,1874.1863178453948,1907.6539306640625,11594000,0.0,0.0
2015-01-02,1907.6540129405284,1924.3878200715858,1874.186398678414,1899.287109375,10541200,0.0,0.0
2015-01-02,1916.02067413938,2125.1932368183516,1907.6537716322212,2100.092529296875,40232400,0.0,0.0
2015-01-02,2125.19369140625,2133.560595703125,2016.4239355468749,2091.72607421875,20686300,0.0,0.0
2015-01-02,2133.5601806640625,2192.1284993489585,2083.3587646484375,2158.660888671875,20002400,0.0,0.0
2015-01-02,2158.660888671875,2158.660888671875,2008.056640625,2008.056640625,15173800,0.0,0.0
2015-01-02,2008.0567691200658,2008.0567691200658,1882.5532210500617,1907.6539306640625,19574900,0.0,0.0
2015-01-02,1823.9850216427365,1916.0209631017738,1815.6181178737331,1857.45263671875,11782100,0.0,0.0
2015-01-02,1857.4525130208333,1932.7546419270832,1857.4525130208333,1882.55322265625,6027700,0.0,0.0
2015-01-02,1890.920389640231,1991.3232421874998,1874.186580882353,1991.3232421875,13159600,0.0,0.0
2015-01-02,2008.056891025641,2024.7906984508547,1924.3878538995727,1957.85546875,7189700,0.0,0.0
2015-01-02,1957.8553515625,1957.8553515625,1882.55322265625,1882.55322265625,6057200,0.0,0.0
2015-01-02,1890.9201242547288,1966.2222530967313,1882.5532210500617,1907.6539306640625,5569400,0.0,0.0
2015-01-02,1907.6539322916667,1924.3877387152777,1849.0856098090278,1882.55322265625,12634100,0.0,0.0
2015-01-02,1882.5533548990886,1890.92025869864,1807.251220703125,1807.251220703125,9401100,0.0,0.0
2015-01-02,1840.718880056221,1857.452688056732,1782.150552054432,1790.5174560546875,7070700,0.0,0.0
2015-01-02,1790.5172992781097,1807.2511058134191,1698.481363333908,1706.8482666015625,13289800,0.0,0.0
2015-01-02,1715.2150867335604,1782.1503096304798,1715.2150867335604,1765.41650390625,13127100,0.0,0.0
2015-01-02,1798.8842640752378,1924.3878173828125,1765.4166498598845,1924.3878173828125,30957800,0.0,0.0
2015-01-02,1924.387866870777,1932.7547706397804,1840.7188291807433,1857.45263671875,11179000,0.0,0.0
2015-01-02,1865.819455847276,1890.920166015625,1823.9849389000276,1890.920166015625,8221800,0.0,0.0
2015-01-02,1890.9202058094713,1916.0209165060571,1865.8194951128853,1899.287109375,6689800,0.0,0.0
2015-01-02,1899.2870274593956,1924.3877370733965,1882.5532210500617,1907.6539306640625,6964000,0.0,0.0
2015-01-02,1932.7546402780633,1932.7546402780633,1865.819414640728,1907.6539306640625,5054800,0.0,0.0
2015-01-02,1924.3880071559872,2008.057050945378,1882.5534852612918,1991.3232421875,12078500,0.0,0.0
2015-01-02,2008.057050945378,2008.057050945378,1949.4887202928046,1991.3232421875,2436400,0.0,0.0
2015-01-02,1991.3232421874998,1999.690146566439,1949.4887202928046,1991.3232421875,5243900,0.0,0.0
2015-01-02,1991.3230836004275,2008.056891025641,1916.0209501869658,1957.85546875,7005200,0.0,0.0
2015-01-02,1924.3878200715858,1949.4885307681716,1890.9202058094713,1899.287109375,4005900,0.0,0.0
2015-01-02,1899.2869059244792,1949.4883219401042,1899.2869059244792,1932.7545166015625,5700000,0.0,0.0
2015-01-02,1932.7543552382308,1982.9557670626004,1899.2867473553179,1949.4881591796875,7547000,0.0,0.0
2015-01-02,1949.4884833153258,1966.2222900390625,1941.1215799534573,1966.2222900390625,4684800,0.0,0.0
2015-01-02,1966.222385715794,1974.5892894847973,1857.45263671875,1857.45263671875,3152600,0.0,0.0
2015-01-02,1832.3516447884697,1899.2868646894183,1832.3516447884697,1874.1861572265625,6076800,0.0,0.0
2015-01-02,1882.55322265625,1907.6539322916667,1874.1863194444443,1882.55322265625,3005900,0.0,0.0
2015-01-02,1882.55322265625,1932.7546419270832,1882.55322265625,1882.55322265625,2063000,0.0,0.0
2015-01-02,1882.5532605033775,1941.1215841634823,1882.5532605033775,1916.0208740234375,2308700,0.0,0.0
2015-01-02,1916.0208698678523,1982.9560967627992,1916.0208698678523,1966.2222900390625,6820900,0.0,0.0
2015-01-02,2008.056640625,2008.056640625,1932.7545166015625,1932.7545166015625,5346200,0.0,0.0
2015-01-02,1932.7545166015625,1932.7545166015625,1932.7545166015625,1932.7545166015625,0,0.0,0.0
2015-01-02,1932.7546402780633,1957.8553498920642,1882.5532210500617,1907.6539306640625,6897200,0.0,0.0
2015-01-02,1907.6538485823005,1941.1214599609375,1899.2869457376414,1941.1214599609375,5094200,0.0,0.0
2015-01-02,1974.5891799926758,2141.92724609375,1949.4884700775146,2141.92724609375,20877500,0.0,0.0
2015-01-02,2141.9273584905663,2242.3302034198114,2108.459743514151,2217.2294921875,18375700,0.0,0.0
2015-01-02,2217.229207356771,2259.063720703125,2158.660888671875,2208.8623046875,7533500,0.0,0.0
2015-01-02,2208.862425386236,2233.963134765625,2183.7617160068467,2233.963134765625,6217800,0.0,0.0
2015-01-02,2233.962972307737,2250.69677734375,2225.596069789731,2250.69677734375,3222800,0.0,0.0
2015-01-02,2250.6968575487927,2317.632080078125,2233.96305191646,2317.632080078125,6775600,0.0,0.0
2015-01-02,2317.632080078125,2351.099691342791,2284.164468813459,2317.632080078125,9497500,0.0,0.0
2015-01-02,2317.631877213073,2367.8332897158834,2300.8980730454696,2325.998779296875,7692400,0.0,0.0
2015-01-02,2325.9989828942917,2334.365885710458,2267.430663181126,2317.632080078125,6767300,0.0,0.0
2015-01-02,2317.632122264189,2317.632122264189,2259.0638014849496,2275.797607421875,8524700,0.0,0.0
2015-01-02,2267.4309146521227,2267.4309146521227,2192.1287809551886,2217.2294921875,6897400,0.0,0.0
2015-01-02,2217.2292884310386,2233.9630943814614,2183.7616765301927,2225.59619140625,7038500,0.0,0.0
2015-01-02,2225.596315797291,2242.330122682985,2200.49560546875,2200.49560546875,4270700,0.0,0.0
2015-01-02,2225.596029253148,2250.696736349988,2192.128419790695,2242.329833984375,2950400,0.0,0.0
2015-01-02,2426.402065964554,2426.402065964554,2233.9632814225374,2367.833740234375,21547000,0.0,0.0
2015-01-02,2367.8335741180736,2468.2364111831507,2367.8335741180736,2434.768798828125,13343100,0.0,0.0
2015-01-02,2443.1355380280925,2443.1355380280925,2351.0996102256645,2401.301025390625,7386700,0.0,0.0
2015-01-02,2401.301106489241,2443.1356205395764,2392.934203679174,2418.034912109375,8744900,0.0,0.0
2015-01-02,2434.768798828125,2493.33712044942,2418.034992650612,2434.768798828125,17162000,0.0,0.0
2015-01-02,2426.4016498766446,2434.7685521175986,2342.7326274671054,2384.567138671875,9091700,0.0,0.0
2015-01-02,2384.567380295586,2501.7040235381764,2325.999058674291,2434.768798828125,12473500,0.0,0.0
2015-01-02,2434.768758418642,2459.8694672683187,2384.5673407192885,2426.40185546875,6173300,0.0,0.0
2015-01-02,2384.5674196008135,2451.50264541417,2384.5674196008135,2443.1357421875,6731100,0.0,0.0
2015-01-02,2451.5025643184267,2459.8694672683187,2401.3011466190733,2426.40185546875,9253300,0.0,0.0
2015-01-02,2459.8694237326954,2568.63916015625,2426.401812525448,2568.63916015625,11252900,0.0,0.0
2015-01-02,2577.00634765625,2585.3732513824066,2526.80492529931,2577.00634765625,3914900,0.0,0.0
2015-01-02,2551.9053545526262,2568.63916015625,2493.337034939943,2568.63916015625,5352200,0.0,0.0
2015-01-02,2518.4378646047494,2560.272380628084,2518.4378646047494,2543.53857421875,8701700,0.0,0.0
2015-01-02,2526.804880940495,2677.4091453674123,2526.804880940495,2618.8408203125,13678300,0.0,0.0
2015-01-02,2618.8408203125,2618.8408203125,2618.8408203125,2618.8408203125,0,0.0,0.0
2015-01-02,2652.308269004216,2669.0420751178076,2618.840656777034,2635.574462890625,7724300,0.0,0.0
2015-01-02,2635.5746274710464,2694.142952525958,2535.171784519768,2618.8408203125,7900800,0.0,0.0
2015-01-02,2635.5743011380127,2710.87642402767,2610.4735935081267,2702.509521484375,11748000,0.0,0.0
2015-01-02,2719.243410588864,2719.243410588864,2551.9053545526262,2568.63916015625,3935100,0.0,0.0
2015-01-02,2577.006302416134,2635.5746274710464,2526.804880940495,2618.8408203125,6385100,0.0,0.0
2015-01-02,2635.5745781792534,2719.2436124071664,2593.740061065297,2710.876708984375,10647000,0.0,0.0
2015-01-02,2702.5095621744795,2702.5095621744795,2585.3729248046875,2610.4736328125,6782800,0.0,0.0
2015-01-02,2618.840831667878,2652.3084461300873,2518.43798828125,2518.43798828125,6489600,0.0,0.0
2015-01-02,2535.171714961329,2568.6393283601587,2434.7688747648413,2501.7041015625,11177400,0.0,0.0
2015-01-02,2493.3367479804424,2510.0705516581634,2401.300827752976,2459.869140625,8154200,0.0,0.0
2015-01-02,2468.2364111831507,2510.0709266269328,2434.768798828125,2434.768798828125,3521800,0.0,0.0
2015-01-02,2434.7687177295093,2443.1356205395764,2409.668009299308,2418.034912109375,4752400,0.0,0.0
2015-01-02,2468.236370218211,2468.236370218211,2418.0349525188576,2426.40185546875,3397200,0.0,0.0
2015-01-02,2426.4017329731055,2426.4017329731055,2351.0996102256645,2401.301025390625,5445000,0.0,0.0
2015-01-02,2351.0999328828952,2401.3013549373345,2351.0999328828952,2367.833740234375,3576100,0.0,0.0
2015-01-02,2476.603271484375,2501.703980316987,2367.8335332097236,2476.603271484375,10601500,0.0,0.0
2015-01-02,2484.970011666317,2501.703816458683,2443.1354996854025,2493.3369140625,12835300,0.0,0.0
2015-01-02,2493.3372379557295,2535.1717553710937,2451.502720540365,2510.071044921875,6878800,0.0,0.0
2015-01-02,2551.905517578125,2560.2724209144467,2518.4379042328383,2551.905517578125,4930500,0.0,0.0
2015-01-02,2577.0063135901164,2577.0063135901164,2518.43798828125,2518.43798828125,2178800,0.0,0.0
2015-01-02,2518.437703450521,2669.041951497396,2518.437703450521,2660.675048828125,7835700,0.0,0.0
2015-01-02,2719.243408203125,2719.243408203125,2660.6750886418267,2719.243408203125,9413700,0.0,0.0
2015-01-02,2719.243450164795,2719.243450164795,2643.941323852539,2677.408935546875,3186800,0.0,0.0
2015-01-02,2710.876505408654,2719.243408203125,2677.4088942307694,2719.243408203125,5358400,0.0,0.0
2015-01-02,2677.408854166667,2710.87646484375,2635.5743408203125,2660.675048828125,7584200,0.0,0.0
2015-01-02,2710.8763844559835,2761.077798982946,2694.1425796136623,2744.343994140625,7891600,0.0,0.0
2015-01-02,2744.3441979644494,2761.078004049599,2727.6103918793006,2735.977294921875,2879100,0.0,0.0
2015-01-02,2752.7109375,2752.7109375,2660.67500949848,2752.7109375,2512400,0.0,0.0
2015-01-02,2685.7757568359375,2769.444783528646,2660.675048828125,2660.675048828125,12706100,0.0,0.0
2015-01-02,2694.142578125,2702.5094805415374,2643.9411636257764,2694.142578125,2129200,0.0,0.0
2015-01-02,2669.041951497396,2677.408854166667,2560.272216796875,2560.272216796875,2846000,0.0,0.0
2015-01-02,2577.0061462200906,2618.840661580806,2535.171630859375,2535.171630859375,2064200,0.0,0.0
2015-01-02,2526.804725424757,2610.473756067961,2510.0709192961162,2585.373046875,6188700,0.0,0.0
2015-01-02,2585.373046875,2585.373046875,2585.373046875,2585.373046875,0,0.0,0.0
2015-01-02,2543.53857421875,2568.639283832751,2493.3371549907483,2543.53857421875,5862500,0.0,0.0
2015-01-02,2543.5381590136053,2568.638864530187,2459.869140625,2459.869140625,4030600,0.0,0.0
2015-01-02,2459.8698338843856,2510.0712590656995,2443.136025490614,2451.5029296875,2823200,0.0,0.0
2015-01-02,2451.5022387861395,2484.9698461415815,2426.401533269558,2459.869140625,4126800,0.0,0.0
2015-01-02,2501.704058195415,2577.006187037418,2434.76883255808,2543.53857421875,5538600,0.0,0.0
2015-01-02,2577.0061462200906,2577.0061462200906,2493.337115498659,2535.171630859375,5130700,0.0,0.0
2015-01-02,2577.0057663690477,2577.0057663690477,2459.869140625,2459.869140625,2155900,0.0,0.0
2015-01-02,2501.7041414388023,2518.437948404948,2468.2365275065104,2510.071044921875,4633200,0.0,0.0
2015-01-02,2510.071044921875,2510.071044921875,2510.071044921875,2510.071044921875,0,0.0,0.0
2015-01-02,2510.071044921875,2526.804851888021,2484.9703344726563,2510.071044921875,6089100,0.0,0.0
2015-01-02,2535.1717553710937,2535.1717553710937,2501.7041414388023,2510.071044921875,2721700,0.0,0.0
2015-01-02,2560.272255828762,2677.4088949843263,2518.4377418446315,2669.0419921875,10826300,0.0,0.0
2015-01-02,2669.041911311194,2702.509521484375,2610.4735935081267,2702.509521484375,6433700,0.0,0.0
2015-01-02,2727.6101462105726,2727.6101462105726,2643.9411233206774,2685.775634765625,3572600,0.0,0.0
2015-01-02,2677.4087324766356,2735.977048499562,2635.574221031688,2685.775634765625,3299600,0.0,0.0
2015-01-02,2702.5099035486,2710.8768072747566,2577.00634765625,2577.00634765625,3435100,0.0,0.0
2015-01-02,2593.740155108563,2610.4739625608768,2577.00634765625,2577.00634765625,2386900,0.0,0.0
2015-01-02,2593.7398274739585,2660.675048828125,2577.006022135417,2660.675048828125,2322300,0.0,0.0
2015-01-02,2677.4086882961783,2677.4086882961783,2593.7396667869225,2627.207275390625,2921700,0.0,0.0
2015-01-02,2627.207438151042,2677.408854166667,2535.1715087890625,2560.272216796875,4575600,0.0,0.0
2015-01-02,2568.639119466146,2610.4736328125,2560.272216796875,2610.4736328125,2613500,0.0,0.0
2015-01-02,2618.840656777034,2643.9413659474208,2577.0061414930556,2635.574462890625,2801700,0.0,0.0
2015-01-02,2643.941454277664,2660.6752609503073,2543.5386142418033,2551.905517578125,2437700,0.0,0.0
2015-01-02,2551.9053141276045,2618.840535481771,2551.9053141276045,2610.4736328125,1503000,0.0,0.0
2015-01-02,2535.1717955123545,2568.639409974564,2518.43798828125,2518.43798828125,7807100,0.0,0.0
2015-01-02,2518.4380215731535,2585.3732513824066,2518.4380215731535,2577.00634765625,3049300,0.0,0.0
2015-01-02,2610.473758508663,2610.473758508663,2526.8047277872315,2535.171630859375,2852000,0.0,0.0
2015-01-02,2568.639119466146,2643.9412434895835,2535.1715087890625,2560.272216796875,10200200,0.0,0.0
2015-01-02,2560.2724250104516,2618.8407484584027,2476.603391513378,2501.7041015625,5033500,0.0,0.0
2015-01-02,2518.437948404948,2577.0062727864583,2484.9703344726563,2510.071044921875,8344700,0.0,0.0
2015-01-02,2510.0709614000825,2543.53857421875,2468.2364453767477,2543.53857421875,4633400,0.0,0.0
2015-01-02,2543.5384950380067,2610.4737185916388,2476.603271484375,2476.603271484375,5570200,0.0,0.0
2015-01-02,2535.1718290254666,2577.00634765625,2510.071117846997,2577.00634765625,3315400,0.0,0.0
2015-01-02,2568.6393693033856,2568.6393693033856,2510.071044921875,2510.071044921875,2349600,0.0,0.0
2015-01-02,2535.1715920938027,2543.5384950380067,2476.603271484375,2476.603271484375,39779700,0.0,0.0
2015-01-02,2476.603271484375,2476.603271484375,2476.603271484375,2476.603271484375,0,0.0,0.0
2015-01-02,2551.905477423417,2593.7399934467517,2484.9702517860815,2543.53857421875,6851600,0.0,0.0
2015-01-02,2551.9051981417933,2702.509439343604,2551.9051981417933,2685.775634765625,14479600,0.0,0.0
2015-01-02,2719.243763449663,2836.380417875187,2694.143051787051,2794.5458984375,13360200,0.0,0.0
2015-01-02,2802.9123542315797,2869.84757463114,2794.545451681635,2853.11376953125,7635200,0.0,0.0
2015-01-02,2869.847530458032,2869.847530458032,2744.343994140625,2744.343994140625,7664000,0.0,0.0
2015-01-02,2744.3442747201493,2853.114017315765,2660.675241954291,2802.91259765625,6713600,0.0,0.0
2015-01-02,2802.9127168373243,2928.416271322578,2802.9127168373243,2828.013427734375,8981100,0.0,0.0
2015-01-02,2828.013188171387,2844.7469940185547,2677.408935546875,2677.408935546875,5704900,0.0,0.0
2015-01-02,2660.6750108825145,2861.480672081195,2593.7397904829545,2853.11376953125,6140700,0.0,0.0
2015-01-02,2844.7468231945504,2844.7468231945504,2744.343994140625,2744.343994140625,2462700,0.0,0.0
2015-01-02,2727.610438093355,2794.545663568038,2643.94140625,2643.94140625,13373000,0.0,0.0
2015-01-02,2677.408813854489,2735.977131657556,2643.941203681308,2702.509521484375,5533100,0.0,0.0
2015-01-02,2635.5745781792534,2710.876708984375,2635.5745781792534,2710.876708984375,2601500,0.0,0.0
2015-01-02,2710.876700265067,2811.279541015625,2694.1428934733076,2811.279541015625,11308300,0.0,0.0
2015-01-02,2836.37996443136,2853.11376953125,2786.17854913169,2853.11376953125,10632200,0.0,0.0
2015-01-02,2853.11376953125,2853.11376953125,2853.11376953125,2853.11376953125,0,0.0,0.0
2015-01-02,2853.11376953125,2853.11376953125,2853.11376953125,2853.11376953125,0,0.0,0.0
2015-01-02,2853.11376953125,2853.11376953125,2853.11376953125,2853.11376953125,0,0.0,0.0
2015-01-02,2853.11376953125,2853.11376953125,2853.11376953125,2853.11376953125,0,0.0,0.0
2015-01-02,2853.11376953125,2853.11376953125,2853.11376953125,2853.11376953125,0,0.0,0.0
2015-01-02,2853.11376953125,2853.11376953125,2853.11376953125,2853.11376953125,0,0.0,0.0
2015-01-02,2853.1138521407665,2853.1138521407665,2727.6103102577417,2769.44482421875,17349300,0.0,0.0
2015-01-02,2769.4447425911853,2769.4447425911853,2719.243327317629,2752.7109375,1697800,0.0,0.0
2015-01-02,2761.0779221754806,2761.0779221754806,2669.041991436298,2719.243408203125,5605500,0.0,0.0
2015-01-02,2744.3439507885514,2761.0777553665303,2685.775634765625,2685.775634765625,3756500,0.0,0.0
2015-01-02,2694.142741394043,2761.077964782715,2677.408935546875,2677.408935546875,7528700,0.0,0.0
2015-01-02,2685.776048946685,2685.776048946685,2602.1070131539536,2618.8408203125,2819000,0.0,0.0
2015-01-02,2618.8404563761646,2710.876382958075,2610.473553959627,2694.142578125,4905100,0.0,0.0
2015-01-02,2719.243367513021,2769.444783528646,2694.1426595052085,2761.077880859375,8720300,0.0,0.0
2015-01-02,2761.077880859375,2777.811686197917,2727.610270182292,2761.077880859375,8019900,0.0,0.0
2015-01-02,2752.7109781901045,2761.077880859375,2752.7109781901045,2761.077880859375,1692800,0.0,0.0
2015-01-02,2761.0778400455924,2777.811645136778,2735.9771324088147,2752.7109375,6377500,0.0,0.0
2015-01-02,2727.610310997596,2752.7110193810095,2677.4088942307694,2719.243408203125,2294400,0.0,0.0
2015-01-02,2677.408813854489,2710.87642402767,2677.408813854489,2702.509521484375,1492000,0.0,0.0
2015-01-02,2669.041911311194,2727.6102291142606,2669.041911311194,2702.509521484375,966600,0.0,0.0
2015-01-02,2702.50968734499,2702.50968734499,2635.574462890625,2635.574462890625,2624600,0.0,0.0
2015-01-02,2635.574420928955,2685.775838470459,2602.106809234619,2677.408935546875,3089800,0.0,0.0
2015-01-02,2685.775677192502,2752.710896561786,2643.9411650867,2744.343994140625,3121600,0.0,0.0
2015-01-02,2677.4087324766356,2719.243243921583,2677.4087324766356,2685.775634765625,1682200,0.0,0.0
2015-01-02,2685.7757568359375,2777.811686197917,2677.408854166667,2761.077880859375,8194400,0.0,0.0
2015-01-02,2761.077880859375,2761.077880859375,2735.9771728515625,2761.077880859375,6309300,0.0,0.0
2015-01-02,2761.0781206403462,2819.646444411505,2752.7112172444663,2811.279541015625,12005900,0.0,0.0
2015-01-02,2811.2792574747837,2911.682088098883,2802.9123549227756,2903.315185546875,13252200,0.0,0.0
2015-01-02,3012.0849609375,3037.1856689453125,2920.049031575521,3012.0849609375,15130200,0.0,0.0
2015-01-02,3003.7179355140493,3012.0848378413866,2986.984130859375,2986.984130859375,5270000,0.0,0.0
2015-01-02,2995.3511980685134,2995.3511980685134,2869.84765625,2869.84765625,1748000,0.0,0.0
2015-01-02,2869.847739070566,2928.4160602760876,2836.380126953125,2836.380126953125,5544400,0.0,0.0
2015-01-02,2836.380161632191,2945.14990234375,2836.380161632191,2945.14990234375,2914700,0.0,0.0
2015-01-02,2945.150242141813,2945.150242141813,2844.7473929778876,2861.481201171875,3878400,0.0,0.0
2015-01-02,2861.4805918817933,2928.415810405344,2861.4805918817933,2886.581298828125,2005900,0.0,0.0
2015-01-02,2886.5815451292865,2886.5815451292865,2811.2794178650443,2836.380126953125,5716400,0.0,0.0
2015-01-02,2811.279457720588,2903.3153923483455,2811.279457720588,2844.7470703125,3784500,0.0,0.0
2015-01-02,2844.7469471928725,2920.049072265625,2844.7469471928725,2920.049072265625,4273400,0.0,0.0
2015-01-02,2920.049195747155,2920.049195747155,2828.0132612107113,2894.948486328125,8238700,0.0,0.0
2015-01-02,2894.948486328125,2894.948486328125,2894.948486328125,2894.948486328125,0,0.0,0.0
2015-01-02,2861.4810365188955,2886.5817473655525,2836.3803256722385,2878.21484375,2147200,0.0,0.0
2015-01-02,2853.1141386314257,2894.9486567931767,2802.9127168373243,2828.013427734375,4380000,0.0,0.0
2015-01-02,2828.0135847839,2886.5819134628564,2819.646680686906,2861.481201171875,6646400,0.0,0.0
2015-01-02,2861.4809067069987,3020.4520681907206,2861.4809067069987,3003.71826171875,10501700,0.0,0.0
2015-01-02,3003.7181831207713,3003.7181831207713,2911.6822499332266,2936.782958984375,6234600,0.0,0.0
2015-01-02,2953.5166422526045,3062.286376953125,2953.5166422526045,3062.286376953125,11059300,0.0,0.0
2015-01-02,3045.552449207989,3053.919351540978,3012.0848398760327,3037.185546875,3516800,0.0,0.0
2015-01-02,3037.185546875,3037.185546875,3003.7179375430437,3037.185546875,9512700,0.0,0.0
2015-01-02,3037.1853443187674,3179.4226744934754,3012.0846389938188,3045.55224609375,13017500,0.0,0.0
2015-01-02,3070.653279622396,3104.1208902994795,3012.0849609375,3012.0849609375,3746800,0.0,0.0
2015-01-02,3012.0849609375,3012.0849609375,3012.0849609375,3012.0849609375,0,0.0,0.0
2015-01-02,3012.0851192989867,3104.121053499789,3012.0851192989867,3095.754150390625,7033600,0.0,0.0
2015-01-02,3095.7542701700736,3137.588787334534,3070.653559871397,3120.85498046875,3397300,0.0,0.0
2015-01-02,3120.8552081219564,3229.6249606838473,3037.1861676897324,3221.258056640625,14150000,0.0,0.0
2015-01-02,3212.890748031496,3237.991457000492,3137.588621124508,3187.7900390625,2144500,0.0,0.0
2015-01-02,3129.2217576591133,3196.156982421875,3104.121048373078,3196.156982421875,4168900,0.0,0.0
2015-01-02,3212.8907886125658,3221.257691707911,3171.0562731358395,3196.156982421875,2103100,0.0,0.0
2015-01-02,3196.156940154635,3237.991455078125,3196.156940154635,3237.991455078125,2999900,0.0,0.0
2015-01-02,3237.991532337817,3304.9267578125,3162.6894036787976,3304.9267578125,5191700,0.0,0.0
2015-01-02,3304.9267942513993,3396.9627302938434,3288.1929876982276,3363.4951171875,14130500,0.0,0.0
2015-01-02,3388.5954986572265,3388.5954986572265,3237.991254272461,3346.760986328125,7301100,0.0,0.0
2015-01-02,3346.7611087059195,3355.128011477684,3237.991372672977,3321.660400390625,1114800,0.0,0.0
2015-01-02,3263.092576856737,3321.660905159294,3187.7904404677356,3221.258056640625,5492800,0.0,0.0
2015-01-02,3212.8904605263156,3221.2573627672696,3145.955242598684,3179.4228515625,7308400,0.0,0.0
2015-01-02,3179.4228515625,3179.4228515625,3179.4228515625,3179.4228515625,0,0.0,0.0
2015-01-02,3179.4235364245133,3221.258056640625,3137.589016208401,3221.258056640625,11837800,0.0,0.0
2015-01-02,3204.523969700728,3204.523969700728,3137.5887431795636,3162.689453125,6906700,0.0,0.0
2015-01-02,3137.5887431795636,3179.423259755291,3137.5887431795636,3162.689453125,2655100,0.0,0.0
2015-01-02,3162.6894129745524,3171.05631618348,3137.58870334777,3154.322509765625,4885800,0.0,0.0
2015-01-02,3145.955569045608,3145.955569045608,3079.0203441722974,3095.754150390625,9642700,0.0,0.0
2015-01-02,3087.387165253175,3154.322388348095,3087.387165253175,3129.2216796875,6934400,0.0,0.0
2015-01-02,3120.8548597181166,3137.588665936444,3087.387247281461,3095.754150390625,6252700,0.0,0.0
2015-01-02,3095.7536567436473,3095.7536567436473,3012.0846389938188,3045.55224609375,11048100,0.0,0.0
2015-01-02,3037.1857492198114,3087.387166562288,3037.1857492198114,3079.020263671875,5695900,0.0,0.0
2015-01-02,3087.3870849609375,3087.3870849609375,3028.818766276042,3062.286376953125,7931500,0.0,0.0
2015-01-02,3095.7540694527006,3095.7540694527006,3062.28645789105,3079.020263671875,1355900,0.0,0.0
2015-01-02,3087.3867549686643,3104.12055851863,3012.0846389938188,3045.55224609375,6372700,0.0,0.0
2015-01-02,3079.020058539945,3079.020058539945,3020.451742209022,3037.185546875,3362300,0.0,0.0
2015-01-02,3028.8189365629514,3028.8189365629514,2844.7470674900646,2894.948486328125,9089600,0.0,0.0
2015-01-02,2928.416135966271,2961.8837489487432,2928.416135966271,2953.516845703125,6976700,0.0,0.0
2015-01-02,2953.516845703125,2986.984458685597,2928.416135966271,2953.516845703125,2742000,0.0,0.0
2015-01-02,2945.149982344633,2978.6175957803675,2936.7830789856994,2961.8837890625,4567900,0.0,0.0
2015-01-02,2970.250652194361,2978.617555439979,2945.149942457507,2953.516845703125,6178400,0.0,0.0
2015-01-02,2961.883714384191,2970.250617532169,2811.279457720588,2844.7470703125,7734200,0.0,0.0
2015-01-02,2844.74670229043,2878.2143105526707,2777.8114857659493,2819.64599609375,4635800,0.0,0.0
2015-01-02,2786.1787482766545,2844.7470703125,2752.7111356847427,2844.7470703125,4830600,0.0,0.0
2015-01-02,2844.7470703125,2869.8477797564337,2819.6463608685663,2844.7470703125,5319200,0.0,0.0
2015-01-02,2886.5813774368708,2886.5813774368708,2702.509521484375,2702.509521484375,3358700,0.0,0.0
2015-01-02,2761.0780388327207,2844.7470703125,2727.610426240809,2844.7470703125,10969800,0.0,0.0
2015-01-02,2844.7472814611488,2953.5170304581925,2786.178955078125,2786.178955078125,7313400,0.0,0.0
2015-01-02,2828.013427734375,2878.2148495284764,2777.8120059402736,2828.013427734375,6912000,0.0,0.0
2015-01-02,2844.746949348565,2878.2145605173714,2761.077921426548,2769.44482421875,4305700,0.0,0.0
2015-01-02,2836.3803313667254,2836.3803313667254,2761.0781986755733,2828.013427734375,7903700,0.0,0.0
2015-01-02,2828.01365234375,2961.88412109375,2828.01365234375,2928.41650390625,12536100,0.0,0.0
2015-01-02,2986.984579364905,3012.0852901158705,2936.783157862974,2978.61767578125,16658200,0.0,0.0
2015-01-02,3012.0852901158705,3012.0852901158705,2920.0493506956636,2978.61767578125,6422500,0.0,0.0
2015-01-02,2978.617146236796,2986.9840483329667,2953.5164399482837,2970.250244140625,2411300,0.0,0.0
2015-01-02,2970.2503262047003,2995.351033186712,2961.8834238773634,2986.984130859375,2988000,0.0,0.0
2015-01-02,2961.8837086070666,2970.250611738725,2928.4160960804334,2945.14990234375,5370500,0.0,0.0
2015-01-02,2928.4160960804334,2978.6175148703837,2928.4160960804334,2945.14990234375,3457400,0.0,0.0
2015-01-02,2945.1503125,2970.251025390625,2928.41650390625,2928.41650390625,3427600,0.0,0.0
2015-01-02,2945.1503125,2953.517216796875,2920.049599609375,2928.41650390625,4114000,0.0,0.0
2015-01-02,2886.5816715785436,2911.682381766183,2811.279541015625,2811.279541015625,2616900,0.0,0.0
2015-01-02,2794.5458588471283,2836.3803776921454,2786.178955078125,2786.178955078125,5931000,0.0,0.0
2015-01-02,2786.1786305588944,2811.2793389423077,2710.876505408654,2719.243408203125,5151300,0.0,0.0
2015-01-02,2752.710853077541,2752.710853077541,2685.775634765625,2685.775634765625,4249400,0.0,0.0
2015-01-02,2702.509603374804,2719.243408968456,2669.0419921875,2669.0419921875,5584800,0.0,0.0
2015-01-02,2660.6751744538833,2660.6751744538833,2535.1716284890776,2585.373046875,9143500,0.0,0.0
2015-01-02,2602.106983235677,2652.308404134115,2510.071044921875,2510.071044921875,12340400,0.0,0.0
2015-01-02,2585.3729657598738,2610.4736741653096,2568.63916015625,2568.63916015625,4022400,0.0,0.0
2015-01-02,2593.740120821221,2593.740120821221,2510.0710846656975,2518.43798828125,7208700,0.0,0.0
2015-01-02,2518.4377879175645,2551.9053997171336,2418.0349525188576,2426.40185546875,7947500,0.0,0.0
2015-01-02,2426.401694893037,2526.8045236472317,2426.401694893037,2493.3369140625,11478100,0.0,0.0
2015-01-02,2526.804880940495,2652.3084346295927,2518.437977361222,2618.8408203125,12522100,0.0,0.0
2015-01-02,2652.30848119166,2669.0422886439733,2560.272540203937,2577.00634765625,11993600,0.0,0.0
2015-01-02,2577.00634765625,2577.00634765625,2577.00634765625,2577.00634765625,0,0.0,0.0
2015-01-02,2593.739912703231,2635.5744274242506,2476.603271484375,2476.603271484375,10841200,0.0,0.0
2015-01-02,2510.0710846656975,2560.2725063590115,2484.9703738190406,2518.43798828125,6281500,0.0,0.0
2015-01-02,2518.4376212510488,2518.4376212510488,2459.8693044777683,2493.3369140625,3316400,0.0,0.0
2015-01-02,2501.703939353814,2501.703939353814,2468.236328125,2468.236328125,2159700,0.0,0.0
2015-01-02,2468.2360424638605,2493.3367479804424,2443.135336947279,2459.869140625,6073400,0.0,0.0
2015-01-02,2459.8694672683187,2468.236370218211,2418.0349525188576,2426.40185546875,3394500,0.0,0.0
2015-01-02,2426.401812525448,2568.63916015625,2426.401812525448,2568.63916015625,6063500,0.0,0.0
2015-01-02,2593.7399499393205,2593.7399499393205,2543.538531553398,2585.373046875,2996400,0.0,0.0
2015-01-02,2577.00622758709,2593.740034259734,2543.5386142418033,2551.905517578125,5765900,0.0,0.0
2015-01-02,2577.0062727864583,2577.0062727864583,2468.2365275065104,2510.071044921875,7271900,0.0,0.0
2015-01-02,2501.7041015625,2535.171714961329,2434.7688747648413,2501.7041015625,4515800,0.0,0.0
2015-01-02,2501.703939353814,2501.703939353814,2451.5025225105933,2468.236328125,3071900,0.0,0.0
2015-01-02,2434.769010302047,2493.337337010343,2351.099972147337,2376.20068359375,9533700,0.0,0.0
2015-01-02,2376.2005988226997,2426.4020199245874,2376.2005988226997,2409.668212890625,4836400,0.0,0.0
2015-01-02,2401.3013093736436,2418.0351164076064,2367.8336953057183,2409.668212890625,4370300,0.0,0.0
2015-01-02,2409.668212890625,2409.668212890625,2409.668212890625,2409.668212890625,0,0.0,0.0
2015-01-02,2409.668212890625,2409.668212890625,2409.668212890625,2409.668212890625,0,0.0,0.0
2015-01-02,2409.668009299308,2426.401814919442,2392.934203679174,2418.034912109375,2357900,0.0,0.0
2015-01-02,2418.035227765941,2484.970458984375,2418.035227765941,2484.970458984375,3844800,0.0,0.0
2015-01-02,2493.337077372783,2510.070883261191,2476.603271484375,2476.603271484375,2845800,0.0,0.0
2015-01-02,2476.603271484375,2476.603271484375,2476.603271484375,2476.603271484375,0,0.0,0.0
2015-01-02,2510.071055094401,2510.071055094401,2401.3013093736436,2409.668212890625,3933100,0.0,0.0
2015-01-02,2426.4019357341613,2443.1357421875,2384.5674196008135,2443.1357421875,3648800,0.0,0.0
2015-01-02,2443.1357421875,2443.1357421875,2392.934322827483,2443.1357421875,5236700,0.0,0.0
2015-01-02,2409.6682412790697,2551.9056027434594,2409.6682412790697,2518.43798828125,5863100,0.0,0.0
2015-01-02,2518.437588985835,2710.8763416325937,2518.437588985835,2685.775634765625,9762200,0.0,0.0
2015-01-02,2685.7759517840486,2828.0133074860073,2602.10691901819,2802.91259765625,8158300,0.0,0.0
2015-01-02,2802.9123520039184,2819.646157090509,2685.7757163977844,2702.509521484375,5935100,0.0,0.0
2015-01-02,2702.5095222264436,2761.0778400455924,2702.5095222264436,2752.7109375,5848300,0.0,0.0
2015-01-02,2752.711061859131,2761.077964782715,2660.675129699707,2677.408935546875,5213300,0.0,0.0
2015-01-02,2727.610270182292,2727.610270182292,2660.675048828125,2660.675048828125,3646100,0.0,0.0
2015-01-02,2719.243285374612,2727.610187791149,2669.041870875388,2694.142578125,3338200,0.0,0.0
2015-01-02,2694.142578125,2727.610187791149,2669.041870875388,2694.142578125,9114100,0.0,0.0
2015-01-02,2702.509644317627,2719.243450164795,2669.042032623291,2677.408935546875,4300500,0.0,0.0
2015-01-02,2677.4089781746034,2685.7758812313987,2593.7399476066466,2635.574462890625,4172000,0.0,0.0
2015-01-02,2635.574597167969,2635.574597167969,2510.071044921875,2510.071044921875,8821900,0.0,0.0
2015-01-02,2551.905274222518,2602.106689453125,2543.5383716840834,2602.106689453125,4231000,0.0,0.0
2015-01-02,2602.1068530036405,2602.1068530036405,2568.639240746359,2585.373046875,2612400,0.0,0.0
2015-01-02,2585.373217205669,2585.373217205669,2518.43798828125,2518.43798828125,5186100,0.0,0.0
2015-01-02,2526.804880940495,2635.5746274710464,2526.804880940495,2618.8408203125,3913600,0.0,0.0
2015-01-02,2635.5746274710464,2643.9415310503196,2602.1070131539536,2618.8408203125,4955600,0.0,0.0
2015-01-02,2610.473716887417,2643.941328642384,2501.703978683775,2526.8046875,7850600,0.0,0.0
2015-01-02,2510.071004912207,2543.5386183110368,2484.970294863085,2501.7041015625,8545000,0.0,0.0
2015-01-02,2526.8043553358843,2543.5381590136053,2459.869140625,2459.869140625,12844100,0.0,0.0
2015-01-02,2501.7041414388023,2526.804851888021,2459.8696240234376,2510.071044921875,9666000,0.0,0.0
2015-01-02,2426.401533269558,2484.9698461415815,2351.099416719813,2459.869140625,5350900,0.0,0.0
2015-01-02,2451.5025643184267,2451.5025643184267,2401.3011466190733,2426.40185546875,5190400,0.0,0.0
2015-01-02,2468.236368540171,2501.703980316987,2443.135659707559,2476.603271484375,5186600,0.0,0.0
2015-01-02,2476.603314271907,2501.7040235381764,2426.4018957393687,2434.768798828125,2673100,0.0,0.0
2015-01-02,2418.034789185424,2459.8693011090472,2384.5671796465253,2392.93408203125,5094600,0.0,0.0
2015-01-02,2451.5023987243226,2476.6031058784965,2392.93408203125,2392.93408203125,3647000,0.0,0.0
2015-01-02,2451.502562651763,2476.603271484375,2426.4018538191513,2476.603271484375,3367300,0.0,0.0
2015-01-02,2476.603314271907,2493.33712044942,2434.768798828125,2434.768798828125,3414600,0.0,0.0
2015-01-02,2468.2364111831507,2468.2364111831507,2426.4018957393687,2434.768798828125,3666200,0.0,0.0
2015-01-02,2434.768798828125,2434.768798828125,2434.768798828125,2434.768798828125,0,0.0,0.0
2015-01-02,2434.768798828125,2459.8695080943944,2418.034992650612,2434.768798828125,6392200,0.0,0.0
2015-01-02,2459.869548640839,2459.869548640839,2418.0350325074915,2443.1357421875,5036500,0.0,0.0
2015-01-02,2426.402217096843,2476.6036422781567,2426.402217096843,2451.5029296875,9651900,0.0,0.0
2015-01-02,2451.5029296875,2468.236738081271,2443.136025490614,2451.5029296875,6703300,0.0,0.0
2015-01-02,2451.502843375158,2535.171882398201,2451.502843375158,2484.970458984375,13053300,0.0,0.0
2015-01-02,2510.070718854866,2518.4376212510488,2476.603109270134,2493.3369140625,8511500,0.0,0.0
2015-01-02,2493.337277434593,2518.43798828125,2476.6034702034885,2518.43798828125,7701800,0.0,0.0
2015-01-02,2501.703939353814,2518.4377449682206,2468.236328125,2468.236328125,10994200,0.0,0.0
2015-01-02,2484.9701345899116,2493.3370373999783,2359.466592438906,2418.034912109375,8334000,0.0,0.0
2015-01-02,2409.668298855634,2409.668298855634,2359.466875962808,2376.20068359375,5419800,0.0,0.0
2015-01-02,2426.4016915701486,2434.7685939548733,2392.93408203125,2392.93408203125,2282500,0.0,0.0
2015-01-02,2392.9341228631315,2418.034830445612,2384.567220335638,2401.301025390625,2359300,0.0,0.0
2015-01-02,2401.3013199515963,2418.0351270592732,2284.1646701978602,2309.265380859375,8320800,0.0,0.0
2015-01-02,2309.265219295726,2317.632122264189,2259.0638014849496,2275.797607421875,6913300,0.0,0.0
2015-01-02,2284.164630681818,2317.6322443181816,2275.797727272727,2300.8984375,4662200,0.0,0.0
2015-01-02,2342.732872596154,2351.0997757125688,2275.797647664835,2284.16455078125,8541900,0.0,0.0
2015-01-02,2292.531625884434,2300.8985296285377,2208.8625884433964,2217.2294921875,6838700,0.0,0.0
2015-01-02,2192.1287874788854,2259.064017630912,2167.028076171875,2167.028076171875,4587100,0.0,0.0
2015-01-02,2167.027915326287,2175.394818474265,2125.193399586397,2133.560302734375,7690700,0.0,0.0
2015-01-02,2125.19369140625,2125.19369140625,2058.2584570312497,2091.72607421875,13332700,0.0,0.0
2015-01-02,2091.7255108173076,2208.8621394230768,2091.7255108173076,2175.39453125,7353100,0.0,0.0
2015-01-02,2175.394818474265,2192.1286247702205,2125.193399586397,2133.560302734375,3638200,0.0,0.0
2015-01-02,2192.1284993489585,2192.1284993489585,2133.5601806640625,2158.660888671875,3348100,0.0,0.0
2015-01-02,2175.394735826334,2192.1285414865365,2116.826416015625,2116.826416015625,3811800,0.0,0.0
2015-01-02,2058.25830078125,2074.9921081046746,2024.7906861344004,2058.25830078125,4456600,0.0,0.0
2015-01-02,2049.8913913302954,2133.560427711124,2041.5244876922125,2108.459716796875,3343000,0.0,0.0
2015-01-02,2133.560427711124,2158.661138625372,2091.7259095207096,2108.459716796875,5604100,0.0,0.0
2015-01-02,2100.092813158792,2158.661138625372,2100.092813158792,2108.459716796875,5314400,0.0,0.0
2015-01-02,2108.459716796875,2141.9273313492063,2066.625198606461,2108.459716796875,4252500,0.0,0.0
2015-01-02,2108.459716796875,2108.459716796875,2108.459716796875,2108.459716796875,0,0.0,0.0
2015-01-02,2108.4597258391204,2108.4597258391204,2016.423785425508,2033.1575927734375,7548500,0.0,0.0
2015-01-02,2008.056723384534,2049.891238455045,1957.8553052999207,1974.589111328125,6626900,0.0,0.0
2015-01-02,1982.9562363511934,2125.193603515625,1974.5893324003446,2125.193603515625,14698700,0.0,0.0
2015-01-02,2125.1934790704036,2175.3948998358464,2066.625154844054,2150.294189453125,9789500,0.0,0.0
2015-01-02,2158.6610527038574,2175.394859313965,2125.1934394836426,2141.92724609375,3291100,0.0,0.0
2015-01-02,2150.294189453125,2158.661092914032,2133.560382531311,2150.294189453125,3452500,0.0,0.0
2015-01-02,2150.294100918613,2376.200485061813,2141.927197802198,2284.16455078125,10384200,0.0,0.0
2015-01-02,2284.164630681818,2309.265340909091,2233.9632102272726,2300.8984375,7352400,0.0,0.0
2015-01-02,2259.0636387156014,2300.898150543668,2242.329833984375,2242.329833984375,2846700,0.0,0.0
2015-01-02,2217.2291250447283,2259.063636838025,2175.3946132514316,2192.12841796875,8947700,0.0,0.0
2015-01-02,2192.12841796875,2192.12841796875,2192.12841796875,2192.12841796875,0,0.0,0.0
2015-01-02,2192.12841796875,2192.12841796875,2192.12841796875,2192.12841796875,0,0.0,0.0
2015-01-02,2208.8622618899403,2217.229164397099,2091.725626789716,2100.092529296875,9186200,0.0,0.0
2015-01-02,2100.092529296875,2100.092529296875,2100.092529296875,2100.092529296875,0,0.0,0.0
2015-01-02,2100.092529296875,2100.092529296875,2100.092529296875,2100.092529296875,0,0.0,0.0
2015-01-02,2083.3588056680164,2116.826417004049,2049.891194331984,2066.625,3307300,0.0,0.0
2015-01-02,2091.7258774938664,2108.459684513817,2016.4237459040871,2024.7906494140625,2807300,0.0,0.0
2015-01-02,2024.7906494140625,2024.7906494140625,2024.7906494140625,2024.7906494140625,0,0.0,0.0
2015-01-02,2024.7906494140625,2024.7906494140625,2024.7906494140625,2024.7906494140625,0,0.0,0.0
2015-01-02,2024.7906494140625,2024.7906494140625,2024.7906494140625,2024.7906494140625,0,0.0,0.0
2015-01-02,1815.6179625313237,1823.9848655844635,1765.4165442124852,1773.783447265625,5666900,0.0,0.0
2015-01-02,1773.783447265625,1773.783447265625,1773.783447265625,1773.783447265625,0,0.0,0.0
2015-01-02,1807.2512276785715,1874.1864583333333,1698.4814778645834,1757.0498046875,21801700,0.0,0.0
2015-01-02,1757.0496703787758,1765.4165735710556,1593.895058129318,1627.3626708984375,15131500,0.0,0.0
2015-01-02,1627.3625691731772,1639.9129231770835,1510.2259318033855,1531.1431884765625,24331200,0.0,0.0
2015-01-02,1535.3265612150494,1631.5459369860198,1535.3265612150494,1589.71142578125,11002300,0.0,0.0
2015-01-02,1598.078496666594,1598.078496666594,1485.1253044938242,1497.6756591796875,15138500,0.0,0.0
2015-01-02,1506.0425967261906,1581.3447265625,1497.6756934110451,1581.3447265625,18923100,0.0,0.0
2015-01-02,1581.3447265625,1581.3447265625,1581.3447265625,1581.3447265625,0,0.0,0.0
2015-01-02,1589.7116050237344,1748.6827655261077,1589.7116050237344,1652.46337890625,16320700,0.0,0.0
2015-01-02,1660.8300948293586,1669.1969970703126,1556.2438168174342,1589.71142578125,10554600,0.0,0.0
2015-01-02,1547.8772949218749,1547.8772949218749,1430.740634765625,1464.208251953125,49319100,0.0,0.0
2015-01-02,1439.1074137819407,1543.6937083881865,1430.740510213441,1514.4095458984375,20068900,0.0,0.0
2015-01-02,1543.693611355003,1916.02079674957,1543.693611355003,1823.98486328125,64529900,0.0,0.0
2015-01-02,1823.9850720557097,1849.0857840564765,1731.9491280528987,1790.5174560546875,15494200,0.0,0.0
2015-01-02,1782.150396010455,1790.5172992781097,1690.114460066253,1706.8482666015625,10967000,0.0,0.0
2015-01-02,1740.3157971070545,1815.6179229434174,1690.1143798828125,1690.1143798828125,38736700,0.0,0.0
2015-01-02,1690.114567509404,1874.1864510995372,1690.114567509404,1807.251220703125,37761900,0.0,0.0
2015-01-02,1798.8841116017309,2058.2580997861664,1790.5172087570716,1941.1214599609375,48340200,0.0,0.0
2015-01-02,1941.1215434827304,1982.956059506065,1857.4525114360608,1907.6539306640625,11694300,0.0,0.0
2015-01-02,1899.2870694050746,1949.4884897417726,1865.819455847276,1890.920166015625,29386000,0.0,0.0
2015-01-02,1890.920166015625,1890.920166015625,1890.920166015625,1890.920166015625,0,0.0,0.0
2015-01-02,1890.92025869864,1890.92025869864,1790.5174131040221,1807.251220703125,45601600,0.0,0.0
2015-01-02,1790.517420014881,1807.2512276785715,1723.5821893601192,1757.0498046875,268258400,0.0,0.0
2015-01-02,1757.0498046875,1757.0498046875,1757.0498046875,1757.0498046875,0,0.0,0.0
2015-01-02,1815.6177674627506,2108.4593428599683,1807.2508653085445,1982.955810546875,101854000,0.0,0.0
2015-01-02,1999.6900442528913,2158.661219319021,1999.6900442528913,2125.193603515625,37090300,0.0,0.0
2015-01-02,2175.3947735549814,2317.6321241335763,2141.9271616541355,2225.59619140625,55791200,0.0,0.0
2015-01-02,2225.596279144287,2434.76886177063,2141.92724609375,2141.92724609375,69590800,0.0,0.0
2015-01-02,2300.8984467829137,2317.6322536686075,2175.394895140209,2200.49560546875,35133500,0.0,0.0
2015-01-02,2200.49560546875,2200.49560546875,2200.49560546875,2200.49560546875,0,0.0,0.0
2015-01-02,2200.49560546875,2200.49560546875,2200.49560546875,2200.49560546875,0,0.0,0.0
2015-01-02,2200.49560546875,2200.49560546875,2200.49560546875,2200.49560546875,0,0.0,0.0
2015-01-02,2200.49560546875,2200.49560546875,2200.49560546875,2200.49560546875,0,0.0,0.0
2015-01-02,2200.49560546875,2200.49560546875,2200.49560546875,2200.49560546875,0,0.0,0.0
2015-01-02,2200.49560546875,2200.49560546875,2200.49560546875,2200.49560546875,0,0.0,0.0
2015-01-02,2200.49560546875,2200.49560546875,2200.49560546875,2200.49560546875,0,0.0,0.0
2015-01-02,2141.9273313492063,2200.4956568157863,2100.092813158792,2108.459716796875,24450900,0.0,0.0
2015-01-02,2141.927285992218,2208.862513679475,2108.4596721485896,2150.294189453125,22124600,0.0,0.0
2015-01-02,2175.39453125,2225.5959435096156,2141.9269230769232,2175.39453125,22747900,0.0,0.0
2015-01-02,2208.8623046875,2217.229207356771,2066.624959309896,2158.660888671875,17903100,0.0,0.0
2015-01-02,2133.560595703125,2158.6613085937497,2091.72607421875,2091.72607421875,8873900,0.0,0.0
2015-01-02,2133.560507466474,2183.7619311715675,2091.725987712229,2125.193603515625,9582200,0.0,0.0
2015-01-02,2158.6610151543678,2183.761724632907,2058.258177240211,2083.35888671875,19745600,0.0,0.0
2015-01-02,2083.3590058826267,2141.9273313492063,2049.8913913302954,2108.459716796875,9407600,0.0,0.0
2015-01-02,2133.5602216758275,2133.5602216758275,2100.0926103554225,2116.826416015625,4758900,0.0,0.0
2015-01-02,2116.8264993568023,2141.9272088353414,2066.625080399724,2083.35888671875,6862100,0.0,0.0
2015-01-02,2066.6250444832494,2083.358850511454,1924.3876932435116,1974.589111328125,23853700,0.0,0.0
2015-01-02,1957.8551455929073,2083.3586805668115,1941.12134092972,2016.4234619140625,13741300,0.0,0.0
2015-01-02,2024.7904057716837,2091.725625797194,1991.3227957589286,2049.89111328125,4077000,0.0,0.0
2015-01-02,2049.8910778715413,2217.2291250447283,2041.5241755128818,2192.12841796875,16784600,0.0,0.0
2015-01-02,2208.862425386236,2250.696941018551,2175.3948128803836,2233.963134765625,10272100,0.0,0.0
2015-01-02,2233.9632996757077,2242.3302034198114,2175.3949734669814,2217.2294921875,9753400,0.0,0.0
2015-01-02,2217.2293233016912,2384.5673854376682,2208.8624201948924,2334.365966796875,12865400,0.0,0.0
2015-01-02,2342.732869903674,2376.2004823308694,2334.365966796875,2334.365966796875,6060200,0.0,0.0
2015-01-02,2334.3657600061215,2359.466467102962,2233.9629316187616,2242.329833984375,8230000,0.0,0.0
2015-01-02,2242.330035199176,2292.531453897665,2183.7617133842723,2284.16455078125,8886000,0.0,0.0
2015-01-02,2309.2654530699824,2476.6035293794016,2292.5316454390404,2376.20068359375,15362500,0.0,0.0
2015-01-02,2401.301232910156,2459.8695556640623,2309.265297154018,2342.73291015625,17674200,0.0,0.0
2015-01-02,2342.7326274671054,2418.0347476356906,2342.7326274671054,2384.567138671875,9439800,0.0,0.0
2015-01-02,2401.3009877044883,2493.3369140625,2384.5671829121225,2493.3369140625,10532600,0.0,0.0
2015-01-02,2501.703816458683,2568.639035628146,2451.5024020815854,2493.3369140625,13567800,0.0,0.0
2015-01-02,2484.97005066556,2484.97005066556,2392.9341228631315,2401.301025390625,12412100,0.0,0.0
2015-01-02,2426.402065964554,2443.1358733160337,2342.7330292071556,2367.833740234375,10838000,0.0,0.0
2015-01-02,2384.567502339681,2418.0351164076064,2342.7329847547744,2409.668212890625,5143800,0.0,0.0
2015-01-02,2426.401774088542,2451.5024820963545,2342.7327473958335,2359.466552734375,9288400,0.0,0.0
2015-01-02,2342.7329545454545,2342.7329545454545,2259.0639204545455,2300.8984375,21364700,0.0,0.0
2015-01-02,2334.3659694797393,2334.3659694797393,2259.0638414320056,2284.16455078125,15953400,0.0,0.0
2015-01-02,2284.16455078125,2334.3659694797393,2275.797647664835,2284.16455078125,5633200,0.0,0.0
2015-01-02,2284.16455078125,2309.2652601304944,2275.797647664835,2284.16455078125,7399200,0.0,0.0
2015-01-02,2309.2650185032894,2384.567138671875,2275.797409539474,2384.567138671875,17878400,0.0,0.0
2015-01-02,2401.3012575243342,2577.00622758709,2392.9343541880125,2551.905517578125,37255300,0.0,0.0
2015-01-02,2577.00622758709,2577.00622758709,2501.704097560195,2551.905517578125,9554100,0.0,0.0
2015-01-02,2551.90547122231,2652.3083094343356,2551.90547122231,2643.94140625,15917200,0.0,0.0
2015-01-02,2660.675090976181,2669.041993777993,2560.2722573544384,2568.63916015625,5235500,0.0,0.0
2015-01-02,2535.171379009046,2535.171379009046,2359.466431949013,2384.567138671875,17348500,0.0,0.0
2015-01-02,2376.200485061813,2376.200485061813,2275.797647664835,2284.16455078125,29144200,0.0,0.0
2015-01-02,2284.1645808807793,2443.1357421875,2208.8624518407537,2443.1357421875,22130500,0.0,0.0
2015-01-02,2434.7687177295093,2434.7687177295093,2309.2651755785037,2418.034912109375,7460900,0.0,0.0
2015-01-02,2418.034912109375,2418.034912109375,2418.034912109375,2418.034912109375,0,0.0,0.0
2015-01-02,2434.7688747648413,2543.5386183110368,2418.0350680654265,2501.7041015625,12618000,0.0,0.0
2015-01-02,2510.0710008965166,2551.905517578125,2476.6033875512294,2551.905517578125,4937600,0.0,0.0
2015-01-02,2551.905517578125,2551.905517578125,2551.905517578125,2551.905517578125,0,0.0,0.0
2015-01-02,2577.006231709866,2610.4738451086955,2493.3371982127924,2501.7041015625,14541100,0.0,0.0
2015-01-02,2501.703939353814,2510.070842161017,2409.6680084745763,2468.236328125,6117300,0.0,0.0
2015-01-02,2434.76859728922,2526.8045236472317,2434.76859728922,2493.3369140625,4275500,0.0,0.0
2015-01-02,2510.0705516581634,2577.0057663690477,2451.5022387861395,2459.869140625,6397600,0.0,0.0
2015-01-02,2459.869500910194,2593.7399499393205,2409.6680825242715,2585.373046875,8017000,0.0,0.0
2015-01-02,2577.0061414930556,2643.9413659474208,2577.0061414930556,2635.574462890625,11992200,0.0,0.0
2015-01-02,2535.1715087890625,2660.675048828125,2518.437703450521,2660.675048828125,7370100,0.0,0.0
2015-01-02,2618.8408662870334,2643.941577465503,2543.5387327516232,2577.00634765625,2539500,0.0,0.0
2015-01-02,2568.639248248228,2568.639248248228,2409.6680895618556,2434.768798828125,6036200,0.0,0.0
2015-01-02,2426.40194266183,2426.40194266183,2300.8983939034597,2342.73291015625,14109500,0.0,0.0
2015-01-02,2300.898510828456,2434.7689696402936,2300.898510828456,2367.833740234375,10835200,0.0,0.0
2015-01-02,2367.8334944385592,2484.9701337394067,2342.7327860169494,2468.236328125,7403400,0.0,0.0
2015-01-02,2476.6032731681034,2501.70398201778,2392.934243669181,2426.40185546875,5620500,0.0,0.0
2015-01-02,2426.40185546875,2426.40185546875,2426.40185546875,2426.40185546875,0,0.0,0.0
2015-01-02,2434.7691212937284,2526.805067459471,2418.0353128999573,2451.5029296875,12825200,0.0,0.0
2015-01-02,2468.236651179767,2501.7042667889837,2459.8697472774625,2484.970458984375,4560200,0.0,0.0
2015-01-02,2510.0709216429455,2551.905437003661,2510.0709216429455,2535.171630859375,4797800,0.0,0.0
2015-01-02,2526.8049784958966,2526.8049784958966,2426.402131668245,2484.970458984375,6516700,0.0,0.0
2015-01-02,2434.768756763355,2510.070883261191,2434.768756763355,2476.603271484375,4052500,0.0,0.0
2015-01-02,2484.970294863085,2526.804811611622,2476.603391513378,2501.7041015625,4756700,0.0,0.0
2015-01-02,2510.0709680008563,2510.0709680008563,2392.934322827483,2443.1357421875,8065300,0.0,0.0
2015-01-02,2426.4016498766446,2484.969965563322,2367.833334189967,2384.567138671875,11863200,0.0,0.0
2015-01-02,2384.567467088801,2418.0350806619776,2325.999143335743,2351.099853515625,10457800,0.0,0.0
2015-01-02,2359.4666761172716,2376.2004823308694,2317.6321605832773,2334.365966796875,4363600,0.0,0.0
2015-01-02,2334.366046729037,2376.2005636955073,2334.366046729037,2351.099853515625,4273200,0.0,0.0
2015-01-02,2376.200358072917,2401.3010660807295,2342.7327473958335,2359.466552734375,3706100,0.0,0.0
2015-01-02,2359.466802182405,2384.5675128439198,2309.265380859375,2309.265380859375,6762500,0.0,0.0
2015-01-02,2334.366006905692,2359.466716657366,2300.8983939034597,2342.73291015625,10859200,0.0,0.0
2015-01-02,2342.7329545454545,2342.7329545454545,2259.0639204545455,2300.8984375,9743700,0.0,0.0
2015-01-02,2300.898155799279,2409.6678868006993,2292.531253414554,2392.93408203125,14016000,0.0,0.0
2015-01-02,2401.3011916512655,2401.3011916512655,2309.2652574764784,2334.365966796875,6546700,0.0,0.0
2015-01-02,2334.3658051706775,2443.1355380280925,2309.265097588197,2401.301025390625,8638400,0.0,0.0
2015-01-02,2376.200791915529,2484.9705464750423,2376.200791915529,2451.5029296875,10076200,0.0,0.0
2015-01-02,2468.236537509494,2501.7041515774195,2392.934405856662,2409.668212890625,15968600,0.0,0.0
2015-01-02,2409.668258613074,2426.402065964554,2367.833740234375,2367.833740234375,9933100,0.0,0.0
2015-01-02,2300.8984375,2342.7329545454545,2275.797727272727,2300.8984375,9511500,0.0,0.0
2015-01-02,2267.430663181126,2401.30110823979,2225.596149100293,2317.632080078125,15622400,0.0,0.0
2015-01-02,2317.6322844132133,2367.8337057362432,2309.265380859375,2309.265380859375,2780100,0.0,0.0
2015-01-02,2309.2652574764784,2334.365966796875,2292.531451262881,2334.365966796875,2483000,0.0,0.0
2015-01-02,2359.466836558635,2409.668258613074,2342.7330292071556,2367.833740234375,8749500,0.0,0.0
2015-01-02,2367.833740234375,2376.2006439101146,2309.265414504196,2367.833740234375,4661200,0.0,0.0
2015-01-02,2367.8332897158834,2367.8332897158834,2300.8980730454696,2325.998779296875,9249500,0.0,0.0
2015-01-02,2342.732707698171,2426.4017329731055,2325.998902643184,2401.301025390625,10679900,0.0,0.0
2015-01-02,2401.3010660807295,2401.3010660807295,2325.998942057292,2359.466552734375,4845500,0.0,0.0
2015-01-02,2334.3660915208898,2351.0998986285667,2292.5315737516985,2309.265380859375,3900500,0.0,0.0
2015-01-02,2242.330074560903,2325.999107193773,2242.330074560903,2292.531494140625,3488300,0.0,0.0
2015-01-02,2300.8984773055367,2325.9991879670515,2275.7977666440215,2309.265380859375,4862700,0.0,0.0
2015-01-02,2309.2650529092816,2342.732662371735,2233.9629316187616,2242.329833984375,7137900,0.0,0.0
2015-01-02,2217.229412354444,2292.5315433400665,2175.394895140209,2200.49560546875,6401200,0.0,0.0
2015-01-02,2208.862222686069,2225.5960274033873,2158.6608085341127,2192.12841796875,4664500,0.0,0.0
2015-01-02,2225.5964025548988,2233.963306323902,1832.35192541174,1857.45263671875,52029600,0.0,0.0
2015-01-02,1882.5530567808014,1932.7544716282894,1673.380494916268,1748.6826171875,88668000,0.0,0.0
2015-01-02,1731.9490931919643,1790.517420014881,1706.8483816964285,1757.0498046875,28898300,0.0,0.0
2015-01-02,1782.1504240164306,1874.1863614069507,1765.4166172181544,1865.8194580078125,38982100,0.0,0.0
2015-01-02,1882.5533548990886,1899.2871624981917,1782.1505093044705,1807.251220703125,25946000,0.0,0.0
2015-01-02,1840.7187844162995,1907.6540129405284,1790.5173630231277,1899.287109375,32014800,0.0,0.0
2015-01-02,1890.9202058094713,1924.3878200715858,1840.7187844162995,1899.287109375,14170300,0.0,0.0
2015-01-02,1899.2870324539813,1907.6539356806509,1807.2510969606165,1832.351806640625,13115400,0.0,0.0
2015-01-02,1798.8841564250442,1798.8841564250442,1748.6827381062058,1773.783447265625,20623800,0.0,0.0
2015-01-02,1773.7836480541764,1807.2512640551986,1757.0498400536653,1790.5174560546875,15557900,0.0,0.0
2015-01-02,1790.5174131040221,1840.7188359013312,1790.5174131040221,1807.251220703125,10707200,0.0,0.0
2015-01-02,1807.2511363636363,1874.1863636363637,1782.1504261363636,1840.71875,16645400,0.0,0.0
2015-01-02,1849.0856130939642,1874.1863227739727,1790.5172905072775,1832.351806640625,9953700,0.0,0.0
2015-01-02,1832.351806640625,1832.351806640625,1832.351806640625,1832.351806640625,0,0.0,0.0
2015-01-02,1815.6179602386756,1849.0855724089738,1798.8841541535264,1823.98486328125,4971200,0.0,0.0
2015-01-02,1849.08544921875,1907.653766614819,1823.9847417632918,1849.08544921875,10282500,0.0,0.0
2015-01-02,1849.0857329497467,1882.5533480257602,1849.0857329497467,1857.45263671875,4753800,0.0,0.0
2015-01-02,1874.1861566742082,1882.5530591593608,1823.9847417632918,1849.08544921875,5444200,0.0,0.0
2015-01-02,1849.0856534090908,1857.4525568181818,1823.9849431818182,1840.71875,4738600,0.0,0.0
2015-01-02,1823.9847382042794,1832.3516406731064,1681.747396234221,1698.481201171875,18635700,0.0,0.0
2015-01-02,1706.8483064977136,1757.049727277058,1698.4814030344894,1715.2152099609375,12457900,0.0,0.0
2015-01-02,1706.8482666015625,1723.582073136872,1631.5461371926701,1706.8482666015625,17929200,0.0,0.0
2015-01-02,1673.3805741413985,1715.2150884949335,1660.830219835338,1690.1143798828125,10873300,0.0,0.0
2015-01-02,1681.7475604433002,1681.7475604433002,1652.4633989430438,1656.6468505859375,11990300,0.0,0.0
2015-01-02,1644.0965014260914,1644.0965014260914,1568.7943715897818,1581.3447265625,24077800,0.0,0.0
2015-01-02,1581.3447228064904,1660.8303041115785,1572.9778195112178,1631.546142578125,22524900,0.0,0.0
2015-01-02,1639.9129638671875,1690.114381128428,1635.7295124287507,1639.9129638671875,15009300,0.0,0.0
2015-01-02,1639.9130272927546,1648.279930493228,1589.7116080899152,1602.261962890625,6676500,0.0,0.0
2015-01-02,1610.6288471627743,1610.6288471627743,1568.794331652053,1572.977783203125,7964300,0.0,0.0
2015-01-02,1577.1612532892054,1618.9957692915716,1572.9778016889688,1602.261962890625,11163500,0.0,0.0
2015-01-02,1623.1792193022975,1665.013735263697,1602.261961321598,1627.3626708984375,20301500,0.0,0.0
2015-01-02,1627.3624455134075,1639.9127985636394,1606.4451904296875,1606.4451904296875,8055500,0.0,0.0
2015-01-02,1614.812297401628,1618.9957489493006,1581.3446850202472,1598.0784912109375,7817200,0.0,0.0
2015-01-02,1606.4453730620155,1618.9957275390625,1581.3446641079215,1618.9957275390625,5999700,0.0,0.0
2015-01-02,1631.5461371926701,1706.8482666015625,1623.1792339250153,1706.8482666015625,27021900,0.0,0.0
2015-01-02,1690.1144618703358,1757.0496880830224,1673.3806553171642,1681.74755859375,31897000,0.0,0.0
2015-01-02,1681.7475961080413,1723.5821134241617,1673.3806926448171,1715.2152099609375,19388400,0.0,0.0
2015-01-02,1715.2152099609375,1715.2152099609375,1715.2152099609375,1715.2152099609375,0,0.0,0.0
2015-01-02,1715.2152099609375,1715.2152099609375,1715.2152099609375,1715.2152099609375,0,0.0,0.0
2015-01-02,1715.2151331950708,1715.2151331950708,1614.8122961299935,1623.17919921875,8224700,0.0,0.0
2015-01-02,1648.2797857666017,1706.8481030273438,1648.2797857666017,1673.3804931640625,15916700,0.0,0.0
2015-01-02,1690.114463729088,1690.114463729088,1635.7295923714687,1656.6468505859375,22007600,0.0,0.0
2015-01-02,1656.6468505859375,1656.6468505859375,1656.6468505859375,1656.6468505859375,0,0.0,0.0
2015-01-02,1656.6468505859375,1656.6468505859375,1656.6468505859375,1656.6468505859375,0,0.0,0.0
2015-01-02,1690.114463729088,1690.114463729088,1635.7295923714687,1656.6468505859375,5313100,0.0,0.0
2015-01-02,1656.6467683999845,1698.4812827535195,1648.2798655292775,1690.1143798828125,11314600,0.0,0.0
2015-01-02,1681.7475567985985,1740.3158796721814,1665.013750263289,1706.8482666015625,18759700,0.0,0.0
2015-01-02,1690.114608051621,1807.2512640551986,1690.114608051621,1790.5174560546875,51722500,0.0,0.0
2015-01-02,1790.5172905072775,1840.7187098672946,1765.416580827269,1832.351806640625,32563100,0.0,0.0
2015-01-02,1849.0856098090278,1899.287029079861,1840.718706597222,1882.55322265625,28621800,0.0,0.0
2015-01-02,1882.55322265625,1899.287029079861,1849.0856098090278,1882.55322265625,13872500,0.0,0.0
2015-01-02,1882.5532670454545,1890.9201704545453,1840.71875,1840.71875,11299600,0.0,0.0
2015-01-02,1840.7186296652844,1840.7186296652844,1765.41650390625,1765.41650390625,13180700,0.0,0.0
2015-01-02,1773.7834840539385,1849.0856130939642,1773.7834840539385,1832.351806640625,20372700,0.0,0.0
2015-01-02,1832.3516845703125,1949.4883219401042,1832.3516845703125,1932.7545166015625,40171200,0.0,0.0
2015-01-02,1949.4885280443275,1982.9561422596807,1924.3878173828125,1924.3878173828125,21537800,0.0,0.0
2015-01-02,1924.3877774034524,1966.2222943035274,1907.6539706434223,1916.0208740234375,11992000,0.0,0.0
2015-01-02,1932.7546419270832,1957.8553515625,1865.8194162326388,1882.55322265625,11608400,0.0,0.0
2015-01-02,1857.4525915473566,1949.4885307681716,1815.6180737197135,1899.287109375,22784000,0.0,0.0
2015-01-02,1899.2869457376414,1982.9559741842336,1899.2869457376414,1941.1214599609375,27481400,0.0,0.0
2015-01-02,1966.221963121144,1974.5888650918723,1932.7543552382308,1949.4881591796875,15091400,0.0,0.0
2015-01-02,1974.589161494007,1982.9560647206765,1815.618000187286,1832.351806640625,37595300,0.0,0.0
2015-01-02,1857.452392578125,1857.452392578125,1757.049560546875,1782.1502685546875,32743000,0.0,0.0
2015-01-02,1782.1503527002426,1815.6179649575242,1706.848225121359,1723.58203125,29299200,0.0,0.0
2015-01-02,1731.9488924577902,1773.783406768365,1723.5819895956754,1765.41650390625,16156100,0.0,0.0
2015-01-02,1790.5172113515264,1815.617919921875,1773.7834056379609,1815.617919921875,11999900,0.0,0.0
2015-01-02,1815.6181315104168,1832.3519391741072,1757.0498046875,1757.0498046875,10715500,0.0,0.0
2015-01-02,1765.4165442124852,1790.5172533719044,1748.6827381062058,1773.783447265625,16082100,0.0,0.0
2015-01-02,1773.783447265625,1773.783447265625,1773.783447265625,1773.783447265625,0,0.0,0.0
2015-01-02,1782.1504261363636,1857.4525568181818,1782.1504261363636,1840.71875,40880800,0.0,0.0
2015-01-02,1849.0855313490063,1865.819337062572,1798.8841142083093,1815.617919921875,28062500,0.0,0.0
2015-01-02,1807.251057196101,1849.0855724089738,1790.517251110952,1823.98486328125,21432400,0.0,0.0
2015-01-02,1815.617879231771,1840.7185872395835,1765.416463216146,1782.1502685546875,23067700,0.0,0.0
2015-01-02,1782.1503941632698,1790.5172974222523,1706.8482648324275,1731.948974609375,21694700,0.0,0.0
2015-01-02,1748.6826999777616,1765.4165057191753,1669.197122706045,1690.1143798828125,15619400,0.0,0.0
2015-01-02,1715.2152099609375,1765.416630740282,1669.1972409132052,1715.2152099609375,43970600,0.0,0.0
2015-01-02,1715.2152610844018,2041.5245058760684,1715.2152610844018,1957.85546875,211910100,0.0,0.0
2015-01-02,1974.5890679039032,2158.6609301661315,1974.5890679039032,2116.826416015625,95862900,0.0,0.0
2015-01-02,2141.927203065134,2225.596234434866,2100.092687380268,2183.76171875,59416800,0.0,0.0
2015-01-02,2233.9629297620468,2233.9629297620468,2133.560101458135,2192.12841796875,30943600,0.0,0.0
2015-01-02,2175.3949734669814,2242.3302034198114,2150.29426223467,2217.2294921875,16555400,0.0,0.0
2015-01-02,2217.229207356771,2217.229207356771,2150.2939860026045,2208.8623046875,14537900,0.0,0.0
2015-01-02,2192.1287874788854,2192.1287874788854,2158.6611724028717,2167.028076171875,11932100,0.0,0.0
2015-01-02,2141.9275,2150.2944042968747,2016.4239355468749,2091.72607421875,31258600,0.0,0.0
2015-01-02,2091.7256673177085,2116.826375325521,1974.5890299479167,2008.056640625,22082600,0.0,0.0
2015-01-02,2008.056640625,2041.5242513020835,1949.4883219401042,2008.056640625,28718100,0.0,0.0
2015-01-02,2016.4236614426457,2116.8264993568023,1999.6898551236195,2083.35888671875,23691300,0.0,0.0
2015-01-02,2100.0925283003826,2116.8263333067603,2024.7904057716837,2049.89111328125,9909200,0.0,0.0
2015-01-02,2049.8911539713545,2049.8911539713545,1991.3228352864585,2008.056640625,14575000,0.0,0.0
2015-01-02,2008.0568423941118,2033.157552924038,2008.0568423941118,2024.7906494140625,3207900,0.0,0.0
2015-01-02,2024.7906494140625,2024.7906494140625,2024.7906494140625,2024.7906494140625,0,0.0,0.0
2015-01-02,2016.4237102102725,2033.1575169340092,1932.754676591589,1966.2222900390625,20327500,0.0,0.0
2015-01-02,1999.6897379557292,2049.8911539713545,1974.5890299479167,2008.056640625,11314900,0.0,0.0
2015-01-02,2024.7906861344004,2074.9921081046746,1999.689975149263,2058.25830078125,11946700,0.0,0.0
2015-01-02,2108.4593943821565,2233.9629297620468,2074.991784947519,2192.12841796875,35771200,0.0,0.0
2015-01-02,2133.5603427886963,2158.6610527038574,2091.7258262634277,2141.92724609375,8467900,0.0,0.0
2015-01-02,2108.4597497888512,2200.4956912478888,2108.4597497888512,2167.028076171875,12313300,0.0,0.0
2015-01-02,2158.660888671875,2275.797526041667,2150.2939860026045,2259.063720703125,21103300,0.0,0.0
2015-01-02,2259.064010908019,2284.1647221403305,2183.761877211085,2217.2294921875,10211800,0.0,0.0
2015-01-02,2217.229207356771,2275.797526041667,2183.7615966796875,2259.063720703125,13744500,0.0,0.0
2015-01-02,2284.1643458124418,2309.2650529092816,2233.9629316187616,2242.329833984375,10669000,0.0,0.0
2015-01-02,2259.063803307096,2275.797609257519,2217.2292884310386,2225.59619140625,2572000,0.0,0.0
2015-01-02,2225.5964025548988,2233.963306323902,2133.5604610958617,2167.028076171875,8303100,0.0,0.0
2015-01-02,2158.6608103282415,2259.0636387156014,2158.6608103282415,2242.329833984375,8179200,0.0,0.0
2015-01-02,2250.696736349988,2267.430541081215,2183.7615174250814,2242.329833984375,5639200,0.0,0.0
2015-01-02,2259.0636387156014,2259.0636387156014,2183.7615174250814,2242.329833984375,6086000,0.0,0.0
2015-01-02,2242.329833984375,2259.0636387156014,2192.128419790695,2242.329833984375,2525300,0.0,0.0
2015-01-02,2259.063761243081,2300.898275340175,2192.1285386877307,2267.4306640625,8439600,0.0,0.0
2015-01-02,2284.1643458124418,2284.1643458124418,2217.2291268875347,2242.329833984375,4412800,0.0,0.0
2015-01-02,2242.329833984375,2242.329833984375,2242.329833984375,2242.329833984375,0,0.0,0.0
2015-01-02,2233.9632192401377,2259.0639295686788,2192.128702025903,2200.49560546875,4286200,0.0,0.0
2015-01-02,2208.8623046875,2225.596110026042,2150.2939860026045,2208.8623046875,5133300,0.0,0.0
2015-01-02,2192.1285414865365,2192.1285414865365,2100.0926103554225,2116.826416015625,7210800,0.0,0.0
2015-01-02,2116.826496438419,2150.2941090303307,2108.4595932904413,2133.560302734375,6235800,0.0,0.0
2015-01-02,2133.5601806640625,2183.7615966796875,2100.0925699869795,2158.660888671875,5073500,0.0,0.0
2015-01-02,2183.7617160068467,2284.164553524403,2133.5602972480688,2233.963134765625,12387200,0.0,0.0
2015-01-02,2267.4308195826848,2418.0350806619776,2267.4308195826848,2351.099853515625,25336100,0.0,0.0
2015-01-02,2359.4665941589574,2376.2003997912907,2300.8982744457917,2317.632080078125,10623500,0.0,0.0
2015-01-02,2317.6322844132133,2342.7329950747285,2250.6970559825068,2309.265380859375,19715400,0.0,0.0
2015-01-02,2309.265380859375,2309.265380859375,2309.265380859375,2309.265380859375,0,0.0,0.0
2015-01-02,2359.466431949013,2409.667845394737,2334.3657252261514,2384.567138671875,33758200,0.0,0.0
2015-01-02,2384.567138671875,2384.567138671875,2384.567138671875,2384.567138671875,0,0.0,0.0
2015-01-02,2384.5674264090403,2409.6681361607143,2275.7976841517857,2342.73291015625,34552200,0.0,0.0
2015-01-02,2317.632462537329,2476.6036422781567,2317.632462537329,2451.5029296875,28490600,0.0,0.0
2015-01-02,2484.97005066556,2493.3369531930534,2401.301025390625,2401.301025390625,11371700,0.0,0.0
2015-01-02,2401.3009844159747,2451.5023987243226,2367.833374877076,2392.93408203125,6940600,0.0,0.0
2015-01-02,2367.833415280651,2434.768635500599,2359.4665127531575,2401.301025390625,7321000,0.0,0.0
2015-01-02,2401.3011466190733,2468.236370218211,2401.3011466190733,2426.40185546875,12936000,0.0,0.0
2015-01-02,2426.4019357341613,2451.50264541417,2401.3012260541527,2443.1357421875,9537500,0.0,0.0
2015-01-02,2443.1357421875,2443.1357421875,2443.1357421875,2443.1357421875,0,0.0,0.0
2015-01-02,2443.135408470099,2443.135408470099,2309.2649751292715,2325.998779296875,11696900,0.0,0.0
2015-01-02,2342.7325834644785,2351.09948554828,2208.862150123651,2325.998779296875,14894300,0.0,0.0
2015-01-02,2342.7326274671054,2409.667845394737,2259.063605057566,2384.567138671875,21344400,0.0,0.0
2015-01-02,2426.401694893037,2568.639035628146,2426.401694893037,2493.3369140625,43528900,0.0,0.0
2015-01-02,2484.970174428579,2543.5384950380067,2459.869465595967,2476.603271484375,12287700,0.0,0.0
2015-01-02,2468.236368540171,2526.8046891495987,2451.502562651763,2476.603271484375,11767700,0.0,0.0
2015-01-02,2484.9705464750423,2510.0712590656995,2376.200791915529,2451.5029296875,15030400,0.0,0.0
2015-01-02,2459.8696448284645,2468.2365483823028,2275.7977666440215,2309.265380859375,14260300,0.0,0.0
2015-01-02,2275.797565997292,2351.099691342791,2250.6968575487927,2317.632080078125,15250000,0.0,0.0
2015-01-02,2325.999240860849,2351.0999520931605,2116.826647258255,2217.2294921875,14982700,0.0,0.0
2015-01-02,2217.2293758392334,2233.963182449341,2133.5603427886963,2141.92724609375,6731200,0.0,0.0
2015-01-02,2141.9274114173227,2175.3950272207185,2024.790756105438,2125.193603515625,7490000,0.0,0.0
2015-01-02,2108.459743514151,2284.1647221403305,2049.8914173054245,2217.2294921875,9392800,0.0,0.0
2015-01-02,2217.229328512699,2275.79765039794,2192.1286191333097,2233.963134765625,5280300,0.0,0.0
2015-01-02,2233.9630126953125,2242.3299153645835,2158.660888671875,2208.8623046875,2000400,0.0,0.0
2015-01-02,2242.330074560903,2334.3660104570595,2183.7617517178946,2292.531494140625,10154800,0.0,0.0
2015-01-02,2309.2652574764784,2384.5673854376682,2292.531451262881,2334.365966796875,7215000,0.0,0.0
2015-01-02,2367.833660302213,2409.6681772686834,2351.099853515625,2351.099853515625,9575700,0.0,0.0
2015-01-02,2384.5673854376682,2392.934288544467,2292.531451262881,2334.365966796875,4355000,0.0,0.0
2015-01-02,2334.365923019935,2443.1356613685343,2334.365923019935,2426.40185546875,9654100,0.0,0.0
2015-01-02,2426.40185546875,2426.40185546875,2426.40185546875,2426.40185546875,0,0.0,0.0
2015-01-02,2426.4016915701486,2493.336910647946,2334.3657653381774,2392.93408203125,20433200,0.0,0.0
2015-01-02,2392.93408203125,2392.93408203125,2392.93408203125,2392.93408203125,0,0.0,0.0
2015-01-02,2392.93408203125,2392.93408203125,2392.93408203125,2392.93408203125,0,0.0,0.0
2015-01-02,2392.93408203125,2392.93408203125,2392.93408203125,2392.93408203125,0,0.0,0.0
2015-01-02,2392.93408203125,2392.93408203125,2392.93408203125,2392.93408203125,0,0.0,0.0
2015-01-02,2392.93408203125,2392.93408203125,2392.93408203125,2392.93408203125,0,0.0,0.0
2015-01-02,2468.2360424638605,2526.8043553358843,2434.7684351084185,2459.869140625,14450100,0.0,0.0
2015-01-02,2493.3367479804424,2510.0705516581634,2443.135336947279,2459.869140625,5801400,0.0,0.0
2015-01-02,2493.3370790678878,2493.3370790678878,2392.934243669181,2426.40185546875,6123100,0.0,0.0
2015-01-02,2384.5671796465253,2401.3009844159747,2351.0995701076267,2392.93408203125,8567800,0.0,0.0
2015-01-02,2392.93408203125,2451.5023987243226,2376.2002772618007,2392.93408203125,5537200,0.0,0.0
2015-01-02,2426.4016498766446,2426.4016498766446,2359.466431949013,2384.567138671875,2026100,0.0,0.0
2015-01-02,2384.567380295586,2451.502605005638,2384.567380295586,2434.768798828125,6053800,0.0,0.0
2015-01-02,2443.13561970339,2468.236328125,2426.401814088983,2468.236328125,7574200,0.0,0.0
2015-01-02,2551.905521660744,2551.905521660744,2493.3371982127924,2501.7041015625,10083200,0.0,0.0
2015-01-02,2510.070884967672,2543.538496767241,2384.5673407192885,2426.40185546875,8630700,0.0,0.0
2015-01-02,2434.7685939548733,2468.236203493772,2367.833374877076,2392.93408203125,2968700,0.0,0.0
2015-01-02,2367.833374877076,2426.4016915701486,2367.833374877076,2392.93408203125,4768200,0.0,0.0
2015-01-02,2401.3012260541527,2451.50264541417,2401.3012260541527,2443.1357421875,4080800,0.0,0.0
2015-01-02,2451.50264541417,2468.2364518675085,2418.0350325074915,2443.1357421875,4830300,0.0,0.0
2015-01-02,2468.2362068739512,2518.4376212510488,2434.76859728922,2493.3369140625,16338700,0.0,0.0
2015-01-02,2510.071004912207,2543.5386183110368,2468.2364881636704,2501.7041015625,7193000,0.0,0.0
2015-01-02,2510.070883261191,2518.437786205395,2476.603271484375,2476.603271484375,4694000,0.0,0.0
2015-01-02,2476.6031058784965,2501.7038130326705,2384.5671796465253,2392.93408203125,7888800,0.0,0.0
2015-01-02,2401.300943153783,2426.4016498766446,2359.466431949013,2384.567138671875,7483000,0.0,0.0
2015-01-02,2384.5673407192885,2443.1356613685343,2351.09972891972,2426.40185546875,8873400,0.0,0.0
2015-01-02,2443.135496339598,2451.5023987243226,2384.5671796465253,2392.93408203125,3213600,0.0,0.0
2015-01-02,2418.0353128999573,2459.8698338843856,2401.3015045061857,2451.5029296875,2796200,0.0,0.0
2015-01-02,2468.2363289697773,2468.2363289697773,2401.301106489241,2418.034912109375,4467600,0.0,0.0
2015-01-02,2459.8694672683187,2459.8694672683187,2401.3011466190733,2426.40185546875,4126000,0.0,0.0
2015-01-02,2443.135496339598,2443.135496339598,2384.5671796465253,2392.93408203125,5579900,0.0,0.0
2015-01-02,2401.3015045061857,2459.8698338843856,2392.9346003093,2451.5029296875,7362100,0.0,0.0
2015-01-02,2451.5022387861395,2484.9698461415815,2434.7684351084185,2459.869140625,7216200,0.0,0.0
2015-01-02,2459.8693044777683,2526.8045236472317,2434.76859728922,2493.3369140625,9777300,0.0,0.0
2015-01-02,2493.3369564534764,2652.308104683732,2484.970053915042,2602.106689453125,21650300,0.0,0.0
2015-01-02,2618.840494529994,2635.574299606863,2577.0059818378213,2602.106689453125,10942200,0.0,0.0
2015-01-02,2602.1068934286795,2627.2076030115927,2577.0061838457664,2593.739990234375,8278100,0.0,0.0
2015-01-02,2593.7399871439875,2694.142825356013,2585.373083959652,2643.94140625,17721600,0.0,0.0
2015-01-02,2643.9412434895835,2677.408854166667,2610.4736328125,2610.4736328125,7569800,0.0,0.0
2015-01-02,2610.473671875,2752.7110193810095,2518.4377411358173,2719.243408203125,27474800,0.0,0.0
2015-01-02,2744.3442860311516,2761.0780926532925,2610.473833054022,2652.308349609375,14060600,0.0,0.0
2015-01-02,2660.675167538704,2794.545616219897,2652.3082644961296,2735.977294921875,9457500,0.0,0.0
2015-01-02,2752.7109781901045,2861.480712890625,2694.1426595052085,2761.077880859375,47197900,0.0,0.0
2015-01-02,2811.2792545472134,2811.2792545472134,2694.1426189410795,2702.509521484375,14222200,0.0,0.0
2015-01-02,2702.509482034823,2811.279213509909,2660.674969929021,2744.343994140625,17978100,0.0,0.0
2015-01-02,2744.344157400307,2744.344157400307,2702.5096428057896,2727.6103515625,10374400,0.0,0.0
2015-01-02,2694.142952525958,2828.013409794329,2551.9055916783145,2618.8408203125,19561200,0.0,0.0
2015-01-02,2585.372764635997,2710.8762968998803,2577.0058624850717,2627.207275390625,17576600,0.0,0.0
2015-01-02,2652.3081461588545,2769.444783528646,2652.3081461588545,2761.077880859375,11495800,0.0,0.0
2015-01-02,2777.8118878264927,2802.91259765625,2744.3442747201493,2802.91259765625,17136900,0.0,0.0
2015-01-02,2836.380046556363,2853.1138521407665,2727.6103102577417,2769.44482421875,6504300,0.0,0.0
2015-01-02,2769.4450240362257,2844.7471545991443,2735.9774104527064,2811.279541015625,8831500,0.0,0.0
2015-01-02,2811.2797062125746,2886.5818412004114,2761.0782828873503,2794.5458984375,13759200,0.0,0.0
2015-01-02,2844.7471545991443,2844.7471545991443,2761.0781206403462,2811.279541015625,8527800,0.0,0.0
2015-01-02,2811.279379235693,2811.279379235693,2744.344155920557,2777.811767578125,11339100,0.0,0.0
2015-01-02,2761.0779221754806,2769.4448249699517,2660.6750886418267,2719.243408203125,13561000,0.0,0.0
2015-01-02,2719.243408203125,2744.3441165865383,2685.7757970252405,2719.243408203125,12462100,0.0,0.0
2015-01-02,2719.243408203125,2769.4448249699517,2702.5096026141828,2719.243408203125,10764600,0.0,0.0
2015-01-02,2719.243488836726,2735.977294921875,2685.775876666428,2735.977294921875,12651500,0.0,0.0
2015-01-02,2752.711177996735,2819.6464042094217,2744.3442747201493,2802.91259765625,14523300,0.0,0.0
2015-01-02,2828.013473923142,2828.013473923142,2719.243724926098,2786.178955078125,6255300,0.0,0.0
2015-01-02,2761.0779617493413,2794.5455734069087,2685.7758355198134,2777.811767578125,7539300,0.0,0.0
2015-01-02,2744.344391410873,2844.7472349990753,2735.9774877785226,2828.013427734375,11016600,0.0,0.0
2015-01-02,2828.013473923142,2844.7472814611488,2752.7113400021117,2786.178955078125,7011500,0.0,0.0
2015-01-02,2761.0779996888828,2844.7470299824854,2761.0779996888828,2836.380126953125,7206800,0.0,0.0
2015-01-02,2844.7469075520835,2961.883544921875,2836.3800048828125,2911.68212890625,16924800,0.0,0.0
2015-01-02,2928.416248974879,3053.9198025023743,2911.68244183788,3028.819091796875,18483100,0.0,0.0
2015-01-02,3028.81935546875,3062.28697265625,2911.6826953125,2928.41650390625,8704600,0.0,0.0
2015-01-02,2928.41650390625,2970.251025390625,2894.9488867187497,2928.41650390625,13015700,0.0,0.0
2015-01-02,2953.5168054754085,2978.6175148703837,2911.6822898171167,2945.14990234375,8878100,0.0,0.0
2015-01-02,2986.984386199111,3003.7181922842606,2635.5744584109807,2735.977294921875,50259300,0.0,0.0
2015-01-02,2735.9770917194646,2836.37992077339,2694.1425796136623,2744.343994140625,28767900,0.0,0.0
2015-01-02,2836.37992077339,3012.0848716177593,2727.6101892983042,2744.343994140625,30773800,0.0,0.0
2015-01-02,2744.3441979644494,2769.4449070921733,2702.5096827515767,2735.977294921875,14896900,0.0,0.0
2015-01-02,2752.711177996735,2853.114017315765,2744.3442747201493,2802.91259765625,25527900,0.0,0.0
2015-01-02,2811.2791779891304,2894.948201143569,2811.2791779891304,2886.581298828125,16207500,0.0,0.0
2015-01-02,2886.581753160827,2886.581753160827,2769.4451023079237,2828.013427734375,8829600,0.0,0.0
2015-01-02,2853.114132903343,2911.6824582122094,2853.114132903343,2878.21484375,15618500,0.0,0.0
2015-01-02,2903.3157910156247,2970.251025390625,2894.9488867187497,2928.41650390625,15169200,0.0,0.0
2015-01-02,2920.0489906508915,2970.2504059629414,2886.5813804428585,2903.315185546875,6187000,0.0,0.0
2015-01-02,2911.682087380865,2945.149697580645,2819.64615933147,2853.11376953125,9784500,0.0,0.0
2015-01-02,2869.847739070566,2903.315351188007,2794.545611806324,2836.380126953125,6534300,0.0,0.0
2015-01-02,2861.480670592705,2869.847573138298,2727.610229863222,2752.7109375,7695900,0.0,0.0
2015-01-02,2752.7109781901045,2786.1785888671875,2694.1426595052085,2761.077880859375,6192200,0.0,0.0
2015-01-02,2761.07841796875,2936.783408203125,2752.711513671875,2928.41650390625,14984500,0.0,0.0
2015-01-02,2920.049599609375,2970.251025390625,2878.2150781249998,2928.41650390625,14775500,0.0,0.0
2015-01-02,2894.9486509811045,2894.9486509811045,2828.013422056686,2878.21484375,8336900,0.0,0.0
2015-01-02,2878.214396512681,2903.315103459013,2836.379884935462,2886.581298828125,6286600,0.0,0.0
2015-01-02,2853.1136895663494,2920.0489080899,2853.1136895663494,2886.581298828125,8620400,0.0,0.0
2015-01-02,2853.1141386314257,2861.481042263776,2727.6105841461726,2828.013427734375,10902400,0.0,0.0
2015-01-02,2836.3802107625934,2878.2147271455224,2777.8118878264927,2802.91259765625,8835800,0.0,0.0
2015-01-02,2811.2795009328356,2828.0133074860073,2735.9773714435632,2802.91259765625,7013200,0.0,0.0
2015-01-02,2769.4446664119114,2886.581298828125,2769.4446664119114,2886.581298828125,8264800,0.0,0.0
2015-01-02,2886.5817473655525,2961.8838799055234,2869.8479401344475,2878.21484375,9908300,0.0,0.0
2015-01-02,2903.3152666939022,2928.4159750514864,2878.214558336318,2920.049072265625,8978700,0.0,0.0
2015-01-02,2886.5814611221795,2945.149780623209,2878.214558336318,2920.049072265625,8844000,0.0,0.0
2015-01-02,2953.5166834090705,2961.883586194932,2886.5814611221795,2920.049072265625,10066700,0.0,0.0
2015-01-02,2928.416135966271,2970.250652194361,2928.416135966271,2953.516845703125,12183000,0.0,0.0
2015-01-02,2970.250652194361,2970.250652194361,2844.747103510092,2953.516845703125,9894100,0.0,0.0
2015-01-02,2970.250652194361,2970.250652194361,2911.6823294750357,2953.516845703125,7245900,0.0,0.0
2015-01-02,2961.8837890625,2970.2506924214335,2911.6823689088983,2961.8837890625,4672200,0.0,0.0
2015-01-02,2920.049599609375,2936.783408203125,2886.5819824218747,2928.41650390625,8987300,0.0,0.0
2015-01-02,2928.4160960804334,2961.8837086070666,2903.315386685458,2945.14990234375,7836700,0.0,0.0
2015-01-02,2936.7828369140625,2953.5166422526045,2903.3152262369795,2911.68212890625,11054400,0.0,0.0
2015-01-02,2903.315103459013,2920.0489080899,2878.214396512681,2886.581298828125,7440900,0.0,0.0
2015-01-02,2869.847739070566,2945.1498663348084,2828.0132239237646,2836.380126953125,11250900,0.0,0.0
2015-01-02,2869.847776909095,2970.250614585215,2869.847776909095,2894.948486328125,12915400,0.0,0.0
2015-01-02,2920.049192948775,2961.8837086070666,2911.6822898171167,2945.14990234375,10084300,0.0,0.0
2015-01-02,2945.1495378521126,2978.617146236796,2928.4157336597714,2970.250244140625,18887100,0.0,0.0
2015-01-02,2970.250244140625,2970.250244140625,2886.5812231789173,2970.250244140625,10474300,0.0,0.0
2015-01-02,2970.250611738725,2970.250611738725,2886.5815804221415,2945.14990234375,9657500,0.0,0.0
2015-01-02,2945.1495378521126,3020.4516567176497,2945.1495378521126,2970.250244140625,26170300,0.0,0.0
2015-01-02,2970.251025390625,2978.6179296875,2903.3157910156247,2928.41650390625,17822800,0.0,0.0
2015-01-02,2936.7829992120915,2995.3513211337004,2928.4160960804334,2945.14990234375,11876400,0.0,0.0
2015-01-02,2970.251025390625,2970.251025390625,2886.5819824218747,2928.41650390625,9760400,0.0,0.0
2015-01-02,3037.185540506114,3120.8545636605527,2861.4805918817933,2886.581298828125,71413500,0.0,0.0
2015-01-02,2886.5814208984375,2928.415934244792,2727.610270182292,2761.077880859375,21046300,0.0,0.0
2015-01-02,2794.5456486520047,2911.6822926074783,2777.8118423726514,2894.948486328125,25200300,0.0,0.0
2015-01-02,2894.9486509811045,2936.7831690588664,2853.114132903343,2878.21484375,17493000,0.0,0.0
2015-01-02,2920.049031575521,2953.5166422526045,2878.214518229167,2911.68212890625,22803200,0.0,0.0
2015-01-02,2928.415934244792,2945.1497395833335,2894.9483235677085,2911.68212890625,19547400,0.0,0.0
2015-01-02,2928.415934244792,2961.883544921875,2844.7469075520835,2911.68212890625,19152500,0.0,0.0
2015-01-02,2953.516845703125,2970.250652194361,2920.0492327206534,2953.516845703125,20500100,0.0,0.0
2015-01-02,2970.250244140625,2970.250244140625,2928.4157336597714,2970.250244140625,10459700,0.0,0.0
2015-01-02,2970.251025390625,2970.251025390625,2894.9488867187497,2928.41650390625,23152800,0.0,0.0
2015-01-02,2953.5168857035665,2995.3514024982346,2936.7830789856994,2961.8837890625,40647700,0.0,0.0
2015-01-02,2970.250244140625,3003.7178525253084,2936.782635755942,2970.250244140625,36810500,0.0,0.0
2015-01-02,2970.2504889807933,2970.2504889807933,2903.3152666939022,2920.049072265625,218231500,0.0,0.0
2015-01-02,2920.0491572467276,2920.0491572467276,2761.0779996888828,2836.380126953125,22229100,0.0,0.0
2015-01-02,2802.9123520039184,2811.2792545472134,2660.6750087678984,2702.509521484375,16174300,0.0,0.0
2015-01-02,2660.675436236901,2802.9128023250373,2568.639493473989,2794.5458984375,8546700,0.0,0.0
2015-01-02,2811.2794178650443,2853.1139330118453,2802.912514835684,2836.380126953125,9834600,0.0,0.0
2015-01-02,2844.7473929778876,2869.848105268869,2828.0135847839,2861.481201171875,13072800,0.0,0.0
2015-01-02,2861.480672081195,2869.84757463114,2828.013061881415,2853.11376953125,10036900,0.0,0.0
2015-01-02,2819.6464042094217,2844.747114039179,2761.078081273321,2802.91259765625,10002900,0.0,0.0
2015-01-02,2836.380167164522,2844.7470703125,2761.0780388327207,2844.7470703125,10281300,0.0,0.0
2015-01-02,2836.3801314327698,2836.3801314327698,2719.243488836726,2735.977294921875,7995800,0.0,0.0
2015-01-02,2735.9771728515625,2794.5454915364585,2727.610270182292,2761.077880859375,9858500,0.0,0.0
2015-01-02,2752.7109781901045,2777.811686197917,2735.9771728515625,2761.077880859375,6693500,0.0,0.0
2015-01-02,2761.077963238113,2761.077963238113,2710.876545724693,2727.6103515625,9334700,0.0,0.0
2015-01-02,2769.445032943914,2769.445032943914,2694.1429021387926,2710.876708984375,10939400,0.0,0.0
2015-01-02,2694.1425370546144,2744.3439507885514,2669.041830187646,2685.775634765625,8656200,0.0,0.0
2015-01-02,2685.7757962967335,2769.44482421875,2677.4088935045315,2769.44482421875,7381000,0.0,0.0
2015-01-02,2769.4451475401183,2811.2796663851354,2727.6106286951012,2786.178955078125,12475400,0.0,0.0
2015-01-02,2786.17850470691,2802.9123095399846,2694.142578125,2694.142578125,4637100,0.0,0.0
2015-01-02,2719.2434471773813,2777.811767578125,2694.1427384342055,2777.811767578125,11562300,0.0,0.0
2015-01-02,2786.1786298031534,2802.912435387557,2719.24340746554,2769.44482421875,5436300,0.0,0.0
2015-01-02,2719.2434486435964,2761.077963238113,2719.2434486435964,2727.6103515625,3863700,0.0,0.0
2015-01-02,2735.9772137920672,2735.9772137920672,2694.1426998197117,2719.243408203125,4899800,0.0,0.0
2015-01-02,2694.1427842881944,2719.2434934585813,2635.574462890625,2635.574462890625,5075500,0.0,0.0
2015-01-02,2652.3080256096673,2694.1425370546144,2627.2073187426986,2685.775634765625,3718200,0.0,0.0
2015-01-02,2702.509644317627,2702.509644317627,2669.042032623291,2677.408935546875,3907700,0.0,0.0
2015-01-02,2652.308385024836,2719.2436124071664,2643.941481602045,2710.876708984375,3513500,0.0,0.0
2015-01-02,2719.243408203125,2735.9772137920672,2694.1426998197117,2719.243408203125,3419200,0.0,0.0
2015-01-02,2719.243367513021,2761.077880859375,2669.041951497396,2761.077880859375,6944000,0.0,0.0
2015-01-02,2761.0778400455924,2769.4447425911853,2694.142619680851,2752.7109375,9408900,0.0,0.0
2015-01-02,2727.610229863222,2752.7109375,2702.5095222264436,2752.7109375,7746400,0.0,0.0
2015-01-02,2752.7110186343466,2769.44482421875,2719.24340746554,2769.44482421875,9256500,0.0,0.0
2015-01-02,2777.8120513091217,2786.178955078125,2735.977532464105,2786.178955078125,10518100,0.0,0.0
2015-01-02,2761.0779221754806,2802.9124361478366,2702.5096026141828,2719.243408203125,11805100,0.0,0.0
2015-01-02,2719.243724926098,2794.5458588471283,2685.7761098500846,2786.178955078125,7904800,0.0,0.0
2015-01-02,2761.0781206403462,2836.380251203265,2752.7112172444663,2811.279541015625,7431600,0.0,0.0
2015-01-02,2811.279541015625,2828.013347807385,2794.5457342238656,2811.279541015625,4466800,0.0,0.0
2015-01-02,2786.1785888671875,2786.1785888671875,2727.610270182292,2761.077880859375,4644000,0.0,0.0
2015-01-02,2744.344158935547,2744.344158935547,2660.675129699707,2677.408935546875,5932000,0.0,0.0
2015-01-02,2677.4087732919256,2710.876382958075,2660.6749684588513,2694.142578125,3442100,0.0,0.0
2015-01-02,2677.4088949843263,2735.977214562108,2652.308186593848,2669.0419921875,4855800,0.0,0.0
2015-01-02,2643.9412434895835,2685.7757568359375,2543.5384114583335,2560.272216796875,7645600,0.0,0.0
2015-01-02,2510.0710008965166,2585.3731309234117,2510.0710008965166,2551.905517578125,8042100,0.0,0.0
2015-01-02,2568.639409974564,2577.0063135901164,2510.0710846656975,2518.43798828125,3538400,0.0,0.0
2015-01-02,2551.905060852466,2551.905060852466,2426.401533269558,2459.869140625,6612800,0.0,0.0
2015-01-02,2501.70398201778,2501.70398201778,2376.2004377693966,2426.40185546875,12812900,0.0,0.0
2015-01-02,2468.2366255639304,2468.2366255639304,2351.099972147337,2376.20068359375,6528100,0.0,0.0
2015-01-02,2351.099972147337,2426.4021064865756,2351.099972147337,2376.20068359375,15726100,0.0,0.0
2015-01-02,2384.567300869107,2434.7687177295093,2367.8334952489727,2418.034912109375,25188300,0.0,0.0
2015-01-02,2426.401814919442,2468.2363289697773,2401.301106489241,2418.034912109375,30048700,0.0,0.0
2015-01-02,2418.0349525188576,2451.5025643184267,2392.934243669181,2426.40185546875,39432100,0.0,0.0
2015-01-02,2426.40194266183,2426.40194266183,2259.0638776506694,2342.73291015625,26809000,0.0,0.0
2015-01-02,2376.2002772618007,2409.6678868006993,2334.3657653381774,2392.93408203125,28109900,0.0,0.0
2015-01-02,2409.6678868006993,2409.6678868006993,2334.3657653381774,2392.93408203125,14918400,0.0,0.0
2015-01-02,2384.5673035343634,2392.934206353782,2217.229247145987,2267.4306640625,16894300,0.0,0.0
2015-01-02,2259.063636838025,2259.063636838025,2133.560101458135,2192.12841796875,25077200,0.0,0.0
2015-01-02,2183.761877211085,2233.9632996757077,2141.9273584905663,2217.2294921875,17448000,0.0,0.0
2015-01-02,2217.2292866426355,2309.265219295726,2200.49548070571,2275.797607421875,11817200,0.0,0.0
2015-01-02,2275.7977666440215,2317.6322844132133,2233.9632488748302,2309.265380859375,7839900,0.0,0.0
2015-01-02,2300.898150543668,2334.3657600061215,2225.596029253148,2242.329833984375,14956100,0.0,0.0
2015-01-02,2225.5959435096156,2233.9628455528846,2158.6607271634616,2175.39453125,13942600,0.0,0.0
2015-01-02,2133.560427711124,2141.9273313492063,2100.092813158792,2108.459716796875,13293200,0.0,0.0
2015-01-02,2074.991861979167,2175.394694010417,2033.1573486328125,2158.660888671875,13474300,0.0,0.0
2015-01-02,2158.661219319021,2175.3950272207185,2091.725987712229,2125.193603515625,12914700,0.0,0.0
2015-01-02,2091.7259154280996,2133.5604337366617,2024.7906861344004,2058.25830078125,9745400,0.0,0.0
2015-01-02,1991.3230970228042,2167.028076171875,1916.0209631017738,2167.028076171875,30542000,0.0,0.0
2015-01-02,2175.394945901538,2183.7618495396205,2033.1575840541295,2108.459716796875,11254300,0.0,0.0
2015-01-02,2116.826787109375,2150.2944042968747,2049.8915527343747,2091.72607421875,15310400,0.0,0.0
2015-01-02,2091.725987712229,2150.2943153681717,2049.891467957985,2125.193603515625,12409200,0.0,0.0
2015-01-02,2125.193361343876,2158.6609733335436,2041.5243313697079,2074.991943359375,10332200,0.0,0.0
2015-01-02,2049.8911539713545,2049.8911539713545,1924.3876139322917,1932.7545166015625,22686000,0.0,0.0
2015-01-02,1874.1864583333333,1874.1864583333333,1757.0498046875,1757.0498046875,19039800,0.0,0.0
2015-01-02,1669.1970825195312,1840.7185872395835,1669.1970825195312,1782.1502685546875,19489400,0.0,0.0
2015-01-02,1757.0497532894738,1832.3518855733084,1618.9958441024437,1669.197265625,24564900,0.0,0.0
2015-01-02,1581.3447488166053,1610.6289108317276,1514.4095213534686,1560.427490234375,15832400,0.0,0.0
2015-01-02,1497.6755777994792,1572.9777018229167,1451.6576131184897,1506.04248046875,20056500,0.0,0.0
2015-01-02,1506.0425897854477,1506.0425897854477,1401.456298828125,1401.456298828125,9633300,0.0,0.0
2015-01-02,1388.9059074280754,1397.2728104848711,1305.236876860119,1317.7872314453125,27694000,0.0,0.0
2015-01-02,1338.7044915429042,1351.254846151119,1225.7513000689717,1267.5858154296875,18421000,0.0,0.0
2015-01-02,1255.035400390625,1255.035400390625,1179.7332763671875,1179.7332763671875,4997000,0.0,0.0
2015-01-02,1179.7332943524686,1334.52099609375,1100.2477177826215,1334.52099609375,43914600,0.0,0.0
2015-01-02,1296.8701048571654,1296.8701048571654,1242.4852294921875,1242.4852294921875,16354800,0.0,0.0
2015-01-02,1238.3015950520835,1334.520975748698,1158.8160196940105,1179.7332763671875,37792500,0.0,0.0
2015-01-02,1229.934760353782,1472.574951171875,1200.6505993929777,1472.574951171875,49825000,0.0,0.0
2015-01-02,1506.04248046875,1748.6826578776042,1472.5748697916667,1506.04248046875,33266600,0.0,0.0
2015-01-02,1526.9597371419272,1543.6935424804688,1401.4561971028647,1506.04248046875,23104200,0.0,0.0
2015-01-02,1547.8769561767579,1782.1502252197267,1547.8769561767579,1673.3804931640625,15755800,0.0,0.0
2015-01-02,1665.0137557592147,1757.0496920072114,1585.5281744541264,1631.546142578125,12908300,0.0,0.0
2015-01-02,1673.3806926448171,1740.3159203506098,1598.0785614758004,1715.2152099609375,10830400,0.0,0.0
2015-01-02,1740.315597747093,1807.2508130450583,1698.481088185865,1798.8839111328125,16417900,0.0,0.0
2015-01-02,1798.8844414719013,2033.1577640821952,1798.8844414719013,1991.3232421875,17230100,0.0,0.0
2015-01-02,2049.8912851434006,2158.661026804071,1865.819414640728,1907.6539306640625,26475200,0.0,0.0
2015-01-02,1890.9199616445137,1890.9199616445137,1782.1502293375283,1849.08544921875,17191900,0.0,0.0
2015-01-02,1849.0853226062864,1932.754341728743,1765.41630348383,1798.8839111328125,13564400,0.0,0.0
2015-01-02,1823.9848227786579,1840.7186284922234,1773.7834056379609,1815.617919921875,6483900,0.0,0.0
2015-01-02,1815.6180737197135,1949.4885307681716,1815.6180737197135,1899.287109375,14478900,0.0,0.0
2015-01-02,1957.8553953983323,2033.157525990576,1857.4525546086743,1865.8194580078125,17678000,0.0,0.0
2015-01-02,1865.8193808501621,1882.5531869564416,1765.4165442124852,1773.783447265625,16145900,0.0,0.0
2015-01-02,1823.9847819010417,2016.423543294271,1823.9847819010417,2008.056640625,14347300,0.0,0.0
2015-01-02,2024.790613572141,2074.992033743351,1924.3877732297208,1966.2222900390625,14988800,0.0,0.0
2015-01-02,1966.222335152004,1966.222335152004,1890.9202031674592,1924.3878173828125,14017300,0.0,0.0
2015-01-02,1907.653953552246,2233.963182449341,1874.1863403320312,2141.92724609375,22452100,0.0,0.0
2015-01-02,2141.926996887967,2175.3946062143414,2016.4234619140627,2016.4234619140625,15180600,0.0,0.0
2015-01-02,2008.057050945378,2133.560616629464,1974.5894334296217,1991.3232421875,13346800,0.0,0.0
2015-01-02,2024.790525374874,2108.4595553490426,2016.4236223774574,2074.991943359375,12819400,0.0,0.0
2015-01-02,2100.092690142463,2175.394818474265,2058.2581744025733,2133.560302734375,12994700,0.0,0.0
2015-01-02,2091.7259422508446,2284.1647289379225,2091.7259422508446,2167.028076171875,21013300,0.0,0.0
2015-01-02,2192.128835122416,2250.6971627783587,2125.193603515625,2125.193603515625,19337500,0.0,0.0
2015-01-02,2141.9270408163266,2141.9270408163266,2033.1573082748725,2049.89111328125,18170500,0.0,0.0
2015-01-02,2066.62516696394,2100.0927810038415,1999.6899388841362,2024.7906494140625,13024700,0.0,0.0
2015-01-02,2041.524294096848,2041.524294096848,1924.387654271619,1941.1214599609375,22750500,0.0,0.0
2015-01-02,1966.2225290506826,2033.1577640821952,1957.8556246717435,1991.3232421875,15509100,0.0,0.0
2015-01-02,1991.3228352864585,2116.826375325521,1991.3228352864585,2008.056640625,34528100,0.0,0.0
2015-01-02,2049.8913281036776,2049.8913281036776,1907.6539706434223,1916.0208740234375,39079300,0.0,0.0
2015-01-02,1907.65380859375,2033.1573486328125,1882.5531005859375,2008.056640625,22512700,0.0,0.0
2015-01-02,2008.0568068484042,2049.891323657746,1966.2222900390625,1966.2222900390625,8810500,0.0,0.0
2015-01-02,1991.3230714875508,2066.6252044429625,1966.2223605024135,2058.25830078125,16102900,0.0,0.0
2015-01-02,2058.2580167610804,2150.293944339828,2049.891114253922,2100.092529296875,19642400,0.0,0.0
2015-01-02,2141.9271673387098,2158.6609733335436,2024.790525374874,2074.991943359375,22573900,0.0,0.0
2015-01-02,2066.624959309896,2091.7256673177085,1991.3228352864585,2008.056640625,15726700,0.0,0.0
2015-01-02,2024.7906890994725,2100.0928221651557,2008.0568817515432,2033.1575927734375,20617900,0.0,0.0
2015-01-02,2058.2582469403515,2225.596315797291,2033.1575366118109,2200.49560546875,21257300,0.0,0.0
2015-01-02,2200.495530951933,2225.596240430472,2083.35888671875,2083.35888671875,24822200,0.0,0.0
2015-01-02,2091.7259422508446,2167.028076171875,2049.891423405828,2167.028076171875,39056100,0.0,0.0
2015-01-02,2183.892107893057,2234.484203056603,2133.3000127295113,2167.028076171875,15722700,20.0,0.0
2015-01-02,2183.891976289971,2192.323991642442,2141.7318995276164,2175.4599609375,11365900,0.0,0.0
2015-01-02,2183.8920373304836,2251.348162035672,2175.460021742335,2234.484130859375,27762400,0.0,0.0
2015-01-02,2234.4840628934867,2318.804216210222,2200.7560015667927,2301.940185546875,20842500,0.0,0.0
2015-01-02,2327.2361328125003,2369.396207682292,2268.2120279947917,2276.64404296875,15718800,0.0,0.0
2015-01-02,2301.940255564564,2318.804286740861,2226.0521152712263,2234.484130859375,10685100,0.0,0.0
2015-01-02,2242.9160322709517,2327.236183860085,2150.163865522905,2226.052001953125,19467600,0.0,0.0
2015-01-02,2226.051953125,2234.4839680989585,2133.2997884114584,2150.163818359375,11626200,0.0,0.0
2015-01-02,2082.707808494568,2175.4599781036377,2048.9797468185425,2158.595947265625,11645400,0.0,0.0
2015-01-02,2150.163834764081,2209.1879400321145,2099.571744534338,2133.2998046875,16195500,0.0,0.0
2015-01-02,2158.5960249042146,2209.188119237907,2150.164009181932,2200.756103515625,16326800,0.0,0.0
2015-01-02,2234.483855860827,2276.643928612918,2200.7557976591543,2268.2119140625,14320500,0.0,0.0
2015-01-02,2276.6441228693184,2318.80419921875,2217.6200159801137,2318.80419921875,9497600,0.0,0.0
2015-01-02,2301.9401356686826,2360.9642417114696,2285.076105370744,2352.5322265625,16779000,0.0,0.0
2015-01-02,2352.5324114631203,2369.396443086512,2242.9162059110754,2293.50830078125,9454900,0.0,0.0
2015-01-02,2327.2360159154273,2335.6680304658457,2226.0518413104087,2268.2119140625,7044600,0.0,0.0
2015-01-02,2268.2119140625,2318.8040013650093,2251.3478849616636,2268.2119140625,7548000,0.0,0.0
2015-01-02,2268.2120777476916,2268.2120777476916,2217.6199867942114,2226.052001953125,8159900,0.0,0.0
2015-01-02,2268.212107599432,2344.100245028409,2242.916061789773,2318.80419921875,10432300,0.0,0.0
2015-01-02,2318.804182472642,2377.828288935582,2268.2120912186933,2335.668212890625,9168700,0.0,0.0
2015-01-02,2360.9642585175993,2377.828288935582,2301.9401520546594,2335.668212890625,9112600,0.0,0.0
2015-01-02,2360.96429286859,2360.96429286859,2276.6441395518546,2301.940185546875,4448900,0.0,0.0
2015-01-02,2301.9403165929457,2318.8043482163375,2285.0762849695543,2293.50830078125,5566100,0.0,0.0
2015-01-02,2301.9401520546594,2352.5322433086076,2293.5081368456677,2335.668212890625,4611100,0.0,0.0
2015-01-02,2352.532100768008,2588.6285123146185,2335.668071371822,2487.4443359375,24444700,0.0,0.0
2015-01-02,2512.7405458647627,2512.7405458647627,2419.988378064386,2445.284423828125,15060700,0.0,0.0
2015-01-02,2453.716389424092,2512.7404950116133,2436.8523592562287,2495.87646484375,8637100,0.0,0.0
2015-01-02,2504.308513484589,2538.03657427226,2445.2844071061645,2462.1484375,9827200,0.0,0.0
2015-01-02,2445.284457973667,2470.580504090636,2411.556396484375,2411.556396484375,4576800,0.0,0.0
2015-01-02,2419.988106863839,2495.8762356505104,2419.988106863839,2479.01220703125,5843900,0.0,0.0
2015-01-02,2470.580531881313,2504.30859375,2445.284485479798,2504.30859375,4121300,0.0,0.0
2015-01-02,2504.308628746267,2521.1726599162757,2453.7165352362417,2470.58056640625,5143600,0.0,0.0
2015-01-02,2470.580370753484,2495.8764155052263,2419.98828125,2419.98828125,6349200,0.0,0.0
2015-01-02,2403.124267578125,2445.284342447917,2344.100162760417,2403.124267578125,5311100,0.0,0.0
2015-01-02,2403.124251415505,2436.852311084495,2386.2602215810107,2419.98828125,3809200,0.0,0.0
2015-01-02,2419.988429109815,2445.2844754071302,2394.6923828125,2394.6923828125,9268000,0.0,0.0
2015-01-02,2445.284511021205,2462.1485421316966,2352.5323399135045,2360.96435546875,11019600,0.0,0.0
2015-01-02,2369.3961103723404,2419.988198138298,2360.964095744681,2377.828125,10565300,0.0,0.0
2015-01-02,2386.2604378962865,2411.5564849411235,2310.3722967617755,2327.236328125,11446400,0.0,0.0
2015-01-02,2360.96435546875,2377.828386579241,2335.668308803013,2360.96435546875,5974800,0.0,0.0
2015-01-02,2377.828323531937,2394.6923541952838,2285.076154883528,2301.940185546875,14211600,0.0,0.0
2015-01-02,2276.644181379183,2285.0761968657725,2141.73193359375,2141.73193359375,57573700,0.0,0.0
2015-01-02,2141.73196875,2158.596,2032.115765625,2108.00390625,60590100,0.0,0.0
2015-01-02,2108.0040170365023,2116.4360331046482,1964.65974387802,2006.81982421875,38058800,0.0,0.0
2015-01-02,2006.8192939132941,2065.8433907930967,1973.0912385534068,2057.411376953125,36354000,0.0,0.0
2015-01-02,2057.411589591734,2091.1396484375,2006.8195013230848,2091.1396484375,32538000,0.0,0.0
2015-01-02,2116.435774610919,2150.163834764081,2091.1397294960475,2133.2998046875,20712500,0.0,0.0
2015-01-02,2133.2995015128713,2158.5955430327867,2032.1153354332096,2057.411376953125,26103200,0.0,0.0
2015-01-02,2065.84375,2082.7077806122447,2023.6836734693877,2065.84375,6831200,0.0,0.0
2015-01-02,2074.2756752868904,2082.707690227081,2006.8195557653657,2032.1156005859375,17850500,0.0,0.0
2015-01-02,2048.979736328125,2065.8437670797966,2032.1157055764531,2048.979736328125,9634000,0.0,0.0
2015-01-02,2074.2758676813937,2200.756103515625,2057.4118362368295,2200.756103515625,58717500,0.0,0.0
2015-01-02,2200.7559082031253,2226.051953125,2133.2997884114584,2150.163818359375,47890100,0.0,0.0
2015-01-02,2150.1639665876114,2167.027997698103,2116.4359043666295,2124.867919921875,19770700,0.0,0.0
2015-01-02,2124.867919921875,2175.4600132533483,2116.4359043666295,2124.867919921875,17607900,0.0,0.0
2015-01-02,2133.2998380239706,2158.595883534136,2091.1397621736946,2099.57177734375,13155200,0.0,0.0
2015-01-02,2141.731736706149,2141.731736706149,2091.1396484375,2091.1396484375,9946700,0.0,0.0
2015-01-02,2108.003871647392,2141.73193359375,2091.139840674213,2141.73193359375,14089700,0.0,0.0
2015-01-02,2158.595964566929,2175.459995540108,2116.4358871339814,2141.73193359375,21293200,0.0,0.0
2015-01-02,2167.0278483072916,2183.8918782552087,2141.7318033854167,2150.163818359375,17994200,0.0,0.0
2015-01-02,2150.163529192815,2175.4595707127305,2032.1153354332096,2057.411376953125,30595700,0.0,0.0
2015-01-02,2099.5718373700606,2099.5718373700606,2015.2516832588133,2040.5477294921875,20611800,0.0,0.0
2015-01-02,2040.547615526128,2065.8436603467,2032.1156005859375,2032.1156005859375,15335700,0.0,0.0
2015-01-02,2048.979942908654,2065.8439753605767,1964.6597806490383,1973.091796875,33632500,0.0,0.0
2015-01-02,1973.0917108950407,1973.0917108950407,1914.06759988536,1939.3636474609375,23127600,0.0,0.0
2015-01-02,1964.6594889322919,1973.0915039062502,1888.7713541666667,1897.203369140625,25311600,0.0,0.0
2015-01-02,1905.635269165039,1922.4992980957031,1880.339225769043,1888.771240234375,16285100,0.0,0.0
2015-01-02,1871.907497458262,1871.907497458262,1812.8833871780464,1846.6114501953125,22900900,0.0,0.0
2015-01-02,1838.1793165019915,1838.1793165019915,1720.131103515625,1720.131103515625,27586900,0.0,0.0
2015-01-02,1661.1071036003495,1871.907497458262,1618.947024828767,1846.6114501953125,38634100,0.0,0.0
2015-01-02,1880.339443122763,1930.9315357628375,1855.043396802726,1914.0675048828125,22762500,0.0,0.0
2015-01-02,1914.067567027699,1922.4995827414773,1838.1794256036933,1855.04345703125,17481300,0.0,0.0
2015-01-02,1855.0432690544308,1863.475283913769,1787.5871501797242,1796.0191650390625,12124900,0.0,0.0
2015-01-02,1796.019073340311,1821.3151166267942,1753.8590011961721,1762.291015625,11929300,0.0,0.0
2015-01-02,1762.290971339026,1838.1790992914243,1762.290971339026,1812.883056640625,14899900,0.0,0.0
2015-01-02,1812.8832533753034,1821.3152685072816,1720.1310869235438,1736.9951171875,9385900,0.0,0.0
2015-01-02,1720.1309892626232,1745.4270332223678,1686.4029306496307,1711.698974609375,8424800,0.0,0.0
2015-01-02,1720.1310881415302,1753.8591486933249,1648.4589594689664,1673.7550048828125,22773800,0.0,0.0
2015-01-02,1644.2429363665804,1677.9709965997408,1618.94689119171,1627.37890625,14736500,0.0,0.0
2015-01-02,1644.2429683772662,1677.971029267056,1627.3789379323712,1656.8909912109375,18214300,0.0,0.0
2015-01-02,1673.7550446619443,1711.6991136845072,1635.8109756393812,1694.8350830078125,20240900,0.0,0.0
2015-01-02,1711.6991310311323,1720.131146454931,1669.5390539121388,1677.9710693359375,11958900,0.0,0.0
2015-01-02,1694.8349453028789,1720.1309892626232,1665.3228940165102,1711.698974609375,13929900,0.0,0.0
2015-01-02,1728.5632213245738,1871.9074884588067,1720.1312056107954,1855.04345703125,31801300,0.0,0.0
2015-01-02,1855.043422154018,1855.043422154018,1745.4272199358259,1770.7232666015625,22525200,0.0,0.0
2015-01-02,1804.4510877691387,1804.4510877691387,1753.8590011961721,1762.291015625,7714500,0.0,0.0
2015-01-02,1796.0192957464253,1812.8833266924012,1779.1552648004495,1787.5872802734375,8640800,0.0,0.0
2015-01-02,1770.723081816227,1838.17919921875,1762.2910671409118,1838.17919921875,16304900,0.0,0.0
2015-01-02,1855.04345703125,1880.3395041725853,1821.3153941761364,1855.04345703125,23602800,0.0,0.0
2015-01-02,1871.9074884588067,1888.7715198863636,1846.6114413174716,1855.04345703125,17913200,0.0,0.0
2015-01-02,1880.3392488643594,1888.771263433258,1846.6111905887656,1863.4752197265625,14458100,0.0,0.0
2015-01-02,1846.6114501953125,1855.043465949629,1796.0193556694135,1846.6114501953125,10805900,0.0,0.0
2015-01-02,1846.6111905887656,1880.3392488643594,1838.179176019867,1863.4752197265625,21953100,0.0,0.0
2015-01-02,1863.475283913769,1863.475283913769,1796.0191650390625,1796.0191650390625,18152600,0.0,0.0
2015-01-02,1796.0191650390625,1821.3152096170775,1779.1551353203859,1796.0191650390625,8366500,0.0,0.0
2015-01-02,1821.3152096170775,1838.1792393357541,1770.7231204610475,1796.0191650390625,10254500,0.0,0.0
2015-01-02,1796.019073340311,1812.8831021979665,1753.8590011961721,1762.291015625,12525000,0.0,0.0
2015-01-02,1779.1553270293446,1796.0193585651677,1720.1312166539635,1728.563232421875,11580300,0.0,0.0
2015-01-02,1728.5630617548504,1779.1551513671875,1720.131046819461,1779.1551513671875,15297300,0.0,0.0
2015-01-02,1796.019340183424,1804.4513558650362,1736.9952304121377,1745.42724609375,13956000,0.0,0.0
2015-01-02,1745.4271491555608,1770.7231947954963,1711.6990883023132,1720.131103515625,13638200,0.0,0.0
2015-01-02,1686.4029306496307,1736.9950185691196,1686.4029306496307,1711.698974609375,16338100,0.0,0.0
2015-01-02,1703.2670983461599,1720.1311290228546,1686.4030676694651,1694.8350830078125,21849400,0.0,0.0
2015-01-02,1720.1311290228546,1728.563144361202,1694.8350830078125,1694.8350830078125,24213900,0.0,0.0
2015-01-02,1694.8350427276841,1720.1310881415302,1669.538997313838,1673.7550048828125,27511600,0.0,0.0
2015-01-02,1703.2670169486819,1821.3152260441352,1686.402987077903,1779.1551513671875,95943600,0.0,0.0
2015-01-02,1812.8831551928038,1855.0432285693807,1787.5871111668578,1838.17919921875,71675400,0.0,0.0
2015-01-02,1855.0432690544308,1880.3393136324457,1796.0191650390625,1796.0191650390625,72118100,0.0,0.0
2015-01-02,1829.7474186866796,1863.4754817039454,1812.8833871780464,1846.6114501953125,62591600,0.0,0.0
2015-01-02,1804.4514723557693,1989.955829326923,1787.5874399038462,1973.091796875,138426900,0.0,0.0
2015-01-02,1981.5236107438932,1998.3876414736285,1914.0674878249522,1930.9315185546875,35445500,0.0,0.0
2015-01-02,1922.49950318982,1956.2275646492903,1897.203457095217,1930.9315185546875,22623400,0.0,0.0
2015-01-02,1956.2275390625,1981.5235848262391,1939.3635085533404,1956.2275390625,22309600,0.0,0.0
2015-01-02,1981.5237267535665,1998.3877584706183,1930.9316316024117,1939.3636474609375,47270300,0.0,0.0
2015-01-02,1939.3636474609375,1964.659695036515,1930.9316316024117,1939.3636474609375,20395100,0.0,0.0
2015-01-02,1939.3636474609375,1956.227679177989,1922.499615743886,1939.3636474609375,18962300,0.0,0.0
2015-01-02,1947.7956633194633,1981.5237267535665,1930.9316316024117,1939.3636474609375,32517100,0.0,0.0
2015-01-02,1964.659582569766,2065.8437670797966,1956.2275671939299,2048.979736328125,86246300,0.0,0.0
2015-01-02,2192.3240625,2192.3240625,2074.27584375,2108.00390625,78027200,0.0,0.0
2015-01-02,2133.2998380239706,2141.731853194026,2057.4117014934736,2099.57177734375,56208700,0.0,0.0
2015-01-02,2082.707825187623,2167.0279800535186,2082.707825187623,2141.73193359375,41247500,0.0,0.0
2015-01-02,2158.5958498023715,2158.5958498023715,2116.435774610919,2133.2998046875,44053700,0.0,0.0
2015-01-02,2116.435749987844,2124.8677649280344,2006.8195557653657,2032.1156005859375,358988600,0.0,0.0
2015-01-02,2082.7077806122447,2150.1639030612246,2040.5477040816327,2065.84375,87903400,0.0,0.0
2015-01-02,2074.27587890625,2108.0039419778964,2032.1158000666921,2074.27587890625,110992200,0.0,0.0
2015-01-02,2082.7078065478113,2082.7078065478113,2032.1157140810626,2040.5477294921875,66043400,0.0,0.0
2015-01-02,2040.5477040816327,2091.1397959183673,2006.8196428571428,2065.84375,83546400,0.0,0.0
2015-01-02,2065.8438110351562,2141.731951032366,2065.8438110351562,2124.867919921875,65723500,0.0,0.0
2015-01-02,2141.731736706149,2158.595766129032,2082.7076337260582,2091.1396484375,47643100,0.0,0.0
2015-01-02,2091.139821958936,2108.0038527811853,2023.683698669938,2040.5477294921875,42946600,0.0,0.0
2015-01-02,2048.9798316025153,2108.0039419778964,2048.9798316025153,2074.27587890625,34539400,0.0,0.0
2015-01-02,2091.1397751669847,2251.3480643934877,2065.843729499642,2209.18798828125,245113700,0.0,0.0
2015-01-02,2234.4839680989585,2301.9400878906254,2167.0278483072916,2276.64404296875,173537800,0.0,0.0
2015-01-02,2310.372179754849,2495.8765153556033,2285.07613399111,2445.284423828125,252281100,0.0,0.0
2015-01-02,2445.2843932011647,2479.012453797043,2301.9401356686826,2352.5322265625,101866300,0.0,0.0
2015-01-02,2352.5322265625,2386.260287158378,2285.076105370744,2352.5322265625,88493100,0.0,0.0
2015-01-02,2352.5322560277477,2487.4445001010236,2344.100240773168,2445.284423828125,128295300,0.0,0.0
2015-01-02,2487.444626075634,2512.740673120471,2310.3722967617755,2327.236328125,97458400,0.0,0.0
2015-01-02,2344.100279635609,2377.8283412130995,2192.3240025369005,2285.076171875,61822500,0.0,0.0
2015-01-02,2310.3721346057605,2377.828255324177,2251.3480289771464,2369.396240234375,58886400,0.0,0.0
2015-01-02,2419.9882975260416,2462.1483723958336,2369.396207682292,2403.124267578125,81822400,0.0,0.0
2015-01-02,2403.1243695269573,2411.5563848586307,2301.940185546875,2301.940185546875,48118500,0.0,0.0
2015-01-02,2352.532305650308,2394.6923828125,2242.9161050286093,2394.6923828125,35547100,0.0,0.0
2015-01-02,2386.260270413979,2403.124300593583,2335.668179875167,2369.396240234375,24647900,0.0,0.0
2015-01-02,2386.2604561687385,2403.124487661097,2276.644251468408,2310.372314453125,37062700,0.0,0.0
2015-01-02,2327.2362315418954,2369.3963082002633,2293.5081702152015,2301.940185546875,44467300,0.0,0.0
2015-01-02,2327.236164785365,2428.4203458629895,2310.3721346057605,2369.396240234375,64480200,0.0,0.0
2015-01-02,2394.6923023073477,2419.988347754256,2344.1002114135304,2352.5322265625,41151700,0.0,0.0
2015-01-02,2360.9643908514495,2377.828422214674,2318.804312443388,2327.236328125,38200300,0.0,0.0
2015-01-02,2352.5322602982956,2369.396290838068,2276.6441228693184,2318.80419921875,33432500,0.0,0.0
2015-01-02,2327.2361328125003,2344.100162760417,2276.64404296875,2276.64404296875,30861900,0.0,0.0
2015-01-02,2285.0761427659254,2310.372188626803,2192.323974609375,2192.323974609375,57119200,0.0,0.0
2015-01-02,2192.3238249747983,2192.3238249747983,2091.1396484375,2091.1396484375,74290200,0.0,0.0
2015-01-02,2108.0039136763307,2242.9161641516157,2040.547788438688,2217.6201171875,89602800,0.0,0.0
2015-01-02,2234.484203056603,2242.9162189171934,2133.3000127295113,2167.028076171875,36460700,0.0,0.0
2015-01-02,2192.323893229167,2209.1879231770836,2124.8677734375,2150.163818359375,25922500,0.0,0.0
2015-01-02,2150.1639208381557,2158.5959362139915,2040.547720952289,2048.979736328125,43953400,0.0,0.0
2015-01-02,2023.6834716796875,2099.571601867676,1973.0913848876953,2023.6834716796875,42651600,0.0,0.0
2015-01-02,2023.6836875682316,2057.411749027702,1914.0674878249522,1930.9315185546875,49666000,0.0,0.0
2015-01-02,1939.3636033078458,1998.3877129737366,1905.6355406416224,1981.523681640625,44536800,0.0,0.0
2015-01-02,1939.3635512028497,1989.955643842924,1871.9074276827507,1914.0675048828125,37148300,0.0,0.0
2015-01-02,1947.7956114073056,1989.955689576295,1855.0434394355293,1871.907470703125,40832800,0.0,0.0
2015-01-02,1871.9072772930197,1956.2274249188313,1829.7472034801137,1947.79541015625,32512600,0.0,0.0
2015-01-02,1964.659597522887,1989.955643842924,1888.7714585627755,1914.0675048828125,21978200,0.0,0.0
2015-01-02,1947.7957481971152,2006.8198617788462,1905.6356670673076,1973.091796875,26217900,0.0,0.0
2015-01-02,1973.0914960046032,2065.8436603467,1964.6594810644126,2032.1156005859375,57229100,0.0,0.0
2015-01-02,2040.5475239814082,2057.4115531052216,1989.9554366099683,1998.387451171875,29994800,0.0,0.0
2015-01-02,2023.6838942307693,2040.5479266826924,1964.6597806490383,1973.091796875,27172800,0.0,0.0
2015-01-02,2006.8194973008315,2023.683526689914,1947.7953944390424,1964.659423828125,30931900,0.0,0.0
2015-01-02,1956.227764423077,2023.6838942307693,1939.3637319711538,1973.091796875,24148800,0.0,0.0
2015-01-02,1981.5238131009614,2006.8198617788462,1956.227764423077,1973.091796875,6941700,0.0,0.0
2015-01-02,1998.3877584706183,1998.3877584706183,1930.9316316024117,1939.3636474609375,24967300,0.0,0.0
2015-01-02,1939.3633508466487,1964.659394553344,1838.179176019867,1863.4752197265625,113296400,0.0,0.0
2015-01-02,1880.33954083478,1888.771556712963,1812.883413809317,1821.3154296875,54910900,0.0,0.0
2015-01-02,1829.7471845434345,1871.9072579200115,1821.3151698681193,1838.17919921875,32259100,0.0,0.0
2015-01-02,1838.1794798663843,1846.611495829074,1787.5873840902452,1804.451416015625,39768500,0.0,0.0
2015-01-02,1812.8831947577391,1829.7472244764158,1787.5871501797242,1796.0191650390625,30665800,0.0,0.0
2015-01-02,1804.451345632742,1888.7715019707207,1796.0193299989442,1871.907470703125,63740500,0.0,0.0
2015-01-02,1888.771556712963,1897.2035725911458,1812.883413809317,1821.3154296875,50930400,0.0,0.0
2015-01-02,1846.6114238017315,1880.3394863369228,1829.7473925341358,1871.907470703125,38663200,0.0,0.0
2015-01-02,1829.7474098899147,1863.4754727450284,1821.3153941761364,1855.04345703125,35677300,0.0,0.0
2015-01-02,1855.0434394355293,1888.7715019707207,1846.6114238017315,1871.907470703125,20313400,0.0,0.0
2015-01-02,1880.3393391927084,1914.0673990885418,1880.3393391927084,1897.203369140625,34594800,0.0,0.0
2015-01-02,1905.635269165039,1914.067283630371,1880.339225769043,1888.771240234375,14698600,0.0,0.0
2015-01-02,1871.907470703125,1880.3394863369228,1838.1794081679336,1871.907470703125,19508600,0.0,0.0
2015-01-02,1855.043465949629,1871.907497458262,1838.179434440996,1846.6114501953125,20833400,0.0,0.0
2015-01-02,1863.475243244696,1871.9072579200115,1821.3151698681193,1838.17919921875,20290100,0.0,0.0
2015-01-02,1855.0432690544308,1855.0432690544308,1796.0191650390625,1796.0191650390625,20511500,0.0,0.0
2015-01-02,1812.8833266924012,1829.747357638377,1787.5872802734375,1787.5872802734375,13536300,0.0,0.0
2015-01-02,1804.4510424236917,1829.7470850744912,1796.0190282067585,1812.883056640625,15503900,0.0,0.0
2015-01-02,1821.315070857558,1829.7470850744912,1796.0190282067585,1812.883056640625,11779100,0.0,0.0
2015-01-02,1812.8833612665399,1956.2276270411035,1804.451345632742,1871.907470703125,91487900,0.0,0.0
2015-01-02,1871.907234295461,1897.2032780021564,1838.179176019867,1863.4752197265625,16411000,0.0,0.0
2015-01-02,1863.4752197265625,1897.2032780021564,1855.043205157664,1863.4752197265625,24453800,0.0,0.0
2015-01-02,1855.043205157664,1880.3392488643594,1846.6111905887656,1863.4752197265625,18277000,0.0,0.0
2015-01-02,1871.9075249565972,1880.33954083478,1812.883413809317,1821.3154296875,23015000,0.0,0.0
2015-01-02,1821.315070857558,1838.1790992914243,1812.883056640625,1812.883056640625,8768900,0.0,0.0
2015-01-02,1804.4512211726262,1829.7472663292517,1728.5630857027493,1753.859130859375,37687100,0.0,0.0
2015-01-02,1753.8590011961721,1770.7230300538276,1694.834900194378,1762.291015625,25301000,0.0,0.0
2015-01-02,1779.155282156808,1787.5872977120534,1745.4272199358259,1770.7232666015625,13398300,0.0,0.0
2015-01-02,1779.1550444826555,1787.5870589114832,1753.8590011961721,1762.291015625,12245400,0.0,0.0
2015-01-02,1770.723311261433,1779.1553270293446,1720.1312166539635,1728.563232421875,18449300,0.0,0.0
2015-01-02,1745.4269867673445,1762.291015625,1720.130943480861,1762.291015625,14612300,0.0,0.0
2015-01-02,1762.291015625,1779.1550444826555,1736.9949723385166,1762.291015625,9835300,0.0,0.0
2015-01-02,1779.1553088201995,1787.5873245018117,1745.42724609375,1745.42724609375,7686500,0.0,0.0
2015-01-02,1753.859302662037,1829.747445565683,1745.4272867838542,1821.3154296875,20579200,0.0,0.0
2015-01-02,1829.7474098899147,1855.04345703125,1796.019347034801,1855.04345703125,20134200,0.0,0.0
2015-01-02,1855.0434932002315,1888.771556712963,1821.3154296875,1821.3154296875,18247200,0.0,0.0
2015-01-02,1846.6114773220486,1855.0434932002315,1804.4513979311341,1821.3154296875,18518700,0.0,0.0
2015-01-02,1821.315387228261,1829.7474029098732,1728.5632147305255,1745.42724609375,16509400,0.0,0.0
2015-01-02,1745.4271491555608,1762.2911795821844,1711.6990883023132,1720.131103515625,18775300,0.0,0.0
2015-01-02,1736.9952304121377,1753.8592617753625,1720.1311990489132,1745.42724609375,12979800,0.0,0.0
2015-01-02,1745.4272639576982,1745.4272639576982,1711.699200886052,1728.563232421875,22275200,0.0,0.0
2015-01-02,1753.8591903762438,1753.8591903762438,1694.8350830078125,1694.8350830078125,47488800,0.0,0.0
2015-01-02,1720.1309892626232,1753.859047875616,1703.266959956127,1711.698974609375,27001500,0.0,0.0
2015-01-02,1711.698974609375,1728.5630039158714,1694.8349453028789,1711.698974609375,19262600,0.0,0.0
2015-01-02,1703.2669677734375,1720.1309971573328,1694.8349530814896,1703.2669677734375,11897000,0.0,0.0
2015-01-02,1703.2670566595875,1736.9951171875,1703.2670566595875,1736.9951171875,14378700,0.0,0.0
2015-01-02,1720.131103515625,1736.995133942249,1703.2670730890013,1720.131103515625,11515600,0.0,0.0
2015-01-02,1736.9950185691196,1745.4270332223678,1703.266959956127,1711.698974609375,11699600,0.0,0.0
2015-01-02,1736.9950265412283,1736.9950265412283,1703.2669677734375,1703.2669677734375,11219900,0.0,0.0
2015-01-02,1703.2671851181403,1736.9952481897867,1703.2671851181403,1728.563232421875,17312000,0.0,0.0
2015-01-02,1728.562957909689,1787.5870589114832,1728.562957909689,1762.291015625,26099500,0.0,0.0
2015-01-02,1770.7230300538276,1779.1550444826555,1745.4269867673445,1762.291015625,33397400,0.0,0.0
2015-01-02,1753.8591474514565,1762.2911625834345,1736.9951171875,1736.9951171875,8858000,0.0,0.0
2015-01-02,1755.5786463544873,1755.5786463544873,1729.8872515297876,1738.4510498046875,10799500,31.7,0.0
2015-01-02,1738.4509407710102,1772.7061317221633,1729.887143033222,1764.142333984375,10294200,0.0,0.0
2015-01-02,1764.1424446293875,1772.7062429042874,1738.4510498046875,1738.4510498046875,5918700,0.0,0.0
2015-01-02,1738.4510498046875,1747.0148480795874,1729.8872515297876,1738.4510498046875,9839900,0.0,0.0
2015-01-02,1738.4510498046875,1755.5786463544873,1738.4510498046875,1738.4510498046875,5405300,0.0,0.0
2015-01-02,1738.4510050858603,1738.4510050858603,1721.32340897664,1729.88720703125,10231300,0.0,0.0
2015-01-02,1729.8872736150568,1755.5786687677557,1695.632080078125,1695.632080078125,20517300,0.0,0.0
2015-01-02,1699.9138509509633,1764.142333984375,1699.9138509509633,1764.142333984375,18465100,0.0,0.0
2015-01-02,1755.5785362465867,1789.8337271977396,1721.323345295434,1764.142333984375,28031700,0.0,0.0
2015-01-02,1764.1425495319538,1909.7271288622605,1755.578750747818,1901.163330078125,134303900,0.0,0.0
2015-01-02,1901.1631753104075,1943.9821657453265,1849.7803867885045,1918.290771484375,70443200,0.0,0.0
2015-01-02,1918.2907265975336,1926.8545244841298,1866.907939277957,1909.7269287109375,29168300,0.0,0.0
2015-01-02,1909.7270721035752,1986.8012588700874,1892.5994750443504,1961.10986328125,68743200,0.0,0.0
2015-01-02,1969.6736176941683,2063.8753994099766,1952.546021018567,2046.747802734375,68682000,0.0,0.0
2015-01-02,2046.747914976993,2063.8755125918633,1978.237524517512,2021.0565185546875,32188200,0.0,0.0
2015-01-02,2038.1839510289633,2183.7685189596036,2038.1839510289633,2106.6943359375,101613500,0.0,0.0
2015-01-02,2123.8217432776164,2218.023514148801,2098.1303512218387,2209.459716796875,63670500,0.0,0.0
2015-01-02,2209.460117340088,2252.2791118621826,2132.3859272003174,2192.33251953125,56949100,0.0,0.0
2015-01-02,2192.3321078431372,2218.023499731924,2123.821729473039,2183.768310546875,28430900,0.0,0.0
2015-01-02,2183.768489646175,2243.715075636462,2166.64089364895,2218.023681640625,39327600,0.0,0.0
2015-01-02,2175.204963589892,2192.332561728395,2063.875575689622,2081.003173828125,82070400,0.0,0.0
2015-01-02,2055.3114720394738,2140.9494500411183,2029.6200786389802,2115.258056640625,34257300,0.0,0.0
2015-01-02,2132.385851433305,2226.5876360347766,2081.0030598325025,2200.896240234375,61336900,0.0,0.0
2015-01-02,2226.5876360347766,2235.15143463491,2183.7686430341078,2200.896240234375,30540200,0.0,0.0
2015-01-02,2183.7686108004664,2183.7686108004664,2106.6944245369205,2123.822021484375,22979600,0.0,0.0
2015-01-02,2106.69451171875,2175.20490234375,2098.130712890625,2140.94970703125,26247200,0.0,0.0
2015-01-02,2175.2046412417762,2295.0978104440787,2140.9494500411183,2277.97021484375,98526200,0.0,0.0
2015-01-02,2269.4064696322994,2295.097863628137,2175.2046916475624,2218.023681640625,58230800,0.0,0.0
2015-01-02,2218.023514148801,2252.2787035565043,2115.2579459256904,2209.459716796875,37770000,0.0,0.0
2015-01-02,2175.204810474537,2346.4807798032407,2123.8220196759257,2312.2255859375,80185500,0.0,0.0
2015-01-02,2329.353290804856,2397.8636817108813,2320.789491941603,2380.736083984375,68415700,0.0,0.0
2015-01-02,2380.7358274147728,2389.2996253551137,2320.7892418323863,2355.04443359375,37422900,0.0,0.0
2015-01-02,2380.7359847184066,2380.7359847184066,2320.789395175137,2337.9169921875,16817100,0.0,0.0
2015-01-02,2355.0445891998625,2355.0445891998625,2320.789395175137,2337.9169921875,14812100,0.0,0.0
2015-01-02,2346.4808382099573,2380.736032928351,2243.715254054777,2252.279052734375,24892100,0.0,0.0
2015-01-02,2252.279052734375,2312.225643491564,2235.1514553751786,2252.279052734375,25759600,0.0,0.0
2015-01-02,2252.278745501229,2337.9167206153443,2235.151150478406,2286.533935546875,21387400,0.0,0.0
2015-01-02,2286.5339216752486,2312.2253140536222,2226.5873394590435,2260.842529296875,35634200,0.0,0.0
2015-01-02,2269.406650093572,2286.534247452769,2252.279052734375,2252.279052734375,10735800,0.0,0.0
2015-01-02,2252.278688916973,2277.9700808057596,2158.0769186580883,2183.768310546875,43171800,0.0,0.0
2015-01-02,2226.5874796392372,2277.970267630912,2192.3322876447874,2218.023681640625,36414100,0.0,0.0
2015-01-02,2218.023604642428,2252.278795447716,2218.023604642428,2226.58740234375,11669900,0.0,0.0
2015-01-02,2235.1515140533447,2260.8429107666016,2158.077323913574,2192.33251953125,28020700,0.0,0.0
2015-01-02,2183.7684138371396,2235.151200045072,2175.2046161358176,2226.58740234375,16354900,0.0,0.0
2015-01-02,2252.2787178594945,2329.3528945162834,2218.023528234255,2235.151123046875,34004200,0.0,0.0
2015-01-02,2269.4064030881786,2286.533998583184,2081.0028526431224,2089.566650390625,49178300,0.0,0.0
2015-01-02,2072.439155057731,2140.949540348896,2021.0563660893574,2132.3857421875,41389000,0.0,0.0
2015-01-02,2140.9496184318295,2166.641013853012,2106.6944245369205,2123.822021484375,17350000,0.0,0.0
2015-01-02,2115.258145864709,2158.0771366716867,2106.6943477033133,2132.3857421875,11208600,0.0,0.0
2015-01-02,2123.821854440789,2123.821854440789,2081.002865439967,2115.258056640625,16181200,0.0,0.0
2015-01-02,2115.258056640625,2149.513247841283,2098.130461040296,2115.258056640625,21375100,0.0,0.0
2015-01-02,2140.949386049552,2175.2045762263447,2132.3855885053536,2149.51318359375,20560000,0.0,0.0
2015-01-02,2149.5131556919646,2166.640750558036,2089.5665736607143,2098.13037109375,23954700,0.0,0.0
2015-01-02,2098.130434914743,2115.2580303018026,2063.875244140625,2063.875244140625,23519000,0.0,0.0
2015-01-02,2063.875575689622,2115.2583701051312,2063.875575689622,2081.003173828125,10169500,0.0,0.0
2015-01-02,2089.5667154947914,2106.6943115234376,2038.183927408854,2055.3115234375,20385100,0.0,0.0
2015-01-02,2072.4390186700293,2183.7683874415598,2072.4390186700293,2175.20458984375,36647700,0.0,0.0
2015-01-02,2200.896046918564,2312.225418941682,2200.896046918564,2303.66162109375,67138900,0.0,0.0
2015-01-02,2312.2254845961083,2337.9168788693987,2243.715099867335,2269.406494140625,32009200,0.0,0.0
2015-01-02,2295.0978104440787,2303.6616082442433,2260.842619243421,2277.97021484375,18290200,0.0,0.0
2015-01-02,2286.533935546875,2303.6615305696982,2243.7149479898176,2286.533935546875,14578300,0.0,0.0
2015-01-02,2295.097704891044,2295.097704891044,2183.7683386090157,2235.151123046875,30263300,0.0,0.0
2015-01-02,2235.15127763785,2269.4064696322994,2209.4598836420123,2218.023681640625,13753100,0.0,0.0
2015-01-02,2226.587715148926,2269.4067096710205,2158.077323913574,2192.33251953125,22512400,0.0,0.0
2015-01-02,2140.9493994525096,2226.5873754306103,2140.9493994525096,2175.20458984375,21559000,0.0,0.0
2015-01-02,2200.8959334216356,2260.8425152658046,2192.3321360153254,2235.151123046875,19451900,0.0,0.0
2015-01-02,2260.8428304353115,2277.9704276355787,2183.7686430341078,2200.896240234375,12413900,0.0,0.0
2015-01-02,2200.8960856434,2252.278873635075,2140.949499653113,2218.023681640625,27167400,0.0,0.0
2015-01-02,2192.3325559701493,2295.09814453125,2158.0773597831158,2295.09814453125,40629100,0.0,0.0
2015-01-02,2269.406390850361,2269.406390850361,2183.7684138371396,2226.58740234375,28576300,0.0,0.0
2015-01-02,2226.5876012731483,2329.3531828703703,2200.8962058738425,2312.2255859375,34938900,0.0,0.0
2015-01-02,2329.3531936813188,2372.1721862122254,2329.3531936813188,2337.9169921875,23561300,0.0,0.0
2015-01-02,2355.0443013509116,2355.0443013509116,2235.1511369185014,2260.842529296875,19932700,0.0,0.0
2015-01-02,2260.8429483442164,2303.6619435780085,2252.279149297458,2295.09814453125,10913100,0.0,0.0
2015-01-02,2295.0978104440787,2312.225406044408,2243.715023643092,2277.97021484375,12159400,0.0,0.0
2015-01-02,2260.8426960495285,2295.097888413915,2200.8961094118513,2269.406494140625,13789800,0.0,0.0
2015-01-02,2269.406340524052,2303.6615305696982,2269.406340524052,2286.533935546875,7667200,0.0,0.0
2015-01-02,2277.9701380354636,2312.2253280811096,2269.406340524052,2286.533935546875,10498000,0.0,0.0
2015-01-02,2295.0977330582864,2303.6615305696982,2260.8425430126404,2286.533935546875,6824400,0.0,0.0
2015-01-02,2295.09814453125,2346.4809388118006,2286.5343454844915,2295.09814453125,12373000,0.0,0.0
2015-01-02,2303.6616082442433,2312.225406044408,2269.4064170435854,2277.97021484375,7800200,0.0,0.0
2015-01-02,2277.9701242157907,2295.0977191347065,2252.278731837417,2260.842529296875,8181800,0.0,0.0
2015-01-02,2260.842529296875,2277.9701242157907,2226.5873394590435,2260.842529296875,6058200,0.0,0.0
2015-01-02,2252.2787178594945,2269.4063126721144,2209.4597308279454,2235.151123046875,13956400,0.0,0.0
2015-01-02,2235.151301776238,2295.097888413915,2183.768513229658,2269.406494140625,22673400,0.0,0.0
2015-01-02,2269.4064297020213,2337.9168124854787,2243.715036158225,2303.66162109375,15163300,0.0,0.0
2015-01-02,2295.097912102168,2329.3531048201107,2277.9703157431964,2320.789306640625,17860500,0.0,0.0
2015-01-02,2312.2255942134534,2603.3947431144065,2312.2255942134534,2526.320556640625,116986300,0.0,0.0
2015-01-02,2517.75685546875,2603.39484375,2500.6292578125,2569.1396484375,43293600,0.0,0.0
2015-01-02,2569.1393919665406,2569.1393919665406,2534.884200073653,2543.447998046875,18520800,0.0,0.0
2015-01-02,2560.575849609375,2594.8310449218748,2534.884453125,2569.1396484375,33427400,0.0,0.0
2015-01-02,2569.139314177852,2569.139314177852,2466.3737416107383,2552.01171875,11036600,0.0,0.0
2015-01-02,2509.192905047082,2637.6498797081954,2500.6291067363413,2586.26708984375,34245200,0.0,0.0
2015-01-02,2603.394923181438,2637.650119539089,2552.0121286449626,2560.575927734375,35953900,0.0,0.0
2015-01-02,2586.2669096057048,2594.830707319631,2543.4479210360737,2552.01171875,9249000,0.0,0.0
2015-01-02,2569.139549126059,2569.139549126059,2500.6291611493643,2526.320556640625,9800500,0.0,0.0
2015-01-02,2526.3205346764166,2569.1395267895764,2414.9911551822015,2474.937744140625,40972800,0.0,0.0
2015-01-02,2466.3738042091836,2543.4479855907207,2440.682410415338,2517.756591796875,22298400,0.0,0.0
2015-01-02,2517.756591796875,2526.320389728157,2466.3738042091836,2517.756591796875,10395600,0.0,0.0
2015-01-02,2483.501362047697,2611.958329050164,2440.682373046875,2603.39453125,41813700,0.0,0.0
2015-01-02,2594.8310449218748,2689.03283203125,2552.01205078125,2569.1396484375,34983200,0.0,0.0
2015-01-02,2569.139327242525,2603.3945182724256,2534.8841362126245,2577.703125,17253000,0.0,0.0
2015-01-02,2552.011941152076,2560.575739612318,2440.682561168932,2500.629150390625,31680200,0.0,0.0
2015-01-02,2526.320364210341,2526.320364210341,2457.8099814520942,2466.373779296875,14592800,0.0,0.0
2015-01-02,2492.0650035047365,2500.6288007676394,2414.9908281386106,2457.809814453125,17549500,0.0,0.0
2015-01-02,2457.810263671875,2586.26724609375,2457.810263671875,2569.1396484375,65443700,0.0,0.0
2015-01-02,2577.7033554077148,2783.234519958496,2560.5757583618165,2740.41552734375,75346600,0.0,0.0
2015-01-02,2740.415296052631,2800.361880653783,2680.46871145148,2766.106689453125,56112700,0.0,0.0
2015-01-02,2740.415178571429,2748.9789760044646,2629.0858119419645,2697.59619140625,36103300,0.0,0.0
2015-01-02,2697.5965241152403,2740.415516561514,2671.905128647476,2714.72412109375,24245000,0.0,0.0
2015-01-02,2714.7237862723214,2723.287583705357,2671.904799107143,2697.59619140625,22726200,0.0,0.0
2015-01-02,2689.0326137110637,2689.0326137110637,2620.5222286483618,2646.213623046875,22277300,0.0,0.0
2015-01-02,2646.2134557946933,2680.4686461609676,2586.266872653713,2637.649658203125,19802500,0.0,0.0
2015-01-02,2637.649658203125,2689.0324437525364,2603.3944678368507,2637.649658203125,33226100,0.0,0.0
2015-01-02,2654.7775101738343,2689.032703853497,2620.522316494172,2663.34130859375,47481700,0.0,0.0
2015-01-02,2663.3410509778305,2680.4686461609676,2586.266872653713,2637.649658203125,29079900,0.0,0.0
2015-01-02,2637.649658203125,2654.777253386262,2603.3944678368507,2637.649658203125,24317500,0.0,0.0
2015-01-02,2629.0859375,2637.6497353420195,2586.2669482899023,2629.0859375,19021100,0.0,0.0
2015-01-02,2629.0860813974546,2629.0860813974546,2534.8842999793046,2586.26708984375,20802100,0.0,0.0
2015-01-02,2586.266872653713,2646.2134557946933,2586.266872653713,2637.649658203125,21820500,0.0,0.0
2015-01-02,2637.6500390625,2654.77763671875,2560.575849609375,2569.1396484375,28091000,0.0,0.0
2015-01-02,2569.139549126059,2577.7033476231463,2500.6291611493643,2526.320556640625,15638300,0.0,0.0
2015-01-02,2526.32033845515,2577.703125,2509.1927429401994,2577.703125,19998700,0.0,0.0
2015-01-02,2594.830785886206,2594.830785886206,2526.3204021004317,2543.447998046875,11877000,0.0,0.0
2015-01-02,2526.320731376725,2569.139726823788,2509.1931331978994,2560.575927734375,12762000,0.0,0.0
2015-01-02,2569.139726823788,2569.139726823788,2534.884530466137,2560.575927734375,8211000,0.0,0.0
2015-01-02,2569.139340049342,2637.649722450658,2560.5755422491775,2603.39453125,24071600,0.0,0.0
2015-01-02,2611.958160903981,2611.958160903981,2569.1391746596532,2594.83056640625,16039700,0.0,0.0
2015-01-02,2586.26724609375,2586.26724609375,2534.884453125,2569.1396484375,22255600,0.0,0.0
2015-01-02,2569.1396484375,2586.26724609375,2552.01205078125,2569.1396484375,10078900,0.0,0.0
2015-01-02,2560.5755814532845,2577.7031773158483,2517.756591796875,2517.756591796875,10881400,0.0,0.0
2015-01-02,2500.629150390625,2534.8843442315924,2500.629150390625,2500.629150390625,16379200,0.0,0.0
2015-01-02,2526.3204674834683,2526.3204674834683,2466.3738801194536,2509.19287109375,9186000,0.0,0.0
2015-01-02,2509.1929265802555,2509.1929265802555,2449.246337890625,2449.246337890625,13955300,0.0,0.0
2015-01-02,2449.2461461828857,2569.139314177852,2449.2461461828857,2552.01171875,26488700,0.0,0.0
2015-01-02,2569.1394702808275,2569.1394702808275,2517.756680875211,2534.88427734375,11473700,0.0,0.0
2015-01-02,2534.884187659439,2543.4479855907207,2509.192793865593,2517.756591796875,8565200,0.0,0.0
2015-01-02,2500.629008180766,2569.1393919665406,2500.629008180766,2543.447998046875,13356900,0.0,0.0
2015-01-02,2560.57552948505,2629.0859115448507,2552.011731727575,2577.703125,37675300,0.0,0.0
2015-01-02,2577.7033476231463,2577.7033476231463,2492.0653626522776,2526.320556640625,18250800,0.0,0.0
2015-01-02,2526.320654296875,2603.39484375,2526.320654296875,2569.1396484375,54572300,0.0,0.0
2015-01-02,2586.2669482899023,2706.160118078176,2577.7031504478828,2629.0859375,44680000,0.0,0.0
2015-01-02,2629.0859375,2671.9049267100977,2603.3945439739414,2629.0859375,33311700,0.0,0.0
2015-01-02,2637.649609375,2714.7237862723214,2603.3944196428574,2697.59619140625,41740000,0.0,0.0
2015-01-02,2697.596758216809,2723.288155914112,2654.7777620546376,2689.032958984375,15129800,0.0,0.0
2015-01-02,2697.5964238093447,2723.287818321815,2646.213634784405,2671.905029296875,16071200,0.0,0.0
2015-01-02,2671.905029296875,2697.5964238093447,2620.522240271935,2671.905029296875,17040200,0.0,0.0
2015-01-02,2671.905029296875,2671.905029296875,2654.777432955228,2671.905029296875,9262900,0.0,0.0
2015-01-02,2671.9051070136657,2697.596502273412,2620.522316494172,2663.34130859375,7168600,0.0,0.0
2015-01-02,2663.3412311260518,2680.4688274676982,2646.213634784405,2671.905029296875,18387300,0.0,0.0
2015-01-02,2671.905128647476,2748.979315050769,2671.905128647476,2714.72412109375,19935500,0.0,0.0
2015-01-02,2723.2877644984324,2740.415360501567,2680.4687744905955,2731.8515625,11155800,0.0,0.0
2015-01-02,2740.4153354632585,2740.4153354632585,2680.46875,2680.46875,8638400,0.0,0.0
2015-01-02,2697.5965241152403,2731.8517180722592,2689.0327256259857,2714.72412109375,8021900,0.0,0.0
2015-01-02,2714.723902652138,2774.670487253289,2706.1601048519738,2766.106689453125,17248100,0.0,0.0
2015-01-02,2766.106585040782,2766.106585040782,2663.3410153179047,2723.28759765625,8881600,0.0,0.0
2015-01-02,2723.2879195830046,2740.415516561514,2689.0327256259857,2714.72412109375,9417700,0.0,0.0
2015-01-02,2714.724356681678,2714.724356681678,2680.4691597519404,2689.032958984375,2688400,0.0,0.0
2015-01-02,2689.0326137110637,2697.596411843902,2637.6498249140373,2646.213623046875,4728500,0.0,0.0
2015-01-02,2646.2134557946933,2663.3410509778305,2629.085860611556,2637.649658203125,4162400,0.0,0.0
2015-01-02,2646.213623046875,2654.7774211797127,2586.2670361170103,2646.213623046875,6706700,0.0,0.0
2015-01-02,2646.213533184039,2654.7773310260586,2620.5221396579805,2629.0859375,4260700,0.0,0.0
2015-01-02,2637.6497603833864,2706.160143769968,2629.085962460064,2680.46875,9613900,0.0,0.0
2015-01-02,2680.468927136731,2714.72412109375,2654.7775316689667,2714.72412109375,12685800,0.0,0.0
2015-01-02,2723.287752175633,2731.8515501384495,2680.468762361551,2706.16015625,2956000,0.0,0.0
2015-01-02,2706.1605574492437,2723.288155914112,2680.4691597519404,2689.032958984375,5378900,0.0,0.0
2015-01-02,2671.9050174453882,2680.468815578226,2509.1928529214706,2646.213623046875,14991300,0.0,0.0
2015-01-02,2646.2135737255367,2646.2135737255367,2534.884200073653,2543.447998046875,17719500,0.0,0.0
2015-01-02,2543.4480982900454,2603.394686465232,2534.8842999793046,2586.26708984375,10497500,0.0,0.0
2015-01-02,2586.26724609375,2646.213837890625,2569.1396484375,2569.1396484375,8623900,0.0,0.0
2015-01-02,2552.011862068046,2620.5222476269196,2500.6290728988906,2509.19287109375,11313900,0.0,0.0
2015-01-02,2560.5757506289724,2569.139549126059,2517.7567581435383,2526.320556640625,4834600,0.0,0.0
2015-01-02,2526.320501668564,2620.5222830867137,2526.320501668564,2586.26708984375,5549100,0.0,0.0
2015-01-02,2620.5222286483618,2697.596411843902,2586.2670361170103,2646.213623046875,8096800,0.0,0.0
2015-01-02,2646.2136894851433,2680.468882876537,2603.3946977459013,2611.95849609375,4413700,0.0,0.0
2015-01-02,2611.958722270851,2680.469114986152,2526.320731376725,2560.575927734375,6792900,0.0,0.0
2015-01-02,2552.011907658811,2611.95849609375,2552.011907658811,2611.95849609375,2529100,0.0,0.0
2015-01-02,2611.9584187027676,2654.7774091733045,2603.39462060866,2620.522216796875,4194100,0.0,0.0
2015-01-02,2620.522294441598,2637.649891137295,2603.3946977459013,2611.95849609375,3348400,0.0,0.0
2015-01-02,2611.958722270851,2620.5225213602635,2543.44832955555,2560.575927734375,5831400,0.0,0.0
2015-01-02,2560.5755814532845,2594.830773178412,2517.756591796875,2517.756591796875,12342400,0.0,0.0
2015-01-02,2517.7564919211645,2654.777253386262,2517.7564919211645,2637.649658203125,12754900,0.0,0.0
2015-01-02,2654.7773684731014,2723.287752175633,2629.085974584652,2706.16015625,15885900,0.0,0.0
2015-01-02,2740.415321048632,2826.053299831402,2740.415321048632,2817.489501953125,51019400,0.0,0.0
2015-01-02,2817.4895144543016,2885.999897784497,2817.4895144543016,2843.180908203125,20971300,0.0,0.0
2015-01-02,2843.1809856495465,2868.872380098187,2774.670600453172,2834.6171875,16930200,0.0,0.0
2015-01-02,2834.6170068210054,2860.3083996320715,2748.9790307841167,2800.36181640625,5710100,0.0,0.0
2015-01-02,2800.361946512539,2826.0533405172414,2723.2877644984324,2731.8515625,8016600,0.0,0.0
2015-01-02,2731.851695953075,2800.3620833123996,2663.34130859375,2663.34130859375,9868800,0.0,0.0
2015-01-02,2654.7773310260586,2697.5963202361563,2620.5221396579805,2629.0859375,13228900,0.0,0.0
2015-01-02,2646.213533184039,2654.7773310260586,2611.958341815961,2629.0859375,11534500,0.0,0.0
2015-01-02,2629.0860267811995,2689.0326137110637,2611.958430515524,2646.213623046875,12514900,0.0,0.0
2015-01-02,2646.2134557946933,2663.3410509778305,2611.958265428419,2637.649658203125,5340100,0.0,0.0
2015-01-02,2629.0858981753354,2629.0858981753354,2534.884123322148,2552.01171875,14164900,0.0,0.0
2015-01-02,2552.01171875,2594.830707319631,2543.4479210360737,2552.01171875,6084200,0.0,0.0
2015-01-02,2560.5755164639263,2577.7031118917785,2526.3203256082215,2552.01171875,9880500,0.0,0.0
2015-01-02,2534.8843442315924,2543.448142691834,2492.065351930383,2500.629150390625,11488200,0.0,0.0
2015-01-02,2500.6291611493643,2552.0119521318857,2500.6291611493643,2526.320556640625,8214100,0.0,0.0
2015-01-02,2526.320364210341,2552.011757744683,2466.373779296875,2466.373779296875,22300400,0.0,0.0
2015-01-02,2474.937733043324,2526.3205233487215,2432.118741122159,2449.246337890625,25197800,0.0,0.0
2015-01-02,2457.8099814520942,2500.6289706759985,2449.2461836073135,2466.373779296875,29196400,0.0,0.0
2015-01-02,2474.937698309172,2500.6290931013086,2363.6083208765795,2372.172119140625,36924000,0.0,0.0
2015-01-02,2380.7359508167615,2483.501531427557,2380.7359508167615,2449.246337890625,39163600,0.0,0.0
2015-01-02,2483.5013749864365,2509.1927685207793,2449.2461836073135,2466.373779296875,22596900,0.0,0.0
2015-01-02,2457.810101781081,2474.937698309172,2372.172119140625,2372.172119140625,26674200,0.0,0.0
2015-01-02,2372.1721075573105,2414.9910986684536,2320.789318223939,2346.480712890625,14606900,0.0,0.0
2015-01-02,2346.4805038914537,2346.4805038914537,2226.5873394590435,2260.842529296875,41669900,0.0,0.0
2015-01-02,2260.842671633687,2337.916853621199,2166.64089364895,2218.023681640625,36394400,0.0,0.0
2015-01-02,2218.0236302425988,2286.534012643914,2183.768439041941,2277.97021484375,25089400,0.0,0.0
2015-01-02,2312.225742624767,2312.225742624767,2235.1515512039414,2295.09814453125,18200200,0.0,0.0
2015-01-02,2295.0977857582884,2397.8633582549282,2277.970190342182,2389.299560546875,27237700,0.0,0.0
2015-01-02,2389.2997040017676,2397.8635022239964,2329.353116446168,2346.480712890625,13297000,0.0,0.0
2015-01-02,2337.916706431996,2337.916706431996,2252.278731837417,2260.842529296875,23263000,0.0,0.0
2015-01-02,2286.5341905381943,2329.3531828703703,2286.5341905381943,2312.2255859375,18929100,0.0,0.0
2015-01-02,2320.78911151308,2346.4805038914537,2252.278731837417,2260.842529296875,22038500,0.0,0.0
2015-01-02,2260.8426960495285,2312.2254845961083,2260.8426960495285,2269.406494140625,13142300,0.0,0.0
2015-01-02,2277.9702275499535,2329.3530146375465,2277.9702275499535,2303.66162109375,15822900,0.0,0.0
2015-01-02,2312.225431554458,2337.916825238396,2303.6616336598117,2329.35302734375,9367800,0.0,0.0
2015-01-02,2329.3531828703703,2346.4807798032407,2286.5341905381943,2312.2255859375,18760400,0.0,0.0
2015-01-02,2329.3529636548915,2372.171951957371,2295.0977730129075,2363.608154296875,19910800,0.0,0.0
2015-01-02,2372.171951957371,2380.735749617867,2312.2253683338995,2363.608154296875,28565500,0.0,0.0
2015-01-02,2372.1719651307685,2432.1185490871417,2372.1719651307685,2389.299560546875,28344700,0.0,0.0
2015-01-02,2389.2995472783628,2397.863344938859,2355.0443566363792,2363.608154296875,14517600,0.0,0.0
2015-01-02,2363.6082975380536,2380.7358938970247,2312.2255084611393,2320.789306640625,11013600,0.0,0.0
2015-01-02,2320.7892826872053,2320.7892826872053,2260.8426960495285,2269.406494140625,22069300,0.0,0.0
2015-01-02,2260.8425152658046,2269.4063126721144,2218.023528234255,2235.151123046875,19629400,0.0,0.0
2015-01-02,2235.1515512039414,2303.6619435780085,2235.1515512039414,2295.09814453125,16122000,0.0,0.0
2015-01-02,2295.0979890046297,2329.3531828703703,2295.0979890046297,2312.2255859375,16777500,0.0,0.0
2015-01-02,2303.6617874710646,2363.608376736111,2295.0979890046297,2312.2255859375,16466700,0.0,0.0
2015-01-02,2320.789203844572,2337.9167994449012,2277.97021484375,2277.97021484375,15861600,0.0,0.0
2015-01-02,2286.5340253978857,2329.3530146375465,2277.9702275499535,2303.66162109375,15891300,0.0,0.0
2015-01-02,2303.6614876680596,2303.6614876680596,2183.7683247410973,2209.459716796875,32565300,0.0,0.0
2015-01-02,2209.460038834509,2235.15143463491,2183.7686430341078,2200.896240234375,14278200,0.0,0.0
2015-01-02,2218.0236547133504,2380.735814711627,2209.4598568187043,2329.35302734375,49700000,0.0,0.0
2015-01-02,2355.044499358568,2363.6082975380536,2303.6617102816535,2320.789306640625,21968200,0.0,0.0
2015-01-02,2337.9168352399556,2526.320389728157,2329.3530373086737,2517.756591796875,73450800,0.0,0.0
2015-01-02,2517.7567581435383,2526.320556640625,2457.81016866393,2526.320556640625,24148700,0.0,0.0
2015-01-02,2543.4478506412147,2808.9255724253144,2534.884053164308,2723.28759765625,95096000,0.0,0.0
2015-01-02,2723.287624782986,2826.0531955295137,2671.904839409722,2774.67041015625,50212200,0.0,0.0
2015-01-02,2766.1067419897154,2766.1067419897154,2680.468762361551,2706.16015625,33912400,0.0,0.0
2015-01-02,2757.542916805186,2817.489501953125,2706.160129535524,2817.489501953125,40134600,0.0,0.0
2015-01-02,2826.053512573242,2894.563900756836,2740.41552734375,2740.41552734375,42770200,0.0,0.0
2015-01-02,2706.160002702437,2757.5427875638757,2680.468610271718,2723.28759765625,23364600,0.0,0.0
2015-01-02,2757.542956504702,2783.234350509404,2714.723966496865,2731.8515625,21720800,0.0,0.0
2015-01-02,2697.596307051809,2697.596307051809,2560.5755422491775,2603.39453125,25744500,0.0,0.0
2015-01-02,2603.394923181438,2671.9053158967395,2552.0121286449626,2560.575927734375,57369100,0.0,0.0
2015-01-02,2596.296628409804,2613.7214379964466,2561.4470092365177,2605.009033203125,20468200,51.0,0.0
2015-01-02,2605.00882406474,2605.00882406474,2430.7607421875,2430.7607421875,21577500,0.0,0.0
2015-01-02,2465.610348135965,2491.7475603070175,2387.198711622807,2483.03515625,29174700,0.0,0.0
2015-01-02,2483.035166750672,2500.459974938396,2395.911125812052,2430.7607421875,16414900,0.0,0.0
2015-01-02,2456.8979690382844,2456.8979690382844,2317.4995027098707,2361.0615234375,21749900,0.0,0.0
2015-01-02,2326.2119158981436,2352.349128436325,2282.6498950011746,2317.49951171875,17144000,0.0,0.0
2015-01-02,2317.499747691101,2352.349367957133,2300.074937558086,2343.636962890625,15492000,0.0,0.0
2015-01-02,2352.3491398737983,2361.061544095553,2247.8002892127406,2265.22509765625,23738300,0.0,0.0
2015-01-02,2326.211927208534,2326.211927208534,2247.8002892127406,2265.22509765625,13737100,0.0,0.0
2015-01-02,2265.2253503465467,2291.3625659274685,2239.088134765625,2239.088134765625,11908400,0.0,0.0
2015-01-02,2273.9374890273875,2352.3491265800562,2256.51268068235,2326.2119140625,27422300,0.0,0.0
2015-01-02,2352.349367957133,2352.349367957133,2291.362532491578,2343.636962890625,13122600,0.0,0.0
2015-01-02,2343.6367279977508,2361.0615363843513,2300.07470703125,2300.07470703125,27409400,0.0,0.0
2015-01-02,2300.0749402402053,2361.0617757768773,2247.8005097802006,2334.924560546875,42788300,0.0,0.0
2015-01-02,2343.6367279977508,2387.198748964252,2291.3623028379498,2300.07470703125,23988000,0.0,0.0
2015-01-02,2291.3625659274685,2291.3625659274685,2221.663324378344,2239.088134765625,38358200,0.0,0.0
2015-01-02,2247.8005342814913,2282.650154968026,2230.375723938224,2256.512939453125,23493100,0.0,0.0
2015-01-02,2265.225084854869,2334.9243182350187,2239.0878723373125,2326.2119140625,38782400,0.0,0.0
2015-01-02,2326.211927208534,2326.211927208534,2265.22509765625,2265.22509765625,26752200,0.0,0.0
2015-01-02,2230.375732421875,2265.225353240967,2221.663327217102,2230.375732421875,27034000,0.0,0.0
2015-01-02,2178.1010924533193,2178.1010924533193,2082.2646443853732,2099.689453125,40408400,0.0,0.0
2015-01-02,2099.6894471215423,2151.963873190958,2082.264638431737,2125.82666015625,23564400,0.0,0.0
2015-01-02,2125.82666623444,2143.2514749740662,2038.702622536307,2099.689453125,33293500,0.0,0.0
2015-01-02,2151.963885651917,2151.963885651917,2073.55224609375,2073.55224609375,20872600,0.0,0.0
2015-01-02,2047.415289490008,2064.840100464391,1960.2912346180929,2029.990478515625,47456300,0.0,0.0
2015-01-02,2029.9901138831829,2029.9901138831829,1942.8660746607286,2021.2777099609375,31233700,0.0,0.0
2015-01-02,2029.990201171875,2195.5258828125,2029.990201171875,2178.10107421875,52556300,0.0,0.0
2015-01-02,2178.101078156502,2186.813482469128,2117.11424796812,2160.67626953125,25184700,0.0,0.0
2015-01-02,2178.101043129682,2326.2119140625,2178.101043129682,2326.2119140625,63068800,0.0,0.0
2015-01-02,2334.9243256891637,2369.7739424904944,2273.9374962868346,2291.3623046875,28862400,0.0,0.0
2015-01-02,2291.362535163538,2334.924560546875,2247.8005097802006,2334.924560546875,19883200,0.0,0.0
2015-01-02,2343.636729889496,2352.349134089829,2273.9374962868346,2291.3623046875,7069900,0.0,0.0
2015-01-02,2273.9377613740808,2282.6501665900737,2204.2385196461396,2221.663330078125,13093700,0.0,0.0
2015-01-02,2221.663076547476,2308.787118765024,2186.813459660457,2265.22509765625,11701200,0.0,0.0
2015-01-02,2265.225353240967,2273.9377584457397,2212.950922012329,2230.375732421875,5317700,0.0,0.0
2015-01-02,2239.088186645508,2265.2254028320312,2090.977294921875,2090.977294921875,17278200,0.0,0.0
2015-01-02,2090.9770548844535,2108.4018636751575,2047.4150329076942,2073.55224609375,18523700,0.0,0.0
2015-01-02,2056.1275961739675,2056.1275961739675,1951.5787353515623,1951.5787353515625,31908700,0.0,0.0
2015-01-02,1951.5784879701328,1995.1405077908946,1925.4412760776756,1969.0032958984375,21830400,0.0,0.0
2015-01-02,1995.140501337466,2038.7025210173235,1977.7156934655231,2003.8529052734375,29937200,0.0,0.0
2015-01-02,2012.5654427083332,2012.5654427083332,1942.8662065972221,1960.291015625,9276700,0.0,0.0
2015-01-02,1969.0032895295517,2021.2777131453806,1960.2908855935802,2003.8529052734375,16428700,0.0,0.0
2015-01-02,2003.8529052734375,2064.8397328252377,1969.0032895295517,2003.8529052734375,30265600,0.0,0.0
2015-01-02,2003.8531547680236,2056.127584892407,1969.0035346851014,1986.4283447265625,12930000,0.0,0.0
2015-01-02,1986.4280942719556,2056.127325649919,1969.003286427465,2021.2777099609375,17830600,0.0,0.0
2015-01-02,2038.70263671875,2056.1274455795938,1995.14061456664,2038.70263671875,14579700,0.0,0.0
2015-01-02,2082.264626953125,2178.10107421875,2047.4150097656252,2178.10107421875,37510200,0.0,0.0
2015-01-02,2195.526120151927,2265.2253620615115,2134.53928348104,2204.238525390625,30210700,0.0,0.0
2015-01-02,2178.1010821582827,2195.525890815549,2125.826656186484,2143.25146484375,11081000,0.0,0.0
2015-01-02,2143.25146484375,2160.676273501016,2125.826656186484,2143.25146484375,8307200,0.0,0.0
2015-01-02,2143.251466836735,2151.963871173469,2117.114253826531,2134.5390625,17109500,0.0,0.0
2015-01-02,2090.9770548844535,2108.4018636751575,2064.8398416983982,2073.55224609375,14518000,0.0,0.0
2015-01-02,2073.5522481540083,2090.9770569620255,2056.1274393459917,2064.83984375,11660800,0.0,0.0
2015-01-02,2108.4018636751575,2117.1142680705093,2047.4150329076942,2073.55224609375,32689100,0.0,0.0
2015-01-02,2073.5522481540083,2090.9770569620255,2029.9902261339664,2064.83984375,58053600,0.0,0.0
2015-01-02,2064.839835645747,2125.82666623444,2064.839835645747,2099.689453125,35009600,0.0,0.0
2015-01-02,2117.1145111083983,2117.1145111083983,2047.415267944336,2090.977294921875,26158200,0.0,0.0
2015-01-02,2090.976789607558,2282.649661988251,2073.551983027495,2247.800048828125,88429400,0.0,0.0
2015-01-02,2265.2253446247587,2291.3625601396598,2212.9509135949565,2256.512939453125,32466400,0.0,0.0
2015-01-02,2273.9375018780047,2291.3623103215145,2230.3754807692308,2265.22509765625,17187800,0.0,0.0
2015-01-02,2265.2250939289124,2291.362306551169,2239.0878813066556,2282.64990234375,22856700,0.0,0.0
2015-01-02,2282.6499042145592,2334.924329501916,2265.2250957854408,2273.9375,30914100,0.0,0.0
2015-01-02,2247.8004994111902,2378.486574958353,2195.5260691923254,2369.774169921875,50292300,0.0,0.0
2015-01-02,2395.911376953125,2404.6237819602275,2343.6369469105116,2395.911376953125,36698700,0.0,0.0
2015-01-02,2387.1987251805053,2422.048341606498,2378.4863210740073,2413.3359375,19249000,0.0,0.0
2015-01-02,2413.335944654304,2413.335944654304,2343.636711595696,2378.486328125,9640700,0.0,0.0
2015-01-02,2378.4863447709517,2395.9111531575522,2265.2250902580495,2300.07470703125,21999600,0.0,0.0
2015-01-02,2291.3623103215145,2291.3623103215145,2247.8002892127406,2265.22509765625,9904800,0.0,0.0
2015-01-02,2265.22509765625,2317.499522986779,2239.0878849909855,2265.22509765625,12535600,0.0,0.0
2015-01-02,2265.2253620615115,2273.93776730021,2186.8137149132285,2204.238525390625,14000100,0.0,0.0
2015-01-02,2212.9506615660243,2334.9243200775377,2212.9506615660243,2317.49951171875,39933600,0.0,0.0
2015-01-02,2352.3491265800562,2352.3491265800562,2273.9374890273875,2326.2119140625,23467000,0.0,0.0
2015-01-02,2334.924560546875,2361.0617757768773,2308.7873453168727,2334.924560546875,15040200,0.0,0.0
2015-01-02,2334.924312789352,2352.34912109375,2317.4995044849534,2352.34912109375,12082800,0.0,0.0
2015-01-02,2308.7871112245502,2326.2119196111507,2239.0878776781487,2300.07470703125,13251100,0.0,0.0
2015-01-02,2343.636711595696,2395.911136389652,2326.2119033310437,2378.486328125,17098700,0.0,0.0
2015-01-02,2378.486346690827,2378.486346690827,2282.649900487167,2291.3623046875,19630000,0.0,0.0
2015-01-02,2300.0749402402053,2343.6369656235424,2300.0749402402053,2334.924560546875,11250000,0.0,0.0
2015-01-02,2334.9243256891637,2334.9243256891637,2291.3623046875,2291.3623046875,21418900,0.0,0.0
2015-01-02,2291.3623028379498,2334.924323804451,2273.9374944513493,2300.07470703125,16940500,0.0,0.0
2015-01-02,2300.074710758588,2343.6367317956824,2273.937498136331,2282.64990234375,22382200,0.0,0.0
2015-01-02,2273.937498136331,2317.4995191734256,2265.2250939289124,2282.64990234375,22786300,0.0,0.0
2015-01-02,2300.0746961805553,2369.773929398148,2282.649887876157,2352.34912109375,28372200,0.0,0.0
2015-01-02,2352.3491265800562,2361.061530752575,2300.0747015449438,2326.2119140625,18614800,0.0,0.0
2015-01-02,2326.2119196111507,2334.924323804451,2291.3623028379498,2300.07470703125,16463100,0.0,0.0
2015-01-02,2308.787353515625,2343.6369739460497,2291.3625433004127,2308.787353515625,16819600,0.0,0.0
2015-01-02,2282.650154968026,2300.0749653112935,2256.512939453125,2256.512939453125,19206100,0.0,0.0
2015-01-02,2265.224855408188,2317.499275148377,2247.800048828125,2247.800048828125,24934100,0.0,0.0
2015-01-02,2247.8003085937503,2247.8003085937503,2151.963861328125,2178.10107421875,31295200,0.0,0.0
2015-01-02,2204.2385196461396,2239.0881405101104,2195.526114430147,2221.663330078125,22894600,0.0,0.0
2015-01-02,2239.0881405101104,2239.0881405101104,2212.950924862132,2221.663330078125,12464600,0.0,0.0
2015-01-02,2221.663338797433,2221.663338797433,2160.6765020461307,2195.526123046875,12837600,0.0,0.0
2015-01-02,2186.813709214154,2221.663330078125,2178.1013039981617,2221.663330078125,10729100,0.0,0.0
2015-01-02,2221.6630957031252,2221.6630957031252,2160.6762656250003,2178.10107421875,12470300,0.0,0.0
2015-01-02,2169.388677829649,2204.238295144182,2090.977038871951,2143.25146484375,28413300,0.0,0.0
2015-01-02,2151.964093958436,2230.375741106719,2151.964093958436,2204.238525390625,16469200,0.0,0.0
2015-01-02,2212.95069140625,2221.6630957031252,2169.388669921875,2178.10107421875,8953900,0.0,0.0
2015-01-02,2195.525892857143,2212.950701530612,2134.5390625,2134.5390625,12664700,0.0,0.0
2015-01-02,2134.539060515117,2169.388677829649,2099.6894432005843,2143.25146484375,12160200,0.0,0.0
2015-01-02,2125.826658163265,2169.388679846939,2117.114253826531,2134.5390625,2761100,0.0,0.0
2015-01-02,2160.6762656250003,2195.5258828125,2143.25145703125,2178.10107421875,6192400,0.0,0.0
2015-01-02,2221.663087859867,2230.3754921259842,2186.8134707953986,2212.95068359375,9602600,0.0,0.0
2015-01-02,2212.950924862132,2230.3757352941175,2204.2385196461396,2221.663330078125,5034500,0.0,0.0
2015-01-02,2221.663338797433,2221.663338797433,2169.388907296317,2195.526123046875,5445600,0.0,0.0
2015-01-02,2178.10107421875,2204.238287109375,2151.963861328125,2178.10107421875,5459800,0.0,0.0
2015-01-02,2204.2382851406874,2204.2382851406874,2143.251455117032,2186.8134765625,4056500,0.0,0.0
2015-01-02,2178.1010841836733,2178.1010841836733,2108.401849489796,2134.5390625,11140800,0.0,0.0
2015-01-02,2134.5393007100834,2160.6765166371456,2125.8268954010628,2151.964111328125,5175800,0.0,0.0
2015-01-02,2178.1010988379726,2178.1010988379726,2056.127437303046,2073.55224609375,12226000,0.0,0.0
2015-01-02,2047.415267944336,2090.977294921875,2012.5656463623047,2090.977294921875,4916100,0.0,0.0
2015-01-02,2108.401843655494,2169.388673843876,2082.264630717616,2160.67626953125,9206800,0.0,0.0
2015-01-02,2178.101321300828,2204.2385371564383,2134.5392948748117,2169.388916015625,7218800,0.0,0.0
2015-01-02,2169.3888959884644,2247.800542831421,2169.3888959884644,2230.375732421875,12214500,0.0,0.0
2015-01-02,2186.813732564208,2212.95094849127,2151.964111328125,2151.964111328125,11031300,0.0,0.0
2015-01-02,2143.251727294922,2160.6765380859374,2082.2648895263674,2090.977294921875,18789600,0.0,0.0
2015-01-02,2108.4021057128907,2125.8269165039064,2090.977294921875,2090.977294921875,11384000,0.0,0.0
2015-01-02,2090.977046745868,2125.8266641916325,2082.2646423844267,2108.40185546875,7115200,0.0,0.0
2015-01-02,2108.40185546875,2125.8266641916325,2090.977046745868,2108.40185546875,8364700,0.0,0.0
2015-01-02,2117.114253826531,2151.963871173469,2117.114253826531,2134.5390625,7293600,0.0,0.0
2015-01-02,2160.6765020461307,2204.238528297061,2134.5392862955728,2195.526123046875,17517800,0.0,0.0
2015-01-02,2195.526137873229,2204.2385431822495,2134.5393007100834,2151.964111328125,10588200,0.0,0.0
2015-01-02,2169.3886839313273,2169.3886839313273,2099.6894491062244,2117.1142578125,15276800,0.0,0.0
2015-01-02,2090.9770447530864,2117.1142578125,2082.264640399949,2117.1142578125,16686100,0.0,0.0
2015-01-02,2125.826662165638,2134.5390665187756,2082.264640399949,2117.1142578125,19945700,0.0,0.0
2015-01-02,2134.539060515117,2160.676273501016,2117.1142518578504,2143.25146484375,8277100,0.0,0.0
2015-01-02,2160.6762775358607,2160.6762775358607,2108.401851466445,2125.82666015625,4257500,0.0,0.0
2015-01-02,2125.82666015625,2143.2514688460556,2117.1142558113474,2125.82666015625,6960600,0.0,0.0
2015-01-02,2099.689700317383,2125.8269165039064,2082.2648895263674,2090.977294921875,13292200,0.0,0.0
2015-01-02,2108.4021057128907,2117.1145111083983,2047.415267944336,2090.977294921875,23069900,0.0,0.0
2015-01-02,2090.977294921875,2108.4021057128907,2073.5524841308593,2090.977294921875,4714800,0.0,0.0
2015-01-02,2090.977052824268,2090.977052824268,2064.8398396639645,2082.2646484375,4742700,0.0,0.0
2015-01-02,2082.2645474324186,2082.2645474324186,1960.2908919342851,1969.0032958984375,23812300,0.0,0.0
2015-01-02,1969.0032895295517,2021.2777131453806,1960.2908855935802,2003.8529052734375,22945900,0.0,0.0
2015-01-02,2012.565433951965,2021.2778384279475,1986.4282205240174,1995.140625,6242100,0.0,0.0
2015-01-02,2003.8530337968064,2003.8530337968064,1969.0034158177314,1977.7158203125,4327800,0.0,0.0
2015-01-02,1977.715939705832,2021.2779648094845,1969.0035346851014,1986.4283447265625,7665200,0.0,0.0
2015-01-02,1995.140749747293,2003.8531547680236,1977.715939705832,1986.4283447265625,2941600,0.0,0.0
2015-01-02,1986.4282248072689,1995.1406293020375,1969.0034158177314,1977.7158203125,9087600,0.0,0.0
2015-01-02,1969.0035538479212,1986.428364058965,1925.4415283203123,1925.4415283203125,21914900,0.0,0.0
2015-01-02,1934.153933425834,1960.2911487423994,1916.7291232147907,1925.4415283203125,10058200,0.0,0.0
2015-01-02,1916.72900390625,1934.1538130326705,1881.8793856534091,1916.72900390625,12380200,0.0,0.0
2015-01-02,1916.729010656682,1951.578629032258,1890.5917968749998,1890.591796875,12061000,0.0,0.0
2015-01-02,1890.5917795138887,1969.0034201388887,1890.5917795138887,1960.291015625,19018000,0.0,0.0
2015-01-02,1969.0032895295517,2003.8529052734375,1934.153673785666,2003.8529052734375,22752600,0.0,0.0
2015-01-02,2003.8529052734375,2038.7025210173235,1977.7156934655231,2003.8529052734375,27456300,0.0,0.0
2015-01-02,2003.8530294759826,2012.565433951965,1969.0034115720523,1995.140625,20697100,0.0,0.0
2015-01-02,1977.7157064901814,1995.1405144768792,1934.1536865234375,1934.1536865234375,16954800,0.0,0.0
2015-01-02,1934.15381984447,1934.15381984447,1855.7421784994237,1890.591796875,26063000,0.0,0.0
2015-01-02,1890.5916924960372,1899.304096608922,1803.4676513671875,1803.4676513671875,32015900,0.0,0.0
2015-01-02,1803.4676513671875,1847.0296719316123,1777.3304390285327,1803.4676513671875,27706600,0.0,0.0
2015-01-02,1803.4677855236696,1829.6049998066212,1751.1933569577661,1759.90576171875,31302700,0.0,0.0
2015-01-02,1777.3305570162258,1820.8925804725059,1768.61815232497,1812.18017578125,19776200,0.0,0.0
2015-01-02,1812.180059070122,1812.180059070122,1777.3304425495428,1786.0428466796875,10583600,0.0,0.0
2015-01-02,1768.6180456360773,1794.7552581331622,1751.1932373046875,1751.1932373046875,19216200,0.0,0.0
2015-01-02,1759.9056342892532,1803.4676549399771,1759.9056342892532,1786.0428466796875,14663400,0.0,0.0
2015-01-02,1786.0430762881324,1847.0299130394344,1786.0430762881324,1829.6051025390625,16152400,0.0,0.0
2015-01-02,1829.6048637058425,1829.6048637058425,1794.7552472543025,1803.4676513671875,11443400,0.0,0.0
2015-01-02,1820.8926972888764,1847.0299130394344,1803.4678867885043,1829.6051025390625,42673100,0.0,0.0
2015-01-02,1820.8925804725059,1829.604985163762,1803.467771089994,1812.18017578125,18530800,0.0,0.0
2015-01-02,1812.18017578125,1820.8925804725059,1786.042961707482,1812.18017578125,7811300,0.0,0.0
2015-01-02,1812.180164319249,1916.7290199530516,1803.4677596830986,1855.7421875,32160300,0.0,0.0
2015-01-02,1855.7421829578489,1890.5918014171511,1838.3173737281977,1873.1669921875,14405100,0.0,0.0
2015-01-02,1873.1671171099226,1908.0167378933631,1838.3174963264823,1864.4547119140625,14047000,0.0,0.0
2015-01-02,1873.1671171099226,1899.304332697503,1864.4547119140625,1864.4547119140625,11469100,0.0,0.0
2015-01-02,1855.7421784994237,1890.5917968749998,1847.0297739055297,1890.591796875,6972100,0.0,0.0
2015-01-02,1890.59187219498,2073.5523759557846,1890.59187219498,2047.4151611328125,46974300,0.0,0.0
2015-01-02,2038.70263671875,2056.1274455795938,2012.565423427484,2038.70263671875,14346400,0.0,0.0
2015-01-02,2038.7026473799126,2047.4150518558952,1916.7289847161571,1995.140625,23833000,0.0,0.0
2015-01-02,1977.7156998625899,1986.4281038267422,1934.153680041828,1969.0032958984375,14351800,0.0,0.0
2015-01-02,1969.0034115720523,2021.2778384279475,1969.0034115720523,1995.140625,10488600,0.0,0.0
2015-01-02,1995.140501337466,2029.990117081352,1986.4280974014946,2003.8529052734375,8435100,0.0,0.0
2015-01-02,1995.1404981942012,2038.7025178054282,1986.4280942719556,2021.2777099609375,10083900,0.0,0.0
2015-01-02,2021.2778384279475,2029.99024290393,1969.0034115720523,1995.140625,10153300,0.0,0.0
2015-01-02,2003.8530337968064,2003.8530337968064,1960.2910113229627,1977.7158203125,5970600,0.0,0.0
2015-01-02,1977.7158160480349,2047.4150518558952,1977.7158160480349,1995.140625,16139700,0.0,0.0
2015-01-02,2012.565309209409,2038.7025210173235,1995.140501337466,2003.8529052734375,12973000,0.0,0.0
2015-01-02,2012.5655413688496,2090.977185837766,2012.5655413688496,2047.4151611328125,18923000,0.0,0.0
2015-01-02,2064.839835645747,2125.82666623444,2047.4150269061204,2099.689453125,31522500,0.0,0.0
2015-01-02,2099.6897127830375,2108.40211823027,2047.4152800996424,2056.127685546875,13269100,0.0,0.0
2015-01-02,2056.127685546875,2073.55249644134,2021.278063757945,2056.127685546875,8925500,0.0,0.0
2015-01-02,2056.1276949771996,2064.840100464391,2021.2780730284335,2029.990478515625,10480300,0.0,0.0
2015-01-02,2021.2777131453806,2047.414924953295,1977.7156934655231,2003.8529052734375,18032000,0.0,0.0
2015-01-02,2012.565433951965,2038.7026473799126,1995.140625,1995.140625,10512200,0.0,0.0
2015-01-02,1995.1407606942312,1995.1407606942312,1942.8663302830287,1951.5787353515625,13090300,0.0,0.0
2015-01-02,1951.5784816576088,2029.990117081352,1951.5784816576088,2003.8529052734375,16644400,0.0,0.0
2015-01-02,2003.8531547680236,2029.990369830215,1977.715939705832,1986.4283447265625,8365700,0.0,0.0
2015-01-02,1986.428108796945,2003.852916768848,1934.153684881236,1942.8660888671875,20424400,0.0,0.0
2015-01-02,1951.5787353515623,1977.7159505571638,1942.8663302830287,1951.5787353515625,8345500,0.0,0.0
2015-01-02,1942.8660777216373,2029.990117081352,1934.153673785666,2003.8529052734375,25165800,0.0,0.0
2015-01-02,2003.8530252299784,2038.702643060065,1986.428216314935,2012.5654296875,12082000,0.0,0.0
2015-01-02,2021.2779648094845,2021.2779648094845,1969.0035346851014,1986.4283447265625,10777900,0.0,0.0
2015-01-02,1986.4283556256973,2003.853165762765,1951.5787353515623,1951.5787353515625,13029600,0.0,0.0
2015-01-02,1951.578611111111,1977.7158246527777,1925.4413975694442,1960.291015625,13840200,0.0,0.0
2015-01-02,1960.2908855935802,2021.2777131453806,1951.5784816576088,2003.8529052734375,14418200,0.0,0.0
2015-01-02,2003.8530337968064,2012.565438291575,1969.0034158177314,1977.7158203125,7385500,0.0,0.0
2015-01-02,1977.7156998625899,1995.1405077908946,1951.5784879701328,1969.0032958984375,6466900,0.0,0.0
2015-01-02,1977.715939705832,2003.8531547680236,1977.715939705832,1986.4283447265625,10073700,0.0,0.0
2015-01-02,1986.4282291666666,2003.8530381944443,1960.2910156249998,1960.291015625,13281300,0.0,0.0
2015-01-02,1977.715805705796,2082.26465887086,1977.715805705796,2038.70263671875,62751200,0.0,0.0
2015-01-02,2038.7027561918217,2073.5523759557846,2029.990351250831,2047.4151611328125,19666000,0.0,0.0
2015-01-02,2047.4151798716762,2047.4151798716762,1986.4283447265625,1986.4283447265625,13594500,0.0,0.0
2015-01-02,1995.1406293020375,2003.8530337968064,1960.2910113229627,1977.7158203125,15443600,0.0,0.0
2015-01-02,1995.140749747293,1995.140749747293,1960.2911296643708,1986.4283447265625,7644100,0.0,0.0
2015-01-02,1977.71584281394,1977.71584281394,1890.5917968749998,1890.591796875,36713500,0.0,0.0
2015-01-02,1890.591688822331,1890.591688822331,1812.180051958732,1820.8924560546875,53205600,0.0,0.0
2015-01-02,1829.6048655093296,1838.3172696308025,1786.0428449019644,1794.7552490234375,29548100,0.0,0.0
2015-01-02,1803.467771089994,1829.604985163762,1794.755366398738,1812.18017578125,17353200,0.0,0.0
2015-01-02,1829.604860150643,1855.7420724385092,1803.4676478627766,1820.8924560546875,17107100,0.0,0.0
2015-01-02,1829.6048655093296,1829.6048655093296,1786.0428449019644,1794.7552490234375,14658900,0.0,0.0
2015-01-02,1803.467771089994,1812.18017578125,1786.042961707482,1812.18017578125,21597200,0.0,0.0
2015-01-02,1812.1800572663835,1812.1800572663835,1777.3304407804915,1794.7552490234375,11512700,0.0,0.0
2015-01-02,1794.7552472543025,1820.8924595929575,1794.7552472543025,1803.4676513671875,7914500,0.0,0.0
2015-01-02,1794.7552472543025,1812.1800554800725,1768.6180349156477,1803.4676513671875,9468400,0.0,0.0
2015-01-02,1803.4676513671875,1829.6048637058425,1768.6180349156477,1803.4676513671875,20014400,0.0,0.0
2015-01-02,1803.4677855236696,1812.1801902846535,1751.1933569577661,1759.90576171875,17463500,0.0,0.0
2015-01-02,1742.4809827302631,1786.0430072985198,1655.35693359375,1655.35693359375,49887700,0.0,0.0
2015-01-02,1655.356941427139,1685.8503587692178,1620.5073216076203,1629.2197265625,23769800,0.0,0.0
2015-01-02,1642.2883138020832,1786.042993790064,1642.2883138020832,1698.9189453125,52254700,0.0,0.0
2015-01-02,1698.9189581620067,1716.3437679893093,1655.35693359375,1655.35693359375,14084200,0.0,0.0
2015-01-02,1664.06918885766,1786.0428466796875,1664.06918885766,1786.0428466796875,19655100,0.0,0.0
2015-01-02,1786.0429809570312,1794.7553857421876,1733.7685522460938,1742.48095703125,13530400,0.0,0.0
2015-01-02,1751.1932409851995,1768.6180493532113,1733.7684326171875,1733.7684326171875,8846300,0.0,0.0
2015-01-02,1751.1932301591082,1803.4676549399771,1738.124623963891,1786.0428466796875,15172800,0.0,0.0
2015-01-02,1786.0429711435356,1794.7553758808212,1751.1933521943934,1777.33056640625,11055300,0.0,0.0
2015-01-02,1786.0429760017016,1812.1801902846535,1742.480952196782,1759.90576171875,16152600,0.0,0.0
2015-01-02,1759.9056470466383,1768.6180512399385,1720.6998281767874,1725.0560302734375,14574000,0.0,0.0
2015-01-02,1733.7684289732974,1759.9056414703823,1733.7684289732974,1751.1932373046875,7457900,0.0,0.0
2015-01-02,1751.193365524638,1751.193365524638,1725.0561511138224,1729.412353515625,13960400,0.0,0.0
2015-01-02,1729.412353515625,1742.4809607210327,1707.631341506612,1729.412353515625,8278600,0.0,0.0
2015-01-02,1729.4123597437022,1751.1933718311543,1707.63134765625,1707.63134765625,10536600,0.0,0.0
2015-01-02,1703.2750400390626,1707.6312421875,1620.50719921875,1633.5758056640625,37120100,0.0,0.0
2015-01-02,1637.9320189088255,1642.2882210867745,1550.8079753498455,1585.6575927734375,67119800,0.0,0.0
2015-01-02,1585.6575897798875,1611.7948027982375,1576.9451854404376,1598.7261962890625,44743900,0.0,0.0
2015-01-02,1603.0824055989583,1603.0824055989583,1559.5203837076824,1568.2327880859375,37007100,0.0,0.0
2015-01-02,1576.9451914441222,1594.3700001893612,1563.876584885193,1572.5889892578125,20828000,0.0,0.0
2015-01-02,1572.5889933610163,1585.6575999540441,1550.8079823726364,1555.1641845703125,24663400,0.0,0.0
2015-01-02,1559.520506452385,1581.3015191123345,1555.164303920395,1563.876708984375,19317400,0.0,0.0
2015-01-02,1568.2327953479107,1572.5889975572104,1524.6707732549132,1537.7393798828125,35643700,0.0,0.0
2015-01-02,1550.8081110174005,1563.8767186945133,1529.0270982222123,1533.38330078125,35508500,0.0,0.0
2015-01-02,1537.7393830217634,1542.0955852399552,1511.6021697126116,1524.6707763671875,31675900,0.0,0.0
2015-01-02,1524.67078060084,1537.7393872917044,1489.8211627585351,1507.2459716796875,18970400,0.0,0.0
2015-01-02,1507.2459535703554,1603.0824014852335,1476.7525383247123,1585.6575927734375,65730000,0.0,0.0
2015-01-02,1590.0137929447362,1611.7948038069928,1568.2327820824796,1594.3699951171875,59075600,0.0,0.0
2015-01-02,1594.3699981437242,1603.0824025051654,1546.4517741557981,1581.3013916015625,26565600,0.0,0.0
2015-01-02,1581.3013926131948,1607.4386057142394,1559.5203816956578,1576.9451904296875,15453500,0.0,0.0
2015-01-02,1585.657576433317,1681.4940233606053,1585.657576433317,1659.7130126953125,74317200,0.0,0.0
2015-01-02,1677.1379458778783,1677.1379458778783,1611.7949090254936,1655.35693359375,39121900,0.0,0.0
2015-01-02,1698.9188223055867,1733.7684391733937,1685.8502159801592,1703.2750244140625,49376300,0.0,0.0
2015-01-02,1703.2751439994831,1720.6999536567669,1685.8503343421994,1711.987548828125,21202800,0.0,0.0
2015-01-02,1711.987555120409,1711.987555120409,1668.4255308170907,1690.20654296875,33842700,0.0,0.0
2015-01-02,1709.7979357049608,1718.7031332867575,1687.5349417504692,1705.3453369140625,8171000,42.0,0.0
2015-01-02,1705.3454318922395,1754.3240213199538,1696.4402338144732,1745.4188232421875,20789100,0.0,0.0
2015-01-02,1736.513517009678,1807.7550971946905,1727.6083194865516,1789.9447021484375,37180000,0.0,0.0
2015-01-02,1789.9447021484375,1807.7550971946905,1754.3239120559313,1789.9447021484375,22524200,0.0,0.0
2015-01-02,1789.9447839481315,1789.9447839481315,1723.1557994724549,1727.6083984375,16178000,0.0,0.0
2015-01-02,1736.5133894501125,1767.6815784915248,1718.7029957121626,1732.060791015625,16879800,0.0,0.0
2015-01-02,1740.9660187932373,1763.2290113609256,1736.5134202796996,1749.8712158203125,11609300,0.0,0.0
2015-01-02,1758.7765911928157,1776.5869870529962,1727.6083984375,1727.6083984375,14067100,0.0,0.0
2015-01-02,1727.6081925811377,1758.77638162255,1727.6081925811377,1732.060791015625,7673400,0.0,0.0
2015-01-02,1736.5135789280614,1798.8499638126586,1736.5135789280614,1754.323974609375,21507800,0.0,0.0
2015-01-02,1763.229042034005,1789.9446335799748,1732.0608518970403,1767.681640625,24005100,0.0,0.0
2015-01-02,1772.134239215995,1776.58683780699,1745.4186476700252,1767.681640625,14185600,0.0,0.0
2015-01-02,1767.6817713703601,1789.9447659720017,1740.9661778483899,1754.323974609375,18194000,0.0,0.0
2015-01-02,1758.7764505525915,1843.3758241234755,1736.513457507622,1825.5654296875,41848200,0.0,0.0
2015-01-02,1825.5655914882445,1896.8071755463222,1825.5655914882445,1887.9019775390625,47900300,0.0,0.0
2015-01-02,1878.9966129954269,1878.9966129954269,1825.5654296875,1825.5654296875,14773900,0.0,0.0
2015-01-02,1834.470796472886,1861.1863905962775,1807.7552023494943,1816.660400390625,11549900,0.0,0.0
2015-01-02,1781.0394435975609,1878.9966129954269,1781.0394435975609,1825.5654296875,28018200,0.0,0.0
2015-01-02,1852.2810848103234,1852.2810848103234,1781.0395046253109,1789.9447021484375,25797500,0.0,0.0
2015-01-02,1807.7551734848778,1816.660371383818,1781.039579788057,1798.8499755859375,13298100,0.0,0.0
2015-01-02,1807.7551734848778,1843.375965080639,1798.8499755859375,1798.8499755859375,16935800,0.0,0.0
2015-01-02,1807.7551616533153,1834.4707551752854,1745.4187767687183,1754.323974609375,18131300,0.0,0.0
2015-01-02,1754.3238143338504,1776.5868069015387,1736.5134202796996,1749.8712158203125,11849900,0.0,0.0
2015-01-02,1745.41866308344,1754.3238603440698,1727.6082685621805,1740.966064453125,13067500,0.0,0.0
2015-01-02,1740.9661188471503,1754.3239151554403,1709.7979274611398,1718.703125,14034400,0.0,0.0
2015-01-02,1718.703125,1727.60832253886,1705.3453286917097,1718.703125,10522100,0.0,0.0
2015-01-02,1718.7031379468513,1772.1343235825047,1714.2505391438801,1763.2291259765625,19824700,0.0,0.0
2015-01-02,1767.6816562350145,1781.039452125959,1740.966064453125,1740.966064453125,11248300,0.0,0.0
2015-01-02,1740.9662242033044,1754.3240213199538,1727.608427086655,1745.4188232421875,7452600,0.0,0.0
2015-01-02,1745.4186931368672,1763.2290879647944,1732.0608970159217,1758.7764892578125,11185800,0.0,0.0
2015-01-02,1758.7765563964845,1798.8499462890625,1740.9661608886718,1781.03955078125,23977100,0.0,0.0
2015-01-02,1781.039608226103,1852.281192555147,1781.039608226103,1816.660400390625,32329200,0.0,0.0
2015-01-02,1825.5655055370146,1834.470703125,1789.944715185073,1834.470703125,23596300,0.0,0.0
2015-01-02,1834.4707199622844,1852.2811153017242,1807.755126953125,1807.755126953125,8067900,0.0,0.0
2015-01-02,1816.660400390625,1834.470796472886,1789.9448062672334,1816.660400390625,11391000,0.0,0.0
2015-01-02,1834.4706269054877,1852.2810213414634,1816.6602324695123,1825.5654296875,6093400,0.0,0.0
2015-01-02,1825.5654922409437,1843.3758872871967,1781.0395046253109,1789.9447021484375,11336800,0.0,0.0
2015-01-02,1789.9447316136855,1816.6603246228449,1781.0395339439656,1807.755126953125,8069800,0.0,0.0
2015-01-02,1816.6603246228449,1834.4707199622844,1807.755126953125,1807.755126953125,10644700,0.0,0.0
2015-01-02,1807.7551440429688,1816.660341796875,1781.03955078125,1781.03955078125,10963200,0.0,0.0
2015-01-02,1781.0394729393115,1861.1862492215805,1767.6816768922668,1843.3758544921875,17754200,0.0,0.0
2015-01-02,1843.3759007129854,1861.1862958889565,1825.5655055370146,1834.470703125,8991100,0.0,0.0
2015-01-02,1834.4706269054877,1843.3758241234755,1807.7550352515243,1825.5654296875,8609900,0.0,0.0
2015-01-02,1825.5655984317555,1825.5655984317555,1789.9448062672334,1816.660400390625,11453600,0.0,0.0
2015-01-02,1825.5654597627943,1870.091446586277,1798.8498676687047,1843.3758544921875,19164800,0.0,0.0
2015-01-02,1852.281051856884,1887.9018413156703,1825.5654597627943,1843.3758544921875,28069900,0.0,0.0
2015-01-02,1878.9966688368056,2030.3850260416666,1870.0914713541667,2003.66943359375,117144400,0.0,0.0
2015-01-02,2021.479736328125,2066.005721709802,1994.764145099119,2021.479736328125,55651900,0.0,0.0
2015-01-02,2021.4799338892885,2066.005923622533,1941.333152369449,2030.3851318359375,49265400,0.0,0.0
2015-01-02,2048.19548094637,2048.19548094637,2003.6694922301444,2039.290283203125,25295200,0.0,0.0
2015-01-02,2021.479736328125,2048.1953275571313,2003.6693421754544,2021.479736328125,13027300,0.0,0.0
2015-01-02,2021.479736328125,2039.2901304807958,1976.9537509464483,2021.479736328125,16506500,0.0,0.0
2015-01-02,2021.479736328125,2021.479736328125,1985.8589480227836,2021.479736328125,10282500,0.0,0.0
2015-01-02,2021.4799448430792,2083.8163308074036,2012.574746848176,2074.9111328125,23182300,0.0,0.0
2015-01-02,2083.8163308074036,2119.437122787017,2074.9111328125,2074.9111328125,34842900,0.0,0.0
2015-01-02,2074.9111328125,2092.7215288023067,2057.100736822693,2074.9111328125,15824400,0.0,0.0
2015-01-02,2083.8163195158304,2101.6267154091283,2003.6695379959908,2030.3851318359375,16952100,0.0,0.0
2015-01-02,2030.3850729806081,2030.3850729806081,1976.9538868495395,1994.7642822265625,21743600,0.0,0.0
2015-01-02,1994.764340049342,2039.2903297825862,1976.9539441560444,2030.3851318359375,19205500,0.0,0.0
2015-01-02,2039.2902499584443,2101.626633144947,2039.2902499584443,2092.721435546875,31353500,0.0,0.0
2015-01-02,2092.721476909543,2155.057861328125,2074.9110813613765,2155.057861328125,69293500,0.0,0.0
2015-01-02,2163.9631530761717,2163.9631530761717,2074.911171468099,2137.24755859375,39489000,0.0,0.0
2015-01-02,2137.2472378399584,2155.0576314886243,2101.6264505426257,2128.342041015625,16854700,0.0,0.0
2015-01-02,2128.3423604329428,2155.0579549153645,2119.4371622721355,2137.24755859375,21327800,0.0,0.0
2015-01-02,2137.24740677521,2146.15260430344,2101.62661666229,2119.43701171875,6029500,0.0,0.0
2015-01-02,2128.34220924698,2128.34220924698,2066.00582654937,2119.43701171875,10925500,0.0,0.0
2015-01-02,2128.3420876603786,2208.488860835874,2128.3420876603786,2190.678466796875,44942700,0.0,0.0
2015-01-02,2208.488846009036,2226.299239928464,2181.7732551298946,2217.39404296875,36006500,0.0,0.0
2015-01-02,2226.299524307251,2279.730712890625,2217.394326210022,2279.730712890625,42600800,0.0,0.0
2015-01-02,2279.7305,2279.7305,2181.773330078125,2226.29931640625,20503200,0.0,0.0
2015-01-02,2226.2993484246927,2226.2993484246927,2146.1525718814037,2172.8681640625,17859400,0.0,0.0
2015-01-02,2172.8682397959183,2199.583832908163,2146.1526466836735,2181.7734375,10722900,0.0,0.0
2015-01-02,2199.5836490493225,2270.8252247270334,2181.7732551298946,2217.39404296875,23143900,0.0,0.0
2015-01-02,2235.204606579196,2244.1098042149697,2181.773420764554,2208.489013671875,11197000,0.0,0.0
2015-01-02,2208.4890907689146,2208.4890907689146,2012.5747359426398,2030.3851318359375,56869100,0.0,0.0
2015-01-02,2030.384978465545,2101.6265566573184,1985.8589920956863,2083.816162109375,48709800,0.0,0.0
2015-01-02,2083.8160568939593,2155.0576314886243,2083.8160568939593,2128.342041015625,28746600,0.0,0.0
2015-01-02,2128.3422259391623,2137.247423537234,2083.8162379488035,2092.721435546875,13401000,0.0,0.0
2015-01-02,2092.72141913406,2137.24740677521,2074.9110240776,2119.43701171875,14602100,0.0,0.0
2015-01-02,2119.436844191292,2137.2472378399584,2066.005663245293,2128.342041015625,25568300,0.0,0.0
2015-01-02,2137.247423537234,2137.247423537234,2092.721435546875,2092.721435546875,15771400,0.0,0.0
2015-01-02,2101.6267267972103,2119.437122787017,2074.9111328125,2074.9111328125,10314400,0.0,0.0
2015-01-02,2074.9109035326087,2083.816100543478,2048.1953125,2048.1953125,11495400,0.0,0.0
2015-01-02,2048.1953730134883,2110.53175393129,2039.2901757395166,2083.816162109375,23689300,0.0,0.0
2015-01-02,2092.721435546875,2119.4370283410904,2083.8162379488035,2092.721435546875,13913600,0.0,0.0
2015-01-02,2092.7213139789096,2199.5836789480454,2092.7213139789096,2163.962890625,20290800,0.0,0.0
2015-01-02,2190.67859194459,2226.2993820575107,2119.43701171875,2119.43701171875,13019600,0.0,0.0
2015-01-02,2128.3421484792334,2163.96293757512,2074.9109648354033,2083.816162109375,6963900,0.0,0.0
2015-01-02,2083.8163131455244,2119.4371048232256,2057.1007193872483,2101.626708984375,6493700,0.0,0.0
2015-01-02,2110.53181419052,2137.24740677521,2092.72141913406,2119.43701171875,5154400,0.0,0.0
2015-01-02,2119.436995510244,2190.6785751912603,2110.531798050117,2146.152587890625,20058500,0.0,0.0
2015-01-02,2146.1525718814037,2181.773361456199,2137.2473744877047,2172.8681640625,9120600,0.0,0.0
2015-01-02,2172.8681187368143,2181.773315944752,2092.7213438653744,2110.53173828125,6605200,0.0,0.0
2015-01-02,2128.3421326971256,2199.5837103606277,2101.626541073312,2110.53173828125,14876300,0.0,0.0
2015-01-02,2110.5319069038,2146.1526985815017,2101.626708984375,2101.626708984375,2608100,0.0,0.0
2015-01-02,2101.626708984375,2137.247500662076,2101.626708984375,2101.626708984375,2834200,0.0,0.0
2015-01-02,2119.436935489188,2128.3421326971256,2101.626541073312,2110.53173828125,4889600,0.0,0.0
2015-01-02,2110.53181419052,2172.86819688813,2110.53181419052,2119.43701171875,13453400,0.0,0.0
2015-01-02,2128.34220924698,2155.05780183167,2110.53181419052,2119.43701171875,5419400,0.0,0.0
2015-01-02,2137.24740677521,2155.05780183167,2110.53181419052,2119.43701171875,13912700,0.0,0.0
2015-01-02,2119.43701171875,2137.24740677521,2092.72141913406,2119.43701171875,6976100,0.0,0.0
2015-01-02,2119.43701171875,2137.24740677521,2110.53181419052,2119.43701171875,9155300,0.0,0.0
2015-01-02,2137.2472826086955,2137.2472826086955,2003.6693274456522,2048.1953125,24625900,0.0,0.0
2015-01-02,2048.195468357631,2048.195468357631,1985.8590845380509,1994.7642822265625,8571400,0.0,0.0
2015-01-02,1994.7642223011364,1994.7642223011364,1941.3330377752131,1959.1434326171875,17707000,0.0,0.0
2015-01-02,1959.143402379587,1959.143402379587,1852.281034977064,1941.3330078125,27495200,0.0,0.0
2015-01-02,1941.3330836187215,1959.1434788812785,1896.8070954623288,1950.23828125,8637100,0.0,0.0
2015-01-02,1959.1433873422827,1968.048584557475,1878.996612405553,1896.8070068359375,15718800,0.0,0.0
2015-01-02,1896.8069449246786,1896.8069449246786,1807.7549756793885,1861.1861572265625,21167700,0.0,0.0
2015-01-02,1861.1863835172835,1905.712373553582,1834.4707894955043,1887.9019775390625,6418000,0.0,0.0
2015-01-02,1878.9966129954269,1896.8070074314023,1816.6602324695123,1825.5654296875,7205600,0.0,0.0
2015-01-02,1825.5654006487473,2021.479736328125,1781.0394152670706,2021.479736328125,23836800,0.0,0.0
2015-01-02,1959.1434693567962,1959.1434693567962,1834.470703125,1834.470703125,13000300,0.0,0.0
2015-01-02,1870.0915106411637,1870.0915106411637,1807.755126953125,1807.755126953125,12297600,0.0,0.0
2015-01-02,1816.6602324695123,1843.3758241234755,1798.8498380335366,1825.5654296875,17993200,0.0,0.0
2015-01-02,1843.3757937462974,1923.5225673874406,1843.3757937462974,1878.99658203125,31670100,0.0,0.0
2015-01-02,1878.99658203125,1896.8069761737263,1843.3757937462974,1878.99658203125,12598100,0.0,0.0
2015-01-02,1887.9017944335938,1941.3329772949219,1852.281005859375,1923.5225830078125,6942500,0.0,0.0
2015-01-02,1941.3330539404521,1985.8590414161506,1923.5226589501726,1932.4278564453125,13540600,0.0,0.0
2015-01-02,1932.427750321122,2012.5745233759149,1905.7121593028576,1976.9537353515625,14327900,0.0,0.0
2015-01-02,1976.953827459162,2039.2902094060726,1923.5226429332388,1959.1434326171875,13008500,0.0,0.0
2015-01-02,1959.1433715820312,1959.1433715820312,1923.5225830078125,1923.5225830078125,5152700,0.0,0.0
2015-01-02,1941.333023710029,1994.7642078488373,1905.712234284157,1914.617431640625,12540100,0.0,0.0
2015-01-02,1914.6175420851935,1914.6175420851935,1861.1863548642114,1870.091552734375,19703100,0.0,0.0
2015-01-02,1870.09152339055,1905.7123143122747,1852.2811279296875,1852.2811279296875,10755900,0.0,0.0
2015-01-02,1852.2809603020335,1887.9017480001496,1852.2809603020335,1861.1861572265625,2841100,0.0,0.0
2015-01-02,1861.1862492215805,1870.091446586277,1825.5654597627943,1843.3758544921875,7170000,0.0,0.0
2015-01-02,1843.3758544921875,1905.7122360450633,1834.4706571274908,1843.3758544921875,15668700,0.0,0.0
2015-01-02,1852.2809603020335,1896.8069449246786,1825.5653695284466,1861.1861572265625,25714200,0.0,0.0
2015-01-02,1861.1863256601187,1878.9967211209812,1834.4707324688252,1852.2811279296875,12956200,0.0,0.0
2015-01-02,1861.1863548642114,1878.9967506045386,1843.3759591238838,1870.091552734375,9003200,0.0,0.0
2015-01-02,1870.0914448582848,1932.427826353561,1861.1862475018168,1914.617431640625,16657100,0.0,0.0
2015-01-02,1923.5225830078125,1932.4277801513672,1887.9017944335938,1923.5225830078125,9142700,0.0,0.0
2015-01-02,1932.4279675753612,1932.4279675753612,1887.9019775390625,1887.9019775390625,13509400,0.0,0.0
2015-01-02,1887.9019188514123,1896.8071165818435,1852.2811279296875,1852.2811279296875,15771700,0.0,0.0
2015-01-02,1852.281051856884,1870.091446586277,1807.7550650334013,1843.3758544921875,26251100,0.0,0.0
2015-01-02,1843.3758241234755,1852.2810213414634,1816.6602324695123,1825.5654296875,16769300,0.0,0.0
2015-01-02,1834.4708172094042,1932.4279967691298,1834.4708172094042,1905.71240234375,37650700,0.0,0.0
2015-01-02,1914.61743340976,1914.61743340976,1807.7550650334013,1843.3758544921875,31625900,0.0,0.0
2015-01-02,1843.3759945140164,1852.281192555147,1807.7552023494943,1816.660400390625,19201100,0.0,0.0
2015-01-02,1816.6601612708869,1825.565358139862,1723.1555941466502,1732.060791015625,24475600,0.0,0.0
2015-01-02,1732.06092130829,1745.4187176165804,1709.7979274611398,1718.703125,20299700,0.0,0.0
2015-01-02,1718.7030869521104,1736.5134816355521,1691.987494926948,1714.25048828125,14930200,0.0,0.0
2015-01-02,1714.2503972776751,1763.2289800570375,1714.2503972776751,1732.060791015625,13505600,0.0,0.0
2015-01-02,1736.5135200777202,1754.3239151554403,1714.25052623057,1718.703125,19400100,0.0,0.0
2015-01-02,1718.7031030982025,1727.6083005235819,1678.6297146839956,1687.534912109375,19988200,0.0,0.0
2015-01-02,1687.5348066707504,1749.8711847535749,1687.5348066707504,1732.060791015625,11357800,0.0,0.0
2015-01-02,1736.5134957229036,1776.5868840857397,1718.7031008949764,1758.7764892578125,32212600,0.0,0.0
2015-01-02,1763.2291259765625,1772.1343235825047,1749.8713295676491,1763.2291259765625,30809900,0.0,0.0
2015-01-02,1767.681708340621,1816.6602947178171,1758.7765108174945,1789.9447021484375,39439900,0.0,0.0
2015-01-02,1789.9447659720017,1807.7551616533153,1749.8713756890465,1754.323974609375,16322000,0.0,0.0
2015-01-02,1754.323974609375,1758.7765735297032,1745.4187767687183,1754.323974609375,22839400,0.0,0.0
2015-01-02,1754.3239575195312,1781.03955078125,1749.8713586425781,1781.03955078125,13669900,0.0,0.0
2015-01-02,1781.03955078125,1816.660341796875,1767.6817541503906,1781.03955078125,17268500,0.0,0.0
2015-01-02,1781.0394435975609,1843.3758241234755,1781.0394435975609,1825.5654296875,33557500,0.0,0.0
2015-01-02,1825.5653695284466,1896.8069449246786,1816.6601726039175,1861.1861572265625,43128400,0.0,0.0
2015-01-02,1861.1863548642114,1887.9019484747023,1843.3759591238838,1870.091552734375,27968900,0.0,0.0
2015-01-02,1896.8069761737263,1923.5225673874406,1870.0913849600117,1878.99658203125,19284900,0.0,0.0
2015-01-02,1878.99658203125,1896.8069761737263,1870.0913849600117,1878.99658203125,10259600,0.0,0.0
2015-01-02,1878.996642214753,1941.333023710029,1870.0914448582848,1914.617431640625,42369900,0.0,0.0
2015-01-02,1932.4279544228002,2057.100725675884,1923.5227564761512,2030.3851318359375,77067500,0.0,0.0
2015-01-02,2030.3850119850854,2030.3850119850854,1941.3330377752131,1959.1434326171875,37004700,0.0,0.0
2015-01-02,1959.1435482627467,2066.005923622533,1941.333152369449,2030.3851318359375,28710100,0.0,0.0
2015-01-02,2003.6693421754544,2048.1953275571313,2003.6693421754544,2021.479736328125,13345100,0.0,0.0
2015-01-02,2021.4798285590277,2021.4798285590277,1976.9538411458334,2003.66943359375,27231600,0.0,0.0
2015-01-02,1985.8590803475215,2092.7214523841594,1985.8590803475215,2066.005859375,31273400,0.0,0.0
2015-01-02,2066.0057522415614,2155.057724320939,2039.290160617748,2110.53173828125,57782800,0.0,0.0
2015-01-02,2128.3423604329428,2181.7735493977866,2092.7215677897134,2137.24755859375,35148500,0.0,0.0
2015-01-02,2137.247299382716,2172.8680877057614,2119.4369052211932,2163.962890625,19456100,0.0,0.0
2015-01-02,2163.9630163314496,2163.9630163314496,2092.721435546875,2092.721435546875,15076600,0.0,0.0
2015-01-02,2092.7215110649495,2155.0578965009267,2048.195521467823,2101.626708984375,18441600,0.0,0.0
2015-01-02,2101.6267267972103,2101.6267267972103,2039.2903408328862,2074.9111328125,7485500,0.0,0.0
2015-01-02,2074.9109806209417,2110.5317699878246,2048.195388595779,2057.1005859375,11378200,0.0,0.0
2015-01-02,2057.100618489583,2066.005815972222,1968.0486436631945,2003.66943359375,37224300,0.0,0.0
2015-01-02,2012.574673356681,2074.9110570447197,2012.574673356681,2066.005859375,10921200,0.0,0.0
2015-01-02,2048.1953125,2092.721297554348,2039.2901154891306,2048.1953125,10339400,0.0,0.0
2015-01-02,2048.195388595779,2074.9109806209417,1994.7642045454547,2057.1005859375,10264900,0.0,0.0
2015-01-02,2057.1005246334666,2074.9109187861372,2021.479736328125,2021.479736328125,8450200,0.0,0.0
2015-01-02,2039.290160617748,2110.53173828125,2021.4797662018725,2110.53173828125,19271700,0.0,0.0
2015-01-02,2110.531691576087,2110.531691576087,2030.384918478261,2048.1953125,19165300,0.0,0.0
2015-01-02,2057.100736822693,2083.8163308074036,2030.3851428379828,2074.9111328125,14789900,0.0,0.0
2015-01-02,2101.626572646104,2101.626572646104,2021.479796570617,2057.1005859375,17949400,0.0,0.0
2015-01-02,2066.005783279221,2092.7213753043834,2048.195388595779,2057.1005859375,14818800,0.0,0.0
2015-01-02,2074.9109187861372,2083.8161158624725,2003.6693421754544,2021.479736328125,21980100,0.0,0.0
2015-01-02,2012.574617143111,2012.574617143111,1950.2382351962003,1959.1434326171875,19932100,0.0,0.0
2015-01-02,1959.1435082897342,1994.7642993495476,1950.238310524781,1968.0487060546875,10218500,0.0,0.0
2015-01-02,1968.0484931158912,2012.5744771230382,1959.1432963144618,1985.85888671875,13076000,0.0,0.0
2015-01-02,1985.8590072037339,2074.9109806209417,1985.8590072037339,2057.1005859375,19314000,0.0,0.0
2015-01-02,2083.816162109375,2092.7213593833467,2003.6693866436297,2083.816162109375,18017000,0.0,0.0
2015-01-02,2083.81627191935,2119.4370628923307,2030.3850854598797,2039.290283203125,11997000,0.0,0.0
2015-01-02,2048.1955388277897,2083.8163308074036,2021.4799448430792,2074.9111328125,6817000,0.0,0.0
2015-01-02,2083.8163308074036,2101.6267267972103,2048.1955388277897,2074.9111328125,11323100,0.0,0.0
2015-01-02,2074.9110240776,2146.15260430344,2066.00582654937,2119.43701171875,33510600,0.0,0.0
2015-01-02,2137.247543334961,2350.972297668457,2137.247543334961,2279.730712890625,151823300,0.0,0.0
2015-01-02,2288.635618646461,2333.1616034450303,2199.5836490493225,2217.39404296875,34192700,0.0,0.0
2015-01-02,2217.3941784956323,2270.8253635196234,2181.773388479638,2261.920166015625,27310600,0.0,0.0
2015-01-02,2199.583945719401,2208.4891438802083,2092.7215677897134,2137.24755859375,56279900,0.0,0.0
2015-01-02,2119.436995510244,2172.868180271006,2119.436995510244,2146.152587890625,18712000,0.0,0.0
2015-01-02,2155.057678718877,2253.0148459333714,2155.057678718877,2190.678466796875,37508200,0.0,0.0
2015-01-02,2208.4889375632592,2244.1097268787953,2163.9629509188385,2199.583740234375,16938500,0.0,0.0
2015-01-02,2217.3941510309937,2217.3941510309937,2146.1525718814037,2172.8681640625,15293000,0.0,0.0
2015-01-02,2172.8683512369794,2190.678747558594,2128.3423604329428,2137.24755859375,22191300,0.0,0.0
2015-01-02,2155.057785350752,2155.057785350752,2119.436995510244,2146.152587890625,11745500,0.0,0.0
2015-01-02,2146.1525562610705,2199.583740234375,2137.247358932186,2199.583740234375,13058300,0.0,0.0
2015-01-02,2199.5837562435963,2208.4889536372953,2155.0577692751026,2172.8681640625,10560500,0.0,0.0
2015-01-02,2190.678747558594,2199.583945719401,2128.3423604329428,2137.24755859375,22103100,0.0,0.0
2015-01-02,2155.0576314886243,2181.773221961624,2119.436844191292,2128.342041015625,16212000,0.0,0.0
2015-01-02,2172.868180271006,2172.868180271006,2128.342192970371,2146.152587890625,26681100,0.0,0.0
2015-01-02,2181.773221961624,2181.773221961624,2128.342041015625,2128.342041015625,17637200,0.0,0.0
2015-01-02,2155.0579030890212,2155.0579030890212,1959.1435482627467,2030.3851318359375,90965400,0.0,0.0
2015-01-02,2030.384979518114,2039.2901767967023,1994.7641904037612,2012.5745849609375,16894400,0.0,0.0
2015-01-02,2012.5745392517897,2048.1953275571313,1976.9537509464483,2021.479736328125,44328600,0.0,0.0
2015-01-02,2039.2901154891306,2066.0057065217393,2003.6693274456522,2048.1953125,26378000,0.0,0.0
2015-01-02,2057.1005246334666,2066.005721709802,2021.479736328125,2021.479736328125,13027600,0.0,0.0
2015-01-02,2048.1953730134883,2110.53175393129,2039.2901757395166,2083.816162109375,14852100,0.0,0.0
2015-01-02,2101.6264945652174,2110.531691576087,2048.1953125,2048.1953125,12443700,0.0,0.0
2015-01-02,2048.1953275571313,2048.1953275571313,1976.9537509464483,2021.479736328125,16666400,0.0,0.0
2015-01-02,2021.4799476479586,2039.2903436624779,1878.9967795318028,1887.9019775390625,22034500,0.0,0.0
2015-01-02,1887.9018978310503,2003.6694670376712,1887.9018978310503,1950.23828125,21685400,0.0,0.0
2015-01-02,1932.4278859874428,1976.9538741438355,1852.281107305936,1950.23828125,41032300,0.0,0.0
2015-01-02,1985.8589334239132,2074.9109035326087,1976.9537364130435,2048.1953125,33345400,0.0,0.0
2015-01-02,2066.005663245293,2155.0576314886243,2039.2900727722933,2128.342041015625,26506900,0.0,0.0
2015-01-02,2128.34220924698,2172.86819688813,2083.81622160583,2119.43701171875,24318700,0.0,0.0
2015-01-02,2146.15260430344,2199.5837894728206,2101.62661666229,2119.43701171875,26956000,0.0,0.0
2015-01-02,2119.43701171875,2137.24740677521,2083.81622160583,2119.43701171875,12354600,0.0,0.0
2015-01-02,2137.2473744877047,2235.2045458183916,2074.9109927318136,2172.8681640625,53577000,0.0,0.0
2015-01-02,2199.583740234375,2244.1097268787953,2163.9629509188385,2199.583740234375,54566800,0.0,0.0
2015-01-02,2199.583850198541,2199.583850198541,2128.3422680058757,2155.057861328125,20110600,0.0,0.0
2015-01-02,2163.9630254930066,2226.2994089434223,2163.9630254930066,2208.489013671875,27834200,0.0,0.0
2015-01-02,2226.2993650317685,2235.2045624918956,2146.152587890625,2146.152587890625,19427500,0.0,0.0
2015-01-02,2155.0576935442386,2199.5836789480454,2137.247299382716,2163.962890625,8681600,0.0,0.0
2015-01-02,2163.9630254930066,2226.2994089434223,2146.1526302214593,2208.489013671875,36134700,0.0,0.0
2015-01-02,2217.394219760237,2359.8773824757545,2217.394219760237,2324.256591796875,66807800,0.0,0.0
2015-01-02,2333.1617131159855,2359.8773052509014,2253.014936711238,2315.351318359375,29590100,0.0,0.0
2015-01-02,2315.3511650617734,2333.1615586391713,2235.204393963481,2297.540771484375,30721600,0.0,0.0
2015-01-02,2305.3463534827993,2305.3463534827993,2132.899185308889,2160.127685546875,56882300,48.6,0.0
2015-01-02,2160.1277155641646,2232.737050541112,2160.1277155641646,2214.584716796875,32066800,0.0,0.0
2015-01-02,2223.660893634083,2269.041728198044,2205.5085598084984,2232.737060546875,41465900,0.0,0.0
2015-01-02,2250.889399354757,2314.4225678849316,2232.737065488993,2241.813232421875,32093400,0.0,0.0
2015-01-02,2241.813232421875,2278.1179001534033,2214.584731623229,2241.813232421875,15021700,0.0,0.0
2015-01-02,2232.737060546875,2269.041728198044,2196.4323928957065,2232.737060546875,14872500,0.0,0.0
2015-01-02,2241.8132174132297,2287.1940517738217,2196.432383052638,2214.584716796875,23942800,0.0,0.0
2015-01-02,2214.5849487811206,2223.661116603994,2169.204109666753,2187.3564453125,12753300,0.0,0.0
2015-01-02,2196.4326212062756,2223.6611247749483,2141.97561406893,2205.5087890625,12911700,0.0,0.0
2015-01-02,2169.203815146442,2178.2799817370133,2051.2136494690208,2096.594482421875,46339600,0.0,0.0
2015-01-02,2087.518321070178,2141.9753207502695,2060.289821230132,2105.670654296875,8246100,0.0,0.0
2015-01-02,2105.6708856441046,2151.0517236967794,2078.4423828125,2078.4423828125,20388800,0.0,0.0
2015-01-02,2087.5183158313043,2169.203815146442,2087.5183158313043,2096.594482421875,26625800,0.0,0.0
2015-01-02,2105.6707421875,2114.7469091796875,2033.06140625,2042.1375732421875,16631700,0.0,0.0
2015-01-02,2060.2897730258546,2069.3659394268498,2014.90894102088,2023.985107421875,13475400,0.0,0.0
2015-01-02,2033.06127382287,2042.1374402238648,1996.75660821889,2023.985107421875,6153700,0.0,0.0
2015-01-02,2014.9091796875,2042.1376821157094,1978.6045097832207,2014.9091796875,7662700,0.0,0.0
2015-01-02,2005.8328706233874,2033.061371129587,1951.3758696109876,1978.6043701171875,11288500,0.0,0.0
2015-01-02,1987.6806504991318,2005.8329852068866,1942.2998137297454,1960.4521484375,5778900,0.0,0.0
2015-01-02,1951.3759436974158,1978.6044452373799,1878.766606257512,1887.8427734375,17354900,0.0,0.0
2015-01-02,1887.8427963615025,1960.4521346830986,1878.7666290713028,1933.2236328125,21624600,0.0,0.0
2015-01-02,1942.2998046875,1978.6044739339952,1924.1474700642523,1942.2998046875,20261800,0.0,0.0
2015-01-02,1942.2997027755878,2005.8328706233874,1924.147369104788,1978.6043701171875,22542800,0.0,0.0
2015-01-02,1978.6044831452546,1996.7568178530091,1951.3759810836227,1960.4521484375,11920500,0.0,0.0
2015-01-02,1969.5283157913773,2023.9853199146412,1933.223646375868,1960.4521484375,24987800,0.0,0.0
2015-01-02,1978.6043701171875,2014.9090374587872,1969.5282032817875,1978.6043701171875,15587200,0.0,0.0
2015-01-02,1987.6806685014203,2014.9091708096591,1969.5283336292614,1996.7568359375,13170500,0.0,0.0
2015-01-02,1987.6806504991318,1996.7568178530091,1951.3759810836227,1960.4521484375,23093800,0.0,0.0
2015-01-02,1960.4520364463876,1996.7567037879874,1951.3758696109876,1978.6043701171875,17656000,0.0,0.0
2015-01-02,1969.5282082753638,2014.9090425674228,1960.452041416952,1987.6805419921875,28766500,0.0,0.0
2015-01-02,1996.7566986787156,2023.9851991152434,1960.4520314300116,1969.5281982421875,14716100,0.0,0.0
2015-01-02,1978.6045054440046,2005.8330078125,1951.376003075509,2005.8330078125,17834000,0.0,0.0
2015-01-02,2005.8328706233874,2014.9090374587872,1951.3758696109876,1978.6043701171875,15812300,0.0,0.0
2015-01-02,1987.6806729001696,2005.8330078125,1960.4521705316743,2005.8330078125,16997900,0.0,0.0
2015-01-02,2014.909201197687,2078.442374208425,2005.8330336247245,2060.2900390625,18838000,0.0,0.0
2015-01-02,2060.2900390625,2078.442374208425,2033.0615363436123,2060.2900390625,17274900,0.0,0.0
2015-01-02,2069.3662066354623,2087.5185417813877,2033.0615363436123,2060.2900390625,14115400,0.0,0.0
2015-01-02,2078.442378529331,2123.8232164884867,2023.9853729783442,2069.3662109375,26838800,0.0,0.0
2015-01-02,2078.4422362191335,2087.518403189523,2033.0614013671875,2033.0614013671875,12011400,0.0,0.0
2015-01-02,2033.0614013671875,2033.0614013671875,1996.7567334856305,2033.0614013671875,15377100,0.0,0.0
2015-01-02,2042.1375683375768,2051.213735307966,2014.9090674264091,2033.0614013671875,14377600,0.0,0.0
2015-01-02,2033.0614013671875,2042.1375683375768,2005.8329004560198,2033.0614013671875,9450200,0.0,0.0
2015-01-02,2014.9090374587872,2023.9852042941873,1960.4520364463876,1978.6043701171875,23923900,0.0,0.0
2015-01-02,1996.7568359375,2014.9091708096591,1978.6045010653409,1996.7568359375,14478300,0.0,0.0
2015-01-02,2005.8329052734375,2042.1375732421875,1996.75673828125,2042.1375732421875,20722100,0.0,0.0
2015-01-02,2042.1376776371606,2051.2138450933257,1996.7568403563348,2005.8330078125,8864100,0.0,0.0
2015-01-02,1996.7567088505994,2005.8328757090112,1978.6043751337756,1987.6805419921875,10370600,0.0,0.0
2015-01-02,1996.7567037879874,1996.7567037879874,1969.5282032817875,1978.6043701171875,13159800,0.0,0.0
2015-01-02,1969.5281982421875,1987.6805318665395,1960.4520314300116,1969.5281982421875,11877000,0.0,0.0
2015-01-02,1987.6805318665395,1987.6805318665395,1951.3758646178358,1969.5281982421875,9632600,0.0,0.0
2015-01-02,1978.6043650543636,1996.7566986787156,1942.2996978056597,1969.5281982421875,13824100,0.0,0.0
2015-01-02,1960.4520314300116,1996.7566986787156,1951.3758646178358,1969.5281982421875,9289100,0.0,0.0
2015-01-02,1969.5281982421875,1987.6805318665395,1942.2996978056597,1969.5281982421875,17463200,0.0,0.0
2015-01-02,1951.3759436974158,1969.5282780573918,1887.8427734375,1887.8427734375,34132200,0.0,0.0
2015-01-02,1924.1473739833048,1996.7567088505994,1905.995040266481,1987.6805419921875,27207800,0.0,0.0
2015-01-02,2023.9851991152434,2033.0613659274195,1960.4520314300116,1969.5281982421875,22667000,0.0,0.0
2015-01-02,1978.6044739339952,1996.756808557243,1933.2236373758763,1942.2998046875,13277100,0.0,0.0
2015-01-02,1951.3759810836227,1978.6044831452546,1951.3759810836227,1960.4521484375,10220500,0.0,0.0
2015-01-02,1960.4520364463876,1996.7567037879874,1960.4520364463876,1978.6043701171875,14234700,0.0,0.0
2015-01-02,1987.6805419921875,1996.7567088505994,1969.5282082753638,1987.6805419921875,14197800,0.0,0.0
2015-01-02,1987.6806943100112,2051.2138671875,1987.6806943100112,2051.2138671875,31351400,0.0,0.0
2015-01-02,2060.290017067849,2069.3661845439187,2005.83301221143,2014.9091796875,18137500,0.0,0.0
2015-01-02,2051.213735307966,2060.2899022783554,2014.9090674264091,2033.0614013671875,22212100,0.0,0.0
2015-01-02,2033.0614013671875,2069.366069248744,2033.0614013671875,2033.0614013671875,17094500,0.0,0.0
2015-01-02,2051.2136546167835,2114.7468209102235,2042.137488003435,2105.670654296875,34519400,0.0,0.0
2015-01-02,2105.6708856441046,2123.823220865175,2069.366215201965,2078.4423828125,13335800,0.0,0.0
2015-01-02,2060.290012549491,2069.366180005656,1996.7568403563348,2005.8330078125,36594100,0.0,0.0
2015-01-02,2005.8330294178652,2051.2138671875,2005.8330294178652,2051.2138671875,19262900,0.0,0.0
2015-01-02,2051.21360662486,2060.2897730258546,1996.75660821889,2023.985107421875,24896500,0.0,0.0
2015-01-02,2023.9852343967982,2033.0614013671875,1996.7567334856305,2033.0614013671875,13980100,0.0,0.0
2015-01-02,2042.1375683375768,2042.1375683375768,2014.9090674264091,2033.0614013671875,18115400,0.0,0.0
2015-01-02,2023.985107421875,2042.1374402238648,2014.90894102088,2023.985107421875,20368100,0.0,0.0
2015-01-02,2023.985107421875,2051.21360662486,2005.832774619885,2023.985107421875,24368900,0.0,0.0
2015-01-02,2042.1377039165748,2105.6708769273127,2033.0615363436123,2060.2900390625,37685800,0.0,0.0
2015-01-02,2060.2900390625,2069.3662066354623,2033.0615363436123,2060.2900390625,20055400,0.0,0.0
2015-01-02,2033.06127382287,2060.2897730258546,2014.90894102088,2023.985107421875,34779700,0.0,0.0
2015-01-02,2042.1377408302437,2160.1279214115466,2033.0615730932204,2141.9755859375,77986300,0.0,0.0
2015-01-02,2141.9753260796674,2151.051492715598,2087.5183262640826,2114.746826171875,17716300,0.0,0.0
2015-01-02,2105.6707421875,2105.6707421875,2033.06140625,2042.1375732421875,46668300,0.0,0.0
2015-01-02,2051.2138714895373,2087.5185417813877,2033.0615363436123,2060.2900390625,22336200,0.0,0.0
2015-01-02,2060.2900390625,2105.6708769273127,2042.1377039165748,2060.2900390625,27376800,0.0,0.0
2015-01-02,2069.366215201965,2096.5947180335697,2051.213879980895,2078.4423828125,18383100,0.0,0.0
2015-01-02,2078.4421544568295,2114.7468209102235,2078.4421544568295,2105.670654296875,23420500,0.0,0.0
2015-01-02,2114.7470532546395,2123.823220865175,2078.4423828125,2078.4423828125,13473900,0.0,0.0
2015-01-02,2087.518546121162,2105.6708813048244,2060.290043345669,2069.3662109375,27383100,0.0,0.0
2015-01-02,2078.44214397928,2105.670643682065,2060.2898108440895,2087.518310546875,30650500,0.0,0.0
2015-01-02,2087.518546121162,2096.5947137129933,2060.290043345669,2069.3662109375,15215000,0.0,0.0
2015-01-02,2060.2898108440895,2087.518310546875,2051.2136442764945,2087.518310546875,19014500,0.0,0.0
2015-01-02,2105.6708856441046,2105.6708856441046,2060.2900475914303,2078.4423828125,14693100,0.0,0.0
2015-01-02,2078.442149240733,2105.670649012446,2060.2898160595914,2096.594482421875,27480300,0.0,0.0
2015-01-02,2096.5947431848404,2151.0517495013296,2069.3662400265957,2132.8994140625,62261500,0.0,0.0
2015-01-02,2132.8991487841586,2151.0514819653004,2096.594482421875,2096.594482421875,18629500,0.0,0.0
2015-01-02,2096.5947180335697,2105.6708856441046,2060.2900475914303,2078.4423828125,19119000,0.0,0.0
2015-01-02,2087.518537403208,2096.594704957135,2023.9853645257192,2051.2138671875,46699700,0.0,0.0
2015-01-02,2051.213840553977,2060.290007990057,1969.5283336292614,1996.7568359375,70390800,0.0,0.0
2015-01-02,2005.8330294178652,2069.366202295354,1996.7568618639382,2051.2138671875,49199900,0.0,0.0
2015-01-02,2060.2899072265623,2087.518408203125,2023.9852392578125,2042.1375732421875,20383800,0.0,0.0
2015-01-02,2051.2138671875,2105.670872511062,2051.2138671875,2051.2138671875,22665500,0.0,0.0
2015-01-02,2051.2138714895373,2087.5185417813877,2042.1377039165748,2060.2900390625,33185900,0.0,0.0
2015-01-02,2087.518310546875,2132.8991433848505,2051.2136442764945,2087.518310546875,76992700,0.0,0.0
2015-01-02,2096.5944876835265,2123.8229875235725,2078.4421544568295,2105.670654296875,31771900,0.0,0.0
2015-01-02,2123.822982193588,2123.822982193588,2078.442149240733,2096.594482421875,22785400,0.0,0.0
2015-01-02,2096.5947180335697,2114.7470532546395,2060.2900475914303,2078.4423828125,13767700,0.0,0.0
2015-01-02,2078.4423828125,2105.6708856441046,2078.4423828125,2078.4423828125,17391400,0.0,0.0
2015-01-02,2087.518310546875,2087.518310546875,2069.365977411685,2087.518310546875,6553300,0.0,0.0
2015-01-02,2087.5185417813877,2096.59470935435,2060.2900390625,2060.2900390625,7896800,0.0,0.0
2015-01-02,2060.2900475914303,2087.518550423035,2042.1377123703603,2078.4423828125,17640200,0.0,0.0
2015-01-02,2087.518310546875,2096.59447711447,2069.365977411685,2087.518310546875,11981700,0.0,0.0
2015-01-02,2087.518546121162,2096.5947137129933,2060.290043345669,2069.3662109375,9414300,0.0,0.0
2015-01-02,2069.366202295354,2087.518537403208,2033.061532079646,2051.2138671875,32648400,0.0,0.0
2015-01-02,2060.290034741427,2087.518537403208,2042.137699633573,2051.2138671875,17145200,0.0,0.0
2015-01-02,2060.2900390625,2078.442374208425,2051.2138714895373,2060.2900390625,10612200,0.0,0.0
2015-01-02,2069.36607421875,2087.518408203125,2042.1375732421875,2042.1375732421875,23161100,0.0,0.0
2015-01-02,2078.442378529331,2078.442378529331,2042.1377081620064,2069.3662109375,10744800,0.0,0.0
2015-01-02,2078.442369849281,2087.518537403208,2051.2138671875,2051.2138671875,27167000,0.0,0.0
2015-01-02,2051.213740234375,2069.36607421875,2042.1375732421875,2042.1375732421875,19731800,0.0,0.0
2015-01-02,2042.1375732421875,2078.4422412109375,2023.9852392578125,2042.1375732421875,30958300,0.0,0.0
2015-01-02,2042.1375683375768,2051.213735307966,2023.9852343967982,2033.0614013671875,9890900,0.0,0.0
2015-01-02,2042.1374402238648,2060.2897730258546,1996.75660821889,2023.985107421875,38293800,0.0,0.0
2015-01-02,2042.1376821157094,2051.2138495917793,2014.9091796875,2014.9091796875,13521200,0.0,0.0
2015-01-02,2014.9091752686652,2033.0615101809956,1996.7568403563348,2005.8330078125,29866000,0.0,0.0
2015-01-02,2033.0615101809956,2033.0615101809956,2005.8330078125,2005.8330078125,14025700,0.0,0.0
2015-01-02,2005.832975868867,2033.0614778037384,1933.2236373758763,1942.2998046875,55011300,0.0,0.0
2015-01-02,1942.2998001026995,1987.6806365536972,1933.2236328125,1933.2236328125,42836700,0.0,0.0
2015-01-02,1933.2235209620276,1996.756688317587,1924.1473541969476,1951.3758544921875,35064900,0.0,0.0
2015-01-02,1951.3759810836227,1960.4521484375,1942.2998137297454,1960.4521484375,10741600,0.0,0.0
2015-01-02,1951.3759719991237,1987.6806412456192,1933.2236373758763,1942.2998046875,29011300,0.0,0.0
2015-01-02,1942.2996877271075,1978.6043547874272,1933.2235209620276,1951.3758544921875,18665300,0.0,0.0
2015-01-02,1951.3758696109876,2014.9090374587872,1951.3758696109876,1978.6043701171875,18243300,0.0,0.0
2015-01-02,1978.6043650543636,2005.8328654908914,1960.4520314300116,1969.5281982421875,7781800,0.0,0.0
2015-01-02,1996.7568403563348,2033.0615101809956,1969.5283379878394,2005.8330078125,25595800,0.0,0.0
2015-01-02,2005.8328706233874,2023.9852042941873,1969.5282032817875,1978.6043701171875,14758500,0.0,0.0
2015-01-02,1996.7567088505994,2014.9090425674228,1987.6805419921875,1987.6805419921875,10402600,0.0,0.0
2015-01-02,1996.7567037879874,2005.8328706233874,1969.5282032817875,1978.6043701171875,12581900,0.0,0.0
2015-01-02,1987.6805369525873,2005.8328706233874,1960.4520364463876,1978.6043701171875,23408200,0.0,0.0
2015-01-02,1978.6045097832207,2042.1376821157094,1978.6045097832207,2014.9091796875,16408800,0.0,0.0
2015-01-02,2014.90894102088,2042.1374402238648,2014.90894102088,2023.985107421875,4443100,0.0,0.0
2015-01-02,2023.9852343967982,2060.2899022783554,2023.9852343967982,2033.0614013671875,8521400,0.0,0.0
2015-01-02,2033.06127382287,2051.21360662486,2023.985107421875,2023.985107421875,19841100,0.0,0.0
2015-01-02,2023.9852392578125,2069.36607421875,2023.9852392578125,2042.1375732421875,19719700,0.0,0.0
2015-01-02,2051.2136494690208,2105.670649012446,2042.1374828784496,2096.594482421875,31275700,0.0,0.0
2015-01-02,2096.59447711447,2132.8991433848505,2087.518310546875,2087.518310546875,21671000,0.0,0.0
2015-01-02,2105.6708856441046,2114.7470532546395,2060.2900475914303,2078.4423828125,39344600,0.0,0.0
2015-01-02,2078.4422362191335,2096.594570159912,2014.9090674264091,2033.0614013671875,150736700,0.0,0.0
2015-01-02,2033.061532079646,2078.442369849281,2014.9091969717922,2051.2138671875,69544600,0.0,0.0
2015-01-02,2069.3662066354623,2087.5185417813877,2051.2138714895373,2060.2900390625,15409700,0.0,0.0
2015-01-02,2060.2900390625,2087.5185417813877,2042.1377039165748,2060.2900390625,36978500,0.0,0.0
2015-01-02,2060.290043345669,2087.518546121162,2060.290043345669,2069.3662109375,15176300,0.0,0.0
2015-01-02,2069.366202295354,2087.518537403208,2042.137699633573,2051.2138671875,44342600,0.0,0.0
2015-01-02,2051.213735307966,2051.213735307966,2033.0614013671875,2033.0614013671875,14885600,0.0,0.0
2015-01-02,2051.213875753838,2078.442378529331,2033.0615405701753,2069.3662109375,32850700,0.0,0.0
2015-01-02,2069.3662109375,2096.5947137129933,2060.290043345669,2069.3662109375,12274000,0.0,0.0
2015-01-02,2078.442369849281,2087.518537403208,2051.2138671875,2051.2138671875,8138800,0.0,0.0
2015-01-02,2078.4422412109375,2078.4422412109375,2023.9852392578125,2042.1375732421875,14920000,0.0,0.0
2015-01-02,2042.1375732421875,2042.1375732421875,2014.909072265625,2042.1375732421875,11078300,0.0,0.0
2015-01-02,2033.06140625,2051.213740234375,2023.9852392578125,2042.1375732421875,3579000,0.0,0.0
2015-01-02,2042.1374402238648,2042.1374402238648,2014.90894102088,2023.985107421875,10856200,0.0,0.0
2015-01-02,2023.9852343967982,2069.366069248744,2023.9852343967982,2033.0614013671875,27702500,0.0,0.0
2015-01-02,2033.06127382287,2060.2897730258546,2014.90894102088,2023.985107421875,14638000,0.0,0.0
2015-01-02,2033.06140625,2060.2899072265623,2023.9852392578125,2042.1375732421875,14502800,0.0,0.0
2015-01-02,2042.1374402238648,2051.21360662486,2014.90894102088,2023.985107421875,11661300,0.0,0.0
2015-01-02,2023.985107421875,2042.1374402238648,2023.985107421875,2023.985107421875,6550900,0.0,0.0
2015-01-02,2023.9853687706498,2078.442374208425,2023.9853687706498,2060.2900390625,24819600,0.0,0.0
2015-01-02,2060.2899072265623,2060.2899072265623,2033.06140625,2042.1375732421875,2570500,0.0,0.0
2015-01-02,2042.1377039165748,2060.2900390625,2042.1377039165748,2060.2900390625,5603600,0.0,0.0
2015-01-02,2069.3662066354623,2069.3662066354623,2042.1377039165748,2060.2900390625,4455400,0.0,0.0
2015-01-02,2069.3662066354623,2069.3662066354623,2033.0615363436123,2060.2900390625,3647500,0.0,0.0
2015-01-02,2060.2899072265623,2060.2899072265623,2042.1375732421875,2042.1375732421875,2890500,0.0,0.0
2015-01-02,2051.2138714895373,2069.3662066354623,2042.1377039165748,2060.2900390625,5804000,0.0,0.0
2015-01-02,2060.290043345669,2087.518546121162,2051.213875753838,2069.3662109375,28523100,0.0,0.0
2015-01-02,2078.442149240733,2096.594482421875,2069.3659826501626,2096.594482421875,11541500,0.0,0.0
2015-01-02,2105.6708856441046,2105.6708856441046,2069.366215201965,2078.4423828125,12541000,0.0,0.0
2015-01-02,2078.442374208425,2087.5185417813877,2051.2138714895373,2060.2900390625,26126300,0.0,0.0
2015-01-02,2060.2900390625,2087.5185417813877,2051.2138714895373,2060.2900390625,30369600,0.0,0.0
2015-01-02,2060.2900475914303,2087.518550423035,2051.213879980895,2078.4423828125,14236800,0.0,0.0
2015-01-02,2087.518550423035,2087.518550423035,2060.2900475914303,2078.4423828125,9073700,0.0,0.0
2015-01-02,2078.442374208425,2078.442374208425,2051.2138714895373,2060.2900390625,12121900,0.0,0.0
2015-01-02,2078.4423828125,2087.518550423035,2060.2900475914303,2078.4423828125,11868300,0.0,0.0
2015-01-02,2078.4423828125,2087.518550423035,2060.2900475914303,2078.4423828125,7059800,0.0,0.0
2015-01-02,2087.518546121162,2087.518546121162,2069.3662109375,2069.3662109375,8736900,0.0,0.0
2015-01-02,2078.442374208425,2087.5185417813877,2051.2138714895373,2060.2900390625,30824600,0.0,0.0
2015-01-02,2069.3662066354623,2078.442374208425,2060.2900390625,2060.2900390625,8503500,0.0,0.0
2015-01-02,2069.3662109375,2087.518546121162,2060.290043345669,2069.3662109375,24839900,0.0,0.0
2015-01-02,2078.442378529331,2078.442378529331,2060.290043345669,2069.3662109375,8179100,0.0,0.0
2015-01-02,2069.3662066354623,2078.442374208425,2060.2900390625,2060.2900390625,13377400,0.0,0.0
2015-01-02,2060.2900390625,2096.59470935435,2051.2138714895373,2060.2900390625,62641900,0.0,0.0
2015-01-02,2078.442369849281,2078.442369849281,2051.2138671875,2051.2138671875,17799900,0.0,0.0
2015-01-02,2060.2900390625,2069.3662066354623,2042.1377039165748,2060.2900390625,5153400,0.0,0.0
2015-01-02,2060.2899072265623,2060.2899072265623,2042.1375732421875,2042.1375732421875,7135500,0.0,0.0
2015-01-02,2051.2138671875,2060.290034741427,2042.137699633573,2051.2138671875,4867900,0.0,0.0
2015-01-02,2051.213735307966,2051.213735307966,2033.0614013671875,2033.0614013671875,11451300,0.0,0.0
2015-01-02,2033.0614013671875,2042.1375683375768,2023.9852343967982,2033.0614013671875,11317700,0.0,0.0
2015-01-02,2033.0614013671875,2069.366069248744,2023.9852343967982,2033.0614013671875,34585600,0.0,0.0
2015-01-02,2033.0615101809956,2051.2138450933257,2005.8330078125,2005.8330078125,21449600,0.0,0.0
2015-01-02,2014.9091796875,2060.290017067849,2014.9091796875,2014.9091796875,34418600,0.0,0.0
2015-01-02,2023.9853471635697,2051.2138495917793,2005.83301221143,2014.9091796875,38207000,0.0,0.0
2015-01-02,2014.909201197687,2069.3662066354623,2014.909201197687,2060.2900390625,34618800,0.0,0.0
2015-01-02,2069.36607421875,2069.36607421875,2042.1375732421875,2042.1375732421875,7445700,0.0,0.0
2015-01-02,2051.213740234375,2060.2899072265623,2042.1375732421875,2042.1375732421875,3856800,0.0,0.0
2015-01-02,2042.1377039165748,2069.3662066354623,2042.1377039165748,2060.2900390625,13384800,0.0,0.0
2015-01-02,2060.290034741427,2078.442369849281,2042.137699633573,2051.2138671875,35330000,0.0,0.0
2015-01-02,2060.2900390625,2078.442374208425,2051.2138714895373,2060.2900390625,15948300,0.0,0.0
2015-01-02,2060.2899072265623,2060.2899072265623,2042.1375732421875,2042.1375732421875,5183800,0.0,0.0
2015-01-02,2042.137699633573,2069.366202295354,2033.061532079646,2051.2138671875,18134800,0.0,0.0
2015-01-02,2051.2138714895373,2060.2900390625,2042.1377039165748,2060.2900390625,10858300,0.0,0.0
2015-01-02,2060.2899072265623,2078.4422412109375,2033.06140625,2042.1375732421875,36281400,0.0,0.0
2015-01-02,2051.2138714895373,2078.442374208425,2033.0615363436123,2060.2900390625,33064700,0.0,0.0
2015-01-02,2060.2900390625,2069.3662066354623,2051.2138714895373,2060.2900390625,7433800,0.0,0.0
2015-01-02,2051.2138671875,2069.366202295354,2042.137699633573,2051.2138671875,13786500,0.0,0.0
2015-01-02,2051.2138671875,2078.442369849281,2042.137699633573,2051.2138671875,38485800,0.0,0.0
2015-01-02,2060.2897730258546,2069.3659394268498,2023.985107421875,2023.985107421875,47250500,0.0,0.0
2015-01-02,2014.909072265625,2078.4422412109375,2005.8329052734375,2042.1375732421875,78268000,0.0,0.0
2015-01-02,2033.0615405701753,2105.6708813048244,2023.9853729783442,2069.3662109375,41365600,0.0,0.0
2015-01-02,1969.5283336292614,2051.213840553977,1924.1474964488636,1996.7568359375,45401900,0.0,0.0
2015-01-02,1969.5282373046875,2087.518408203125,1969.5282373046875,2042.1375732421875,40348600,0.0,0.0
2015-01-02,2060.290043345669,2069.3662109375,2023.9853729783442,2069.3662109375,9909900,0.0,0.0
2015-01-02,2033.061505681818,2069.366175426136,1978.6045010653409,1996.7568359375,16820800,0.0,0.0
2015-01-02,2030.472066522189,2077.692347138984,2021.0280103988298,2068.248291015625,23111600,85.7,0.0
2015-01-02,2068.2482190110168,2077.6922748055877,2039.9160516273041,2049.360107421875,15689000,0.0,0.0
2015-01-02,2049.3601787689067,2077.692347138984,2039.9161226455478,2068.248291015625,8490700,0.0,0.0
2015-01-02,2068.248255178469,2106.024479017345,2039.9160872993118,2058.80419921875,12382100,0.0,0.0
2015-01-02,2077.692341354658,2077.692341354658,1992.6958364810584,2002.139892578125,13877800,0.0,0.0
2015-01-02,2011.5840000697547,2011.5840000697547,1945.475605701265,1983.2518310546875,14468200,0.0,0.0
2015-01-02,1983.2517448533767,1992.69580078125,1945.475521141884,1992.69580078125,17721000,0.0,0.0
2015-01-02,1992.6958515952078,2002.1399077639055,1964.3636830891148,1973.8077392578125,16326800,0.0,0.0
2015-01-02,1973.807774716332,1992.6958873930432,1954.9196620396206,1983.2518310546875,9918000,0.0,0.0
2015-01-02,1992.6958873930432,1992.6958873930432,1964.3637183779763,1983.2518310546875,8257300,0.0,0.0
2015-01-02,1983.2518155809857,2021.0280406396712,1973.8077593163146,2011.583984375,18034100,0.0,0.0
2015-01-02,2011.5839338435683,2039.916101925872,1992.695821788699,2030.4720458984375,11983200,0.0,0.0
2015-01-02,2021.0281135627815,2106.0246230116836,2011.584056957348,2096.58056640625,20384200,0.0,0.0
2015-01-02,2096.5804953835227,2106.0245516690343,2058.8042702414773,2077.6923828125,5151000,0.0,0.0
2015-01-02,2058.80419921875,2068.248255178469,2021.0279753798739,2058.80419921875,10342300,0.0,0.0
2015-01-02,2058.80419921875,2087.136367097907,2030.4720313395928,2058.80419921875,17398300,0.0,0.0
2015-01-02,2058.8042656983566,2077.6923782276995,2011.583984375,2011.583984375,18105900,0.0,0.0
2015-01-02,2021.0280253092449,2068.248306274414,2002.139912923177,2039.9161376953125,14798300,0.0,0.0
2015-01-02,2039.9161923783938,2096.5805310555716,2039.9161923783938,2087.136474609375,13368200,0.0,0.0
2015-01-02,2087.136418660482,2087.136418660482,2039.9161376953125,2039.9161376953125,5356900,0.0,0.0
2015-01-02,2039.9160872993118,2068.248255178469,2030.4720313395928,2058.80419921875,5237800,0.0,0.0
2015-01-02,2058.8043052707862,2096.5805310555716,2049.36024882459,2087.136474609375,9167900,0.0,0.0
2015-01-02,2096.5803863947294,2096.5803863947294,2049.360107421875,2049.360107421875,11191300,0.0,0.0
2015-01-02,2049.360143259031,2077.692311138188,2049.360143259031,2058.80419921875,5250000,0.0,0.0
2015-01-02,2068.2482190110168,2077.6922748055877,2021.0279400381623,2049.360107421875,10509300,0.0,0.0
2015-01-02,2030.4719958327332,2077.6922748055877,2021.0279400381623,2049.360107421875,14720000,0.0,0.0
2015-01-02,2049.360107421875,2068.2482190110168,2039.9160516273041,2049.360107421875,3306000,0.0,0.0
2015-01-02,2049.360143259031,2087.136367097907,2030.4720313395928,2058.80419921875,8294200,0.0,0.0
2015-01-02,2077.6923828125,2087.1364390980116,2039.9161576704546,2077.6923828125,13214100,0.0,0.0
2015-01-02,2068.248255178469,2077.692311138188,2030.4720313395928,2058.80419921875,14385700,0.0,0.0
2015-01-02,2049.360193888346,2049.360193888346,2030.4720815022786,2039.9161376953125,4430800,0.0,0.0
2015-01-02,2049.3601787689067,2068.248291015625,2039.9161226455478,2068.248291015625,3954800,0.0,0.0
2015-01-02,2049.360213955966,2096.5804953835227,2049.360213955966,2077.6923828125,5090500,0.0,0.0
2015-01-02,2077.692311138188,2087.136367097907,2049.360143259031,2058.80419921875,7097000,0.0,0.0
2015-01-02,2068.248396589949,2106.0246230116836,2049.3602833790824,2096.58056640625,9225600,0.0,0.0
2015-01-02,2096.580459385702,2106.024515509061,2058.804234892266,2068.248291015625,4713200,0.0,0.0
2015-01-02,2068.248291015625,2087.136403262343,2049.3601787689067,2068.248291015625,8340900,0.0,0.0
2015-01-02,2068.248396589949,2115.4686796171172,2058.8043399845155,2096.58056640625,7151600,0.0,0.0
2015-01-02,2096.5803941999166,2134.356617518834,2087.136338370187,2115.468505859375,3875900,0.0,0.0
2015-01-02,2115.4686796171172,2115.4686796171172,2077.6924531953828,2096.58056640625,3067000,0.0,0.0
2015-01-02,2096.5803583940583,2143.800636736267,2077.692247057175,2106.0244140625,19103400,0.0,0.0
2015-01-02,2106.024450029646,2191.0209524972097,2106.024450029646,2115.468505859375,21394500,0.0,0.0
2015-01-02,2106.0244856770832,2153.244765625,2058.804205729167,2124.91259765625,15694500,0.0,0.0
2015-01-02,2143.8008494334176,2162.688962644285,2096.58056640625,2096.58056640625,11201500,0.0,0.0
2015-01-02,2096.5804296875,2134.3566536458334,2096.5804296875,2124.91259765625,4031500,0.0,0.0
2015-01-02,2124.912561689104,2124.912561689104,2096.5803941999166,2115.468505859375,9699600,0.0,0.0
2015-01-02,2096.5804296875,2143.8007096354168,2087.1363736979165,2124.91259765625,6193300,0.0,0.0
2015-01-02,2134.3566249830897,2200.465016022389,2124.912569120333,2181.576904296875,16347400,0.0,0.0
2015-01-02,2191.0210988898025,2200.4651553505346,2134.3567601254113,2153.244873046875,4781500,0.0,0.0
2015-01-02,2153.2447010869564,2181.576868206522,2115.4684782608697,2172.1328125,4839800,0.0,0.0
2015-01-02,2181.576868206522,2181.576868206522,2124.9125339673915,2172.1328125,3760700,0.0,0.0
2015-01-02,2172.1330214587883,2172.1330214587883,2143.800851613674,2162.68896484375,1942800,0.0,0.0
2015-01-02,2172.132914045216,2172.132914045216,2134.356689453125,2134.356689453125,1789400,0.0,0.0
2015-01-02,2134.3567949986355,2162.68896484375,2134.3567949986355,2162.68896484375,2862200,0.0,0.0
2015-01-02,2162.688756793478,2181.576868206522,2134.356589673913,2172.1328125,8271100,0.0,0.0
2015-01-02,2172.1330214587883,2181.5770780738267,2143.800851613674,2162.68896484375,3405400,0.0,0.0
2015-01-02,2162.688828040814,2200.4650521113954,2153.244772023168,2191.02099609375,7126800,0.0,0.0
2015-01-02,2191.021107868976,2361.01412485881,2191.021107868976,2351.570068359375,33910500,0.0,0.0
2015-01-02,2361.0139245652967,2464.89853724617,2342.125813168774,2427.122314453125,35481300,0.0,0.0
2015-01-02,2446.0105391941715,2549.8951566889045,2436.5664830582864,2521.56298828125,29616200,0.0,0.0
2015-01-02,2549.895260887001,2549.895260887001,2464.8987521907675,2483.786865234375,17202800,0.0,0.0
2015-01-02,2483.7867941436184,2512.1189628981083,2436.566512886135,2464.898681640625,12369200,0.0,0.0
2015-01-02,2464.89853724617,2502.6747600392146,2427.122314453125,2427.122314453125,7287400,0.0,0.0
2015-01-02,2436.56640625,2455.4545179263564,2370.458015382752,2436.56640625,4746000,0.0,0.0
2015-01-02,2436.566512886135,2474.3427378921215,2427.1224566346386,2464.898681640625,5734700,0.0,0.0
2015-01-02,2464.898713235294,2464.898713235294,2370.458149509804,2408.234375,4113700,0.0,0.0
2015-01-02,2408.2342674618676,2417.6783234126983,2379.902099609375,2379.902099609375,2322400,0.0,0.0
2015-01-02,2389.3462622549023,2427.122487745098,2342.125980392157,2408.234375,6111000,0.0,0.0
2015-01-02,2408.2342310445715,2417.6782868525897,2370.4580078125,2370.4580078125,4536400,0.0,0.0
2015-01-02,2370.4580436585443,2464.898603166853,2370.4580436585443,2379.902099609375,11874900,0.0,0.0
2015-01-02,2379.902035961819,2474.342592944431,2361.0139245652967,2427.122314453125,17478700,0.0,0.0
2015-01-02,2446.010604276002,2483.7868298246663,2398.7903223401718,2474.3427734375,9305400,0.0,0.0
2015-01-02,2474.3426296027133,2474.3426296027133,2417.6782945736436,2436.56640625,8765000,0.0,0.0
2015-01-02,2436.56640625,2446.0104620881784,2379.9020712209303,2436.56640625,4783000,0.0,0.0
2015-01-02,2436.566471868824,2446.010527961339,2389.34619140625,2389.34619140625,3286900,0.0,0.0
2015-01-02,2398.7901555841618,2493.230712890625,2398.7901555841618,2493.230712890625,20042400,0.0,0.0
2015-01-02,2493.230924479167,2625.4477159288194,2493.230924479167,2549.895263671875,33630000,0.0,0.0
2015-01-02,2559.339126747533,2719.8880756578947,2502.6747918379933,2691.555908203125,42252100,0.0,0.0
2015-01-02,2710.44423274404,2842.661024585213,2691.5561196238727,2748.220458984375,55040400,0.0,0.0
2015-01-02,2748.2203921756227,2795.440673828125,2748.2203921756227,2795.440673828125,38366100,0.0,0.0
2015-01-02,2795.440530019264,2804.8845858639233,2738.7761949513056,2757.664306640625,19693600,0.0,0.0
2015-01-02,2738.7763358451225,2918.2134061246306,2738.7763358451225,2795.440673828125,48087800,0.0,0.0
2015-01-02,2785.99658203125,2842.6609192929022,2748.220357190148,2785.99658203125,35763100,0.0,0.0
2015-01-02,2757.6643424701365,2814.3286782743176,2738.7762305354095,2767.1083984375,27857400,0.0,0.0
2015-01-02,2748.220286502773,2785.996510372227,2748.220286502773,2767.1083984375,7563200,0.0,0.0
2015-01-02,2767.1083984375,2814.3286782743176,2738.7762305354095,2767.1083984375,25527700,0.0,0.0
2015-01-02,2776.552561167124,2795.440673828125,2738.7763358451225,2795.440673828125,14139800,0.0,0.0
2015-01-02,2795.4406985960145,2804.88475501019,2493.230893342391,2606.5595703125,74625600,0.0,0.0
2015-01-02,2616.003662109375,2644.3358317351085,2540.4512097740862,2616.003662109375,19323100,0.0,0.0
2015-01-02,2616.0035910866477,2634.8917036576704,2521.563028231534,2597.115478515625,15778600,0.0,0.0
