Date,Open,High,Low,Close,Volume,Dividends,Stock Splits
2015-01-02,677.6611328125,681.2277703536184,674.0944952713816,677.6611328125,2126400,0.0,0.0
2015-01-02,681.2277703536184,684.7944078947368,670.5278577302631,677.6611328125,2602800,0.0,0.0
2015-01-02,677.6612050046203,677.6612050046203,663.3946533203125,663.3946533203125,4228400,0.0,0.0
2015-01-02,666.9612169420398,666.9612169420398,656.261304370777,659.8279418945312,4480200,0.0,0.0
2015-01-02,666.961203865383,666.961203865383,656.2612915039062,656.2612915039062,2831000,0.0,0.0
2015-01-02,659.8280012342665,659.8280012342665,631.2948984781901,641.9948120117188,13184200,0.0,0.0
2015-01-02,641.9948377966243,670.5279416986966,631.2949238333473,666.9613037109375,8536800,0.0,0.0
2015-01-02,670.5278930664062,688.3610817117893,663.3946176082529,670.5278930664062,12719900,0.0,0.0
2015-01-02,674.0944919895481,677.6611295133024,656.261304370777,659.8279418945312,4918000,0.0,0.0
2015-01-02,656.2612915039062,666.961203865383,656.2612915039062,656.2612915039062,2003700,0.0,0.0
2015-01-02,656.261363389757,656.261363389757,641.9948120117188,641.9948120117188,4464500,0.0,0.0
2015-01-02,645.5614371699328,659.8279882676109,638.4281616210938,638.4281616210938,3506000,0.0,0.0
2015-01-02,641.9948358050848,641.9948358050848,631.294921875,631.294921875,5000700,0.0,0.0
2015-01-02,638.4280875559604,645.561362277256,631.2948128346646,634.8614501953125,6104000,0.0,0.0
2015-01-02,638.4281262139589,652.6946765204161,634.8614886373446,645.5614013671875,22864600,0.0,0.0
2015-01-02,656.2613140970303,659.8279516736446,641.9947637905732,645.5614013671875,19867400,0.0,0.0
2015-01-02,645.5614610151811,649.1280989213423,624.1616335782137,627.728271484375,11326000,0.0,0.0
2015-01-02,631.2948860722547,641.9947993955133,627.7282482978352,638.4281616210938,6310100,0.0,0.0
2015-01-02,634.8615238466742,649.1280749443523,631.2948860722547,638.4281616210938,4939800,0.0,0.0
2015-01-02,638.4281616210938,641.9947993955133,634.8615238466742,638.4281616210938,2944200,0.0,0.0
2015-01-02,641.9947249166081,641.9947249166081,634.8614501953125,634.8614501953125,3636800,0.0,0.0
2015-01-02,638.4281464505058,638.4281464505058,613.4616826228323,617.0283203125,12049800,0.0,0.0
2015-01-02,620.5950927734375,627.7283697018679,620.5950927734375,620.5950927734375,2737300,0.0,0.0
2015-01-02,624.1615956918353,624.1615956918353,617.0283203125,617.0283203125,4631600,0.0,0.0
2015-01-02,620.5949580021676,627.7282333815028,609.8950449331647,617.0283203125,5501100,0.0,0.0
2015-01-02,617.0283577658913,627.728271484375,617.0283577658913,627.728271484375,2878200,0.0,0.0
2015-01-02,627.7282333815028,627.7282333815028,617.0283203125,617.0283203125,3438100,0.0,0.0
2015-01-02,620.5950068983921,624.1616448690725,613.4617309570312,613.4617309570312,3908500,0.0,0.0
2015-01-02,617.0283563625045,617.0283563625045,606.3284426683571,609.8950805664062,5242900,0.0,0.0
2015-01-02,609.8951419692443,617.0284184835044,588.4953124264637,592.0619506835938,11422200,0.0,0.0
2015-01-02,592.0618770714963,599.1951526988637,584.9286014441288,588.4952392578125,5730600,0.0,0.0
2015-01-02,592.061926120665,595.6285642298257,581.3620117931831,584.9286499023438,4132400,0.0,0.0
2015-01-02,584.9285369873047,588.495174407959,570.6619873046875,570.6619873046875,9731700,0.0,0.0
2015-01-02,570.6619873046875,577.795262145996,556.3954376220703,570.6619873046875,9312900,0.0,0.0
2015-01-02,570.662050189394,595.6285148851799,567.0954123757102,588.4952392578125,5119700,0.0,0.0
2015-01-02,588.4952008282697,592.061838409047,577.7952880859375,577.7952880859375,7299900,0.0,0.0
2015-01-02,584.9286499023438,592.061926120665,574.2287355748618,584.9286499023438,4397100,0.0,0.0
2015-01-02,581.3620696670708,624.1617312376527,581.3620696670708,620.5950927734375,22131500,0.0,0.0
2015-01-02,620.5949956720525,641.9948231090199,620.5949956720525,627.728271484375,22076700,0.0,0.0
2015-01-02,627.7282606336805,652.6947255452474,620.5949849446615,641.9948120117188,25650600,0.0,0.0
2015-01-02,634.8615598516949,638.4281978283898,627.7282838983051,631.294921875,5912600,0.0,0.0
2015-01-02,631.2949208104333,634.8615587811137,613.4617309570312,613.4617309570312,6381200,0.0,0.0
2015-01-02,613.4617319915254,638.4281978283898,606.3284560381356,631.294921875,9444700,0.0,0.0
2015-01-02,620.5950927734375,634.8616466302982,617.0284543092224,620.5950927734375,7006900,0.0,0.0
2015-01-02,617.0283454241071,627.7282589285714,617.0283454241071,624.16162109375,3563900,0.0,0.0
2015-01-02,617.0283932657637,624.1616694884893,602.7618408203125,602.7618408203125,4854500,0.0,0.0
2015-01-02,602.76181704499,617.0283689277117,588.4952651622683,613.4617309570312,4083500,0.0,0.0
2015-01-02,606.3284789316754,609.8951170430381,599.1952027089498,602.7618408203125,3304200,0.0,0.0
2015-01-02,602.7618408203125,617.0283932657637,602.7618408203125,602.7618408203125,4258000,0.0,0.0
2015-01-02,606.3284785573076,609.8951166664682,584.9286499023438,584.9286499023438,10191300,0.0,0.0
2015-01-02,588.4952755793472,595.6285516469757,581.3619995117188,581.3619995117188,5138900,0.0,0.0
2015-01-02,588.4952880115044,602.7618404481469,581.3620117931831,584.9286499023438,6133000,0.0,0.0
2015-01-02,588.4952392578125,595.6285148851799,584.9286014441288,588.4952392578125,4604400,0.0,0.0
2015-01-02,588.4952880115044,606.3284785573076,552.828906919898,584.9286499023438,17100300,0.0,0.0
2015-01-02,588.4953128032803,588.4953128032803,574.228759765625,574.228759765625,5578700,0.0,0.0
2015-01-02,574.2286604869215,584.9285734152493,563.5287475585938,563.5287475585938,3679100,0.0,0.0
2015-01-02,574.2287100044786,577.795347954817,559.962158203125,559.962158203125,3338100,0.0,0.0
2015-01-02,559.9621071410335,567.0953823912378,545.695556640625,545.695556640625,3624900,0.0,0.0
2015-01-02,549.2621942657271,552.8288318908293,534.9956437653186,545.695556640625,4131900,0.0,0.0
2015-01-02,549.2621459960938,556.3954206194196,545.6955086844308,549.2621459960938,7444100,0.0,0.0
2015-01-02,549.2622196320565,556.3954952116936,549.2622196320565,552.828857421875,2286700,0.0,0.0
2015-01-02,559.9622071095001,577.79539841872,556.3955688476562,556.3955688476562,11072300,0.0,0.0
2015-01-02,556.3954206194196,567.0953325544085,545.6955086844308,549.2621459960938,3875100,0.0,0.0
2015-01-02,549.2622431704872,552.8288811131528,538.5623293424907,542.1289672851562,6433400,0.0,0.0
2015-01-02,542.1288713727679,552.8287833077567,542.1288713727679,549.2621459960938,5971000,0.0,0.0
2015-01-02,552.8288346302661,574.2286604869215,549.2621969874901,563.5287475585938,16419100,0.0,0.0
2015-01-02,567.0954341038018,574.2287100044786,556.3955202527867,559.962158203125,5407500,0.0,0.0
2015-01-02,563.5286952427455,563.5286952427455,549.2621459960938,549.2621459960938,11493100,0.0,0.0
2015-01-02,549.2621459960938,559.9620579310825,542.1288713727679,549.2621459960938,8902300,0.0,0.0
2015-01-02,538.5623168945312,570.6620576365893,538.5623168945312,538.5623168945312,5872200,0.0,0.0
2015-01-02,542.12900390625,542.12900390625,517.1625366210938,517.1625366210938,12832700,0.0,0.0
2015-01-02,520.7291057747855,524.2957434855716,506.4625549316407,506.4625549316406,4831800,0.0,0.0
2015-01-02,510.02919264242684,517.1624680639993,502.89591722085447,506.4625549316406,4625700,0.0,0.0
2015-01-02,510.0292416836353,513.595879737367,502.8959655761719,502.8959655761719,2950100,0.0,0.0
2015-01-02,502.8959147877937,502.8959147877937,485.06272632014145,488.6293640136719,5426200,0.0,0.0
2015-01-02,488.6293640136719,502.8959147877937,485.06272632014145,488.6293640136719,9094900,0.0,0.0
2015-01-02,495.76266895640975,495.76266895640975,467.22956570712,470.79620361328125,7193300,0.0,0.0
2015-01-02,474.36287202609805,474.36287202609805,445.82976694182145,452.9630432128906,18700200,0.0,0.0
2015-01-02,452.9629743022303,463.66288708102314,442.2630615234375,442.2630615234375,8260900,0.0,0.0
2015-01-02,431.563123885445,445.82967343537706,410.1632995605469,410.1632995605469,16505200,0.0,0.0
2015-01-02,410.1633662671114,410.1633662671114,392.3301764294109,403.03009033203125,8111800,0.0,0.0
2015-01-02,403.0300961056271,410.16337214289484,392.33018204972547,395.8968200683594,5738700,0.0,0.0
2015-01-02,392.33013916015625,399.46341441761365,388.76350153142755,392.33013916015625,4339900,0.0,0.0
2015-01-02,388.7635936918713,392.33023216610866,370.93040132068455,374.4970397949219,4565200,0.0,0.0
2015-01-02,374.4969510165128,395.89677678888495,374.4969510165128,392.33013916015625,6145400,0.0,0.0
2015-01-02,392.3301774364407,435.1298331567797,392.3301774364407,420.86328125,7898800,0.0,0.0
2015-01-02,413.72995976039346,427.99651009695873,399.4634094238282,399.4634094238281,3812900,0.0,0.0
2015-01-02,406.596734124261,420.86328619879646,392.33018204972547,395.8968200683594,8199500,0.0,0.0
2015-01-02,403.0300671807651,420.8632559940733,395.8967916554418,413.72998046875,6613700,0.0,0.0
2015-01-02,413.7299607799899,452.9629743022303,413.7299607799899,442.2630615234375,16731100,0.0,0.0
2015-01-02,452.9630493164062,463.6629638671875,445.82977294921875,445.82977294921875,8827800,0.0,0.0
2015-01-02,445.82972450861854,456.52963789682536,442.2630867125496,449.3963623046875,2951100,0.0,0.0
2015-01-02,452.9629743022303,452.9629743022303,442.2630615234375,442.2630615234375,2004300,0.0,0.0
2015-01-02,449.3962610756479,449.3962610756479,427.9964391196646,438.69635009765625,3546700,0.0,0.0
2015-01-02,445.82969911636843,449.39633670929936,438.6964239305065,442.2630615234375,3659500,0.0,0.0
2015-01-02,435.1297863375756,449.39633670929936,435.1297863375756,442.2630615234375,3434300,0.0,0.0
2015-01-02,445.82977294921875,449.3964111328125,442.263134765625,445.82977294921875,1968500,0.0,0.0
2015-01-02,449.3963761763139,477.92947942560363,449.3963761763139,470.79620361328125,11980300,0.0,0.0
2015-01-02,470.79630220853363,510.0293273925781,470.79630220853363,510.0293273925781,18944800,0.0,0.0
2015-01-02,506.46246730259486,524.2956527709961,495.76255602155413,499.3291931152344,14436000,0.0,0.0
2015-01-02,506.46268873948316,513.5959660456731,495.7627727801983,510.0293273925781,7109300,0.0,0.0
2015-01-02,513.5957821116727,513.5957821116727,485.06268310546875,485.06268310546875,7146600,0.0,0.0
2015-01-02,485.0627367980498,485.0627367980498,470.79618571575423,474.3628234863281,3095300,0.0,0.0
2015-01-02,474.36284151944244,485.0627552379261,463.66292780095876,470.79620361328125,3353000,0.0,0.0
2015-01-02,470.7962036132812,488.6293931440873,467.22956570712,470.79620361328125,2380400,0.0,0.0
2015-01-02,470.7962036132812,477.92947942560363,470.7962036132812,470.79620361328125,2021500,0.0,0.0
2015-01-02,463.6629638671875,474.3628784179687,442.263134765625,445.82977294921875,3968600,0.0,0.0
2015-01-02,445.8297470868644,445.8297470868644,413.73000529661016,420.86328125,2661100,0.0,0.0
2015-01-02,424.4299135843913,435.1298273722331,420.86327565511067,427.9965515136719,4361100,0.0,0.0
2015-01-02,431.56321416135694,445.8297666956167,427.996576027792,435.1298522949219,2331800,0.0,0.0
2015-01-02,438.69645242130053,438.69645242130053,424.4299011230469,424.4299011230469,3673700,0.0,0.0
2015-01-02,424.42987556131476,427.9965131710737,417.2966003417969,417.2966003417969,2655100,0.0,0.0
2015-01-02,413.72998046875,420.8632559940733,410.1633427060884,413.72998046875,1908500,0.0,0.0
2015-01-02,413.72998046875,424.42989375673494,410.1633427060884,413.72998046875,4281300,0.0,0.0
2015-01-02,420.86321172299597,424.429849110479,410.1632995605469,410.1632995605469,2084300,0.0,0.0
2015-01-02,413.7300042346515,420.86328016973175,403.03009033203125,403.03009033203125,3450900,0.0,0.0
2015-01-02,403.03007239626163,413.72998582271106,403.03007239626163,406.5967102050781,1763600,0.0,0.0
2015-01-02,406.59670494342674,420.8632559940733,406.59670494342674,413.72998046875,4786700,0.0,0.0
2015-01-02,413.7299369480299,420.86321172299597,410.1632995605469,410.1632995605469,3326600,0.0,0.0
2015-01-02,410.1633221762521,410.1633221762521,395.89677183968683,399.4634094238281,2669700,0.0,0.0
2015-01-02,399.46341441761365,406.59668967507105,392.33013916015625,392.33013916015625,1759600,0.0,0.0
2015-01-02,392.3301625474591,392.3301625474591,374.4969733407564,381.6302490234375,2316000,0.0,0.0
2015-01-02,381.6302490234375,388.7635247061186,374.4969733407564,381.6302490234375,1391400,0.0,0.0
2015-01-02,381.6302312215169,395.8967819213867,378.06359354654944,385.1968688964844,3069500,0.0,0.0
2015-01-02,385.19688686477804,395.89680038879965,378.06361118209696,381.6302490234375,1919700,0.0,0.0
2015-01-02,385.19686390269885,403.03005204634235,381.6302262739702,392.33013916015625,3878100,0.0,0.0
2015-01-02,395.89680038879965,395.89680038879965,381.6302490234375,381.6302490234375,2234900,0.0,0.0
2015-01-02,385.19688686477804,388.7635247061186,378.06361118209696,381.6302490234375,2147000,0.0,0.0
2015-01-02,388.7635118016657,388.7635118016657,374.49696090986146,378.0635986328125,1674300,0.0,0.0
2015-01-02,374.4969733407564,385.19688686477804,374.4969733407564,381.6302490234375,1844100,0.0,0.0
2015-01-02,385.19687407871464,385.19687407871464,374.49696090986146,378.0635986328125,2224300,0.0,0.0
2015-01-02,381.6302363557636,381.6302363557636,374.49696090986146,378.0635986328125,812500,0.0,0.0
2015-01-02,381.6302363557636,385.19687407871464,374.49696090986146,378.0635986328125,1099800,0.0,0.0
2015-01-02,378.06367826915925,378.06367826915925,374.4970397949219,374.4970397949219,3545600,0.0,0.0
2015-01-02,378.06367826915925,378.06367826915925,370.93040132068455,374.4970397949219,1328600,0.0,0.0
2015-01-02,374.4969843892218,374.4969843892218,367.36370849609375,367.36370849609375,577900,0.0,0.0
2015-01-02,367.36370849609375,367.36370849609375,360.2304326029657,367.36370849609375,2177100,0.0,0.0
2015-01-02,367.3637329101563,367.3637329101563,353.09718017578126,356.663818359375,3837100,0.0,0.0
2015-01-02,360.2304270659068,360.2304270659068,343.1105651855469,343.1105651855469,2473400,0.0,0.0
2015-01-02,344.5371690385797,344.5371690385797,317.43072509765625,317.43072509765625,6391500,0.0,0.0
2015-01-02,320.99743907246955,320.99743907246955,304.59090329765445,307.4442138671875,1666300,0.0,0.0
2015-01-02,306.73085992986506,313.8641357421875,293.1776358864524,313.8641357421875,1796600,0.0,0.0
2015-01-02,312.43750613203673,320.99743780688704,305.3042297363281,305.3042297363281,1072600,0.0,0.0
2015-01-02,304.59088134765625,309.5841744845031,303.16422616570003,304.59088134765625,533400,0.0,0.0
2015-01-02,304.59090448194934,311.72418093351723,302.450921546479,309.5841979980469,724800,0.0,0.0
2015-01-02,306.73084312761335,309.58415329624233,303.8775329589844,303.8775329589844,352900,0.0,0.0
2015-01-02,306.01751094241797,308.1574935364209,294.60427044106905,297.45758056640625,388500,0.0,0.0
2015-01-02,297.45761830399675,297.45761830399675,290.3243420856755,292.4643249511719,577400,0.0,0.0
2015-01-02,292.4643374712039,298.17095869015424,272.4911632048778,278.1977844238281,2301700,0.0,0.0
2015-01-02,277.484424664223,277.484424664223,257.5112527089576,260.36456298828125,3091800,0.0,0.0
2015-01-02,260.3645791730654,274.6311314565211,260.3645791730654,270.3511657714844,2068900,0.0,0.0
2015-01-02,272.491109743442,273.2044372558594,267.4978171565203,273.2044372558594,481000,0.0,0.0
2015-01-02,273.20446640817744,276.0577767623098,260.3645698145816,271.0644836425781,719000,0.0,0.0
2015-01-02,271.06444517771405,281.76435748736066,271.06444517771405,273.9177551269531,1570200,0.0,0.0
2015-01-02,273.91776815878376,273.91776815878376,263.9311828613281,263.9311828613281,701100,0.0,0.0
2015-01-02,263.93120932116733,263.93120932116733,255.3712782080484,257.5112609863281,1098000,0.0,0.0
2015-01-02,249.66469054009502,249.66469054009502,216.13828923899655,223.98489379882812,3591900,0.0,0.0
2015-01-02,223.98485213059647,233.971437894381,222.55819702148438,222.55819702148438,2068700,0.0,0.0
2015-01-02,228.26480102539062,228.26480102539062,216.13823347091673,228.26480102539062,2228900,0.0,0.0
2015-01-02,230.4047981644802,248.2379868769013,224.69817777650547,241.8180389404297,3264300,0.0,0.0
2015-01-02,246.09803771972656,260.36459063101506,238.9647612640823,246.09803771972656,2172500,0.0,0.0
2015-01-02,246.09798431396484,267.4978090369183,245.38465682319972,262.5045166015625,4332300,0.0,0.0
2015-01-02,266.0711747920713,270.3511400702279,251.09129631852306,255.3712615966797,2476800,0.0,0.0
2015-01-02,253.23133750395343,258.93795919418335,241.10476641221481,251.0913543701172,1707700,0.0,0.0
2015-01-02,249.6646217677904,263.93117158309275,249.6646217677904,262.5045166015625,1536500,0.0,0.0
2015-01-02,262.5045370602741,262.5045370602741,254.65793405032025,255.3712615966797,967600,0.0,0.0
2015-01-02,253.23128703036738,253.94461459946703,238.96473564837487,244.67135620117188,684300,0.0,0.0
2015-01-02,246.8113121413066,247.52463963304447,238.9647097321899,243.2446746826172,479200,0.0,0.0
2015-01-02,249.6646759475487,251.09133123867755,243.24472713746889,246.09803771972656,1077400,0.0,0.0
2015-01-02,243.24466902788947,245.38465145335476,242.53134155273438,242.53134155273438,459000,0.0,0.0
2015-01-02,245.38470458984372,248.2380151083303,243.24472170097883,245.38470458984375,401900,0.0,0.0
2015-01-02,243.24471073262174,247.52467631735996,243.24471073262174,243.95803833007812,704300,0.0,0.0
2015-01-02,243.95804552676074,243.95804552676074,237.538096960267,238.96475219726562,664100,0.0,0.0
2015-01-02,239.6780632174745,244.67135620117188,238.25140807927525,244.67135620117188,565300,0.0,0.0
2015-01-02,244.67135620117188,246.09801133937114,242.531373493873,244.67135620117188,574600,0.0,0.0
2015-01-02,245.38468794389203,249.6646534312855,235.3981018066406,235.39810180664062,3871700,0.0,0.0
2015-01-02,235.39809100395811,245.38467668291392,231.8314532614739,241.8180389404297,2060100,0.0,0.0
2015-01-02,245.38465145335476,252.5179262049058,241.81801407757928,242.53134155273438,2204400,0.0,0.0
2015-01-02,242.53137622359236,247.52466926348984,238.2514107608231,241.10472106933594,1281500,0.0,0.0
2015-01-02,238.9647607716909,241.1047437039747,235.3981225512179,236.1114501953125,2695400,0.0,0.0
2015-01-02,236.1114496658277,236.1114496658277,226.12486267089844,226.12486267089844,1688600,0.0,0.0
2015-01-02,221.13155866924086,224.69819671229314,216.85159301757815,216.85159301757812,3487600,0.0,0.0
2015-01-02,216.8516003130261,218.991583210852,211.14497925215701,211.85830688476562,2445100,0.0,0.0
2015-01-02,214.71160888671875,217.56491930381802,213.28495367816913,214.71160888671875,673000,0.0,0.0
2015-01-02,213.28491716261036,230.4047767341911,213.28491716261036,219.70486450195312,3090700,0.0,0.0
2015-01-02,222.55817163770445,233.97141120886877,222.55817163770445,228.97811889648438,3741300,0.0,0.0
2015-01-02,233.97143966581194,246.09800818507657,231.83145698594168,232.54478454589844,6702100,0.0,0.0
2015-01-02,237.53807153836104,255.37126009229206,236.8247439962038,253.2312774658203,6239000,0.0,0.0
2015-01-02,253.23127932664826,268.2111578220275,253.23127932664826,263.2178649902344,4508000,0.0,0.0
2015-01-02,263.9312463519217,320.2841340865212,263.9312463519217,310.29754638671875,7883000,0.0,0.0
2015-01-02,310.2975466956011,353.09720830878746,310.2975466956011,352.3838806152344,12608100,0.0,0.0
2015-01-02,355.95048680121295,367.3637288629753,324.5640711313665,332.4106750488281,11008300,0.0,0.0
2015-01-02,332.41065424437164,348.8171886813256,323.13739564957154,331.69732666015625,7205200,0.0,0.0
2015-01-02,333.83729771205356,335.2639528304811,314.57745361328125,314.57745361328125,4756100,0.0,0.0
2015-01-02,314.57751254377695,319.5708063936782,310.29754638671875,310.29754638671875,2199500,0.0,0.0
2015-01-02,314.5774803161621,314.5774803161621,306.7308764987522,308.15753173828125,2948800,0.0,0.0
2015-01-02,310.29752564320364,313.1508362238308,306.7308874174197,309.5841979980469,1157400,0.0,0.0
2015-01-02,309.5841878751429,309.5841878751429,292.4643249511719,292.4643249511719,4147100,0.0,0.0
2015-01-02,296.03092550373765,303.1642008170807,292.4642878470661,297.45758056640625,2566300,0.0,0.0
2015-01-02,299.59758982938877,301.7375726138844,286.757693122415,291.03765869140625,3050600,0.0,0.0
2015-01-02,291.0376531427557,291.0376531427557,280.337739424272,282.47772216796875,2007700,0.0,0.0
2015-01-02,285.33108111509347,285.33108111509347,274.6311655732774,276.7711486816406,3105500,0.0,0.0
2015-01-02,278.19772031126905,280.3377027752019,253.9445857200302,254.6579132080078,6136800,0.0,0.0
2015-01-02,260.36456714976913,313.8641357421875,256.0846016623757,313.8641357421875,14001700,0.0,0.0
2015-01-02,313.86412706420316,330.2706609789229,286.7576797268402,301.02423095703125,8131000,0.0,0.0
2015-01-02,305.3041836080811,342.39721526139937,303.8775285444919,340.2572326660156,14069100,0.0,0.0
2015-01-02,342.39722129026075,356.66377217735493,335.2639458467137,348.8171691894531,11753700,0.0,0.0
2015-01-02,349.5305246546649,349.5305246546649,338.8306106346241,344.5372314453125,3561400,0.0,0.0
2015-01-02,343.1105749130249,344.5372301101684,339.543936920166,342.3972473144531,2050000,0.0,0.0
2015-01-02,342.39724771424676,342.39724771424676,323.13740253032034,326.70404052734375,2045500,0.0,0.0
2015-01-02,320.99746177936424,326.7040833221085,310.29754638671875,310.29754638671875,2489600,0.0,0.0
2015-01-02,311.0108240332702,324.5640480163714,299.5975827843428,311.7241516113281,5078300,0.0,0.0
2015-01-02,313.15081519287673,316.7174531791282,308.15752201212473,308.870849609375,1323000,0.0,0.0
2015-01-02,309.5841485990895,313.86411378709533,297.45758056640625,297.45758056640625,2015100,0.0,0.0
2015-01-02,292.4643374712039,292.4643374712039,274.6311461619842,278.1977844238281,3804400,0.0,0.0
2015-01-02,281.05102367352345,294.60424562732277,277.48438631726043,278.9110412597656,4211900,0.0,0.0
2015-01-02,283.1910628265945,285.3310456691128,270.3511657714844,270.3511657714844,6703300,0.0,0.0
2015-01-02,273.20444343663473,286.044338950628,273.20444343663473,281.7643737792969,6388200,0.0,0.0
2015-01-02,282.4777499647026,297.45763064464893,282.4777499647026,296.0309753417969,8681900,0.0,0.0
2015-01-02,299.59756770604093,312.43746346487126,296.744257537412,303.8775329589844,9605500,0.0,0.0
2015-01-02,303.16424801288787,308.870869151954,298.17095451620503,307.4442138671875,3077100,0.0,0.0
2015-01-02,308.1574760105299,329.5573007334834,308.1574760105299,328.1306457519531,13365600,0.0,0.0
2015-01-02,328.1306887390793,336.690619749664,326.7040335706485,331.69732666015625,8604200,0.0,0.0
2015-01-02,333.83727064315696,340.9705456568996,331.6972881390342,334.55059814453125,8368900,0.0,0.0
2015-01-02,334.5506189873878,335.2639465332031,318.14408543363527,335.2639465332031,7389400,0.0,0.0
2015-01-02,335.26394503019606,335.26394503019606,320.9973941778473,333.12396240234375,2196200,0.0,0.0
2015-01-02,333.12396088961896,333.12396088961896,325.2773579564588,330.9839782714844,1091800,0.0,0.0
2015-01-02,328.13069572615314,330.27067852436716,324.56405772912973,326.70404052734375,1219500,0.0,0.0
2015-01-02,325.99071158943593,328.8440219753391,319.5707632211538,324.5640563964844,1448200,0.0,0.0
2015-01-02,327.4173555689932,328.1306831410389,320.9974074205815,323.13739013671875,916800,0.0,0.0
2015-01-02,323.850727452641,326.70403782667313,316.0041239240528,322.424072265625,883000,0.0,0.0
2015-01-02,322.424072265625,322.424072265625,322.424072265625,322.424072265625,0,0.0,0.0
2015-01-02,320.9974060058594,323.1373887125651,306.7308546278212,320.9974060058594,4185000,0.0,0.0
2015-01-02,320.9973721890836,320.9973721890836,310.29745978278083,316.7174072265625,1213000,0.0,0.0
2015-01-02,313.8641398202603,322.4240709062674,309.58417427725675,320.2840881347656,2544300,0.0,0.0
2015-01-02,320.9973658193456,363.79701459525836,320.9973658193456,360.2303771972656,23607100,0.0,0.0
2015-01-02,360.2304398820207,403.0300961056271,352.3838362410262,395.8968200683594,22030800,0.0,0.0
2015-01-02,392.3301538927802,442.26308257004314,388.76351613011855,413.72998046875,15480900,0.0,0.0
2015-01-02,413.72998582271106,420.863261440344,392.3301589698122,406.5967102050781,5747200,0.0,0.0
2015-01-02,406.5966171636814,442.2629870903201,399.4633431783536,438.69635009765625,8751500,0.0,0.0
2015-01-02,442.2629870903201,456.5295350609756,427.9964391196646,438.69635009765625,15731400,0.0,0.0
2015-01-02,438.6964489164806,452.9630001007564,424.42989773220484,449.3963623046875,15706200,0.0,0.0
2015-01-02,445.8297666956167,449.3964048291816,435.1298522949219,435.1298522949219,2512300,0.0,0.0
2015-01-02,435.1297131049924,442.2629870903201,435.1297131049924,438.69635009765625,1133700,0.0,0.0
2015-01-02,438.6964906707523,463.6629576194943,435.12985253521776,452.9630432128906,15666600,0.0,0.0
2015-01-02,456.529732696281,456.529732696281,427.9966244027634,431.5632629394531,4260100,0.0,0.0
2015-01-02,427.99653894761025,442.26309024586396,413.7299876493566,424.4299011230469,3260100,0.0,0.0
2015-01-02,427.996576027792,449.3964048291816,427.996576027792,435.1298522949219,4251000,0.0,0.0
2015-01-02,427.9965515136719,435.1298273722331,417.29663772583007,427.9965515136719,5728800,0.0,0.0
2015-01-02,427.996576027792,438.6964904284868,424.42993789422707,435.1298522949219,2849400,0.0,0.0
2015-01-02,427.9966244027634,431.5632629394531,424.4299858660737,431.5632629394531,1612700,0.0,0.0
2015-01-02,431.5632629394531,438.6965400128325,427.9966244027634,431.5632629394531,1051200,0.0,0.0
2015-01-02,431.5631894429525,435.1298273722331,420.86327565511067,427.9965515136719,3561600,0.0,0.0
2015-01-02,424.42989375673494,435.1298070447198,413.72998046875,413.72998046875,6093500,0.0,0.0
2015-01-02,420.86328125,427.99655720338984,413.73000529661016,420.86328125,2826700,0.0,0.0
2015-01-02,417.29657433551296,417.29657433551296,403.03002478558085,410.1632995605469,4528400,0.0,0.0
2015-01-02,406.59666217306386,413.7299369480299,399.46338739809784,410.1632995605469,2299200,0.0,0.0
2015-01-02,413.73000529661016,427.99655720338984,410.16336731991527,420.86328125,6155100,0.0,0.0
2015-01-02,424.42980212700076,449.3962610756479,424.42980212700076,438.69635009765625,10720000,0.0,0.0
2015-01-02,445.82972132173694,474.3628234863281,445.82972132173694,474.3628234863281,20145800,0.0,0.0
2015-01-02,477.92944599398606,499.3292719340153,474.36280833731456,495.76263427734375,14399300,0.0,0.0
2015-01-02,492.19613412710333,513.5959660456731,477.9295795147235,510.0293273925781,19649800,0.0,0.0
2015-01-02,513.59578125,538.5622428385416,506.46250651041663,534.99560546875,50089200,0.0,0.0
2015-01-02,534.9955656090561,534.9955656090561,517.1623800887543,524.295654296875,30743800,0.0,0.0
2015-01-02,524.295654296875,531.4289285049957,517.1623800887543,524.295654296875,38883300,0.0,0.0
2015-01-02,524.295654296875,534.9955656090561,520.7290171928146,524.295654296875,6230800,0.0,0.0
2015-01-02,527.862322126116,559.9620579310825,524.2956848144531,549.2621459960938,27671300,0.0,0.0
2015-01-02,545.6955593447142,570.6620228441456,538.5622840591624,563.5287475585938,12751100,0.0,0.0
2015-01-02,567.0953852013697,570.6620228441456,552.8288346302661,563.5287475585938,8173500,0.0,0.0
2015-01-02,567.0954197763607,567.0954197763607,538.5623168945312,538.5623168945312,5105900,0.0,0.0
2015-01-02,538.5622813904207,549.2621942657271,524.2957308900122,545.695556640625,4899400,0.0,0.0
2015-01-02,545.695581842238,559.9621330015121,542.1289440524193,552.828857421875,6643600,0.0,0.0
2015-01-02,552.828857421875,559.9621330015121,545.695581842238,552.828857421875,6831700,0.0,0.0
2015-01-02,549.2621459960938,556.3954206194196,549.2621459960938,549.2621459960938,1370800,0.0,0.0
2015-01-02,552.8288683354459,556.3955061956747,538.5623168945312,538.5623168945312,2291100,0.0,0.0
2015-01-02,538.5622785413588,549.2621913600613,524.2957281164221,527.8623657226562,1561400,0.0,0.0
2015-01-02,527.8623685151144,552.8288318908293,527.8623685151144,545.695556640625,3631000,0.0,0.0
2015-01-02,545.695581842238,574.2286841607863,545.695581842238,552.828857421875,9108800,0.0,0.0
2015-01-02,556.3954206194196,563.5286952427455,542.1288713727679,549.2621459960938,3821000,0.0,0.0
2015-01-02,534.9957392765925,563.5288453713441,534.9957392765925,556.3955688476562,4390500,0.0,0.0
2015-01-02,556.395472273042,592.0618487008011,552.8288346302661,563.5287475585938,19964600,0.0,0.0
2015-01-02,559.9621440559033,559.9621440559033,534.9956790343025,538.5623168945312,5433400,0.0,0.0
2015-01-02,542.1289672851562,552.8288811131528,538.5623293424907,542.1289672851562,2398700,0.0,0.0
2015-01-02,549.2621942657271,552.8288318908293,542.1289190155229,545.695556640625,3508500,0.0,0.0
2015-01-02,549.2621942657271,559.9621071410335,545.695556640625,545.695556640625,5699600,0.0,0.0
2015-01-02,556.395568112293,599.1952271978539,556.395568112293,592.0619506835938,23738800,0.0,0.0
2015-01-02,606.3284789316754,613.4617551544009,595.6285645975869,602.7618408203125,17909600,0.0,0.0
2015-01-02,602.7617240905762,609.8949989318847,567.0953498840332,570.6619873046875,11025800,0.0,0.0
2015-01-02,570.6620854102761,581.3619995117188,567.0954473764618,581.3619995117188,6396100,0.0,0.0
2015-01-02,581.361948841023,584.9285865639741,567.0953979492188,567.0953979492188,4757500,0.0,0.0
2015-01-02,577.7953111180719,577.7953111180719,556.3954847803656,567.0953979492188,3726700,0.0,0.0
2015-01-02,567.0954085811493,577.7953219506048,549.2622196320565,552.828857421875,6282200,0.0,0.0
2015-01-02,552.828857421875,552.828857421875,552.828857421875,552.828857421875,0,0.0,0.0
2015-01-02,552.828857421875,552.828857421875,552.828857421875,552.828857421875,0,0.0,0.0
2015-01-02,581.3619357724733,584.9285734152493,559.9621099158179,563.5287475585938,5617900,0.0,0.0
2015-01-02,570.6620228441456,570.6620228441456,563.5287475585938,563.5287475585938,2103700,0.0,0.0
2015-01-02,567.0953498840332,570.6619873046875,563.5287124633788,570.6619873046875,2926100,0.0,0.0
2015-01-02,570.6621215062112,581.3620362844526,563.5288449873835,574.228759765625,9537700,0.0,0.0
2015-01-02,574.2286505051601,584.9285632474923,567.0953753436054,577.7952880859375,3465900,0.0,0.0
2015-01-02,577.7953736840225,592.061926120665,577.7953736840225,584.9286499023438,4813300,0.0,0.0
2015-01-02,588.4952008282697,588.4952008282697,570.6620129243827,577.7952880859375,1785100,0.0,0.0
2015-01-02,577.7952880859375,581.3619256667149,570.6620129243827,577.7952880859375,2116500,0.0,0.0
2015-01-02,574.2287100044786,577.795347954817,552.8288823024483,559.962158203125,3191900,0.0,0.0
2015-01-02,563.5287602262678,574.228673395121,559.9621225033167,567.0953979492188,1396200,0.0,0.0
2015-01-02,567.0953753436054,581.3619256667149,567.0953753436054,577.7952880859375,2546400,0.0,0.0
2015-01-02,584.9285369873047,584.9285369873047,570.6619873046875,570.6619873046875,4058500,0.0,0.0
2015-01-02,574.2287234440903,588.4952755793472,574.2287234440903,581.3619995117188,4360300,0.0,0.0
2015-01-02,584.9286014441288,599.1951526988637,584.9286014441288,588.4952392578125,2996800,0.0,0.0
2015-01-02,592.0619510626941,595.6285893221079,574.228759765625,574.228759765625,1289700,0.0,0.0
2015-01-02,574.2287234440903,588.4952755793472,570.6620854102761,581.3619995117188,3658000,0.0,0.0
2015-01-02,588.4952392578125,588.4952392578125,577.7953258167614,588.4952392578125,1437800,0.0,0.0
2015-01-02,588.4952392578125,592.0618770714963,577.7953258167614,588.4952392578125,2036800,0.0,0.0
2015-01-02,588.4952392578125,588.4952392578125,588.4952392578125,588.4952392578125,0,0.0,0.0
2015-01-02,595.7606201171875,595.7606201171875,581.229873285061,595.7606201171875,2458200,15.0,0.0
2015-01-02,595.7606201171875,595.7606201171875,595.7606201171875,595.7606201171875,0,0.0,0.0
2015-01-02,595.7606201171875,595.7606201171875,595.7606201171875,595.7606201171875,0,0.0,0.0
2015-01-02,595.7606201171875,595.7606201171875,595.7606201171875,595.7606201171875,0,0.0,0.0
2015-01-02,595.7606201171875,595.7606201171875,595.7606201171875,595.7606201171875,0,0.0,0.0
2015-01-02,595.7606201171875,595.7606201171875,595.7606201171875,595.7606201171875,0,0.0,0.0
2015-01-02,726.5373498351131,726.5373498351131,686.5777955941819,722.9046630859375,3,0.0,0.0
2015-01-02,722.9046138347966,755.5987923499382,715.6392408314318,733.8026733398438,13706700,0.0,0.0
2015-01-02,733.8027157856123,733.8027157856123,701.1085353793227,715.6392822265625,4438100,0.0,0.0
2015-01-02,715.6392822265625,730.1700290738024,701.1085353793227,715.6392822265625,4212900,0.0,0.0
2015-01-02,715.6392592185455,715.6392592185455,686.5777664584016,693.8431396484375,5970500,0.0,0.0
2015-01-02,693.8432076409691,715.6393293469681,693.8432076409691,701.1085815429688,4060100,0.0,0.0
2015-01-02,701.108524283183,715.639270900451,701.108524283183,704.7412109375,1337000,0.0,0.0
2015-01-02,704.7411113017314,730.1699142868455,639.3527607685811,672.0469360351562,12115200,0.0,0.0
2015-01-02,672.0470394558378,675.679726155599,624.822112358941,653.8836059570312,8628900,0.0,0.0
2015-01-02,657.5162888851912,682.9450956376571,650.2509155273438,650.2509155273438,6838300,0.0,0.0
2015-01-02,650.2509229459815,661.1489831070874,639.3528627848757,657.5162963867188,5432400,0.0,0.0
2015-01-02,657.5162963867188,668.4143565478246,650.2509229459815,657.5162963867188,5070300,0.0,0.0
2015-01-02,657.5162626225898,682.945068359375,639.3528299534574,682.945068359375,6902700,0.0,0.0
2015-01-02,690.2103271484375,712.0064427425987,686.5776412160773,690.2103271484375,5599200,0.0,0.0
2015-01-02,693.8431396484375,704.7411994334915,690.2104530534195,693.8431396484375,6177200,0.0,0.0
2015-01-02,693.8431826355637,704.7412430958082,672.0470617150748,675.6797485351562,4105500,0.0,0.0
2015-01-02,675.6797337794043,686.5777940016527,642.9855531126589,661.1489868164062,11161500,0.0,0.0
2015-01-02,657.5163000756568,679.3124205201538,653.8836133349073,661.1489868164062,3351900,0.0,0.0
2015-01-02,661.1489904851861,675.6797375288166,657.5163037242786,664.7816772460938,5203900,0.0,0.0
2015-01-02,668.4143489219623,679.3124089587335,650.2509155273438,650.2509155273438,6106600,0.0,0.0
2015-01-02,646.6182325575087,664.7816660563152,646.6182325575087,653.8836059570312,3177200,0.0,0.0
2015-01-02,650.2509229459815,664.781669827456,635.7201760645071,657.5162963867188,2713800,0.0,0.0
2015-01-02,661.1489868164062,672.0470470386547,650.2509265941578,661.1489868164062,3935300,0.0,0.0
2015-01-02,675.6797375288166,675.6797375288166,661.1489904851861,664.7816772460938,7189900,0.0,0.0
2015-01-02,664.7816505432129,726.5373229980469,661.1489639282227,697.475830078125,19074400,0.0,0.0
2015-01-02,701.108524283183,715.639270900451,693.843150974549,704.7412109375,7586600,0.0,0.0
2015-01-02,704.7411994334915,715.6392592185455,690.2104530534195,693.8431396484375,7811400,0.0,0.0
2015-01-02,693.8430861569523,704.7411451018259,646.6181640625,646.6181640625,10847800,0.0,0.0
2015-01-02,657.5161914722339,679.3123083166174,650.2508191907729,672.0469360351562,4711300,0.0,0.0
2015-01-02,679.3123779296875,693.8431239816595,672.0470049037016,679.3123779296875,7605800,0.0,0.0
2015-01-02,679.3123083166174,690.2103667388092,672.0469360351562,672.0469360351562,4908100,0.0,0.0
2015-01-02,672.0470049037016,686.5777509556735,672.0470049037016,679.3123779296875,3437200,0.0,0.0
2015-01-02,679.3123932683656,708.3738860285096,679.3123932683656,693.8431396484375,14996200,0.0,0.0
2015-01-02,697.4758193597561,744.7007446289062,693.8431328005906,744.7007446289062,37977500,0.0,0.0
2015-01-02,751.9662004082124,813.7218787026067,748.3335134497187,766.4969482421875,41295000,0.0,0.0
2015-01-02,766.4968639838986,766.4968639838986,741.0680580697408,744.7007446289062,11307000,0.0,0.0
2015-01-02,744.7007598146868,762.8641929808987,719.2719533819902,759.2315063476562,13173700,0.0,0.0
2015-01-02,759.2315743252,781.0276960761627,751.9662004082124,766.4969482421875,11231400,0.0,0.0
2015-01-02,741.067966677108,784.6602000110555,741.067966677108,770.1294555664062,16296300,0.0,0.0
2015-01-02,773.7621831120672,810.0890461689718,773.7621831120672,806.4563598632812,25922200,0.0,0.0
2015-01-02,806.4565363103693,824.619971812855,791.9257879083807,799.191162109375,16026100,0.0,0.0
2015-01-02,802.8236735575908,810.0890461689718,791.9256146405195,806.4563598632812,4502000,0.0,0.0
2015-01-02,799.1910552978516,813.7218017578125,799.1910552978516,813.7218017578125,7125300,0.0,0.0
2015-01-02,813.721920543722,817.3546076890065,791.9257976720152,810.0892333984375,7636100,0.0,0.0
2015-01-02,810.0892234108665,810.0892234108665,795.5584750088778,799.191162109375,4776600,0.0,0.0
2015-01-02,799.1910201671511,799.1910201671511,751.9660962481831,781.027587890625,9941000,0.0,0.0
2015-01-02,784.6602420291385,810.0890461689718,773.7621831120672,806.4563598632812,9308900,0.0,0.0
2015-01-02,802.8236735575908,810.0890461689718,788.292928334829,806.4563598632812,7895200,0.0,0.0
2015-01-02,813.721790158371,831.8852229744061,802.82373046875,802.82373046875,7321300,0.0,0.0
2015-01-02,791.9257976720152,813.721920543722,791.9257976720152,810.0892333984375,10470400,0.0,0.0
2015-01-02,810.0892333984375,817.3546076890065,802.8238591078687,810.0892333984375,2141100,0.0,0.0
2015-01-02,810.0891007245598,857.3140258789062,810.0891007245598,857.3140258789062,12891800,0.0,0.0
2015-01-02,868.2121617635091,871.8448486328125,850.0487274169922,871.8448486328125,10158700,0.0,0.0
2015-01-02,904.5390014648438,904.5390014648438,871.844820689006,904.5390014648438,12013000,0.0,0.0
2015-01-02,904.539040198693,944.4985961914062,900.9063532902645,944.4985961914062,10135300,0.0,0.0
2015-01-02,944.4986898110682,966.2948134220928,908.1718171260271,911.8045043945312,9961900,0.0,0.0
2015-01-02,911.8045043945312,922.7025662000435,904.539129857523,911.8045043945312,3957900,0.0,0.0
2015-01-02,900.9064425890189,940.866002542564,900.9064425890189,911.8045043945312,6189300,0.0,0.0
2015-01-02,926.3350791630783,933.6004523329848,911.8043328232652,922.702392578125,1917600,0.0,0.0
2015-01-02,929.9677596830986,1042.581043082224,926.3350731218366,1031.6829833984375,25155800,0.0,0.0
2015-01-02,1035.3157529726134,1038.9484398251489,984.4581370371166,991.7235107421875,8534800,0.0,0.0
2015-01-02,991.7234658427622,1002.6215259069684,933.6004788336626,948.1312255859375,16272000,0.0,0.0
2015-01-02,948.1312935832789,988.0908500178232,919.0697979945194,955.3966674804688,12095700,0.0,0.0
2015-01-02,966.2946252957197,1031.6829833984375,951.7638790506712,1031.6829833984375,18026900,0.0,0.0
2015-01-02,1031.682918676594,1093.438586343855,1024.4175460098575,1082.54052734375,22042000,0.0,0.0
2015-01-02,1082.5406567382813,1104.3367773437499,1068.0099096679687,1089.8060302734375,10391600,0.0,0.0
2015-01-02,1089.8060411509903,1137.0309696008665,1086.1733543471535,1100.7041015625,11484800,0.0,0.0
2015-01-02,1104.3367883663368,1115.2348487778465,1097.0714147586634,1100.7041015625,5668700,0.0,0.0
2015-01-02,1100.704090576172,1111.6021508789063,1078.907969970703,1089.8060302734375,4289800,0.0,0.0
2015-01-02,1075.2750244140625,1097.071139773807,1075.2750244140625,1075.2750244140625,3350900,0.0,0.0
2015-01-02,1075.275253504923,1086.173313506662,1049.8464468341986,1060.7445068359375,3476200,0.0,0.0
2015-01-02,1060.7444798519737,1075.2752261513158,1035.315673828125,1035.315673828125,3815700,0.0,0.0
2015-01-02,1035.3156050099622,1086.1732136771182,1035.3156050099622,1082.54052734375,6173000,0.0,0.0
2015-01-02,1082.540869982489,1097.07161991514,1038.9486201845366,1053.4793701171875,9273700,0.0,0.0
2015-01-02,1053.4791661259344,1097.0714074828695,1049.8464793461897,1093.438720703125,11887900,0.0,0.0
2015-01-02,1093.4386983580507,1097.0713850635593,1068.0098914194914,1071.642578125,7343600,0.0,0.0
2015-01-02,1097.0713167159688,1162.459673341424,1097.0713167159688,1122.5001220703125,25488700,0.0,0.0
2015-01-02,1126.1328125,1144.2962449596776,1093.4386340725807,1126.1328125,12619000,0.0,0.0
2015-01-02,1126.1328469399,1176.9904593823471,1118.867473733836,1158.8270263671875,19240800,0.0,0.0
2015-01-02,1158.8270301818848,1176.990463256836,1144.2962837219238,1162.459716796875,7931900,0.0,0.0
2015-01-02,1162.459724378882,1195.153904127038,1151.5616644628299,1169.72509765625,8869700,0.0,0.0
2015-01-02,1169.7248890269886,1198.786376953125,1155.1941450639206,1198.786376953125,12514000,0.0,0.0
2015-01-02,1202.4195406861102,1220.582977856595,1180.6234160815281,1184.256103515625,7157700,0.0,0.0
2015-01-02,1184.2557615716773,1209.6845662680018,1169.7250160309206,1206.0518798828125,4436900,0.0,0.0
2015-01-02,1206.0520128847947,1249.6442543143658,1191.5212657416046,1216.9500732421875,10924400,0.0,0.0
2015-01-02,1220.5826254235694,1238.7460573495152,1202.4191934976234,1206.0518798828125,4489500,0.0,0.0
2015-01-02,1206.0522281202072,1235.1137275929832,1147.929229174655,1184.256103515625,9280400,0.0,0.0
2015-01-02,1162.4596699852507,1231.480712890625,1155.1942970478428,1231.480712890625,8376300,0.0,0.0
2015-01-02,1231.4807089179224,1235.1133953749074,1213.3172766329974,1227.8480224609375,9017800,0.0,0.0
2015-01-02,1227.8481727555998,1267.8077286736814,1224.215485853956,1256.90966796875,7530600,0.0,0.0
2015-01-02,1256.9096353683697,1271.440382598062,1224.2154541015625,1224.2154541015625,4272100,0.0,0.0
2015-01-02,1249.6444773293713,1249.6444773293713,1180.6234160815281,1184.256103515625,4494000,0.0,0.0
2015-01-02,1184.2557163892134,1198.7864613755842,1158.8269126630646,1166.09228515625,6754700,0.0,0.0
2015-01-02,1166.0923257234233,1209.6845621990653,1162.4596393504532,1202.419189453125,6766500,0.0,0.0
2015-01-02,1206.0519908220936,1213.3173642607808,1169.725123628657,1195.1539306640625,5128700,0.0,0.0
2015-01-02,1195.153934363163,1195.153934363163,1078.907958984375,1078.907958984375,19149200,0.0,0.0
2015-01-02,1078.907947773836,1086.1733211595185,1006.2542139170121,1068.0098876953125,12807300,0.0,0.0
2015-01-02,1075.2753315336386,1144.2963832199193,1075.2753315336386,1140.6636962890625,13523000,0.0,0.0
2015-01-02,1140.6636450195313,1169.7251391601562,1082.5406567382813,1089.8060302734375,7867800,0.0,0.0
2015-01-02,1089.8059360367467,1122.500114117849,1089.8059360367467,1115.2347412109375,3437400,0.0,0.0
2015-01-02,1115.2347797189225,1162.4597052444794,1104.3367199822555,1151.5616455078125,9265600,0.0,0.0
2015-01-02,1151.5616531611236,1180.623145985379,1137.030906748996,1158.8270263671875,6539000,0.0,0.0
2015-01-02,1158.8270263671875,1184.255832588411,1151.5616531611236,1158.8270263671875,4468100,0.0,0.0
2015-01-02,1147.928955078125,1169.7250744783425,1133.3982088113132,1147.928955078125,3781900,0.0,0.0
2015-01-02,1147.929033781353,1147.929033781353,1104.3367919921875,1104.3367919921875,6359600,0.0,0.0
2015-01-02,1104.336606967374,1162.4595862814465,1093.4385483459855,1155.1942138671875,9439900,0.0,0.0
2015-01-02,1158.8268438115851,1213.317134272945,1155.1941577808277,1209.6844482421875,10587600,0.0,0.0
2015-01-02,1209.6847874098557,1238.7462838040865,1180.623291015625,1180.623291015625,6192200,0.0,0.0
2015-01-02,1180.623246338594,1260.5423583984375,1180.623246338594,1260.5423583984375,14303800,0.0,0.0
2015-01-02,1260.5425021931276,1289.6040008027674,1238.7463782358977,1285.9713134765625,7852500,0.0,0.0
2015-01-02,1285.9709305245535,1296.8689892578125,1267.8074993024554,1271.440185546875,2933700,0.0,0.0
2015-01-02,1271.4404155753252,1271.4404155753252,1213.3174251490245,1256.90966796875,3894400,0.0,0.0
2015-01-02,1260.5422591514696,1282.33837890625,1235.1134527708923,1282.33837890625,3832700,0.0,0.0
2015-01-02,1285.9710655320466,1289.6037521578435,1271.4403190288597,1282.33837890625,1734800,0.0,0.0
2015-01-02,1282.3383635162966,1307.7671695916906,1260.5422440231018,1267.8076171875,2827400,0.0,0.0
2015-01-02,1267.8076171875,1282.3383635162966,1242.378811112106,1267.8076171875,5183000,0.0,0.0
2015-01-02,1267.8075976704442,1267.8075976704442,1242.37879198651,1249.6441650390625,2696200,0.0,0.0
2015-01-02,1253.2769845748153,1275.0731060456817,1253.2769845748153,1260.5423583984375,3966500,0.0,0.0
2015-01-02,1260.542212701613,1260.542212701613,1216.949974798387,1238.74609375,5409900,0.0,0.0
2015-01-02,1238.746359989561,1275.0732327165276,1235.1136727168644,1264.1751708984375,6609800,0.0,0.0
2015-01-02,1264.1748130580356,1304.1343617466518,1264.1748130580356,1271.440185546875,8467900,0.0,0.0
2015-01-02,1278.7055279701167,1293.2362726061408,1246.0113525390625,1246.0113525390625,5009100,0.0,0.0
2015-01-02,1246.011482393569,1260.5422285439313,1220.582676630435,1253.27685546875,3400700,0.0,0.0
2015-01-02,1249.6442139355743,1296.869140625,1242.3788405987395,1296.869140625,5931700,0.0,0.0
2015-01-02,1296.869365985577,1304.134740584936,1267.807867588141,1275.0732421875,3289200,0.0,0.0
2015-01-02,1275.0728717912946,1282.338244280134,1267.8074993024554,1271.440185546875,3901900,0.0,0.0
2015-01-02,1271.440185546875,1289.603616768973,1264.1748130580356,1271.440185546875,1494800,0.0,0.0
2015-01-02,1271.4403449164497,1318.6652720133466,1256.9095981174046,1307.7672119140625,11853700,0.0,0.0
2015-01-02,1329.5633225661059,1424.0131760817308,1322.29794921875,1416.747802734375,29518700,0.0,0.0
2015-01-02,1427.6458118550024,1434.9111849433232,1369.5228271484375,1369.5228271484375,6471700,0.0,0.0
2015-01-02,1369.522883201132,1434.9112436722735,1369.522883201132,1424.01318359375,15181200,0.0,0.0
2015-01-02,1387.6864048731234,1424.0132741106397,1380.42103102562,1391.319091796875,6311700,0.0,0.0
2015-01-02,1391.31879189981,1409.4822226034628,1344.0938720703125,1344.0938720703125,4196800,0.0,0.0
2015-01-02,1344.094040156659,1405.849712271965,1329.5632937765872,1387.686279296875,4852700,0.0,0.0
2015-01-02,1387.6860261615955,1394.9513980263157,1365.8899105674343,1380.420654296875,4571800,0.0,0.0
2015-01-02,1380.4209249333817,1413.1151047344354,1373.1555516442586,1405.8497314453125,8287200,0.0,0.0
2015-01-02,1391.319052091209,1402.2171125514533,1307.7672552293348,1351.3594970703125,10661500,0.0,0.0
2015-01-02,1365.8901483138193,1398.584327395799,1365.8901483138193,1376.7882080078125,6010100,0.0,0.0
2015-01-02,1365.890154906877,1365.890154906877,1242.378811112106,1267.8076171875,17624000,0.0,0.0
2015-01-02,1267.8076582166884,1307.7672119140625,1216.9500444200305,1307.7672119140625,8002100,0.0,0.0
2015-01-02,1307.7670479910714,1311.399734235491,1267.8074993024554,1271.440185546875,3627200,0.0,0.0
2015-01-02,1271.440149255701,1344.0938720703125,1271.440149255701,1344.0938720703125,8513200,0.0,0.0
2015-01-02,1362.257527781057,1362.257527781057,1315.0326001513135,1322.2979736328125,1746900,0.0,0.0
2015-01-02,1322.29779296875,1333.195851702009,1260.542126813616,1271.440185546875,3771100,0.0,0.0
2015-01-02,1275.0729903518984,1289.603736680695,1260.5422440231018,1267.8076171875,2701900,0.0,0.0
2015-01-02,1267.807867588141,1300.5020532852566,1249.6444310897436,1275.0732421875,3234900,0.0,0.0
2015-01-02,1275.0732421875,1296.869365985577,1271.4405548878206,1275.0732421875,4564700,0.0,0.0
2015-01-02,1246.0115712483725,1289.6038128080822,1202.4193296886626,1220.582763671875,4894500,0.0,0.0
2015-01-02,1220.582763671875,1238.7461976550874,1213.31739007859,1220.582763671875,2229900,0.0,0.0
2015-01-02,1220.5826905067036,1231.4807502433705,1147.9289589289235,1151.5616455078125,4913500,0.0,0.0
2015-01-02,1155.1942704901637,1246.0114301198937,1155.1942704901637,1206.0518798828125,10516100,0.0,0.0
2015-01-02,1206.0520092627246,1213.3173828125,1155.1943944142963,1213.3173828125,13001800,0.0,0.0
2015-01-02,1213.3174349062003,1220.582808767914,1137.0310093582057,1140.6636962890625,13808400,0.0,0.0
2015-01-02,1140.663578093998,1169.725070529514,1111.602085658482,1144.2962646484375,8746800,0.0,0.0
2015-01-02,1147.9290701507764,1158.827130943347,1137.0310093582057,1140.6636962890625,4195800,0.0,0.0
2015-01-02,1144.296268511422,1180.6231341784514,1126.1328356779075,1147.928955078125,8267100,0.0,0.0
2015-01-02,1147.928931451613,1155.194304435484,1107.9693800403227,1126.1328125,9331100,0.0,0.0
2015-01-02,1126.1327794086503,1209.6845662680018,1126.1327794086503,1206.0518798828125,15284300,0.0,0.0
2015-01-02,1213.3171209161933,1220.5824928977272,1169.7248890269886,1198.786376953125,8827900,0.0,0.0
2015-01-02,1198.7866136504383,1206.0519870665016,1176.9904934022484,1191.521240234375,8440000,0.0,0.0
2015-01-02,1191.5210601539725,1278.7055279701167,1191.5210601539725,1246.0113525390625,14554300,0.0,0.0
2015-01-02,1246.0115637864894,1246.0115637864894,1206.0520092627246,1213.3173828125,4381800,0.0,0.0
2015-01-02,1213.3173936792934,1242.3788881386777,1209.6847068718703,1224.2154541015625,3672100,0.0,0.0
2015-01-02,1227.8483527247893,1235.1137275929832,1184.256103515625,1184.256103515625,2517000,0.0,0.0
2015-01-02,1184.2558207451543,1202.419253578669,1144.296268511422,1147.928955078125,2515600,0.0,0.0
2015-01-02,1147.928955078125,1180.6231341784514,1144.296268511422,1147.928955078125,2510300,0.0,0.0
2015-01-02,1147.9287422798775,1147.9287422798775,1068.009652627481,1075.2750244140625,5256400,0.0,0.0
2015-01-02,1089.8060191761365,1104.336766098485,1053.4791518702652,1078.907958984375,4374600,0.0,0.0
2015-01-02,1078.9079609392377,1078.9079609392377,1020.7849731445311,1020.7849731445312,10208200,0.0,0.0
2015-01-02,1031.6830333560385,1068.0099007277302,1020.7849731445311,1020.7849731445312,11550600,0.0,0.0
2015-01-02,1024.4176401634738,1064.377193503184,1024.4176401634738,1060.7445068359375,11240400,0.0,0.0
2015-01-02,1068.0101230267396,1115.2350604394867,1057.112060546875,1057.112060546875,22238900,0.0,0.0
2015-01-02,1057.112060546875,1057.112060546875,1057.112060546875,1057.112060546875,0,0.0,0.0
2015-01-02,1071.642607131807,1104.3367883663368,1046.2137995049507,1100.7041015625,7582700,0.0,0.0
2015-01-02,1100.7038885887632,1137.0307495982934,1024.41748046875,1024.41748046875,12397900,0.0,0.0
2015-01-02,1060.7445180084744,1107.9694451800847,1060.7445180084744,1071.642578125,8939700,0.0,0.0
2015-01-02,1075.2751339857082,1082.5405065126386,1060.7443889318472,1064.3770751953125,6292900,0.0,0.0
2015-01-02,1064.3770751953125,1082.5405065126386,1060.7443889318472,1064.3770751953125,6508500,0.0,0.0
2015-01-02,1064.3770956769085,1093.438586343855,1064.3770956769085,1082.54052734375,5890300,0.0,0.0
2015-01-02,1082.5405821188904,1137.0308798765525,1078.9078956017129,1133.398193359375,14538300,0.0,0.0
2015-01-02,1133.3982238769531,1173.3577766418457,1133.3982238769531,1162.459716796875,12001600,0.0,0.0
2015-01-02,1147.9289589289235,1173.3577649811464,1140.6635857711456,1151.5616455078125,3110900,0.0,0.0
2015-01-02,1151.5617570816332,1158.827130943347,1126.132948565635,1140.6636962890625,1940800,0.0,0.0
2015-01-02,1140.6634935920622,1195.1537878719378,1137.030807306737,1176.9903564453125,5781000,0.0,0.0
2015-01-02,1176.9903564453125,1184.2557290159625,1151.5615524480372,1176.9903564453125,3553700,0.0,0.0
2015-01-02,1176.990463256836,1180.6231498718262,1155.1943435668945,1162.459716796875,1251300,0.0,0.0
2015-01-02,1162.4598490712074,1173.35791015625,1147.9291009578174,1173.35791015625,3303900,0.0,0.0
2015-01-02,1173.3577727793152,1173.3577727793152,1144.2962799550596,1158.8270263671875,4031500,0.0,0.0
2015-01-02,1158.8270301818848,1184.2558364868164,1155.1943435668945,1162.459716796875,1545100,0.0,0.0
2015-01-02,1173.357784294934,1173.357784294934,1162.459724378882,1169.72509765625,1780900,0.0,0.0
2015-01-02,1169.724901903857,1220.5825063344596,1169.724901903857,1209.6844482421875,9003100,0.0,0.0
2015-01-02,1209.6847068718703,1238.7462013312545,1209.6847068718703,1224.2154541015625,4512800,0.0,0.0
2015-01-02,1224.215231376782,1246.0113482558936,1206.0518006441887,1242.378662109375,4256900,0.0,0.0
2015-01-02,1275.0732421875,1278.7059294871794,1235.1136818910256,1275.0732421875,6958600,0.0,0.0
2015-01-02,1275.0731060456817,1296.869227516548,1246.011610751193,1260.5423583984375,5170700,0.0,0.0
2015-01-02,1260.5423583984375,1267.8077322220595,1231.4808631039489,1260.5423583984375,5785800,0.0,0.0
2015-01-02,1260.5420928419683,1271.440151281524,1238.7459759628564,1242.378662109375,3833200,0.0,0.0
2015-01-02,1242.37871971559,1293.236328125,1242.37871971559,1293.236328125,7462800,0.0,0.0
2015-01-02,1285.9710917154948,1329.5633321126304,1278.7057183159723,1307.7672119140625,8438700,0.0,0.0
2015-01-02,1271.4402102352528,1322.297818644663,1271.4402102352528,1293.236328125,2935000,0.0,0.0
2015-01-02,1293.236328125,1307.7670733848315,1275.0728965502108,1293.236328125,2700300,0.0,0.0
2015-01-02,1293.2364576968403,1322.29795112823,1293.2364576968403,1300.5018310546875,5760600,0.0,0.0
2015-01-02,1300.5018919270835,1394.9517500000002,1289.6038313802085,1362.257568359375,10232900,0.0,0.0
2015-01-02,1362.257596406862,1405.8498394918815,1351.359535635607,1391.319091796875,12211200,0.0,0.0
2015-01-02,1391.319091796875,1391.319091796875,1391.319091796875,1391.319091796875,0,0.0,0.0
2015-01-02,1391.3189344763118,1391.3189344763118,1347.726696320396,1358.624755859375,7076500,0.0,0.0
2015-01-02,1358.6247940063477,1402.2170333862305,1358.6247940063477,1394.95166015625,9689300,0.0,0.0
2015-01-02,1394.9513980263157,1416.7475136204769,1376.7879683645149,1380.420654296875,3096400,0.0,0.0
2015-01-02,1344.0940213393153,1398.58431950172,1344.0940213393153,1369.5228271484375,5948400,0.0,0.0
2015-01-02,1373.15562890625,1384.0536894531251,1333.1960735677085,1362.257568359375,4930800,0.0,0.0
2015-01-02,1362.2575881164198,1362.2575881164198,1242.378920362175,1256.90966796875,18168400,0.0,0.0
2015-01-02,1256.9098056891025,1293.2366786858975,1216.9502453926282,1275.0732421875,7758300,0.0,0.0
2015-01-02,1275.0728801380503,1311.3997428200462,1275.0728801380503,1278.70556640625,5397800,0.0,0.0
2015-01-02,1278.705661231884,1296.869093919837,1242.3787958559783,1253.27685546875,5416700,0.0,0.0
2015-01-02,1264.1752270657594,1264.1752270657594,1176.990728647431,1184.256103515625,13721100,0.0,0.0
2015-01-02,1198.7865423387098,1256.9095262096776,1198.7865423387098,1238.74609375,25054800,0.0,0.0
2015-01-02,1242.378662109375,1289.6035820141174,1227.8479175233006,1242.378662109375,21190800,0.0,0.0
2015-01-02,1242.37879198651,1264.174911144168,1242.37879198651,1249.6441650390625,9920800,0.0,0.0
2015-01-02,1249.644149241728,1275.072954604205,1227.8480303596048,1235.1134033203125,12617800,0.0,0.0
2015-01-02,1235.113510858445,1235.113510858445,1213.31739007859,1220.582763671875,12420800,0.0,0.0
2015-01-02,1198.786376953125,1224.2151788884944,1187.888318980824,1198.786376953125,25119600,0.0,0.0
2015-01-02,1198.786590765722,1198.786590765722,1162.459724378882,1169.72509765625,12541900,0.0,0.0
2015-01-02,1169.7250861762832,1206.0519522066027,1155.1943397641555,1158.8270263671875,11048100,0.0,0.0
2015-01-02,1158.8270301818848,1187.8885231018066,1158.8270301818848,1162.459716796875,11851100,0.0,0.0
2015-01-02,1166.0923839750744,1169.725070529514,1133.398204985119,1144.2962646484375,9877800,0.0,0.0
2015-01-02,1155.19431643745,1162.459689496805,1129.7655107297073,1137.0308837890625,12440800,0.0,0.0
2015-01-02,1137.0308639724533,1155.1942963042816,1097.0713128424309,1118.867431640625,108257100,0.0,0.0
2015-01-02,1118.8674774169922,1173.3577766418457,1111.6021041870117,1162.459716796875,14376200,0.0,0.0
2015-01-02,1162.4597129702192,1191.5212057944748,1155.1943397641555,1158.8270263671875,12006000,0.0,0.0
2015-01-02,1158.8270108661955,1158.8270108661955,1133.398204985119,1144.2962646484375,6463900,0.0,0.0
2015-01-02,1147.928951202877,1151.5616377573165,1133.398204985119,1144.2962646484375,6414100,0.0,0.0
2015-01-02,1144.2962409454642,1147.9289274246562,1118.8674355911205,1122.5001220703125,4844100,0.0,0.0
2015-01-02,1122.5001220703125,1147.9289274246562,1115.2347491119287,1122.5001220703125,5612300,0.0,0.0
2015-01-02,1140.6634170432496,1140.6634170432496,1104.3365566278596,1111.6019287109375,6043000,0.0,0.0
2015-01-02,1115.2347412109375,1122.500114117849,1104.33668185057,1115.2347412109375,6100600,0.0,0.0
2015-01-02,1118.8674355911205,1137.0308679870805,1111.6020626327368,1122.5001220703125,3578800,0.0,0.0
2015-01-02,1126.1328085495045,1129.7654950286965,1115.2347491119287,1122.5001220703125,2939400,0.0,0.0
2015-01-02,1122.500093023461,1209.6845662680018,1118.8674066382719,1206.0518798828125,26644600,0.0,0.0
2015-01-02,1206.0518798828125,1206.0518798828125,1206.0518798828125,1206.0518798828125,0,0.0,0.0
2015-01-02,1220.5824928977272,1246.0112948330966,1195.153690962358,1198.786376953125,10733800,0.0,0.0
2015-01-02,1198.7864741572628,1206.0518467279128,1155.1942387333622,1176.9903564453125,12307800,0.0,0.0
2015-01-02,1176.9904897147362,1209.68466998459,1169.7251163214355,1187.8885498046875,9374600,0.0,0.0
2015-01-02,1187.888790949722,1198.786853252013,1180.6234160815281,1184.256103515625,7733900,0.0,0.0
2015-01-02,1184.2557290159625,1195.1537878719378,1169.7249838746625,1176.9903564453125,11442400,0.0,0.0
2015-01-02,1180.7389068603516,1195.7324167887368,1165.745396931966,1169.4937744140625,11368300,50.0,0.0
2015-01-02,1169.4935798891129,1180.7387104649697,1161.996826171875,1161.996826171875,3362100,0.0,0.0
2015-01-02,1161.9969839605105,1176.9904934309686,1161.9969839605105,1165.745361328125,4361300,0.0,0.0
2015-01-02,1165.745361328125,1165.745361328125,1165.745361328125,1165.745361328125,0,0.0,0.0
2015-01-02,1165.7453553049188,1169.493732653166,1132.0099591706928,1139.5067138671875,6350400,0.0,0.0
2015-01-02,1150.7517590131915,1158.2485131435708,1143.2550048828125,1143.2550048828125,2782100,0.0,0.0
2015-01-02,1143.2550971224377,1176.9904934309686,1143.2550971224377,1165.745361328125,8739100,0.0,0.0
2015-01-02,1165.745361328125,1184.4872481661978,1161.9969839605105,1165.745361328125,4345700,0.0,0.0
2015-01-02,1165.7452165932918,1176.9903472999797,1147.0033320821458,1150.751708984375,3545100,0.0,0.0
2015-01-02,1150.7515619167289,1150.7515619167289,1098.2742919921875,1098.2742919921875,13353200,0.0,0.0
2015-01-02,1105.7711857386998,1105.7711857386998,1045.7971553257532,1049.5455322265625,16748300,0.0,0.0
2015-01-02,1049.5457220621436,1057.0424772197302,982.0749256438629,985.8233032226562,14081800,0.0,0.0
2015-01-02,985.8232777913411,1008.3135426839192,978.3265228271483,989.5716552734375,7528300,0.0,0.0
2015-01-02,993.3198900409774,997.0682669845282,944.5909897748162,955.8361206054688,7789000,0.0,0.0
2015-01-02,955.836109266922,970.8296168632658,944.590978569664,948.33935546875,9834100,0.0,0.0
2015-01-02,948.3393599898726,959.5844907407406,899.6104600694443,910.8555908203125,11226900,0.0,0.0
2015-01-02,907.1072744183836,910.8556515854017,835.8881082450393,847.1332397460938,13997700,0.0,0.0
2015-01-02,847.1333318536931,862.1268421519886,820.8946888316761,824.64306640625,12967200,0.0,0.0
2015-01-02,824.642947174782,824.642947174782,779.6624227834302,805.9010620117188,15318200,0.0,0.0
2015-01-02,805.9010845119669,888.3653815317962,805.9010845119669,884.6170043945312,24878700,0.0,0.0
2015-01-02,884.6170286148313,948.3394416930183,884.6170286148313,944.591064453125,27415900,0.0,0.0
2015-01-02,937.0943705240885,937.0943705240885,888.3654632568358,899.610595703125,18679500,0.0,0.0
2015-01-02,899.6105957031249,899.6105957031249,862.1268208821614,899.610595703125,11700000,0.0,0.0
2015-01-02,899.6104392027243,922.1007001827924,873.3718013926448,877.1201782226562,12236100,0.0,0.0
2015-01-02,877.1202681692023,899.6105314555921,850.8816276684141,854.6300048828125,7973700,0.0,0.0
2015-01-02,854.6299075492153,877.1201682741947,839.636400399229,850.8815307617188,6028600,0.0,0.0
2015-01-02,873.371845592152,907.1072387695312,854.629960493608,907.1072387695312,13649300,0.0,0.0
2015-01-02,910.8556419195131,967.081298828125,910.8556419195131,967.081298828125,27220300,0.0,0.0
2015-01-02,967.0812514361213,997.0682669845282,955.8361206054688,955.8361206054688,19063300,0.0,0.0
2015-01-02,955.8361206054688,974.578005323223,929.5974820006128,955.8361206054688,9405200,0.0,0.0
2015-01-02,955.8361206054688,955.8361206054688,955.8361206054688,955.8361206054688,0,0.0,0.0
2015-01-02,963.333038937998,970.8297941048306,937.0943958540837,940.8427734375,5134300,0.0,0.0
2015-01-02,940.842567104077,948.3393206268187,922.1006832972229,925.8490600585938,3442900,0.0,0.0
2015-01-02,925.8492380777994,997.0684102376301,910.855728149414,989.5716552734375,24249500,0.0,0.0
2015-01-02,993.319850612331,997.0682274070946,959.5844594594594,970.82958984375,16036400,0.0,0.0
2015-01-02,974.5779666385134,989.5714738175675,955.8360826646959,970.82958984375,5779200,0.0,0.0
2015-01-02,955.8360826646959,978.326343433277,955.8360826646959,970.82958984375,3670500,0.0,0.0
2015-01-02,970.8297244340945,1042.0488934080242,970.8297244340945,1023.3070068359375,34421800,0.0,0.0
2015-01-02,1023.3069096733542,1038.3004175073959,1004.5650248808018,1019.5585327148438,9355100,0.0,0.0
2015-01-02,1019.5585520462632,1083.2809615491547,1019.5585520462632,1053.2939453125,25991600,0.0,0.0
2015-01-02,1060.7907648501189,1064.5391421110733,1034.5521240234375,1034.5521240234375,4599200,0.0,0.0
2015-01-02,1034.5521240234375,1045.7972558063009,1008.3134831967561,1034.5521240234375,4888500,0.0,0.0
2015-01-02,1034.5521956135456,1034.5521956135456,997.0684204101561,997.0684204101562,4105400,0.0,0.0
2015-01-02,1012.0619304915119,1023.3070630525287,997.0684204101561,997.0684204101562,1444600,0.0,0.0
2015-01-02,997.0683200412326,1027.0553371853298,997.0683200412326,1012.0618286132812,2126700,0.0,0.0
2015-01-02,1012.0617787978229,1027.0552866318646,1012.0617787978229,1019.5585327148438,1803000,0.0,0.0
2015-01-02,1019.5585327148438,1019.5585327148438,1019.5585327148438,1019.5585327148438,0,0.0,0.0
2015-01-02,1019.5585327148438,1019.5585327148438,1019.5585327148438,1019.5585327148438,0,0.0,0.0
2015-01-02,1019.5585327148438,1019.5585327148438,1019.5585327148438,1019.5585327148438,0,0.0,0.0
2015-01-02,1019.5585327148438,1019.5585327148438,1019.5585327148438,1019.5585327148438,0,0.0,0.0
2015-01-02,1019.5585327148438,1019.5585327148438,1019.5585327148438,1019.5585327148438,0,0.0,0.0
2015-01-02,1019.5585327148438,1019.5585327148438,1019.5585327148438,1019.5585327148438,0,0.0,0.0
2015-01-02,1023.3069290758451,1064.5390764012454,1019.5585520462632,1053.2939453125,9842800,0.0,0.0
2015-01-02,1057.0424394816378,1068.2875718165487,1027.055419921875,1027.055419921875,3204600,0.0,0.0
2015-01-02,1027.0553198066546,1049.5455822841727,1012.0618114883093,1042.048828125,4760300,0.0,0.0
2015-01-02,1042.0487294298537,1075.7841199509642,1027.0552225315823,1057.042236328125,6902400,0.0,0.0
2015-01-02,1057.0423364433452,1064.539090602518,1038.3004510454136,1042.048828125,2424000,0.0,0.0
2015-01-02,1042.048828125,1042.048828125,1042.048828125,1042.048828125,0,0.0,0.0
2015-01-02,1068.287353515625,1083.2808602316336,1064.5389768366226,1068.287353515625,3860700,0.0,0.0
2015-01-02,1068.2875260531691,1075.7842806219633,1060.790771484375,1060.790771484375,1499800,0.0,0.0
2015-01-02,1060.7906993716635,1060.7906993716635,1049.545568282918,1053.2939453125,1879200,0.0,0.0
2015-01-02,1053.2939453125,1075.784207489991,1053.2939453125,1053.2939453125,6074700,0.0,0.0
2015-01-02,1057.0423797394012,1079.5326431381118,1057.0423797394012,1072.035888671875,6791400,0.0,0.0
2015-01-02,1072.0359033375662,1102.022921612743,1057.042394199978,1060.790771484375,10865600,0.0,0.0
2015-01-02,1064.5390764012454,1075.784207489991,1023.3069290758451,1053.2939453125,4122400,0.0,0.0
2015-01-02,1034.5521597190884,1053.2940466705213,1034.5521597190884,1038.300537109375,2116700,0.0,0.0
2015-01-02,1038.300537109375,1053.2940466705213,1030.8037823288018,1038.300537109375,1696300,0.0,0.0
2015-01-02,1038.30056254069,1038.30056254069,989.5716552734374,989.5716552734375,7864600,0.0,0.0
2015-01-02,993.3200327555338,997.0684102376301,892.1138407389323,899.610595703125,18561900,0.0,0.0
2015-01-02,899.6105238970588,914.6040326286765,877.1202607996323,892.11376953125,15004200,0.0,0.0
2015-01-02,899.6106111550633,907.1073662480222,888.365478515625,888.365478515625,3928600,0.0,0.0
2015-01-02,895.8622854679189,899.610663231383,869.6236411236703,880.8687744140625,7112000,0.0,0.0
2015-01-02,888.365396000285,907.1072819918522,873.3718872070312,873.3718872070312,4618300,0.0,0.0
2015-01-02,880.8686239788641,918.3523952120073,880.8686239788641,903.35888671875,9322500,0.0,0.0
2015-01-02,903.35888671875,914.604018088693,895.8621324721214,903.35888671875,2171400,0.0,0.0
2015-01-02,903.3589887015428,910.8557437945017,888.365478515625,888.365478515625,896900,0.0,0.0
2015-01-02,888.3653815317962,910.855644355386,884.6170043945312,884.6170043945312,4018300,0.0,0.0
2015-01-02,892.1137770267954,895.8621542411937,847.1332504540159,854.6300048828125,5623000,0.0,0.0
2015-01-02,854.63001953125,854.63001953125,824.6430013020833,843.3848876953125,3103500,0.0,0.0
2015-01-02,847.1332177514428,865.875103099926,832.1397094726562,832.1397094726562,5924500,0.0,0.0
2015-01-02,832.1397415964226,858.3783820972108,828.3913643820243,854.6300048828125,4796300,0.0,0.0
2015-01-02,858.3783968098959,858.3783968098959,835.8881331380209,843.3848876953125,4743500,0.0,0.0
2015-01-02,843.3848732396175,865.8751365260074,843.3848732396175,854.6300048828125,2307700,0.0,0.0
2015-01-02,862.1267415709414,892.1137586690611,854.6299872964115,884.6170043945312,7849200,0.0,0.0
2015-01-02,873.371845592152,910.85561578924,873.371845592152,907.1072387695312,10613800,0.0,0.0
2015-01-02,907.1072387695312,907.1072387695312,907.1072387695312,907.1072387695312,0,0.0,0.0
2015-01-02,907.1072638420643,918.3523952120073,895.8621324721214,903.35888671875,6095500,0.0,0.0
2015-01-02,903.3589887015428,910.8557437945017,884.6171009691457,888.365478515625,3016800,0.0,0.0
2015-01-02,892.1137731985984,892.1137731985984,873.3718872070312,873.3718872070312,3573200,0.0,0.0
2015-01-02,880.8687744140625,895.8622854679189,877.1203966505984,880.8687744140625,2600300,0.0,0.0
2015-01-02,880.8686821950055,884.617059566048,854.6300405977074,858.37841796875,7808000,0.0,0.0
2015-01-02,862.126780542834,884.6170443830819,858.378403236126,869.62353515625,4378800,0.0,0.0
2015-01-02,869.6235500818777,877.1203048239629,858.37841796875,858.37841796875,1965400,0.0,0.0
2015-01-02,877.1201916979504,877.1201916979504,850.8815534847639,865.8750610351562,3204100,0.0,0.0
2015-01-02,865.8751187082064,892.1137586690611,865.8751187082064,884.6170043945312,6124400,0.0,0.0
2015-01-02,888.3654632568358,899.6105957031249,877.1203308105468,899.610595703125,5763500,0.0,0.0
2015-01-02,899.6105957031249,899.6105957031249,899.6105957031249,899.610595703125,0,0.0,0.0
2015-01-02,899.6106111550633,914.604121340981,888.365478515625,888.365478515625,3112900,0.0,0.0
2015-01-02,888.365396000285,888.365396000285,858.3783784137776,873.3718872070312,2969100,0.0,0.0
2015-01-02,880.8685550526675,884.6169318826788,869.6234245626335,877.1201782226562,1746500,0.0,0.0
2015-01-02,877.1202897696659,888.3654216897899,869.62353515625,869.62353515625,1671400,0.0,0.0
2015-01-02,869.6234379227543,873.3718148103524,865.8750610351562,865.8750610351562,1337100,0.0,0.0
2015-01-02,828.3913160241168,873.3718399711277,824.6429390285325,862.126708984375,2546800,0.0,0.0
2015-01-02,869.6235137404057,873.3718909548039,847.1332504540159,854.6300048828125,2353000,0.0,0.0
2015-01-02,854.63001953125,854.63001953125,839.6365104166667,843.3848876953125,4017300,0.0,0.0
2015-01-02,843.3848625790756,858.378371247148,839.6364854120575,847.1332397460938,2630500,0.0,0.0
2015-01-02,847.1333255043513,888.365478515625,847.1333255043513,888.365478515625,21240900,0.0,0.0
2015-01-02,892.1137249490489,907.1072329313859,862.1267089843749,862.126708984375,3064100,0.0,0.0
2015-01-02,862.126780542834,880.8686670763739,862.126780542834,869.62353515625,1776400,0.0,0.0
2015-01-02,877.1202644053448,880.8686416036581,865.8751328104044,873.3718872070312,2298200,0.0,0.0
2015-01-02,873.3718872070312,873.3718872070312,873.3718872070312,873.3718872070312,0,0.0,0.0
2015-01-02,880.8686670763739,880.8686670763739,862.126780542834,869.62353515625,2949700,0.0,0.0
2015-01-02,869.62353515625,877.1202897696659,862.126780542834,869.62353515625,2804600,0.0,0.0
2015-01-02,877.1202477743459,970.8296759553658,865.8751163926236,967.081298828125,24340200,0.0,0.0
2015-01-02,967.0812044336727,978.3263347177852,925.8490600585936,925.8490600585938,9464500,0.0,0.0
2015-01-02,925.8492631038347,955.8362837711653,899.6106200199204,940.8427734375,10763700,0.0,0.0
2015-01-02,940.8426977442944,959.5845841535433,929.5975658987451,952.0878295898438,5282000,0.0,0.0
2015-01-02,959.5846613545816,963.333038937998,937.0943958540837,940.8427734375,3507400,0.0,0.0
2015-01-02,944.5911510209163,952.087906187749,925.8492631038347,940.8427734375,3529500,0.0,0.0
2015-01-02,940.8426977442944,963.332961435393,940.8426977442944,952.0878295898438,6865100,0.0,0.0
2015-01-02,955.8362837711653,963.333038937998,933.3460182706673,940.8427734375,4491600,0.0,0.0
2015-01-02,940.8426765136719,940.8426765136719,918.3524133300781,937.0942993164062,2336700,0.0,0.0
2015-01-02,940.8427576050722,1000.8167979304951,937.0943800847333,997.0684204101562,17239800,0.0,0.0
2015-01-02,997.0682954119579,1019.5585577144833,985.8231642606953,1015.8101806640625,10834900,0.0,0.0
2015-01-02,1015.8102239943643,1027.0553556252983,982.0748291015625,982.0748291015625,6568000,0.0,0.0
2015-01-02,982.0748905822309,1030.8037973668454,978.3265131372605,1027.055419921875,15246300,0.0,0.0
2015-01-02,1027.0553371853298,1038.3004686143663,1004.5650743272569,1012.0618286132812,6824200,0.0,0.0
2015-01-02,1012.0617787978229,1023.3069096733542,997.068270963781,1019.5585327148438,4866300,0.0,0.0
2015-01-02,1019.5587014317966,1019.5587014317966,982.0749256438629,985.8233032226562,5056300,0.0,0.0
2015-01-02,989.571583522185,1000.816715153119,982.0748291015625,982.0748291015625,2990100,0.0,0.0
2015-01-02,989.5713746939132,1012.0616332096839,982.0746218553229,1004.5648803710938,3283800,0.0,0.0
2015-01-02,1008.3133863176618,1049.5455322265625,997.0682556152343,1049.5455322265625,21336700,0.0,0.0
2015-01-02,1049.5455741178505,1060.7907052691132,1015.8101806640625,1015.8101806640625,3863100,0.0,0.0
2015-01-02,1027.0553371853298,1027.0553371853298,1000.8166971842447,1012.0618286132812,1846200,0.0,0.0
2015-01-02,1019.5584690824468,1060.7906130526928,1012.0617156333111,1057.042236328125,13955400,0.0,0.0
2015-01-02,1057.0424499511719,1087.0294698079426,1034.5521850585938,1079.53271484375,10939500,0.0,0.0
2015-01-02,1072.0359033375662,1087.0294124751545,1030.8037532091982,1060.790771484375,14371500,0.0,0.0
2015-01-02,1060.7908738659273,1087.029517389113,1034.552230342742,1045.79736328125,2121200,0.0,0.0
2015-01-02,1049.545596590909,1049.545596590909,1008.3134481534091,1030.8037109375,6771800,0.0,0.0
2015-01-02,1030.8035153061596,1034.5518917254547,1004.5648803710938,1004.5648803710938,2159400,0.0,0.0
2015-01-02,1008.3134549122935,1008.3134549122935,955.8361747309846,993.3199462890625,6621800,0.0,0.0
2015-01-02,997.0685166491105,1000.81689453125,982.0750051205524,1000.81689453125,2298200,0.0,0.0
2015-01-02,1000.8166009271898,1027.0552384046816,1000.8166009271898,1008.3133544921875,3586600,0.0,0.0
2015-01-02,1012.0619304915119,1019.5586855321898,985.8232878491394,997.0684204101562,3458000,0.0,0.0
2015-01-02,1000.8168295053335,1004.5652071439303,974.5781860351562,974.5781860351562,2198100,0.0,0.0
2015-01-02,978.326382266774,985.8231361538757,955.8361206054688,955.8361206054688,5363900,0.0,0.0
2015-01-02,959.5844479571984,970.8295782066969,959.5844479571984,963.3328247070312,2700900,0.0,0.0
2015-01-02,967.0813903808593,997.0684102376301,967.0813903808593,989.5716552734375,3555800,0.0,0.0
2015-01-02,997.0683635843211,1004.565118197737,978.3264770507812,978.3264770507812,1228400,0.0,0.0
2015-01-02,978.3264518912512,989.571583522185,967.0813202603173,982.0748291015625,2050300,0.0,0.0
2015-01-02,982.0749413123498,993.32007422814,974.5781860351562,974.5781860351562,1083100,0.0,0.0
2015-01-02,974.5780997440733,985.8232316641971,974.5780997440733,978.3264770507812,459000,0.0,0.0
2015-01-02,982.0748543574891,997.0683635843211,978.3264770507812,978.3264770507812,1573000,0.0,0.0
2015-01-02,982.0749413123498,989.5716965895433,974.5781860351562,974.5781860351562,1331100,0.0,0.0
2015-01-02,982.0749256438629,985.8233032226562,974.5781704862761,985.8233032226562,1942600,0.0,0.0
2015-01-02,985.8230937971945,1023.3068616221829,985.8230937971945,1008.3133544921875,5659400,0.0,0.0
2015-01-02,1012.0618286132812,1023.3069600423177,997.0683200412326,1012.0618286132812,3297900,0.0,0.0
2015-01-02,1012.0620281776685,1023.3071618240871,993.320138766971,1000.81689453125,1703900,0.0,0.0
2015-01-02,1008.3134472277737,1008.3134472277737,959.5845445736434,967.081298828125,3587300,0.0,0.0
2015-01-02,970.8298083965595,974.5781860351562,959.5846754807692,974.5781860351562,1343900,0.0,0.0
2015-01-02,978.3264376658313,1000.816700600678,974.5780605100235,993.3199462890625,3538400,0.0,0.0
2015-01-02,993.3199462890624,993.3199462890624,993.3199462890624,993.3199462890625,0,0.0,0.0
2015-01-02,993.3198387056937,1008.3133457050249,959.5844479571984,963.3328247070312,3210800,0.0,0.0
2015-01-02,963.3329285652408,967.081305719191,922.1007798717868,929.5975341796875,6562200,0.0,0.0
2015-01-02,929.5974754050925,933.3458523220486,910.8555908203124,910.8555908203125,4598800,0.0,0.0
2015-01-02,914.6039297744812,937.0941903427062,910.8555530131104,925.8490600585938,3488600,0.0,0.0
2015-01-02,925.849232950016,933.3459878726882,918.3524780273438,918.3524780273438,5008600,0.0,0.0
2015-01-02,918.3523446542245,918.3523446542245,895.8620831524884,910.8555908203125,2790700,0.0,0.0
2015-01-02,910.8555908203124,910.8555908203124,895.8620831524884,910.8555908203125,7133400,0.0,0.0
2015-01-02,907.1072920541914,952.0878189329117,899.6105375744047,944.591064453125,13722300,0.0,0.0
2015-01-02,948.3396041812967,1004.5652724133895,948.3396041812967,1000.81689453125,12477200,0.0,0.0
2015-01-02,1000.8166971842447,1023.3069600423177,978.3264343261718,1012.0618286132812,10899100,0.0,0.0
2015-01-02,1012.0619462742098,1023.30707901059,937.0943946983425,985.8233032226562,3457100,0.0,0.0
2015-01-02,985.8233830026919,1000.81689453125,974.5782493562734,1000.81689453125,1457000,0.0,0.0
2015-01-02,1000.816604201858,1000.816604201858,948.3393290751688,970.82958984375,6157300,0.0,0.0
2015-01-02,974.5781860351562,985.8233189509465,970.8298083965595,974.5781860351562,1379300,0.0,0.0
2015-01-02,974.5781040191649,974.5781040191649,952.0878400802612,959.5845947265625,2862000,0.0,0.0
2015-01-02,959.5845947265625,959.5845947265625,959.5845947265625,959.5845947265625,0,0.0,0.0
2015-01-02,959.5845947265625,959.5845947265625,959.5845947265625,959.5845947265625,0,0.0,0.0
2015-01-02,959.5845734126983,982.0748368520584,944.5910644531249,944.591064453125,2609000,0.0,0.0
2015-01-02,948.339366718367,963.3328744925705,948.339366718367,955.8361206054688,3001700,0.0,0.0
2015-01-02,963.333053119366,1004.5652071439303,959.5846754807692,974.5781860351562,5878200,0.0,0.0
2015-01-02,974.5781860351562,974.5781860351562,974.5781860351562,974.5781860351562,0,0.0,0.0
2015-01-02,978.3264343261718,1015.8102057562934,978.3264343261718,1012.0618286132812,5699900,0.0,0.0
2015-01-02,1015.8103421118951,1049.5457409274193,1012.0619644657257,1045.79736328125,8814500,0.0,0.0
2015-01-02,1045.79736328125,1057.042496219758,1030.8038526965724,1045.79736328125,8494000,0.0,0.0
2015-01-02,1045.7972052045864,1053.2939593637589,1034.5520739658273,1042.048828125,3326300,0.0,0.0
2015-01-02,1038.3006733526452,1038.3006733526452,993.320138766971,1000.81689453125,7564200,0.0,0.0
2015-01-02,1000.81689453125,1012.0620281776685,989.5717608848314,1000.81689453125,5641100,0.0,0.0
2015-01-02,1000.8167632065096,1049.5456692802347,1000.8167632065096,1038.300537109375,7667900,0.0,0.0
2015-01-02,1038.3004429665878,1064.5390823195341,1012.0618036136416,1015.8101806640625,11552600,0.0,0.0
2015-01-02,1015.8101557563333,1038.3004175073959,1015.8101557563333,1019.5585327148438,1183200,0.0,0.0
2015-01-02,1019.5585520462632,1053.2939453125,1000.816666898354,1053.2939453125,3825300,0.0,0.0
2015-01-02,1057.0422860281808,1060.7906629289898,1038.300401524135,1049.5455322265625,2511000,0.0,0.0
2015-01-02,1053.2938596035572,1060.7906130526928,1045.7971061544215,1057.042236328125,2263800,0.0,0.0
2015-01-02,1060.7907427619484,1087.0293830422793,1057.0423655790441,1083.281005859375,6624200,0.0,0.0
2015-01-02,1087.029474807998,1120.7648723020393,1087.029474807998,1105.7713623046875,8183700,0.0,0.0
2015-01-02,1105.771377772501,1124.5132655313569,1087.029490013645,1094.5262451171875,5344000,0.0,0.0
2015-01-02,1079.5325474330357,1094.5260550362723,1049.5455322265625,1049.5455322265625,4130300,0.0,0.0
2015-01-02,1053.2940724690754,1083.2810923258462,1049.545694986979,1079.53271484375,4149200,0.0,0.0
2015-01-02,1075.7841068736293,1094.5259902686403,1053.2938467996162,1068.287353515625,4387600,0.0,0.0
2015-01-02,1068.2875619807714,1079.5326942121478,1060.7908071598536,1064.5391845703125,2335200,0.0,0.0
2015-01-02,1072.0356570299168,1102.022668415369,1064.5389041835538,1098.2742919921875,2541500,0.0,0.0
2015-01-02,1098.2746226689587,1109.5197553242722,1087.029490013645,1094.5262451171875,6323400,0.0,0.0
2015-01-02,1094.5262451171875,1105.771377772501,1072.0359798065604,1094.5262451171875,6848900,0.0,0.0
2015-01-02,1094.5262451171875,1102.0230002207297,1087.029490013645,1094.5262451171875,7101300,0.0,0.0
2015-01-02,1094.5260897549715,1176.9903841885653,1094.5260897549715,1154.5001220703125,18226400,0.0,0.0
2015-01-02,1154.500264485677,1173.2421518961587,1117.0164896647134,1169.4937744140625,8771200,0.0,0.0
2015-01-02,1139.5065321906354,1154.500039193144,1015.8100994199415,1120.7646484375,11279400,0.0,0.0
2015-01-02,1124.513111498532,1147.0033737285025,1105.7712263068897,1117.016357421875,4193100,0.0,0.0
2015-01-02,1124.5132192820806,1135.7583514749012,1102.022954896439,1128.2615966796875,2752600,0.0,0.0
2015-01-02,1124.5129269544582,1128.2613033776397,1090.7775391458244,1098.2742919921875,2111300,0.0,0.0
2015-01-02,1102.022759416634,1195.732177734375,1098.2743826839244,1195.732177734375,6176000,0.0,0.0
2015-01-02,1191.9840239025298,1195.7324013361856,1161.9970044332838,1180.7388916015625,9800700,0.0,0.0
2015-01-02,1184.4872690352183,1199.4807787698412,1169.4937593005952,1180.7388916015625,2645400,0.0,0.0
2015-01-02,1180.7389271410207,1195.7324373269385,1176.990549594541,1184.4873046875,2507100,0.0,0.0
2015-01-02,1184.4873046875,1184.4873046875,1184.4873046875,1184.4873046875,0,0.0,0.0
2015-01-02,1191.9838010016654,1199.4805544670846,1176.9902940708268,1195.732177734375,2956300,0.0,0.0
2015-01-02,1195.732335662842,1199.480712890625,1184.4872039794923,1199.480712890625,2535000,0.0,0.0
2015-01-02,1199.480570874183,1199.480570874183,1147.0032958984375,1147.0032958984375,7138200,0.0,0.0
2015-01-02,1147.003578914958,1180.7389782948098,1147.003578914958,1176.9906005859375,2844900,0.0,0.0
2015-01-02,1176.990549594541,1191.984059780459,1176.990549594541,1184.4873046875,1353400,0.0,0.0
2015-01-02,1184.487047536246,1214.4740613979232,1184.487047536246,1195.732177734375,7756400,0.0,0.0
2015-01-02,1199.480541537267,1210.725671614179,1195.732164844963,1206.977294921875,4289200,0.0,0.0
2015-01-02,1210.7257441767938,1218.222498010706,1210.7257441767938,1214.47412109375,4501800,0.0,0.0
2015-01-02,1206.9773808654595,1206.9773808654595,1195.732249987831,1203.22900390625,10122900,0.0,0.0
2015-01-02,1199.480712890625,1206.9774673461916,1161.996940612793,1199.480712890625,8527600,0.0,0.0
2015-01-02,1199.4806042981072,1206.9773580749704,1180.7387198559493,1188.2354736328125,716400,0.0,0.0
2015-01-02,1199.4807787698412,1199.4807787698412,1176.9905141679067,1180.7388916015625,756700,0.0,0.0
2015-01-02,1180.738864697908,1184.4872420461554,1068.2875442504883,1139.5067138671875,5547900,0.0,0.0
2015-01-02,1139.5066196518458,1150.751750766831,1109.5196033452182,1117.016357421875,2261900,0.0,0.0
2015-01-02,1117.0162848395269,1124.513038429054,1094.5260240709458,1109.51953125,1517100,0.0,0.0
2015-01-02,1109.5196744791667,1139.5066927083335,1105.7712972005208,1124.51318359375,2233000,0.0,0.0
2015-01-02,1143.2550190300342,1143.2550190300342,1120.7647563605908,1132.0098876953125,2259700,0.0,0.0
2015-01-02,1132.0097786893814,1132.0097786893814,1117.0162716868729,1120.7646484375,1236400,0.0,0.0
2015-01-02,1120.7649405643858,1120.7649405643858,1079.532785560345,1087.029541015625,6642600,0.0,0.0
2015-01-02,1083.2808809312291,1124.5130251881271,1075.784127429975,1120.7646484375,1705000,0.0,0.0
2015-01-02,1124.51318359375,1139.5066927083335,1109.5196744791667,1124.51318359375,1222600,0.0,0.0
2015-01-02,1124.5131983901515,1124.5131983901515,1083.2810477825126,1113.26806640625,1067100,0.0,0.0
2015-01-02,1113.2681570525217,1139.506800484736,1102.0230241530012,1135.7584228515625,1527800,0.0,0.0
2015-01-02,1135.7583514749012,1135.7583514749012,1117.0164644868667,1128.2615966796875,936400,0.0,0.0
2015-01-02,1117.0164948027013,1117.0164948027013,1087.029474807998,1105.7713623046875,1342500,0.0,0.0
2015-01-02,1102.0230876490011,1109.5198433472938,1083.2811984032699,1090.7779541015625,2006900,0.0,0.0
2015-01-02,1105.771377772501,1105.771377772501,1087.029490013645,1094.5262451171875,2346600,0.0,0.0
2015-01-02,1094.525915569006,1098.2742919921875,1079.5324098762799,1098.2742919921875,528700,0.0,0.0
2015-01-02,1098.2744008657094,1120.7646616342904,1090.7776472761823,1109.51953125,1005400,0.0,0.0
2015-01-02,1109.51953125,1109.51953125,1109.51953125,1109.51953125,0,0.0,0.0
2015-01-02,1117.0162663474725,1195.732177734375,1113.267889614763,1195.732177734375,1275800,0.0,0.0
2015-01-02,1199.4807058706072,1199.4807058706072,1135.758293371231,1173.2420654296875,3777400,0.0,0.0
2015-01-02,1173.2421160633542,1184.4872481661978,1147.0034744900522,1165.745361328125,1077700,0.0,0.0
2015-01-02,1169.4935891906546,1188.2354736328125,1161.9968354137914,1188.2354736328125,2854400,0.0,0.0
2015-01-02,1191.9837881526591,1210.725671614179,1184.4870347680512,1206.977294921875,5272800,0.0,0.0
2015-01-02,1206.977644981971,1218.2227783203125,1184.4873783052883,1218.2227783203125,2901600,0.0,0.0
2015-01-02,1214.4742286052178,1236.964492097907,1199.4807196100917,1225.7193603515625,6581000,0.0,0.0
2015-01-02,1225.7191783833948,1236.9643084603067,1203.228918229571,1206.977294921875,1226600,0.0,0.0
2015-01-02,1199.480712890625,1214.474221801758,1195.732335662842,1199.480712890625,1569800,0.0,0.0
2015-01-02,1234.3042208763861,1238.1735131048388,1199.4805908203125,1199.4805908203125,2488000,50.0,0.0
2015-01-02,1199.4805908203125,1199.4805908203125,1199.4805908203125,1199.4805908203125,0,0.0,0.0
2015-01-02,1199.4805908203125,1199.4805908203125,1199.4805908203125,1199.4805908203125,0,0.0,0.0
2015-01-02,1184.0036034217246,1238.1737029246794,1184.0036034217246,1207.2193603515625,3558400,0.0,0.0
2015-01-02,1207.2193603515625,1207.2193603515625,1207.2193603515625,1207.2193603515625,0,0.0,0.0
2015-01-02,1207.2193603515625,1207.2193603515625,1207.2193603515625,1207.2193603515625,0,0.0,0.0
2015-01-02,1253.6506600215516,1253.6506600215516,1184.0034011314656,1234.30419921875,3205600,0.0,0.0
2015-01-02,1234.3042208763861,1234.3042208763861,1195.6112985918598,1199.4805908203125,2223700,0.0,0.0
2015-01-02,1199.4805908203125,1199.4805908203125,1199.4805908203125,1199.4805908203125,0,0.0,0.0
2015-01-02,1199.4805908203125,1199.4805908203125,1199.4805908203125,1199.4805908203125,0,0.0,0.0
2015-01-02,1199.4805908203125,1199.4805908203125,1199.4805908203125,1199.4805908203125,0,0.0,0.0
2015-01-02,1160.7877819743376,1187.8728302204056,1160.7877819743376,1168.5263671875,1183200,0.0,0.0
2015-01-02,1168.5263671875,1168.5263671875,1168.5263671875,1168.5263671875,0,0.0,0.0
2015-01-02,1191.7420247395833,1315.5593779592803,1191.7420247395833,1276.866455078125,25605100,0.0,0.0
2015-01-02,1280.7358009338377,1300.0822631835936,1238.173583984375,1238.173583984375,8580000,0.0,0.0
2015-01-02,1234.3042945390866,1261.3893417546778,1176.264907648534,1253.6507568359375,6536500,0.0,0.0
2015-01-02,1276.866447496118,1276.866447496118,1226.5656480493012,1245.912109375,2066600,0.0,0.0
2015-01-02,1245.9120975617438,1245.9120975617438,1199.4805908203125,1199.4805908203125,1970000,0.0,0.0
2015-01-02,1238.1735131048388,1238.1735131048388,1180.1341296780495,1199.4805908203125,2073000,0.0,0.0
2015-01-02,1199.4805908203125,1199.4805908203125,1199.4805908203125,1199.4805908203125,0,0.0,0.0
2015-01-02,1207.2190632370284,1234.3041063224746,1207.2190632370284,1230.434814453125,3503500,0.0,0.0
2015-01-02,1218.827092536142,1265.2586008232329,1214.9578001788843,1242.0428466796875,3167300,0.0,0.0
2015-01-02,1245.912109375,1261.389278435559,1238.1735248447205,1245.912109375,1388000,0.0,0.0
2015-01-02,1230.4352118389422,1265.2588499098558,1207.219453125,1257.520263671875,1997900,0.0,0.0
2015-01-02,1269.1281430288461,1276.866729266827,1253.6509705528847,1257.520263671875,2538700,0.0,0.0
2015-01-02,1257.5200161087178,1257.5200161087178,1238.17355432243,1242.0428466796875,755000,0.0,0.0
2015-01-02,1242.04296484999,1242.04296484999,1211.088623046875,1211.088623046875,1149400,0.0,0.0
2015-01-02,1211.0886834932678,1230.435148085812,1195.6115118192324,1203.35009765625,2140700,0.0,0.0
2015-01-02,1203.35009765625,1238.1737339228296,1199.4808047377412,1203.35009765625,1568800,0.0,0.0
2015-01-02,1203.3501010575899,1253.6509091403832,1203.3501010575899,1249.7816162109375,2080600,0.0,0.0
2015-01-02,1253.6507568359375,1272.9972191327886,1245.9121719171972,1253.6507568359375,2079700,0.0,0.0
2015-01-02,1253.6506939052795,1261.389278435559,1245.912109375,1245.912109375,641600,0.0,0.0
2015-01-02,1245.912109375,1245.912109375,1245.912109375,1245.912109375,0,0.0,0.0
2015-01-02,1245.9123542645227,1261.3895263671875,1211.0887170335268,1261.3895263671875,2058000,0.0,0.0
2015-01-02,1257.5201985153737,1261.3894914338828,1203.35009765625,1203.35009765625,3040400,0.0,0.0
2015-01-02,1203.35009765625,1203.35009765625,1203.35009765625,1203.35009765625,0,0.0,0.0
2015-01-02,1203.3499231071114,1242.0428466796875,1203.3499231071114,1242.0428466796875,1504400,0.0,0.0
2015-01-02,1253.6506939052795,1257.5199861704193,1242.0428171098602,1245.912109375,944200,0.0,0.0
2015-01-02,1245.9123232814918,1257.5202020698287,1238.1737374226007,1249.7816162109375,1386200,0.0,0.0
2015-01-02,1249.7816138857888,1253.6509068080359,1218.8272705078125,1218.8272705078125,856300,0.0,0.0
2015-01-02,1222.6965961105254,1261.3895263671875,1214.958010059193,1261.3895263671875,2265600,0.0,0.0
2015-01-02,1261.3895263671875,1261.3895263671875,1261.3895263671875,1261.3895263671875,0,0.0,0.0
2015-01-02,1261.3895263671875,1261.3895263671875,1261.3895263671875,1261.3895263671875,0,0.0,0.0
2015-01-02,1261.3895263671875,1261.3895263671875,1261.3895263671875,1261.3895263671875,0,0.0,0.0
2015-01-02,1261.3895263671875,1261.3895263671875,1261.3895263671875,1261.3895263671875,0,0.0,0.0
2015-01-02,1261.3895263671875,1261.3895263671875,1261.3895263671875,1261.3895263671875,0,0.0,0.0
2015-01-02,1261.3895263671875,1261.3895263671875,1261.3895263671875,1261.3895263671875,0,0.0,0.0
2015-01-02,1261.3895263671875,1261.3895263671875,1261.3895263671875,1261.3895263671875,0,0.0,0.0
2015-01-02,1261.3892859256628,1276.866455078125,1242.0428244850852,1276.866455078125,3805700,0.0,0.0
2015-01-02,1276.8664743321174,1292.3436437179612,1226.565673828125,1226.565673828125,1703700,0.0,0.0
2015-01-02,1226.5656323401756,1253.6506778492646,1184.00341796875,1184.00341796875,2727600,0.0,0.0
2015-01-02,1218.8271217346191,1238.173583984375,1195.611367034912,1238.173583984375,1110400,0.0,0.0
2015-01-02,1238.1736190749234,1265.2586669921875,1238.1736190749234,1265.2586669921875,2482500,0.0,0.0
2015-01-02,1238.1735321969695,1276.866455078125,1238.1735321969695,1276.866455078125,2343300,0.0,0.0
2015-01-02,1272.9972160339355,1276.8665084838867,1222.6964141845701,1238.173583984375,2946900,0.0,0.0
2015-01-02,1238.17355432243,1253.6507237514602,1238.17355432243,1242.0428466796875,515800,0.0,0.0
2015-01-02,1253.6507237514602,1253.6507237514602,1238.17355432243,1242.0428466796875,1490900,0.0,0.0
2015-01-02,1238.173583984375,1245.9121688842772,1222.6964141845701,1238.173583984375,4468200,0.0,0.0
2015-01-02,1245.9121748761431,1276.8665146246187,1238.1735899390244,1269.1279296875,2179900,0.0,0.0
2015-01-02,1276.8666984698525,1276.8666984698525,1242.0430612388564,1261.3895263671875,849700,0.0,0.0
2015-01-02,1269.1280217040273,1276.8666072022227,1261.389436205832,1272.997314453125,2763900,0.0,0.0
2015-01-02,1276.866523293888,1315.5594482421875,1272.997230799058,1315.5594482421875,5028600,0.0,0.0
2015-01-02,1323.2981342516448,1396.814697265625,1315.5595486712257,1396.814697265625,13751900,0.0,0.0
2015-01-02,1416.1612542083908,1431.6384263855316,1361.9911515883978,1400.68408203125,6152100,0.0,0.0
2015-01-02,1400.6839900558346,1400.6839900558346,1369.7296477341586,1396.814697265625,2073600,0.0,0.0
2015-01-02,1365.8602414014863,1431.6382133669968,1365.8602414014863,1427.7689208984375,3964200,0.0,0.0
2015-01-02,1427.7691024906378,1431.6383954513171,1396.814758805204,1404.5533447265625,3014900,0.0,0.0
2015-01-02,1404.553258559283,1470.3312348554477,1354.2524531563336,1447.115478515625,12067800,0.0,0.0
2015-01-02,1454.8537649054276,1474.2002245451276,1431.638013337788,1470.3309326171875,8033000,0.0,0.0
2015-01-02,1474.2004815673827,1578.6713818359374,1470.3311889648437,1547.717041015625,12866800,0.0,0.0
2015-01-02,1555.455626220703,1563.194211425781,1524.5012854003905,1547.717041015625,2769500,0.0,0.0
2015-01-02,1532.2398388892816,1717.9658799667704,1509.0240837545955,1710.227294921875,12037600,0.0,0.0
2015-01-02,1733.4429450757575,1826.3059599905303,1687.011437618371,1787.613037109375,13409100,0.0,0.0
2015-01-02,1803.0903855045285,1818.5675561955545,1710.2273613583727,1748.9202880859375,5921900,0.0,0.0
2015-01-02,1748.9203415268578,1748.9203415268578,1663.795900125108,1679.2730712890625,14284000,0.0,0.0
2015-01-02,1679.2730808841088,1849.521964660378,1679.2730808841088,1772.1361083984375,19185300,0.0,0.0
2015-01-02,1772.136046292489,1803.0903877124451,1748.920290227522,1764.3974609375,7180800,0.0,0.0
2015-01-02,1764.3973814498545,1810.8288914880086,1594.1485113099563,1663.7957763671875,18322600,0.0,0.0
2015-01-02,1671.534423828125,1710.2273503056279,1617.364326759621,1671.534423828125,9308800,0.0,0.0
2015-01-02,1671.5343495244565,1687.0115194274606,1594.1485000094353,1601.8870849609375,10404900,0.0,0.0
2015-01-02,1617.3643816184094,1725.704579430169,1601.8872105024438,1632.841552734375,10955900,0.0,0.0
2015-01-02,1632.8414808216662,1687.011577341816,1547.7170434328589,1563.1942138671875,21155600,0.0,0.0
2015-01-02,1563.1941277640205,1772.1359171186173,1563.1941277640205,1733.4429931640625,29710600,0.0,0.0
2015-01-02,1748.9201594172298,1795.3516680743244,1702.488650760135,1717.9658203125,14187700,0.0,0.0
2015-01-02,1725.7045232090381,1756.6588644325186,1663.795840762077,1687.0115966796875,7791000,0.0,0.0
2015-01-02,1679.2729520057435,1717.9658771671661,1663.7957819411743,1694.7501220703125,8476200,0.0,0.0
2015-01-02,1663.7957551111629,1663.7957551111629,1528.3705192300217,1555.45556640625,11966600,0.0,0.0
2015-01-02,1536.1091041375155,1617.3642456662,1447.115377701337,1555.45556640625,7724300,0.0,0.0
2015-01-02,1555.455583599252,1648.318603515625,1520.631951130612,1648.318603515625,8783900,0.0,0.0
2015-01-02,1632.8414444729215,1725.7044650116657,1594.1485192484445,1710.227294921875,15889700,0.0,0.0
2015-01-02,1710.227294921875,1710.227294921875,1710.227294921875,1710.227294921875,0,0.0,0.0
2015-01-02,1725.704591471354,1779.8746907552083,1702.4888346354167,1741.1817626953125,12163400,0.0,0.0
2015-01-02,1741.1815779549734,1764.3973323277064,1733.4429931640625,1733.4429931640625,7139700,0.0,0.0
2015-01-02,1733.4429931640625,1733.4429931640625,1733.4429931640625,1733.4429931640625,0,0.0,0.0
2015-01-02,1733.4429898648648,1764.3973289695946,1702.488650760135,1717.9658203125,5897500,0.0,0.0
2015-01-02,1710.2271389431423,1826.305904029781,1640.5798798911592,1810.8287353515625,20507900,0.0,0.0
2015-01-02,1810.8288914880086,1834.0446465070856,1625.1028513353924,1663.7957763671875,22031800,0.0,0.0
2015-01-02,1663.7957763671875,1717.9658714117004,1625.1028513353924,1663.7957763671875,13312400,0.0,0.0
2015-01-02,1671.534421546437,1679.2730068313742,1640.5800804066882,1656.0572509765625,2383400,0.0,0.0
2015-01-02,1656.057246326265,1702.488757905506,1625.1029052734375,1625.1029052734375,6090600,0.0,0.0
2015-01-02,1632.8416187633168,1702.4888916015625,1555.455760054155,1702.4888916015625,9633200,0.0,0.0
2015-01-02,1702.4889534578194,1748.9204703703053,1702.4889534578194,1725.7047119140625,5363800,0.0,0.0
2015-01-02,1725.7045185409975,1741.181689110872,1648.3186656916255,1656.0572509765625,2865900,0.0,0.0
2015-01-02,1663.7958216903232,1679.2729921246519,1474.200483869798,1563.1942138671875,9700000,0.0,0.0
2015-01-02,1583.03183474657,1666.3492997332316,1555.2593464176828,1626.67431640625,7652600,50.0,0.0
2015-01-02,1626.674197284496,1666.349177706069,1626.674197284496,1642.544189453125,2319200,0.0,0.0
2015-01-02,1682.2191018497242,1682.2191018497242,1594.9341484518611,1618.7391357421875,2091900,0.0,0.0
2015-01-02,1618.7391357421875,1618.7391357421875,1618.7391357421875,1618.7391357421875,0,0.0,0.0
2015-01-02,1618.7392069016587,1698.0891680242892,1618.7392069016587,1674.2841796875,5615800,0.0,0.0
2015-01-02,1674.2841304114106,1737.7640974412272,1674.2841304114106,1729.8291015625,5317500,0.0,0.0
2015-01-02,1729.8291015625,1777.4390768348626,1729.8291015625,1729.8291015625,4131800,0.0,0.0
2015-01-02,1729.8292190694362,1729.8292190694362,1682.219240562938,1698.0892333984375,2340000,0.0,0.0
2015-01-02,1690.154068200297,1753.634033203125,1666.3490813242365,1753.634033203125,4715400,0.0,0.0
2015-01-02,1761.5690401724257,1832.9840012604968,1761.5690401724257,1801.2440185546875,11137400,0.0,0.0
2015-01-02,1801.2442027309485,1825.0491921943533,1785.3742097553454,1809.17919921875,4734300,0.0,0.0
2015-01-02,1825.0491855380772,1832.9841819969386,1761.5692138671875,1761.5692138671875,128949700,0.0,0.0
2015-01-02,1745.699266387195,1761.5692597179877,1626.67431640625,1626.67431640625,12603300,0.0,0.0
2015-01-02,1634.6091272690717,1642.5441230325137,1586.9991526884191,1618.7391357421875,14724900,0.0,0.0
2015-01-02,1626.6741913292794,1666.3491716056035,1586.9992110529556,1610.80419921875,18719600,0.0,0.0
2015-01-02,1618.7391952740147,1642.544183439809,1610.80419921875,1610.80419921875,6097900,0.0,0.0
2015-01-02,1618.7393197408535,1626.67431640625,1594.9343297446646,1626.67431640625,6153200,0.0,0.0
2015-01-02,1618.7391321163368,1658.4141108446784,1602.869140625,1602.869140625,5883700,0.0,0.0
2015-01-02,1602.869140625,1626.674127862005,1586.9991491336634,1602.869140625,4014400,0.0,0.0
2015-01-02,1602.869203163485,1634.6091873845444,1594.9342071082203,1610.80419921875,5274200,0.0,0.0
2015-01-02,1618.739096275846,1626.6740918458256,1547.3241361460293,1583.0316162109375,8426900,0.0,0.0
2015-01-02,1583.0317038908827,1586.9992018956218,1555.2592178577095,1563.1942138671875,3640400,0.0,0.0
2015-01-02,1563.1942761353773,1594.9342614376185,1555.259279809817,1571.1292724609375,4819000,0.0,0.0
2015-01-02,1567.1617118719266,1583.0317038908827,1551.2917198529703,1563.1942138671875,2138200,0.0,0.0
2015-01-02,1571.129296875,1571.129296875,1523.519318181818,1527.48681640625,10611800,0.0,0.0
2015-01-02,1503.681703422326,1527.4866908115978,1475.9092181348426,1511.61669921875,8674600,0.0,0.0
2015-01-02,1511.616792678833,1527.486785252889,1495.7468001047769,1523.519287109375,4774600,0.0,0.0
2015-01-02,1527.4869345067962,1547.3244271627286,1444.16946535188,1464.0069580078125,4936000,0.0,0.0
2015-01-02,1460.0391303893716,1483.8441162109375,1432.266646930878,1483.8441162109375,5439700,0.0,0.0
2015-01-02,1487.8118958924433,1555.259368506234,1487.8118958924433,1551.2918701171875,6678100,0.0,0.0
2015-01-02,1555.2591625976563,1610.8041326904297,1551.2916647338868,1586.9991455078125,12168800,0.0,0.0
2015-01-02,1586.999195474417,1658.4141592707658,1531.4542236328125,1531.4542236328125,20037400,0.0,0.0
2015-01-02,1555.2591625976563,1594.9341412353515,1547.324166870117,1586.9991455078125,10623800,0.0,0.0
2015-01-02,1539.389374950048,1583.0318572295596,1539.389374950048,1551.2918701171875,4650500,0.0,0.0
2015-01-02,1555.2592268318965,1626.6741913292794,1555.2592268318965,1610.80419921875,13130300,0.0,0.0
2015-01-02,1610.8043194671175,1610.8043194671175,1547.3243462861474,1594.934326171875,2344300,0.0,0.0
2015-01-02,1594.9343297446646,1642.5443097370426,1586.9993330792681,1626.67431640625,5704300,0.0,0.0
2015-01-02,1626.674197284496,1682.219169874698,1626.674197284496,1642.544189453125,9413400,0.0,0.0
2015-01-02,1642.5441156005859,1658.414107055664,1586.9991455078125,1586.9991455078125,3016500,0.0,0.0
2015-01-02,1602.869203163485,1642.544183439809,1594.9342071082203,1610.80419921875,5762900,0.0,0.0
2015-01-02,1579.0641533879952,1626.674127862005,1579.0641533879952,1602.869140625,3232900,0.0,0.0
2015-01-02,1602.869209031552,1682.219169874698,1586.9992168629228,1642.544189453125,13604700,0.0,0.0
2015-01-02,1634.6091962750447,1713.9591572592703,1626.6742001766222,1658.4141845703125,8110700,0.0,0.0
2015-01-02,1658.414125279018,1674.2841169084822,1642.5441336495537,1666.34912109375,4989900,0.0,0.0
2015-01-02,1698.0891680242892,1698.0891680242892,1666.349183575237,1674.2841796875,5963900,0.0,0.0
2015-01-02,1682.2191127232143,1706.0241001674108,1658.414125279018,1666.34912109375,4260400,0.0,0.0
2015-01-02,1650.4792456765776,1666.3492384234678,1602.869267435907,1634.6092529296875,2244200,0.0,0.0
2015-01-02,1618.7392040781997,1666.349180668735,1602.8692118813547,1658.4141845703125,3177300,0.0,0.0
2015-01-02,1658.4141845703125,1690.1541689640026,1634.6091962750447,1658.4141845703125,4558400,0.0,0.0
2015-01-02,1658.4141217745266,1682.2191091684194,1634.609134380634,1650.4791259765625,1715300,0.0,0.0
2015-01-02,1658.4141217745266,1666.349117572491,1642.5441301785982,1650.4791259765625,4879600,0.0,0.0
2015-01-02,1650.4792456765776,1666.3492384234678,1610.8042638093523,1634.6092529296875,4281900,0.0,0.0
2015-01-02,1634.6092529296875,1650.4792456765776,1610.8042638093523,1634.6092529296875,3673900,0.0,0.0
2015-01-02,1634.6092529296875,1634.6092529296875,1634.6092529296875,1634.6092529296875,0,0.0,0.0
2015-01-02,1634.6093329287696,1634.6093329287696,1515.5843815019175,1519.5518798828125,8401800,0.0,0.0
2015-01-02,1563.1943620726584,1563.1943620726584,1519.5518798828125,1519.5518798828125,5278300,0.0,0.0
2015-01-02,1519.5518798828125,1539.389371787288,1511.6168831210225,1519.5518798828125,2536400,0.0,0.0
2015-01-02,1519.5517264960324,1547.324212358884,1511.6167305352176,1515.584228515625,2102400,0.0,0.0
2015-01-02,1519.5517963447958,1594.9342614376185,1515.5842981820156,1571.1292724609375,7387900,0.0,0.0
2015-01-02,1571.1293620624201,1610.8043459528853,1543.3568733390946,1551.2918701171875,4599400,0.0,0.0
2015-01-02,1586.9991526884191,1618.7391357421875,1563.1941653980928,1618.7391357421875,5028200,0.0,0.0
2015-01-02,1626.674127862005,1642.5441193533418,1586.9991491336634,1602.869140625,6967200,0.0,0.0
2015-01-02,1626.674127862005,1634.6091236076734,1594.9341448793318,1602.869140625,6776100,0.0,0.0
2015-01-02,1594.9343364876759,1721.8942836707745,1594.9343364876759,1690.154296875,22321500,0.0,0.0
2015-01-02,1690.15425963321,1872.6591796875002,1650.479277012712,1872.6591796875,36759000,0.0,0.0
2015-01-02,1864.724174633361,1936.1391430235747,1769.5042167797424,1809.17919921875,24484800,0.0,0.0
2015-01-02,1825.0490017361112,1825.0490017361112,1753.6340407986113,1785.3740234375,6330500,0.0,0.0
2015-01-02,1745.6991032191686,1801.244074685233,1706.024123600551,1777.4390869140625,10987600,0.0,0.0
2015-01-02,1769.5040909903391,1817.11406653268,1729.8291113717216,1777.4390869140625,5289300,0.0,0.0
2015-01-02,1793.3090787615095,1809.1790706089564,1745.6991032191686,1777.4390869140625,7205200,0.0,0.0
2015-01-02,1777.4393321349557,1832.9843112641731,1777.4393321349557,1793.309326171875,26412100,0.0,0.0
2015-01-02,1793.30906507704,1793.30906507704,1706.0241105821399,1713.9591064453125,12229100,0.0,0.0
2015-01-02,1785.3740545419546,1785.3740545419546,1634.609134380634,1650.4791259765625,8248700,0.0,0.0
2015-01-02,1634.6091412238356,1698.0891078733048,1602.8691578991009,1682.2191162109375,7991400,0.0,0.0
2015-01-02,1682.219129527699,1761.5690884676847,1682.219129527699,1745.6990966796875,13590300,0.0,0.0
2015-01-02,1745.6990933199543,1769.5040809561353,1706.024113926319,1729.8291015625,11376500,0.0,0.0
2015-01-02,1729.8291400477217,1729.8291400477217,1610.80419921875,1610.80419921875,11771500,0.0,0.0
2015-01-02,1610.80419921875,1610.80419921875,1610.80419921875,1610.80419921875,0,0.0,0.0
2015-01-02,1610.80419921875,1610.80419921875,1610.80419921875,1610.80419921875,0,0.0,0.0
2015-01-02,1594.934271062462,1650.4792456765776,1594.934271062462,1634.6092529296875,6146300,0.0,0.0
2015-01-02,1650.4792548919393,1698.0892333984375,1642.5442584741895,1698.0892333984375,7358500,0.0,0.0
2015-01-02,1706.0242919921875,1721.8942854060683,1666.3493084574854,1706.0242919921875,8435200,0.0,0.0
2015-01-02,1706.0242919921875,1706.0242919921875,1706.0242919921875,1706.0242919921875,0,0.0,0.0
2015-01-02,1706.0242919921875,1706.0242919921875,1706.0242919921875,1706.0242919921875,0,0.0,0.0
2015-01-02,1706.0240556551441,1737.7640380859375,1690.1540644397476,1737.7640380859375,5803300,0.0,0.0
2015-01-02,1737.764041952418,1785.374015704539,1713.9590550763576,1753.634033203125,13041500,0.0,0.0
2015-01-02,1753.6340293013343,1761.5690249090326,1729.8290424782392,1737.7640380859375,4014500,0.0,0.0
2015-01-02,1761.5690364583334,1801.2440147569446,1745.699045138889,1785.3740234375,12614600,0.0,0.0
2015-01-02,1793.309072043679,1793.309072043679,1737.764100785689,1745.6990966796875,5460600,0.0,0.0
2015-01-02,1753.6341580104402,1785.37414277081,1745.6991618203476,1769.504150390625,5350100,0.0,0.0
2015-01-02,1769.5040843616832,1785.3740761496804,1737.764100785689,1745.6990966796875,7543300,0.0,0.0
2015-01-02,1745.6992209494651,1777.43920678491,1745.6992209494651,1761.5692138671875,6276800,0.0,0.0
2015-01-02,1761.569081624349,1761.569081624349,1706.0241105821399,1713.9591064453125,8178800,0.0,0.0
2015-01-02,1713.9590550763576,1761.5690288284786,1698.0890638256506,1753.634033203125,11263300,0.0,0.0
2015-01-02,1761.5690850774083,1777.4390768348626,1721.894105683773,1729.8291015625,8921200,0.0,0.0
2015-01-02,1729.8290424782392,1761.5690249090326,1706.0240556551441,1737.7640380859375,7237600,0.0,0.0
2015-01-02,1745.6990898980036,1753.6340857611763,1706.0241105821399,1713.9591064453125,2905400,0.0,0.0
2015-01-02,1737.764165630255,1785.37414277081,1729.8291694401626,1769.504150390625,15169700,0.0,0.0
2015-01-02,1777.4390315253304,1809.17901423114,1737.7640531430686,1801.2440185546875,21595500,0.0,0.0
2015-01-02,1809.1791497725474,1888.5291124818696,1785.3741609597507,1880.5941162109375,30007100,0.0,0.0
2015-01-02,1896.4641188018177,1999.6190708705358,1880.594126175861,1944.0740966796875,43248600,0.0,0.0
2015-01-02,1967.8790478888359,2102.7739826231514,1936.1390632454677,2078.968994140625,21420700,0.0,0.0
2015-01-02,2086.9041889391447,2380.4990748355262,2039.294207442434,2261.47412109375,30260200,0.0,0.0
2015-01-02,2261.4740591989435,2356.6940195862676,2197.994085607394,2253.5390625,20245600,0.0,0.0
2015-01-02,2253.539136142418,2420.174072265625,2158.3191726434425,2420.174072265625,18414100,0.0,0.0
2015-01-02,2412.2388145264504,2443.9787989281144,2293.213873020211,2324.953857421875,17685800,0.0,0.0
2015-01-02,2324.9537390757414,2459.848665916313,2324.9537390757414,2340.82373046875,10080700,0.0,0.0
2015-01-02,2340.823683580815,2404.303647881312,2285.278714817881,2396.36865234375,15378400,0.0,0.0
2015-01-02,2396.36865234375,2396.36865234375,2396.36865234375,2396.36865234375,0,0.0,0.0
2015-01-02,2396.3688915687917,2420.1738805578857,2340.823917260906,2364.62890625,8559100,0.0,0.0
2015-01-02,2364.6288854720747,2372.5638817320482,2182.1239714926865,2237.6689453125,17101400,0.0,0.0
2015-01-02,2237.66893462021,2269.40891950844,2158.318972399635,2174.18896484375,14662100,0.0,0.0
2015-01-02,2174.1886669393048,2261.47361342227,2126.578696130415,2197.99365234375,10780900,0.0,0.0
2015-01-02,2213.863951319413,2245.603936284566,2142.4489851478193,2205.928955078125,10274000,0.0,0.0
2015-01-02,2229.7338440777507,2324.9537947145227,2205.9288564185576,2317.018798828125,15227400,0.0,0.0
2015-01-02,2340.8237151567946,2356.693706445993,2197.993793554007,2277.34375,9510700,0.0,0.0
2015-01-02,2277.343650535301,2277.343650535301,2142.44873046875,2142.44873046875,11256700,0.0,0.0
2015-01-02,2142.4489453124997,2158.3189374999997,1959.94403515625,1983.7490234375,42063700,0.0,0.0
2015-01-02,1983.749014432313,2015.48899866323,1848.8540814509158,1936.1390380859375,101000300,0.0,0.0
2015-01-02,1936.1389530066288,1952.008944424716,1825.049013080019,1832.9840087890625,72563400,0.0,0.0
2015-01-02,1825.049137230083,1896.464103469521,1801.2441484836038,1848.8541259765625,101092900,0.0,0.0
2015-01-02,1856.7891845703125,1904.3991636618591,1832.9841950245393,1856.7891845703125,71933600,0.0,0.0
2015-01-02,1864.7241184742154,1880.594110971868,1832.9841334789096,1848.8541259765625,21555200,0.0,0.0
2015-01-02,1856.7891781455594,1856.7891781455594,1745.6992273163378,1809.17919921875,70084900,0.0,0.0
2015-01-02,1809.1791926203548,1832.9841819969386,1761.5692138671875,1761.5692138671875,59160900,0.0,0.0
2015-01-02,1761.5690950666155,1801.244074685233,1753.634099142892,1777.4390869140625,56888300,0.0,0.0
2015-01-02,1809.1793202087943,1832.9843112641731,1785.3743291534154,1793.309326171875,60252300,0.0,0.0
2015-01-02,1801.2441351509951,1817.11412753118,1745.6991618203476,1769.504150390625,43175000,0.0,0.0
2015-01-02,1769.504020516731,1777.4390161244294,1706.0240556551441,1737.7640380859375,44240200,0.0,0.0
2015-01-02,1745.6991618203476,1785.37414277081,1713.9591770599777,1769.504150390625,43449000,0.0,0.0
2015-01-02,1769.504150390625,1769.504150390625,1769.504150390625,1769.504150390625,0,0.0,0.0
2015-01-02,1745.6994010116648,1761.5693955663164,1713.9594119023618,1721.8944091796875,25280500,0.0,0.0
2015-01-02,1745.6994010116648,1745.6994010116648,1682.2194227930588,1721.8944091796875,28455900,0.0,0.0
2015-01-02,1737.7640380859375,1745.699033693636,1706.0240556551441,1737.7640380859375,12976000,0.0,0.0
2015-01-02,1753.6342318260065,1880.5941762115997,1721.8942457296082,1872.6591796875,78645600,0.0,0.0
2015-01-02,1912.3340904535687,1928.2040829054654,1753.6341659346003,1817.1141357421875,137877900,0.0,0.0
2015-01-02,1832.9840087890625,1864.7239916252367,1809.1790216619318,1832.9840087890625,29562600,0.0,0.0
2015-01-02,1840.9189930555556,1840.9189930555556,1777.439027777778,1785.3740234375,29780800,0.0,0.0
2015-01-02,1785.3740117321277,1801.2440029475245,1729.8290424782392,1737.7640380859375,30927300,0.0,0.0
2015-01-02,1737.764224490604,1793.3091997026324,1729.8292280317428,1761.5692138671875,23815900,0.0,0.0
2015-01-02,1745.6990966796875,1793.309072043679,1737.764100785689,1745.6990966796875,17491500,0.0,0.0
2015-01-02,1761.5690884676847,1769.5040843616832,1745.6990966796875,1745.6990966796875,5679100,0.0,0.0
2015-01-02,1737.7640940348308,1769.5040774875217,1713.9591064453125,1713.9591064453125,35463200,0.0,0.0
2015-01-02,1721.8941023084853,1745.6990898980036,1706.0241105821399,1713.9591064453125,11728400,0.0,0.0
2015-01-02,1721.8941023084853,1729.8290981716582,1706.0241105821399,1713.9591064453125,11538000,0.0,0.0
2015-01-02,1706.0242099954626,1706.0242099954626,1563.1942761353773,1571.1292724609375,77003300,0.0,0.0
2015-01-02,1547.3241530464325,1559.226646531405,1388.624239913465,1400.5267333984375,161822800,0.0,0.0
2015-01-02,1396.5594172898861,1436.2344007356214,1337.046942121283,1392.5919189453125,66630400,0.0,0.0
2015-01-02,1400.5269102023415,1452.104388481748,1329.1119402770096,1344.98193359375,90793500,0.0,0.0
2015-01-02,1344.98193359375,1344.98193359375,1344.98193359375,1344.98193359375,0,0.0,0.0
2015-01-02,1348.949405030708,1416.3968752822434,1348.949405030708,1372.75439453125,77405200,0.0,0.0
2015-01-02,1388.6243380033054,1448.1368096320184,1372.754345568982,1444.1693115234375,91641800,0.0,0.0
2015-01-02,1448.136934670069,1483.8444207304267,1436.2344393166163,1475.909423828125,81668600,0.0,0.0
2015-01-02,1467.9741801386294,1479.8766734911048,1444.1691934336786,1460.0391845703125,35505600,0.0,0.0
2015-01-02,1467.9743293910144,1467.9743293910144,1428.2993475155818,1432.266845703125,31874100,0.0,0.0
2015-01-02,1448.1368656481727,1448.1368656481727,1392.5918899794758,1404.494384765625,24133000,0.0,0.0
2015-01-02,1420.8257685122283,1420.8257685122283,1375.9146091627038,1408.5772705078125,18249100,50.0,0.0
2015-01-02,1404.494265407986,1490.2337409125432,1404.494265407986,1469.819580078125,54861800,0.0,0.0
2015-01-02,1469.8197497351696,1486.1510802877826,1437.1570886299435,1445.32275390625,38590900,0.0,0.0
2015-01-02,1445.32275390625,1445.32275390625,1445.32275390625,1445.32275390625,0,0.0,0.0
2015-01-02,1461.6540149097711,1473.9025122414173,1437.1570202464789,1449.405517578125,24047300,0.0,0.0
2015-01-02,1449.405517578125,1449.405517578125,1449.405517578125,1449.405517578125,0,0.0,0.0
2015-01-02,1449.4055105625898,1457.5711754108297,1420.82568359375,1420.82568359375,13360400,0.0,0.0
2015-01-02,1420.8255853842068,1461.653906803293,1420.8255853842068,1441.23974609375,17743200,0.0,0.0
2015-01-02,1441.23988711229,1453.4883847364738,1359.5832362843983,1367.7489013671875,50616300,0.0,0.0
2015-01-02,1375.914463984502,1375.914463984502,1249.346664626877,1257.5123291015625,108226100,0.0,0.0
2015-01-02,1261.5951463268648,1298.3406360257056,1249.3466497605846,1265.677978515625,48038600,0.0,0.0
2015-01-02,1282.0094212259992,1306.5064165360502,1241.1810957092478,1302.423583984375,76304200,0.0,0.0
2015-01-02,1306.5064102564102,1310.5892427884614,1273.84375,1273.84375,56927600,0.0,0.0
2015-01-02,1273.84375,1273.84375,1273.84375,1273.84375,0,0.0,0.0
2015-01-02,1282.0092982931105,1298.3406269337872,1233.0153123710809,1237.09814453125,37267500,0.0,0.0
2015-01-02,1237.0982287597656,1241.1810611979167,1192.1870719401043,1224.8497314453125,51721000,0.0,0.0
2015-01-02,1257.512445494186,1257.512445494186,1188.1042910350914,1228.9326171875,31286300,0.0,0.0
2015-01-02,1233.0152922223328,1290.1749415306529,1233.0152922223328,1282.00927734375,49694800,0.0,0.0
2015-01-02,1282.009322525619,1282.009322525619,1228.9325034401634,1257.5123291015625,48224600,0.0,0.0
2015-01-02,1257.512478298611,1265.6781437421087,1212.601318359375,1212.601318359375,38707300,0.0,0.0
2015-01-02,1212.601318359375,1237.0983146898675,1184.0214893071338,1212.601318359375,21691300,0.0,0.0
2015-01-02,1212.601346529447,1224.8498449792394,1167.690185546875,1167.690185546875,24190700,0.0,0.0
2015-01-02,1126.8616794064749,1159.5243367805756,1126.8616794064749,1135.02734375,26883000,0.0,0.0
2015-01-02,1147.2758784456073,1151.358710753243,1073.7848969081663,1081.9505615234375,43320300,0.0,0.0
2015-01-02,1073.7848736102765,1114.613195800781,1045.205048076923,1061.536376953125,33809400,0.0,0.0
2015-01-02,1061.536347360322,1106.447500517874,1061.536347360322,1077.86767578125,35825300,0.0,0.0
2015-01-02,1077.8677517361111,1114.6132432725694,1053.3707573784723,1102.36474609375,28117700,0.0,0.0
2015-01-02,1118.6961831485523,1151.358845430262,1102.3648520076977,1110.530517578125,38279300,0.0,0.0
2015-01-02,1110.530517578125,1126.8618487189797,1098.282019222484,1110.530517578125,11922600,0.0,0.0
2015-01-02,1110.530336216518,1159.5243216378349,1110.530336216518,1143.1929931640625,32561300,0.0,0.0
2015-01-02,1143.1930167214912,1175.8556743421052,1122.7788557086074,1163.607177734375,39352600,0.0,0.0
2015-01-02,1167.690158420139,1216.684151081124,1167.690158420139,1212.601318359375,43084700,0.0,0.0
2015-01-02,1216.683920650159,1237.0980803926113,1200.3525928561971,1204.4354248046875,65673000,0.0,0.0
2015-01-02,1204.4355692545573,1228.9325638834634,1200.3527368164061,1224.8497314453125,21246100,0.0,0.0
2015-01-02,1224.8497314453125,1224.8497314453125,1224.8497314453125,1224.8497314453125,0,0.0,0.0
2015-01-02,1233.0153963216146,1249.3467260742189,1220.7668990071616,1224.8497314453125,38053700,0.0,0.0
2015-01-02,1224.8497314453125,1224.8497314453125,1224.8497314453125,1224.8497314453125,0,0.0,0.0
2015-01-02,1224.8497314453125,1224.8497314453125,1224.8497314453125,1224.8497314453125,0,0.0,0.0
2015-01-02,1224.8497314453125,1224.8497314453125,1224.8497314453125,1224.8497314453125,0,0.0,0.0
2015-01-02,1224.8497314453125,1224.8497314453125,1224.8497314453125,1224.8497314453125,0,0.0,0.0
2015-01-02,1224.8497314453125,1224.8497314453125,1224.8497314453125,1224.8497314453125,0,0.0,0.0
2015-01-02,1245.2638088515882,1249.3466410117574,1224.8496480507426,1237.09814453125,19594400,0.0,0.0
2015-01-02,1220.766762840827,1237.0980907718078,1204.435434909846,1233.0152587890625,17888200,0.0,0.0
2015-01-02,1233.015301000292,1331.0032719407127,1216.683972510222,1310.589111328125,109327700,0.0,0.0
2015-01-02,1314.6719434506426,1351.4174325533002,1290.1749507155373,1310.589111328125,65397800,0.0,0.0
2015-01-02,1314.671908974262,1322.8375730051578,1257.5122607579895,1261.5950927734375,35339100,0.0,0.0
2015-01-02,1257.512409616024,1261.5952421147772,1147.2759321496842,1151.3587646484375,71682300,0.0,0.0
2015-01-02,1151.3587646484375,1184.021424638464,1143.193099650931,1151.3587646484375,33579000,0.0,0.0
2015-01-02,1167.6900482177734,1200.3527069091797,1155.441551208496,1175.855712890625,39701300,0.0,0.0
2015-01-02,1192.1869967713649,1220.7668220364317,1175.8556680484694,1200.3526611328125,31067100,0.0,0.0
2015-01-02,1208.5183715820312,1220.7668685913086,1167.6900482177734,1175.855712890625,16722700,0.0,0.0
2015-01-02,1175.8556908444816,1228.9325102228784,1147.2758650253447,1220.766845703125,54541000,0.0,0.0
2015-01-02,1224.8498213918585,1265.678148771587,1216.684155915913,1241.18115234375,62352600,0.0,0.0
2015-01-02,1249.3468178196956,1257.5124832956415,1208.518490439967,1241.18115234375,28509800,0.0,0.0
2015-01-02,1241.1810228634185,1294.2578429200778,1228.9325259272664,1277.926513671875,57220000,0.0,0.0
2015-01-02,1282.0093072706652,1290.1749716481854,1249.3466497605846,1265.677978515625,21873500,0.0,0.0
2015-01-02,1277.9265601937857,1282.0093926544687,1249.3467329690045,1253.4295654296875,20749300,0.0,0.0
2015-01-02,1261.595273760967,1302.423599772649,1241.1811107551262,1294.2579345703125,44088100,0.0,0.0
2015-01-02,1298.3408042907715,1335.086298751831,1294.257971572876,1306.5064697265625,65194500,0.0,0.0
2015-01-02,1306.506542369632,1343.2520388737778,1306.506542369632,1331.0035400390625,44477800,0.0,0.0
2015-01-02,1343.2518822113213,1416.7428666484147,1314.6720549302293,1412.6600341796875,114683800,0.0,0.0
2015-01-02,1412.6600273379886,1441.2398544806647,1335.086210807868,1384.0802001953125,81277000,0.0,0.0
2015-01-02,1379.9973063396903,1392.245803141522,1347.3346482014729,1351.41748046875,34175100,0.0,0.0
2015-01-02,1367.74890743501,1400.41156791107,1347.3347446374726,1396.3287353515625,33541500,0.0,0.0
2015-01-02,1396.328635408799,1408.5771322106307,1351.41748046875,1351.41748046875,29210800,0.0,0.0
2015-01-02,1355.5003199606947,1371.8316491168478,1314.6719970703125,1314.6719970703125,24059400,0.0,0.0
2015-01-02,1318.7548594217815,1375.9145127713325,1302.4235298933384,1363.666015625,30149600,0.0,0.0
2015-01-02,1367.7489013671875,1384.0802315327658,1363.6660688257928,1367.7489013671875,26666500,0.0,0.0
2015-01-02,1371.8316572473404,1371.8316572473404,1335.0861664282152,1343.2518310546875,23447200,0.0,0.0
2015-01-02,1351.417704763588,1359.5833706533983,1326.9207070941575,1331.0035400390625,16974000,0.0,0.0
2015-01-02,1335.0862040692066,1371.8316959243223,1326.920539212514,1355.5003662109375,33679000,0.0,0.0
2015-01-02,1355.5002494315984,1367.748745661402,1310.5890965889853,1318.7547607421875,36123200,0.0,0.0
2015-01-02,1318.754766184813,1326.9204303717158,1277.9264452502987,1282.00927734375,30878300,0.0,0.0
2015-01-02,1286.0924409823403,1298.3409404202673,1265.6782752524618,1269.7611083984375,15933600,0.0,0.0
2015-01-02,1269.761045865486,1339.1692059288728,1237.0983823062452,1331.0035400390625,53909400,0.0,0.0
2015-01-02,1331.0033109688466,1347.3346399377895,1298.3406530309608,1322.837646484375,30130800,0.0,0.0
2015-01-02,1326.9205249330532,1331.0033573174626,1298.3406982421875,1298.3406982421875,15857800,0.0,0.0
2015-01-02,1302.423637008667,1322.8378005981444,1286.092306137085,1306.5064697265625,20867900,0.0,0.0
2015-01-02,1306.5064697265625,1331.0034660339354,1298.3408042907715,1306.5064697265625,33381600,0.0,0.0
2015-01-02,1306.5062792056076,1318.75477557316,1294.257782838055,1310.589111328125,22707500,0.0,0.0
2015-01-02,1306.5062792056076,1310.589111328125,1277.9264543479849,1310.589111328125,16152600,0.0,0.0
2015-01-02,1302.423577724359,1302.423577724359,1253.4295873397436,1273.84375,18106800,0.0,0.0
2015-01-02,1249.3466410117574,1261.595137492265,1188.1041586092203,1237.09814453125,26277600,0.0,0.0
2015-01-02,1245.2638936360677,1257.5123909505207,1220.7668990071616,1224.8497314453125,15643500,0.0,0.0
2015-01-02,1224.8496936152155,1286.0921782959765,1220.766861303165,1277.926513671875,25291800,0.0,0.0
2015-01-02,1282.0093387580066,1318.7548293593507,1282.0093387580066,1314.6719970703125,35981900,0.0,0.0
2015-01-02,1306.5062699044586,1306.5062699044586,1277.9264452502987,1282.00927734375,18347700,0.0,0.0
2015-01-02,1282.0093926544687,1286.0922251151517,1249.3467329690045,1253.4295654296875,17225200,0.0,0.0
2015-01-02,1261.595184423672,1286.0921782959765,1257.5123521116213,1277.926513671875,10163100,0.0,0.0
2015-01-02,1257.5123291015625,1269.7608258135908,1241.1810001521917,1257.5123291015625,11174000,0.0,0.0
2015-01-02,1269.7608258135908,1286.0921547629616,1245.2638323895344,1257.5123291015625,14034200,0.0,0.0
2015-01-02,1265.677978515625,1294.2578038369454,1261.5951463268648,1265.677978515625,10529900,0.0,0.0
2015-01-02,1273.8437978707107,1273.8437978707107,1241.1811363868462,1249.3468017578125,10011000,0.0,0.0
2015-01-02,1257.5123291015625,1269.7608258135908,1253.4294968642198,1257.5123291015625,9317000,0.0,0.0
2015-01-02,1269.760886663123,1298.3407136941257,1257.5123893641219,1290.175048828125,28569600,0.0,0.0
2015-01-02,1298.3407136941257,1306.5063785601267,1273.8437190961236,1290.175048828125,16128900,0.0,0.0
2015-01-02,1265.678212920581,1331.0035400390625,1253.4297140858657,1331.0035400390625,35076100,0.0,0.0
2015-01-02,1343.2518076955537,1371.8316333912037,1322.837646484375,1322.837646484375,45863900,0.0,0.0
2015-01-02,1331.0034870793268,1339.1691526442307,1302.4236576021633,1326.920654296875,25054000,0.0,0.0
2015-01-02,1326.92042489539,1355.5002494315984,1306.506264512384,1318.7547607421875,23321700,0.0,0.0
2015-01-02,1326.9206116691469,1326.9206116691469,1277.9266198536707,1286.09228515625,21600700,0.0,0.0
2015-01-02,1298.34081067537,1298.34081067537,1241.18115234375,1241.18115234375,22260000,0.0,0.0
2015-01-02,1241.18115234375,1265.678148771587,1233.0154868678044,1241.18115234375,14979900,0.0,0.0
2015-01-02,1241.18115234375,1261.5953160336144,1241.18115234375,1241.18115234375,11260700,0.0,0.0
2015-01-02,1245.2639005083215,1261.5952303510535,1245.2639005083215,1253.4295654296875,8668900,0.0,0.0
2015-01-02,1261.5952303510535,1265.6780628117367,1241.1810680476385,1253.4295654296875,19766300,0.0,0.0
2015-01-02,1261.595329777644,1326.920654296875,1257.5124969951921,1326.920654296875,42880100,0.0,0.0
2015-01-02,1335.08610406323,1335.08610406323,1306.5062792056076,1310.589111328125,33292500,0.0,0.0
2015-01-02,1310.5892245205966,1359.583214222301,1310.5892245205966,1347.334716796875,50099600,0.0,0.0
2015-01-02,1355.500537708493,1355.500537708493,1314.6722082594422,1331.0035400390625,24840800,0.0,0.0
2015-01-02,1331.0032569719913,1339.1689211251935,1314.6719286655864,1318.7547607421875,18066000,0.0,0.0
2015-01-02,1318.7549463665673,1318.7549463665673,1269.7609545510911,1286.09228515625,30027100,0.0,0.0
2015-01-02,1282.0096078363645,1302.423773566243,1269.7611083984375,1269.7611083984375,15716800,0.0,0.0
2015-01-02,1277.9265363201405,1310.5891953954156,1277.9265363201405,1298.3406982421875,16363300,0.0,0.0
2015-01-02,1298.3406679141594,1326.9204939374272,1290.175003336083,1314.6719970703125,32417100,0.0,0.0
2015-01-02,1322.8377627784898,1326.920595379658,1277.9266041656397,1294.2579345703125,189807000,0.0,0.0
2015-01-02,1294.2577947736181,1294.2577947736181,1228.9324802109118,1237.09814453125,30613700,0.0,0.0
2015-01-02,1237.0982929386505,1241.181125588613,1192.1871337890625,1192.1871337890625,27272600,0.0,0.0
2015-01-02,1184.0214002173102,1208.5183947045648,1155.441573315513,1196.2698974609375,30156700,0.0,0.0
2015-01-02,1204.4356214960549,1233.015449802741,1200.352788880814,1228.9326171875,18892600,0.0,0.0
2015-01-02,1224.8498213918585,1241.18115234375,1212.60132317794,1241.18115234375,14162900,0.0,0.0
2015-01-02,1245.2638920651207,1290.175048828125,1220.7668974671183,1290.175048828125,25232900,0.0,0.0
2015-01-02,1277.9264902882762,1282.009322525619,1253.4294968642198,1257.5123291015625,8341300,0.0,0.0
2015-01-02,1249.3467329690045,1265.6780628117367,1245.2639005083215,1253.4295654296875,7115500,0.0,0.0
2015-01-02,1249.3467802637044,1249.3467802637044,1220.7669519570184,1228.9326171875,6424100,0.0,0.0
2015-01-02,1228.9326171875,1245.2639476484635,1224.849784572259,1228.9326171875,3292700,0.0,0.0
2015-01-02,1241.1811150332226,1241.1811150332226,1220.7669519570184,1228.9326171875,5384300,0.0,0.0
2015-01-02,1237.0982287597656,1249.3467260742189,1224.8497314453125,1224.8497314453125,7223500,0.0,0.0
2015-01-02,1220.7669519570184,1228.9326171875,1208.5184541112958,1228.9326171875,4564400,0.0,0.0
2015-01-02,1237.0982287597656,1241.1810611979167,1224.8497314453125,1224.8497314453125,5934900,0.0,0.0
2015-01-02,1233.0154184810451,1249.3467485271517,1224.849753457992,1245.263916015625,5209800,0.0,0.0
2015-01-02,1249.3467759574626,1302.423599772649,1249.3467759574626,1294.2579345703125,23898800,0.0,0.0
2015-01-02,1294.2577682825804,1318.7547607421875,1290.1749362059793,1318.7547607421875,24701100,0.0,0.0
2015-01-02,1322.8377082921281,1326.9205407251286,1286.0922163951245,1290.175048828125,11762300,0.0,0.0
2015-01-02,1290.1749964595922,1359.5831450033045,1290.1749964595922,1351.41748046875,45802000,0.0,0.0
2015-01-02,1351.4175620855287,1404.494384765625,1351.4175620855287,1404.494384765625,123475500,0.0,0.0
2015-01-02,1400.4114834399934,1400.4114834399934,1335.0861664282152,1343.2518310546875,37464500,0.0,0.0
2015-01-02,1343.2518159341957,1367.7488095378587,1322.8376545978097,1351.41748046875,33265600,0.0,0.0
2015-01-02,1351.4173514030042,1424.9083251953125,1335.0860238936023,1424.9083251953125,72429700,0.0,0.0
2015-01-02,1428.9913982234589,1498.3995518514555,1396.328737692637,1490.23388671875,96556100,0.0,0.0
2015-01-02,1498.3995838112448,1498.3995838112448,1445.3227593165686,1473.902587890625,37264600,0.0,0.0
2015-01-02,1469.819580078125,1518.813566080729,1449.4054192437065,1469.819580078125,34092200,0.0,0.0
2015-01-02,1465.7368317932642,1465.7368317932642,1449.4055021911108,1457.5711669921875,12864400,0.0,0.0
2015-01-02,1457.5712139423076,1477.9853766025642,1412.6600560897436,1433.07421875,17954100,0.0,0.0
2015-01-02,1420.8257148210391,1428.9913798487464,1388.1630547102106,1404.494384765625,24005000,0.0,0.0
2015-01-02,1404.4943313821066,1477.985313838147,1396.3286666647687,1400.4114990234375,54295300,0.0,0.0
2015-01-02,1428.9913958276225,1461.6540563036824,1355.5004097564877,1396.3287353515625,30784300,0.0,0.0
2015-01-02,1400.4115063476563,1437.156997767857,1396.328673967634,1428.9913330078125,16442500,0.0,0.0
2015-01-02,1437.156997767857,1461.653992047991,1424.9085006277903,1428.9913330078125,19555000,0.0,0.0
2015-01-02,1428.9913862179487,1441.2398838141025,1400.4115584935898,1433.07421875,10833600,0.0,0.0
2015-01-02,1412.660049793332,1441.239877390307,1404.494384765625,1404.494384765625,11653400,0.0,0.0
2015-01-02,1400.4115522517714,1428.9913798487464,1388.1630547102106,1404.494384765625,13804500,0.0,0.0
2015-01-02,1404.4944378396738,1428.9914338485055,1396.3287725033967,1408.5772705078125,8832400,0.0,0.0
2015-01-02,1404.494339446108,1408.5771718282188,1355.5003508607786,1363.666015625,10127500,0.0,0.0
2015-01-02,1363.666046697443,1379.9973765980112,1322.8377219460226,1347.334716796875,11798100,0.0,0.0
2015-01-02,1359.5832362843983,1379.9973989913713,1339.1690735774253,1367.7489013671875,11222100,0.0,0.0
2015-01-02,1367.7488011489681,1379.9972978756753,1322.837646484375,1322.837646484375,8128700,0.0,0.0
2015-01-02,1314.671997792622,1379.997314453125,1298.3406686274961,1379.997314453125,14296400,0.0,0.0
2015-01-02,1379.9973765980112,1424.9085338245739,1339.169051846591,1347.334716796875,29497600,0.0,0.0
2015-01-02,1347.3347969055176,1355.5004623413085,1302.423637008667,1306.5064697265625,15104000,0.0,0.0
2015-01-02,1326.9205544211648,1355.500381747159,1322.8377219460226,1347.334716796875,11122200,0.0,0.0
2015-01-02,1343.2520388737778,1351.417704763588,1326.9207070941575,1331.0035400390625,3350500,0.0,0.0
2015-01-02,1343.25182309358,1347.3346553826184,1290.175003336083,1314.6719970703125,14942100,0.0,0.0
2015-01-02,1326.9204939374272,1326.9204939374272,1306.506332492236,1314.6719970703125,7415900,0.0,0.0
2015-01-02,1326.9205169211104,1367.7488405186832,1318.754852201596,1335.086181640625,20954800,0.0,0.0
2015-01-02,1339.169089010886,1363.666084541573,1326.9205912455425,1359.583251953125,14454500,0.0,0.0
2015-01-02,1363.6660532965504,1392.2458807608496,1363.6660532965504,1375.91455078125,10782100,0.0,0.0
2015-01-02,1375.914647686298,1379.99748046875,1326.920654296875,1326.920654296875,14403500,0.0,0.0
2015-01-02,1318.754967880249,1335.086298751831,1298.3408042907715,1306.5064697265625,13427000,0.0,0.0
2015-01-02,1306.506432373817,1335.0862605819943,1290.1751019691442,1294.2579345703125,14727200,0.0,0.0
2015-01-02,1294.2579345703125,1318.7549301773215,1282.009436766808,1294.2579345703125,17531000,0.0,0.0
2015-01-02,1306.506332492236,1326.9204939374272,1302.4235002031978,1314.6719970703125,23364200,0.0,0.0
2015-01-02,1318.754852201596,1363.666008158926,1318.754852201596,1335.086181640625,24097200,0.0,0.0
2015-01-02,1343.2517683082651,1343.2517683082651,1298.3406149605726,1310.589111328125,13438800,0.0,0.0
2015-01-02,1310.5892427884614,1318.7549078525642,1269.7609174679487,1273.84375,18370300,0.0,0.0
2015-01-02,1273.8437872023808,1294.2579504588293,1265.6781218998015,1286.09228515625,17877800,0.0,0.0
2015-01-02,1290.175080128205,1306.5064102564102,1265.6780849358975,1273.84375,16482600,0.0,0.0
2015-01-02,1273.8436131568471,1290.1749415306529,1273.8436131568471,1282.00927734375,14606100,0.0,0.0
2015-01-02,1286.092269367976,1302.423599772649,1273.8437715644716,1294.2579345703125,16907500,0.0,0.0
2015-01-02,1302.4235075441793,1314.6720044803315,1277.926513671875,1277.926513671875,19551500,0.0,0.0
2015-01-02,1277.9265601937857,1290.1750575758347,1245.2639005083215,1253.4295654296875,18987400,0.0,0.0
2015-01-02,1261.595184423672,1286.0921782959765,1257.5123521116213,1277.926513671875,12434900,0.0,0.0
2015-01-02,1282.0093459839256,1290.1750106080272,1273.8436813598241,1277.926513671875,7124200,0.0,0.0
2015-01-02,1277.9266198536707,1290.1751178075397,1277.9266198536707,1286.09228515625,4485500,0.0,0.0
2015-01-02,1290.1750575758347,1298.3407224972009,1253.4295654296875,1253.4295654296875,19735300,0.0,0.0
2015-01-02,1257.5123978903705,1277.9265601937857,1249.3467329690045,1253.4295654296875,9486700,0.0,0.0
2015-01-02,1261.5952303510535,1273.8437277331027,1249.3467329690045,1253.4295654296875,13643700,0.0,0.0
2015-01-02,1253.42945268959,1290.1749415306529,1249.3466205961386,1282.00927734375,18793600,0.0,0.0
2015-01-02,1286.0922653610642,1367.7489171300206,1286.0922653610642,1359.583251953125,88618000,0.0,0.0
2015-01-02,1339.1690364975527,1375.9145283526686,1322.837706784168,1355.5003662109375,34571700,0.0,0.0
2015-01-02,1367.7488703994977,1388.1630326442662,1351.4175406036827,1384.0802001953125,32716700,0.0,0.0
2015-01-02,1363.666046697443,1379.9973765980112,1331.0033868963067,1347.334716796875,18731300,0.0,0.0
2015-01-02,1347.3346399377895,1351.4174721800252,1314.6719819999037,1322.837646484375,11009500,0.0,0.0
2015-01-02,1339.1690735774253,1367.7489013671875,1331.003408494636,1367.7489013671875,39714000,0.0,0.0
2015-01-02,1375.9145881204045,1400.4115837545955,1355.5004250919117,1388.1630859375,60649600,0.0,0.0
2015-01-02,1396.3286666647687,1412.6599960994442,1371.8316725127552,1400.4114990234375,26877300,0.0,0.0
2015-01-02,1408.577233030085,1408.577233030085,1375.914572554025,1396.3287353515625,12152600,0.0,0.0
2015-01-02,1388.1630800722598,1400.4115778376033,1359.583251953125,1359.583251953125,17264000,0.0,0.0
2015-01-02,1339.1689266520702,1347.334590838973,1273.8436131568471,1282.00927734375,34555800,0.0,0.0
2015-01-02,1282.0094150641025,1298.3407451923076,1269.7609174679487,1273.84375,14348700,0.0,0.0
2015-01-02,1282.0093839621243,1294.2578812611255,1273.8437190961236,1290.175048828125,10270200,0.0,0.0
2015-01-02,1290.1751019691442,1298.3407671714806,1282.009436766808,1294.2579345703125,7090300,0.0,0.0
2015-01-02,1290.1749870003046,1290.1749870003046,1245.2638323895344,1257.5123291015625,16513800,0.0,0.0
2015-01-02,1257.5123053320958,1257.5123053320958,1224.8496480507426,1237.09814453125,13542600,0.0,0.0
2015-01-02,1245.263916015625,1257.5124135502049,1241.1810835040983,1245.263916015625,7089800,0.0,0.0
2015-01-02,1245.2640343992502,1261.5953659979289,1196.2700396032142,1216.6842041015625,16540100,0.0,0.0
2015-01-02,1216.6840665690104,1224.8497314453125,1192.1870719401043,1224.8497314453125,22917700,0.0,0.0
2015-01-02,1200.35272987548,1216.6840595336498,1163.6072381445979,1196.2698974609375,22272500,0.0,0.0
2015-01-02,1200.3526462864231,1220.7668069375527,1179.9384856352935,1208.518310546875,12672200,0.0,0.0
2015-01-02,1220.766845703125,1228.9325102228784,1208.5183489234948,1220.766845703125,7572600,0.0,0.0
2015-01-02,1228.9324268063174,1253.4294187027888,1216.6839308580816,1233.0152587890625,6195400,0.0,0.0
2015-01-02,1233.015342482755,1245.2638392623849,1220.766845703125,1220.766845703125,2116300,0.0,0.0
2015-01-02,1220.7668528589709,1220.7668528589709,1179.9385300208783,1184.0213623046875,5643600,0.0,0.0
2015-01-02,1188.1043011391,1200.3527990889877,1175.8558031892123,1192.1871337890625,4649800,0.0,0.0
2015-01-02,1192.1870961964748,1200.3527612389164,1171.772933590371,1179.9385986328125,5305700,0.0,0.0
2015-01-02,1179.9384914491234,1196.2698200504954,1163.6071628477514,1171.7728271484375,5096800,0.0,0.0
2015-01-02,1171.7728585846048,1228.9325102228784,1167.6900263247283,1220.766845703125,10110100,0.0,0.0
2015-01-02,1224.8496480507426,1253.4294731719265,1208.518319410066,1237.09814453125,9364400,0.0,0.0
2015-01-02,1237.098443230632,1273.8439415444132,1237.098443230632,1269.7611083984375,9482300,0.0,0.0
2015-01-02,1269.7609174679487,1286.0922475961538,1269.7609174679487,1273.84375,8381100,0.0,0.0
2015-01-02,1282.0093687045498,1298.3406982421875,1261.5952067825028,1298.3406982421875,6893700,0.0,0.0
2015-01-02,1290.175274128316,1290.175274128316,1253.4297758145349,1269.7611083984375,4658300,0.0,0.0
2015-01-02,1265.6780785732583,1269.760911084785,1208.5184234118854,1245.263916015625,13597400,0.0,0.0
2015-01-02,1233.015342482755,1245.2638392623849,1192.1870198839881,1220.766845703125,8834300,0.0,0.0
2015-01-02,1208.5185345521907,1233.0155318741945,1179.9387043431861,1188.1043701171875,14145900,0.0,0.0
2015-01-02,1188.1041709498356,1196.269835354989,1139.1101845189144,1163.607177734375,20543500,0.0,0.0
2015-01-02,1118.696000453404,1151.3586574009487,1077.8676792689732,1143.1929931640625,15071200,0.0,0.0
2015-01-02,1151.358807289437,1212.6012970388751,1139.1103093395495,1192.1871337890625,21223500,0.0,0.0
2015-01-02,1196.269852143865,1245.2638392623849,1196.269852143865,1220.766845703125,10727600,0.0,0.0
2015-01-02,1220.7669886538856,1249.3468178196956,1204.4356577019942,1241.18115234375,10477200,0.0,0.0
2015-01-02,1249.3468178196956,1261.5953160336144,1224.8498213918585,1241.18115234375,6249300,0.0,0.0
2015-01-02,1224.8496390677788,1224.8496390677788,1204.4354784166492,1208.518310546875,2938100,0.0,0.0
2015-01-02,1184.0213939525463,1184.0213939525463,1086.0334165219906,1102.36474609375,6989600,0.0,0.0
2015-01-02,1020.7081187855114,1151.3587579900568,1020.7081187855114,1122.7789306640625,6049400,0.0,0.0
2015-01-02,1130.944611378205,1139.1102764423076,1106.4476161858975,1114.61328125,4374600,0.0,0.0
2015-01-02,1069.7020721435547,1069.7020721435547,975.7969284057617,979.8797607421875,9246300,0.0,0.0
2015-01-02,979.8797607421875,979.8797607421875,979.8797607421875,979.8797607421875,0,0.0,0.0
2015-01-02,979.8797607421875,979.8797607421875,979.8797607421875,979.8797607421875,0,0.0,0.0
2015-01-02,849.2291180814676,849.2291180814676,820.6492919921875,820.6492919921875,6460200,0.0,0.0
2015-01-02,820.6492094152114,820.6492094152114,763.4895629882812,763.4895629882812,15773500,0.0,0.0
2015-01-02,714.495674220995,718.578506645115,710.412841796875,710.412841796875,3916300,0.0,0.0
2015-01-02,694.0815049588324,710.4128344872755,661.4188459019462,681.8330078125,26159900,0.0,0.0
2015-01-02,681.8330328525641,685.9158653846154,636.921875,636.921875,11360100,0.0,0.0
2015-01-02,645.0875310724432,694.0815207741477,620.5905362215909,673.6673583984375,15061200,0.0,0.0
2015-01-02,685.915914332613,787.9867349178234,677.7502486857962,767.5725708007812,24668300,0.0,0.0
2015-01-02,787.9866263512338,869.6432715689782,783.9037940903465,824.7321166992188,28508300,0.0,0.0
2015-01-02,783.9039020944149,808.4008990348653,767.5725708007812,767.5725708007812,9179600,0.0,0.0
2015-01-02,792.0694888466284,804.3179860968339,747.1583322625412,775.7381591796875,16782300,0.0,0.0
2015-01-02,775.7380808954654,804.3179049284562,738.9925928530486,751.2410888671875,12247700,0.0,0.0
2015-01-02,751.2411426287241,792.0694655976765,714.495651956667,787.9866333007812,10649700,0.0,0.0
2015-01-02,783.903793492268,820.6492838122181,783.903793492268,792.0694580078125,26431200,0.0,0.0
2015-01-02,808.4008178710938,824.7321475250553,792.0694882171323,808.4008178710938,31651900,0.0,0.0
2015-01-02,828.8149959019252,849.2291583625638,792.0695034727759,800.2351684570312,48645100,0.0,0.0
2015-01-02,800.2351461108265,804.3179784889429,747.1583251953125,747.1583251953125,28138200,0.0,0.0
2015-01-02,751.2410888671875,763.4895848813264,698.1642728059188,751.2410888671875,28253100,0.0,0.0
2015-01-02,751.2411499023438,759.4068145751953,714.4956588745117,718.5784912109375,35126500,0.0,0.0
2015-01-02,734.9098069596998,824.7321166992188,726.7441424379255,824.7321166992188,86105100,0.0,0.0
2015-01-02,836.9805875909392,857.3947482638889,771.6552734375,771.6552734375,60710300,0.0,0.0
2015-01-02,775.7381844120985,775.7381844120985,722.6613612681127,730.8270263671875,39345000,0.0,0.0
2015-01-02,743.0755300214214,771.6553580991683,743.0755300214214,759.4068603515625,28586400,0.0,0.0
2015-01-02,763.4896547077783,775.7381518421276,738.9926604390796,747.1583251953125,21439400,0.0,0.0
2015-01-02,738.9926768396631,751.2411742458453,702.2471846211163,706.3300170898438,39459900,0.0,0.0
2015-01-02,706.3299648708767,755.3239508734808,677.750139702691,734.9097900390625,34162900,0.0,0.0
2015-01-02,755.3240277690272,792.0695210118448,743.0755300214214,759.4068603515625,53389000,0.0,0.0
2015-01-02,763.4896867634864,767.5725193130237,714.4956961690381,730.8270263671875,25869800,0.0,0.0
2015-01-02,738.9925928530486,771.6552488907524,726.7440968389096,751.2410888671875,27058100,0.0,0.0
2015-01-02,755.3240966796875,763.4897625897381,738.9927648595861,755.3240966796875,28953600,0.0,0.0
2015-01-02,759.4067311006434,779.8208905388327,747.1582354377298,763.4895629882812,22848100,0.0,0.0
2015-01-02,767.5725748697917,816.5665690104167,767.5725748697917,796.1524047851562,59939000,0.0,0.0
2015-01-02,767.572525516633,779.8210232642389,751.241195186492,759.4068603515625,21546900,0.0,0.0
2015-01-02,771.6554036241897,775.7382364475981,755.3240723305561,767.5725708007812,13515800,0.0,0.0
2015-01-02,771.6553194640112,775.7381518421276,734.909828060963,747.1583251953125,31631500,0.0,0.0
2015-01-02,751.2410888671875,759.4067528766135,743.0754248577616,751.2410888671875,37803200,0.0,0.0
2015-01-02,759.4069296347128,767.5725955447635,751.2412637246622,755.3240966796875,19989100,0.0,0.0
2015-01-02,755.3239508734808,767.5724473741319,734.9097900390625,734.9097900390625,46612300,0.0,0.0
2015-01-02,726.7442016601562,738.9926994409453,714.495703879367,726.7442016601562,12585200,0.0,0.0
2015-01-02,726.7442016601562,743.0755320345418,714.495703879367,726.7442016601562,21045200,0.0,0.0
2015-01-02,730.8270342537526,747.1583646281381,722.6613690665598,726.7442016601562,36777400,0.0,0.0
2015-01-02,730.8269578721788,743.0754543728298,726.7441257052951,734.9097900390625,26784400,0.0,0.0
2015-01-02,743.0754543728298,751.2411187065971,730.8269578721788,734.9097900390625,30657200,0.0,0.0
2015-01-02,730.8270263671875,738.9926914662622,726.7441938176501,730.8270263671875,11824900,0.0,0.0
2015-01-02,734.9098589167248,738.9926914662622,718.5785287185754,730.8270263671875,28029500,0.0,0.0
2015-01-02,734.9098589167248,738.9926914662622,726.7441938176501,730.8270263671875,25795200,0.0,0.0
2015-01-02,730.8269288436227,775.7380808954654,730.8269288436227,751.2410888671875,113647300,0.0,0.0
2015-01-02,751.2411187065971,751.2411187065971,734.9097900390625,734.9097900390625,60298000,0.0,0.0
2015-01-02,738.9926810751156,800.2351684570312,734.9098485829878,800.2351684570312,136864800,0.0,0.0
2015-01-02,816.5664607363198,1000.2939144019917,816.5664607363198,951.2999267578125,315554300,0.0,0.0
2015-01-02,947.2172241210939,996.2112184721849,918.6373940829574,947.2172241210938,98094400,0.0,0.0
2015-01-02,947.2170380741717,1016.6251831054688,918.6372136495199,1016.6251831054688,75850300,0.0,0.0
2015-01-02,1045.205216535433,1098.282043937623,1004.3768877645177,1037.03955078125,89632500,0.0,0.0
2015-01-02,1037.0393816838498,1061.5363749519722,996.2110595703125,996.2110595703125,59279800,0.0,0.0
2015-01-02,996.211049442208,1000.2938816120532,926.802902554841,934.9685668945312,41095800,0.0,0.0
2015-01-02,934.968725533321,1004.3768841973667,877.8090654570482,947.2172241210938,72989200,0.0,0.0
2015-01-02,922.7201854472257,1000.2940063476562,894.1403566944356,1000.2940063476562,47995600,0.0,0.0
2015-01-02,1000.2938829896823,1037.039372568895,959.4655612350014,967.6312255859375,45580100,0.0,0.0
2015-01-02,967.6313129825814,1053.3707964114178,967.6313129825814,1049.2879638671875,44742500,0.0,0.0
2015-01-02,1049.2879104614258,1061.5364074707031,1020.7080841064453,1045.205078125,30544000,0.0,0.0
2015-01-02,1037.03955078125,1069.7022137979823,1024.7910521499755,1037.03955078125,41830300,0.0,0.0
2015-01-02,1053.3706887637868,1065.6191851447609,1037.039360255821,1041.1221923828125,23901900,0.0,0.0
2015-01-02,1045.2050940040651,1057.4535911994253,996.2111052226245,1004.3767700195312,21660800,0.0,0.0
2015-01-02,983.9625629362513,1004.3767239930199,975.7968985135437,996.2110595703125,17498100,0.0,0.0
2015-01-02,996.2111736686862,1016.6253370635363,988.0455083107462,1000.2940063476562,18184300,0.0,0.0
2015-01-02,979.8797221123418,992.128218638746,963.5483934104694,967.6312255859375,17487900,0.0,0.0
2015-01-02,967.6312637329102,996.2110900878906,967.6312637329102,979.8797607421875,21014000,0.0,0.0
2015-01-02,996.4878362341772,996.4878362341772,975.7276729792985,984.03173828125,8768000,20.0,0.0
2015-01-02,996.4878362341772,1029.704097441983,979.8797056302742,984.03173828125,37816900,0.0,0.0
2015-01-02,984.0318950784617,1000.6400283287312,959.1196952030576,963.271728515625,29234900,0.0,0.0
2015-01-02,963.2715947690217,975.7276929772418,946.6634638247282,954.967529296875,22885700,0.0,0.0
2015-01-02,954.9675578665226,1046.3122807928855,954.9675578665226,975.7277221679688,103573400,0.0,0.0
2015-01-02,975.7277769750478,1021.400141003667,975.7277769750478,1017.2481079101562,57000500,0.0,0.0
2015-01-02,1017.2480176289876,1038.0081812540689,988.1837885538737,996.4878540039062,27215700,0.0,0.0
2015-01-02,996.4879094207636,1000.6399423766834,988.1838435089239,992.3358764648438,34468400,0.0,0.0
2015-01-02,992.3359212067168,1013.0960869223385,975.7277886342195,979.8798217773438,48371500,0.0,0.0
2015-01-02,984.0317584493886,996.4878566576086,946.6634638247282,954.967529296875,42932300,0.0,0.0
2015-01-02,959.1195850861378,984.0317821013622,954.9675522502671,971.57568359375,35422000,0.0,0.0
2015-01-02,979.8797434532592,979.8797434532592,959.1195793970461,967.4236450195312,32310900,0.0,0.0
2015-01-02,971.575666155134,984.0317644391741,959.1195678710938,959.1195678710938,38329500,0.0,0.0
2015-01-02,959.1195793970461,971.5756778307739,959.1195793970461,967.4236450195312,25000100,0.0,0.0
2015-01-02,967.4237618281924,975.7278284533271,963.271728515625,963.271728515625,12899700,0.0,0.0
2015-01-02,971.5756814041481,971.5756814041481,921.7512874859866,925.9033203125,51715000,0.0,0.0
2015-01-02,925.9033428981966,959.1196063205533,913.4472441148127,942.511474609375,50044000,0.0,0.0
2015-01-02,946.6634342447917,954.9674994574654,930.0553038194445,934.2073364257812,20937300,0.0,0.0
2015-01-02,930.0554620150863,971.5757951407597,930.0554620150863,963.271728515625,45340600,0.0,0.0
2015-01-02,963.2716961075774,967.423729280455,930.0554307245575,938.3594970703125,25838800,0.0,0.0
2015-01-02,938.3594970703125,946.6635634160675,925.9033975516801,938.3594970703125,13910100,0.0,0.0
2015-01-02,938.3593690321181,950.8154668511285,930.0553038194445,934.2073364257812,14160000,0.0,0.0
2015-01-02,934.2073742620545,942.5114398110505,913.4472103895645,917.5992431640625,24456100,0.0,0.0
2015-01-02,917.5992523769163,921.7512851931015,876.0789242150648,880.23095703125,57596600,0.0,0.0
2015-01-02,880.2309484863281,884.382981262207,822.1024896240234,830.4065551757812,61561600,0.0,0.0
2015-01-02,838.7106436935126,863.6228410309436,830.4065779143689,847.0147094726562,32412900,0.0,0.0
2015-01-02,851.1667103744579,867.7748413085938,838.7106121738561,867.7748413085938,20241500,0.0,0.0
2015-01-02,884.3829840348229,884.3829840348229,871.9268856681354,876.0789184570312,16256500,0.0,0.0
2015-01-02,876.0789067756616,888.5350049762634,867.7748413085938,867.7748413085938,9515600,0.0,0.0
2015-01-02,867.7748528792395,888.5350168237188,867.7748528792395,876.0789184570312,9323400,0.0,0.0
2015-01-02,876.0789154190823,938.3594070365525,876.0789154190823,917.5992431640625,72306100,0.0,0.0
2015-01-02,925.9033647017046,925.9033647017046,909.2952325994319,913.447265625,27636000,0.0,0.0
2015-01-02,921.7513316761364,925.9033647017046,905.1431995738636,913.447265625,13465500,0.0,0.0
2015-01-02,917.5993096978815,934.2074420001055,909.2952435467694,921.7513427734375,25610600,0.0,0.0
2015-01-02,925.9033260345459,950.815523147583,921.751293182373,930.0553588867188,41320800,0.0,0.0
2015-01-02,934.207385965527,938.3594187920404,913.4472218329597,925.9033203125,13648500,0.0,0.0
2015-01-02,921.7513643788026,950.815596588945,921.7513643788026,938.3594970703125,28740800,0.0,0.0
2015-01-02,942.5114802310342,954.967579088713,934.2074143259149,946.6635131835938,26971200,0.0,0.0
2015-01-02,946.6634695870536,971.575666155134,938.3594040643601,959.1195678710938,54134300,0.0,0.0
2015-01-02,963.2716449938322,971.5757108989515,946.6635131835938,946.6635131835938,12628800,0.0,0.0
2015-01-02,954.9674994574654,959.1195320638021,930.0553038194445,934.2073364257812,15310300,0.0,0.0
2015-01-02,934.2073284211706,1042.1601752609504,934.2073284211706,1013.095947265625,247693500,0.0,0.0
2015-01-02,984.0317821013622,1025.5521104600693,954.9675522502671,971.57568359375,77204400,0.0,0.0
2015-01-02,954.9675798615651,1000.6399423766834,954.9675798615651,992.3358764648438,45978800,0.0,0.0
2015-01-02,992.3359212067168,1008.9440537792141,975.7277886342195,979.8798217773438,25484700,0.0,0.0
2015-01-02,971.5756778307739,971.5756778307739,946.6634809633182,967.4236450195312,19766100,0.0,0.0
2015-01-02,971.5757951407597,975.7278284533271,959.1196952030576,963.271728515625,16755100,0.0,0.0
2015-01-02,971.5756778307739,996.4878746982297,963.2716122082886,967.4236450195312,18534400,0.0,0.0
2015-01-02,954.9675234332356,963.271588854394,946.663458012077,950.8154907226562,17520700,0.0,0.0
2015-01-02,946.6635535871478,946.6635535871478,884.383056640625,884.383056640625,27727100,0.0,0.0
2015-01-02,842.862653223098,930.0553414875565,830.406554899604,917.5992431640625,27111600,0.0,0.0
2015-01-02,921.751315468236,950.8155461361533,921.751315468236,946.6635131835938,21347100,0.0,0.0
2015-01-02,954.9675559997559,959.1195888519287,930.0553588867188,930.0553588867188,11581200,0.0,0.0
2015-01-02,930.0553531390135,938.3594187920404,913.4472218329597,925.9033203125,7114800,0.0,0.0
2015-01-02,925.9033203125001,934.207385965527,917.5992546594731,925.9033203125,10407500,0.0,0.0
2015-01-02,930.0553038194445,950.8154668511285,925.9032712131077,934.2073364257812,9451300,0.0,0.0
2015-01-02,938.3594245910645,950.815523147583,917.5992603302002,930.0553588867188,10599600,0.0,0.0
2015-01-02,913.4472274780273,934.2073917388916,900.9911289215088,930.0553588867188,10795600,0.0,0.0
2015-01-02,938.3594750756616,946.6635412267736,913.4472766223255,921.7513427734375,13539900,0.0,0.0
2015-01-02,917.599270133085,925.9033359261446,888.5350398573764,892.6870727539062,9963100,0.0,0.0
2015-01-02,892.6870577003924,930.0553531390135,892.6870577003924,925.9033203125,10961700,0.0,0.0
2015-01-02,934.207385965527,938.3594187920404,917.5992546594731,925.9033203125,9873500,0.0,0.0
2015-01-02,925.9033647017046,938.3594637784091,909.2952325994319,913.447265625,11072500,0.0,0.0
2015-01-02,913.4472103895645,925.9033087130584,909.2951776150665,917.5992431640625,10190200,0.0,0.0
2015-01-02,925.903322399172,975.7277164296207,917.5992567274305,971.57568359375,31509800,0.0,0.0
2015-01-02,967.4236215649734,967.4236215649734,934.207359880339,950.8154907226562,12356900,0.0,0.0
2015-01-02,950.8154907226562,954.9675234332356,946.663458012077,950.8154907226562,4356100,0.0,0.0
2015-01-02,959.1196952030576,984.0318950784617,950.815628577923,963.271728515625,17356200,0.0,0.0
2015-01-02,963.2716392483479,963.2716392483479,942.511474609375,942.511474609375,10518600,0.0,0.0
2015-01-02,946.6635634160675,954.9676297618224,934.207463897435,938.3594970703125,10410000,0.0,0.0
2015-01-02,938.3594416815804,950.8155404649642,938.3594416815804,942.511474609375,12199900,0.0,0.0
2015-01-02,950.8155404649642,959.1196063205533,938.3594416815804,942.511474609375,15095800,0.0,0.0
2015-01-02,942.5114310886548,959.1195620329484,930.0553328804348,954.967529296875,14298000,0.0,0.0
2015-01-02,959.1195793970461,979.8797434532592,954.9675465858035,967.4236450195312,22467300,0.0,0.0
2015-01-02,967.423627505095,967.423627505095,950.8154965608016,954.967529296875,10611700,0.0,0.0
2015-01-02,954.9675733927587,963.2716392483479,942.511474609375,942.511474609375,4785400,0.0,0.0
2015-01-02,959.1196120412726,959.1196120412726,946.6635131835938,946.6635131835938,4749600,0.0,0.0
2015-01-02,946.6635634160675,954.9676297618224,930.0554307245575,938.3594970703125,6955500,0.0,0.0
2015-01-02,946.6635131835938,950.8155461361533,938.3594472784745,946.6635131835938,7014600,0.0,0.0
2015-01-02,942.5114968039774,942.5114968039774,913.447265625,913.447265625,43651400,0.0,0.0
2015-01-02,925.9032969017551,925.9032969017551,909.295166015625,909.295166015625,8693900,0.0,0.0
2015-01-02,909.2951601360916,925.903290914833,900.9910947467209,905.1431274414062,9753900,0.0,0.0
2015-01-02,900.9911327896831,913.4472313996788,888.5350341796875,888.5350341796875,15530800,0.0,0.0
2015-01-02,871.9268856681354,900.9911151904065,871.9268856681354,876.0789184570312,19279900,0.0,0.0
2015-01-02,880.2310235108567,896.8391560299295,880.2310235108567,884.383056640625,16395800,0.0,0.0
2015-01-02,888.5350897703931,896.8391560299295,876.0789903810886,884.383056640625,11915000,0.0,0.0
2015-01-02,892.6870351294948,917.59923145869,888.5350024079623,909.295166015625,24199400,0.0,0.0
2015-01-02,913.4472495631168,950.8155461361533,909.2952166105572,946.6635131835938,57860700,0.0,0.0
2015-01-02,959.1195561438147,967.4236215649734,938.3593925909183,950.8154907226562,19431600,0.0,0.0
2015-01-02,963.271592203776,1008.943952178955,963.271592203776,996.4878540039062,79439800,0.0,0.0
2015-01-02,1008.9439868461794,1025.5521183168985,1004.7919539784997,1021.4000854492188,36815800,0.0,0.0
2015-01-02,1021.4000124071465,1021.4000124071465,975.7276541287781,1013.095947265625,34803100,0.0,0.0
2015-01-02,1008.9439146948642,1033.8561101194286,988.1837518410604,1013.095947265625,33273300,0.0,0.0
2015-01-02,1021.400017233456,1075.3764409083947,1021.400017233456,1058.768310546875,54993200,0.0,0.0
2015-01-02,1071.2243961138215,1071.2243961138215,1046.3122008553607,1050.4642333984375,27946000,0.0,0.0
2015-01-02,1050.464377317911,1071.2245428775534,1042.160311094054,1067.072509765625,21466700,0.0,0.0
2015-01-02,1071.2244083180146,1096.1366038602941,1058.768310546875,1058.768310546875,42255800,0.0,0.0
2015-01-02,1058.7684102457358,1067.0724762084474,1021.4001134135333,1042.1602783203125,20392000,0.0,0.0
2015-01-02,1042.160257028979,1075.3765202012173,1038.0082241324492,1071.2244873046875,14107100,0.0,0.0
2015-01-02,1083.6804989901455,1096.1365966796875,1079.528466426965,1096.1365966796875,19097600,0.0,0.0
2015-01-02,1116.8969061552589,1137.6570716971783,1100.2887737217234,1112.744873046875,40122200,0.0,0.0
2015-01-02,1112.744817684131,1125.2009163895505,1104.440751880518,1116.8968505859375,8624000,0.0,0.0
2015-01-02,1125.2008413597134,1175.0252328590366,1125.2008413597134,1150.113037109375,27907600,0.0,0.0
2015-01-02,1162.5692006086142,1162.5692006086142,1083.6805762816011,1108.5927734375,40530100,0.0,0.0
2015-01-02,1108.5928822393003,1183.3294810419497,1108.5928822393003,1145.961181640625,37230900,0.0,0.0
2015-01-02,1150.113052683863,1204.0894775390625,1145.9610200026939,1204.0894775390625,25678700,0.0,0.0
2015-01-02,1208.2415541805042,1212.3935870127395,1183.3293571870918,1191.6334228515625,17138300,0.0,0.0
2015-01-02,1166.7214001208752,1187.4815673828125,1166.7214001208752,1187.4815673828125,12238900,0.0,0.0
2015-01-02,1204.0895213482688,1208.2415541805042,1183.3293571870918,1191.6334228515625,15845500,0.0,0.0
2015-01-02,1195.7856342875875,1204.0897011923623,1175.0254670256502,1187.4815673828125,13376900,0.0,0.0
2015-01-02,1195.7854440789474,1199.937476870888,1175.0252801192435,1183.329345703125,16363900,0.0,0.0
2015-01-02,1183.3294011505557,1183.3294011505557,1175.0253351775693,1179.1773681640625,7495600,0.0,0.0
2015-01-02,1183.3292485209345,1287.1300597947006,1183.3292485209345,1282.97802734375,46566800,0.0,0.0
2015-01-02,1282.9782268817607,1299.5863592685798,1229.0017966245994,1295.434326171875,21294800,0.0,0.0
2015-01-02,1307.8903823082808,1411.6912063010016,1307.8903823082808,1399.235107421875,41474100,0.0,0.0
2015-01-02,1403.3870457919588,1407.5390784718165,1324.4984248746593,1332.802490234375,33895200,0.0,0.0
2015-01-02,1332.80252495162,1370.1708200437213,1332.80252495162,1357.7147216796875,10969100,0.0,0.0
2015-01-02,1357.7147993607955,1428.2993607954545,1349.4107333096592,1370.1708984375,33179200,0.0,0.0
2015-01-02,1370.17086333741,1370.17086333741,1274.6741061957118,1299.5863037109375,25463500,0.0,0.0
2015-01-02,1299.5862129508675,1316.1943434678114,1212.3935277369114,1278.8260498046875,32561400,0.0,0.0
2015-01-02,1278.8260961605024,1328.650489517405,1237.3057683630834,1312.0423583984375,27189900,0.0,0.0
2015-01-02,1320.3464905981925,1332.8025895660999,1258.0659957586552,1270.5220947265625,12714700,0.0,0.0
2015-01-02,1270.522082644518,1282.978181493974,1216.545654296875,1216.545654296875,20413900,0.0,0.0
2015-01-02,1216.5456764914773,1245.6099076704545,1170.8733132102273,1233.15380859375,18415800,0.0,0.0
2015-01-02,1229.001665708612,1258.065894289559,1199.9374371276651,1241.457763671875,14093800,0.0,0.0
2015-01-02,1253.9138616351381,1299.586220833769,1191.6333718188232,1241.457763671875,37089400,0.0,0.0
2015-01-02,1241.4577396716102,1245.6097722457625,1216.5455442266948,1224.849609375,13763500,0.0,0.0
2015-01-02,1224.8498084561138,1253.9140411991402,1216.5457419581062,1237.305908203125,39884400,0.0,0.0
2015-01-02,1237.3058190459683,1253.913950845243,1208.2415883972376,1216.545654296875,21675700,0.0,0.0
2015-01-02,1216.54557558257,1229.0016736260775,1199.9374448578933,1204.0894775390625,22138300,0.0,0.0
2015-01-02,1216.5457658800474,1224.8498325413445,1199.9376325574528,1208.24169921875,13103100,0.0,0.0
2015-01-02,1212.3937329251344,1461.5157328412577,1208.241699593199,1353.5628662109375,210462100,0.0,0.0
2015-01-02,1370.1711103923835,1378.4751777280949,1287.1304370352693,1291.282470703125,58027700,0.0,0.0
2015-01-02,1295.434236309039,1307.8903347350874,1245.6098426048452,1274.674072265625,34643100,0.0,0.0
2015-01-02,1282.9781591796875,1291.2822249348958,1216.5456331380208,1245.60986328125,40079900,0.0,0.0
2015-01-02,1266.369959598401,1270.521992252822,1233.153698363033,1241.457763671875,22381900,0.0,0.0
2015-01-02,1249.7619297800502,1295.4342926623776,1249.7619297800502,1270.5220947265625,26568900,0.0,0.0
2015-01-02,1278.8260616179437,1349.410616966986,1262.2179309475807,1287.130126953125,113812900,0.0,0.0
2015-01-02,1299.5861869152682,1353.5626100139855,1237.3056987244406,1345.258544921875,75353800,0.0,0.0
2015-01-02,1345.2585336040977,1353.562598626345,1253.913818359375,1253.913818359375,61141000,0.0,0.0
2015-01-02,1237.3058755953018,1258.0660412932095,1183.3294447807416,1212.3936767578125,41510000,0.0,0.0
2015-01-02,1179.1774256089154,1212.3936911190258,1129.35302734375,1129.35302734375,31043900,0.0,0.0
2015-01-02,1162.5692928538604,1179.1774256089154,1079.5286290785846,1129.35302734375,33372800,0.0,0.0
2015-01-02,1129.3529395233813,1158.4171695846449,1071.2244794008543,1154.26513671875,52202700,0.0,0.0
2015-01-02,1170.8732241158807,1179.1772895351423,1137.6569624388346,1166.72119140625,26350800,0.0,0.0
2015-01-02,1183.3292541503906,1183.3292541503906,1150.1129943847657,1162.569091796875,15369800,0.0,0.0
2015-01-02,1170.8733812415082,1179.177447775136,1137.6571151069973,1145.961181640625,18474800,0.0,0.0
2015-01-02,1162.5692694332438,1166.7213025383624,1145.9611370127689,1158.417236328125,6644900,0.0,0.0
2015-01-02,1170.873216089709,1208.2415102202317,1162.5691507273707,1204.0894775390625,24626000,0.0,0.0
2015-01-02,1216.545654296875,1249.7619178954244,1204.089555447419,1216.545654296875,32645000,0.0,0.0
2015-01-02,1224.849697231834,1233.1537629757786,1195.7854671280277,1199.9375,7482700,0.0,0.0
2015-01-02,1208.241610440341,1241.4578746448865,1204.0895774147727,1233.15380859375,22397600,0.0,0.0
2015-01-02,1245.6098426048452,1287.1301706916734,1241.4578097961623,1274.674072265625,23647100,0.0,0.0
2015-01-02,1282.9782498719262,1282.9782498719262,1249.7619845030738,1266.3701171875,10293700,0.0,0.0
2015-01-02,1266.3699351165253,1266.3699351165253,1220.6975768008474,1224.849609375,9828800,0.0,0.0
2015-01-02,1224.849609375,1229.0016419491524,1208.2414790783898,1224.849609375,5370400,0.0,0.0
2015-01-02,1212.393542901401,1220.6976082637393,1187.4813468143857,1204.0894775390625,13249300,0.0,0.0
2015-01-02,1204.0895213482688,1216.545619844975,1187.4813900193271,1191.6334228515625,8397300,0.0,0.0
2015-01-02,1191.633379495555,1216.54557558257,1187.4813468143857,1204.0894775390625,11309300,0.0,0.0
2015-01-02,1208.2415657439446,1212.393598615917,1187.481401384083,1199.9375,12292300,0.0,0.0
2015-01-02,1216.5457191342214,1270.5221503586065,1204.0896196209017,1266.3701171875,33407100,0.0,0.0
2015-01-02,1241.4578097961623,1274.674072265625,1220.6976457527483,1274.674072265625,18930000,0.0,0.0
2015-01-02,1295.4342930550079,1324.4985239889343,1291.282260064447,1316.1944580078125,45857500,0.0,0.0
2015-01-02,1328.650489517405,1328.650489517405,1295.43422727947,1312.0423583984375,28123200,0.0,0.0
2015-01-02,1312.0424250172516,1316.1944580078125,1295.4342930550079,1316.1944580078125,7573500,0.0,0.0
2015-01-02,1307.8903695493461,1316.1944353877545,1282.9781720341205,1299.5863037109375,18796900,0.0,0.0
2015-01-02,1295.4342408339664,1382.626930120868,1274.6740767180374,1366.018798828125,72828200,0.0,0.0
2015-01-02,1382.626986613316,1424.1473165416437,1378.4749536204831,1407.5391845703125,45827000,0.0,0.0
2015-01-02,1407.5392271926282,1532.100220749498,1403.387194074066,1486.4278564453125,117836000,0.0,0.0
2015-01-02,1494.7319226824372,1515.4920882752488,1444.9075252596892,1486.4278564453125,33114300,0.0,0.0
2015-01-02,1503.0360529719171,1569.4685856999577,1494.731986380912,1536.2523193359375,34717600,0.0,0.0
2015-01-02,1536.2521419885024,1602.6846670474647,1523.796043539947,1540.4041748046875,29739900,0.0,0.0
2015-01-02,1548.708165634276,1573.620361328125,1527.9480025560686,1573.620361328125,16412000,0.0,0.0
2015-01-02,1577.7724818825402,1577.7724818825402,1544.5562191060658,1548.708251953125,18136900,0.0,0.0
2015-01-02,1561.164372011612,1569.4684378201844,1478.1237139258878,1519.64404296875,32428300,0.0,0.0
2015-01-02,1536.252155303955,1677.421272277832,1536.252155303955,1594.380615234375,100114700,0.0,0.0
2015-01-02,1598.5326187133787,1694.0293725585936,1594.3805859375,1660.8131103515625,72618500,0.0,0.0
2015-01-02,1660.813351894947,1660.813351894947,1557.0125174015127,1561.16455078125,27181300,0.0,0.0
2015-01-02,1544.5562191060658,1586.0765475766589,1503.0358906354725,1548.708251953125,17932100,0.0,0.0
2015-01-02,1552.8602962239584,1598.5326578776042,1503.0359016927082,1557.0123291015625,21072100,0.0,0.0
2015-01-02,1577.7724058296424,1586.0764711234826,1557.0122425950417,1581.9244384765625,18368600,0.0,0.0
2015-01-02,1598.53271484375,1694.0294744318182,1594.380681818182,1644.205078125,65177100,0.0,0.0
2015-01-02,1619.2927938432836,1694.0293843283582,1610.988728233831,1669.1171875,32685500,0.0,0.0
2015-01-02,1669.1172065734863,1685.7253379821777,1552.8602867126465,1594.380615234375,37036200,0.0,0.0
2015-01-02,1619.2928269330193,1710.6375505035999,1594.3806295955883,1694.0294189453125,44233800,0.0,0.0
2015-01-02,1710.6375732421875,1727.2457050212379,1677.4213096840867,1710.6375732421875,20600700,0.0,0.0
2015-01-02,1727.245646766169,1727.245646766169,1644.2049906716418,1669.1171875,24974400,0.0,0.0
2015-01-02,1669.1171811361448,1768.7659680696459,1660.813115558353,1752.1578369140625,43091100,0.0,0.0
2015-01-02,1760.461879018391,1768.765944485459,1710.637486215984,1735.5496826171875,26448300,0.0,0.0
2015-01-02,1735.5497617368344,1818.5904201931423,1735.5497617368344,1793.67822265625,28575400,0.0,0.0
2015-01-02,1801.982421875,1826.8946212557605,1752.1580231134792,1801.982421875,28873500,0.0,0.0
2015-01-02,1801.982230380813,1818.5903615363966,1718.9415746028953,1752.1578369140625,27063800,0.0,0.0
2015-01-02,1752.1579807621772,1785.3742458003226,1735.5498482431044,1768.76611328125,18779900,0.0,0.0
2015-01-02,1768.7660901868664,1860.110817849099,1768.7660901868664,1843.502685546875,31557100,0.0,0.0
2015-01-02,1851.8066174261169,1860.110682975113,1810.2862896811369,1835.198486328125,21526700,0.0,0.0
2015-01-02,1835.198619395763,1885.0230163024353,1826.894553244651,1843.502685546875,30622500,0.0,0.0
2015-01-02,1843.5025749719732,1860.110706278027,1810.2863123598656,1851.806640625,17704400,0.0,0.0
2015-01-02,1851.8066174261169,1860.110682975113,1826.894420779129,1835.198486328125,11053100,0.0,0.0
2015-01-02,1843.5025942793516,1843.5025942793516,1743.8538053993868,1777.070068359375,17554800,0.0,0.0
2015-01-02,1777.0702224942397,1818.590554795507,1752.1580231134792,1801.982421875,13555700,0.0,0.0
2015-01-02,1827.3622132850985,1827.3622132850985,1708.9220698314346,1717.382080078125,28025300,40.0,0.0
2015-01-02,1717.382034866898,1759.6820849867725,1598.94189453125,1598.94189453125,63906500,0.0,0.0
2015-01-02,1598.9419794497283,1759.682178442029,1573.5619480298915,1751.22216796875,68566600,0.0,0.0
2015-01-02,1759.6821598101267,1768.142170193829,1653.932030013845,1670.85205078125,36355500,0.0,0.0
2015-01-02,1742.7620832253406,1827.3621843527842,1700.4620326616187,1785.0621337890625,77498100,0.0,0.0
2015-01-02,1785.062209861866,1785.062209861866,1725.8421365489132,1751.22216796875,22141600,0.0,0.0
2015-01-02,1751.222121064886,1751.222121064886,1692.0020493380541,1717.382080078125,14027500,0.0,0.0
2015-01-02,1717.3821296314202,1742.7621611038057,1679.312082422842,1708.922119140625,24440900,0.0,0.0
2015-01-02,1708.9221641762742,1785.0622605999697,1708.9221641762742,1742.76220703125,40200200,0.0,0.0
2015-01-02,1768.14208984375,1776.6020998430024,1717.3820298482358,1768.14208984375,29512900,0.0,0.0
2015-01-02,1776.6020998430024,1810.442139840012,1742.7620598459928,1768.14208984375,22198700,0.0,0.0
2015-01-02,1742.76221188977,1759.682233364428,1687.7721420971316,1700.462158203125,26913900,0.0,0.0
2015-01-02,1734.302258613782,1742.7622696314102,1607.402093349359,1649.7021484375,37461800,0.0,0.0
2015-01-02,1675.082099465763,1734.3021736893,1641.2420570523132,1725.8421630859375,23380500,0.0,0.0
2015-01-02,1725.8421182753166,1725.8421182753166,1649.7020248219937,1670.85205078125,17756000,0.0,0.0
2015-01-02,1670.8520755671002,1683.542091330901,1653.9320545486992,1666.6220703125,6688100,0.0,0.0
2015-01-02,1670.8520286441467,1679.3120389157627,1620.0919670144513,1632.781982421875,10930000,0.0,0.0
2015-01-02,1632.781983703453,1641.2419939817094,1594.7119374513,1611.6319580078125,13581300,0.0,0.0
2015-01-02,1611.6319095672122,1637.011939639137,1590.481884507275,1598.94189453125,13004000,0.0,0.0
2015-01-02,1603.171991493496,1725.8421438769035,1603.171991493496,1666.6220703125,71566800,0.0,0.0
2015-01-02,1679.3120339680188,1725.8420903248152,1666.6220185979832,1717.382080078125,13498600,0.0,0.0
2015-01-02,1725.8421673798682,1742.7621886286904,1679.312108945607,1683.5421142578125,12868700,0.0,0.0
2015-01-02,1700.4621051290762,1768.142188915308,1683.5420841825182,1751.22216796875,28621700,0.0,0.0
2015-01-02,1759.6822886664747,1835.8223876953125,1742.7622666600662,1835.8223876953125,28318200,0.0,0.0
2015-01-02,1835.8221927218967,1878.1222432454426,1801.9821523030598,1827.3621826171875,22332000,0.0,0.0
2015-01-02,1835.822245279948,1852.7422659737724,1768.1421625046503,1776.6021728515625,14852300,0.0,0.0
2015-01-02,1776.602199388587,1827.362262228261,1734.3021470221922,1751.22216796875,13826600,0.0,0.0
2015-01-02,1751.22216796875,1768.142188915308,1717.3821260756342,1751.22216796875,16379300,0.0,0.0
2015-01-02,1751.2221418108259,1818.9022245861236,1751.2221418108259,1776.6021728515625,19720800,0.0,0.0
2015-01-02,1785.0621861899772,1793.522196551067,1734.3021240234375,1734.3021240234375,8342100,0.0,0.0
2015-01-02,1734.3021470221922,1751.22216796875,1700.4621051290762,1751.22216796875,7795900,0.0,0.0
2015-01-02,1759.6821859137056,1776.6022069321066,1645.4720440394988,1666.6220703125,26352100,0.0,0.0
2015-01-02,1666.6219727804946,1692.002002822837,1653.9319577593233,1662.3919677734375,15047900,0.0,0.0
2015-01-02,1675.082156130115,1675.082156130115,1645.472118016704,1653.93212890625,9382700,0.0,0.0
2015-01-02,1653.9322082678893,1653.9322082678893,1598.9421348472179,1620.0921630859375,29651500,0.0,0.0
2015-01-02,1594.7118408203123,1607.40185546875,1531.2617675781248,1586.2518310546875,24939300,0.0,0.0
2015-01-02,1598.9419655539773,1649.7020279525161,1590.4819551542207,1628.552001953125,19672100,0.0,0.0
2015-01-02,1632.781884765625,1637.0118896484373,1548.181787109375,1586.2518310546875,27079200,0.0,0.0
2015-01-02,1582.0219529893664,1586.2519582112632,1510.1118642171225,1522.8018798828125,17791800,0.0,0.0
2015-01-02,1522.8017813126671,1582.0218505859375,1455.1217021432153,1582.0218505859375,34905200,0.0,0.0
2015-01-02,1539.721956099587,1548.181966847387,1472.0418701171875,1472.0418701171875,20917000,0.0,0.0
2015-01-02,1412.8218188546919,1514.3419495508374,1412.8218188546919,1467.8118896484375,33324400,0.0,0.0
2015-01-02,1467.8117922744311,1476.271802604543,1446.661766449151,1463.581787109375,18886200,0.0,0.0
2015-01-02,1463.5818593693878,1493.1918969866874,1446.6618378737878,1472.0418701171875,17617400,0.0,0.0
2015-01-02,1480.5018498347356,1548.1819343986092,1476.2718445494934,1539.721923828125,38029300,0.0,0.0
2015-01-02,1535.4918241361834,1539.721829161352,1442.4317135824754,1450.8917236328125,30609800,0.0,0.0
2015-01-02,1463.5818101283483,1501.6518572126115,1459.3518048967633,1480.5018310546875,23266000,0.0,0.0
2015-01-02,1480.50185802371,1488.9618686409883,1450.8918208632358,1455.121826171875,7489700,0.0,0.0
2015-01-02,1480.501812246271,1480.501812246271,1391.6717035114946,1400.1317138671875,31433400,0.0,0.0
2015-01-02,1400.1316654856612,1425.5116956757336,1370.52163026391,1387.441650390625,21150600,0.0,0.0
2015-01-02,1400.1317368236942,1446.6617945429105,1391.671726329291,1417.0517578125,27820400,0.0,0.0
2015-01-02,1433.9717552899594,1433.9717552899594,1387.441698333648,1400.1317138671875,9509200,0.0,0.0
2015-01-02,1391.6717529296875,1408.5917742419026,1374.7517316174724,1391.6717529296875,4209100,0.0,0.0
2015-01-02,1391.6718281938986,1395.9018337507189,1374.7518059666172,1378.9818115234375,6796900,0.0,0.0
2015-01-02,1383.2116917201452,1433.9717538016182,1383.2116917201452,1421.28173828125,18313900,0.0,0.0
2015-01-02,1421.2817147496235,1425.511719853045,1395.9016841290945,1404.3616943359375,8760700,0.0,0.0
2015-01-02,1412.821726510951,1459.3517833720903,1395.9017058341733,1442.4317626953125,16786200,0.0,0.0
2015-01-02,1472.0418223505435,1484.731838060462,1442.4317856940672,1459.351806640625,27589000,0.0,0.0
2015-01-02,1472.0419009064356,1476.2719063688103,1417.0518298955628,1425.5118408203125,28457000,0.0,0.0
2015-01-02,1429.7417501121129,1438.201760467806,1391.6717035114946,1400.1317138671875,12128200,0.0,0.0
2015-01-02,1412.8217818648727,1412.8217818648727,1366.2917231807003,1370.521728515625,9443800,0.0,0.0
2015-01-02,1366.2917231807003,1387.4417498553241,1362.0617178457755,1370.521728515625,7128800,0.0,0.0
2015-01-02,1370.5218004097967,1378.9818115234375,1353.6017781825153,1378.9818115234375,8995100,0.0,0.0
2015-01-02,1391.6716836782603,1412.8217092660757,1307.0715813269983,1319.7615966796875,43007000,0.0,0.0
2015-01-02,1332.4515141282127,1370.5215573890187,1328.2215093214566,1357.83154296875,20003100,0.0,0.0
2015-01-02,1362.061695098877,1366.2917003631592,1349.3716793060303,1353.6016845703125,11498200,0.0,0.0
2015-01-02,1366.2917404626248,1442.43183745435,1353.6017242973371,1429.7418212890625,26630900,0.0,0.0
2015-01-02,1438.2017840485075,1455.1218050373134,1400.1317368236942,1417.0517578125,17165700,0.0,0.0
2015-01-02,1421.2817147496235,1421.2817147496235,1374.751658611987,1404.3616943359375,12399400,0.0,0.0
2015-01-02,1412.8216813503773,1417.0516863843604,1353.601610874613,1366.2916259765625,10659100,0.0,0.0
2015-01-02,1366.2916506180852,1374.7516608386306,1340.911619956449,1362.0616455078125,14352200,0.0,0.0
2015-01-02,1370.5216310105457,1383.2116461124951,1353.601610874613,1366.2916259765625,11708300,0.0,0.0
2015-01-02,1374.751610670261,1421.2816651852545,1370.5216057143525,1412.8216552734375,25110600,0.0,0.0
2015-01-02,1412.8216552734375,1417.051660229346,1378.9816156261695,1412.8216552734375,14737400,0.0,0.0
2015-01-02,1412.8217279343378,1433.9717538016182,1387.4416968936011,1421.28173828125,17510800,0.0,0.0
2015-01-02,1425.5116964523268,1463.5817417581754,1345.1416008066467,1366.2916259765625,38171000,0.0,0.0
2015-01-02,1370.5216310105457,1378.981641078512,1315.5315655687646,1366.2916259765625,16857400,0.0,0.0
2015-01-02,1383.2117807349828,1472.0418950941103,1383.2117807349828,1467.8118896484375,33465900,0.0,0.0
2015-01-02,1472.0419840040154,1522.802052417947,1438.2019383947277,1514.342041015625,36786100,0.0,0.0
2015-01-02,1522.8018327192826,1527.0318378101697,1476.2717767195268,1488.9617919921875,16521700,0.0,0.0
2015-01-02,1493.1917483266923,1501.651758232226,1463.5817136573244,1476.271728515625,12754400,0.0,0.0
2015-01-02,1472.0418701171875,1510.1119184822874,1463.5818593693878,1472.0418701171875,14466900,0.0,0.0
2015-01-02,1488.9618623781337,1522.8019047049095,1467.811835923899,1518.5718994140625,19455000,0.0,0.0
2015-01-02,1518.5718255648956,1539.7218509905904,1501.6518052243396,1531.2618408203125,26683000,0.0,0.0
2015-01-02,1531.261865504891,1535.4918706582193,1518.5718500449057,1527.0318603515625,13707300,0.0,0.0
2015-01-02,1531.2619173728813,1535.4919226694915,1488.9618644067796,1497.421875,12210000,0.0,0.0
2015-01-02,1505.8818855932202,1510.1118908898304,1488.9618644067796,1497.421875,4128200,0.0,0.0
2015-01-02,1497.4218729598276,1522.8019047049095,1480.50185179644,1518.5718994140625,8184100,0.0,0.0
2015-01-02,1522.8018043154761,1603.1718995432375,1505.8817842675264,1598.94189453125,33940200,0.0,0.0
2015-01-02,1598.9419211405823,1598.9419211405823,1539.7218499872274,1552.411865234375,17388900,0.0,0.0
2015-01-02,1552.412034153294,1586.2520784945102,1543.95202306799,1565.10205078125,14507400,0.0,0.0
2015-01-02,1573.5618644593253,1603.1718995432375,1556.6418444113756,1598.94189453125,12540600,0.0,0.0
2015-01-02,1598.9419898986816,1632.7820320129395,1582.0219688415527,1624.322021484375,10779700,0.0,0.0
2015-01-02,1624.3221153846155,1683.5421925080127,1624.3221153846155,1649.7021484375,25916400,0.0,0.0
2015-01-02,1649.7022026201453,1653.9322082678893,1611.6321517904496,1620.0921630859375,13824400,0.0,0.0
2015-01-02,1620.0921630859375,1637.0121856769135,1594.7121291994738,1620.0921630859375,13739600,0.0,0.0
2015-01-02,1620.09194260235,1666.6219983951066,1607.4019273861436,1637.011962890625,24375300,0.0,0.0
2015-01-02,1628.5519050149358,1628.5519050149358,1565.1018307935744,1582.0218505859375,24252400,0.0,0.0
2015-01-02,1556.641796875,1603.1718505859374,1531.2617675781248,1586.2518310546875,11814000,0.0,0.0
2015-01-02,1607.4021461427058,1628.5521743814254,1586.252117903986,1620.0921630859375,9261300,0.0,0.0
2015-01-02,1628.551978564325,1637.011988842581,1598.9419425904282,1611.6319580078125,5974500,0.0,0.0
2015-01-02,1615.862065797211,1620.092071205057,1560.8719954952116,1573.56201171875,13218900,0.0,0.0
2015-01-02,1586.252103976118,1598.9421208079268,1539.722042259485,1560.8720703125,15670900,0.0,0.0
2015-01-02,1560.8718258454837,1582.0218505859375,1556.641820897393,1582.0218505859375,7352200,0.0,0.0
2015-01-02,1577.7920309003357,1653.93212890625,1565.1020145660166,1653.93212890625,33581300,0.0,0.0
2015-01-02,1662.3920403975476,1683.5420663568038,1662.3920403975476,1670.85205078125,20880800,0.0,0.0
2015-01-02,1666.6219747230489,1666.6219747230489,1594.7118895192625,1598.94189453125,32296300,0.0,0.0
2015-01-02,1586.2520501968709,1615.8620884672123,1582.022044729679,1590.4820556640625,24602500,0.0,0.0
2015-01-02,1590.4821436365223,1624.32218924581,1493.1920125098202,1514.342041015625,43414200,0.0,0.0
2015-01-02,1522.8018538678277,1582.0219259626879,1522.8018538678277,1548.181884765625,30994200,0.0,0.0
2015-01-02,1560.87187539914,1607.4019313053473,1535.491844904845,1552.411865234375,45176700,0.0,0.0
2015-01-02,1565.1019040336507,1586.251929763835,1560.8718988876137,1569.3319091796875,14993500,0.0,0.0
2015-01-02,1573.5619661100618,1586.2519819657882,1531.2619132576408,1539.721923828125,16481200,0.0,0.0
2015-01-02,1539.7218243634259,1603.1718995432375,1539.7218243634259,1598.94189453125,32309700,0.0,0.0
2015-01-02,1607.4021062077704,1624.3221283783785,1552.412034153294,1565.10205078125,26302000,0.0,0.0
2015-01-02,1565.102075923103,1577.792092754912,1552.412059091294,1560.8720703125,16519500,0.0,0.0
2015-01-02,1560.8719954952116,1582.0220225344422,1560.8719954952116,1573.56201171875,15253800,0.0,0.0
2015-01-02,1582.0219670077522,1649.7020511578164,1569.3319512296152,1645.4720458984375,35727300,0.0,0.0
2015-01-02,1649.7022026201453,1653.9322082678893,1615.8621574381937,1620.0921630859375,22654200,0.0,0.0
2015-01-02,1620.091944525033,1637.0119648333884,1594.7119140625,1594.7119140625,19578400,0.0,0.0
2015-01-02,1586.2518555340282,1590.481860482119,1565.1018307935744,1582.0218505859375,12373400,0.0,0.0
2015-01-02,1582.0219512521403,1590.4819616866437,1539.7218990796232,1543.951904296875,22955800,0.0,0.0
2015-01-02,1543.9519540665892,1565.1019808346246,1535.491943359375,1535.491943359375,15621000,0.0,0.0
2015-01-02,1539.721976485907,1552.411992775626,1501.6519276167498,1510.1119384765625,22021600,0.0,0.0
2015-01-02,1510.1119184822874,1518.571929230087,1442.4318324998878,1472.0418701171875,30645800,0.0,0.0
2015-01-02,1472.0418223505435,1476.271827587183,1446.6617909307065,1459.351806640625,23400300,0.0,0.0
2015-01-02,1459.3518048967633,1497.4218519810267,1459.3518048967633,1480.5018310546875,26704800,0.0,0.0
2015-01-02,1484.7318633323491,1493.1918739496275,1455.121826171875,1455.121826171875,21953000,0.0,0.0
2015-01-02,1455.1218790569362,1463.581889981686,1387.441791658939,1425.5118408203125,44585800,0.0,0.0
2015-01-02,1433.9718517450622,1442.4318626698118,1417.0518298955628,1425.5118408203125,24055400,0.0,0.0
2015-01-02,1429.7416750970715,1438.2016850088885,1408.591650317529,1412.8216552734375,11556400,0.0,0.0
2015-01-02,1417.0518298955628,1433.9718517450622,1417.0518298955628,1425.5118408203125,9298800,0.0,0.0
2015-01-02,1429.7416985069697,1463.5817387083182,1429.7416985069697,1450.8917236328125,18045400,0.0,0.0
2015-01-02,1459.351810284515,1467.811820778918,1412.8217525652985,1417.0517578125,27057700,0.0,0.0
2015-01-02,1421.2817147496235,1429.7417249564664,1404.3616943359375,1404.3616943359375,25153300,0.0,0.0
2015-01-02,1404.3617439038826,1417.0517596620502,1395.9017333984375,1395.9017333984375,13980500,0.0,0.0
2015-01-02,1395.9017352764424,1408.5917510516829,1370.5217037259615,1374.751708984375,19334300,0.0,0.0
2015-01-02,1374.7517071348248,1404.3617439038826,1374.7517071348248,1395.9017333984375,22136400,0.0,0.0
2015-01-02,1404.3616453616205,1421.2816651852545,1391.671630493895,1412.8216552734375,22812400,0.0,0.0
2015-01-02,1417.0518298955628,1433.9718517450622,1408.5918189708132,1425.5118408203125,21628700,0.0,0.0
2015-01-02,1433.9717769847196,1450.8917979520909,1425.511766501034,1438.2017822265625,21077100,0.0,0.0
2015-01-02,1446.6618681321866,1450.8918735945615,1417.0518298955628,1425.5118408203125,14039900,0.0,0.0
2015-01-02,1425.5117449342665,1442.4317656456524,1395.9017086893411,1400.1317138671875,12854500,0.0,0.0
2015-01-02,1400.1317368236942,1421.2817630597015,1395.9017315764925,1417.0517578125,9695000,0.0,0.0
2015-01-02,1425.5117449342665,1425.5117449342665,1395.9017086893411,1400.1317138671875,9894000,0.0,0.0
2015-01-02,1395.9015862295562,1404.3615958430687,1357.83154296875,1357.83154296875,19227400,0.0,0.0
2015-01-02,1349.3716793060303,1357.8316898345947,1319.7616424560547,1353.6016845703125,14214300,0.0,0.0
2015-01-02,1353.6016845703125,1400.131742477417,1353.6016845703125,1353.6016845703125,33500300,0.0,0.0
2015-01-02,1370.5216317806603,1374.7516368170204,1332.4515864534198,1345.1416015625,15340300,0.0,0.0
2015-01-02,1345.1416987595514,1357.8317147855848,1323.9916720494955,1349.3717041015625,11928600,0.0,0.0
2015-01-02,1362.0617201275961,1362.0617201275961,1336.681688075529,1349.3717041015625,6267100,0.0,0.0
2015-01-02,1353.601661392405,1357.8316665842565,1328.2216302412976,1336.681640625,10295000,0.0,0.0
2015-01-02,1345.141674041748,1366.2917003631592,1336.6816635131836,1353.6016845703125,21645400,0.0,0.0
2015-01-02,1362.061695098877,1378.9817161560059,1353.6016845703125,1353.6016845703125,15809500,0.0,0.0
2015-01-02,1362.0617201275961,1366.2917254696072,1349.3717041015625,1349.3717041015625,7381600,0.0,0.0
2015-01-02,1353.6017596608833,1353.6017596608833,1332.451732166182,1340.9117431640625,8013500,0.0,0.0
2015-01-02,1340.9116458168514,1353.601661392405,1332.4516354331488,1336.681640625,9406600,0.0,0.0
2015-01-02,1336.681640625,1345.1416510087026,1307.071604282041,1336.681640625,20520300,0.0,0.0
2015-01-02,1336.681640625,1357.8316665842565,1336.681640625,1336.681640625,14076300,0.0,0.0
2015-01-02,1340.9117209340056,1353.6017372204474,1315.5316883611222,1323.99169921875,14559100,0.0,0.0
2015-01-02,1323.9915045147002,1357.83154296875,1319.761499707944,1357.83154296875,10398600,0.0,0.0
2015-01-02,1353.6017596608833,1357.8317651598236,1336.6817376651222,1340.9117431640625,5244500,0.0,0.0
2015-01-02,1345.141674041748,1353.6016845703125,1328.2216529846191,1353.6016845703125,9870700,0.0,0.0
2015-01-02,1357.8317651598236,1366.2917761577041,1332.451732166182,1340.9117431640625,11835500,0.0,0.0
2015-01-02,1340.9116957354697,1340.9116957354697,1323.9916743381768,1328.2216796875,8421700,0.0,0.0
2015-01-02,1328.2216529846191,1357.8316898345947,1328.2216529846191,1353.6016845703125,6421000,0.0,0.0
2015-01-02,1357.8316593114232,1446.6617678645068,1357.8316593114232,1442.4317626953125,54123100,0.0,0.0
2015-01-02,1455.1218014039855,1467.811817113904,1412.8217490375907,1459.351806640625,37016400,0.0,0.0
2015-01-02,1459.351806640625,1463.5818118772645,1438.2017804574277,1459.351806640625,13137500,0.0,0.0
2015-01-02,1459.3518314805142,1459.3518314805142,1429.7417943200398,1455.121826171875,14074400,0.0,0.0
2015-01-02,1455.1218014039855,1463.5818118772645,1442.4317856940672,1459.351806640625,8200600,0.0,0.0
2015-01-02,1463.5818101283483,1501.6518572126115,1450.8917944335938,1480.5018310546875,32148500,0.0,0.0
2015-01-02,1480.5017839398301,1493.1917992307428,1446.6617431640625,1446.6617431640625,13269100,0.0,0.0
2015-01-02,1438.2018271259878,1472.0418701171875,1412.8217948825882,1472.0418701171875,16856000,0.0,0.0
2015-01-02,1472.04169921875,1501.6517333984375,1450.8916748046875,1501.6517333984375,25286400,0.0,0.0
2015-01-02,1501.6518307803722,1510.1118410946278,1488.961815308989,1505.8818359375,11008200,0.0,0.0
2015-01-02,1510.1119666466345,1514.3419721554487,1463.5819060496794,1484.73193359375,12250200,0.0,0.0
2015-01-02,1484.73193359375,1493.1919446113782,1467.8119115584936,1484.73193359375,9683900,0.0,0.0
2015-01-02,1493.1918503705192,1497.4218556123622,1438.2017822265625,1438.2017822265625,13160200,0.0,0.0
2015-01-02,1438.2017589750744,1442.4317641485304,1387.4416968936011,1421.28173828125,15487800,0.0,0.0
2015-01-02,1421.2816651852545,1421.2816651852545,1400.131640405712,1412.8216552734375,7367700,0.0,0.0
2015-01-02,1417.0516591768894,1476.271728515625,1412.8216542241225,1476.271728515625,21933800,0.0,0.0
2015-01-02,1467.8118841774992,1514.341943906469,1455.1218678877801,1510.1119384765625,21115100,0.0,0.0
2015-01-02,1510.1119666466345,1514.3419721554487,1484.73193359375,1484.73193359375,10504800,0.0,0.0
2015-01-02,1484.73193359375,1497.4219501201924,1467.8119115584936,1484.73193359375,6824200,0.0,0.0
2015-01-02,1484.7318143872571,1488.9618195564515,1442.4317626953125,1442.4317626953125,7978100,0.0,0.0
2015-01-02,1429.7417717428768,1455.1218031939338,1425.511766501034,1438.2017822265625,6054200,0.0,0.0
2015-01-02,1438.2017589750744,1459.3517848423548,1421.28173828125,1421.28173828125,4675200,0.0,0.0
2015-01-02,1417.051709646202,1429.7417249564664,1404.3616943359375,1404.3616943359375,5163000,0.0,0.0
2015-01-02,1404.3617175874256,1429.7417486281622,1404.3617175874256,1421.28173828125,3814500,0.0,0.0
2015-01-02,1425.5116949224616,1429.741699951905,1404.361669775244,1408.5916748046875,6473200,0.0,0.0
2015-01-02,1408.5916748046875,1446.661720069679,1404.361669775244,1408.5916748046875,11695200,0.0,0.0
2015-01-02,1421.2816150700935,1421.2816150700935,1353.6015381619939,1357.83154296875,26149300,0.0,0.0
2015-01-02,1357.8317125108506,1387.4417498553241,1357.8317125108506,1370.521728515625,9997100,0.0,0.0
2015-01-02,1378.9816659489034,1395.9016863899942,1357.8316403975398,1362.0616455078125,15554200,0.0,0.0
2015-01-02,1366.2917278314094,1370.5217331807326,1328.2216796875,1328.2216796875,29667100,0.0,0.0
2015-01-02,1332.4516354331488,1349.3716562005538,1328.2216302412976,1336.681640625,16322800,0.0,0.0
2015-01-02,1340.9115237417252,1362.0615477755064,1336.6815189349688,1357.83154296875,11186100,0.0,0.0
2015-01-02,1362.0617201275961,1366.2917254696072,1336.681688075529,1349.3717041015625,12837600,0.0,0.0
2015-01-02,1349.3716562005538,1349.3716562005538,1311.3016094738925,1336.681640625,22606100,0.0,0.0
2015-01-02,1336.6816654265872,1345.1416759672618,1319.761644345238,1332.45166015625,14710100,0.0,0.0
2015-01-02,1332.45166015625,1336.6816654265872,1328.2216548859126,1332.45166015625,16095800,0.0,0.0
2015-01-02,1332.4516850368234,1340.9116957354697,1319.7616689888537,1328.2216796875,14883700,0.0,0.0
2015-01-02,1328.2216529846191,1362.061695098877,1328.2216529846191,1353.6016845703125,21576500,0.0,0.0
2015-01-02,1362.0616717761077,1374.7516873516615,1336.681640625,1336.681640625,18333700,0.0,0.0
2015-01-02,1336.681613747133,1391.6716801354644,1332.4516086403382,1383.211669921875,32124200,0.0,0.0
2015-01-02,1383.211719501202,1400.131740534856,1366.2916984675483,1374.751708984375,23195900,0.0,0.0
2015-01-02,1374.7516873516615,1383.211697735364,1323.9916250494462,1336.681640625,29886900,0.0,0.0
2015-01-02,1336.6816903861466,1345.141701084793,1328.2216796875,1328.2216796875,24324200,0.0,0.0
2015-01-02,1332.45166015625,1349.3716812375992,1328.2216548859126,1332.45166015625,21846600,0.0,0.0
2015-01-02,1332.4516582489014,1374.7517108917236,1332.4516582489014,1353.6016845703125,30330000,0.0,0.0
2015-01-02,1353.6016865079364,1362.061697048611,1328.2216548859126,1332.45166015625,29040900,0.0,0.0
2015-01-02,1336.68161714994,1336.68161714994,1315.5315915621245,1319.7615966796875,22328600,0.0,0.0
2015-01-02,1319.7617438705788,1340.9117718172226,1311.3017326919212,1315.53173828125,33318600,0.0,0.0
2015-01-02,1319.7616623527736,1400.131763585795,1315.5316570247198,1391.6717529296875,98266400,0.0,0.0
2015-01-02,1404.3616954558486,1425.5117209898222,1366.291649494696,1383.211669921875,55929800,0.0,0.0
2015-01-02,1383.211669921875,1395.9016852422592,1362.0616443879014,1383.211669921875,21347400,0.0,0.0
2015-01-02,1383.2117379787749,1442.4318123876521,1383.2117379787749,1433.9718017578125,60899700,0.0,0.0
2015-01-02,1433.9717323824486,1438.2017374927213,1357.8316403975398,1362.0616455078125,56328500,0.0,0.0
2015-01-02,1370.521655728358,1383.211671059176,1362.0616455078125,1362.0616455078125,35243700,0.0,0.0
2015-01-02,1370.521655728358,1378.9816659489034,1353.601635287267,1362.0616455078125,21663300,0.0,0.0
2015-01-02,1366.2915525822625,1378.9815670025312,1357.83154296875,1357.83154296875,22780900,0.0,0.0
2015-01-02,1362.0615477755064,1370.5215573890187,1353.6015381619939,1357.83154296875,13074200,0.0,0.0
2015-01-02,1362.0616209425793,1378.981641078512,1362.0616209425793,1366.2916259765625,20124700,0.0,0.0
2015-01-02,1370.521655728358,1378.9816659489034,1362.0616455078125,1362.0616455078125,11000500,0.0,0.0
2015-01-02,1366.2916259765625,1374.7516360445288,1362.0616209425793,1366.2916259765625,20178500,0.0,0.0
2015-01-02,1370.521655728358,1374.7516608386306,1357.8316403975398,1362.0616455078125,20716400,0.0,0.0
2015-01-02,1362.0617156333112,1417.05178489801,1362.0617156333112,1391.6717529296875,48344000,0.0,0.0
2015-01-02,1395.9016852422592,1408.5917005626434,1374.7516597082856,1383.211669921875,31226600,0.0,0.0
2015-01-02,1391.6716546869134,1417.0516848635746,1387.44164965747,1408.5916748046875,39530500,0.0,0.0
2015-01-02,1412.8217544093277,1429.741775420218,1395.9017333984375,1395.9017333984375,29023100,0.0,0.0
2015-01-02,1400.131763585795,1412.8217795699563,1387.4417476016338,1391.6717529296875,23130200,0.0,0.0
2015-01-02,1404.3616943359375,1408.591699439359,1391.671679025673,1404.3616943359375,16400800,0.0,0.0
2015-01-02,1404.3617175874256,1429.7417486281622,1387.4416968936011,1421.28173828125,35474200,0.0,0.0
2015-01-02,1421.2817158830276,1438.2017363102063,1383.211669921875,1383.211669921875,45505800,0.0,0.0
2015-01-02,1391.671728145715,1404.3617439038826,1387.4417228929924,1395.9017333984375,18516600,0.0,0.0
2015-01-02,1404.3617439038826,1408.5917491566051,1391.671728145715,1395.9017333984375,18470400,0.0,0.0
2015-01-02,1400.1316654856612,1404.36167051734,1383.2116453589463,1387.441650390625,20844500,0.0,0.0
2015-01-02,1387.4415766160437,1391.6715814227998,1357.83154296875,1357.83154296875,31403400,0.0,0.0
2015-01-02,1357.8316403975398,1374.7516608386306,1357.8316403975398,1362.0616455078125,22160900,0.0,0.0
2015-01-02,1366.2916267443002,1370.5216317806603,1332.4515864534198,1345.1416015625,51949100,0.0,0.0
2015-01-02,1375.9128285892673,1375.9128285892673,1340.7457275390625,1340.7457275390625,55628000,60.0,0.0
2015-01-02,1340.7457848117776,1340.7457848117776,1279.2033553450076,1283.5992431640625,70973600,0.0,0.0
2015-01-02,1287.995020656721,1305.5785704267787,1235.2443713465482,1239.6402587890625,75069400,0.0,0.0
2015-01-02,1244.0361733572825,1261.6197235107422,1222.0567356654576,1230.8485107421875,49512800,0.0,0.0
2015-01-02,1230.8485379665017,1252.827976144475,1217.660875059718,1222.0567626953125,30171000,0.0,0.0
2015-01-02,1222.0566940864508,1226.452581475251,1200.0772571424498,1204.47314453125,27452300,0.0,0.0
2015-01-02,1208.8691502401275,1287.9951309831176,1208.8691502401275,1283.5992431640625,59247400,0.0,0.0
2015-01-02,1283.5992431640625,1301.1827944402826,1261.6198040687875,1283.5992431640625,27496500,0.0,0.0
2015-01-02,1283.599148033405,1292.3909230199354,1266.0155980603447,1274.807373046875,18105300,0.0,0.0
2015-01-02,1261.6197940340908,1266.0156818181817,1200.077365056818,1208.869140625,33487300,0.0,0.0
2015-01-02,1208.869125633909,1266.015666118421,1169.3061360677084,1252.8280029296875,35767500,0.0,0.0
2015-01-02,1261.6197922397666,1274.8074555732835,1244.0362411284111,1248.43212890625,16025500,0.0,0.0
2015-01-02,1248.4320746527778,1248.4320746527778,1178.097873263889,1186.8896484375,23328200,0.0,0.0
2015-01-02,1200.0772588615282,1244.0361328125,1169.306047095848,1244.0361328125,21638600,0.0,0.0
2015-01-02,1244.0361733572825,1244.0361733572825,1226.4526232038224,1230.8485107421875,11258700,0.0,0.0
2015-01-02,1239.6402858189174,1244.0361733572825,1226.4526232038224,1230.8485107421875,8736000,0.0,0.0
2015-01-02,1222.0567901169045,1226.4526778511379,1204.4732391799705,1213.2650146484375,10551700,0.0,0.0
2015-01-02,1217.660875059718,1230.8485379665017,1217.660875059718,1222.0567626953125,8305000,0.0,0.0
2015-01-02,1226.4526232038224,1239.6402858189174,1222.0567356654576,1230.8485107421875,6195200,0.0,0.0
2015-01-02,1235.2445348377296,1248.4321989107302,1226.4527587890625,1226.4527587890625,9490700,0.0,0.0
2015-01-02,1230.8485795454544,1230.8485795454544,1204.473252840909,1208.869140625,13544800,0.0,0.0
2015-01-02,1217.6607666015625,1235.2443155777585,1204.4731048694157,1217.6607666015625,15909800,0.0,0.0
2015-01-02,1217.660861545139,1266.015625,1217.660861545139,1266.015625,31022700,0.0,0.0
2015-01-02,1274.8074415775768,1287.9951047663103,1248.4321152001096,1252.8280029296875,53160500,0.0,0.0
2015-01-02,1257.2238085591202,1279.2032457716923,1239.6402587890625,1239.6402587890625,22896100,0.0,0.0
2015-01-02,1244.0362262336575,1301.182766661352,1244.0362262336575,1292.3909912109375,46764800,0.0,0.0
2015-01-02,1301.182698839883,1327.558023816367,1301.182698839883,1314.370361328125,37844700,0.0,0.0
2015-01-02,1314.3703479003905,1331.9538977050781,1301.182685546875,1318.7662353515625,31150300,0.0,0.0
2015-01-02,1318.7663457165027,1323.1622335355576,1279.2033553450076,1283.5992431640625,21959900,0.0,0.0
2015-01-02,1283.5993276742788,1296.7869919996997,1257.2239990234375,1257.2239990234375,19950300,0.0,0.0
2015-01-02,1252.8280166840889,1266.0156800176055,1244.0362411284111,1248.43212890625,24472200,0.0,0.0
2015-01-02,1230.8484283337093,1235.2443155777585,1195.6813303813176,1217.6607666015625,18768100,0.0,0.0
2015-01-02,1213.2649605887277,1244.0361733572825,1204.4731855119978,1230.8485107421875,9265800,0.0,0.0
2015-01-02,1230.8484283337093,1239.6402028218074,1213.2648793575136,1217.6607666015625,6859400,0.0,0.0
2015-01-02,1226.4526232038224,1244.0361733572825,1226.4526232038224,1230.8485107421875,13261700,0.0,0.0
2015-01-02,1230.848646813396,1230.848646813396,1195.6815426187277,1226.4527587890625,14744600,0.0,0.0
2015-01-02,1226.4526097850867,1239.6402722558942,1204.473172333741,1235.244384765625,9045700,0.0,0.0
2015-01-02,1239.6403783424614,1292.3910327400129,1235.2444904759986,1279.203369140625,42077700,0.0,0.0
2015-01-02,1292.3910188021725,1318.7663457165027,1274.8074675259525,1283.5992431640625,38800000,0.0,0.0
2015-01-02,1283.5992411363163,1331.9540070695339,1279.2033533242056,1323.1622314453125,58522500,0.0,0.0
2015-01-02,1327.5580114469558,1362.7251110879347,1323.1621239918334,1358.3292236328125,68040600,0.0,0.0
2015-01-02,1362.7251787764576,1393.4963924907647,1336.349852735623,1375.912841796875,44598800,0.0,0.0
2015-01-02,1375.9128554906601,1375.9128554906601,1345.1416414701023,1371.5169677734375,23028400,0.0,0.0
2015-01-02,1362.7253276665494,1375.9129921278386,1331.954110590208,1367.1212158203125,42078100,0.0,0.0
2015-01-02,1367.1210121055701,1371.516899604302,1331.9539121157163,1353.933349609375,16890800,0.0,0.0
2015-01-02,1358.3292102444557,1389.1004221270161,1336.3497731854839,1362.72509765625,37222700,0.0,0.0
2015-01-02,1362.7251229121766,1362.7251229121766,1274.807373046875,1274.807373046875,33553800,0.0,0.0
2015-01-02,1274.807386563311,1309.9744868822988,1266.015611483564,1270.4114990234375,19293500,0.0,0.0
2015-01-02,1270.4115934076997,1296.7869206064754,1235.2444904759986,1279.203369140625,28225800,0.0,0.0
2015-01-02,1283.5992431640625,1296.7869066212277,1279.2033553450076,1283.5992431640625,7757800,0.0,0.0
2015-01-02,1287.99503552667,1296.7868105132004,1257.2238230738146,1274.807373046875,9997000,0.0,0.0
2015-01-02,1274.8074555732835,1283.5992311289613,1239.6403533505722,1248.43212890625,9882300,0.0,0.0
2015-01-02,1252.828001684072,1296.7868789361448,1248.4321139588649,1292.3909912109375,11061500,0.0,0.0
2015-01-02,1292.3910188021725,1309.9745700783926,1274.8074675259525,1283.5992431640625,8488900,0.0,0.0
2015-01-02,1283.59914885556,1314.370361328125,1270.411486367318,1314.370361328125,12581300,0.0,0.0
2015-01-02,1309.9745842058635,1318.7663599387886,1274.8074812741625,1279.203369140625,8672500,0.0,0.0
2015-01-02,1287.99503552667,1292.3909230199354,1266.0155980603447,1274.807373046875,4670600,0.0,0.0
2015-01-02,1279.2033145193327,1301.1827529131356,1274.8074268405721,1296.786865234375,5176900,0.0,0.0
2015-01-02,1301.1827126170604,1358.329250671188,1301.1827126170604,1349.5374755859375,25611100,0.0,0.0
2015-01-02,1349.5374354208668,1362.72509765625,1331.9538857736895,1362.72509765625,11263200,0.0,0.0
2015-01-02,1362.7253040514495,1371.5170802066202,1336.3499755859375,1336.3499755859375,14520700,0.0,0.0
2015-01-02,1340.7457139756946,1353.933376736111,1327.5580512152778,1345.1416015625,4147800,0.0,0.0
2015-01-02,1349.5374891493057,1358.3292643229167,1345.1416015625,1345.1416015625,6092400,0.0,0.0
2015-01-02,1345.1417517411082,1345.1417517411082,1323.1623113531816,1336.3499755859375,10322100,0.0,0.0
2015-01-02,1349.5376398186936,1353.9335278962787,1336.3499755859375,1336.3499755859375,8353900,0.0,0.0
2015-01-02,1331.9539245816663,1331.9539245816663,1252.8279488639434,1270.4114990234375,38235800,0.0,0.0
2015-01-02,1270.4115391618116,1301.1827529131356,1257.2238761255296,1296.786865234375,20268300,0.0,0.0
2015-01-02,1301.1827529131356,1309.9745282706567,1287.9950898768539,1296.786865234375,9811300,0.0,0.0
2015-01-02,1296.7869066212277,1305.5786822593377,1279.2033553450076,1283.5992431640625,7865400,0.0,0.0
2015-01-02,1292.3909106445312,1318.7662353515625,1287.9950231933594,1318.7662353515625,15997800,0.0,0.0
2015-01-02,1318.766195467203,1345.141519376547,1309.974420830755,1331.953857421875,25979100,0.0,0.0
2015-01-02,1331.9539522765112,1349.5375028016138,1327.5580646452356,1340.7457275390625,12333400,0.0,0.0
2015-01-02,1349.5374891493057,1362.7251519097224,1345.1416015625,1345.1416015625,14991100,0.0,0.0
2015-01-02,1345.1415600585938,1345.1415600585938,1309.9744604492187,1318.7662353515625,11201400,0.0,0.0
2015-01-02,1331.953857421875,1349.537406694771,1318.766195467203,1331.953857421875,11223800,0.0,0.0
2015-01-02,1331.953870760684,1345.1415328474234,1323.162096036191,1327.5579833984375,8295000,0.0,0.0
2015-01-02,1331.9538977050781,1340.7456726074217,1318.7662353515625,1318.7662353515625,15891200,0.0,0.0
2015-01-02,1318.7663436332018,1331.9540070695339,1314.3704558210911,1323.1622314453125,6099000,0.0,0.0
2015-01-02,1331.9539515256142,1424.2675917303598,1327.558063896817,1419.8717041015625,74157400,0.0,0.0
2015-01-02,1428.6634930912753,1437.4552684333755,1411.079942407075,1415.475830078125,31026700,0.0,0.0
2015-01-02,1415.4757617494595,1415.4757617494595,1389.100436996364,1397.8922119140625,17003000,0.0,0.0
2015-01-02,1393.4964599609375,1411.080011506186,1389.1005720746255,1393.4964599609375,9508500,0.0,0.0
2015-01-02,1393.4964599609375,1411.080011506186,1389.1005720746255,1393.4964599609375,7871400,0.0,0.0
2015-01-02,1402.2882357335618,1402.2882357335618,1375.9129084156891,1393.4964599609375,17345900,0.0,0.0
2015-01-02,1393.4963244552132,1402.2880993729118,1389.100436996364,1397.8922119140625,10023800,0.0,0.0
2015-01-02,1380.3087963020012,1393.4964599609375,1353.9334689841287,1393.4964599609375,8475100,0.0,0.0
2015-01-02,1397.8922663403164,1402.2881539703176,1380.3087158203125,1380.3087158203125,7929000,0.0,0.0
2015-01-02,1380.3087963020012,1393.4964599609375,1367.121132643065,1393.4964599609375,12043800,0.0,0.0
2015-01-02,1397.8922663403164,1397.8922663403164,1375.9128281903115,1380.3087158203125,5054300,0.0,0.0
2015-01-02,1389.1004221270161,1389.1004221270161,1358.3292102444557,1362.72509765625,11728700,0.0,0.0
2015-01-02,1362.7251237850126,1362.7251237850126,1305.5785863359636,1314.370361328125,29126800,0.0,0.0
2015-01-02,1314.3703479003905,1323.1621228027343,1301.182685546875,1318.7662353515625,14058900,0.0,0.0
2015-01-02,1318.7662760416667,1327.5580512152778,1301.1827256944446,1305.57861328125,13680000,0.0,0.0
2015-01-02,1305.5786543865593,1314.370429836974,1287.9951034857302,1292.3909912109375,12619300,0.0,0.0
2015-01-02,1292.3910188021725,1296.7869066212277,1283.5992431640625,1283.5992431640625,11149200,0.0,0.0
2015-01-02,1287.994955526816,1305.5785044077281,1283.599068306588,1301.1826171875,5612000,0.0,0.0
2015-01-02,1301.1828334731545,1318.7663852768455,1301.1828334731545,1309.974609375,11108100,0.0,0.0
2015-01-02,1301.182698839883,1327.558023816367,1301.182698839883,1314.370361328125,9761100,0.0,0.0
2015-01-02,1314.370388454861,1318.7662760416667,1305.57861328125,1305.57861328125,8954300,0.0,0.0
2015-01-02,1305.5787590428404,1340.7458636635229,1296.7869828876696,1336.3499755859375,27449400,0.0,0.0
2015-01-02,1336.3498948816446,1340.7457826937552,1318.7663436332018,1323.1622314453125,10789200,0.0,0.0
2015-01-02,1327.5581611786913,1331.954049129614,1309.974609375,1309.974609375,7016900,0.0,0.0
2015-01-02,1309.9744339494516,1327.5579833984375,1301.1826592249586,1327.5579833984375,5077200,0.0,0.0
2015-01-02,1318.7662086739444,1327.5579833984375,1309.9744339494516,1327.5579833984375,4930700,0.0,0.0
2015-01-02,1327.5581192574232,1331.9540070695339,1318.7663436332018,1323.1622314453125,5700300,0.0,0.0
2015-01-02,1318.7662893826844,1340.7457275390625,1292.3909635950306,1340.7457275390625,7198100,0.0,0.0
2015-01-02,1340.745645485177,1340.745645485177,1323.162096036191,1327.5579833984375,8341100,0.0,0.0
2015-01-02,1331.954049129614,1331.954049129614,1309.974609375,1309.974609375,3820000,0.0,0.0
2015-01-02,1309.9743916279563,1323.1620532886402,1301.1826171875,1301.1826171875,9940500,0.0,0.0
2015-01-02,1309.974420830755,1331.953857421875,1287.994984239635,1331.953857421875,7482500,0.0,0.0
2015-01-02,1318.7662353515625,1318.7662353515625,1309.9744604492187,1318.7662353515625,1888100,0.0,0.0
2015-01-02,1318.7662760416667,1327.5580512152778,1301.1827256944446,1305.57861328125,5454400,0.0,0.0
2015-01-02,1309.974556047355,1309.974556047355,1287.9951171875,1287.9951171875,11277300,0.0,0.0
2015-01-02,1287.9952157827524,1301.182880108173,1252.828110914964,1257.2239990234375,22134100,0.0,0.0
2015-01-02,1257.2239044619278,1270.4115677954444,1239.6403533505722,1248.43212890625,12940200,0.0,0.0
2015-01-02,1248.43206132407,1270.4114990234375,1239.640286244323,1270.4114990234375,5011100,0.0,0.0
2015-01-02,1270.4114990234375,1287.9950491829313,1261.6197239436904,1270.4114990234375,6409600,0.0,0.0
2015-01-02,1274.8075514573318,1279.2034395658054,1244.0363346980168,1257.2239990234375,5774800,0.0,0.0
2015-01-02,1257.2238906592654,1261.6197783888433,1244.036227470532,1252.8280029296875,3960200,0.0,0.0
2015-01-02,1252.8280869350638,1266.0157510080646,1217.6609827403954,1226.4527587890625,7216600,0.0,0.0
2015-01-02,1222.0566538456114,1226.4525410896604,1204.4731048694157,1217.6607666015625,4223100,0.0,0.0
2015-01-02,1217.6609144613776,1248.43212890625,1213.2650266835387,1248.43212890625,4549100,0.0,0.0
2015-01-02,1248.43212890625,1248.43212890625,1230.8485777948943,1248.43212890625,2483900,0.0,0.0
2015-01-02,1248.4319705447635,1301.1826171875,1248.4319705447635,1301.1826171875,6561100,0.0,0.0
2015-01-02,1292.3909644150153,1296.78685204908,1261.6197509765625,1261.6197509765625,5658900,0.0,0.0
2015-01-02,1266.015611049107,1274.807386125837,1230.8485107421875,1230.8485107421875,13163000,0.0,0.0
2015-01-02,1230.8485655853713,1244.0362287880716,1208.869126914204,1213.2650146484375,15592100,0.0,0.0
2015-01-02,1222.0566538456114,1244.0360900658563,1217.6607666015625,1217.6607666015625,15346500,0.0,0.0
2015-01-02,1226.4526232038224,1244.0361733572825,1226.4526232038224,1230.8485107421875,13083700,0.0,0.0
2015-01-02,1235.2444256020965,1239.640313237691,1213.264987424123,1222.0567626953125,12188100,0.0,0.0
2015-01-02,1222.0566538456114,1235.2443155777585,1217.6607666015625,1217.6607666015625,15335900,0.0,0.0
2015-01-02,1213.2649210468198,1261.6196823928888,1208.8690336517227,1244.0361328125,34995500,0.0,0.0
2015-01-02,1244.0362008732857,1252.827976144475,1213.264987424123,1222.0567626953125,23197600,0.0,0.0
2015-01-02,1217.6609161931817,1226.4526917613637,1208.869140625,1208.869140625,16822900,0.0,0.0
2015-01-02,1208.8691683479283,1222.0568320026327,1191.285616808322,1200.077392578125,19430100,0.0,0.0
2015-01-02,1204.4731850712062,1208.8690726079624,1186.889634924181,1191.2855224609375,25200200,0.0,0.0
2015-01-02,1195.6815185546875,1204.473294426413,1186.889742682962,1195.6815185546875,14190800,0.0,0.0
2015-01-02,1200.0772975344498,1204.4731850712062,1191.2855224609375,1191.2855224609375,10248700,0.0,0.0
2015-01-02,1191.2855496885165,1191.2855496885165,1169.3061115023816,1182.4937744140625,23982300,0.0,0.0
2015-01-02,1191.2855496885165,1191.2855496885165,1182.4937744140625,1182.4937744140625,8758100,0.0,0.0
2015-01-02,1182.4937075872492,1204.47314453125,1182.4937075872492,1204.47314453125,6410900,0.0,0.0
2015-01-02,1208.869126914204,1213.2650146484375,1195.6814637115035,1213.2650146484375,10670800,0.0,0.0
2015-01-02,1213.2650284090907,1217.6609161931817,1186.8897017045454,1208.869140625,7176500,0.0,0.0
2015-01-02,1208.8690863715278,1208.8690863715278,1186.8896484375,1186.8896484375,5344900,0.0,0.0
2015-01-02,1200.0772975344498,1204.4731850712062,1191.2855224609375,1191.2855224609375,5122300,0.0,0.0
2015-01-02,1191.2855224609375,1200.0772975344498,1182.493747387425,1191.2855224609375,6518600,0.0,0.0
2015-01-02,1195.681423611111,1200.0773111979167,1186.8896484375,1186.8896484375,4040900,0.0,0.0
2015-01-02,1191.2855224609375,1200.0772975344498,1191.2855224609375,1191.2855224609375,4699900,0.0,0.0
2015-01-02,1191.2856306188246,1213.2650702981389,1191.2856306188246,1195.6815185546875,5916200,0.0,0.0
2015-01-02,1200.0774064905504,1208.869182362276,1186.889742682962,1195.6815185546875,8911200,0.0,0.0
2015-01-02,1195.681423611111,1195.681423611111,1178.097873263889,1186.8896484375,10777900,0.0,0.0
2015-01-02,1191.2855224609375,1208.8690726079624,1186.889634924181,1191.2855224609375,13355000,0.0,0.0
2015-01-02,1195.681479088346,1195.681479088346,1169.30615234375,1169.30615234375,23643800,0.0,0.0
2015-01-02,1178.0979986081177,1182.4938866626258,1142.9308941720546,1147.3267822265625,29516200,0.0,0.0
2015-01-02,1147.326687492459,1147.326687492459,1129.7431367262911,1138.534912109375,21099800,0.0,0.0
2015-01-02,1138.534884982639,1142.9307725694446,1107.763671875,1107.763671875,24639100,0.0,0.0
2015-01-02,1107.763671875,1120.9513346354167,1103.3677842881946,1107.763671875,15110000,0.0,0.0
2015-01-02,1107.7637270035282,1107.7637270035282,1081.388400170111,1090.18017578125,10155700,0.0,0.0
2015-01-02,1090.1801082324605,1112.1595458984375,1068.2006705664835,1112.1595458984375,12544100,0.0,0.0
2015-01-02,1112.1596289260185,1116.5555167873863,1076.9925260350772,1085.7843017578125,11503900,0.0,0.0
2015-01-02,1085.7841815948486,1134.1389427185059,1081.3882942199707,1125.34716796875,8238100,0.0,0.0
2015-01-02,1129.7431640625,1138.5349396583172,1112.1596128708657,1129.7431640625,7894500,0.0,0.0
2015-01-02,1138.5349396583172,1138.5349396583172,1112.1596128708657,1129.7431640625,7622400,0.0,0.0
2015-01-02,1129.743205873985,1134.1390938345842,1112.1596540315884,1116.5555419921875,2552100,0.0,0.0
2015-01-02,1112.1595458984375,1138.53487109761,1103.3677708320467,1112.1595458984375,14818800,0.0,0.0
2015-01-02,1120.9513209648283,1129.743096031219,1107.763658365242,1112.1595458984375,33620600,0.0,0.0
2015-01-02,1112.1595058441162,1134.1389427185059,1112.1595058441162,1125.34716796875,11681700,0.0,0.0
2015-01-02,1129.7430965045025,1164.9101967847985,1125.3472089694656,1151.7225341796875,18263500,0.0,0.0
2015-01-02,1151.7226702810704,1160.514446390086,1138.5350061175466,1147.3267822265625,6837100,0.0,0.0
2015-01-02,1147.3267013194948,1147.3267013194948,1134.1390380859375,1134.1390380859375,3271500,0.0,0.0
2015-01-02,1142.9307591096135,1160.5143092497615,1134.1389840395395,1151.7225341796875,5436600,0.0,0.0
2015-01-02,1151.7225341796875,1160.5143092497615,1142.9307591096135,1151.7225341796875,4435200,0.0,0.0
2015-01-02,1151.722575184001,1156.118462875543,1138.534912109375,1138.534912109375,6825100,0.0,0.0
2015-01-02,1138.5350061175466,1151.7226702810704,1125.347341954023,1147.3267822265625,3965900,0.0,0.0
2015-01-02,1151.722575184001,1160.514350567085,1138.534912109375,1138.534912109375,7351400,0.0,0.0
2015-01-02,1138.5349111984024,1182.4937880786497,1134.1390235103777,1178.097900390625,13397100,0.0,0.0
2015-01-02,1178.0979668112361,1208.869182362276,1178.0979668112361,1195.6815185546875,20472100,0.0,0.0
2015-01-02,1191.2854823648495,1213.2649193088505,1191.2854823648495,1204.47314453125,12558300,0.0,0.0
2015-01-02,1204.4731850712062,1208.8690726079624,1173.7019723139126,1191.2855224609375,15119800,0.0,0.0
2015-01-02,1191.2855759772701,1226.4526778511379,1191.2855759772701,1213.2650146484375,25895100,0.0,0.0
2015-01-02,1213.2650284090907,1226.4526917613637,1191.2855894886363,1208.869140625,18933400,0.0,0.0
2015-01-02,1208.869182362276,1222.0568461698645,1195.6815185546875,1195.6815185546875,11476100,0.0,0.0
2015-01-02,1195.6815185546875,1208.869182362276,1186.889742682962,1195.6815185546875,8052300,0.0,0.0
2015-01-02,1195.6813955560835,1200.0772830397457,1151.7225207194629,1156.118408203125,16645800,0.0,0.0
2015-01-02,1156.118488971452,1178.097927925282,1151.722601180686,1169.30615234375,5841700,0.0,0.0
2015-01-02,1178.0978456214352,1186.8896205887595,1156.118408203125,1156.118408203125,6815900,0.0,0.0
2015-01-02,1160.514295686787,1182.4937331050974,1156.118408203125,1156.118408203125,11979900,0.0,0.0
2015-01-02,1156.1184768085332,1164.9102522975713,1116.555487107861,1134.1390380859375,26527400,0.0,0.0
2015-01-02,1134.139024417833,1156.118462875543,1120.951361343207,1138.534912109375,18644300,0.0,0.0
2015-01-02,1142.9307591096135,1156.1184217147245,1142.9307591096135,1151.7225341796875,9435300,0.0,0.0
2015-01-02,1151.7225207194629,1164.910183170449,1151.7225207194629,1156.118408203125,3710300,0.0,0.0
2015-01-02,1156.118408203125,1164.910183170449,1151.7225207194629,1156.118408203125,5358200,0.0,0.0
2015-01-02,1156.1184485907006,1186.8896620512896,1156.1184485907006,1182.4937744140625,18661400,0.0,0.0
2015-01-02,1182.4937880786497,1195.6814511427237,1173.7020127026003,1178.097900390625,18030500,0.0,0.0
2015-01-02,1178.0978867768356,1195.6814373257434,1173.7019991396085,1182.4937744140625,14156100,0.0,0.0
2015-01-02,1186.8896484375,1213.2649739583335,1178.097873263889,1186.8896484375,35691900,0.0,0.0
2015-01-02,1186.8896757666744,1204.4732265187733,1173.7020127026003,1178.097900390625,18534100,0.0,0.0
2015-01-02,1178.0978598506688,1208.8690726079624,1178.0978598506688,1191.2855224609375,14877100,0.0,0.0
2015-01-02,1191.285616808322,1222.0568320026327,1191.285616808322,1200.077392578125,17578500,0.0,0.0
2015-01-02,1208.8690319200502,1222.0566940864508,1191.2854823648495,1204.47314453125,15121800,0.0,0.0
2015-01-02,1204.4732804630266,1213.2650562328297,1191.285616808322,1200.077392578125,8337100,0.0,0.0
2015-01-02,1200.077365056818,1213.2650284090907,1200.077365056818,1208.869140625,8149000,0.0,0.0
2015-01-02,1208.8691002374246,1217.6608755118787,1182.4937744140625,1182.4937744140625,17845600,0.0,0.0
2015-01-02,1178.0979668112361,1195.6815185546875,1178.0979668112361,1195.6815185546875,5663700,0.0,0.0
2015-01-02,1195.6814373257434,1195.6814373257434,1173.7019991396085,1182.4937744140625,8310400,0.0,0.0
2015-01-02,1182.4937744140625,1191.2855496885165,1178.0978867768356,1182.4937744140625,3740300,0.0,0.0
2015-01-02,1186.8896068226206,1186.8896068226206,1156.1183947938862,1160.5142822265625,11392000,0.0,0.0
2015-01-02,1160.514295686787,1169.3060706541112,1156.118408203125,1156.118408203125,6749400,0.0,0.0
2015-01-02,1156.1183947938862,1169.3060570919151,1156.1183947938862,1160.5142822265625,6924900,0.0,0.0
2015-01-02,1160.514376762218,1178.097927925282,1160.514376762218,1169.30615234375,7066400,0.0,0.0
2015-01-02,1169.3060570919151,1178.097831957268,1160.5142822265625,1160.5142822265625,6949900,0.0,0.0
2015-01-02,1160.5143904775944,1169.3061661630306,1151.722614792158,1164.9102783203125,5907000,0.0,0.0
2015-01-02,1164.9102508887815,1173.7020263671875,1160.5143631495787,1173.7020263671875,5418400,0.0,0.0
2015-01-02,1173.7019718548725,1178.0978593899094,1151.7225341796875,1151.7225341796875,8278400,0.0,0.0
2015-01-02,1151.7225341796875,1160.5143092497615,1147.3266466446505,1151.7225341796875,4870300,0.0,0.0
2015-01-02,1156.1184485907006,1191.2855496885165,1156.1184485907006,1182.4937744140625,19749900,0.0,0.0
2015-01-02,1186.8897175339032,1200.0773810620578,1156.1185026348762,1164.9102783203125,19103900,0.0,0.0
2015-01-02,1151.722589064014,1160.5143645530522,1125.347262596899,1134.1390380859375,33654600,0.0,0.0
2015-01-02,1134.1389427185059,1142.9307174682617,1120.951280593872,1125.34716796875,12379800,0.0,0.0
2015-01-02,1129.7431376953125,1129.7431376953125,1081.388373046875,1098.971923828125,20583600,0.0,0.0
2015-01-02,1098.9719102107197,1112.1595731332484,1090.180134929034,1103.3677978515625,6618800,0.0,0.0
2015-01-02,1103.3677703357134,1107.7636578669315,1063.8047825547517,1072.5965576171875,16978600,0.0,0.0
2015-01-02,1076.9924451484055,1090.1801077420596,1063.8047825547517,1072.5965576171875,12541700,0.0,0.0
2015-01-02,1072.5965308212653,1081.3883056640625,1063.804755978468,1081.3883056640625,3935700,0.0,0.0
2015-01-02,1081.3883041188685,1085.784191533986,1041.8253173828125,1041.8253173828125,14952400,0.0,0.0
2015-01-02,1041.8253173828125,1050.6170922130473,1033.0335425525777,1041.8253173828125,8268100,0.0,0.0
2015-01-02,1041.8253371994217,1059.4088871943486,1015.4500122070312,1015.4500122070312,8539800,0.0,0.0
2015-01-02,1015.4500325520834,1019.8459201388889,945.1158311631945,949.51171875,17649900,0.0,0.0
2015-01-02,953.9075474717882,1006.6581952582466,945.1157728407118,989.0746459960938,16170200,0.0,0.0
2015-01-02,984.6788605011262,989.0747482712205,962.6994216506546,975.8870849609375,5078900,0.0,0.0
2015-01-02,975.8870648945848,980.2829525742901,962.6994018554688,962.6994018554688,5600800,0.0,0.0
2015-01-02,967.0952428069934,1024.2417798819522,967.0952428069934,997.866455078125,9543200,0.0,0.0
2015-01-02,1006.6583444003402,1037.4295601680362,997.8665684667127,1019.8460083007812,10491300,0.0,0.0
2015-01-02,1019.8459201388889,1033.0335828993057,1011.0541449652778,1028.6376953125,8249100,0.0,0.0
2015-01-02,1033.0335622019581,1033.0335622019581,1015.4500122070312,1015.4500122070312,10135800,0.0,0.0
2015-01-02,1024.2417390242867,1046.2211754840353,1011.0540771484375,1011.0540771484375,13477500,0.0,0.0
2015-01-02,1019.8458572048611,1033.0335191514757,971.4910967339409,989.0746459960938,32547700,0.0,0.0
2015-01-02,989.0746459960938,1002.2623079427084,989.0746459960938,989.0746459960938,8792100,0.0,0.0
2015-01-02,993.4706083025251,997.8664959498814,971.4911700657436,984.6788330078125,10617900,0.0,0.0
2015-01-02,984.6788125707013,993.4705876829397,967.0952623462246,971.4911499023438,17564800,0.0,0.0
2015-01-02,980.2829250145821,1015.4500254635358,967.0952623462246,971.4911499023438,33217100,0.0,0.0
2015-01-02,975.8869840494792,997.8664206271701,975.8869840494792,989.0746459960938,14372500,0.0,0.0
2015-01-02,989.0747482712205,993.4706360413148,975.8870849609375,975.8870849609375,11770200,0.0,0.0
2015-01-02,980.2829387318004,984.6788263494318,962.6993882612749,967.0952758789062,26318600,0.0,0.0
2015-01-02,967.0952417216171,975.887016646359,958.303466796875,958.303466796875,15303300,0.0,0.0
2015-01-02,958.3035141757634,971.4911772148795,958.3035141757634,962.6994018554688,21715000,0.0,0.0
2015-01-02,990.3366858936917,994.9429030373832,958.0931658878504,985.73046875,27459100,50.0,0.0
2015-01-02,990.3367020154783,1004.1553536715082,981.124267578125,981.124267578125,11699100,0.0,0.0
2015-01-02,981.1242357830669,994.9428869912791,958.0931504360466,990.336669921875,20085100,0.0,0.0
2015-01-02,981.1242837006191,1004.1553701724646,967.3056318175118,976.51806640625,15067200,0.0,0.0
2015-01-02,967.3056353055514,967.3056353055514,935.0621141286997,958.0932006835938,17838000,0.0,0.0
2015-01-02,958.0931846217105,971.9118363229852,944.2745329204358,962.6994018554688,7285100,0.0,0.0
2015-01-02,967.3055845748547,990.336669921875,962.6993675054506,990.336669921875,14048300,0.0,0.0
2015-01-02,990.3366803693342,1022.5802001953125,990.3366803693342,1022.5802001953125,21821900,0.0,0.0
2015-01-02,1022.5802193215366,1031.7926537298388,976.5180472800259,999.5491333007812,22448300,0.0,0.0
2015-01-02,1004.1553701724646,1008.7615874668337,967.3056318175118,976.51806640625,10385400,0.0,0.0
2015-01-02,976.51806640625,981.1242837006191,967.3056318175118,976.51806640625,11458000,0.0,0.0
2015-01-02,976.5180503594484,990.3367020154783,971.9118331407717,981.124267578125,8980500,0.0,0.0
2015-01-02,994.9429606866399,1013.3678303289851,985.7305258654673,1004.1553955078125,19320200,0.0,0.0
2015-01-02,1008.7615488413218,1027.1864173133094,999.549114605328,1022.5802001953125,15423700,0.0,0.0
2015-01-02,1027.186452273105,1087.06727684508,1027.186452273105,1082.4610595703125,57355300,0.0,0.0
2015-01-02,1087.067185823498,1096.2796196016632,1064.0361013780848,1073.24853515625,20246900,0.0,0.0
2015-01-02,1077.8548422955453,1096.2797113946144,1059.429973196476,1082.4610595703125,16570400,0.0,0.0
2015-01-02,1082.4610757420205,1096.2797277727698,1068.6424237112712,1077.8548583984375,11518500,0.0,0.0
2015-01-02,1096.2797047807355,1133.1294427565585,1087.0672702867798,1119.310791015625,48227600,0.0,0.0
2015-01-02,1119.3107484448858,1123.9169655166754,1091.6734460141479,1096.2796630859375,32349400,0.0,0.0
2015-01-02,1096.2797205901343,1119.310807157154,1087.0672859633264,1114.70458984375,20173300,0.0,0.0
2015-01-02,1119.310847849981,1146.9481527351656,1105.4921954073886,1137.7357177734375,25267900,0.0,0.0
2015-01-02,1137.735591394761,1183.7977610868566,1137.735591394761,1174.5853271484375,45530700,0.0,0.0
2015-01-02,1174.585358992867,1179.1915760869565,1146.9480564283288,1165.3729248046875,17225000,0.0,0.0
2015-01-02,1165.372936136109,1165.372936136109,1091.6734619140625,1091.6734619140625,24525500,0.0,0.0
2015-01-02,1091.673430247287,1105.4920812630753,1059.4299112104472,1100.8858642578125,26536700,0.0,0.0
2015-01-02,1110.098346774861,1119.3107811879304,1082.4610435356528,1087.0672607421875,14754900,0.0,0.0
2015-01-02,1087.06727684508,1100.8859286693817,1077.8548422955453,1082.4610595703125,8768500,0.0,0.0
2015-01-02,1087.0672859633264,1128.5232417839618,1087.0672859633264,1114.70458984375,19769100,0.0,0.0
2015-01-02,1119.3108234326373,1133.129475573781,1105.4921712914938,1110.098388671875,11765300,0.0,0.0
2015-01-02,1110.098340644211,1133.1294265496927,1110.098340644211,1123.9169921875,8745300,0.0,0.0
2015-01-02,1123.9170019142182,1156.1605224609375,1123.9170019142182,1156.1605224609375,12296900,0.0,0.0
2015-01-02,1156.1604960538903,1156.1604960538903,1119.31075912787,1128.523193359375,14246600,0.0,0.0
2015-01-02,1128.523193359375,1137.73562759088,1119.31075912787,1128.523193359375,6250500,0.0,0.0
2015-01-02,1133.129363029234,1142.341796875,1123.9169291834678,1142.341796875,3979700,0.0,0.0
2015-01-02,1142.341796875,1151.554230720766,1133.129363029234,1142.341796875,9569600,0.0,0.0
2015-01-02,1142.3419352543017,1142.3419352543017,1128.5232828117091,1137.7357177734375,5238100,0.0,0.0
2015-01-02,1137.73562759088,1137.73562759088,1119.31075912787,1128.523193359375,4555700,0.0,0.0
2015-01-02,1123.9171045696924,1160.766845703125,1119.3108869280134,1160.766845703125,16180700,0.0,0.0
2015-01-02,1160.7667808532715,1179.191650390625,1156.160563468933,1179.191650390625,34258100,0.0,0.0
2015-01-02,1179.1916273584907,1229.8600175965507,1165.3729754753833,1220.6475830078125,35449700,0.0,0.0
2015-01-02,1220.6475407527043,1220.6475407527043,1193.0102379432092,1197.616455078125,9679000,0.0,0.0
2015-01-02,1197.6164496122901,1239.0724036373308,1193.0102324983966,1234.4661865234375,33046500,0.0,0.0
2015-01-02,1234.4661658111463,1275.922119140625,1229.8599487745375,1275.922119140625,35370900,0.0,0.0
2015-01-02,1280.528378317542,1298.9532470703125,1257.497292376579,1298.9532470703125,35190600,0.0,0.0
2015-01-02,1298.9532368607954,1298.9532368607954,1266.709716796875,1266.709716796875,13298900,0.0,0.0
2015-01-02,1271.3159339488636,1280.528368252841,1257.4972824928977,1266.709716796875,9336600,0.0,0.0
2015-01-02,1266.7098225026891,1271.3160400390625,1248.2849523571954,1271.3160400390625,6522200,0.0,0.0
2015-01-02,1271.3159990486624,1285.1346512122348,1248.284912109375,1248.284912109375,9454600,0.0,0.0
2015-01-02,1248.284912109375,1266.709781660805,1239.0724773336601,1248.284912109375,16224500,0.0,0.0
2015-01-02,1248.2848218045713,1266.709690023089,1239.0723876953125,1239.0723876953125,7045200,0.0,0.0
2015-01-02,1239.0724453768887,1262.103531722184,1234.4662281078297,1257.497314453125,5293100,0.0,0.0
2015-01-02,1257.4972824928977,1266.709716796875,1248.2848481889205,1266.709716796875,6188300,0.0,0.0
2015-01-02,1266.7098225026891,1285.1346926481826,1262.1036049663157,1271.3160400390625,9849400,0.0,0.0
2015-01-02,1271.3159500456204,1280.5283844662408,1229.8599951528286,1262.103515625,9096500,0.0,0.0
2015-01-02,1257.49733060949,1257.49733060949,1243.6786786247703,1252.89111328125,3263500,0.0,0.0
2015-01-02,1243.6787025828778,1248.2849199998514,1169.9792239112999,1211.4351806640625,36363600,0.0,0.0
2015-01-02,1197.616455078125,1216.0413236177885,1197.616455078125,1197.616455078125,11309200,0.0,0.0
2015-01-02,1197.616471102799,1211.4351226924468,1193.01025390625,1193.01025390625,18679000,0.0,0.0
2015-01-02,1174.5853271484375,1197.6164119944854,1165.3728932100184,1174.5853271484375,20282800,0.0,0.0
2015-01-02,1174.5854986281622,1188.4041515531994,1156.160628061446,1160.766845703125,8728800,0.0,0.0
2015-01-02,1160.7667808532715,1179.191650390625,1142.341911315918,1179.191650390625,10966600,0.0,0.0
2015-01-02,1183.7978136155489,1229.8599853515625,1183.7978136155489,1229.8599853515625,26336100,0.0,0.0
2015-01-02,1229.8600757028173,1239.0725107268086,1165.3730305348793,1169.979248046875,43755900,0.0,0.0
2015-01-02,1160.7666645665322,1183.7977491809477,1128.5231461063509,1142.341796875,23977000,0.0,0.0
2015-01-02,1142.341765625,1160.7666328125001,1137.735548828125,1151.55419921875,12971200,0.0,0.0
2015-01-02,1151.5543374670558,1165.3729895166605,1142.3419027673192,1146.9481201171875,3639500,0.0,0.0
2015-01-02,1146.9481201171875,1160.7667721667922,1142.3419027673192,1146.9481201171875,6751500,0.0,0.0
2015-01-02,1146.9480819407577,1206.8289054958977,1128.5232131545608,1193.01025390625,16379900,0.0,0.0
2015-01-02,1193.0102574703467,1275.9221672559306,1193.0102574703467,1262.103515625,43206000,0.0,0.0
2015-01-02,1266.7097063206913,1266.7097063206913,1234.4661865234375,1234.4661865234375,9329700,0.0,0.0
2015-01-02,1229.8599951528286,1262.103515625,1229.8599951528286,1262.103515625,9604000,0.0,0.0
2015-01-02,1262.1036049663157,1271.3160400390625,1234.4662997480752,1271.3160400390625,7143700,0.0,0.0
2015-01-02,1271.3159825942096,1271.3159825942096,1234.4662439682904,1252.89111328125,20999500,0.0,0.0
2015-01-02,1252.8910812043796,1262.103515625,1239.072429573449,1262.103515625,8896400,0.0,0.0
2015-01-02,1262.103489206798,1266.7097063206913,1225.2537522956507,1234.4661865234375,6707200,0.0,0.0
2015-01-02,1234.4662348909198,1243.678669479658,1202.222713830336,1220.6475830078125,4742300,0.0,0.0
2015-01-02,1220.647648486141,1225.2538660275982,1197.6165607788553,1202.2227783203125,9285600,0.0,0.0
2015-01-02,1202.2227783203125,1211.4352134032267,1197.6165607788553,1202.2227783203125,4032200,0.0,0.0
2015-01-02,1174.585338330451,1220.6475084610568,1174.585338330451,1206.828857421875,3794900,0.0,0.0
2015-01-02,1206.8289311247052,1220.6475830078125,1197.616496535967,1220.6475830078125,4980400,0.0,0.0
2015-01-02,1220.647519476795,1243.678604749942,1211.435085367536,1239.0723876953125,6507100,0.0,0.0
2015-01-02,1239.0724851659043,1252.8911374168251,1211.4351806640625,1211.4351806640625,8834400,0.0,0.0
2015-01-02,1211.4351064828727,1225.2537578876202,1188.4040208082934,1197.616455078125,12562600,0.0,0.0
2015-01-02,1197.6164872516958,1211.4351390276768,1188.404052734375,1188.404052734375,9374100,0.0,0.0
2015-01-02,1188.4040208082934,1211.4351064828727,1188.4040208082934,1197.616455078125,3907300,0.0,0.0
2015-01-02,1216.0414574032739,1216.0414574032739,1151.5544104197668,1160.766845703125,11031100,0.0,0.0
2015-01-02,1183.7978925820787,1183.7978925820787,1137.7357177734375,1137.7357177734375,14970400,0.0,0.0
2015-01-02,1142.3419027673192,1160.7667721667922,1133.1294680675828,1146.9481201171875,6824200,0.0,0.0
2015-01-02,1146.9480780929816,1160.7667296362706,1110.098340644211,1123.9169921875,13812000,0.0,0.0
2015-01-02,1123.9170653308452,1137.7357177734375,1105.4921954073886,1137.7357177734375,9487600,0.0,0.0
2015-01-02,1137.7357574947296,1165.373063344804,1128.5233222113716,1160.766845703125,9068900,0.0,0.0
2015-01-02,1174.585283203125,1174.585283203125,1146.947982421875,1151.55419921875,8526300,0.0,0.0
2015-01-02,1151.554230720766,1165.3728814894152,1123.9169291834678,1142.341796875,6160700,0.0,0.0
2015-01-02,1142.3418772505145,1160.7667462384259,1119.310791015625,1119.310791015625,7900100,0.0,0.0
2015-01-02,1123.9170408130187,1133.129475573781,1110.098388671875,1110.098388671875,5410100,0.0,0.0
2015-01-02,1110.098346774861,1119.3107811879304,1082.4610435356528,1087.0672607421875,9603900,0.0,0.0
2015-01-02,1087.06727684508,1105.492145944149,1073.248625020778,1082.4610595703125,7684700,0.0,0.0
2015-01-02,1073.2486410548545,1105.4921624599358,1073.2486410548545,1077.8548583984375,7911300,0.0,0.0
2015-01-02,1077.8548263291182,1091.6734779487222,1073.2486091225835,1087.0672607421875,4400700,0.0,0.0
2015-01-02,1091.6734719198257,1137.735643730789,1087.0672547387296,1123.9169921875,11412700,0.0,0.0
2015-01-02,1123.9168984375,1156.160416015625,1114.70446484375,1151.55419921875,12920100,0.0,0.0
2015-01-02,1151.5542934003392,1252.8910712195693,1142.3418590531367,1229.8599853515625,44180400,0.0,0.0
2015-01-02,1229.8599914786437,1248.2848602648407,1193.01025390625,1193.01025390625,18412200,0.0,0.0
2015-01-02,1197.6163800310067,1211.435030569826,1174.5852957996412,1183.7977294921875,16438000,0.0,0.0
2015-01-02,1197.616455078125,1206.8288893479566,1183.7978036733773,1197.616455078125,4993100,0.0,0.0
2015-01-02,1197.616512414181,1229.860033902255,1197.616512414181,1216.0413818359375,29833300,0.0,0.0
2015-01-02,1216.041398081036,1225.2538329149834,1188.4040935791943,1211.4351806640625,15310100,0.0,0.0
2015-01-02,1234.4662599458027,1252.8911294972324,1206.8289556186578,1248.284912109375,31765900,0.0,0.0
2015-01-02,1248.284912109375,1285.1346512122348,1239.0724773336601,1248.284912109375,20842400,0.0,0.0
2015-01-02,1252.8910275524809,1252.8910275524809,1202.2226404088144,1206.828857421875,8514100,0.0,0.0
2015-01-02,1216.0413657134434,1234.4662348909198,1206.8289311247052,1220.6475830078125,5282400,0.0,0.0
2015-01-02,1229.8600835690554,1234.4663011105124,1202.2227783203125,1202.2227783203125,5285900,0.0,0.0
2015-01-02,1202.222770630844,1211.435205654835,1169.979248046875,1169.979248046875,10490700,0.0,0.0
2015-01-02,1169.9790789533681,1197.6163800310067,1156.1604284145487,1183.7977294921875,8070900,0.0,0.0
2015-01-02,1179.191683070866,1197.6165531188483,1156.1605955108882,1169.979248046875,4969300,0.0,0.0
2015-01-02,1169.97906640625,1179.1915,1133.12933203125,1151.55419921875,11785600,0.0,0.0
2015-01-02,1151.5543460845947,1179.191650390625,1133.1294765472412,1179.191650390625,6442200,0.0,0.0
2015-01-02,1179.1915983606557,1179.1915983606557,1119.3107750064037,1123.9169921875,9567900,0.0,0.0
2015-01-02,1123.9169921875,1137.735643730789,1100.8859062820184,1123.9169921875,6221300,0.0,0.0
2015-01-02,1123.9169492841265,1133.1293832946521,1082.4609962367613,1100.8858642578125,7988100,0.0,0.0
2015-01-02,1100.8858906648597,1137.73562759088,1091.6734564333547,1128.523193359375,4940200,0.0,0.0
2015-01-02,1133.129363029234,1169.9790984122983,1133.129363029234,1142.341796875,13837400,0.0,0.0
2015-01-02,1146.9480944974923,1156.160528991448,1114.7045737686472,1119.310791015625,7131100,0.0,0.0
2015-01-02,1119.31075912787,1165.3729302853953,1114.7045420121174,1128.523193359375,15960000,0.0,0.0
2015-01-02,1133.1294427565585,1137.7356600035364,1087.0672702867798,1119.310791015625,5729400,0.0,0.0
2015-01-02,1119.31075912787,1128.523193359375,1091.6734564333547,1128.523193359375,10092900,0.0,0.0
2015-01-02,1142.341867220604,1183.7978220794162,1087.0672607421875,1087.0672607421875,24411400,0.0,0.0
2015-01-02,1091.67353515625,1137.7357096354167,1091.67353515625,1105.4921875,25625700,0.0,0.0
2015-01-02,1114.7045737686472,1156.160528991448,1114.7045737686472,1119.310791015625,11407100,0.0,0.0
2015-01-02,1142.3419027673192,1151.5543374670558,1119.3108160179781,1146.9481201171875,6174400,0.0,0.0
2015-01-02,1128.5232093685963,1151.554295274078,1119.3107750064037,1123.9169921875,5741000,0.0,0.0
2015-01-02,1128.5232581934,1133.129475573781,1105.4921712914938,1110.098388671875,10050700,0.0,0.0
2015-01-02,1114.70458984375,1128.5232417839618,1105.4921552169421,1114.70458984375,10366500,0.0,0.0
2015-01-02,1114.7046060522562,1119.3108234326373,1100.8859539111124,1110.098388671875,4483800,0.0,0.0
2015-01-02,1110.098298268338,1123.9169492841265,1100.8858642578125,1100.8858642578125,9000000,0.0,0.0
2015-01-02,1100.8859220277134,1146.9480944974923,1100.8859220277134,1119.310791015625,17298000,0.0,0.0
2015-01-02,1119.310807157154,1142.3418937241736,1110.098372530346,1114.70458984375,12544600,0.0,0.0
2015-01-02,1114.7046060522562,1123.9170408130187,1100.8859539111124,1110.098388671875,9776900,0.0,0.0
2015-01-02,1105.4921552169421,1119.310807157154,1100.8859379035382,1114.70458984375,5689800,0.0,0.0
2015-01-02,1114.704515273601,1133.1293832946521,1096.2796472525497,1100.8858642578125,13750200,0.0,0.0
2015-01-02,1100.8858961918183,1110.0983304695742,1087.0672447751847,1091.6734619140625,13482600,0.0,0.0
2015-01-02,1091.6734875337577,1119.310791015625,1087.0672702867798,1119.310791015625,11961300,0.0,0.0
2015-01-02,1119.3107122605848,1156.1604476436491,1114.7044953377017,1142.341796875,17611200,0.0,0.0
2015-01-02,1142.3419103345436,1146.9481277149248,1100.8859539111124,1110.098388671875,9029700,0.0,0.0
2015-01-02,1100.8859379035382,1133.1294590973657,1100.8859379035382,1114.70458984375,6202200,0.0,0.0
2015-01-02,1114.704547608452,1128.5231990250857,1087.0672447751847,1091.6734619140625,33767700,0.0,0.0
2015-01-02,1091.6734941198472,1100.8859286693817,1077.8548422955453,1082.4610595703125,26061600,0.0,0.0
2015-01-02,1087.06727684508,1096.2797113946144,1041.005104097407,1082.4610595703125,43220500,0.0,0.0
2015-01-02,1082.4610276363067,1100.8858961918183,1064.0361590807952,1091.6734619140625,20590700,0.0,0.0
2015-01-02,1091.673430247287,1119.3107322788637,1091.673430247287,1100.8858642578125,15307700,0.0,0.0
2015-01-02,1123.9170244705579,1123.9170244705579,1091.6735032767303,1114.70458984375,11936400,0.0,0.0
2015-01-02,1114.7045420121174,1137.73562759088,1110.0983248963648,1128.523193359375,19040700,0.0,0.0
2015-01-02,1128.5232093685963,1133.1294265496927,1110.098340644211,1123.9169921875,8774200,0.0,0.0
2015-01-02,1123.9170244705579,1128.5232417839618,1100.8859379035382,1114.70458984375,4664700,0.0,0.0
2015-01-02,1114.704547608452,1119.31076474733,1082.4610276363067,1091.6734619140625,12306400,0.0,0.0
2015-01-02,1091.673430247287,1105.4920812630753,1087.067213242024,1100.8858642578125,5278100,0.0,0.0
2015-01-02,1100.8859700520834,1110.0984049479166,1091.67353515625,1105.4921875,6635700,0.0,0.0
2015-01-02,1105.4921712914938,1123.9170408130187,1100.8859539111124,1110.098388671875,9019900,0.0,0.0
2015-01-02,1110.0983143013063,1123.9169655166754,1096.2796630859375,1096.2796630859375,5609600,0.0,0.0
2015-01-02,1096.2796630859375,1110.0983143013063,1096.2796630859375,1096.2796630859375,2319400,0.0,0.0
2015-01-02,1096.2796472525497,1105.4920812630753,1096.2796472525497,1100.8858642578125,1941100,0.0,0.0
2015-01-02,1100.8858801577271,1105.4920972295167,1096.2796630859375,1096.2796630859375,2084100,0.0,0.0
2015-01-02,1100.8858801577271,1100.8858801577271,1087.0672289423583,1096.2796630859375,3035800,0.0,0.0
2015-01-02,1096.2796472525497,1100.8858642578125,1091.673430247287,1100.8858642578125,2353400,0.0,0.0
2015-01-02,1110.0983143013063,1114.7045313730962,1091.6734460141479,1096.2796630859375,5120200,0.0,0.0
2015-01-02,1096.2796951552568,1096.2796951552568,1082.4610435356528,1087.0672607421875,9560900,0.0,0.0
2015-01-02,1087.0672607421875,1091.6734779487222,1077.8548263291182,1087.0672607421875,6700300,0.0,0.0
2015-01-02,1087.0672930856035,1096.2797277727698,1073.2486410548545,1077.8548583984375,7949700,0.0,0.0
2015-01-02,1082.4611085036704,1087.0673259866649,1068.6424560546875,1068.6424560546875,7695000,0.0,0.0
2015-01-02,1073.2485227331651,1077.8547395689297,1041.0050048828125,1041.0050048828125,26923300,0.0,0.0
2015-01-02,1045.611328125,1064.0361973430618,1041.0051108204846,1045.611328125,19685500,0.0,0.0
2015-01-02,1050.217529296875,1064.0361809981496,1045.6113120631167,1050.217529296875,16951400,0.0,0.0
2015-01-02,1054.8237955729167,1059.4300130208333,1027.1864908854168,1036.39892578125,10893800,0.0,0.0
2015-01-02,1031.7926025390625,1050.2174704415459,1027.1863855634417,1031.7926025390625,7543300,0.0,0.0
2015-01-02,1031.7926344313062,1045.611285785297,1017.9739830773156,1022.5802001953125,13093700,0.0,0.0
2015-01-02,1022.5802323774858,1031.792666903409,1004.1553633256392,1013.3677978515625,18043800,0.0,0.0
2015-01-02,1013.3678706558296,1036.3989586252803,1013.3678706558296,1027.1865234375,14083500,0.0,0.0
2015-01-02,1022.5801375397539,1050.217438554342,1022.5801375397539,1041.0050048828125,7163600,0.0,0.0
2015-01-02,1045.611253465925,1050.2174704415459,1017.9739516122,1031.7926025390625,9395400,0.0,0.0
2015-01-02,1031.7926344313062,1041.0050686673,1017.9739830773156,1022.5802001953125,9103300,0.0,0.0
2015-01-02,1022.5802734375001,1041.0051432291666,1017.9740559895833,1036.39892578125,7269400,0.0,0.0
2015-01-02,1041.0050550486944,1041.0050550486944,1008.7615356445312,1008.7615356445312,8465400,0.0,0.0
2015-01-02,1013.3678634078414,1013.3678634078414,976.5181229202835,994.9429931640625,13948400,0.0,0.0
2015-01-02,994.9429192341549,999.5491364528316,971.9118331407717,981.124267578125,7349100,0.0,0.0
2015-01-02,985.730558042173,999.5492107250072,976.5181229202835,994.9429931640625,6209600,0.0,0.0
2015-01-02,994.9428869912791,999.5491040606831,976.5180187136629,990.336669921875,3113500,0.0,0.0
2015-01-02,990.3367020154783,999.5491364528316,971.9118331407717,981.124267578125,3904700,0.0,0.0
2015-01-02,985.7305009949882,990.3367182893573,971.9118491118809,976.51806640625,5415100,0.0,0.0
2015-01-02,976.51806640625,990.3367182893573,976.51806640625,976.51806640625,6662300,0.0,0.0
2015-01-02,981.124267578125,990.3367020154783,976.5180503594484,981.124267578125,3490100,0.0,0.0
2015-01-02,985.7304942737926,1017.9740151145241,976.5180597478693,1013.3677978515625,15659800,0.0,0.0
2015-01-02,1050.2174704415459,1050.2174704415459,1013.3677346365793,1031.7926025390625,16373600,0.0,0.0
2015-01-02,1031.7925712112833,1045.611221718577,1017.9739207039893,1041.0050048828125,5361400,0.0,0.0
2015-01-02,1045.6113522030892,1050.2175696136753,1004.1553955078125,1004.1553955078125,11261000,0.0,0.0
2015-01-02,1004.1553505049324,1013.3677849132345,985.730481688328,999.5491333007812,10122400,0.0,0.0
2015-01-02,999.5491040606831,1013.3677552688954,990.336669921875,990.336669921875,9289000,0.0,0.0
2015-01-02,990.3366674135809,1027.1864038754816,990.3366674135809,1008.7615356445312,20366200,0.0,0.0
2015-01-02,1013.3678634078414,1017.9740809687861,994.9429931640625,994.9429931640625,12974200,0.0,0.0
2015-01-02,999.5492107250072,1008.7616458468967,990.3367756031178,994.9429931640625,4613400,0.0,0.0
2015-01-02,994.9429606866399,1013.3678303289851,994.9429606866399,1004.1553955078125,5391700,0.0,0.0
2015-01-02,1004.1553505049324,1008.7615677090834,994.9429160966301,999.5491333007812,8725900,0.0,0.0
2015-01-02,999.5491460626776,1017.9740151145241,994.9429287997159,1013.3677978515625,8154500,0.0,0.0
2015-01-02,1017.9740600585938,1017.9740600585938,1008.7616251259367,1017.9740600585938,6033000,0.0,0.0
2015-01-02,1027.1864119819973,1068.6423658288045,1017.973977793818,1059.429931640625,48994100,0.0,0.0
2015-01-02,1059.4300210886988,1077.8548910206762,1050.2175861227101,1068.6424560546875,30335700,0.0,0.0
2015-01-02,1068.6424560546875,1077.8548910206762,1054.8238036057044,1068.6424560546875,13445300,0.0,0.0
2015-01-02,1073.248582922894,1077.8548000169837,1050.2174974524457,1059.429931640625,18672700,0.0,0.0
2015-01-02,1059.4299890241052,1091.6735104291868,1041.005119649773,1077.8548583984375,41510900,0.0,0.0
2015-01-02,1082.4610118705684,1105.4920972295167,1059.4299265116204,1096.2796630859375,25551600,0.0,0.0
2015-01-02,1105.4920533798283,1105.4920533798283,1059.4298844890022,1073.24853515625,17527900,0.0,0.0
2015-01-02,1073.2485668628246,1082.4610009131493,1050.217481737013,1064.0361328125,12616500,0.0,0.0
2015-01-02,1059.4300130208333,1114.7046223958334,1059.4300130208333,1105.4921875,53793000,0.0,0.0
2015-01-02,1105.4921392746915,1151.5543117444702,1082.461053039802,1119.310791015625,57454300,0.0,0.0
2015-01-02,1119.31083984375,1133.1294921875,1096.2797526041668,1105.4921875,18980700,0.0,0.0
2015-01-02,1110.0984049479166,1119.31083984375,1105.4921875,1105.4921875,8748600,0.0,0.0
2015-01-02,1123.9170572916667,1123.9170572916667,1105.4921875,1105.4921875,22876500,0.0,0.0
2015-01-02,1110.0984049479166,1119.31083984375,1096.2797526041668,1105.4921875,9846300,0.0,0.0
2015-01-02,1105.4921330303785,1156.1605224609375,1105.4921330303785,1156.1605224609375,38949900,0.0,0.0
2015-01-02,1156.1605124551743,1156.1605124551743,1110.098340644211,1123.9169921875,23080500,0.0,0.0
2015-01-02,1133.12939453125,1146.9480456840702,1123.91696042937,1133.12939453125,18496400,0.0,0.0
2015-01-02,1146.9481277149248,1146.9481277149248,1110.098388671875,1110.098388671875,7804600,0.0,0.0
2015-01-02,1119.3107484448858,1119.3107484448858,1073.2485777269892,1096.2796630859375,27657900,0.0,0.0
2015-01-02,1096.2796196016632,1096.2796196016632,1059.4298844890022,1073.24853515625,17317200,0.0,0.0
2015-01-02,1073.2486735376817,1077.8548910206762,1059.4300210886988,1068.6424560546875,12290000,0.0,0.0
2015-01-02,1068.6423606551996,1096.2796630859375,1064.03614358341,1096.2796630859375,11975600,0.0,0.0
2015-01-02,1096.2796790529405,1100.8858961918183,1054.8237248030393,1091.6734619140625,13823400,0.0,0.0
2015-01-02,1073.2486340231146,1119.310807157154,1073.2486340231146,1114.70458984375,21941100,0.0,0.0
2015-01-02,1119.31083984375,1133.1294921875,1091.67353515625,1105.4921875,11123800,0.0,0.0
2015-01-02,1105.4921639683735,1151.5543374670558,1096.279729268637,1146.9481201171875,33566100,0.0,0.0
2015-01-02,1146.9480456840702,1169.9791309387704,1119.3107433784298,1133.12939453125,12044800,0.0,0.0
2015-01-02,1133.129475573781,1133.129475573781,1077.8548670092064,1110.098388671875,17116000,0.0,0.0
2015-01-02,1110.098270268911,1110.098270268911,1059.4298844890022,1073.24853515625,21697400,0.0,0.0
2015-01-02,1077.8548000169837,1077.8548000169837,1059.429931640625,1059.429931640625,6953200,0.0,0.0
2015-01-02,1054.8237627340309,1073.2486319520926,1027.1864589069385,1045.611328125,16186100,0.0,0.0
2015-01-02,1045.611318692294,1045.611318692294,1004.1553633256392,1013.3677978515625,9139400,0.0,0.0
2015-01-02,1013.3677978515625,1041.0051014293324,1008.7615805886009,1013.3677978515625,9820400,0.0,0.0
2015-01-02,1027.1864173133094,1031.7926344313062,1004.1553317233248,1022.5802001953125,6632900,0.0,0.0
2015-01-02,1022.5802103234171,1064.036164795988,990.336690178084,1054.82373046875,11078800,0.0,0.0
2015-01-02,1059.4300044348481,1064.0362218454343,999.5491780972262,1004.1553955078125,6092400,0.0,0.0
2015-01-02,1004.1554036458333,1036.39892578125,994.94296875,1036.39892578125,7196800,0.0,0.0
2015-01-02,1031.7926446506551,1064.036164795988,1017.973993159798,1054.82373046875,11572100,0.0,0.0
2015-01-02,1077.8548910206762,1091.673543469659,1045.6113686397157,1068.6424560546875,27341700,0.0,0.0
2015-01-02,1087.0672702867798,1133.1294427565585,1077.8548357928241,1119.310791015625,37220000,0.0,0.0
2015-01-02,1142.3418083639706,1225.2537138097427,1123.9169404871325,1174.5853271484375,65719400,0.0,0.0
2015-01-02,1174.5853851200532,1206.8289054958977,1165.3729507269545,1193.01025390625,22213800,0.0,0.0
2015-01-02,1193.0101631847338,1202.2225968772798,1174.5852957996412,1183.7977294921875,17455500,0.0,0.0
2015-01-02,1188.4040619472287,1234.4662348909198,1188.4040619472287,1220.6475830078125,30328200,0.0,0.0
2015-01-02,1216.0413435218977,1275.9221672559306,1202.222691890967,1262.103515625,37688000,0.0,0.0
2015-01-02,1266.7097328353102,1285.134601676551,1243.6786467837592,1262.103515625,32980900,0.0,0.0
2015-01-02,1262.1034181382922,1340.4091046651206,1262.1034181382922,1326.5904541015625,65385900,0.0,0.0
2015-01-02,1326.5906330265411,1358.8341553570472,1321.9844155507544,1345.0155029296875,31029600,0.0,0.0
2015-01-02,1345.0155029296875,1354.2279378812607,1298.9533281718216,1345.0155029296875,43696300,0.0,0.0
2015-01-02,1345.0153860172754,1345.0153860172754,1303.5594323386608,1308.1656494140625,12813800,0.0,0.0
2015-01-02,1308.1657229965158,1335.8030270034844,1289.7408536585367,1321.984375,17537700,0.0,0.0
2015-01-02,1321.9842568674396,1326.5904737903227,1252.8910030241937,1285.134521484375,15846100,0.0,0.0
2015-01-02,1285.1345854048295,1321.9843226207386,1266.709716796875,1266.709716796875,10878500,0.0,0.0
2015-01-02,1266.7097582135882,1294.3470620291573,1234.466237095424,1289.7408447265625,15273200,0.0,0.0
2015-01-02,1289.7408854166667,1312.77197265625,1248.2849283854166,1312.77197265625,23253800,0.0,0.0
2015-01-02,1317.3781221487227,1331.1967737796533,1262.103515625,1262.103515625,43799000,0.0,0.0
2015-01-02,1266.709748991243,1294.3470526055976,1257.497314453125,1257.497314453125,23688000,0.0,0.0
2015-01-02,1257.4972199470767,1298.9531722530241,1248.2847861013106,1285.134521484375,24685500,0.0,0.0
2015-01-02,1285.1346180674793,1285.1346180674793,1252.891097184066,1257.497314453125,9763900,0.0,0.0
2015-01-02,1257.4972883931705,1257.4972883931705,1220.6475510043597,1229.8599853515625,13406800,0.0,0.0
2015-01-02,1229.8600266400506,1262.10354793773,1216.0413746553309,1252.89111328125,18439500,0.0,0.0
2015-01-02,1252.891097184066,1280.5284007984203,1248.2848799150067,1257.497314453125,12394500,0.0,0.0
2015-01-02,1257.4972883931705,1271.3159399139747,1225.253768177961,1229.8599853515625,6675100,0.0,0.0
2015-01-02,1229.8600014134456,1243.6786531147204,1188.4040463096217,1225.2537841796875,14667600,0.0,0.0
2015-01-02,1225.2537841796875,1243.6786531147204,1211.4351324784127,1225.2537841796875,4968100,0.0,0.0
2015-01-02,1225.253790803658,1225.253790803658,1174.5854009583938,1188.404052734375,11219800,0.0,0.0
2015-01-02,1188.4039954450586,1289.7407702504513,1183.7977784084499,1275.922119140625,32836600,0.0,0.0
2015-01-02,1275.922087638609,1312.7718230216735,1266.7096537928428,1285.134521484375,27854000,0.0,0.0
2015-01-02,1298.953256785251,1331.19677734375,1285.1346051173225,1331.19677734375,25736000,0.0,0.0
2015-01-02,1331.1967454628436,1372.6526994737972,1312.771877013531,1340.4091796875,24281300,0.0,0.0
2015-01-02,1345.0154947916667,1358.8341471354167,1298.9533203125,1312.77197265625,11617300,0.0,0.0
2015-01-02,1312.7718926791486,1358.8340643521012,1308.1656755118534,1335.802978515625,13105800,0.0,0.0
2015-01-02,1340.4091956829202,1354.227847184806,1331.1967613483296,1335.802978515625,13681800,0.0,0.0
2015-01-02,1335.8030598958333,1345.0154947916667,1312.77197265625,1312.77197265625,12308700,0.0,0.0
2015-01-02,1317.3780630066126,1349.62158203125,1308.1656289995735,1349.62158203125,12784700,0.0,0.0
2015-01-02,1354.227847184806,1377.2589330212822,1335.802978515625,1335.802978515625,15322000,0.0,0.0
2015-01-02,1340.409237205376,1358.8341064453125,1331.1968025854078,1358.8341064453125,12257900,0.0,0.0
2015-01-02,1358.8340778839893,1446.3522049341445,1358.8340778839893,1437.1397705078125,49738800,0.0,0.0
2015-01-02,1460.170796976461,1460.170796976461,1414.1086267248377,1418.71484375,15754300,0.0,0.0
2015-01-02,1427.9273520711918,1437.1397866006832,1414.1087002769546,1432.5335693359375,12474900,0.0,0.0
2015-01-02,1432.53350578187,1460.1708081442212,1423.3210716610863,1450.9583740234375,24253300,0.0,0.0
2015-01-02,1450.9584383949207,1460.1708729244122,1427.9273520711918,1432.5335693359375,9446500,0.0,0.0
2015-01-02,1432.5334856951679,1492.414306640625,1427.9272686993634,1492.414306640625,41490300,0.0,0.0
2015-01-02,1492.414444961784,1497.0206623845056,1478.5957926936194,1487.8082275390625,11775900,0.0,0.0
2015-01-02,1492.414348938545,1515.4454345703125,1487.8081318121913,1515.4454345703125,19885800,0.0,0.0
2015-01-02,1515.4454345703125,1520.051651696666,1497.0205660648983,1515.4454345703125,8685300,0.0,0.0
2015-01-02,1515.4454447428384,1547.68896484375,1483.201924641927,1547.68896484375,24630900,0.0,0.0
2015-01-02,1552.295239616843,1575.3263262580424,1529.2641529756434,1566.1138916015625,28576500,0.0,0.0
2015-01-02,1566.1138173451411,1566.1138173451411,1520.0516462467544,1552.295166015625,15103900,0.0,0.0
2015-01-02,1552.2952718339727,1570.7201415293316,1529.2641847147745,1556.9014892578125,12024400,0.0,0.0
2015-01-02,1556.9013513435657,1561.507568359375,1543.0827002961375,1561.507568359375,7980100,0.0,0.0
2015-01-02,1561.5077066816523,1561.5077066816523,1529.2641847147745,1556.9014892578125,10554900,0.0,0.0
2015-01-02,1556.9014569450828,1612.1760648839615,1524.6579356474035,1566.1138916015625,31188800,0.0,0.0
2015-01-02,1566.1138496968285,1579.9325013118005,1543.082763671875,1543.082763671875,7325900,0.0,0.0
2015-01-02,1547.689029555723,1579.9325510048004,1520.0517254565136,1529.26416015625,22421900,0.0,0.0
2015-01-02,1529.264052353896,1533.8702693790583,1386.4713245738635,1418.71484375,83812600,0.0,0.0
2015-01-02,1409.5024555485422,1515.4454505734327,1404.896238373547,1510.8392333984375,52891400,0.0,0.0
2015-01-02,1520.051782911069,1533.870435482988,1446.352302527502,1478.5958251953125,56336900,0.0,0.0
2015-01-02,1460.1708503723144,1492.414370727539,1437.1397644042968,1473.989501953125,22751600,0.0,0.0
2015-01-02,1473.9894918130992,1492.414360460763,1423.3211030320238,1441.7459716796875,40926800,0.0,0.0
2015-01-02,1427.927299167799,1483.201904296875,1427.927299167799,1483.201904296875,27631800,0.0,0.0
2015-01-02,1487.808116196141,1547.6889382102272,1483.2018991181344,1520.0516357421875,30452500,0.0,0.0
2015-01-02,1515.4454028541588,1547.6889220638218,1510.839185824207,1524.6578369140625,16382500,0.0,0.0
2015-01-02,1533.8703421948471,1538.4765594386756,1460.1708662935932,1469.38330078125,35175700,0.0,0.0
2015-01-02,1473.9894386574074,1524.6578256112557,1469.3832216616029,1492.414306640625,38949700,0.0,0.0
2015-01-02,1492.4142950882297,1501.6267290085273,1450.95834244689,1460.1707763671875,39065100,0.0,0.0
2015-01-02,1469.3832102874853,1478.595644207783,1446.352125486741,1460.1707763671875,19308000,0.0,0.0
2015-01-02,1460.1708662935932,1492.4143870003918,1450.9584318059365,1469.38330078125,26047500,0.0,0.0
2015-01-02,1469.3832847595215,1483.201936340332,1460.1708503723144,1473.989501953125,12932400,0.0,0.0
2015-01-02,1473.9895341981132,1487.8081860812206,1455.5646650206368,1464.777099609375,20222200,0.0,0.0
2015-01-02,1464.777099609375,1497.0206206699588,1464.777099609375,1464.777099609375,22156500,0.0,0.0
2015-01-02,1464.7771649208798,1487.808252419636,1446.352294921875,1446.352294921875,18872500,0.0,0.0
2015-01-02,1446.3522304318985,1473.9895341981132,1437.1397958431603,1464.777099609375,24965800,0.0,0.0
2015-01-02,1460.170914662035,1473.9895668512656,1455.564697265625,1455.564697265625,11655400,0.0,0.0
2015-01-02,1460.1707763671875,1464.7769933273364,1450.95834244689,1460.1707763671875,6617900,0.0,0.0
2015-01-02,1460.1708137281012,1529.2640698982007,1460.1708137281012,1520.0516357421875,44420400,0.0,0.0
2015-01-02,1520.051667748428,1533.8703192734138,1487.8081475234612,1510.8392333984375,28002900,0.0,0.0
2015-01-02,1510.8393146526703,1529.2641843435565,1483.202010116341,1487.8082275390625,19050400,0.0,0.0
2015-01-02,1497.0206042442203,1510.8392559757053,1460.1708662935932,1469.38330078125,21046800,0.0,0.0
2015-01-02,1469.383374341536,1473.989591815961,1404.8963296995878,1414.1087646484375,26469700,0.0,0.0
2015-01-02,1418.7149580943433,1455.564697265625,1404.8963059051127,1455.564697265625,19389300,0.0,0.0
2015-01-02,1455.5646393604768,1460.1708565736428,1427.9273360814802,1437.1397705078125,12113200,0.0,0.0
2015-01-02,1441.746006503427,1501.6268310546875,1437.1397892302532,1501.6268310546875,31619400,0.0,0.0
2015-01-02,1487.8082602432585,1510.839347863123,1460.1709550994208,1478.5958251953125,17824500,0.0,0.0
2015-01-02,1478.5957514924823,1483.2019687868515,1446.3522304318985,1464.777099609375,8630600,0.0,0.0
2015-01-02,1464.777025204613,1469.383242265005,1446.3521569630457,1450.9583740234375,9702200,0.0,0.0
2015-01-02,1469.3832310267856,1469.3832310267856,1414.1086267248377,1418.71484375,14371700,0.0,0.0
2015-01-02,1423.3211669921875,1441.7460364678145,1418.7149496232807,1423.3211669921875,10413700,0.0,0.0
2015-01-02,1427.9272778003246,1437.1397118506493,1409.5024096996754,1418.71484375,10783300,0.0,0.0
2015-01-02,1418.714885870108,1450.9584060035195,1418.714885870108,1441.7459716796875,8892900,0.0,0.0
2015-01-02,1441.7460364678145,1455.5646885745348,1418.7149496232807,1423.3211669921875,11188700,0.0,0.0
2015-01-02,1427.9273843610943,1432.533601730001,1418.7149496232807,1423.3211669921875,10075000,0.0,0.0
2015-01-02,1418.7149016551482,1441.7459877209785,1414.1086844419822,1437.1397705078125,18669500,0.0,0.0
2015-01-02,1437.1397118506493,1450.9583629261363,1418.71484375,1418.71484375,10975100,0.0,0.0
2015-01-02,1418.714885870108,1446.3521888416035,1418.714885870108,1441.7459716796875,17080600,0.0,0.0
2015-01-02,1441.7460274601615,1446.3522448002898,1368.0465500181085,1391.07763671875,31729500,0.0,0.0
2015-01-02,1391.077523184823,1404.8961740773875,1303.559400865248,1317.3780517578125,77793500,0.0,0.0
2015-01-02,1326.5905283505153,1345.015396799828,1317.3780941258592,1340.4091796875,28570600,0.0,0.0
2015-01-02,1345.0153215196399,1349.6215383741592,1321.9842372470432,1326.5904541015625,15331800,0.0,0.0
2015-01-02,1326.5904541015625,1340.4091046651206,1317.378020392524,1326.5904541015625,5420600,0.0,0.0
2015-01-02,1335.8030270034844,1340.409244337979,1303.559505662021,1321.984375,13325600,0.0,0.0
2015-01-02,1321.9843112381873,1340.4091796875,1312.771877013531,1340.4091796875,5281500,0.0,0.0
2015-01-02,1340.4092117890355,1349.621646234321,1321.9843428984645,1331.19677734375,7072300,0.0,0.0
2015-01-02,1349.6216879085619,1354.2279052734375,1331.1968184490593,1354.2279052734375,8790100,0.0,0.0
2015-01-02,1354.2278891353285,1368.0465410652807,1340.409237205376,1358.8341064453125,12720600,0.0,0.0
2015-01-02,1358.8341553570472,1363.4403728328339,1340.4092854539008,1345.0155029296875,7780000,0.0,0.0
2015-01-02,1349.6216963961276,1391.0776529407185,1335.803044214597,1386.471435546875,31522600,0.0,0.0
2015-01-02,1386.4713614034972,1400.290012846057,1368.0464928134174,1372.6527099609375,11035600,0.0,0.0
2015-01-02,1400.2900801476537,1437.1398190989078,1391.0776454098402,1423.3211669921875,28697000,0.0,0.0
2015-01-02,1427.927299167799,1487.8081213909647,1418.7148649796195,1483.201904296875,50898200,0.0,0.0
2015-01-02,1483.202010116341,1510.8393146526703,1483.202010116341,1487.8082275390625,40050700,0.0,0.0
2015-01-02,1487.8081697565635,1506.233038731877,1464.7770835374217,1469.38330078125,24014000,0.0,0.0
2015-01-02,1473.9894701086957,1483.201904296875,1464.7770359205163,1483.201904296875,11230000,0.0,0.0
2015-01-02,1483.2020427192856,1501.6269128151773,1464.7771726233939,1478.5958251953125,22165300,0.0,0.0
2015-01-02,1493.0446118551588,1517.1259765625,1478.595793030754,1517.1259765625,21422400,70.0,0.0
2015-01-02,1521.9422726514863,1579.737548828125,1512.3097266220466,1579.737548828125,35347400,0.0,0.0
2015-01-02,1584.5538225652194,1656.7979178189528,1560.4724574806417,1632.716552734375,62787800,0.0,0.0
2015-01-02,1632.7165189470563,1647.1653376988004,1584.553789774577,1618.2677001953125,31113200,0.0,0.0
2015-01-02,1618.2676661036037,1651.9815758140953,1560.4723923141892,1603.81884765625,18127300,0.0,0.0
2015-01-02,1637.5327655396175,1777.204677894467,1627.9002198599726,1762.755859375,77543500,0.0,0.0
2015-01-02,1762.75581351433,1806.1022679450102,1695.3279955110497,1743.49072265625,38944500,0.0,0.0
2015-01-02,1743.4907680157103,1762.755859375,1729.0419494962432,1762.755859375,14501900,0.0,0.0
2015-01-02,1762.7559249441965,1762.7559249441965,1676.0630106026786,1685.695556640625,22819900,0.0,0.0
2015-01-02,1685.6955355588439,1738.674538104979,1656.7978978064066,1729.0419921875,20191900,0.0,0.0
2015-01-02,1733.8582538626047,1733.8582538626047,1676.0629787338512,1724.2257080078125,14789200,0.0,0.0
2015-01-02,1724.2257062488743,1724.2257062488743,1642.3490665666652,1671.2467041015625,15585700,0.0,0.0
2015-01-02,1666.430362645482,1671.246635369891,1623.0839081258018,1642.3489990234375,17979300,0.0,0.0
2015-01-02,1642.3490443132926,1695.3280457427536,1637.5327714560688,1661.6141357421875,7817200,0.0,0.0
2015-01-02,1661.6141470319274,1676.06296570177,1603.818872352556,1666.430419921875,19048100,0.0,0.0
2015-01-02,1666.4303777332684,1709.7768326454054,1661.6141049652533,1700.144287109375,19051600,0.0,0.0
2015-01-02,1695.3280225036444,1700.144295294848,1637.532749009202,1651.9815673828125,12435600,0.0,0.0
2015-01-02,1651.9815329159007,1651.9815329159007,1618.2676240808823,1637.53271484375,8310900,0.0,0.0
2015-01-02,1637.5327376873174,1647.165283203125,1623.0839194136056,1647.165283203125,6432800,0.0,0.0
2015-01-02,1647.165283203125,1671.2466469926444,1637.5327376873174,1647.165283203125,4805900,0.0,0.0
2015-01-02,1647.1652945916092,1661.6141129652196,1632.7164762179984,1651.9815673828125,7465300,0.0,0.0
2015-01-02,1651.9815329159007,1676.0628963694853,1623.0838967715993,1637.53271484375,6836200,0.0,0.0
2015-01-02,1642.348987534467,1651.9815329159007,1570.1048971737132,1637.53271484375,13061200,0.0,0.0
2015-01-02,1647.1652755737305,1719.409366607666,1618.2676391601562,1695.3280029296875,19453500,0.0,0.0
2015-01-02,1704.960548400879,1724.2256393432617,1685.695457458496,1695.3280029296875,13787700,0.0,0.0
2015-01-02,1704.9605325137868,1704.9605325137868,1637.53271484375,1637.53271484375,16435100,0.0,0.0
2015-01-02,1647.1652945916092,1680.8792041300337,1627.9002034267949,1651.9815673828125,8962100,0.0,0.0
2015-01-02,1651.981555961029,1671.2466469926444,1642.3490104452212,1647.165283203125,8395100,0.0,0.0
2015-01-02,1647.165283203125,1661.6141014768366,1623.0839194136056,1647.165283203125,12172200,0.0,0.0
2015-01-02,1647.1652755737305,1733.8581848144531,1647.1652755737305,1695.3280029296875,23876900,0.0,0.0
2015-01-02,1700.1442793748924,1757.9395523281466,1700.1442793748924,1748.3070068359375,23815300,0.0,0.0
2015-01-02,1767.5721208128211,1767.5721208128211,1738.6744839602954,1757.9395751953125,13834400,0.0,0.0
2015-01-02,1757.9396312816723,1796.4698149809965,1704.9606286951014,1782.02099609375,34566900,0.0,0.0
2015-01-02,1782.0209879765425,1902.4278114884712,1782.0209879765425,1883.1627197265625,31210800,0.0,0.0
2015-01-02,1883.1626628025826,1887.9789355974742,1767.5721157251862,1859.081298828125,39391600,0.0,0.0
2015-01-02,1859.081287413758,1892.7951967710023,1830.1836508218344,1854.2650146484375,23521600,0.0,0.0
2015-01-02,1854.2650931222097,1955.4068254743302,1854.2650931222097,1887.97900390625,30547800,0.0,0.0
2015-01-02,1907.2440730168269,1907.2440730168269,1854.2650709885818,1878.346435546875,5850000,0.0,0.0
2015-01-02,1878.346435546875,1892.795254281851,1825.36743351863,1878.346435546875,14671500,0.0,0.0
2015-01-02,1878.3464315663214,1878.3464315663214,1762.7558819314709,1772.388427734375,22275300,0.0,0.0
2015-01-02,1772.3883885200778,1868.7138444179081,1743.4907517507286,1859.081298828125,19634200,0.0,0.0
2015-01-02,1825.3674527554897,1830.1837257179054,1767.5721772065033,1782.02099609375,12657600,0.0,0.0
2015-01-02,1782.0209644458912,1844.6325118453415,1782.0209644458912,1820.5511474609375,14219500,0.0,0.0
2015-01-02,1830.1837381892178,1868.713922151096,1806.1023732130438,1839.8162841796875,10261700,0.0,0.0
2015-01-02,1849.4487847222222,1854.265057599103,1801.2860559534145,1820.5511474609375,9315900,0.0,0.0
2015-01-02,1820.5511132812499,1839.8162044270832,1791.6534765625,1806.102294921875,4991800,0.0,0.0
2015-01-02,1810.9185929445875,1892.7952314553802,1796.4697743838594,1868.7138671875,12488000,0.0,0.0
2015-01-02,1868.7138645971486,1873.5301374440483,1796.4697718936504,1815.73486328125,17134600,0.0,0.0
2015-01-02,1825.3673860677084,1830.1836588541667,1782.0209309895833,1806.102294921875,8630500,0.0,0.0
2015-01-02,1806.1023609058277,1825.3674527554897,1782.02099609375,1782.02099609375,6667400,0.0,0.0
2015-01-02,1782.0209309895833,1820.5511132812499,1714.5931119791667,1806.102294921875,11338900,0.0,0.0
2015-01-02,1801.286053649736,1815.7348722618997,1762.7558706839664,1767.5721435546875,13679800,0.0,0.0
2015-01-02,1782.0209160586692,1786.8371888047736,1748.3070068359375,1748.3070068359375,4686000,0.0,0.0
2015-01-02,1748.3070520718027,1806.1023265204572,1743.4907792010813,1767.5721435546875,4682300,0.0,0.0
2015-01-02,1767.5721014502212,1806.1022834981825,1762.7558286942262,1801.2860107421875,5280000,0.0,0.0
2015-01-02,1810.918544738606,1873.5300901683981,1782.020908386394,1796.4697265625,25253600,0.0,0.0
2015-01-02,1810.9185677083333,1834.999931640625,1762.75583984375,1806.102294921875,19051900,0.0,0.0
2015-01-02,1806.1023609058277,1825.3674527554897,1782.02099609375,1782.02099609375,10512500,0.0,0.0
2015-01-02,1786.8372802734375,1868.7139211485005,1786.8372802734375,1786.8372802734375,22384500,0.0,0.0
2015-01-02,1801.2860797384512,1907.2440844289483,1801.2860797384512,1883.1627197265625,23508000,0.0,0.0
2015-01-02,1887.9789355974742,1907.2440267770403,1820.5511164689929,1859.081298828125,15915300,0.0,0.0
2015-01-02,1887.979002624672,2032.46719160105,1830.1837270341207,1835.0,89520000,0.0,0.0
2015-01-02,1849.44875,1854.2650227864583,1801.2860221354167,1806.102294921875,33752300,0.0,0.0
2015-01-02,1806.1023749927483,1974.6719299920715,1801.2861019927675,1945.7742919921875,45289000,0.0,0.0
2015-01-02,1984.3044299316407,1993.9369757080078,1892.7952450561522,1926.5091552734375,25767700,0.0,0.0
2015-01-02,1926.509143953634,2022.8346011513158,1912.0603253739819,1921.69287109375,35960700,0.0,0.0
2015-01-02,1912.0603366088867,1926.5091552734375,1854.2650619506835,1926.5091552734375,23685000,0.0,0.0
2015-01-02,1926.5091017549262,2003.5694658251232,1916.8765562461515,1955.40673828125,21652800,0.0,0.0
2015-01-02,2022.8345719478916,2022.8345719478916,1955.4067528829619,2013.2020263671875,20379800,0.0,0.0
2015-01-02,2022.8346267255765,2022.8346267255765,1955.4068058347239,1984.304443359375,7906000,0.0,0.0
2015-01-02,1984.3043670654297,2003.5694580078125,1926.5090942382812,2003.5694580078125,10777800,0.0,0.0
2015-01-02,2003.56952569609,2148.0577126453272,2003.56952569609,2032.4671630859375,42146900,0.0,0.0
2015-01-02,2042.099718408677,2051.7322642502277,1926.5091683100727,1984.304443359375,18027800,0.0,0.0
2015-01-02,1984.3044207317073,2022.8346036585365,1974.671875,1974.671875,9087100,0.0,0.0
2015-01-02,1974.6718215942383,2003.5694580078125,1926.5090942382812,2003.5694580078125,12834500,0.0,0.0
2015-01-02,2003.5694740372473,2022.8345651337595,1902.4277457805595,1907.2440185546875,18090400,0.0,0.0
2015-01-02,1907.2440071202532,1921.6928253560127,1878.3463706487341,1902.427734375,11127600,0.0,0.0
2015-01-02,1902.4277796542137,1955.4067811129387,1902.4277796542137,1921.69287109375,8313000,0.0,0.0
2015-01-02,1936.1416319251666,1965.039268222557,1883.1626320466173,1897.6114501953125,12982700,0.0,0.0
2015-01-02,1897.611495588293,1926.5091325769472,1897.611495588293,1916.8765869140625,9873500,0.0,0.0
2015-01-02,1926.5091990696565,1926.5091990696565,1883.1627420905893,1892.7952880859375,7238100,0.0,0.0
2015-01-02,1892.7951888844937,1936.1416435917722,1878.3463706487341,1902.427734375,12870000,0.0,0.0
2015-01-02,1907.2440071202532,1921.6928253560127,1887.9789161392405,1902.427734375,17211800,0.0,0.0
2015-01-02,1912.0602995719316,1936.1416635463893,1820.5511164689929,1859.081298828125,22809400,0.0,0.0
2015-01-02,1859.0813419875494,1873.53016070766,1791.6535212937006,1825.367431640625,22173200,0.0,0.0
2015-01-02,1825.3673629147117,1834.999908365449,1772.388362935657,1796.4697265625,21452300,0.0,0.0
2015-01-02,1868.7139239924968,1945.7742919921875,1859.0813779925354,1945.7742919921875,55958100,0.0,0.0
2015-01-02,1936.141745992226,2003.5695679919554,1897.6115619923808,1945.7742919921875,34305600,0.0,0.0
2015-01-02,1945.7742509163952,2051.7322546791693,1945.7742509163952,2032.4671630859375,27861800,0.0,0.0
2015-01-02,2051.732177734375,2148.0576320881014,2013.2019959928843,2051.732177734375,43820200,0.0,0.0
2015-01-02,2051.7322773483565,2080.6299150574882,1974.6719101240049,2042.0997314453125,19887200,0.0,0.0
2015-01-02,2042.099743764335,2148.057749337013,2032.4671978031824,2099.89501953125,35190900,0.0,0.0
2015-01-02,2022.8346396392246,2090.262460960532,2003.5695478331368,2042.0997314453125,31840800,0.0,0.0
2015-01-02,2032.4671855422685,2070.997369154444,2003.5695478331368,2042.0997314453125,22344300,0.0,0.0
2015-01-02,2042.0997314453125,2061.3648232514,2013.2020937361806,2042.0997314453125,14020400,0.0,0.0
2015-01-02,2051.7322086900044,2061.3647542707085,1993.9369352057788,2013.2020263671875,10378900,0.0,0.0
2015-01-02,2022.8346036585365,2022.8346036585365,1921.6928734756098,1974.671875,19437300,0.0,0.0
2015-01-02,1965.0393152284862,1974.671860891371,1599.0025800388662,1916.8765869140625,28375300,0.0,0.0
2015-01-02,1916.8765755372324,1955.4067579600912,1897.6114843258028,1912.060302734375,21931000,0.0,0.0
2015-01-02,1945.7742353931706,1955.4067811129387,1902.4277796542137,1921.69287109375,15035000,0.0,0.0
2015-01-02,1926.5091096511994,1936.1416551994555,1883.1626546840475,1907.2440185546875,19407600,0.0,0.0
2015-01-02,1907.2440185546875,1912.0602913288155,1849.4487452651515,1907.2440185546875,17945200,0.0,0.0
2015-01-02,1936.141722071811,1936.141722071811,1878.3464467860854,1883.1627197265625,10418800,0.0,0.0
2015-01-02,1887.9789941892102,2003.5695448538559,1883.16272124485,1936.1417236328125,30610900,0.0,0.0
2015-01-02,1936.1417236328125,1974.6719071876944,1926.509177744092,1936.1417236328125,11155200,0.0,0.0
2015-01-02,1878.3464336143634,1936.1417084948055,1806.102340013811,1825.367431640625,44669800,0.0,0.0
2015-01-02,1815.734851918322,1878.3463985361952,1791.6534878345246,1810.9185791015625,32300500,0.0,0.0
2015-01-02,1883.1626320466173,1926.509086492703,1844.6324503167632,1897.6114501953125,31239900,0.0,0.0
2015-01-02,1907.2440615460314,1912.0603344287235,1859.0813327191115,1873.5301513671875,21928600,0.0,0.0
2015-01-02,1892.7952362804879,1984.3044207317073,1873.5301448170733,1974.671875,23416600,0.0,0.0
2015-01-02,1974.6718841552733,2003.569521484375,1902.4277908325196,1926.5091552734375,18274000,0.0,0.0
2015-01-02,1936.1416920731708,1984.3044207317073,1916.876600609756,1974.671875,14426900,0.0,0.0
2015-01-02,1974.6719071876944,1984.3044530764148,1902.427813022291,1936.1417236328125,20137200,0.0,0.0
2015-01-02,1945.7742782152231,1955.4068241469818,1806.1023622047244,1835.0,32486100,0.0,0.0
2015-01-02,1840.0,1865.0,1705.0,1715.0,81402600,70.0,0.0
2015-01-02,1730.0,1760.0,1690.0,1720.0,66381300,0.0,0.0
2015-01-02,1740.0,1770.0,1705.0,1730.0,56540100,0.0,0.0
2015-01-02,1745.0,1785.0,1715.0,1780.0,39762600,0.0,0.0
2015-01-02,1785.0,1885.0,1785.0,1885.0,55918800,0.0,0.0
2015-01-02,1900.0,1905.0,1830.0,1845.0,41248300,0.0,0.0
2015-01-02,1845.0,1850.0,1800.0,1820.0,23724600,0.0,0.0
2015-01-02,1810.0,1810.0,1730.0,1750.0,42889600,0.0,0.0
2015-01-02,1755.0,1765.0,1725.0,1745.0,24719900,0.0,0.0
2015-01-02,1755.0,1780.0,1750.0,1765.0,25820700,0.0,0.0
2015-01-02,1765.0,1805.0,1765.0,1795.0,36654700,0.0,0.0
2015-01-02,1810.0,1825.0,1755.0,1755.0,36735400,0.0,0.0
2015-01-02,1760.0,1780.0,1745.0,1780.0,21645900,0.0,0.0
2015-01-02,1795.0,1805.0,1765.0,1765.0,37713200,0.0,0.0
2015-01-02,1780.0,1835.0,1770.0,1835.0,44712200,0.0,0.0
2015-01-02,1850.0,1850.0,1790.0,1795.0,29065900,0.0,0.0
2015-01-02,1805.0,1830.0,1795.0,1800.0,24154600,0.0,0.0
2015-01-02,1805.0,1815.0,1785.0,1800.0,18848700,0.0,0.0
2015-01-02,1800.0,1800.0,1755.0,1765.0,22061200,0.0,0.0
2015-01-02,1765.0,1770.0,1700.0,1715.0,38072400,0.0,0.0
2015-01-02,1700.0,1700.0,1645.0,1650.0,46813500,0.0,0.0
2015-01-02,1660.0,1670.0,1605.0,1620.0,35275100,0.0,0.0
2015-01-02,1620.0,1675.0,1590.0,1675.0,52978600,0.0,0.0
2015-01-02,1680.0,1685.0,1605.0,1605.0,64702100,0.0,0.0
2015-01-02,1605.0,1610.0,1575.0,1575.0,48863400,0.0,0.0
2015-01-02,1575.0,1610.0,1560.0,1580.0,22771900,0.0,0.0
2015-01-02,1590.0,1595.0,1550.0,1550.0,26786700,0.0,0.0
2015-01-02,1555.0,1595.0,1540.0,1550.0,24907500,0.0,0.0
2015-01-02,1560.0,1610.0,1560.0,1600.0,54158800,0.0,0.0
2015-01-02,1615.0,1635.0,1580.0,1625.0,31849400,0.0,0.0
2015-01-02,1625.0,1630.0,1590.0,1595.0,29523800,0.0,0.0
2015-01-02,1590.0,1595.0,1575.0,1580.0,13024400,0.0,0.0
2015-01-02,1580.0,1580.0,1550.0,1550.0,19484300,0.0,0.0
2015-01-02,1550.0,1600.0,1550.0,1560.0,22384400,0.0,0.0
2015-01-02,1570.0,1575.0,1525.0,1550.0,26013100,0.0,0.0
2015-01-02,1555.0,1555.0,1520.0,1525.0,29665800,0.0,0.0
2015-01-02,1525.0,1535.0,1500.0,1500.0,100799700,0.0,0.0
2015-01-02,1490.0,1490.0,1430.0,1445.0,27305500,0.0,0.0
2015-01-02,1460.0,1485.0,1450.0,1455.0,19805100,0.0,0.0
2015-01-02,1460.0,1470.0,1415.0,1425.0,24808500,0.0,0.0
2015-01-02,1435.0,1500.0,1435.0,1495.0,37560600,0.0,0.0
2015-01-02,1495.0,1515.0,1475.0,1515.0,24035300,0.0,0.0
2015-01-02,1515.0,1515.0,1430.0,1435.0,30323000,0.0,0.0
2015-01-02,1450.0,1470.0,1430.0,1460.0,23731300,0.0,0.0
2015-01-02,1470.0,1510.0,1465.0,1500.0,29984500,0.0,0.0
2015-01-02,1500.0,1500.0,1475.0,1480.0,13425900,0.0,0.0
2015-01-02,1480.0,1505.0,1440.0,1505.0,23239900,0.0,0.0
2015-01-02,1500.0,1570.0,1485.0,1560.0,58037600,0.0,0.0
2015-01-02,1570.0,1635.0,1545.0,1615.0,49729000,0.0,0.0
2015-01-02,1615.0,1635.0,1580.0,1630.0,29403700,0.0,0.0
2015-01-02,1630.0,1635.0,1580.0,1585.0,29365900,0.0,0.0
2015-01-02,1590.0,1610.0,1550.0,1600.0,25094600,0.0,0.0
2015-01-02,1605.0,1605.0,1570.0,1575.0,9757000,0.0,0.0
2015-01-02,1590.0,1625.0,1590.0,1620.0,26229900,0.0,0.0
2015-01-02,1625.0,1695.0,1625.0,1690.0,46768700,0.0,0.0
2015-01-02,1695.0,1735.0,1675.0,1680.0,52821500,0.0,0.0
2015-01-02,1695.0,1745.0,1665.0,1720.0,36826100,0.0,0.0
2015-01-02,1725.0,1740.0,1680.0,1705.0,36616900,0.0,0.0
2015-01-02,1720.0,1720.0,1660.0,1670.0,25023300,0.0,0.0
2015-01-02,1675.0,1695.0,1655.0,1655.0,15861400,0.0,0.0
2015-01-02,1660.0,1665.0,1605.0,1610.0,36647800,0.0,0.0
2015-01-02,1630.0,1665.0,1620.0,1650.0,16384500,0.0,0.0
2015-01-02,1670.0,1700.0,1670.0,1685.0,19314800,0.0,0.0
2015-01-02,1690.0,1695.0,1635.0,1635.0,11915900,0.0,0.0
2015-01-02,1645.0,1675.0,1585.0,1600.0,33684700,0.0,0.0
2015-01-02,1585.0,1710.0,1585.0,1685.0,38802300,0.0,0.0
2015-01-02,1685.0,1715.0,1650.0,1700.0,23748000,0.0,0.0
2015-01-02,1700.0,1705.0,1640.0,1650.0,16973700,0.0,0.0
2015-01-02,1635.0,1650.0,1615.0,1620.0,15454100,0.0,0.0
2015-01-02,1620.0,1630.0,1585.0,1600.0,24794100,0.0,0.0
2015-01-02,1600.0,1610.0,1580.0,1590.0,10014100,0.0,0.0
2015-01-02,1590.0,1600.0,1565.0,1585.0,11957700,0.0,0.0
2015-01-02,1585.0,1590.0,1555.0,1575.0,23725300,0.0,0.0
2015-01-02,1570.0,1590.0,1560.0,1565.0,17581200,0.0,0.0
2015-01-02,1565.0,1575.0,1530.0,1535.0,30724600,0.0,0.0
2015-01-02,1540.0,1570.0,1540.0,1550.0,15283400,0.0,0.0
2015-01-02,1565.0,1570.0,1510.0,1530.0,22923000,0.0,0.0
2015-01-02,1550.0,1590.0,1550.0,1570.0,37502000,0.0,0.0
2015-01-02,1575.0,1655.0,1560.0,1645.0,57625700,0.0,0.0
2015-01-02,1655.0,1660.0,1615.0,1645.0,27097900,0.0,0.0
2015-01-02,1645.0,1660.0,1615.0,1615.0,22486300,0.0,0.0
2015-01-02,1615.0,1625.0,1600.0,1605.0,12996300,0.0,0.0
2015-01-02,1605.0,1675.0,1600.0,1665.0,37669800,0.0,0.0
2015-01-02,1665.0,1665.0,1645.0,1650.0,14896900,0.0,0.0
2015-01-02,1630.0,1650.0,1605.0,1640.0,24330000,0.0,0.0
