Date,Open,High,Low,Close,Volume,Dividends,Stock Splits
2015-01-02,466.8744812011719,472.21018955775673,460.2048457554409,466.8744812011719,10045000,0.0,0.0
2015-01-02,453.53518861031847,460.8717872496031,445.5316264583717,452.86822509765625,35290500,0.0,0.0
2015-01-02,440.19592285156256,456.8700108383641,440.19592285156256,440.1959228515625,19824500,0.0,0.0
2015-01-02,444.19768977714574,446.86554376980126,427.52360232304864,434.1932373046875,66276000,0.0,0.0
2015-01-02,438.86199581261843,444.864667487867,428.1905795010654,440.1959228515625,68176500,0.0,0.0
2015-01-02,444.8646275084696,450.86729864426604,432.19232177734375,432.19232177734375,59819500,0.0,0.0
2015-01-02,434.86018812185364,442.86374986642767,434.86018812185364,438.8619689941406,50326000,0.0,0.0
2015-01-02,442.86368791027184,458.8708091600407,442.1967245248648,450.86724853515625,60780000,0.0,0.0
2015-01-02,453.5351655258596,456.20301944071764,438.8619689941406,438.8619689941406,23579500,0.0,0.0
2015-01-02,440.19592285156256,445.53163100733906,435.52717821525806,440.1959228515625,23947000,0.0,0.0
2015-01-02,440.19592285156256,446.8655580462832,438.19503229314637,440.1959228515625,12882500,0.0,0.0
2015-01-02,436.19405783676524,444.8645819222055,432.85924088082663,437.5279846191406,21976500,0.0,0.0
2015-01-02,440.1958455581332,458.203857421875,440.1958455581332,458.203857421875,48676000,0.0,0.0
2015-01-02,460.20478415975765,492.21903001434947,459.5378207044536,490.2181396484375,39805000,0.0,0.0
2015-01-02,490.2182174467705,494.2199988136829,473.54412841796875,473.54412841796875,40368500,0.0,0.0
2015-01-02,477.5458606296115,482.88156856960717,464.8735542721218,480.2137145996094,37799500,0.0,0.0
2015-01-02,467.54140824211964,497.55476540459523,466.8744447496202,480.2137145996094,154885000,0.0,0.0
2015-01-02,480.2136838215683,480.2136838215683,460.8717437787551,468.87530517578125,184620500,0.0,0.0
2015-01-02,472.8771648568167,478.87983690718534,468.2084199287522,473.54412841796875,23369000,0.0,0.0
2015-01-02,472.21017938843653,490.8851582343069,459.53787231445307,459.5378723144531,163647500,0.0,0.0
2015-01-02,468.87540463717056,468.87540463717056,451.53435126509885,455.5361328125,191180500,0.0,0.0
2015-01-02,444.1976249125467,449.5333321187034,443.53066151177705,446.865478515625,80488500,0.0,0.0
2015-01-02,444.19758626302087,457.5368531177662,444.19758626302087,450.20025634765625,58601000,0.0,0.0
2015-01-02,453.535255035224,462.20578196972093,453.535255035224,461.538818359375,37098500,0.0,0.0
2015-01-02,461.53874812953956,464.8735656738282,459.5378576029664,464.8735656738281,22274000,0.0,0.0
2015-01-02,465.5403761197735,480.21356849031076,462.872522961494,477.54571533203125,39646000,0.0,0.0
2015-01-02,480.2136500984678,485.5493573217841,477.54579648680965,481.5475769042969,35777500,0.0,0.0
2015-01-02,485.54934961785455,485.54934961785455,460.8717041015625,460.8717041015625,36835500,0.0,0.0
2015-01-02,466.2074602886736,478.87976607620544,460.8717525886601,465.5404968261719,43736500,0.0,0.0
2015-01-02,471.5431715870305,480.21369666571707,471.5431715870305,475.5449523925781,101064000,0.0,0.0
2015-01-02,480.2136966235017,489.5511851689587,478.21280622090376,486.8833312988281,43874000,0.0,0.0
2015-01-02,490.88513047960066,492.88602095709905,476.2119336446126,480.2137145996094,26768500,0.0,0.0
2015-01-02,480.21368781887753,492.8859934696535,474.8779801764456,490.2181396484375,28805500,0.0,0.0
2015-01-02,473.54407398120776,498.88868639146955,473.54407398120776,493.552978515625,21450500,0.0,0.0
2015-01-02,493.5530053316101,498.88871349735723,485.5494430829894,494.8869323730469,26509500,0.0,0.0
2015-01-02,500.22261978743916,538.9065023843344,496.88780232218954,513.5618896484375,75459000,0.0,0.0
2015-01-02,513.5619319035457,526.2342393141527,500.222660945012,520.2315673828125,68290500,0.0,0.0
2015-01-02,519.564510005931,519.564510005931,501.55649746400525,509.56005859375,40872000,0.0,0.0
2015-01-02,508.22609959022674,514.2287700578278,506.8921728196487,510.22698974609375,55998500,0.0,0.0
2015-01-02,513.5618700001338,513.5618700001338,486.8833312988281,486.8833312988281,233593500,0.0,0.0
2015-01-02,483.54858183524976,490.88518100792254,470.2093106122084,473.54412841796875,74081000,0.0,0.0
2015-01-02,477.5458697552447,482.214614291958,471.54319820804193,476.87890625,94867000,0.0,0.0
2015-01-02,478.2128657493271,479.54679285044097,472.8771573448716,476.21197509765625,39170000,0.0,0.0
2015-01-02,488.2173156738281,488.2173156738281,474.87804475377817,488.2173156738281,49625000,0.0,0.0
2015-01-02,488.21725106304285,490.21814143625204,482.21457994341523,489.5511779785156,47063500,0.0,0.0
2015-01-02,482.2144583590204,482.8814216485903,469.5421558571927,477.54571533203125,49769500,0.0,0.0
2015-01-02,473.5440746447858,478.8797825281073,466.2074763052187,470.876220703125,51582500,0.0,0.0
2015-01-02,469.5422557043651,469.5422557043651,456.8699505077984,462.2056579589844,47103000,0.0,0.0
2015-01-02,460.871747287636,471.5431625649185,459.5378203779757,467.5413818359375,31903000,0.0,0.0
2015-01-02,472.21005222486417,472.21005222486417,460.2047119140625,460.2047119140625,31558000,0.0,0.0
2015-01-02,460.8717293423259,464.2065464866264,454.86905848258505,462.87261962890625,22986500,0.0,0.0
2015-01-02,467.54143657240763,467.54143657240763,454.8691294470499,458.87091064453125,53497500,0.0,0.0
2015-01-02,458.87096391799133,464.2066728007587,457.5370366972995,461.538818359375,24170500,0.0,0.0
2015-01-02,463.5395830577663,465.5404733443466,462.2056562000461,462.87261962890625,28702000,0.0,0.0
2015-01-02,461.538818359375,466.20756363179646,457.5370366972995,461.538818359375,45392000,0.0,0.0
2015-01-02,460.8716752646626,463.53952866706294,458.20382186226226,460.2047119140625,34085000,0.0,0.0
2015-01-02,458.87087681672546,460.2048037842159,447.5324975930564,448.8664245605469,57953500,0.0,0.0
2015-01-02,448.19942779541014,448.19942779541014,424.85570759773253,426.8565979003906,111852000,0.0,0.0
2015-01-02,425.52259943682446,446.8654257408658,420.1868928608141,443.5306091308594,101034000,0.0,0.0
2015-01-02,443.53065129567887,452.8681386913774,443.53065129567887,450.86724853515625,91542000,0.0,0.0
2015-01-02,456.2030426609674,456.87000617362963,452.20126158499403,452.86822509765625,79279500,0.0,0.0
2015-01-02,459.5378602242786,459.5378602242786,450.2003710470073,452.86822509765625,114996500,0.0,0.0
2015-01-02,452.86822509765625,454.20215212298075,445.5316264583717,452.86822509765625,71512500,0.0,0.0
2015-01-02,452.8681508792711,453.53511428262794,442.1967364255623,446.1985168457031,35704500,0.0,0.0
2015-01-02,441.52982839336835,446.19857280236164,430.85841260138363,436.861083984375,64141000,0.0,0.0
2015-01-02,436.86109434018977,444.19769287109375,434.86020383176145,444.19769287109375,57341000,0.0,0.0
2015-01-02,440.19586006199177,448.8663845783643,438.86193321331905,440.8628234863281,68104500,0.0,0.0
2015-01-02,447.53244191639465,447.53244191639465,441.5297713094683,446.865478515625,30205500,0.0,0.0
2015-01-02,444.86458659278657,452.86814737106755,442.8636963982163,447.5324401855469,39743500,0.0,0.0
2015-01-02,450.8672485351563,452.8681386913774,446.86546822271407,450.86724853515625,41295000,0.0,0.0
2015-01-02,450.8673236484945,460.8717760963161,450.8673236484945,456.8699951171875,88853500,0.0,0.0
2015-01-02,462.8725653164629,462.8725653164629,449.5332983044611,460.2047119140625,42245500,0.0,0.0
2015-01-02,461.53877611803523,461.53877611803523,452.20128642778593,454.869140625,52465000,0.0,0.0
2015-01-02,453.5352111541886,454.86913824581853,444.8646850585938,444.86468505859375,34284000,0.0,0.0
2015-01-02,444.864667487867,447.53252156575525,437.52806877367425,440.1959228515625,36310500,0.0,0.0
2015-01-02,436.86097591084643,443.5306091308594,436.86097591084643,443.5306091308594,29686000,0.0,0.0
2015-01-02,444.864667487867,446.8655580462832,433.5262876568419,440.1959228515625,39555500,0.0,0.0
2015-01-02,442.86374986642767,442.86374986642767,436.19411507928265,438.8619689941406,49803000,0.0,0.0
2015-01-02,444.19770396839493,444.19770396839493,438.86199581261843,440.1959228515625,35922000,0.0,0.0
2015-01-02,442.8637907951109,442.8637907951109,406.18079607563635,413.51739501953125,59480500,0.0,0.0
2015-01-02,408.18164967469363,413.51735751357853,396.17630703720266,404.8468322753906,73115500,0.0,0.0
2015-01-02,411.67397737503046,412.3566871219211,370.02868281470404,393.2408142089844,79772500,14.0,0.0
2015-01-02,393.2407192887931,410.3084588412581,393.2407192887931,395.9715576171875,84531500,0.0,0.0
2015-01-02,407.5776639150144,432.8379211425781,398.01972874782814,432.8379211425781,44142500,0.0,0.0
2015-01-02,433.5206307973771,442.3958563097644,413.7220508082056,432.8379211425781,57982500,0.0,0.0
2015-01-02,439.6649858129306,439.6649858129306,417.818278443344,433.5205993652344,45160000,0.0,0.0
2015-01-02,419.18369933214234,434.2033107088641,419.18369933214234,432.1551818847656,28878500,0.0,0.0
2015-01-02,433.52067516696064,433.52067516696064,417.818351499496,423.280029296875,35807000,0.0,0.0
2015-01-02,420.54910702869273,429.42433169001254,417.1355590820313,417.13555908203125,31258000,0.0,0.0
2015-01-02,422.59734088552017,430.1071482356667,417.1356628126863,429.4244384765625,13259500,0.0,0.0
2015-01-02,434.8860946163054,434.8860946163054,423.280029296875,423.280029296875,36990000,0.0,0.0
2015-01-02,430.1071172095461,430.1071172095461,408.2604064941406,408.2604064941406,20177500,0.0,0.0
2015-01-02,406.89503534035606,417.1356822029489,406.2123255495165,416.4529724121094,11849500,0.0,0.0
2015-01-02,408.9430253174237,413.0392826661792,392.55799592240174,407.5776062011719,71891500,0.0,0.0
2015-01-02,409.6258745037141,418.5011017846279,403.4814863861584,416.4529724121094,58437500,0.0,0.0
2015-01-02,419.8664263527701,423.9626841708459,412.35662035296446,418.5010070800781,21725500,0.0,0.0
2015-01-02,417.13553340691175,421.9145002380875,413.0392761230468,413.0392761230469,13235000,0.0,0.0
2015-01-02,413.0393417358398,413.0393417358398,402.79869689941404,409.62579345703125,11307500,0.0,0.0
2015-01-02,417.8183505293252,428.7417060987193,414.4048019138895,423.9627380371094,38785000,0.0,0.0
2015-01-02,416.4529310323424,422.597318539377,402.7987365722656,402.7987365722656,29833500,0.0,0.0
2015-01-02,405.5295355224609,410.99121276855465,400.7505679321289,409.62579345703125,27695500,0.0,0.0
2015-01-02,410.308516764718,421.9145812988281,406.2122586938556,421.9145812988281,42715500,0.0,0.0
2015-01-02,423.2800581648543,505.2052307128906,415.0875409100507,505.2052307128906,35170000,0.0,0.0
2015-01-02,423.280017110155,423.280017110155,410.30853271484375,410.30853271484375,42483000,0.0,0.0
2015-01-02,410.30850311279295,420.5491479492187,409.62579345703125,409.62579345703125,19677000,0.0,0.0
2015-01-02,409.62579345703125,413.72205139160155,405.5295355224609,409.62579345703125,17269500,0.0,0.0
2015-01-02,402.798734613367,411.6739609692548,402.798734613367,404.1641540527344,17236500,0.0,0.0
2015-01-02,405.52959069293473,405.52959069293473,389.14455672554345,392.55810546875,20763500,0.0,0.0
2015-01-02,398.7024054502142,408.94304942581897,388.4617614746094,388.4617614746094,35015000,0.0,0.0
2015-01-02,389.82721591164875,395.97160285246287,384.36553863092513,385.0482482910156,12585000,0.0,0.0
2015-01-02,392.55804533742446,392.55804533742446,386.4136585408387,391.8753356933594,7961000,0.0,0.0
2015-01-02,389.1444563432173,389.1444563432173,375.4902648925781,375.4902648925781,9650000,0.0,0.0
2015-01-02,393.9234805423867,395.9716095573384,380.269287109375,380.269287109375,38568000,0.0,0.0
2015-01-02,389.1444585094713,404.16406918878425,384.3654914751445,398.702392578125,69670000,0.0,0.0
2015-01-02,398.7023959455819,402.11594385607486,394.6061384529903,395.9715576171875,18777000,0.0,0.0
2015-01-02,395.9716196010768,398.70245835694624,393.9234905341746,395.2889099121094,21942000,0.0,0.0
2015-01-02,389.82721591164875,395.2888931923724,380.9519903304729,385.0482482910156,38849500,0.0,0.0
2015-01-02,389.1445410592216,389.1445410592216,382.31744384765625,382.31744384765625,24965500,0.0,0.0
2015-01-02,387.7791342553795,395.2889414328605,385.0482952817501,394.6062316894531,23697500,0.0,0.0
2015-01-02,393.24078753277973,394.60620693393525,389.827239029891,390.50994873046875,27893000,0.0,0.0
2015-01-02,385.0482428299753,398.7024358381305,385.0482428299753,389.1445007324219,35539000,0.0,0.0
2015-01-02,389.1445293293133,396.65433603566845,387.7791099281578,390.50994873046875,37581500,0.0,0.0
2015-01-02,389.14455672554345,398.0197834578804,388.46184697690217,392.55810546875,36676000,0.0,0.0
2015-01-02,392.5580896650042,393.9235091073173,382.31744384765625,382.31744384765625,25246500,0.0,0.0
2015-01-02,383.6828517246913,392.558077832202,383.6828517246913,390.50994873046875,40443500,0.0,0.0
2015-01-02,390.5099540378736,411.6739550434227,390.5099540378736,408.2604064941406,51329500,0.0,0.0
2015-01-02,404.1641291595563,408.2603872253626,399.3851614161156,400.06787109375,12054500,0.0,0.0
2015-01-02,393.9234428596815,408.94305419921875,393.9234428596815,408.94305419921875,20433500,0.0,0.0
2015-01-02,402.7987375567036,425.3281584708921,402.7987375567036,423.280029296875,44791000,0.0,0.0
2015-01-02,419.1837027707084,419.86641238434146,403.48138165714767,405.5295104980469,34194000,0.0,0.0
2015-01-02,406.89490749411385,410.3084553757759,398.702392578125,398.702392578125,25640000,0.0,0.0
2015-01-02,399.3851055276805,406.8949109307651,391.87530012459587,395.9715576171875,56028000,0.0,0.0
2015-01-02,402.798734613367,407.5777026511527,395.97163741653026,404.1641540527344,22386500,0.0,0.0
2015-01-02,401.4332443136253,412.3565979003906,398.01969631776115,412.3565979003906,13343500,0.0,0.0
2015-01-02,410.30853885735945,427.37628173828125,407.577699996412,427.37628173828125,22234000,0.0,0.0
2015-01-02,424.64540588378907,424.64540588378907,409.62579345703125,409.62579345703125,8134500,0.0,0.0
2015-01-02,406.89499590473787,411.67396397744454,402.11602783203125,402.11602783203125,17496000,0.0,0.0
2015-01-02,395.9716403099798,406.2122861800655,395.9716403099798,402.11602783203125,15515500,0.0,0.0
2015-01-02,392.55810446209375,396.6543629434373,386.41371674007837,393.2408142089844,48611000,0.0,0.0
2015-01-02,393.92342554379815,402.79865003611945,386.4136202041417,398.702392578125,52865500,0.0,0.0
2015-01-02,402.7987365722656,406.89499491028863,398.70247823424256,402.7987365722656,78958500,0.0,0.0
2015-01-02,402.7987365722656,404.1641560182733,398.01976851123874,402.7987365722656,46669500,0.0,0.0
2015-01-02,389.14450439884473,398.70243959460583,382.3174078304439,386.4136657714844,30045500,0.0,0.0
2015-01-02,385.73099048112215,389.1445390694506,382.3174418927936,383.682861328125,35863500,0.0,0.0
2015-01-02,386.4136585408387,391.8753356933594,385.0482392527085,391.8753356933594,12780000,0.0,0.0
2015-01-02,387.77913590315933,389.82726514208446,372.759521484375,372.759521484375,33118500,0.0,0.0
2015-01-02,373.4421886835715,378.2211563632515,356.3744469704283,359.10528564453125,27566500,0.0,0.0
2015-01-02,360.47069583722015,365.932373046875,346.81650281308305,365.932373046875,26519500,0.0,0.0
2015-01-02,367.2977409071595,372.0767077962861,348.86458290624256,357.73980712890625,24064500,0.0,0.0
2015-01-02,360.4706982421875,360.4706982421875,334.52773132324216,341.3548278808594,37405000,0.0,0.0
2015-01-02,346.8164935068413,382.3173944169904,341.3548164437414,373.4421691894531,49519500,0.0,0.0
2015-01-02,369.34587873979046,377.53839361017396,359.10523515181103,375.4902648925781,38143000,0.0,0.0
2015-01-02,368.6632300204918,376.85574624316945,363.8842622239299,374.8076171875,39864500,0.0,0.0
2015-01-02,367.9805001751641,370.7113387664454,364.56695193606237,367.29779052734375,48744500,0.0,0.0
2015-01-02,363.884249590028,365.24966891306747,349.5473466981132,361.83612060546875,52143500,0.0,0.0
2015-01-02,350.2300768274022,350.9127865288201,342.0375604103869,346.8165283203125,34934500,0.0,0.0
2015-01-02,331.1141921062858,345.4510952696508,319.5081276407047,334.5277404785156,58519500,0.0,0.0
2015-01-02,334.52774141463766,345.4510962363401,311.9983220948763,333.84503173828125,93192000,0.0,0.0
2015-01-02,337.2585754394531,340.67212377386056,319.50812410053453,337.2585754394531,80240500,0.0,0.0
2015-01-02,341.3548396183894,362.5188396747296,341.3548396183894,355.009033203125,102785500,0.0,0.0
2015-01-02,365.9324455915179,365.9324455915179,351.59554007393973,358.4226379394531,48098000,0.0,0.0
2015-01-02,365.9324240212912,372.759521484375,360.4707460508242,372.759521484375,88961500,0.0,0.0
2015-01-02,359.1052912785457,364.5669687124399,348.1819364107572,355.009033203125,46426000,0.0,0.0
2015-01-02,348.86466428714834,348.86466428714834,339.3067282792813,342.0375671386719,65176500,0.0,0.0
2015-01-02,348.18192165367174,352.960889205781,340.6721155003573,343.4029541015625,31457500,0.0,0.0
2015-01-02,341.35482605709973,344.7683743176707,339.3066971007571,342.7202453613281,23547500,0.0,0.0
2015-01-02,344.0856962832148,344.76840599806246,340.6721477089766,342.0375671386719,22839500,0.0,0.0
2015-01-02,348.1819225782417,348.8646322303559,341.35482605709973,342.7202453613281,21279000,0.0,0.0
2015-01-02,344.08562729779413,350.9127230775123,340.6720794079351,348.181884765625,29445500,0.0,0.0
2015-01-02,341.35483075987617,361.83612060546875,340.6721210983564,361.83612060546875,17082500,0.0,0.0
2015-01-02,368.6632277648573,368.6632277648573,351.5954857387065,354.3263244628906,10754500,0.0,0.0
2015-01-02,342.0375604103869,352.278205931656,342.0375604103869,346.8165283203125,13881500,0.0,0.0
2015-01-02,339.98942116092394,354.3263244628906,339.98942116092394,354.3263244628906,12143000,0.0,0.0
2015-01-02,357.7398095890565,358.4225191493409,349.547294865643,355.6916809082031,13772000,0.0,0.0
2015-01-02,348.8646571971752,378.22117433901184,348.8646571971752,368.6632385253906,47203500,0.0,0.0
2015-01-02,375.49038070568935,382.3174785367019,369.3459926577781,379.5866394042969,57494000,0.0,0.0
2015-01-02,382.31744384765625,388.46183133806505,380.26931468418667,382.31744384765625,19411500,0.0,0.0
2015-01-02,385.7309084805575,385.7309084805575,369.34587873979046,375.4902648925781,16220500,0.0,0.0
2015-01-02,361.83611785716903,374.80760132752033,357.73985991916334,363.8842468261719,17975500,0.0,0.0
2015-01-02,355.00897799783746,363.8842024477834,346.13375354789156,350.2300109863281,45485500,0.0,0.0
2015-01-02,349.547374001996,349.547374001996,341.3548574238242,342.0375671386719,15435500,0.0,0.0
2015-01-02,342.0375492976262,355.009033203125,337.2585815429687,355.009033203125,22354500,0.0,0.0
2015-01-02,348.8646784872904,377.5384876780266,348.8646784872904,374.12493896484375,61110000,0.0,0.0
2015-01-02,372.07673111364164,396.6542766550932,368.6631831217734,388.4617614746094,31833500,0.0,0.0
2015-01-02,388.46179153670124,393.24075909514926,361.8361151396339,365.932373046875,20371000,0.0,0.0
2015-01-02,365.93236921888615,398.7024321340103,361.1534017104305,391.8753356933594,33400000,0.0,0.0
2015-01-02,395.9715890806612,418.5010070800781,394.60616980796925,418.5010070800781,18260500,0.0,0.0
2015-01-02,418.50105816609147,419.86647760545884,397.33705685589763,404.1641540527344,26207000,0.0,0.0
2015-01-02,413.0393162480107,413.0393162480107,395.9715759071838,405.5295104980469,30186000,0.0,0.0
2015-01-02,416.4528598689874,416.4528598689874,385.0482179772277,408.94305419921875,28864500,0.0,0.0
2015-01-02,408.9431057132915,417.1356220214042,408.2603960209488,415.77020263671875,28049500,0.0,0.0
2015-01-02,417.1355739298092,417.1355739298092,392.55802783901845,405.5295104980469,42747500,0.0,0.0
2015-01-02,409.6257603583644,423.2799523703099,409.6257603583644,411.67388916015625,27901500,0.0,0.0
2015-01-02,415.7701143122901,415.7701143122901,408.26030929187107,413.0392761230469,33430000,0.0,0.0
2015-01-02,416.4529262944913,428.0589914535181,415.08750686401754,427.37628173828125,38370000,0.0,0.0
2015-01-02,430.1070771217346,445.12668933868406,427.3762385368347,436.9341735839844,29993000,0.0,0.0
2015-01-02,445.1266714385062,454.00189648252547,437.6168656320283,450.5883483886719,26721000,0.0,0.0
2015-01-02,457.4154764965561,458.0981861629689,449.2229604996029,449.9056701660156,26120500,0.0,0.0
2015-01-02,462.877193327873,471.0697100239415,443.76132103704634,444.44403076171875,28982000,0.0,0.0
2015-01-02,446.4921021702628,450.5883599883386,417.1355878073862,418.5010070800781,30591500,0.0,0.0
2015-01-02,417.13557050804394,432.1551818847656,409.62576481968307,432.1551818847656,37929000,0.0,0.0
2015-01-02,423.28004339740613,425.32817263965165,410.3085581965179,413.72210693359375,29826500,0.0,0.0
2015-01-02,413.7220268659694,417.1355749424213,380.2692557167409,380.95196533203125,43360500,0.0,0.0
2015-01-02,380.95194279597354,405.529487492488,375.4902661967481,399.3851013183594,64163500,0.0,0.0
2015-01-02,402.7986854441209,424.64539380719185,402.7986854441209,418.5010070800781,78339000,0.0,0.0
2015-01-02,421.91462287714296,423.28004236865473,413.7221059280722,414.4048156738281,16857000,0.0,0.0
2015-01-02,419.86643242836,436.9341735839844,417.81830348968504,436.9341735839844,50190000,0.0,0.0
2015-01-02,436.2514136440783,455.36728153458563,434.88599450904206,453.31915283203125,35275500,0.0,0.0
2015-01-02,454.68465515231935,457.41549392200295,433.5206546872715,437.6169128417969,10165500,0.0,0.0
2015-01-02,437.61690003618935,437.61690003618935,419.1837388802188,424.6454162597656,12329500,0.0,0.0
2015-01-02,424.6453999519348,451.9537858009338,417.81830348968504,436.9341735839844,32264500,0.0,0.0
2015-01-02,436.93413880813955,452.6364594215571,424.6453661541606,440.3476867675781,15908500,0.0,0.0
2015-01-02,447.17480029481834,461.5117022890033,443.078542582194,450.5883483886719,52542500,0.0,0.0
2015-01-02,447.8575224034927,448.5402320413029,438.98229711196,441.0304260253906,8510500,0.0,0.0
2015-01-02,430.1070718204274,444.44397421444165,427.37623326918657,441.0304260253906,13040500,0.0,0.0
2015-01-02,447.85750991358907,457.41544457637906,446.4920906760476,450.5883483886719,49034000,0.0,0.0
2015-01-02,445.80938988318815,454.6846151029147,443.7612609863282,443.7612609863281,12604000,0.0,0.0
2015-01-02,445.8093828009979,464.24254257990594,445.8093828009979,449.2229309082031,40117500,0.0,0.0
2015-01-02,456.73271767111385,466.97336156508504,452.6364601135254,464.2425231933594,31473500,0.0,0.0
2015-01-02,471.0696908598036,471.7524005567019,434.8860769241955,435.56878662109375,21808500,0.0,0.0
2015-01-02,443.7613661940749,462.19453063598263,441.71323681164074,454.6847229003906,22451500,0.0,0.0
2015-01-02,457.4154667884299,457.4154667884299,426.0108227999705,434.2033386230469,85740000,0.0,0.0
2015-01-02,445.80940270573836,447.17482200958443,434.2033386230469,434.2033386230469,31850500,0.0,0.0
2015-01-02,435.56878073698556,438.29961948768766,408.2603932299645,417.8183288574219,46387500,0.0,0.0
2015-01-02,409.6258484491027,428.05901162931235,409.6258484491027,413.72210693359375,131746500,0.0,0.0
2015-01-02,423.9627521144106,434.88610804650494,414.40481567382807,414.4048156738281,35021500,0.0,0.0
2015-01-02,423.27991199804046,425.3280406044826,418.5009452496755,419.18365478515625,31604000,0.0,0.0
2015-01-02,425.3280406044826,425.3280406044826,417.1355261787141,419.18365478515625,9881500,0.0,0.0
2015-01-02,426.1352635380438,427.5255906621483,418.48846435546875,418.48846435546875,19522000,11.0,0.0
2015-01-02,425.4402234716323,432.3918611100577,423.3547321801047,429.6112060546875,35293500,0.0,0.0
2015-01-02,432.39190452613394,437.25805136163706,421.9644470214844,421.9644470214844,21749500,0.0,0.0
2015-01-02,421.9644470214844,421.9644470214844,421.9644470214844,421.9644470214844,0,0.0,0.0
2015-01-02,417.79338462779066,424.04985794168437,417.0982209262469,419.8788757324219,45282500,0.0,0.0
2015-01-02,417.7934381491365,418.48860193973405,411.5369640337584,415.70794677734375,50337000,0.0,0.0
2015-01-02,414.3175621352204,417.0982169146514,410.1465799660739,415.0127258300781,23858000,0.0,0.0
2015-01-02,410.14664237729966,431.0015563964844,410.14664237729966,431.0015563964844,52275000,0.0,0.0
2015-01-02,421.26926318753146,435.1725392003213,418.4886079849735,431.0015563964844,60339000,0.0,0.0
2015-01-02,437.95315949813175,437.95315949813175,420.5740658672535,431.6966857910156,38206500,0.0,0.0
2015-01-02,428.22088345146506,428.22088345146506,412.2321166992188,412.23211669921875,44259000,0.0,0.0
2015-01-02,410.8417324829102,417.09820556640625,410.8417324829102,417.09820556640625,18351000,0.0,0.0
2015-01-02,417.0982249911652,430.30633544921875,417.0982249911652,430.30633544921875,44076500,0.0,0.0
2015-01-02,430.30640108702613,442.1241859310963,424.0499267578125,424.0499267578125,25307000,0.0,0.0
2015-01-02,424.0499267578125,433.78222015881147,424.0499267578125,424.0499267578125,17891000,0.0,0.0
2015-01-02,425.44024599136844,431.0015563964844,425.44024599136844,431.0015563964844,9170500,0.0,0.0
2015-01-02,426.8305735926474,432.39188399776333,425.44024599136844,431.0015563964844,28485000,0.0,0.0
2015-01-02,431.001521900462,446.2951242904784,425.44021194045604,437.25799560546875,16878500,0.0,0.0
2015-01-02,435.1725557259467,455.33230671005606,435.1725557259467,449.77099609375,51528500,0.0,0.0
2015-01-02,451.85644123731504,458.1129150390625,439.3434936338202,458.1129150390625,23738500,0.0,0.0
2015-01-02,454.6370697485277,461.5887069006459,444.9047777355623,457.417724609375,28112000,0.0,0.0
2015-01-02,445.6000355395771,451.1613464355469,440.03872464360734,451.1613464355469,30274500,0.0,0.0
2015-01-02,437.2580157330162,437.95317951001624,422.6595764160156,422.6595764160156,23187000,0.0,0.0
2015-01-02,423.35475458944995,432.39188399776333,423.35475458944995,431.0015563964844,32373000,0.0,0.0
2015-01-02,431.0015452315168,437.2580192752001,424.049907405202,427.5257263183594,27308500,0.0,0.0
2015-01-02,426.8304726810778,426.8304726810778,410.14654541015625,410.14654541015625,30270500,0.0,0.0
2015-01-02,415.70785450046344,418.48850904561704,410.14654541015625,410.14654541015625,20572500,0.0,0.0
2015-01-02,410.1466385804301,411.5369661688383,390.68205234271477,393.46270751953125,65800000,0.0,0.0
2015-01-02,393.46270751953125,399.02401787316415,383.03525060646945,393.46270751953125,56981000,0.0,0.0
2015-01-02,389.29173448350696,392.07238972981776,375.3884582519532,375.3884582519531,62647000,0.0,0.0
2015-01-02,382.3401035406651,384.42559501452325,373.9981376452324,379.5594482421875,77381500,0.0,0.0
2015-01-02,384.42550990160777,387.9013282551485,376.0835458531099,378.1690368652344,49150500,0.0,0.0
2015-01-02,378.1690447443182,386.51100896661933,378.1690447443182,382.34002685546875,59997000,0.0,0.0
2015-01-02,375.3884318723517,378.8642506859846,364.96097543145305,369.1319580078125,43228500,0.0,0.0
2015-01-02,372.60773459445227,373.998061962342,367.74158880683814,371.2174072265625,26294500,0.0,0.0
2015-01-02,371.21740346177717,376.7787128769349,369.13191243109304,371.9125671386719,59324000,0.0,0.0
2015-01-02,374.69329444037544,382.34009636773004,367.7416563245986,375.3884582519531,82848000,0.0,0.0
2015-01-02,375.3883817302647,377.47387273987727,363.57059934246007,372.60772705078125,60539000,0.0,0.0
2015-01-02,372.60778107040227,372.60778107040227,362.87548828125,362.87548828125,23834000,0.0,0.0
2015-01-02,358.70448303222656,367.04644775390625,351.0576820373535,361.4851379394531,69106500,0.0,0.0
2015-01-02,362.8754579905684,373.9980773925781,361.48513056531715,373.9980773925781,69966000,0.0,0.0
2015-01-02,377.4738752809289,407.36591328660097,377.4738752809289,405.9755859375,149244000,0.0,0.0
2015-01-02,403.1949922773573,403.8901560571458,394.1578631401062,400.4143371582031,33838500,0.0,0.0
2015-01-02,392.7674862983197,401.8046143016439,385.81584937268576,387.2061767578125,36068000,0.0,0.0
2015-01-02,383.73036628683616,402.4997863769532,382.34003887275344,402.4997863769531,76590500,0.0,0.0
2015-01-02,402.49977505084166,407.3659208632007,399.7191203009222,404.58526611328125,43599500,0.0,0.0
2015-01-02,408.7562561035156,408.7562561035156,401.1094553940961,408.7562561035156,25456500,0.0,0.0
2015-01-02,406.67077636718744,411.536922409188,403.8901214860443,406.6707763671875,10254000,0.0,0.0
2015-01-02,406.670739472802,419.1836853027344,406.670739472802,419.1836853027344,61729000,0.0,0.0
2015-01-02,419.87887531721674,427.52567602663623,404.5852738983777,408.7562561035156,43365000,0.0,0.0
2015-01-02,399.71914291381836,408.7562713623047,389.9868507385254,394.8529968261719,39053000,0.0,0.0
2015-01-02,387.2062223437848,396.24335141105445,387.2062223437848,389.98687744140625,11232500,0.0,0.0
2015-01-02,389.29169094584483,389.29169094584483,376.77874373687126,377.4739074707031,22575500,0.0,0.0
2015-01-02,384.42557394276497,400.4143410326087,378.1690998641305,399.71917724609375,18416500,0.0,0.0
2015-01-02,409.45141980437194,409.45141980437194,401.1094553940961,408.7562561035156,19768500,0.0,0.0
2015-01-02,411.5369029880799,412.9272303630396,400.4142839884021,404.58526611328125,16042000,0.0,0.0
2015-01-02,404.58527369005924,408.75625589304957,392.76749078158673,403.1949462890625,38088500,0.0,0.0
2015-01-02,394.8529818830819,408.0610921925512,394.8529818830819,403.1949462890625,43505500,0.0,0.0
2015-01-02,408.06108455068056,408.06108455068056,399.7191203009222,404.58526611328125,86518500,0.0,0.0
2015-01-02,404.58526611328125,404.58526611328125,401.8046113633618,404.58526611328125,40396000,0.0,0.0
2015-01-02,403.1949848375823,403.1949848375823,387.20621819747123,396.24334716796875,30025500,0.0,0.0
2015-01-02,392.76747903706115,397.6336247950424,388.5964969587915,394.1578063964844,37701500,0.0,0.0
2015-01-02,397.63365933620975,401.1094780367011,390.68202193522706,399.02398681640625,46690500,0.0,0.0
2015-01-02,396.2433130135808,403.8901137910359,396.2433130135808,402.4997863769531,35702500,0.0,0.0
2015-01-02,399.7191277865706,405.97560109105603,396.24330928407863,403.1949462890625,35197500,0.0,0.0
2015-01-02,403.1949539965737,410.14659113444566,404.5852814241481,407.3659362792969,20850000,0.0,0.0
2015-01-02,410.1466253837084,415.70793555840277,402.4998238935037,412.23211669921875,32150000,0.0,0.0
2015-01-02,412.9272882296955,415.0127795843909,399.7191763166244,410.841796875,32417500,0.0,0.0
2015-01-02,415.70789332037805,416.4030570215827,410.14658371074086,414.31756591796875,33814000,0.0,0.0
2015-01-02,416.4030612828466,430.30633544921875,415.707897574528,430.30633544921875,75805000,0.0,0.0
2015-01-02,431.6966781011663,442.8192978268002,431.6966781011663,438.6483154296875,46447000,0.0,0.0
2015-01-02,425.4402345317516,435.867691260471,425.4402345317516,433.0870361328125,34772500,0.0,0.0
2015-01-02,437.95318754592745,437.95318754592745,411.5369635352207,421.2692565917969,36403500,0.0,0.0
2015-01-02,417.09828038369454,431.0015563964844,415.01278898177605,431.0015563964844,16248000,0.0,0.0
2015-01-02,422.6595531690831,444.9047928095612,422.6595531690831,443.51446533203125,18756500,0.0,0.0
2015-01-02,443.51445021409256,461.5887068058894,440.7337953538161,451.8564147949219,61745000,0.0,0.0
2015-01-02,458.11282459343266,458.11282459343266,436.56275241984173,440.7337341308594,39946000,0.0,0.0
2015-01-02,440.73381819998383,441.4289819510879,428.22087068011047,436.5628356933594,35358500,0.0,0.0
2015-01-02,439.34356078161113,459.5033127795015,439.34356078161113,451.1613464355469,46831000,0.0,0.0
2015-01-02,451.1612510798528,458.1128882305439,446.9902687894381,451.8564147949219,48611500,0.0,0.0
2015-01-02,451.8564224243164,453.9419136047363,442.8192939758301,444.90478515625,38729000,0.0,0.0
2015-01-02,444.90472784624416,445.59989148350394,443.51440057172465,444.2095642089844,41718500,0.0,0.0
2015-01-02,439.3434601789751,451.16124312682723,433.0869868536416,442.1241149902344,40577500,0.0,0.0
2015-01-02,431.69666705791764,457.41772451547473,431.69666705791764,451.8564147949219,37600500,0.0,0.0
2015-01-02,444.90475044431275,451.8563871700052,434.4772953557742,440.0386047363281,41118500,0.0,0.0
2015-01-02,437.9531478881836,444.90478515625,428.91601943969727,444.90478515625,28889000,0.0,0.0
2015-01-02,444.90478515625,444.90478515625,444.90478515625,444.90478515625,0,0.0,0.0
2015-01-02,444.90478515625,444.90478515625,444.90478515625,444.90478515625,0,0.0,0.0
2015-01-02,444.90478515625,444.90478515625,444.90478515625,444.90478515625,0,0.0,0.0
2015-01-02,444.90478515625,444.90478515625,444.90478515625,444.90478515625,0,0.0,0.0
2015-01-02,444.90478515625,444.90478515625,444.90478515625,444.90478515625,0,0.0,0.0
2015-01-02,431.69661873830876,446.99021875802345,431.00145510104903,444.2095642089844,24541500,0.0,0.0
2015-01-02,444.2096745856455,447.6854936356114,442.81934696565907,446.295166015625,15289500,0.0,0.0
2015-01-02,446.2951126098633,445.59994888305664,440.73380279541016,444.90478515625,8987000,0.0,0.0
2015-01-02,446.2950777894513,446.2950777894513,435.17245902834344,440.0386047363281,11418000,0.0,0.0
2015-01-02,433.78219991472713,440.03867395195874,432.39187235089787,433.0870361328125,13748000,0.0,0.0
2015-01-02,431.0015335823726,431.6966973462151,418.4885858332069,429.6112060546875,19505000,0.0,0.0
2015-01-02,428.2208557128906,444.90478515625,425.44020080566406,444.90478515625,24196000,0.0,0.0
2015-01-02,445.59994888305664,445.59994888305664,437.9531478881836,444.90478515625,12379000,0.0,0.0
2015-01-02,436.56273278957457,462.9789491048673,435.1724056150855,456.0273132324219,20430500,0.0,0.0
2015-01-02,458.8081203598574,471.3210690969444,456.0274650849492,461.5887756347656,44004000,0.0,0.0
2015-01-02,450.46604392802817,471.3209533691406,450.46604392802817,471.3209533691406,24036000,0.0,0.0
2015-01-02,471.321117845781,472.711445627037,450.46620112694114,453.2468566894531,48910000,0.0,0.0
2015-01-02,444.90478515625,446.2951126098633,426.83052825927734,433.78216552734375,27167500,0.0,0.0
2015-01-02,437.95317122079797,446.2951363869084,429.6112060546875,429.6112060546875,21934000,0.0,0.0
2015-01-02,429.61122879520536,444.90483240927415,429.61122879520536,431.0015563964844,28203500,0.0,0.0
2015-01-02,437.9531478881836,467.1500244140625,432.39183807373047,467.1500244140625,16788500,0.0,0.0
2015-01-02,458.8080365942158,458.8080365942158,440.73378060717096,454.6370544433594,22897000,0.0,0.0
2015-01-02,450.4661545351327,461.5887756347656,446.2951716227704,461.5887756347656,24165500,0.0,0.0
2015-01-02,462.97911113266497,464.36943879372404,457.4178004884288,460.1984558105469,45994500,0.0,0.0
2015-01-02,453.24669790694963,465.7596435546875,444.9047341417911,465.7596435546875,21774000,0.0,0.0
2015-01-02,465.759806720757,468.540462283269,450.46620112694114,453.2468566894531,27693000,0.0,0.0
2015-01-02,450.46607998934655,458.8080444335937,450.46607998934655,458.80804443359375,8236500,0.0,0.0
2015-01-02,457.41764040691095,461.5886219303782,454.63698605793275,456.0273132324219,14254500,0.0,0.0
2015-01-02,461.58881591796876,492.17602661132815,461.58881591796876,486.6147155761719,80228000,0.0,0.0
2015-01-02,487.7359098546645,489.1374498255112,470.91743020450366,476.5235900878906,25540500,5.6,0.0
2015-01-02,476.5234800826671,482.12963867187494,473.7204007880632,482.129638671875,30665000,0.0,0.0
2015-01-02,477.9251092312604,489.13742850941316,470.917409682415,473.7204895019531,15112000,0.0,0.0
2015-01-02,473.72039649166277,476.52347576084424,468.1142379532999,469.5157775878906,54042500,0.0,0.0
2015-01-02,468.11433048192356,483.53126950977133,468.11433048192356,477.92510986328125,24353500,0.0,0.0
2015-01-02,479.3267010815571,497.54672188290283,476.5236209582731,484.932861328125,36866500,0.0,0.0
2015-01-02,484.93280878010586,487.73588859964406,472.3189495921841,473.7204895019531,35009000,0.0,0.0
2015-01-02,473.7204379127139,476.52351742699034,463.90965961274645,470.9173583984375,29723000,0.0,0.0
2015-01-02,473.7204007880632,483.53117831917695,472.3188611407612,482.129638671875,21832000,0.0,0.0
2015-01-02,482.129654752994,482.129654752994,458.30347995415417,468.1142578125,72030500,0.0,0.0
2015-01-02,469.5158664951383,470.9174063951238,449.8943078953415,452.6973876953125,91879500,0.0,0.0
2015-01-02,458.3035472952544,461.1066270952254,452.6973876953125,452.6973876953125,25193000,0.0,0.0
2015-01-02,449.8942138479335,449.8942138479335,442.88651581291896,444.2880554199219,40016500,0.0,0.0
2015-01-02,444.28809649389495,448.49271570361634,444.28809649389495,445.68963623046875,21434000,0.0,0.0
2015-01-02,447.09117596704255,449.8942554401902,437.280397811026,445.68963623046875,50211000,0.0,0.0
2015-01-02,442.8866271972656,444.2881671567506,438.6820073188106,442.8866271972656,31445000,0.0,0.0
2015-01-02,449.89433932017135,465.311279296875,444.2881793286427,465.311279296875,39889000,0.0,0.0
2015-01-02,465.3111140553544,465.3111140553544,455.5003375541873,459.7049560546875,34249500,0.0,0.0
2015-01-02,462.50811877551376,469.51581754483976,459.7050392677834,466.7127380371094,63987000,0.0,0.0
2015-01-02,469.5157975065494,469.5157975065494,466.7127181184506,468.1142578125,19198000,0.0,0.0
2015-01-02,455.50040056605536,470.9173372005988,455.50040056605536,468.1142578125,17045000,0.0,0.0
2015-01-02,468.11438980570597,468.11438980570597,444.2882082886491,456.9020690917969,33647500,0.0,0.0
2015-01-02,451.29582779495803,455.5004473085757,449.8942879570855,454.0989074707031,14051500,0.0,0.0
2015-01-02,447.0912280953705,455.50046749528343,447.0912280953705,452.6973876953125,28319000,0.0,0.0
2015-01-02,459.7050381747159,466.7127369273793,459.7050381747159,462.50811767578125,52325500,0.0,0.0
2015-01-02,468.11427667791196,468.11427667791196,455.50041892311793,462.50811767578125,26157500,0.0,0.0
2015-01-02,462.50821889557454,462.50821889557454,449.8943583802407,451.2958984375,31657500,0.0,0.0
2015-01-02,461.10649555485423,468.11419305568785,451.2957190536871,459.7049560546875,63195000,0.0,0.0
2015-01-02,461.1065979003907,463.90967752288543,451.2958192216589,461.1065979003906,33029500,0.0,0.0
2015-01-02,461.1065979003907,462.508137711638,451.2958192216589,461.1065979003906,54713000,0.0,0.0
2015-01-02,461.10649555485423,461.10649555485423,455.5003375541873,459.7049560546875,31906500,0.0,0.0
2015-01-02,455.5004358291626,462.50813484191895,445.6896572113037,448.49273681640625,42585500,0.0,0.0
2015-01-02,454.0989163676773,454.0989163676773,445.6896771756833,447.0912170410156,36977000,0.0,0.0
2015-01-02,447.091197013855,452.69735622406006,445.6896572113037,448.49273681640625,44850500,0.0,0.0
2015-01-02,449.89429677168033,449.89429677168033,445.6896771756833,447.0912170410156,27241500,0.0,0.0
2015-01-02,448.49273681640625,459.7050552368164,445.6896572113037,448.49273681640625,30299500,0.0,0.0
2015-01-02,451.2957534549364,451.2957534549364,438.6818969919102,444.2880554199219,26930000,0.0,0.0
2015-01-02,448.4926892201835,458.303466796875,447.0911495663704,458.303466796875,24643500,0.0,0.0
2015-01-02,455.50042724609375,459.7050465745192,454.09888746995193,455.50042724609375,28300000,0.0,0.0
2015-01-02,455.5004386554011,465.31121733413283,452.6973590329063,461.1065979003906,22289000,0.0,0.0
2015-01-02,452.6973394220526,462.5081176757813,452.6973394220526,462.50811767578125,19608000,0.0,0.0
2015-01-02,462.50818663005583,462.50818663005583,442.8866271972656,442.8866271972656,33911000,0.0,0.0
2015-01-02,451.29579967151994,462.5081176757813,449.8942599209872,462.50811767578125,59480500,0.0,0.0
2015-01-02,462.5081176757813,466.7127369273793,459.7050381747159,462.50811767578125,29304500,0.0,0.0
2015-01-02,455.5004473085757,461.10660666006584,451.29582779495803,454.0989074707031,24471000,0.0,0.0
2015-01-02,452.6973676328306,456.9019871464482,442.8865887677228,454.0989074707031,35549500,0.0,0.0
2015-01-02,454.09897855201865,454.09897855201865,447.09127826572205,451.2958984375,26514500,0.0,0.0
2015-01-02,449.8942766189575,451.2958164215088,444.28811740875244,448.49273681640625,18629500,0.0,0.0
2015-01-02,445.6896649874174,448.4927446414263,434.4773463713817,437.2804260253906,48071000,0.0,0.0
2015-01-02,441.4850872377806,444.2881671567506,434.4773874403555,442.8866271972656,43795500,0.0,0.0
2015-01-02,441.4850665049948,449.89430586699467,433.0758271429949,440.0835266113281,33392500,0.0,0.0
2015-01-02,440.0835047848402,444.28812425730683,427.46964636744036,433.0758056640625,24784500,0.0,0.0
2015-01-02,434.4773543508429,435.87889420358755,423.2650355288857,426.068115234375,22510500,0.0,0.0
2015-01-02,428.87122760241544,444.2881671567506,424.6666077239604,442.8866271972656,46504000,0.0,0.0
2015-01-02,441.48494255252,459.7049560546875,440.0834030523533,459.7049560546875,64978500,0.0,0.0
2015-01-02,451.29582429543524,458.3035234304575,437.2804260253907,437.2804260253906,29447500,0.0,0.0
2015-01-02,447.0912082813404,454.0989074707031,442.8865887677228,454.0989074707031,14155000,0.0,0.0
2015-01-02,447.09119978791676,461.1065979003907,445.6896599766694,461.1065979003906,17829000,0.0,0.0
2015-01-02,447.0911748008122,452.69733373248386,440.0834761362227,441.4850158691406,47582000,0.0,0.0
2015-01-02,441.4850665049948,445.68968618599473,435.8789069303282,440.0835266113281,31882500,0.0,0.0
2015-01-02,435.87889420358755,437.28043405633224,421.86349567614104,426.068115234375,42648000,0.0,0.0
2015-01-02,426.06811680947584,434.47735595703125,420.4619573777722,434.47735595703125,15327000,0.0,0.0
2015-01-02,427.46959524744886,430.2726745605469,420.4618969647038,430.2726745605469,22622500,0.0,0.0
2015-01-02,423.2650555399778,427.4696752969975,406.44657651189925,424.6665954589844,85324500,0.0,0.0
2015-01-02,413.45426383685736,417.6588834690966,407.8481043272051,410.65118408203125,26899000,0.0,0.0
2015-01-02,413.45423414900495,419.0603932561101,409.2496148186761,414.85577392578125,11445000,0.0,0.0
2015-01-02,419.06037434895836,427.46961263020836,413.4542154947917,420.4619140625,18155000,0.0,0.0
2015-01-02,420.4619140625,420.4619140625,412.05267578125,420.4619140625,32939000,0.0,0.0
2015-01-02,416.25729492187503,421.8634537760417,414.85575520833333,420.4619140625,22023500,0.0,0.0
2015-01-02,421.8634537760417,434.47731119791666,420.4619140625,420.4619140625,40167000,0.0,0.0
2015-01-02,423.2650223297327,427.4696417568492,409.2496242393442,412.0527038574219,11801000,0.0,0.0
2015-01-02,413.45426156487264,414.85580143458407,392.43116351920116,398.0373229980469,47227000,0.0,0.0
2015-01-02,393.8326687532313,396.6357482461368,375.6126520493451,381.21881103515625,87136500,0.0,0.0
2015-01-02,381.2188173491379,406.44653320312494,381.2188173491379,406.446533203125,68315500,0.0,0.0
2015-01-02,406.446562976372,413.4542623380336,393.8327041253811,402.241943359375,39306500,0.0,0.0
2015-01-02,403.64350346918707,407.8481232969911,395.234263813579,400.8404235839844,28835500,0.0,0.0
2015-01-02,403.6434611868351,403.6434611868351,388.2265234331713,395.2342224121094,29523000,0.0,0.0
2015-01-02,398.0373229980469,402.2419426071812,385.423464170644,398.0373229980469,35606000,0.0,0.0
2015-01-02,403.64351253372297,405.0450525077984,388.2265728188933,389.62811279296875,31652500,0.0,0.0
2015-01-02,391.0296030247465,398.0373020036846,389.62806322895887,395.2342224121094,40589000,0.0,0.0
2015-01-02,392.4311514623759,392.4311514623759,382.6203726758165,388.2265319824219,32016000,0.0,0.0
2015-01-02,385.42344288159444,391.02960205078125,379.8172837124076,391.02960205078125,49852000,0.0,0.0
2015-01-02,391.0295926022784,396.6357516360028,388.2265130854162,393.8326721191406,17832000,0.0,0.0
2015-01-02,395.23422337582235,402.2419223718476,395.23422337582235,399.4388427734375,58575500,0.0,0.0
2015-01-02,396.63586436680384,399.4389446803502,389.62816358293804,392.4312438964844,42304500,0.0,0.0
2015-01-02,392.4311743842231,403.64349365234375,392.4311743842231,403.64349365234375,39502500,0.0,0.0
2015-01-02,405.0450744628906,406.44661451293524,400.84045431275683,405.0450744628906,29118500,0.0,0.0
2015-01-02,406.446562976372,406.446562976372,395.2342439977134,402.241943359375,34978000,0.0,0.0
2015-01-02,406.4465264713063,406.4465264713063,381.21881103515625,381.21881103515625,48258500,0.0,0.0
2015-01-02,384.02184739753386,385.4233869865759,371.407991096155,375.61260986328125,33711000,0.0,0.0
2015-01-02,375.6126699771521,379.81728941719484,371.4080505371094,371.4080505371094,27464000,0.0,0.0
2015-01-02,371.4079878712428,377.01414617873326,361.5972108331345,367.203369140625,71109500,0.0,0.0
2015-01-02,362.99882026085487,371.4080593402569,360.19574056772086,364.4003601074219,32549500,0.0,0.0
2015-01-02,362.9988088607788,367.2034282684326,355.99110984802246,358.794189453125,132595000,0.0,0.0
2015-01-02,361.59727184367625,371.4080505371094,357.3926524036335,371.4080505371094,59132500,0.0,0.0
2015-01-02,371.40800653502,371.40800653502,361.59722900390625,361.59722900390625,59647000,0.0,0.0
2015-01-02,364.40033075020796,375.6126486194451,361.5972512828987,368.6049499511719,58478000,0.0,0.0
2015-01-02,364.4003601074219,368.6049796471229,361.59728041428787,364.4003601074219,60973500,0.0,0.0
2015-01-02,364.4003601074219,367.2034398005559,362.99882026085487,364.4003601074219,21616000,0.0,0.0
2015-01-02,364.40035147037145,371.4080505371094,357.3926524036335,371.4080505371094,56284500,0.0,0.0
2015-01-02,371.407991096155,378.41568904136545,367.2033723290287,375.61260986328125,62246500,0.0,0.0
2015-01-02,375.6126916956018,381.2188512731481,371.4080720124421,378.415771484375,106732000,0.0,0.0
2015-01-02,382.62035927076016,382.62035927076016,371.4080410503716,374.21112060546875,61940000,0.0,0.0
2015-01-02,365.8018999539889,371.4080593402569,361.59728041428787,364.4003601074219,31077000,0.0,0.0
2015-01-02,358.7941718155894,370.00648968482653,358.7941718155894,368.6049499511719,18340500,0.0,0.0
2015-01-02,370.0065107237618,371.4080505371094,362.99881165702385,371.4080505371094,20564000,0.0,0.0
2015-01-02,371.4080174273045,371.4080174273045,361.59723960847003,362.998779296875,47036000,0.0,0.0
2015-01-02,362.9988492076615,364.4003891659923,348.98344962435414,351.7865295410156,78486000,0.0,0.0
2015-01-02,350.3849766835445,354.58959640374707,332.1649578960002,333.5664978027344,67681500,0.0,0.0
2015-01-02,329.36185087752244,347.5818681601088,326.5587712955861,346.1803283691406,84364000,0.0,0.0
2015-01-02,347.5818681601088,350.38494774204514,339.1726294142997,346.1803283691406,107967000,0.0,0.0
2015-01-02,346.18032934570317,350.38494873046875,336.36955078125004,350.38494873046875,67504500,0.0,0.0
2015-01-02,353.1880379953692,353.1880379953692,329.3618608290149,347.5818786621094,113349500,0.0,0.0
2015-01-02,351.78647794302213,357.3926369540663,344.7787791792169,348.9833984375,58865000,0.0,0.0
2015-01-02,343.3772446652676,343.3772446652676,316.7479889565326,329.3618469238281,135302500,0.0,0.0
2015-01-02,325.1572370406384,333.5664759296204,313.9449185219957,326.55877685546875,114149500,0.0,0.0
2015-01-02,326.55876303360606,329.3618425446241,304.1341269454614,312.5433654785156,209866000,0.0,0.0
2015-01-02,312.5433966712614,320.95263604358234,298.5279977173932,316.7480163574219,336953500,0.0,0.0
2015-01-02,319.5510685048205,337.77108556869183,312.5433696341007,329.3618469238281,232171500,0.0,0.0
2015-01-02,330.76341531129015,330.76341531129015,315.34647646203507,316.7480163574219,111213000,0.0,0.0
2015-01-02,316.7479740177189,318.1495137257619,309.74027547750387,311.1418151855469,80255000,0.0,0.0
2015-01-02,311.14175816586146,322.35407377544203,309.74021871466385,319.5509948730469,92996500,0.0,0.0
2015-01-02,319.5510987353926,333.5664978027344,319.5510987353926,333.5664978027344,137349500,0.0,0.0
2015-01-02,332.16493517004926,332.16493517004926,319.5510768724525,322.3541564941406,58478000,0.0,0.0
2015-01-02,322.3541677100026,330.7634068676549,320.9526278503939,327.9603271484375,77079500,0.0,0.0
2015-01-02,330.76339629995977,330.76339629995977,319.5510777813171,326.55877685546875,125555000,0.0,0.0
2015-01-02,327.96031108655427,358.79418648785423,325.1572315046179,346.1803283691406,211307500,0.0,0.0
2015-01-02,351.7865295410156,355.99114941600783,347.5819096660234,351.7865295410156,185854000,0.0,0.0
2015-01-02,351.78648852539067,355.99110791015624,346.18032934570317,350.38494873046875,84331000,0.0,0.0
2015-01-02,350.3849118254905,362.9987686512082,350.3849118254905,361.59722900390625,165904500,0.0,0.0
2015-01-02,365.17749389648435,368.0416311035156,356.5850822753906,358.01715087890625,110028000,11.0,0.0
2015-01-02,359.4492194824219,360.88128808593746,356.5850822753906,358.01715087890625,72158500,0.0,0.0
2015-01-02,358.01715087890625,362.3133566894531,353.72094506835936,358.01715087890625,74612500,0.0,0.0
2015-01-02,358.0170879213829,365.17742967981053,358.0170879213829,363.745361328125,48804500,0.0,0.0
2015-01-02,360.88122462475394,366.60949803149606,359.4491562730684,363.745361328125,26568000,0.0,0.0
2015-01-02,360.88125430836396,365.1774597167969,358.0171173694087,365.1774597167969,40858500,0.0,0.0
2015-01-02,366.60952818627453,366.60952818627453,362.3133227778416,365.1774597167969,32242500,0.0,0.0
2015-01-02,360.88122462475394,366.60949803149606,358.0170879213829,363.745361328125,24333500,0.0,0.0
2015-01-02,365.17745678241437,372.3377990722656,359.4491829505334,372.3377990722656,55099500,0.0,0.0
2015-01-02,370.905704574281,370.905704574281,359.44915771484375,359.44915771484375,28324500,0.0,0.0
2015-01-02,359.4491572304377,365.1774306524367,355.1529521639385,360.8812255859375,29189500,0.0,0.0
2015-01-02,363.745362296937,379.4981142074343,352.288815452939,360.8812255859375,223559000,0.0,0.0
2015-01-02,359.4492151737213,373.7699010372162,353.72094082832336,366.60955810546875,142010000,0.0,0.0
2015-01-02,372.3377327297045,395.2508239746094,369.4735963240914,395.2508239746094,137432500,0.0,0.0
2015-01-02,406.7074307130656,406.7074307130656,396.68295178703937,399.5470886230469,47261000,0.0,0.0
2015-01-02,400.979248046875,413.86786673409597,399.54717930385044,400.979248046875,47792500,0.0,0.0
2015-01-02,390.95476684570315,402.41131678989956,390.95476684570315,400.979248046875,30325000,0.0,0.0
2015-01-02,400.979248046875,403.8433855329241,399.54717930385044,400.979248046875,42690500,0.0,0.0
2015-01-02,400.979248046875,400.979248046875,400.979248046875,400.979248046875,0,0.0,0.0
2015-01-02,402.41131678989956,405.2754542759487,393.8189043317522,400.979248046875,14664500,0.0,0.0
2015-01-02,400.979210876676,413.8678283691406,395.2509364355806,413.8678283691406,52108000,0.0,0.0
2015-01-02,415.2997741699219,418.16391054350754,408.1394332359577,415.2997741699219,43413000,0.0,0.0
2015-01-02,406.7074227884513,423.8922434696535,406.7074227884513,421.0281066894531,32841000,0.0,0.0
2015-01-02,411.0036918852064,421.02817217508954,408.1395546595256,412.4357604980469,37134000,0.0,0.0
2015-01-02,412.43570215878975,412.43570215878975,399.5470864663275,405.2753601074219,54232000,0.0,0.0
2015-01-02,405.2754542759487,413.86786673409597,396.6830418178013,400.979248046875,36946500,0.0,0.0
2015-01-02,405.27535903662965,411.0036326625891,402.41122222364993,408.1394958496094,32804000,0.0,0.0
2015-01-02,408.1394991310694,411.0036359670769,395.2508833690356,399.5470886230469,56554500,0.0,0.0
2015-01-02,400.97909678583557,405.2753013942553,395.2508239746094,395.2508239746094,34043000,0.0,0.0
2015-01-02,390.9546836654493,392.38675210378426,380.9302045971044,385.2264099121094,52290000,0.0,0.0
2015-01-02,379.49810654369753,386.6584481765975,379.49810654369753,383.7943115234375,56123500,0.0,0.0
2015-01-02,382.36224319685755,385.2263798500175,382.36224319685755,383.7943115234375,21099000,0.0,0.0
2015-01-02,383.7943739353266,383.7943739353266,379.4981682569461,380.93023681640625,20370000,0.0,0.0
2015-01-02,379.49804757387585,379.49804757387585,366.6094346374046,375.20184326171875,18424500,0.0,0.0
2015-01-02,375.201931957002,383.7943426125059,375.201931957002,382.3622741699219,26000500,0.0,0.0
2015-01-02,383.7943084161932,403.84326482599437,380.9301717862216,393.81878662109375,51466500,0.0,0.0
2015-01-02,396.68288958912166,408.13943513682193,396.68288958912166,406.7073669433594,86805000,0.0,0.0
2015-01-02,409.57150142275054,425.3242514774717,408.1394332359577,415.2997741699219,98886000,0.0,0.0
2015-01-02,418.16397360559125,419.59604200835014,406.70742638352027,411.0036315917969,41856000,0.0,0.0
2015-01-02,413.867771121627,413.867771121627,403.8432922363281,403.8432922363281,38279500,0.0,0.0
2015-01-02,411.0035696095434,418.16391054350754,406.7073650491649,415.2997741699219,33816500,0.0,0.0
2015-01-02,415.2998336427448,422.4601756021025,411.00362846713017,419.5960388183594,43500000,0.0,0.0
2015-01-02,418.16399960275425,425.3243420617055,418.16399960275425,422.460205078125,55871000,0.0,0.0
2015-01-02,422.46020445952547,428.1884784182987,415.29986201105896,423.89227294921875,40966500,0.0,0.0
2015-01-02,415.2997738553077,422.4601147838475,415.2997738553077,416.7318420410156,21396500,0.0,0.0
2015-01-02,415.2998336427448,422.4601756021025,415.2998336427448,419.5960388183594,31719000,0.0,0.0
2015-01-02,422.4601756021025,426.7563807777171,416.7319020346163,419.5960388183594,58529500,0.0,0.0
2015-01-02,413.86770598312904,418.16391054350754,409.57150142275054,415.2997741699219,67622500,0.0,0.0
2015-01-02,415.29977354284836,418.16390991210943,408.1394326196958,418.1639099121094,47606500,0.0,0.0
2015-01-02,409.571563189038,415.2998368000735,406.70742638352027,411.0036315917969,77528000,0.0,0.0
2015-01-02,411.0036315917969,411.0036315917969,411.0036315917969,411.0036315917969,0,0.0,0.0
2015-01-02,405.27535903662965,416.73190628854854,400.97915381716007,408.1394958496094,44983000,0.0,0.0
2015-01-02,402.41119384765625,405.2753304586716,398.1149889311332,402.41119384765625,40731000,0.0,0.0
2015-01-02,403.8433480972237,423.8923086410575,403.8433480972237,413.8678283691406,72851000,0.0,0.0
2015-01-02,413.86770791067204,422.46011707144726,400.97909416950927,406.7073669433594,30173000,0.0,0.0
2015-01-02,405.27535489964407,422.4601756021025,405.27535489964407,419.5960388183594,64584500,0.0,0.0
2015-01-02,422.4601951012245,451.1015642606295,421.0281266432542,446.80535888671875,134947000,0.0,0.0
2015-01-02,452.5336003379216,455.3977370489211,443.9411902049231,451.1015319824219,51027500,0.0,0.0
2015-01-02,436.7809136085261,442.5091878853592,436.7809136085261,438.2129821777344,22046000,0.0,0.0
2015-01-02,436.78088999602755,438.2129584878178,415.2998626191737,422.460205078125,78829000,0.0,0.0
2015-01-02,422.46017881386786,422.46017881386786,405.2753579807614,411.0036315917969,53125500,0.0,0.0
2015-01-02,415.2998969794144,419.59610281023595,412.43575975886677,413.8678283691406,27981500,0.0,0.0
2015-01-02,409.57160225749885,409.57160225749885,392.38677978515625,392.38677978515625,142821000,0.0,0.0
2015-01-02,393.81884832451817,398.1150539426038,389.5226427064325,392.38677978515625,64454500,0.0,0.0
2015-01-02,395.25088391201103,400.9791575918953,392.38674707206894,398.1150207519531,69903500,0.0,0.0
2015-01-02,399.54717930385044,403.8433855329241,395.25097307477677,400.979248046875,35594000,0.0,0.0
2015-01-02,400.97919102132755,400.97919102132755,390.9547112457944,392.38677978515625,22429500,0.0,0.0
2015-01-02,393.8188503589137,395.2509189056734,383.7943705315959,388.090576171875,32174500,0.0,0.0
2015-01-02,388.090542349144,396.6829528808594,385.2264055052389,396.6829528808594,32272000,0.0,0.0
2015-01-02,400.97915814671705,400.97915814671705,395.25088445890685,396.6829528808594,51501000,0.0,0.0
2015-01-02,396.68292552806713,398.11499385127314,386.658447265625,386.658447265625,41002500,0.0,0.0
2015-01-02,388.090576171875,393.8188503589137,385.2264390783556,388.090576171875,63182000,0.0,0.0
2015-01-02,390.9546819574693,392.38675038954796,382.3622713649974,389.5226135253906,91228500,0.0,0.0
2015-01-02,389.52261755601415,389.52261755601415,376.63400153394014,379.4981384277344,57046000,0.0,0.0
2015-01-02,383.79434673602765,386.6584836519682,369.47366215632513,372.3377990722656,101157500,0.0,0.0
2015-01-02,369.47362738715276,388.090515588831,363.7453540943287,386.658447265625,158588000,0.0,0.0
2015-01-02,386.65847666123335,393.81881882162656,383.7943397970761,389.5226135253906,59197500,0.0,0.0
2015-01-02,386.65847949767385,388.0905479402578,380.9302057273379,382.3622741699219,24221500,0.0,0.0
2015-01-02,378.0660705566406,382.3622759038752,376.6340021075624,378.0660705566406,19793500,0.0,0.0
2015-01-02,378.06606884216995,388.0905479402578,378.06606884216995,382.3622741699219,43839000,0.0,0.0
2015-01-02,379.4981056495949,386.658447265625,373.76983235677085,386.658447265625,26747500,0.0,0.0
2015-01-02,386.658447265625,388.090515588831,379.4981056495949,386.658447265625,40004500,0.0,0.0
2015-01-02,389.5225790980872,408.13946706968693,389.5225790980872,402.41119384765625,102898500,0.0,0.0
2015-01-02,408.1394329267679,418.1639102267236,408.1394329267679,416.7318420410156,131886000,0.0,0.0
2015-01-02,416.7319020346163,419.5960388183594,411.00362846713017,419.5960388183594,101146000,0.0,0.0
2015-01-02,411.0035696095434,415.2997741699219,411.0035696095434,415.2997741699219,36283000,0.0,0.0
2015-01-02,412.43569999455576,413.86776839731465,408.13949478627916,411.0036315917969,41843000,0.0,0.0
2015-01-02,415.2998368000735,415.2998368000735,398.115015966967,411.0036315917969,53298500,0.0,0.0
2015-01-02,409.57150142275054,416.7318423567147,405.27529686237204,415.2997741699219,41196000,0.0,0.0
2015-01-02,413.86770598312904,415.2997741699219,411.0035696095434,415.2997741699219,37929000,0.0,0.0
2015-01-02,413.8677430308949,415.2998113458807,390.9546499911222,393.81878662109375,175139000,0.0,0.0
2015-01-02,393.81878401461023,403.84326215316395,393.81878401461023,402.41119384765625,52269500,0.0,0.0
2015-01-02,403.8432938770581,406.7074307130656,399.5470886230469,399.5470886230469,23174500,0.0,0.0
2015-01-02,399.5470886230469,399.5470886230469,399.5470886230469,399.5470886230469,0,0.0,0.0
2015-01-02,395.25088391201103,403.84329443183736,395.25088391201103,398.1150207519531,24492000,0.0,0.0
2015-01-02,399.5470843697259,415.2998368000735,399.5470843697259,411.0036315917969,41953500,0.0,0.0
2015-01-02,415.2998969794144,422.46024003078367,405.2754167074975,413.8678283691406,66315500,0.0,0.0
2015-01-02,409.57162253831905,415.2998969794144,406.7074853177714,413.8678283691406,63147500,0.0,0.0
2015-01-02,415.2998969794144,415.2998969794144,408.13955392804525,413.8678283691406,36980000,0.0,0.0
2015-01-02,409.57159423828125,415.29986828357187,406.70745721563594,409.57159423828125,75712500,0.0,0.0
2015-01-02,413.8677705690633,413.8677705690633,405.2753601074219,405.2753601074219,16116500,0.0,0.0
2015-01-02,412.4357027094415,412.4357027094415,403.8432922363281,403.8432922363281,72043500,0.0,0.0
2015-01-02,406.7073987641793,406.7073987641793,399.5470572366409,402.41119384765625,37440500,0.0,0.0
2015-01-02,405.27538870431323,411.0036627496039,402.4112516816679,409.57159423828125,28787000,0.0,0.0
2015-01-02,413.8677997722492,413.8677997722492,403.8433201929906,409.57159423828125,36176000,0.0,0.0
2015-01-02,411.0036315917969,412.43569999455576,406.70742638352027,411.0036315917969,21045000,0.0,0.0
2015-01-02,415.2997761041346,415.2997761041346,405.2752987498968,406.7073669433594,35010000,0.0,0.0
2015-01-02,415.2997761041346,415.2997761041346,405.2752987498968,406.7073669433594,41562000,0.0,0.0
2015-01-02,411.0036627496039,413.8677997722492,406.70745721563594,409.57159423828125,17319000,0.0,0.0
2015-01-02,408.1395257269586,411.0036627496039,406.70745721563594,409.57159423828125,30346000,0.0,0.0
2015-01-02,409.571563189038,412.43569999455576,408.13949478627916,411.0036315917969,49849500,0.0,0.0
2015-01-02,409.571563189038,422.46017881386786,403.8432895780025,411.0036315917969,86893500,0.0,0.0
2015-01-02,411.0036627496039,419.5960738175399,405.27538870431323,409.57159423828125,59174000,0.0,0.0
2015-01-02,413.8678283691406,431.0526516924267,411.0036911485929,413.8678283691406,70613000,0.0,0.0
2015-01-02,415.2998368000735,418.16397360559125,405.2753579807614,411.0036315917969,58036000,0.0,0.0
2015-01-02,406.7073669433594,408.13943513682193,405.2752987498968,406.7073669433594,17721000,0.0,0.0
2015-01-02,406.7074307130656,406.7074307130656,395.2508833690356,399.5470886230469,99975500,0.0,0.0
2015-01-02,402.141575532801,402.141575532801,387.72789899040674,392.052001953125,62034000,3.6,0.0
2015-01-02,389.16924853341857,405.0242919921875,389.16924853341857,405.0242919921875,55916500,0.0,0.0
2015-01-02,397.81747342139175,419.43798828125,397.81747342139175,419.43798828125,67304000,0.0,0.0
2015-01-02,419.43798828125,419.43798828125,419.43798828125,419.43798828125,0,0.0,0.0
2015-01-02,416.55522428240096,419.43795939854215,400.70018114362443,403.5829162597656,69370500,0.0,0.0
2015-01-02,403.582909427472,405.02427696114154,386.2864990234375,386.2864990234375,96329000,0.0,0.0
2015-01-02,389.1692062904095,389.1692062904095,374.75553198335723,376.1968994140625,102575500,0.0,0.0
2015-01-02,376.1968994140625,381.96236913688335,368.9900622605364,376.1968994140625,84751500,0.0,0.0
2015-01-02,379.0797198902477,384.84519091519445,376.19698437777436,380.5210876464844,32439500,0.0,0.0
2015-01-02,381.96241448395443,399.25882570586936,381.96241448395443,394.9347229003906,111548000,0.0,0.0
2015-01-02,396.3760823120564,396.3760823120564,389.1692444518372,393.49334716796875,23996500,0.0,0.0
2015-01-02,396.3760823120564,396.3760823120564,384.8451417357057,393.49334716796875,23426500,0.0,0.0
2015-01-02,394.9347028834846,403.5829080561156,390.61060029716907,402.14154052734375,28137000,0.0,0.0
2015-01-02,402.14154870169506,406.4656513759068,397.8174460274833,403.5829162597656,18840000,0.0,0.0
2015-01-02,399.2587416770241,407.9069454678622,396.3760070800781,396.3760070800781,91578000,0.0,0.0
2015-01-02,393.49335327148435,405.0242940266927,389.16925048828125,389.16925048828125,23485500,0.0,0.0
2015-01-02,393.4933907155241,393.4933907155241,381.9624488630545,384.8451843261719,33131500,0.0,0.0
2015-01-02,380.52105525090144,387.7278934185322,373.31421708327076,374.7555847167969,45546000,0.0,0.0
2015-01-02,381.96241459791264,381.96241459791264,368.99010617760615,373.314208984375,40832500,0.0,0.0
2015-01-02,373.314208984375,373.314208984375,373.314208984375,373.314208984375,0,0.0,0.0
2015-01-02,373.314208984375,373.314208984375,373.314208984375,373.314208984375,0,0.0,0.0
2015-01-02,373.314208984375,373.314208984375,373.314208984375,373.314208984375,0,0.0,0.0
2015-01-02,373.314208984375,373.314208984375,373.314208984375,373.314208984375,0,0.0,0.0
2015-01-02,373.314208984375,373.314208984375,373.314208984375,373.314208984375,0,0.0,0.0
2015-01-02,373.314208984375,373.314208984375,373.314208984375,373.314208984375,0,0.0,0.0
2015-01-02,380.5210183727424,386.28648834808695,373.31418090356163,379.07965087890625,74561500,0.0,0.0
2015-01-02,379.0797005000077,379.0797005000077,363.2246559924028,366.1073913574219,42737500,0.0,0.0
2015-01-02,361.78328792490856,361.78328792490856,334.3973019863697,338.7214050292969,251064000,0.0,0.0
2015-01-02,338.7214130466267,343.0455161919028,332.9559421862586,340.16278076171875,121602500,0.0,0.0
2015-01-02,337.2800231160997,344.48686121687103,337.2800231160997,341.6041259765625,93296500,0.0,0.0
2015-01-02,353.1350818390542,353.1350818390542,337.2800373483212,338.7214050292969,26740500,0.0,0.0
2015-01-02,340.16276271654215,341.60413035517155,328.6318216075068,331.5145568847656,135661500,0.0,0.0
2015-01-02,332.95592635717145,341.6041322365785,330.07319106403577,337.280029296875,84331500,0.0,0.0
2015-01-02,340.1627459609718,340.1627459609718,324.3077027170282,328.6318054199219,107163000,0.0,0.0
2015-01-02,328.6317805989583,328.6317805989583,315.6594734700521,324.30767822265625,128676000,0.0,0.0
2015-01-02,327.1904521030662,328.6318197334762,322.8663492118363,325.74908447265625,42967500,0.0,0.0
2015-01-02,321.4249490273965,325.7490514806799,315.65947908968536,319.98358154296875,51389500,0.0,0.0
2015-01-02,321.42498341435976,332.9559245233951,321.42498341435976,331.5145568847656,121187000,0.0,0.0
2015-01-02,331.5145632033831,331.5145632033831,327.1904602050781,327.1904602050781,83336000,0.0,0.0
2015-01-02,327.19041314019097,328.6317805989583,324.30767822265625,324.30767822265625,88379500,0.0,0.0
2015-01-02,328.6318054199219,330.0731729875531,324.3077027170282,328.6318054199219,164474000,0.0,0.0
2015-01-02,328.63178316474483,330.0731506347656,324.3076807546824,330.0731506347656,83978000,0.0,0.0
2015-01-02,331.51451005364345,331.51451005364345,311.3353659634216,312.7767333984375,153160500,0.0,0.0
2015-01-02,317.1008865423664,330.07319553728144,312.77678354406146,327.1904602050781,442327000,0.0,0.0
2015-01-02,330.07317079816545,331.5145383562361,322.8663330078125,322.8663330078125,71372500,0.0,0.0
2015-01-02,327.1904713258905,348.8109870522709,327.1904713258905,340.16278076171875,311911500,0.0,0.0
2015-01-02,341.6041322365785,341.6041322365785,331.5145587106036,337.280029296875,123987500,0.0,0.0
2015-01-02,338.7213628618549,351.6936703757132,335.8386278587753,347.36956787109375,240722500,0.0,0.0
2015-01-02,350.2523171652311,351.6936847255818,341.6041118031266,344.4868469238281,25536500,0.0,0.0
2015-01-02,344.4868592356408,345.92822684750536,334.3972859525885,335.8386535644531,37811500,0.0,0.0
2015-01-02,335.8386598006539,343.04549799380095,331.5145568847656,331.5145568847656,82068000,0.0,0.0
2015-01-02,335.8386535644531,338.72138878818237,332.95591834072394,335.8386535644531,39208000,0.0,0.0
2015-01-02,335.83864156172365,344.4868469238281,335.83864156172365,344.4868469238281,93067000,0.0,0.0
2015-01-02,348.8109076052296,356.0177445392219,345.92817283163265,353.135009765625,142291000,0.0,0.0
2015-01-02,347.36961111515126,348.810978796127,337.2800373483212,338.7214050292969,92840000,0.0,0.0
2015-01-02,340.16278076171875,344.4868839069948,334.39730990135064,340.16278076171875,62081500,0.0,0.0
2015-01-02,343.0455161919028,347.3696193371789,337.28004533153467,340.16278076171875,52913500,0.0,0.0
2015-01-02,338.72139507791275,340.16276271654215,331.5145568847656,331.5145568847656,128689500,0.0,0.0
2015-01-02,331.5145568847656,331.5145568847656,331.5145568847656,331.5145568847656,0,0.0,0.0
2015-01-02,331.5145345580526,335.8386371827229,331.5145345580526,332.9559020996094,38069000,0.0,0.0
2015-01-02,337.2800274392833,337.2800274392833,330.0731892461362,331.5145568847656,56755500,0.0,0.0
2015-01-02,331.5145568847656,337.2800274392833,330.0731892461362,331.5145568847656,157260000,0.0,0.0
2015-01-02,332.95593086948475,337.28003386778977,324.30772487287476,327.1904602050781,134383500,0.0,0.0
2015-01-02,330.0731506347656,332.9558855748072,324.3076807546824,330.0731506347656,30548000,0.0,0.0
2015-01-02,332.9559081228156,332.9559081228156,327.19043785229064,328.6318054199219,50221000,0.0,0.0
2015-01-02,331.51454055518434,331.51454055518434,327.19043785229064,328.6318054199219,35499000,0.0,0.0
2015-01-02,328.63182608429094,330.07319374255536,319.9836201347043,321.42498779296875,83393500,0.0,0.0
2015-01-02,319.9835956920277,322.8663307883523,311.33539040305396,317.1008605957031,72778000,0.0,0.0
2015-01-02,319.9835732576534,319.9835732576534,311.3353685750142,318.5422058105469,50063000,0.0,0.0
2015-01-02,318.5422058105469,318.5422058105469,318.5422058105469,318.5422058105469,0,0.0,0.0
2015-01-02,321.4249671613666,324.3077022928587,305.56992393816023,307.01129150390625,121049000,0.0,0.0
2015-01-02,307.0112388824748,312.77670815726304,305.5698715637777,308.4526062011719,54962500,0.0,0.0
2015-01-02,308.4526399621641,309.8940074386228,296.9217001504944,298.3630676269531,72301000,0.0,0.0
2015-01-02,302.6872029236708,307.01130582258037,299.80446765773104,304.1285705566406,72425500,0.0,0.0
2015-01-02,308.4526864400724,308.4526864400724,292.59764180997524,295.4803771972656,59152500,0.0,0.0
2015-01-02,298.36309415731,298.36309415731,282.50805050643845,286.8321533203125,80525500,0.0,0.0
2015-01-02,289.7149207204434,298.36312730911334,282.50808189655174,292.59765625,70600500,0.0,0.0
2015-01-02,295.4803241782474,315.6594682684692,292.59758930821573,312.7767333984375,99136000,0.0,0.0
2015-01-02,314.218127659389,327.1904356820243,314.218127659389,322.8663330078125,82777500,0.0,0.0
2015-01-02,325.74906439182564,332.9559020996094,321.42496176715537,332.9559020996094,125051500,0.0,0.0
2015-01-02,332.9559081228156,334.3972756904468,324.3077027170282,328.6318054199219,39747000,0.0,0.0
2015-01-02,331.5145507288593,341.60412401191155,328.6318155051301,335.8386535644531,115262500,0.0,0.0
2015-01-02,335.83866165030713,338.7213969434428,330.07319106403577,337.280029296875,73002000,0.0,0.0
2015-01-02,337.280029296875,337.280029296875,337.280029296875,337.280029296875,0,0.0,0.0
2015-01-02,340.1627413662997,340.1627413662997,317.1008605957031,317.1008605957031,55912000,0.0,0.0
2015-01-02,322.8663554512332,324.30772310949766,309.8940465268533,321.42498779296875,40374000,0.0,0.0
2015-01-02,317.1008865423664,330.07319553728144,315.65951887626477,327.1904602050781,98718500,0.0,0.0
2015-01-02,331.5145568847656,331.5145568847656,321.42498341435976,331.5145568847656,32348500,0.0,0.0
2015-01-02,331.5145568847656,334.3972921620245,328.6318216075068,331.5145568847656,87532000,0.0,0.0
2015-01-02,330.0731918822685,332.9559271825503,312.7767800805775,315.6595153808594,121016500,0.0,0.0
2015-01-02,315.6594427946572,321.42491206944544,304.12850424508065,308.4526062011719,57725500,0.0,0.0
2015-01-02,308.4526256214489,309.8939930308949,299.80442116477275,301.24578857421875,70815500,0.0,0.0
2015-01-02,299.804443359375,304.1285459078275,295.4803408109224,299.804443359375,74481500,0.0,0.0
2015-01-02,302.68715598366475,308.4526256214489,299.80442116477275,301.24578857421875,104190000,0.0,0.0
2015-01-02,302.68715598366475,304.1285233931108,299.80442116477275,301.24578857421875,38275000,0.0,0.0
2015-01-02,302.6871613533266,314.2181008334533,301.24579391831077,312.7767333984375,66700500,0.0,0.0
2015-01-02,317.10085833514177,321.42496094880283,311.33538818359375,311.33538818359375,83749000,0.0,0.0
2015-01-02,312.77671664925504,314.21808400708574,308.45261457576305,309.89398193359375,20041000,0.0,0.0
2015-01-02,308.45263109339,317.100835703485,308.45263109339,312.7767333984375,37362000,0.0,0.0
2015-01-02,309.8939985284058,312.7767333984375,308.45263109339,312.7767333984375,58942000,0.0,0.0
2015-01-02,309.8939985284058,314.2181008334533,308.45263109339,312.7767333984375,39544500,0.0,0.0
2015-01-02,309.89402663539835,309.89402663539835,302.68718880666813,307.01129150390625,236039000,0.0,0.0
2015-01-02,307.01128329870835,309.89401835315635,302.6871807170364,305.5699157714844,14142000,0.0,0.0
2015-01-02,304.12855637241415,311.33539420114437,302.68718880666813,307.01129150390625,62088500,0.0,0.0
2015-01-02,308.4526508259324,312.7767534076043,305.5699157714844,305.5699157714844,77948000,0.0,0.0
2015-01-02,308.4526062011719,309.89397351986895,304.12850424508065,308.4526062011719,21696000,0.0,0.0
2015-01-02,311.3353741847047,319.9835790231687,309.89400671162736,314.2181091308594,88598000,0.0,0.0
2015-01-02,315.6594513649164,315.6594513649164,309.89398193359375,309.89398193359375,39985500,0.0,0.0
2015-01-02,311.3353741847047,319.9835790231687,309.89400671162736,314.2181091308594,43855000,0.0,0.0
2015-01-02,314.2180754759601,314.2180754759601,305.5698715637777,308.4526062011719,79178000,0.0,0.0
2015-01-02,314.2180754759601,314.2180754759601,307.0112388824748,308.4526062011719,49867500,0.0,0.0
2015-01-02,312.77671664925504,314.21808400708574,307.0112472179324,309.89398193359375,30414000,0.0,0.0
2015-01-02,307.0113094800139,317.10088303100025,307.0113094800139,315.6595153808594,40480000,0.0,0.0
2015-01-02,315.65954048645324,317.10090825123154,292.59765625,292.59765625,150043500,0.0,0.0
2015-01-02,291.1562540690104,292.5976216634114,280.3459971110026,281.0666809082031,199736000,0.0,0.0
2015-01-02,281.0666610717774,289.71486602783204,278.9046098327637,288.27349853515625,116561000,0.0,0.0
2015-01-02,291.15623946601363,292.5976069881226,283.94940185546875,283.94940185546875,60120500,0.0,0.0
2015-01-02,283.94940185546875,287.5528206607412,283.94940185546875,283.94940185546875,24306500,0.0,0.0
2015-01-02,286.83214515146585,295.4803505329171,284.670093806103,285.3907775878906,90095000,0.0,0.0
2015-01-02,288.27352403085445,288.27352403085445,283.2287373603145,284.67010498046875,35355500,0.0,0.0
2015-01-02,284.6700998942057,286.11146748860676,281.0666809082031,281.0666809082031,20720500,0.0,0.0
2015-01-02,281.0666610717774,291.15623352050784,281.0666610717774,288.27349853515625,59623500,0.0,0.0
2015-01-02,288.2734707080447,288.2734707080447,285.3907360009643,286.1114196777344,32213500,0.0,0.0
2015-01-02,286.1114472961426,289.71486602783204,284.6700798034668,288.27349853515625,26471000,0.0,0.0
2015-01-02,291.1562482806998,308.45265906965227,287.5528293663347,307.01129150390625,160709000,0.0,0.0
2015-01-02,307.01127176547266,317.100844077014,307.01127176547266,314.2181091308594,86539000,0.0,0.0
2015-01-02,317.10085833514177,319.9835934109158,309.89402064570675,311.33538818359375,49508500,0.0,0.0
2015-01-02,314.2181008334533,317.100835703485,311.3353659634216,312.7767333984375,18436000,0.0,0.0
2015-01-02,311.33538818359375,315.65949079725476,309.89402064570675,311.33538818359375,30596000,0.0,0.0
2015-01-02,312.77675795121627,318.54222814386543,309.8940228548917,317.1008605957031,39179000,0.0,0.0
2015-01-02,317.1008434045783,330.0731506347656,317.1008434045783,330.0731506347656,108631500,0.0,0.0
2015-01-02,328.6318216075068,331.5145568847656,322.86635105298916,331.5145568847656,79225000,0.0,0.0
2015-01-02,330.0731873638862,330.0731873638862,319.9836139510163,325.74908447265625,96568500,0.0,0.0
2015-01-02,322.8663307883523,325.74906588467684,314.2181254993786,317.1008605957031,138726000,0.0,0.0
2015-01-02,317.1008605957031,317.1008605957031,317.1008605957031,317.1008605957031,0,0.0,0.0
2015-01-02,318.54222814386543,325.74906588467684,314.2181254993786,317.1008605957031,115368500,0.0,0.0
2015-01-02,318.54224222207785,338.72138878818237,318.54224222207785,335.8386535644531,129357500,0.0,0.0
2015-01-02,337.2799685108418,353.135009765625,331.51449896364795,353.135009765625,120806500,0.0,0.0
2015-01-02,353.13505065917974,363.2246235351563,341.6041102294922,360.3418884277344,114497500,0.0,0.0
2015-01-02,361.7832140864158,361.7832140864158,347.3695402184311,353.135009765625,59355500,0.0,0.0
2015-01-02,354.57646104156,356.0178287693712,350.2523578581263,351.6937255859375,45215500,0.0,0.0
2015-01-02,356.0177958170573,356.0177958170573,340.1627522786458,345.92822265625,77201000,0.0,0.0
2015-01-02,350.3255844116211,356.1887741088867,350.3255844116211,351.7913818359375,36783000,8.0,0.0
2015-01-02,356.1888040111911,363.5177917480469,351.79141136907765,363.5177917480469,58804500,0.0,0.0
2015-01-02,359.12039261830006,362.0519876600821,347.3940124511719,347.3940124511719,127744000,0.0,0.0
2015-01-02,350.3255384429162,351.7913356748949,341.53075505104385,348.8597412109375,44074000,0.0,0.0
2015-01-02,348.8597943387051,362.0519714355469,347.39399688350045,362.0519714355469,42751500,0.0,0.0
2015-01-02,359.1203918457031,362.05198688117827,348.85980922154016,359.1203918457031,35258500,0.0,0.0
2015-01-02,360.5861741054205,362.0519715611336,350.32559191542884,356.18878173828125,43089000,0.0,0.0
2015-01-02,356.1888040111911,364.9835892954181,354.72300646381996,363.5177917480469,26946000,0.0,0.0
2015-01-02,363.5177917480469,363.5177917480469,363.5177917480469,363.5177917480469,0,0.0,0.0
2015-01-02,363.5177917480469,363.5177917480469,363.5177917480469,363.5177917480469,0,0.0,0.0
2015-01-02,364.98355114601344,375.2441329051383,362.05195635769206,370.84674072265625,58441000,0.0,0.0
2015-01-02,370.846764045033,370.846764045033,356.18878918159294,360.586181640625,36328000,0.0,0.0
2015-01-02,359.1203991059334,364.9835892954181,348.85981627433534,363.5177917480469,27370000,0.0,0.0
2015-01-02,363.5177917480469,363.5177917480469,363.5177917480469,363.5177917480469,0,0.0,0.0
2015-01-02,364.98358191665335,364.98358191665335,351.7914042570153,359.1203918457031,35238000,0.0,0.0
2015-01-02,363.51776889075154,367.9151612563655,351.7913892491144,362.0519714355469,57882500,0.0,0.0
2015-01-02,360.5861588443618,366.4493484190669,359.12036145068555,364.9835510253906,66486500,0.0,0.0
2015-01-02,364.9836042480469,369.3809970703125,356.18881860351564,366.44940185546875,54852500,0.0,0.0
2015-01-02,366.44938684278924,370.8467794849027,360.58619665330457,363.5177917480469,106208000,0.0,0.0
2015-01-02,367.9151612563655,367.9151612563655,359.1203765251376,362.0519714355469,40282500,0.0,0.0
2015-01-02,362.0520105283123,364.98360575526215,351.79142723398763,354.7230224609375,92126500,0.0,0.0
2015-01-02,354.7229301388524,357.65452460280983,344.4623495150013,348.8597412109375,33170500,0.0,0.0
2015-01-02,350.3256074929539,357.654595097409,344.46241740938984,347.3940124511719,59958000,0.0,0.0
2015-01-02,348.8598320070377,354.7230224609375,341.530843939663,354.7230224609375,94942000,0.0,0.0
2015-01-02,354.72296926965674,364.9835510253906,354.72296926965674,364.9835510253906,81605000,0.0,0.0
2015-01-02,364.9835662233877,370.8467560422373,360.5861738592505,367.9151611328125,93323500,0.0,0.0
2015-01-02,367.9151459343348,372.31253811681694,367.9151459343348,370.84674072265625,80833000,0.0,0.0
2015-01-02,370.8467483520508,370.8467483520508,362.05196380615234,369.3809509277344,44472500,0.0,0.0
2015-01-02,366.44935607910156,372.3125457763672,364.98355865478516,369.3809509277344,66328000,0.0,0.0
2015-01-02,367.9151685819851,372.31256103515625,367.9151685819851,372.31256103515625,41894500,0.0,0.0
2015-01-02,372.31253811681694,372.31253811681694,362.05195635769206,370.84674072265625,94266500,0.0,0.0
2015-01-02,370.8467483520508,372.3125457763672,366.44935607910156,369.3809509277344,57043500,0.0,0.0
2015-01-02,367.91515350341797,370.8467483520508,364.98355865478516,369.3809509277344,40974000,0.0,0.0
2015-01-02,369.38099495691193,384.0389709472656,366.4493997588412,384.0389709472656,74089500,0.0,0.0
2015-01-02,384.0389406662579,384.0389406662579,372.3125607985859,378.1757507324219,125725500,0.0,0.0
2015-01-02,372.312567388258,394.2995300292969,370.8467698788554,394.2995300292969,142813500,0.0,0.0
2015-01-02,395.7653425716386,404.56012796211945,388.4363547462379,397.23114013671875,160026500,0.0,0.0
2015-01-02,397.23106520031695,420.6838218173098,394.29947062319286,411.8890380859375,156787000,0.0,0.0
2015-01-02,395.7653409600679,414.8207092285156,389.9021507236224,414.8207092285156,63790000,0.0,0.0
2015-01-02,403.0943525010261,406.0259477919426,394.2995666282764,404.5601501464844,114100500,0.0,0.0
2015-01-02,408.95748138427734,416.2864685058594,406.02588653564453,410.42327880859375,53513000,0.0,0.0
2015-01-02,410.42334072831744,410.42334072831744,404.5601501464844,404.5601501464844,22558500,0.0,0.0
2015-01-02,395.7653198242188,403.09430722837095,394.29952234338833,395.76531982421875,38093000,0.0,0.0
2015-01-02,391.36792738172744,401.62850974754053,386.97053493923613,395.76531982421875,41200500,0.0,0.0
2015-01-02,398.6969222184066,403.09431474287436,397.2311247102507,400.1627197265625,27359500,0.0,0.0
2015-01-02,398.696921889102,407.4917069307733,398.696921889102,406.0259094238281,14033500,0.0,0.0
2015-01-02,406.0259019615006,410.4232944015169,400.162712041479,401.6285095214844,19904500,0.0,0.0
2015-01-02,401.6285095214844,401.6285095214844,401.6285095214844,401.6285095214844,0,0.0,0.0
2015-01-02,408.95750477549797,408.95750477549797,395.7653272020948,400.1627197265625,42850000,0.0,0.0
2015-01-02,400.1627122667101,400.1627122667101,392.8337248625579,395.76531982421875,43631500,0.0,0.0
2015-01-02,395.7652890771851,398.6968838110902,389.90209960937494,389.902099609375,38335000,0.0,0.0
2015-01-02,391.3679431568492,392.8337406967625,382.5731579173695,386.9705505371094,83512000,0.0,0.0
2015-01-02,389.90216134340704,391.36795894244244,382.5731733482302,384.0389709472656,48071500,0.0,0.0
2015-01-02,385.5047449728813,398.69692255750465,385.5047449728813,394.2995300292969,82961500,0.0,0.0
2015-01-02,401.62850888125547,419.21807861328125,397.23111644824905,419.21807861328125,90281000,0.0,0.0
2015-01-02,419.2180556983278,436.807624468887,413.35486610814144,417.75225830078125,88483500,0.0,0.0
2015-01-02,417.75222724018573,417.75222724018573,403.0942543545652,411.8890380859375,19722000,0.0,0.0
2015-01-02,417.75224220969466,417.75224220969466,403.0942687988282,403.0942687988281,29670000,0.0,0.0
2015-01-02,403.0942916870117,411.88907623291016,398.6968994140625,398.6968994140625,18737500,0.0,0.0
2015-01-02,398.69693827539794,404.56012854415377,388.43635530507515,391.3679504394531,32667000,0.0,0.0
2015-01-02,395.76532753869947,403.0943150857124,388.4363399916865,394.2995300292969,102340000,0.0,0.0
2015-01-02,395.7653198242188,400.1627122667101,388.4363324200666,395.76531982421875,26923000,0.0,0.0
2015-01-02,400.162735266879,400.162735266879,392.8337474414783,397.23114013671875,34421000,0.0,0.0
2015-01-02,403.0942687988282,403.0942687988282,397.23107943448156,403.0942687988281,29263500,0.0,0.0
2015-01-02,403.0942916870117,425.0812530517578,401.6284942626953,422.149658203125,113038500,0.0,0.0
2015-01-02,422.149650493421,426.5470426860608,408.9574739155016,417.75225830078125,29526500,0.0,0.0
2015-01-02,416.2864838728668,416.2864838728668,397.2311166533342,413.3548889160156,34860500,0.0,0.0
2015-01-02,398.6969143435252,411.8890916563624,397.231116864321,407.49169921875,91084500,0.0,0.0
2015-01-02,407.49169156201,413.3548813686576,400.1627043037004,408.9574890136719,29106500,0.0,0.0
2015-01-02,400.1626968383789,406.02588653564453,389.90211486816406,398.6968994140625,19884500,0.0,0.0
2015-01-02,403.0942992070242,410.4232864653338,398.6969068520385,408.9574890136719,32618500,0.0,0.0
2015-01-02,389.9020927290483,410.4232555042614,389.9020927290483,403.0942687988281,21743000,0.0,0.0
2015-01-02,398.6969377017989,400.162735266879,391.36794987639814,397.23114013671875,17906500,0.0,0.0
2015-01-02,394.29952234338833,397.2311173050492,394.29952234338833,395.76531982421875,16717500,0.0,0.0
2015-01-02,401.62853283195915,403.0943303970393,392.8337474414783,397.23114013671875,28820000,0.0,0.0
2015-01-02,394.2994917102326,398.6968838110902,389.90209960937494,389.902099609375,33789500,0.0,0.0
2015-01-02,384.03896205099744,397.23114013671875,384.03896205099744,397.23114013671875,47420000,0.0,0.0
2015-01-02,397.23114013671875,397.23114013671875,397.23114013671875,397.23114013671875,0,0.0,0.0
2015-01-02,397.2311173050492,400.1627122667101,389.902129900897,395.76531982421875,10058000,0.0,0.0
2015-01-02,395.7652890771851,395.7652890771851,389.90209960937494,389.902099609375,19044000,0.0,0.0
2015-01-02,395.7653660560722,397.2311637081317,389.90217544783405,392.8337707519531,32536500,0.0,0.0
2015-01-02,391.36789697632753,395.7652890771851,386.9705048754699,389.902099609375,38779000,0.0,0.0
2015-01-02,385.5047529971961,388.4363480770226,381.1073603774562,386.9705505371094,22782000,0.0,0.0
2015-01-02,384.0389481467762,391.3679357068292,379.64155561074443,382.5731506347656,34035500,0.0,0.0
2015-01-02,382.5731733482302,395.7653517395485,381.1073757491949,384.0389709472656,35567500,0.0,0.0
2015-01-02,385.50473682592946,416.2864838728668,385.50473682592946,413.3548889160156,41610000,0.0,0.0
2015-01-02,413.3549133526003,413.3549133526003,395.7653425716386,397.23114013671875,38301500,0.0,0.0
2015-01-02,398.69693827539794,401.62853340977586,389.90215287226414,391.3679504394531,25527500,0.0,0.0
2015-01-02,395.7653045654297,404.5600891113281,382.57312774658203,398.6968994140625,28313500,0.0,0.0
2015-01-02,395.7652890771851,398.6968838110902,385.50470750851736,389.902099609375,32986500,0.0,0.0
2015-01-02,385.5047529971961,400.162728396329,384.0389554572828,386.9705505371094,49567500,0.0,0.0
2015-01-02,385.50476017069724,394.29954557383104,384.0389626035083,391.3679504394531,36163000,0.0,0.0
2015-01-02,388.43637779577455,395.7653660560722,386.97058014371504,392.8337707519531,26338000,0.0,0.0
2015-01-02,395.7653660560722,400.1627590122508,389.90217544783405,392.8337707519531,34944000,0.0,0.0
2015-01-02,392.83369434328006,394.2994917102326,388.4363022424224,389.902099609375,40351500,0.0,0.0
2015-01-02,389.90215345027326,389.90215345027326,378.17577289537786,385.5047607421875,29554500,0.0,0.0
2015-01-02,382.573143935785,385.50473890847303,347.3940042635289,360.586181640625,48051500,0.0,0.0
2015-01-02,373.778351077184,381.10733835320724,353.25718670431905,362.0519714355469,51938000,0.0,0.0
2015-01-02,362.05199325084686,376.7099686861038,362.05199325084686,375.2441711425781,47572000,0.0,0.0
2015-01-02,375.2441711425781,375.2441711425781,375.2441711425781,375.2441711425781,0,0.0,0.0
2015-01-02,375.2441327811245,375.2441327811245,357.6545640570093,364.9835510253906,42869000,0.0,0.0
2015-01-02,351.7914296025815,364.98360821267835,335.66765574579654,337.1334533691406,90603000,0.0,0.0
2015-01-02,337.1334301862594,345.9282153215531,329.8044425735146,341.53082275390625,26911500,0.0,0.0
2015-01-02,348.85980922154016,362.05198688117827,338.5992265973772,359.1203918457031,33050500,0.0,0.0
2015-01-02,363.51776123046875,369.3809509277344,341.53079986572266,351.7913818359375,36409000,0.0,0.0
2015-01-02,341.53079986572266,362.05196380615234,338.59920501708984,357.6545715332031,39836000,0.0,0.0
2015-01-02,357.6545715332031,357.6545715332031,357.6545715332031,357.6545715332031,0,0.0,0.0
2015-01-02,351.7913892491144,369.38095871157014,351.7913892491144,362.0519714355469,20429000,0.0,0.0
2015-01-02,356.18878173828125,363.51776901684667,340.0650097254372,356.18878173828125,31438000,0.0,0.0
2015-01-02,350.3255844116211,351.7913818359375,342.99659729003906,351.7913818359375,26079000,0.0,0.0
2015-01-02,341.53082275390625,348.859810366651,331.27024009606356,341.53082275390625,60009500,0.0,0.0
2015-01-02,345.92823910920515,345.92823910920515,329.8044652524202,337.1334533691406,66883500,0.0,0.0
2015-01-02,340.0650340488979,345.9282242911203,326.87285600389754,328.3386535644531,50522000,0.0,0.0
2015-01-02,331.27018596507884,334.2017805311415,315.14641585173433,316.6122131347656,47360500,0.0,0.0
2015-01-02,323.94126088278637,334.2018438066755,316.6122730800084,328.3386535644531,52009500,0.0,0.0
2015-01-02,328.3386458333333,335.6676334635417,322.4754557291667,329.804443359375,45527000,0.0,0.0
2015-01-02,332.73606049910836,342.996643862517,332.73606049910836,337.1334533691406,36789500,0.0,0.0
2015-01-02,341.53076921660323,341.53076921660323,329.80439087440226,340.0649719238281,35449000,0.0,0.0
2015-01-02,341.5308299953655,356.18880553164723,341.5308299953655,345.92822265625,56712500,0.0,0.0
2015-01-02,345.92822265625,345.92822265625,345.92822265625,345.92822265625,0,0.0,0.0
2015-01-02,347.39401284410206,359.1203930244937,337.1334301862594,341.53082275390625,70551500,0.0,0.0
2015-01-02,342.9966118044969,363.517776613313,342.9966118044969,360.586181640625,103969000,0.0,0.0
2015-01-02,360.586181640625,360.586181640625,360.586181640625,360.586181640625,0,0.0,0.0
2015-01-02,370.846764045033,370.846764045033,357.654586667937,360.586181640625,77403000,0.0,0.0
2015-01-02,362.05198688117827,363.5177843989158,351.7914042570153,359.1203918457031,42451500,0.0,0.0
2015-01-02,360.5861190667673,362.05191629874605,348.8597412109375,348.8597412109375,40938500,0.0,0.0
2015-01-02,348.8598553645561,351.79145078778765,344.46246222970876,350.3256530761719,47522500,0.0,0.0
2015-01-02,348.8598343558933,348.8598343558933,331.2702628757643,337.1334533691406,122141000,0.0,0.0
2015-01-02,337.1334533691406,337.1334533691406,337.1334533691406,337.1334533691406,0,0.0,0.0
2015-01-02,337.1334533691406,337.1334533691406,337.1334533691406,337.1334533691406,0,0.0,0.0
2015-01-02,337.1334533691406,337.1334533691406,337.1334533691406,337.1334533691406,0,0.0,0.0
2015-01-02,337.1334533691406,337.1334533691406,337.1334533691406,337.1334533691406,0,0.0,0.0
2015-01-02,337.1334533691406,337.1334533691406,337.1334533691406,337.1334533691406,0,0.0,0.0
2015-01-02,337.1334533691406,337.1334533691406,337.1334533691406,337.1334533691406,0,0.0,0.0
2015-01-02,337.1334533691406,337.1334533691406,337.1334533691406,337.1334533691406,0,0.0,0.0
2015-01-02,328.33863844313066,332.7360309222797,312.21486601958406,325.40704345703125,132490000,0.0,0.0
2015-01-02,331.27023342923,335.6676259083791,318.07805599178283,325.40704345703125,65228000,0.0,0.0
2015-01-02,321.0096200125558,325.4070120675223,307.81744384765625,307.81744384765625,43398500,0.0,0.0
2015-01-02,312.21486601958406,331.27023342923,307.817473540435,325.40704345703125,74764000,0.0,0.0
2015-01-02,325.40700499652183,326.872802316326,312.21482911828446,321.0096130371094,35877000,0.0,0.0
2015-01-02,321.0096282255814,322.4754256147394,312.21484389063403,318.0780334472656,37389500,0.0,0.0
2015-01-02,313.68065684652095,321.0096441560191,297.556884765625,297.556884765625,74945500,0.0,0.0
2015-01-02,297.55689217280417,309.28327215990976,291.6937021792514,301.95428466796875,66379500,0.0,0.0
2015-01-02,301.9542544410342,325.4070120675223,300.4884570893787,307.81744384765625,65313500,0.0,0.0
2015-01-02,313.03470944895327,320.4879168167855,292.9110495558063,307.0721435546875,32686500,7.0,0.0
2015-01-02,310.0534265018204,310.0534265018204,293.6563702925895,307.0721435546875,22107500,0.0,0.0
2015-01-02,307.0721441560191,307.0721441560191,295.8923330823776,302.6002197265625,34218000,0.0,0.0
2015-01-02,304.09092407226564,307.07220764160155,298.12835693359375,298.12835693359375,21917500,0.0,0.0
2015-01-02,305.5814615885417,314.5253092447917,302.60017903645837,313.03466796875,80434500,0.0,0.0
2015-01-02,318.99726249076224,330.9223937988281,317.506621077254,330.9223937988281,58030000,0.0,0.0
2015-01-02,329.4317626953125,335.3943285359516,324.9598383148331,329.4317626953125,45749000,0.0,0.0
2015-01-02,332.4130667072453,332.4130667072453,321.9785758240582,326.45050048828125,47419000,0.0,0.0
2015-01-02,326.45051098744807,329.4317941928129,321.9785861794008,324.9598693847656,38588500,0.0,0.0
2015-01-02,324.9598289772316,324.9598289772316,316.0159804732711,321.9785461425781,40508500,0.0,0.0
2015-01-02,321.9785758240582,332.4130667072453,321.9785758240582,326.45050048828125,15964000,0.0,0.0
2015-01-02,326.45050048828125,344.3381991451734,320.48793426931724,326.45050048828125,115965500,0.0,0.0
2015-01-02,326.45045998568906,329.43174272528444,318.99725313670075,323.46917724609375,33698000,0.0,0.0
2015-01-02,320.4879156148658,320.4879156148658,313.03470827498523,316.0159912109375,25924500,0.0,0.0
2015-01-02,313.03470827498523,324.9598400187942,313.03470827498523,316.0159912109375,21417000,0.0,0.0
2015-01-02,316.0159715605945,318.99725431116616,302.6001991830221,305.58148193359375,61327000,0.0,0.0
2015-01-02,304.09088225862877,305.58152383832794,297.38299514998255,299.61895751953125,107215500,0.0,0.0
2015-01-02,299.61892655316524,308.56277510699107,299.61892655316524,304.0908508300781,57450000,0.0,0.0
2015-01-02,307.0721336813534,307.0721336813534,302.6002094044405,304.0908508300781,31323500,0.0,0.0
2015-01-02,305.58150267953357,305.58150267953357,297.38297455886317,302.6002197265625,76717000,0.0,0.0
2015-01-02,304.09084055830795,305.58148193359375,294.4016716189501,305.58148193359375,130956000,0.0,0.0
2015-01-02,308.5627850282539,316.0159923960862,302.60021913398816,307.0721435546875,165883000,0.0,0.0
2015-01-02,307.0721441560191,307.0721441560191,298.1282952971059,302.6002197265625,94148000,0.0,0.0
2015-01-02,304.0908716787206,311.5440793179049,299.61894709521,301.1095886230469,56399000,0.0,0.0
2015-01-02,302.60017903645837,314.5253092447917,302.60017903645837,313.03466796875,156169000,0.0,0.0
2015-01-02,317.5066751333384,317.5066751333384,307.0721834622897,310.053466796875,87348000,0.0,0.0
2015-01-02,313.0347501314603,314.525391798753,307.0721834622897,310.053466796875,46370000,0.0,0.0
2015-01-02,310.0534377900681,310.0534377900681,299.61894709521,301.1095886230469,39696500,0.0,0.0
2015-01-02,301.10956797880283,304.0908508300781,301.10956797880283,304.0908508300781,11892000,0.0,0.0
2015-01-02,302.60025297589317,302.60025297589317,291.4204406738281,291.4204406738281,45908500,0.0,0.0
2015-01-02,291.42042264071375,292.9110641887481,277.25932793438756,278.7499694824219,69865000,0.0,0.0
2015-01-02,278.7499785335671,285.45786571752996,275.7686953406947,283.96722412109375,54974000,0.0,0.0
2015-01-02,280.24062109375,284.7125458984375,279.49530029296875,279.49530029296875,45243000,0.0,0.0
2015-01-02,279.49530029296875,279.49530029296875,279.49530029296875,279.49530029296875,0,0.0,0.0
2015-01-02,282.47654226287926,286.20314572281166,280.2405801869198,280.98590087890625,61525500,0.0,0.0
2015-01-02,281.7312206413173,294.40167236328125,281.7312206413173,294.40167236328125,67322000,0.0,0.0
2015-01-02,294.40167236328125,294.40167236328125,294.40167236328125,294.40167236328125,0,0.0,0.0
2015-01-02,295.1470225116994,301.1095886230469,292.1657394560257,301.1095886230469,66414000,0.0,0.0
2015-01-02,298.1283034193572,317.5066431416154,296.63766190226045,314.5253601074219,118844000,0.0,0.0
2015-01-02,317.50665460116625,318.9972961720637,307.07216360488377,308.56280517578125,70575000,0.0,0.0
2015-01-02,308.56280517578125,317.50665460116625,304.0908804630888,308.56280517578125,78176500,0.0,0.0
2015-01-02,310.05342591208137,317.50663326573715,305.58150149988785,311.5440673828125,46587000,0.0,0.0
2015-01-02,311.54402669270837,324.95979817708337,308.562744140625,313.03466796875,67877000,0.0,0.0
2015-01-02,313.03466796875,313.03466796875,304.0908203125,313.03466796875,55302500,0.0,0.0
2015-01-02,313.03469938390396,316.01598223517925,302.6002094044405,304.0908508300781,27378500,0.0,0.0
2015-01-02,308.56277510699107,310.05341653262866,301.10956797880283,304.0908508300781,42290500,0.0,0.0
2015-01-02,298.12829781577227,299.6189393048511,275.7686754795893,284.7125244140625,55526500,0.0,0.0
2015-01-02,280.24058931790864,290.6750793457031,280.24058931790864,290.6750793457031,28314000,0.0,0.0
2015-01-02,286.20314477848103,295.8923137423359,282.47654133084455,294.40167236328125,38731500,0.0,0.0
2015-01-02,287.69382910156247,293.6563955078125,279.49530029296875,279.49530029296875,68708000,0.0,0.0
2015-01-02,279.49530029296875,279.49530029296875,279.49530029296875,279.49530029296875,0,0.0,0.0
2015-01-02,279.4952605096078,280.98590189899244,267.57012939453125,267.57012939453125,155761000,0.0,0.0
2015-01-02,269.80615234375,275.7687192463743,263.09826457829763,269.80615234375,164064000,0.0,0.0
2015-01-02,272.04209228515623,279.49530029296875,272.04209228515623,279.49530029296875,103078500,0.0,0.0
2015-01-02,279.4952705258229,279.4952705258229,270.55142186899656,272.7873840332031,33950500,0.0,0.0
2015-01-02,268.31546993046015,272.04207367949437,266.0795076810397,271.2967529296875,47171500,0.0,0.0
2015-01-02,274.278055661416,276.5140180716993,272.7874140545605,275.02337646484375,35805000,0.0,0.0
2015-01-02,275.76867610850235,281.7312420784159,274.27803461602394,280.2406005859375,91186000,0.0,0.0
2015-01-02,283.2218933105469,283.9672140824168,278.7499686793277,283.2218933105469,58463000,0.0,0.0
2015-01-02,283.2219068739149,283.2219068739149,267.57016991509335,268.31549072265625,53149000,0.0,0.0
2015-01-02,269.0608308138913,272.7874351187928,266.82486823095036,272.0421142578125,59487000,0.0,0.0
2015-01-02,272.04207367949437,274.27803592891485,269.8061114300738,271.2967529296875,18330500,0.0,0.0
2015-01-02,271.29677196215556,278.7499799830939,271.29677196215556,277.25933837890625,48949500,0.0,0.0
2015-01-02,278.7499794921875,280.24062109375,276.5140170898437,279.49530029296875,44742500,0.0,0.0
2015-01-02,279.4952811775627,279.4952811775627,269.060790680267,271.2967529296875,47771500,0.0,0.0
2015-01-02,272.78736382904475,274.2780051614439,267.5701191656477,269.0607604980469,61171000,0.0,0.0
2015-01-02,271.2967940694061,272.0421149322341,269.06083148092193,269.80615234375,35406000,0.0,0.0
2015-01-02,269.06076093905233,269.06076093905233,254.1543475906284,257.8809509277344,136241500,0.0,0.0
2015-01-02,256.3902893066406,261.6075335657874,254.15432748129203,256.3902893066406,63429000,0.0,0.0
2015-01-02,257.1356923720416,257.1356923720416,245.2105588127585,253.40908813476562,130463500,0.0,0.0
2015-01-02,253.40904674310795,259.3716125488281,251.9184052916779,259.3716125488281,42246000,0.0,0.0
2015-01-02,260.8622540002582,263.84353690311826,256.39032964596805,259.3716125488281,39526500,0.0,0.0
2015-01-02,253.4090269232072,262.35287493226156,251.9183855883648,257.8809509277344,50209000,0.0,0.0
2015-01-02,259.3716219190141,264.5888671875,259.3716219190141,264.5888671875,42797500,0.0,0.0
2015-01-02,264.5888571011818,266.07949854963914,260.1169327558097,263.8435363769531,47504500,0.0,0.0
2015-01-02,262.35286458333337,270.5513916015625,259.37158203125,270.5513916015625,78277000,0.0,0.0
2015-01-02,272.78733355238353,279.49521880367166,271.2966923854306,278.00457763671875,118049500,0.0,0.0
2015-01-02,278.00462986708357,284.7125163786218,265.3341775675114,266.0794982910156,221885500,0.0,0.0
2015-01-02,265.33421011662136,265.33421011662136,251.91843544780343,257.13568115234375,285481500,0.0,0.0
2015-01-02,257.8809772017439,260.11693943181683,250.4277697681675,251.9184112548828,136402500,0.0,0.0
2015-01-02,251.9184011578206,257.1356461522133,249.68243901736656,251.17308044433594,109687000,0.0,0.0
2015-01-02,251.91841796875,252.66373873197114,242.229248046875,242.229248046875,74615000,0.0,0.0
2015-01-02,239.24795503969546,245.21052089738257,237.01199284306279,241.48391723632812,82491000,0.0,0.0
2015-01-02,242.9745065996724,245.21046831684728,222.10553057270667,231.04937744140625,296759500,0.0,0.0
2015-01-02,231.04946508640197,252.66376988480732,231.04946508640197,244.46524047851562,279515000,0.0,0.0
2015-01-02,244.46520016517167,246.70116236180434,235.521351378641,241.48391723632812,92538500,0.0,0.0
2015-01-02,242.9745808012167,242.9745808012167,232.54008960116442,234.03073120117188,65444500,0.0,0.0
2015-01-02,237.0119934082031,237.0119934082031,228.81346533433444,237.01199340820312,47788000,0.0,0.0
2015-01-02,237.01200660499367,251.17310133925432,232.54008195206927,248.1918182373047,162157500,0.0,0.0
2015-01-02,248.19179876102422,248.19179876102422,237.01198800602313,239.99327087402344,44608500,0.0,0.0
2015-01-02,240.73860578738672,246.701171875,239.2479642654834,246.701171875,58765500,0.0,0.0
2015-01-02,246.7012030438679,248.9371656092202,241.48395705804595,244.46524047851562,47211500,0.0,0.0
2015-01-02,247.4464707963922,266.0794881756386,244.46518801571276,265.33416748046875,259039000,0.0,0.0
2015-01-02,263.84351626710395,263.84351626710395,254.8996682580496,257.8809509277344,79962000,0.0,0.0
2015-01-02,260.86223359741916,260.86223359741916,254.1543475906284,257.8809509277344,47021000,0.0,0.0
2015-01-02,254.89968793820114,266.07949881268365,252.66372576330463,261.6075744628906,80651000,0.0,0.0
2015-01-02,263.0982246818123,273.53271517910804,263.0982246818123,271.2967529296875,108244000,0.0,0.0
2015-01-02,274.27805517053093,280.9859423893754,272.0420927642494,277.25933837890625,78570000,0.0,0.0
2015-01-02,278.7499888880586,284.7125554952898,272.7874222808274,282.4765930175781,116176500,0.0,0.0
2015-01-02,282.47655341143167,282.47655341143167,269.80610114759435,272.7873840332031,52979000,0.0,0.0
2015-01-02,272.7873840332031,272.7873840332031,272.7873840332031,272.7873840332031,0,0.0,0.0
2015-01-02,272.78736366043296,279.495249652083,268.31543966599963,273.5326843261719,62620500,0.0,0.0
2015-01-02,272.04208291765815,281.7312529941775,269.0607998171907,276.5140075683594,63897500,0.0,0.0
2015-01-02,279.49530128541033,279.49530128541033,272.7874140545605,275.02337646484375,51513000,0.0,0.0
2015-01-02,276.5140170898437,286.9485083007812,272.7874130859375,279.49530029296875,120871500,0.0,0.0
2015-01-02,280.24061144394375,285.4578568697618,274.27804524300876,276.5140075683594,42271500,0.0,0.0
2015-01-02,280.98591097069794,283.2218731269635,277.25930737692215,281.7312316894531,42322500,0.0,0.0
2015-01-02,285.4578343318059,293.6563622107873,282.4765514667218,290.6750793457031,148226000,0.0,0.0
2015-01-02,292.1657421620023,295.14702524528803,284.71253445378795,285.4578552246094,126892500,0.0,0.0
2015-01-02,291.4204111149174,292.91105260399627,271.29675101235273,284.7125244140625,84118500,0.0,0.0
2015-01-02,287.6938073922202,288.4391281367597,283.9672036695231,284.7125244140625,72689500,0.0,0.0
2015-01-02,283.96720335328735,288.4391278155438,279.49527889103086,286.948486328125,41817000,0.0,0.0
2015-01-02,286.9484988502834,287.6938196265179,274.2780456542969,274.2780456542969,63955500,0.0,0.0
2015-01-02,278.7499686793277,285.45785562615646,276.5140063637181,283.2218933105469,75054000,0.0,0.0
2015-01-02,283.2218933105469,283.2218933105469,278.00464790745787,283.2218933105469,19300500,0.0,0.0
2015-01-02,286.2348505986201,290.0010986328125,278.70235453023537,290.0010986328125,32619500,4.0,0.0
2015-01-02,290.0011171613421,295.27386474609375,283.9751199216259,295.27386474609375,78207000,0.0,0.0
2015-01-02,296.7803621587065,300.5466104094515,290.00111530736547,292.2608642578125,100396500,0.0,0.0
2015-01-02,292.26086138181034,292.26086138181034,284.7283649544441,287.7413635253906,52653500,0.0,0.0
2015-01-02,288.4946131681272,290.0011124536005,283.9751153117075,287.7413635253906,52226000,0.0,0.0
2015-01-02,287.741377455578,287.741377455578,282.4686297011564,285.48162841796875,35307500,0.0,0.0
2015-01-02,286.2348937988281,290.7543921219675,286.2348937988281,286.2348937988281,68920000,0.0,0.0
2015-01-02,285.48162841796875,292.2608755307965,281.7153800219533,285.48162841796875,81429000,0.0,0.0
2015-01-02,285.4816126747737,285.4816126747737,282.46861412411647,284.7283630371094,38517500,0.0,0.0
2015-01-02,284.7283630371094,284.7283630371094,284.7283630371094,284.7283630371094,0,0.0,0.0
2015-01-02,284.7283630371094,284.7283630371094,284.7283630371094,284.7283630371094,0,0.0,0.0
2015-01-02,283.22183929189754,283.22183929189754,271.923095703125,271.923095703125,23699000,0.0,0.0
2015-01-02,277.9491436866022,280.96214253415343,274.93614483905094,280.2088928222656,25322500,0.0,0.0
2015-01-02,280.20889363824364,282.4686427804875,273.42964621151197,281.71539306640625,48948500,0.0,0.0
2015-01-02,281.71539306640625,281.71539306640625,281.71539306640625,281.71539306640625,0,0.0,0.0
2015-01-02,281.71539306640625,281.71539306640625,281.71539306640625,281.71539306640625,0,0.0,0.0
2015-01-02,281.7153467582314,286.2348442998073,274.93610044586757,280.96209716796875,17797000,0.0,0.0
2015-01-02,285.4816126747737,286.98811195010234,283.22186376178075,284.7283630371094,22561500,0.0,0.0
2015-01-02,287.74138823799467,287.74138823799467,277.1958923339844,277.1958923339844,31000500,0.0,0.0
2015-01-02,282.46861315788107,283.97511242805643,280.208864252618,283.22186279296875,25866500,0.0,0.0
2015-01-02,283.97509225122934,284.7283418327976,276.4425964355469,276.4425964355469,43825000,0.0,0.0
2015-01-02,279.4556572146532,281.7154064643674,276.44265821503427,277.94915771484375,55470500,0.0,0.0
2015-01-02,280.20887075570914,293.7673645019531,278.7023714505709,293.7673645019531,164311500,0.0,0.0
2015-01-02,290.7543658916767,295.27386380709135,290.0011162391076,293.7673645019531,70762500,0.0,0.0
2015-01-02,292.2608764328043,293.76737579586,285.4816292990537,286.9881286621094,47321500,0.0,0.0
2015-01-02,289.247849025974,290.0010986328125,285.48160099178165,290.0010986328125,43017000,0.0,0.0
2015-01-02,290.75440060439985,305.81939545436876,289.24790111940297,302.806396484375,126134000,0.0,0.0
2015-01-02,305.8193770396559,305.8193770396559,293.0141321882417,297.53363037109375,90902500,0.0,0.0
2015-01-02,297.53362778219895,299.0401271633746,291.50763025749615,293.0141296386719,41997000,0.0,0.0
2015-01-02,293.7673635581105,296.7803621587065,290.00111530736547,292.2608642578125,27122500,0.0,0.0
2015-01-02,293.7673988342285,304.3128952026367,292.26089935302736,301.2998962402344,88762000,0.0,0.0
2015-01-02,302.8063933861437,302.8063933861437,296.7803955078125,296.7803955078125,37661000,0.0,0.0
2015-01-02,299.7933645537405,301.29986387310606,296.78036591500944,298.286865234375,42161000,0.0,0.0
2015-01-02,299.7933626758809,299.7933626758809,293.7673654361647,295.27386474609375,40204500,0.0,0.0
2015-01-02,297.5335988440283,297.5335988440283,291.5076019054151,296.027099609375,34870500,0.0,0.0
2015-01-02,295.2738751589157,295.2738751589157,286.2348789805815,286.9881286621094,37780500,0.0,0.0
2015-01-02,284.72840771484374,284.72840771484374,278.70240966796877,282.4686584472656,76908500,0.0,0.0
2015-01-02,283.9751281738281,288.4946262349501,283.22187849697445,283.9751281738281,82604000,0.0,0.0
2015-01-02,283.2218459387567,284.728345119282,280.2088475777061,280.96209716796875,29456000,0.0,0.0
2015-01-02,283.2218891414788,283.2218891414788,275.68939208984375,275.68939208984375,44473000,0.0,0.0
2015-01-02,275.68939208984375,275.68939208984375,275.68939208984375,275.68939208984375,0,0.0,0.0
2015-01-02,277.19587476325756,278.7023740826231,272.676376805161,273.42962646484375,76197000,0.0,0.0
2015-01-02,275.6893605661916,276.4426101852249,269.6633636139251,274.182861328125,74497500,0.0,0.0
2015-01-02,274.182861328125,279.45560866135816,271.16986285199175,274.182861328125,44501500,0.0,0.0
2015-01-02,275.68939040378973,277.19588980490335,271.9231419010057,272.6763916015625,30783000,0.0,0.0
2015-01-02,273.4296197317391,277.19586793741047,260.62437583245656,262.8841247558594,99102500,0.0,0.0
2015-01-02,265.8971242877493,266.65037393162396,258.36462784900283,264.390625,26125500,0.0,0.0
2015-01-02,265.14385668804186,265.14385668804186,259.8711095379956,260.6243591308594,38395500,0.0,0.0
2015-01-02,263.63737535612535,265.14387464387465,256.8581285612536,264.390625,41969000,0.0,0.0
2015-01-02,265.1438903808594,268.1568891351873,262.1308916265314,265.1438903808594,31997000,0.0,0.0
2015-01-02,266.65036113610427,270.4166091747498,265.89711152837515,268.1568603515625,38518500,0.0,0.0
2015-01-02,270.41661616144955,278.7023620605469,270.41661616144955,278.7023620605469,53671000,0.0,0.0
2015-01-02,278.7023590423249,279.45560866135816,274.182861328125,274.182861328125,45232500,0.0,0.0
2015-01-02,274.18291748046875,274.9361672537667,263.6374206542969,263.6374206542969,55278500,0.0,0.0
2015-01-02,264.3906389433762,266.6503879941743,261.37764020897873,262.1308898925781,21250500,0.0,0.0
2015-01-02,262.1309211077009,265.89716997419083,259.1179220145089,263.6374206542969,41441000,0.0,0.0
2015-01-02,262.8841247558594,264.3906240381279,259.8711261913223,262.8841247558594,17817000,0.0,0.0
2015-01-02,261.37767133440286,270.4166686139788,261.37767133440286,263.6374206542969,75761500,0.0,0.0
2015-01-02,264.390625,267.40362357549856,264.390625,264.390625,31040000,0.0,0.0
2015-01-02,268.1568958448327,277.1958923339844,264.3906473076862,277.1958923339844,61025500,0.0,0.0
2015-01-02,277.19588980490335,277.94913950546015,268.1568933982217,272.6763916015625,25960000,0.0,0.0
2015-01-02,272.6763452757098,276.44259313863404,267.403598267616,271.923095703125,37554500,0.0,0.0
2015-01-02,271.923095703125,271.923095703125,271.923095703125,271.923095703125,0,0.0,0.0
2015-01-02,266.6503795276989,277.19587476325756,262.88413122928506,273.42962646484375,66273500,0.0,0.0
2015-01-02,269.6633893891243,274.1828875353107,266.650390625,266.650390625,18888500,0.0,0.0
2015-01-02,271.1699062336786,274.9361549313686,265.1439083173746,270.4166564941406,30400500,0.0,0.0
2015-01-02,270.4166102063057,271.1698598169082,264.3906133214855,269.6633605957031,33070000,0.0,0.0
2015-01-02,268.15690727552663,270.4166564941406,265.1439083173746,270.4166564941406,23795000,0.0,0.0
2015-01-02,270.41662116720204,271.1698708083363,260.62437583245656,262.8841247558594,118134000,0.0,0.0
2015-01-02,263.63740420822455,265.14390366084297,260.62440530298767,261.3776550292969,69401000,0.0,0.0
2015-01-02,263.6374206542969,266.6504197474888,261.37767133440286,263.6374206542969,33159000,0.0,0.0
2015-01-02,263.6373743969936,263.6373743969936,259.8711261913223,262.8841247558594,58167000,0.0,0.0
2015-01-02,262.88411410028044,269.6633605957031,262.1308644896779,269.6633605957031,42955000,0.0,0.0
2015-01-02,269.66337152606775,269.66337152606775,259.8711261913223,262.8841247558594,57445000,0.0,0.0
2015-01-02,261.37760657594913,261.37760657594913,252.3386115358587,257.6113586425781,45592000,0.0,0.0
2015-01-02,259.11790097364735,259.11790097364735,250.07890442805504,252.33865356445312,39193000,0.0,0.0
2015-01-02,253.8451362517943,254.59838591426254,248.57238861451665,250.07888793945312,24063000,0.0,0.0
2015-01-02,250.07888701467803,251.58538633404356,246.3126387162642,248.5723876953125,40949000,0.0,0.0
2015-01-02,248.5724185816831,251.58541759479442,247.81916882840528,249.32566833496094,33275500,0.0,0.0
2015-01-02,250.07890109840883,250.07890109840883,245.559402885787,246.31265258789062,23471500,0.0,0.0
2015-01-02,245.55937347875903,249.3256215382492,241.79312541926888,247.81912231445312,47828500,0.0,0.0
2015-01-02,247.81912231445312,247.81912231445312,247.81912231445312,247.81912231445312,0,0.0,0.0
2015-01-02,247.06593322753906,249.32568261681536,244.05293404183737,247.06593322753906,38269500,0.0,0.0
2015-01-02,247.06590058412345,247.81915028102625,242.54640240270655,243.29965209960938,35068000,0.0,0.0
2015-01-02,244.05290093823015,247.81914940949912,241.79315185546875,241.79315185546875,36679500,0.0,0.0
2015-01-02,242.54639394184542,254.598388671875,242.54639394184542,254.598388671875,67852000,0.0,0.0
2015-01-02,257.611379131717,270.4166231236444,256.858129485133,265.8971252441406,168182000,0.0,0.0
2015-01-02,263.6374343650929,266.65043361497965,259.1179354902627,259.8711853027344,50797000,0.0,0.0
2015-01-02,259.8711095379956,262.8841079094506,256.1048615736768,260.6243591308594,16569000,0.0,0.0
2015-01-02,262.13085724586665,262.8841068356536,258.36460929693175,259.11785888671875,49181000,0.0,0.0
2015-01-02,259.11787655018804,263.6373743969936,257.61137726791947,262.8841247558594,23731500,0.0,0.0
2015-01-02,262.8841247558594,262.8841247558594,262.8841247558594,262.8841247558594,0,0.0,0.0
2015-01-02,265.8971533871522,266.6504031134614,257.61140639775084,261.3776550292969,30128500,0.0,0.0
2015-01-02,261.3776550292969,261.3776550292969,261.3776550292969,261.3776550292969,0,0.0,0.0
2015-01-02,264.3906190585246,264.3906190585246,253.84512428126152,255.35162353515625,21159000,0.0,0.0
2015-01-02,256.1048870994931,260.6243851071312,250.07888975597564,253.09188842773438,29838000,0.0,0.0
2015-01-02,254.59836029588132,260.62435698927493,254.59836029588132,257.6113586425781,41207000,0.0,0.0
2015-01-02,258.3646082292523,259.8711074026007,256.1048594692297,257.6113586425781,23607500,0.0,0.0
2015-01-02,259.11790426270954,259.87115398440346,254.59840593254603,258.3646545410156,16526000,0.0,0.0
2015-01-02,258.3646154510841,268.9101099592916,257.611365843355,268.1568603515625,42015000,0.0,0.0
2015-01-02,269.6633968558363,280.96214253415343,263.6373991607338,280.2088928222656,105303500,0.0,0.0
2015-01-02,280.2088928222656,280.2088928222656,280.2088928222656,280.2088928222656,0,0.0,0.0
2015-01-02,278.702391748843,281.71539057856023,273.42964379683787,277.1958923339844,51030500,0.0,0.0
2015-01-02,277.19587476325756,278.7023740826231,269.66337816642994,273.42962646484375,31672500,0.0,0.0
2015-01-02,262.8841446770562,271.1698913574219,259.8711458841959,271.1698913574219,12365500,0.0,0.0
2015-01-02,272.67637303312057,272.67637303312057,266.65037583901847,267.40362548828125,23321000,0.0,0.0
2015-01-02,267.40360546663317,267.40360546663317,256.8581111665406,260.6243591308594,39523000,0.0,0.0
2015-01-02,257.61138689624096,259.8711359041027,250.83213987265566,253.8451385498047,76200000,0.0,0.0
2015-01-02,252.3386359937263,253.84513531309184,248.5723876953125,248.5723876953125,63812500,0.0,0.0
2015-01-02,247.06588215632394,253.09187928208794,238.02688646767794,238.78013610839844,41938000,0.0,0.0
2015-01-02,233.50743137371884,240.28667938134294,232.00093181646903,234.26068115234375,43243500,0.0,0.0
2015-01-02,234.26064464389876,238.78014261130517,223.71514938661716,224.46839904785156,55146000,0.0,0.0
2015-01-02,224.46838581009416,238.0268789127173,216.1826400251578,227.48138427734375,106654000,0.0,0.0
2015-01-02,228.98788351096854,234.26063082865534,222.20863695965699,227.48138427734375,41303000,0.0,0.0
2015-01-02,223.71516854422435,232.00091552734375,219.19567018979558,232.00091552734375,34414500,0.0,0.0
2015-01-02,232.00092938071805,238.026927546451,228.23468052713497,228.98793029785156,24985500,0.0,0.0
2015-01-02,232.75417879312346,232.75417879312346,225.2216810975531,228.23468017578125,14088000,0.0,0.0
2015-01-02,226.7281806366672,235.01392810179456,226.7281806366672,228.23468017578125,44118500,0.0,0.0
2015-01-02,228.98794703807647,235.01394564434162,226.728197560727,232.7541961669922,32850500,0.0,0.0
2015-01-02,234.44524390904465,242.13197321753793,232.13922511649668,239.05728149414062,29411000,6.2,0.0
2015-01-02,239.8259091331845,242.13192749023435,231.37050849066839,242.13192749023438,119511000,0.0,0.0
2015-01-02,240.5946659717745,240.5946659717745,233.6766084837682,237.5199737548828,40797500,0.0,0.0
2015-01-02,237.5199737548828,237.5199737548828,237.5199737548828,237.5199737548828,0,0.0,0.0
2015-01-02,239.05729249896427,253.6620788574219,237.51994656649504,253.66207885742188,103466500,0.0,0.0
2015-01-02,253.6620788574219,253.6620788574219,253.6620788574219,253.66207885742188,0,0.0,0.0
2015-01-02,253.6620788574219,253.6620788574219,253.6620788574219,253.66207885742188,0,0.0,0.0
2015-01-02,253.6620788574219,253.6620788574219,253.6620788574219,253.66207885742188,0,0.0,0.0
2015-01-02,253.6620788574219,253.6620788574219,253.6620788574219,253.66207885742188,0,0.0,0.0
2015-01-02,253.6620788574219,253.6620788574219,253.6620788574219,253.66207885742188,0,0.0,0.0
2015-01-02,256.7367515220298,260.5801160657728,253.66205988703547,255.96807861328125,41633500,0.0,0.0
2015-01-02,256.73673229906933,258.274078001459,249.81867663831596,255.1993865966797,37224000,0.0,0.0
2015-01-02,255.19939463237333,260.5801047601643,253.6620488815759,259.8114318847656,54986000,0.0,0.0
2015-01-02,259.81143995263113,267.4981689453125,259.042767053363,267.4981689453125,71183000,0.0,0.0
2015-01-02,273.6475521394576,274.41622503872577,266.7294960460444,267.4981689453125,43650000,0.0,0.0
2015-01-02,269.804148855926,269.804148855926,263.6547665458194,265.9607849121094,35867000,0.0,0.0
2015-01-02,264.4234849330357,269.0355224609375,262.8861390904018,269.0355224609375,29260500,0.0,0.0
2015-01-02,271.3415334416532,272.11020634092137,264.42347734823994,267.4981689453125,26173500,0.0,0.0
2015-01-02,269.035545797909,269.035545797909,258.27412396599266,261.34881591796875,25139000,0.0,0.0
2015-01-02,261.34876823425293,261.34876823425293,245.97531127929688,245.97531127929688,107347000,0.0,0.0
2015-01-02,248.28133341792255,249.05000627680155,242.9006234057694,243.66929626464844,12961500,0.0,0.0
2015-01-02,245.97527355881212,247.5126190185547,244.43792809906955,247.5126190185547,15714000,0.0,0.0
2015-01-02,247.5126762033623,251.35604074068158,244.43798457350687,246.74400329589844,15991000,0.0,0.0
2015-01-02,249.05003356933594,252.12472534179688,245.975341796875,252.12472534179688,29067000,0.0,0.0
2015-01-02,252.12465539778242,253.662000857525,246.74394628868342,247.5126190185547,20879000,0.0,0.0
2015-01-02,248.28133794866454,252.12470231319497,245.9753193299463,250.5873565673828,20874500,0.0,0.0
2015-01-02,251.35602585812833,254.4307173059342,249.81868013422542,252.89337158203125,26088500,0.0,0.0
2015-01-02,253.66204805900713,254.4307209319132,248.28133794866454,250.5873565673828,29826500,0.0,0.0
2015-01-02,250.58736797626202,252.89338669996994,249.0500221604567,249.81869506835938,15249500,0.0,0.0
2015-01-02,249.81868708021588,252.12470573018712,243.66930401362595,245.20664978027344,26696000,0.0,0.0
2015-01-02,245.20662264280682,246.74396823931346,241.36325865154026,242.90060424804688,11831000,0.0,0.0
2015-01-02,242.90061988830567,247.5126569747925,242.90061988830567,245.97531127929688,13801000,0.0,0.0
2015-01-02,247.5126569747925,247.5126569747925,244.4379655838013,245.97531127929688,14478500,0.0,0.0
2015-01-02,245.97534977532678,245.97534977532678,234.44525525460833,235.21392822265625,75739000,0.0,0.0
2015-01-02,235.21391674079518,238.2886084628971,232.13922501869328,232.90789794921875,35084500,0.0,0.0
2015-01-02,235.98257026924992,236.75124313657645,232.1392059326172,232.1392059326172,29477500,0.0,0.0
2015-01-02,233.67655166727027,235.98257026924992,231.37053306529063,232.1392059326172,24808000,0.0,0.0
2015-01-02,232.13916737874348,234.4451855977376,230.60182189941406,230.60182189941406,30753500,0.0,0.0
2015-01-02,230.60187915764234,235.98258967132065,230.60187915764234,232.90789794921875,40082000,0.0,0.0
2015-01-02,234.4452245345968,235.21389740192336,231.37053306529063,232.1392059326172,55136500,0.0,0.0
2015-01-02,232.13922882080078,234.44524765014648,224.45249938964844,224.45249938964844,65870500,0.0,0.0
2015-01-02,224.45249160019668,224.45249160019668,219.07178118512346,219.8404541015625,83280000,0.0,0.0
2015-01-02,219.8404424552783,225.22115258530258,216.76575095240725,217.534423828125,65188000,0.0,0.0
2015-01-02,218.30308233831346,224.4524649393927,218.30308233831346,223.6837921142578,62816000,0.0,0.0
2015-01-02,225.2211257616679,225.2211257616679,219.8404162724813,221.3777618408203,50945000,0.0,0.0
2015-01-02,222.91510740915936,224.45245297749838,220.60908905665082,221.3777618408203,39480000,0.0,0.0
2015-01-02,220.60909241793448,222.14643800969708,218.30307403029056,219.07174682617188,35453500,0.0,0.0
2015-01-02,219.07173968899633,239.05723173079951,219.07173968899633,238.28855895996094,196148500,0.0,0.0
2015-01-02,238.28860432112296,238.28860432112296,225.98983764648438,225.98983764648438,71439000,0.0,0.0
2015-01-02,223.68380655268186,224.45247942743333,213.69105918091256,214.45973205566406,79443000,0.0,0.0
2015-01-02,214.45973500338468,214.45973500338468,202.9296417236328,202.9296417236328,51756000,0.0,0.0
2015-01-02,196.7802542892157,202.9296372357537,195.24290855258118,196.01158142089844,101956000,0.0,0.0
2015-01-02,197.54891925555444,200.62361060583544,192.1682093925627,194.47422790527344,100167000,0.0,0.0
2015-01-02,194.47423283856614,206.77299855167703,192.93688712442727,204.46697998046875,132818000,0.0,0.0
2015-01-02,205.23566392238038,206.77300971955177,197.54893493652344,197.54893493652344,72861000,0.0,0.0
2015-01-02,197.5489228515625,199.85494140625,192.168212890625,192.168212890625,57255500,0.0,0.0
2015-01-02,192.16821251845943,192.16821251845943,183.7128111676472,189.09352111816406,183630500,0.0,0.0
2015-01-02,190.63087042663324,191.39954329125678,185.2501603742686,186.78750610351562,107232500,0.0,0.0
2015-01-02,184.48148472102608,196.01157751609023,182.94413901501753,195.24290466308594,152267500,0.0,0.0
2015-01-02,195.242904296875,196.78025,189.093521484375,192.168212890625,98124500,0.0,0.0
2015-01-02,192.16822039696476,193.70556616014048,189.09352887061334,190.63087463378906,43595000,0.0,0.0
2015-01-02,191.3995347807679,192.16820761121275,180.63811515454,182.1754608154297,119996000,0.0,0.0
2015-01-02,182.94414114444814,184.48148686835106,180.63812255859375,180.63812255859375,60817500,0.0,0.0
2015-01-02,182.17547587775366,182.17547587775366,178.33211140775884,179.1007843017578,70592500,0.0,0.0
2015-01-02,184.48147477774785,184.48147477774785,177.56341947358231,178.33209228515625,68924500,0.0,0.0
2015-01-02,177.56343851375988,181.4068029837547,176.02609272576197,179.1007843017578,87567000,0.0,0.0
2015-01-02,181.40679225448733,188.324847891311,180.6381194059514,186.01882934570312,127397000,0.0,0.0
2015-01-02,186.0188560644126,186.0188560644126,181.40681831074946,185.25018310546875,53980500,0.0,0.0
2015-01-02,185.2501600576744,186.7875057842941,182.94414146774486,183.7128143310547,64097500,0.0,0.0
2015-01-02,185.2501606806087,195.24290793723904,182.94414208292477,189.86219787597656,138085500,0.0,0.0
2015-01-02,192.1682241011639,198.31760727240115,185.25016803352202,188.32485961914062,84609500,0.0,0.0
2015-01-02,189.0935520269932,189.0935520269932,179.1008033426399,179.86947631835938,107696500,0.0,0.0
2015-01-02,179.86945032190394,187.55617896813916,179.86945032190394,186.78750610351562,38066500,0.0,0.0
2015-01-02,188.32485273772596,196.01158142089844,187.5561798694087,196.01158142089844,75901500,0.0,0.0
2015-01-02,197.54893056807978,198.31760344966764,189.8622017522012,190.63087463378906,43657000,0.0,0.0
2015-01-02,191.3995475153769,195.2429119233162,189.8622017522012,190.63087463378906,39293500,0.0,0.0
2015-01-02,190.63087104706173,195.24290824981324,189.86219817993648,192.9368896484375,33286500,0.0,0.0
2015-01-02,194.4742546081543,206.0043487548828,192.93690872192383,206.0043487548828,118987000,0.0,0.0
2015-01-02,207.54167505996762,211.38503941292998,200.62361922463538,202.1609649658203,54482500,0.0,0.0
2015-01-02,202.1609762620556,202.92964917559956,196.01159295370414,198.31761169433594,28044000,0.0,0.0
2015-01-02,197.54893878079199,198.31761169433594,190.63088255889656,198.31761169433594,39830500,0.0,0.0
2015-01-02,196.78026203793775,197.54893493652344,193.70557044359498,197.54893493652344,24107500,0.0,0.0
2015-01-02,198.3176000258502,198.3176000258502,193.7055628159467,196.01158142089844,26786500,0.0,0.0
2015-01-02,196.01158080313368,196.01158080313368,189.86219787597656,189.86219787597656,39695500,0.0,0.0
2015-01-02,189.862190461063,191.3995361328125,186.01882628168926,191.3995361328125,52801000,0.0,0.0
2015-01-02,189.86219319575974,189.86219319575974,182.9441375732422,182.9441375732422,54367500,0.0,0.0
2015-01-02,182.94414877175262,182.94414877175262,176.79476561976094,179.1007843017578,82401000,0.0,0.0
2015-01-02,178.3321303669204,183.71284119695682,176.79478441548144,179.86947631835938,83001500,0.0,0.0
2015-01-02,180.63813775132746,182.17548360453023,174.48875433851632,177.56344604492188,115498000,0.0,0.0
2015-01-02,177.56344604492188,181.40681067792883,176.02610019171908,177.56344604492188,95882000,0.0,0.0
2015-01-02,178.33209228515625,180.6381107198781,176.02607385043441,178.33209228515625,59212000,0.0,0.0
2015-01-02,178.33210086034347,186.01882934570312,176.79475516327156,186.01882934570312,97836000,0.0,0.0
2015-01-02,186.01884034774847,186.7875132417474,178.33211140775884,179.1007843017578,69690500,0.0,0.0
2015-01-02,176.79475824883644,181.40679542054522,174.48873966298206,180.63812255859375,55651000,0.0,0.0
2015-01-02,182.1754647262958,188.32484750186694,180.63811903240298,182.9441375732422,70042000,0.0,0.0
2015-01-02,182.94416822123733,185.25018714839578,177.56345739120093,179.86947631835938,22443500,0.0,0.0
2015-01-02,180.63813383682913,182.944152566661,176.0260963771654,176.79476928710938,42080500,0.0,0.0
2015-01-02,176.7947654224379,179.100784101861,175.25741963615584,176.02609252929688,52594500,0.0,0.0
2015-01-02,177.56343354119196,177.56343354119196,166.03334045410156,166.03334045410156,133058500,0.0,0.0
2015-01-02,174.48873867154657,174.48873867154657,166.0333372381236,171.41404724121094,86435500,0.0,0.0
2015-01-02,171.4140508478338,172.951396595348,167.57068647904828,169.1080322265625,62731500,0.0,0.0
2015-01-02,170.64537088849903,174.48873509769948,167.5706795211387,173.72006225585938,76666000,0.0,0.0
2015-01-02,174.48873867154657,179.10077581705,171.41404724121094,171.41404724121094,90154000,0.0,0.0
2015-01-02,172.95141953688403,179.86947631835938,172.18274656116455,179.86947631835938,109342500,0.0,0.0
2015-01-02,181.40680005473473,192.93689327855262,179.869454291559,190.63087463378906,208507000,0.0,0.0
2015-01-02,193.7055780646506,206.77301785472625,193.7055780646506,205.2356719970703,256565500,0.0,0.0
2015-01-02,206.0043217497052,207.5416674344045,197.5489204838591,203.69830322265625,146440500,0.0,0.0
2015-01-02,205.23566803677392,205.23566803677392,197.54893889681983,201.39230346679688,85130500,0.0,0.0
2015-01-02,201.39228469560732,206.77299459205486,200.62361185325767,203.69830322265625,75108000,0.0,0.0
2015-01-02,203.6983220891435,205.23566791623136,195.2429200401602,198.31761169433594,52299500,0.0,0.0
2015-01-02,198.3175920931247,201.3922834434057,192.93688223013294,194.47422790527344,39509000,0.0,0.0
2015-01-02,194.47423568426393,196.01158142089844,190.6308713426777,196.01158142089844,40075500,0.0,0.0
2015-01-02,196.01157358041394,202.16095628097594,193.7055550677032,194.47422790527344,54690000,0.0,0.0
2015-01-02,194.47423878654106,196.7802574282787,185.2501642195905,187.55618286132812,69850000,0.0,0.0
2015-01-02,184.48148326713496,186.01882896102776,176.794754797671,182.9441375732422,82558000,0.0,0.0
2015-01-02,182.94414114444814,184.48148686835106,180.63812255859375,180.63812255859375,35339500,0.0,0.0
2015-01-02,182.1754608154297,186.7874977980988,180.63811515454,182.1754608154297,77569000,0.0,0.0
2015-01-02,186.78750328003892,198.31759607510304,184.48148472102608,195.24290466308594,140846500,0.0,0.0
2015-01-02,196.01158480490406,197.54893056807978,184.48149158108617,190.63087463378906,92678000,0.0,0.0
2015-01-02,186.78750545420544,187.55617831615692,173.72006680103058,180.63812255859375,349688500,0.0,0.0
2015-01-02,179.10077831791898,197.54892715753294,177.56343258128447,196.01158142089844,183508000,0.0,0.0
2015-01-02,196.011578552705,207.54167140874645,192.16821426735783,204.46697998046875,231318000,0.0,0.0
2015-01-02,205.23566803677392,209.84770552074636,197.54893889681983,201.39230346679688,209188000,0.0,0.0
2015-01-02,202.16096883831602,205.2356603795832,192.93689421451455,202.9296417236328,198455000,0.0,0.0
2015-01-02,203.6983220891435,204.46699500268744,193.7055742130723,198.31761169433594,105589000,0.0,0.0
2015-01-02,198.31761552376176,199.8549613805351,192.16823209666836,199.08628845214844,239982500,0.0,0.0
2015-01-02,199.08628472481067,206.00434095076932,199.08628472481067,201.39230346679688,104241500,0.0,0.0
2015-01-02,199.85495763880607,209.84770552074636,197.54893889681983,201.39230346679688,196625500,0.0,0.0
2015-01-02,200.62363430892177,201.39230723730844,192.16823209666836,199.08628845214844,223704500,0.0,0.0
2015-01-02,196.7802574282787,198.31760318943714,187.55618286132812,187.55618286132812,332601500,0.0,0.0
2015-01-02,188.324847891311,189.86219358838292,181.40679225448733,186.01882934570312,341599000,0.0,0.0
2015-01-02,183.7128111676472,195.24290391875476,183.7128111676472,189.09352111816406,2572153000,0.0,0.0
2015-01-02,192.16821647366046,196.01158080313368,189.86219787597656,189.86219787597656,411677000,0.0,0.0
2015-01-02,190.63087771174222,190.63087771174222,174.48874693776403,179.1007843017578,324123000,0.0,0.0
2015-01-02,179.10078093210856,184.4814910888672,173.72007077534994,184.4814910888672,204638500,0.0,0.0
2015-01-02,182.94414557785285,191.3995472642242,182.17547269727365,187.55618286132812,205521500,0.0,0.0
2015-01-02,185.2501603742686,189.86219756200973,184.48148750964506,186.78750610351562,106581500,0.0,0.0
2015-01-02,186.78750610351562,187.55617896813916,183.71281464502155,186.78750610351562,167894000,0.0,0.0
2015-01-02,187.55617578125,194.47423144531248,185.2501572265625,192.168212890625,181423000,0.0,0.0
2015-01-02,194.52127403846154,206.28667367788464,191.3838341346154,203.93359375,254664500,5.0,0.0
2015-01-02,207.07105800083704,220.40517915998186,207.07105800083704,219.62081909179688,522764000,0.0,0.0
2015-01-02,219.6207864695582,228.24874593800513,216.48334666285024,227.46438598632812,450794000,0.0,0.0
2015-01-02,227.46443904650752,228.24879918115064,221.18955796936248,225.11135864257812,292940500,0.0,0.0
2015-01-02,225.1113395690918,227.46441977364677,215.69901875087191,219.62081909179688,271962000,0.0,0.0
2015-01-02,220.40520300419684,226.68008422851562,215.69904208595776,226.68008422851562,270491500,0.0,0.0
2015-01-02,228.24878644943237,234.52366717656452,223.54262590408325,225.8957061767578,328229500,0.0,0.0
2015-01-02,225.89570073481207,229.81750109479142,219.62082015884505,224.3269805908203,138999500,0.0,0.0
2015-01-02,221.18953922816684,223.5426194327218,218.05209895542689,219.62081909179688,71568000,0.0,0.0
2015-01-02,218.05209895542689,225.89569963727678,217.2677388872419,219.62081909179688,148757000,0.0,0.0
2015-01-02,218.05209895542689,219.62081909179688,210.992858341762,219.62081909179688,133390500,0.0,0.0
2015-01-02,220.40516104749454,221.1895210512223,216.48336102885585,218.83644104003906,181589000,0.0,0.0
2015-01-02,218.83646441520528,223.54262494026347,218.83646441520528,221.18954467773438,59369500,0.0,0.0
2015-01-02,221.18956315723668,228.2488045345953,221.18956315723668,226.68008422851562,124699500,0.0,0.0
2015-01-02,227.46442537781192,228.24878546532162,221.18954467773438,221.18954467773438,94492500,0.0,0.0
2015-01-02,221.18954644048256,222.75826662800372,216.48338587791912,217.2677459716797,47226500,0.0,0.0
2015-01-02,217.26773345727716,221.1895337001883,217.26773345727716,218.05209350585938,75702000,0.0,0.0
2015-01-02,218.05208103631134,221.97388105495003,211.77720100648943,218.83644104003906,72365000,0.0,0.0
2015-01-02,221.97390747070312,226.68006805312086,219.62082717949428,221.97390747070312,126579500,0.0,0.0
2015-01-02,218.05209895542689,221.18953922816684,214.91465868268693,219.62081909179688,241759000,0.0,0.0
2015-01-02,223.54260796668547,235.3080083859847,222.75824793873218,233.73928833007812,326610500,0.0,0.0
2015-01-02,239.2298424762228,239.2298424762228,232.95496136209238,234.523681640625,125861500,0.0,0.0
2015-01-02,235.3080027812236,235.3080027812236,230.60184272559914,232.17056274414062,111596000,0.0,0.0
2015-01-02,235.3080027812236,235.3080027812236,230.60184272559914,232.17056274414062,45330000,0.0,0.0
2015-01-02,229.8174840658391,231.38620409359226,223.54260395482643,228.24876403808594,226507000,0.0,0.0
2015-01-02,229.03313185293462,250.21085294892515,229.03313185293462,247.85777282714844,267701000,0.0,0.0
2015-01-02,250.9951889476837,250.9951889476837,244.7203092239916,245.50466918945312,71784000,0.0,0.0
2015-01-02,247.85775356292726,254.91699337959292,245.5046736240387,250.9951934814453,196782000,0.0,0.0
2015-01-02,247.85777557084236,251.77957581721645,239.22981502881936,248.6421356201172,69901500,0.0,0.0
2015-01-02,245.5046927053717,249.4264929083329,236.87673225885703,247.85777282714844,88919000,0.0,0.0
2015-01-02,247.8577404391381,249.4264603153352,241.5828609343498,243.15158081054688,25558500,0.0,0.0
2015-01-02,240.79854363993917,246.2890641789606,240.79854363993917,242.3672637939453,33862500,0.0,0.0
2015-01-02,240.79853296604284,241.58289300827752,229.8174923747575,230.6018524169922,66958000,0.0,0.0
2015-01-02,228.24877229028817,231.38621245922684,220.4051718679415,230.6018524169922,104403500,0.0,0.0
2015-01-02,232.17057373046876,238.4454541015625,232.17057373046876,235.30801391601562,121790000,0.0,0.0
2015-01-02,235.30803098516947,237.6611112950212,230.60187036546608,231.38623046875,98700500,0.0,0.0
2015-01-02,232.9549469947815,233.739307085673,223.54262590408325,225.8957061767578,114021500,0.0,0.0
2015-01-02,223.54261829905266,223.54261829905266,210.2084972075302,214.91465759277344,173769500,0.0,0.0
2015-01-02,222.75826756777275,223.54262766484237,214.91466659707655,221.97390747070312,77741000,0.0,0.0
2015-01-02,223.54262766484237,225.89570795605124,215.69902669414617,221.97390747070312,56073500,0.0,0.0
2015-01-02,223.54262219629254,225.89570242993773,218.83646172900217,220.40518188476562,64706000,0.0,0.0
2015-01-02,216.48336102885585,219.62080104376682,215.69900102512813,218.83644104003906,62189500,0.0,0.0
2015-01-02,218.83645231583537,218.83645231583537,211.77721191855036,213.34593200683594,61690000,0.0,0.0
2015-01-02,214.91466133959355,221.97390204052908,214.13030126171182,220.40518188476562,85539500,0.0,0.0
2015-01-02,221.1895210512223,221.97388105495003,218.05208103631134,218.83644104003906,95647000,0.0,0.0
2015-01-02,218.83645958882727,220.40517972924897,207.07105853566452,210.99285888671875,77434000,0.0,0.0
2015-01-02,210.99285727173742,214.91465759277344,208.63977707911582,214.91465759277344,69014000,0.0,0.0
2015-01-02,214.91466200086808,216.48338216145834,211.7772216796875,211.7772216796875,65629500,0.0,0.0
2015-01-02,210.20850512783448,219.62082625296142,205.50234456527104,217.2677459716797,128609500,0.0,0.0
2015-01-02,218.0520922716926,221.18953244826372,210.20849183026482,213.34593200683594,96915500,0.0,0.0
2015-01-02,213.34593074483084,214.13029078433388,208.6397705078125,208.6397705078125,37129000,0.0,0.0
2015-01-02,207.85541229248048,208.63977233886717,195.30565155029296,196.0900115966797,106808000,0.0,0.0
2015-01-02,192.9525929051316,192.9525929051316,185.89335170128533,189.03079223632812,154986500,0.0,0.0
2015-01-02,184.32461236447705,192.9525729432398,184.32461236447705,192.168212890625,99945500,0.0,0.0
2015-01-02,189.8151461228792,189.8151461228792,178.83410461163828,182.7559051513672,138648000,0.0,0.0
2015-01-02,180.40280151367188,184.32460154657778,174.12792146102242,180.40280151367188,131399500,0.0,0.0
2015-01-02,172.55918502807617,178.04970455169678,163.93122577667236,175.69662475585938,270740000,0.0,0.0
2015-01-02,175.6966678636491,178.83410836121428,165.49998624656232,174.9123077392578,103910000,0.0,0.0
2015-01-02,181.97152857843474,184.32460868936278,175.69664828262665,178.0497283935547,156145500,0.0,0.0
2015-01-02,174.1279346222573,185.89333561024768,174.1279346222573,184.32461547851562,189559000,0.0,0.0
2015-01-02,186.67768156632135,188.24640157948372,178.8340815005095,180.40280151367188,55175000,0.0,0.0
2015-01-02,178.0497314875027,178.0497314875027,169.42177093083959,170.2061309814453,54718500,0.0,0.0
2015-01-02,163.14688998429233,163.14688998429233,143.5378887842572,148.24404907226562,235628000,0.0,0.0
2015-01-02,146.67532348632812,152.95020363547584,143.53788341175428,146.67532348632812,156946500,0.0,0.0
2015-01-02,147.45967210446548,149.02839202047045,141.18479244044568,143.53787231445312,280335000,0.0,0.0
2015-01-02,139.6160997795336,139.6160997795336,126.28197789047704,129.41941833496094,185597500,0.0,0.0
2015-01-02,123.92887756722105,132.55683739785036,120.79143762881039,127.85067749023438,126619000,0.0,0.0
2015-01-02,119.22273254394531,128.6350535342568,119.22273254394531,119.22273254394531,59709500,0.0,0.0
2015-01-02,112.1634875552755,117.65400792511416,111.3791275024414,111.3791275024414,129344000,0.0,0.0
2015-01-02,111.37913140190973,115.30093180338542,104.31989067925348,105.88861083984375,156657000,0.0,0.0
2015-01-02,101.18244381401482,101.18244381401482,98.8293637253168,99.61372375488281,318983500,0.0,0.0
2015-01-02,94.12320556640626,120.00708709716797,94.12320556640626,117.65400695800781,186096000,0.0,0.0
2015-01-02,112.94784981863839,113.73220988682338,109.81040954589844,109.81040954589844,93306500,0.0,0.0
2015-01-02,109.81041007942252,120.0070910153689,102.75116943145966,112.16349029541016,72876000,0.0,0.0
2015-01-02,114.51656677246093,131.77248779296875,112.9478466796875,117.65400695800781,162053500,0.0,0.0
2015-01-02,117.6540075563917,135.69428871503843,117.6540075563917,120.00708770751953,113631000,0.0,0.0
2015-01-02,118.43837087137716,120.0070910153689,112.16349029541016,112.16349029541016,56830500,0.0,0.0
2015-01-02,113.73219102428806,128.6350298481603,112.94783108618952,121.57579040527344,88888000,0.0,0.0
2015-01-02,119.22271445571192,130.2037539450538,115.30091463808981,118.4383544921875,51313500,0.0,0.0
2015-01-02,117.65402308050191,125.49762461920204,112.16350200341184,124.71326446533203,82081500,0.0,0.0
2015-01-02,123.14452637298197,127.85068661653543,120.007086210613,123.92888641357422,140071500,0.0,0.0
2015-01-02,127.06631903112287,132.5568389892578,124.71323904906505,132.5568389892578,193226500,0.0,0.0
2015-01-02,135.69429734173943,144.32225844439338,130.20377664005053,133.34121704101562,174342000,0.0,0.0
2015-01-02,132.55686600403217,133.34122615790218,124.71326446533203,124.71326446533203,78891000,0.0,0.0
2015-01-02,127.06632572771555,133.3412060105657,118.4383653387966,130.20376586914062,141833500,0.0,0.0
2015-01-02,130.2037858374325,130.98814599307966,125.49762490354938,127.06634521484375,71563500,0.0,0.0
2015-01-02,128.6350555419922,131.77249592106517,127.06633535245571,128.6350555419922,179805500,0.0,0.0
2015-01-02,128.63505118233817,140.400452205113,127.85069111415318,131.77249145507812,434357500,0.0,0.0
2015-01-02,131.77249592106517,131.77249592106517,126.28197525768746,128.6350555419922,219907000,0.0,0.0
2015-01-02,131.77248449492873,137.26300468221743,130.2037644414177,134.1255645751953,184131000,0.0,0.0
2015-01-02,133.34122435061516,134.1255844938541,129.4194236344206,130.98814392089844,163140500,0.0,0.0
2015-01-02,130.20378523606522,130.20378523606522,122.36018371582031,122.36018371582031,96028500,0.0,0.0
2015-01-02,119.22272705078124,120.79144714355469,114.51656677246093,117.65400695800781,267584000,0.0,0.0
2015-01-02,118.4383576750024,133.34119738245303,117.65399769039973,127.85067749023438,247584000,0.0,0.0
2015-01-02,127.06634462796724,127.85070477999173,119.22274310772235,122.36018371582031,189990500,0.0,0.0
2015-01-02,125.4976064947587,125.4976064947587,121.57580629179749,123.92888641357422,36690000,0.0,0.0
2015-01-02,123.92887678146363,126.28195672035218,120.79143686294556,125.49759674072266,64222000,0.0,0.0
2015-01-02,123.14453487861448,130.98813582629694,122.36017478384623,128.6350555419922,83395500,0.0,0.0
2015-01-02,131.77249769731,140.40045885606244,130.20377748662776,138.04737854003906,225688500,0.0,0.0
2015-01-02,134.90993630013816,134.90993630013816,128.6350555419922,128.6350555419922,143423500,0.0,0.0
2015-01-02,127.8506916799363,130.20377189490446,120.79145103503184,123.14453125,225501000,0.0,0.0
2015-01-02,124.7132647479022,127.85070537049093,120.0071038140191,127.06634521484375,167626500,0.0,0.0
2015-01-02,127.85068661653543,131.77248681949663,123.92888641357422,123.92888641357422,286978500,0.0,0.0
2015-01-02,125.49759674072266,127.0663166999817,123.14451680183411,125.49759674072266,153103500,0.0,0.0
2015-01-02,125.49761146496814,127.06633160828025,122.36017117834395,123.14453125,108312000,0.0,0.0
2015-01-02,123.14454415759201,125.49762461920204,120.79146369598197,124.71326446533203,77043500,0.0,0.0
2015-01-02,124.71323676109314,127.85067667961121,123.14451680183411,125.49759674072266,259116000,0.0,0.0
2015-01-02,126.28195672035218,127.85067667961121,123.14451680183411,125.49759674072266,161826000,0.0,0.0
2015-01-02,125.49762291822604,131.77250406413734,125.49762291822604,130.98814392089844,156474000,0.0,0.0
2015-01-02,131.77249592106517,135.6942963949064,127.06633535245571,128.6350555419922,120369000,0.0,0.0
2015-01-02,128.63504729655958,129.4194073410508,126.28196716308594,126.28196716308594,27309500,0.0,0.0
2015-01-02,128.63505822383996,130.2037784460819,124.71325766823509,129.41941833496094,66121000,0.0,0.0
2015-01-02,130.98813913223591,152.95022234003594,129.41941890310733,147.45970153808594,469625500,0.0,0.0
2015-01-02,148.2440545047141,155.30329519541476,144.3222541209915,149.81277465820312,210528500,0.0,0.0
2015-01-02,149.81278343200682,156.8720245361328,145.8909828186035,156.8720245361328,174291500,0.0,0.0
2015-01-02,156.87202097838406,156.87202097838406,150.5971401392487,151.38150024414062,174477500,0.0,0.0
2015-01-02,152.1658638000488,159.2251049041748,151.38150367736816,156.8720245361328,212563000,0.0,0.0
2015-01-02,158.44073836008707,160.00945854187012,149.81277736028034,150.59713745117188,104306000,0.0,0.0
2015-01-02,150.5971401392487,153.7345805588164,145.10661940500526,151.38150024414062,242215500,0.0,0.0
2015-01-02,153.7345733642578,160.7938139779227,149.02841295514787,153.7345733642578,276951500,0.0,0.0
2015-01-02,155.30327685911263,163.14687670048195,154.5189168749757,157.65635681152344,397769000,0.0,0.0
2015-01-02,160.00946139795175,162.36254171262752,148.24405982457293,151.38150024414062,221445000,0.0,0.0
2015-01-02,148.24406165265023,152.95022234003594,145.89098130895735,147.45970153808594,106587500,0.0,0.0
2015-01-02,141.1848128035262,146.6753333014411,138.8317325901341,145.1066131591797,131431000,0.0,0.0
2015-01-02,147.4596933725718,150.59713365709462,141.9691728746569,145.1066131591797,91280500,0.0,0.0
2015-01-02,147.45969971968103,154.5189406637083,147.45969971968103,151.38150024414062,187307500,0.0,0.0
2015-01-02,152.95019690670185,158.44071679566036,149.02839698601719,157.65635681152344,140335500,0.0,0.0
2015-01-02,156.8719968273865,158.44071679566036,153.73455689083877,157.65635681152344,146973000,0.0,0.0
2015-01-02,158.44071679566036,161.5781567322081,156.8719968273865,157.65635681152344,218285500,0.0,0.0
2015-01-02,158.4407402487362,160.79382054946,156.87202004825366,160.00946044921875,126538000,0.0,0.0
2015-01-02,163.931258392334,176.48101980035958,157.65637768832121,172.55921936035156,606965000,0.0,0.0
2015-01-02,173.34356132054438,175.69664133847033,165.49996126079125,171.77484130859375,226384000,0.0,0.0
2015-01-02,170.990478515625,171.77483850881595,165.49995856328843,170.990478515625,117536000,0.0,0.0
2015-01-02,171.77486364012626,185.10898547520455,168.6374232083431,182.7559051513672,546715500,0.0,0.0
2015-01-02,181.18716706900761,187.46204731382173,178.8340869772023,181.97152709960938,244672000,0.0,0.0
2015-01-02,184.32462536725876,186.6777056910961,178.0497445036925,182.7559051513672,229739500,0.0,0.0
2015-01-02,184.32462536725876,185.10898547520455,179.61846471958407,182.7559051513672,150772500,0.0,0.0
2015-01-02,182.7559051513672,186.6777056910961,181.1871849354756,182.7559051513672,207594500,0.0,0.0
2015-01-02,183.54026609285106,189.03078687340644,181.97154586983524,187.46206665039062,214806500,0.0,0.0
2015-01-02,187.4620510864258,197.65873168945313,186.67769104003906,196.0900115966797,504185500,0.0,0.0
2015-01-02,198.44308894513603,203.93360919262992,190.59948859157333,195.30564880371094,170512500,0.0,0.0
2015-01-02,195.30564603497905,198.44308613192652,194.5212860107422,194.5212860107422,107163500,0.0,0.0
2015-01-02,194.52129304846937,195.30565310108418,190.5994927853954,192.168212890625,71745000,0.0,0.0
2015-01-02,192.1682031917186,197.65872328291056,190.59948316566377,193.73692321777344,173134500,0.0,0.0
2015-01-02,195.30564324382829,196.0900032568557,192.952563204746,193.73692321777344,65085000,0.0,0.0
2015-01-02,193.73692598650533,196.0900060592159,192.1682059380316,194.5212860107422,44348500,0.0,0.0
2015-01-02,196.0900032568557,197.65872328291056,192.952563204746,193.73692321777344,45713000,0.0,0.0
2015-01-02,194.52128745498973,195.30564748505017,189.03076724456662,190.5994873046875,32845000,0.0,0.0
2015-01-02,190.59948316566377,194.52128323080086,190.59948316566377,193.73692321777344,58206000,0.0,0.0
2015-01-02,192.1682101390401,193.73693022180777,190.5994900562724,191.38385009765625,50085000,0.0,0.0
2015-01-02,191.3838528380102,193.7369329958546,189.03077268016582,192.168212890625,65135000,0.0,0.0
2015-01-02,193.7369329958546,195.30565310108418,189.8151327327806,192.168212890625,99006500,0.0,0.0
2015-01-02,193.73692730280356,201.58052759846365,191.38384721410554,199.22744750976562,388634000,0.0,0.0
2015-01-02,199.22746546128215,201.58054576200595,194.52130485983454,200.01182556152344,251848500,0.0,0.0
2015-01-02,202.3649067495061,207.8554274752679,200.7961865421456,204.71798706054688,208327500,0.0,0.0
2015-01-02,204.71798706054688,206.2867072679074,202.3649067495061,204.71798706054688,49696000,0.0,0.0
2015-01-02,204.71797335147858,205.50233340263367,200.01181304454803,200.79617309570312,85504000,0.0,0.0
2015-01-02,202.36491126865727,204.7179916322463,196.0900302990865,201.58055114746094,199262000,0.0,0.0
2015-01-02,202.36489067702996,202.36489067702996,188.2464099321209,191.38385009765625,221044500,0.0,0.0
2015-01-02,192.1682156198393,196.09001593861151,190.59949549233042,192.95257568359375,112269500,0.0,0.0
2015-01-02,192.95257568359375,194.52129581110265,190.59949549233042,192.95257568359375,104819000,0.0,0.0
2015-01-02,194.5212942176606,198.44309450430697,191.3838539883435,196.87437438964844,107224000,0.0,0.0
2015-01-02,197.65873042872695,198.44309047011077,191.38385009765625,191.38385009765625,99075000,0.0,0.0
2015-01-02,192.168212890625,194.52129304846937,190.5994927853954,192.168212890625,107177500,0.0,0.0
2015-01-02,193.73692742492926,193.73692742492926,189.03076724456662,190.5994873046875,58819500,0.0,0.0
2015-01-02,190.59951128278462,200.0118328276135,189.81515115404886,197.65875244140625,246031500,0.0,0.0
2015-01-02,199.22744898049228,200.01180901584857,192.95256869764214,195.30564880371094,93811500,0.0,0.0
2015-01-02,195.30564464222303,195.30564464222303,188.2464044744318,189.81512451171875,113117500,0.0,0.0
2015-01-02,188.2464240579044,192.16822455911074,184.32462355669807,186.67770385742188,113057000,0.0,0.0
2015-01-02,187.46204445578837,190.59948453036222,186.6776844371449,189.81512451171875,41829000,0.0,0.0
2015-01-02,190.59949436187745,191.38385442097982,187.46205412546792,188.2464141845703,47464000,0.0,0.0
2015-01-02,189.81513001488858,192.1682101390401,186.67768984935321,191.38385009765625,44034500,0.0,0.0
2015-01-02,192.16820456764916,192.16820456764916,188.2464044744318,189.81512451171875,32501000,0.0,0.0
2015-01-02,189.81513001488858,191.38385009765625,188.2464099321209,191.38385009765625,35563000,0.0,0.0
2015-01-02,192.952584659352,202.36490586224724,189.81514425838694,200.01182556152344,305514500,0.0,0.0
2015-01-02,200.7961662046371,201.58052622887396,188.24640581684727,194.5212860107422,184634500,0.0,0.0
2015-01-02,195.3056547164917,196.09001477559406,187.46205412546792,188.2464141845703,83599000,0.0,0.0
2015-01-02,188.2464044744318,190.59948453036222,186.6776844371449,189.81512451171875,56055500,0.0,0.0
2015-01-02,190.59950709642226,190.59950709642226,187.46206665039062,187.46206665039062,79330500,0.0,0.0
2015-01-02,185.1089739481608,188.2464141845703,180.40281359354654,188.2464141845703,63649500,0.0,0.0
2015-01-02,188.2464141845703,192.16821448008218,185.1089739481608,188.2464141845703,49110000,0.0,0.0
2015-01-02,188.2464240579044,190.5995043586282,185.8933437571806,186.67770385742188,96169000,0.0,0.0
2015-01-02,185.10898547520455,186.6777056910961,180.40282482752986,182.7559051513672,96225500,0.0,0.0
2015-01-02,178.0497314875027,178.0497314875027,170.2061309814453,170.2061309814453,256838500,0.0,0.0
2015-01-02,160.00942611694336,176.48098468780518,160.00942611694336,175.69662475585938,76694500,0.0,0.0
2015-01-02,175.69665099026864,179.61845123558714,175.69665099026864,178.83409118652344,97959000,0.0,0.0
2015-01-02,181.9715396501285,182.75589973482735,178.04973922663436,181.1871795654297,72975500,0.0,0.0
2015-01-02,181.18717788437667,187.462058503749,179.6184577295336,185.10897827148438,53656500,0.0,0.0
2015-01-02,185.10897827148438,188.24641858117056,182.75589803921974,185.10897827148438,56696500,0.0,0.0
2015-01-02,185.89334642737478,188.24642676189853,184.32462620435896,187.46206665039062,38591500,0.0,0.0
2015-01-02,185.10897279397037,187.4620529566056,178.04973230606473,183.54025268554688,66534500,0.0,0.0
2015-01-02,178.83409501745345,188.24641580784575,175.69665475398935,184.32461547851562,131885500,0.0,0.0
2015-01-02,185.10898547520455,187.46206579904188,182.7559051513672,182.7559051513672,6842500,0.0,0.0
2015-01-02,178.04974898292508,184.32463000434976,178.04974898292508,179.61846923828125,113034000,0.0,0.0
2015-01-02,178.8340869772023,182.75588713021114,176.48100688539702,181.97152709960938,64568500,0.0,0.0
2015-01-02,182.75591116624253,191.3838726376102,181.97155103248184,189.03079223632812,145787000,0.0,0.0
2015-01-02,190.59950709642226,191.38386720793017,185.89334642737478,187.46206665039062,25066000,0.0,0.0
2015-01-02,185.89332712432486,191.38384733474794,181.97152697402265,190.5994873046875,90840000,0.0,0.0
2015-01-02,188.2464044744318,192.16820456764916,186.6776844371449,189.81512451171875,34918500,0.0,0.0
2015-01-02,191.38385889085674,191.38385889085674,177.26537749726896,185.10897827148438,91002000,0.0,0.0
2015-01-02,184.3246057566711,186.67768583016053,183.54024573217464,185.89332580566406,9266500,0.0,0.0
2015-01-02,185.89332580566406,187.462045854657,185.10896578116757,185.89332580566406,9845500,0.0,0.0
2015-01-02,185.10897827148438,187.462058503749,183.5402581166413,185.10897827148438,16348500,0.0,0.0
2015-01-02,187.4620457926104,196.8743660834528,185.8933257441367,194.5212860107422,203134500,0.0,0.0
2015-01-02,196.87437438964844,197.65873444697772,193.73693416033132,196.87437438964844,32494000,0.0,0.0
2015-01-02,198.44308613192652,198.44308613192652,193.73692598650533,194.5212860107422,24638000,0.0,0.0
2015-01-02,196.09001433231916,197.65873444697772,191.3838539883435,196.87437438964844,40837500,0.0,0.0
2015-01-02,196.8743750728778,216.48337657416045,192.95257477262126,210.20849609375,217899000,0.0,0.0
2015-01-02,210.2085004864317,211.77722063931552,203.9336198748964,207.07106018066406,95659500,0.0,0.0
2015-01-02,203.93359375,210.20847355769232,202.36487379807693,203.93359375,30714000,0.0,0.0
2015-01-02,207.07106384052122,214.91466474357128,206.28670375021622,212.56158447265625,47529000,0.0,0.0
2015-01-02,211.77721621385263,214.13029639400654,208.6397759736474,210.20849609375,43832500,0.0,0.0
2015-01-02,212.56157469138122,214.1302947998047,210.208494528746,214.1302947998047,19653500,0.0,0.0
2015-01-02,214.91463341346156,214.91463341346156,203.93359375,203.93359375,78475500,0.0,0.0
2015-01-02,208.63977971857244,218.0521006081321,208.63977971857244,215.6990203857422,76102000,0.0,0.0
2015-01-02,218.05211743078996,236.09240052758193,213.3459566229312,225.11135864257812,210990000,0.0,0.0
2015-01-02,221.97391941236413,235.30804177989128,220.4051991338315,234.523681640625,166884000,0.0,0.0
2015-01-02,227.46440268851615,232.95492275341135,224.32696265143318,232.17056274414062,93047500,0.0,0.0
2015-01-02,232.17057373046876,252.56393493652342,229.03313354492187,235.30801391601562,110354500,0.0,0.0
2015-01-02,235.3080027812236,239.22980282757732,229.03312270705763,232.17056274414062,50976500,0.0,0.0
2015-01-02,236.09234902085058,245.50466858314363,231.38618923970404,236.876708984375,85894000,0.0,0.0
2015-01-02,243.15158869257036,243.15158869257036,236.876708984375,236.876708984375,83907000,0.0,0.0
2015-01-02,243.1516086655175,243.1516086655175,230.601848218265,233.73928833007812,68666500,0.0,0.0
2015-01-02,236.8767324979188,244.72033291175717,236.09237245653497,239.2298126220703,104520000,0.0,0.0
2015-01-02,239.2298141479492,240.01417419433594,233.73929382324218,235.30801391601562,64501500,0.0,0.0
2015-01-02,235.3080083859847,236.87672844189126,230.601848218265,233.73928833007812,14886000,0.0,0.0
2015-01-02,232.1705905720339,235.30803098516947,231.38623046875,231.38623046875,10918500,0.0,0.0
2015-01-02,235.3080247577868,243.93598566557233,233.7393045927349,238.44546508789062,91783500,0.0,0.0
2015-01-02,239.22985316109737,243.15165403259076,236.87677263820132,237.6611328125,65838500,0.0,0.0
2015-01-02,237.66106894789942,240.7985088019971,236.09234902085058,236.876708984375,82681000,0.0,0.0
2015-01-02,237.66112219769022,240.79856275475544,233.7393215013587,234.523681640625,58009000,0.0,0.0
2015-01-02,234.523681640625,236.8767620584239,232.95496136209238,234.523681640625,40765500,0.0,0.0
2015-01-02,234.5236483580314,239.2298085257511,232.17056827417156,233.73928833007812,124432500,0.0,0.0
2015-01-02,234.52365506240747,243.15161561654287,233.7392950120315,240.01417541503906,90447000,0.0,0.0
2015-01-02,243.15161561654287,245.50469576767068,234.52365506240747,240.01417541503906,72551000,0.0,0.0
2015-01-02,243.15162387094836,243.15162387094836,240.01418356293613,242.3672637939453,39420000,0.0,0.0
2015-01-02,243.93595521142876,262.7605948418927,241.58287525762077,255.70135498046875,136943000,0.0,0.0
2015-01-02,255.7013633287424,258.054443359375,238.44544310410333,258.054443359375,91986000,0.0,0.0
2015-01-02,258.054456211415,258.054456211415,242.36725522591865,248.6421356201172,39383000,0.0,0.0
2015-01-02,250.99524719427245,256.48576822664717,245.50472616189774,253.34832763671875,68029000,0.0,0.0
2015-01-02,253.3483302740403,256.48577089662905,251.77960996274595,254.1326904296875,54359000,0.0,0.0
2015-01-02,254.1326904296875,258.8388513635706,251.77960996274595,254.1326904296875,55611500,0.0,0.0
2015-01-02,254.91700331853153,260.40752339000755,254.91700331853153,258.054443359375,41783500,0.0,0.0
2015-01-02,260.4075447170214,280.01654657824287,258.0544644936748,272.9573059082031,133649500,0.0,0.0
2015-01-02,280.8009060405423,293.35066720436544,273.7416653858918,281.58526611328125,162991000,0.0,0.0
2015-01-02,281.5852886585707,290.21325014950185,271.38860689656116,279.2322082519531,45073000,0.0,0.0
2015-01-02,282.369638671875,294.1350402832031,282.369638671875,294.1350402832031,61112500,0.0,0.0
2015-01-02,294.91934823867285,305.9003878007511,294.91934823867285,305.11602783203125,284043000,0.0,0.0
2015-01-02,309.0378599386611,367.08050368348574,308.25349988805533,340.4122619628906,218159500,0.0,0.0
2015-01-02,338.8435745979976,338.8435745979976,316.8814910592385,323.1563720703125,126336000,0.0,0.0
2015-01-02,321.58761028910794,337.2748107910156,316.8814501385356,337.2748107910156,84734000,0.0,0.0
2015-01-02,337.2748131587587,384.3364149948646,335.7060930975552,363.94305419921875,133173000,0.0,0.0
2015-01-02,367.0804977416992,370.2179378933377,338.8435363769531,338.8435363769531,107201500,0.0,0.0
2015-01-02,338.84353885135135,352.9620196368243,320.01889780405406,348.255859375,70337000,0.0,0.0
2015-01-02,352.96201663920533,360.80561700896544,345.1184162694452,356.0994567871094,70944000,0.0,0.0
2015-01-02,356.09940910339355,365.51172828674316,340.41221046447754,351.39324951171875,59886000,0.0,0.0
2015-01-02,360.80565873191864,379.63030179619267,343.5497359230008,359.2369384765625,137986000,0.0,0.0
2015-01-02,360.80564611098345,376.4928481158088,352.96204510857075,373.35540771484375,59416000,0.0,0.0
2015-01-02,374.92408891157675,389.0425692471591,368.649208762429,379.6302490234375,108648000,0.0,0.0
2015-01-02,379.6302490234375,389.0425692471591,362.37432861328125,379.6302490234375,86424500,0.0,0.0
2015-01-02,387.4738492098722,387.4738492098722,379.6302490234375,379.6302490234375,32771500,0.0,0.0
2015-01-02,384.33642578125,390.61130620216835,381.1989855707908,384.33642578125,32202000,0.0,0.0
2015-01-02,385.90514282226565,400.02362365722655,384.3364227294922,392.1800231933594,96997500,0.0,0.0
2015-01-02,392.1800295511881,392.1800295511881,374.92410825093583,376.4928283691406,83704000,0.0,0.0
2015-01-02,376.49282602163464,378.0615461300581,356.09946461212945,367.08050537109375,95061000,0.0,0.0
2015-01-02,360.80561407681165,370.21793444403284,349.82457364838695,363.94305419921875,101599500,0.0,0.0
2015-01-02,368.64922547951727,379.63026623848157,359.2369048289764,367.08050537109375,59473000,0.0,0.0
2015-01-02,368.64923980845,373.355400316643,351.39331794507575,362.3743591308594,50416000,0.0,0.0
2015-01-02,362.3743443080357,396.88618662308676,337.27482262436223,384.33642578125,162823500,0.0,0.0
2015-01-02,387.47386044361554,390.6113006091509,370.2179395331711,382.7677001953125,64127000,0.0,0.0
2015-01-02,382.76770645532855,382.76770645532855,365.5117852626703,367.08050537109375,34811000,0.0,0.0
2015-01-02,367.08044815063477,371.78660774230957,348.25580978393555,351.39324951171875,87030500,0.0,0.0
2015-01-02,349.82459453000865,382.7677177817135,340.4122736009501,370.21795654296875,108949500,0.0,0.0
2015-01-02,368.6492413607511,368.6492413607511,345.1184387207031,345.1184387207031,210840500,0.0,0.0
2015-01-02,329.4312025096319,352.9620026888913,321.5876024498787,343.5496826171875,170920500,0.0,0.0
2015-01-02,329.4312421013327,338.8435633042279,320.0189208984375,320.0189208984375,149545500,0.0,0.0
2015-01-02,323.15631719466745,349.8245569631594,321.58759720828556,341.98095703125,113525000,0.0,0.0
2015-01-02,341.9810002419801,365.51180301092364,338.8435598727876,354.53076171875,125361000,0.0,0.0
2015-01-02,354.53075977672233,367.0805211847479,341.98099836869676,345.1184387207031,75471000,0.0,0.0
2015-01-02,345.1184547321679,354.53077622486336,332.5686927419072,349.8246154785156,24554000,0.0,0.0
2015-01-02,360.8056572199937,360.8056572199937,345.1184547321679,349.8246154785156,47737500,0.0,0.0
2015-01-02,349.82458188240986,360.80562256930165,349.82458188240986,357.6681823730469,40633500,0.0,0.0
2015-01-02,362.37434266742906,363.9430627655565,356.09946227491946,357.6681823730469,31598000,0.0,0.0
2015-01-02,357.6681772867839,360.8056174384223,337.2748163011339,338.8435363769531,17911000,0.0,0.0
2015-01-02,338.84354501400355,345.1184254772258,330.99994443497565,332.56866455078125,52169000,0.0,0.0
2015-01-02,332.56866455078125,334.1373846665868,320.01890362433664,332.56866455078125,40299500,0.0,0.0
2015-01-02,334.1373596191406,343.5496796084122,324.72503962986906,334.1373596191406,18674000,0.0,0.0
2015-01-02,334.13735652315444,334.13735652315444,320.0188766700634,324.72503662109375,34756000,0.0,0.0
2015-01-02,324.7250704623685,329.4312309038521,310.6065891379177,316.8814697265625,45266500,0.0,0.0
2015-01-02,316.88145619815157,318.45017627834045,303.5473355165462,304.3316955566406,43671000,0.0,0.0
2015-01-02,304.3317042300576,305.11606429250617,285.5070627312911,298.05682373046875,115189000,0.0,0.0
2015-01-02,301.9786149932117,327.8624962783441,298.05681479849466,321.5876159667969,88168000,0.0,0.0
2015-01-02,323.1563134644162,324.72503343269005,312.9596336706361,315.3127136230469,44864000,0.0,0.0
2015-01-02,316.8814647313579,316.8814647313579,302.7629836294657,306.6847839355469,41088500,0.0,0.0
2015-01-02,306.68478666033064,315.3127474103655,306.68478666033064,307.4691467285156,20650500,0.0,0.0
2015-01-02,306.6847974218503,313.74403828322284,305.1160772304342,310.6065979003906,80467500,0.0,0.0
2015-01-02,315.3127474103655,316.8814675467355,304.33170645577565,307.4691467285156,26419000,0.0,0.0
2015-01-02,310.6065903908295,312.9596706210631,298.0568291629172,299.62554931640625,31498000,0.0,0.0
2015-01-02,300.4099373404435,302.7630177895854,294.9194162924459,298.8412170410156,20925500,0.0,0.0
2015-01-02,294.91942043253033,301.19430171832886,290.21325946818143,290.99761962890625,29794500,0.0,0.0
2015-01-02,288.6444812045533,290.99756121437304,282.36960117836736,283.1539611816406,56769000,0.0,0.0
2015-01-02,284.72270087234114,287.0757810448398,277.66346035484503,280.01654052734375,16773000,0.0,0.0
2015-01-02,280.8009177121249,281.585277817466,269.03551613200796,276.0947570800781,80975000,0.0,0.0
2015-01-02,276.87906168274964,284.72266116384736,276.87906168274964,277.6634216308594,36617500,0.0,0.0
2015-01-02,282.36962960579336,283.93834977027,272.1729485366953,273.7416687011719,41226500,0.0,0.0
2015-01-02,276.09475167410716,279.23219203404017,272.9573113141741,274.5260314941406,31389000,0.0,0.0
2015-01-02,276.094760326629,294.9194030761719,276.094760326629,294.9194030761719,65868500,0.0,0.0
2015-01-02,294.9193642133043,297.27244424692105,287.0757641012483,292.5662841796875,54167500,0.0,0.0
2015-01-02,292.56632381073416,295.70376428055437,280.80092204890843,286.29144287109375,35263000,0.0,0.0
2015-01-02,285.50707275390624,289.42887320382255,274.5260314941406,274.5260314941406,46695500,0.0,0.0
2015-01-02,274.5260227991882,284.7227036460152,274.5260227991882,280.8009033203125,49842500,0.0,0.0
2015-01-02,280.8009005848433,281.58526064234286,276.0947402398459,280.01654052734375,17547000,0.0,0.0
2015-01-02,281.5852496052346,281.5852496052346,265.89804907012405,268.2511291503906,35886500,0.0,0.0
2015-01-02,262.76063722552675,273.7416787812204,254.13267600319602,258.8388366699219,57999500,0.0,0.0
2015-01-02,265.8980872112772,271.3886081861413,258.83884595788044,270.604248046875,44232000,0.0,0.0
2015-01-02,272.9573079427083,286.2914293077257,270.60422770182294,282.36962890625,53933000,0.0,0.0
2015-01-02,282.36962680158945,283.9383469504872,266.6824253126123,272.9573059082031,21886000,0.0,0.0
2015-01-02,272.9573148839614,274.52603508444395,261.1919133803424,266.68243408203125,56762500,0.0,0.0
2015-01-02,266.68243408203125,270.6042345832376,255.7013926786535,266.68243408203125,51913000,0.0,0.0
2015-01-02,268.25116762907606,270.604248046875,264.32936693274456,270.604248046875,34882000,0.0,0.0
2015-01-02,270.6042147791663,272.95729490768076,260.40753422227016,269.8198547363281,35765000,0.0,0.0
2015-01-02,269.819862408345,280.8009033203125,266.6824221477828,280.8009033203125,59123000,0.0,0.0
2015-01-02,282.3696206998424,283.15398075734197,274.5260201248468,280.01654052734375,40124500,0.0,0.0
2015-01-02,280.8009353329881,280.8009353329881,268.2511728600054,272.1729736328125,45166000,0.0,0.0
2015-01-02,272.9572716346154,274.52599158653845,254.13263221153846,254.9169921875,79584000,0.0,0.0
2015-01-02,254.9170505853347,256.48577089662905,247.07344902886285,254.1326904296875,65598000,0.0,0.0
2015-01-02,254.91704655264667,262.7606479850358,252.5639661229299,261.9762878417969,34453000,0.0,0.0
2015-01-02,262.76064665421194,277.66348930027175,254.1326851222826,270.604248046875,122926500,0.0,0.0
2015-01-02,271.3885835920061,272.95730372837613,259.6231825692313,263.54498291015625,66088500,0.0,0.0
2015-01-02,263.54498906966745,265.89806932921806,255.70138820449878,256.4857482910156,83894000,0.0,0.0
2015-01-02,256.48571333885195,256.48571333885195,247.85775356292726,250.9951934814453,88941000,0.0,0.0
2015-01-02,248.64210905129917,251.7795489131452,244.7203092239916,245.50466918945312,64388500,0.0,0.0
2015-01-02,247.07342599567613,247.8577860782021,236.87674492283872,238.44546508789062,79287000,0.0,0.0
2015-01-02,239.2298126220703,245.50469295314102,238.44545258068646,239.2298126220703,65133500,0.0,0.0
2015-01-02,243.15162387094836,243.93598394795143,238.44546340893,242.3672637939453,59971500,0.0,0.0
2015-01-02,242.3672428646603,243.9359628832018,230.60184272559914,232.17056274414062,80735500,0.0,0.0
2015-01-02,232.17056274414062,232.95492275341135,224.32696265143318,232.17056274414062,181252500,0.0,0.0
2015-01-02,234.52362149146296,244.72030068674397,233.73926155336443,243.15158081054688,156691000,0.0,0.0
2015-01-02,243.15162489149307,250.21086561414933,238.44546440972223,247.07342529296875,78046500,0.0,0.0
2015-01-02,247.8577826433121,249.42650278662418,244.7203423566879,246.2890625,22794000,0.0,0.0
2015-01-02,247.0734130359087,247.0734130359087,236.8767324979188,239.2298126220703,28122500,0.0,0.0
2015-01-02,239.22981808938889,242.36725832662677,236.87673791146045,240.7985382080078,22631500,0.0,0.0
2015-01-02,240.01414883847266,241.5828687655215,234.52362909380173,236.876708984375,47254000,0.0,0.0
2015-01-02,236.8767227997651,240.79852284611883,229.03312270705763,232.17056274414062,65548500,0.0,0.0
2015-01-02,232.95496068960978,232.95496068960978,226.68007959359335,229.81752014160156,84659500,0.0,0.0
2015-01-02,229.03314654032388,229.8175066312154,225.11134608586627,225.8957061767578,71586500,0.0,0.0
2015-01-02,225.89570700304603,227.46442719056716,217.2677459716797,217.2677459716797,93591000,0.0,0.0
2015-01-02,217.26775729614684,225.11135864257812,217.26775729614684,225.11135864257812,98971000,0.0,0.0
2015-01-02,225.1113496424788,233.7393107786017,221.9739092293432,231.38623046875,69171500,0.0,0.0
2015-01-02,231.38620824621827,235.3080083859847,223.54260796668547,233.73928833007812,63965500,0.0,0.0
2015-01-02,234.5236441490986,236.09236417685176,227.46440402420933,228.24876403808594,33637000,0.0,0.0
2015-01-02,228.24874593800513,229.8174658413591,221.97386632458918,227.46438598632812,31772500,0.0,0.0
2015-01-02,227.46443904650752,229.03315931579377,223.54263837329188,225.11135864257812,33787000,0.0,0.0
2015-01-02,225.11134608586627,240.7985479036967,225.11134608586627,225.8957061767578,217590500,0.0,0.0
2015-01-02,229.03314344618056,247.07342529296875,229.03314344618056,247.07342529296875,164778000,0.0,0.0
2015-01-02,247.85778410144658,266.6824259319362,247.85778410144658,264.329345703125,266155000,0.0,0.0
2015-01-02,270.6042121979128,270.6042121979128,259.623171702925,260.40753173828125,146918000,0.0,0.0
2015-01-02,261.97623800243855,270.60419793665056,260.40751801439995,265.1136779785156,77335500,0.0,0.0
2015-01-02,265.1136834512728,269.0354835023271,257.2700833491641,258.054443359375,70170000,0.0,0.0
2015-01-02,258.0544650929618,269.0355061607474,254.9170247878802,264.329345703125,52813500,0.0,0.0
2015-01-02,265.89804346148367,268.2511234921162,257.2700833491641,258.054443359375,52008000,0.0,0.0
2015-01-02,261.19193183051215,263.5450122974537,252.56397011839314,254.1326904296875,75024000,0.0,0.0
2015-01-02,255.70136881018695,262.76060905341296,255.70136881018695,259.6231689453125,58621500,0.0,0.0
2015-01-02,259.62321151921776,262.76065214180653,251.77960996274595,254.1326904296875,51408000,0.0,0.0
2015-01-02,254.1326333999634,258.8387932777405,248.64211354255679,250.9951934814453,76699000,0.0,0.0
2015-01-02,250.99524980709876,254.1326904296875,247.85780918451002,254.1326904296875,50146000,0.0,0.0
2015-01-02,254.91699337959292,257.2700733184815,250.2108335018158,250.9951934814453,44267500,0.0,0.0
2015-01-02,250.2108612060547,254.91702160491465,247.8577810066247,250.2108612060547,45689000,0.0,0.0
2015-01-02,252.56394657335784,254.13266673840974,235.3080247577868,238.44546508789062,165355500,0.0,0.0
2015-01-02,236.8767352135353,245.50469576767068,221.97389425639236,240.01417541503906,70709500,0.0,0.0
2015-01-02,240.01417541503906,243.15161561654287,232.17057491127963,240.01417541503906,46832500,0.0,0.0
2015-01-02,236.87677263820132,243.93601420688944,236.09241246390263,237.6611328125,45542500,0.0,0.0
2015-01-02,238.44548731674382,259.62321151921776,238.44548731674382,254.1326904296875,104897500,0.0,0.0
2015-01-02,255.7013687223022,274.52600936443486,254.91700869554666,268.2511291503906,193721500,0.0,0.0
2015-01-02,269.81986345563615,274.5260238647461,261.9762627737863,263.54498291015625,172655500,0.0,0.0
2015-01-02,262.7606335808249,283.15399618709785,260.40755328010107,266.68243408203125,288963500,0.0,0.0
2015-01-02,269.03548376599724,287.0757640185277,262.7606036781606,283.9383239746094,280912000,0.0,0.0
2015-01-02,285.5070827536387,292.56632381073416,279.2322018139983,286.29144287109375,170070000,0.0,0.0
2015-01-02,287.0758002983345,290.9976008488582,281.5852795276013,285.507080078125,66657500,0.0,0.0
2015-01-02,287.07576682350856,287.860126842152,282.36960671164775,284.7226867675781,60829500,0.0,0.0
2015-01-02,287.075769184911,349.8245711925418,287.075769184911,337.2748107910156,503704500,0.0,0.0
2015-01-02,337.27483452690973,370.2179578993056,324.72507324218753,352.9620361328125,320142500,0.0,0.0
2015-01-02,363.9430430536685,376.49280315896743,352.96200296153194,360.80560302734375,310622000,0.0,0.0
2015-01-02,360.8056572199937,365.5118179663414,348.255895229733,349.8246154785156,137880500,0.0,0.0
2015-01-02,349.8245794622748,352.9620196368243,335.70609867680184,348.255859375,107499500,0.0,0.0
2015-01-02,348.25590749887317,352.96206841102014,324.7251029381385,326.2938232421875,129656000,0.0,0.0
2015-01-02,326.2937677556818,337.2748080166904,318.4501675692472,327.86248779296875,103962500,0.0,0.0
2015-01-02,329.4312212544103,343.5497021653136,327.8625011531988,340.4122619628906,95966000,0.0,0.0
2015-01-02,343.54971655729776,346.68715689115436,332.56867538879965,335.70611572265625,64616500,0.0,0.0
2015-01-02,334.1374027027803,337.2748431037454,320.0189208984375,320.0189208984375,37220500,0.0,0.0
2015-01-02,320.0188876065341,330.9999278675426,309.03784734552556,327.86248779296875,89389000,0.0,0.0
2015-01-02,327.86248779296875,338.8435280539773,324.7250477183949,327.86248779296875,103247000,0.0,0.0
2015-01-02,327.86254354623645,337.27486537053034,324.7251029381385,326.2938232421875,45989500,0.0,0.0
2015-01-02,329.4312025096319,343.5496826171875,323.15632246182935,343.5496826171875,117694000,0.0,0.0
2015-01-02,345.1184254772258,356.0994662878648,330.99994443497565,332.56866455078125,80921500,0.0,0.0
2015-01-02,337.2748028299083,360.80560302734375,324.7250427246094,360.80560302734375,154153500,0.0,0.0
2015-01-02,360.80556869506836,365.51172828674316,351.39324951171875,351.39324951171875,91980500,0.0,0.0
2015-01-02,351.3932829483696,360.80560302734375,337.2748028299083,360.80560302734375,182209500,0.0,0.0
2015-01-02,360.8056369357639,367.080517578125,348.25587565104166,352.9620361328125,101175000,0.0,0.0
2015-01-02,352.96204510857075,359.23692591050093,340.41228350471044,346.6871643066406,104453000,0.0,0.0
2015-01-02,349.8245569631594,354.5307169223051,340.41223704486816,341.98095703125,66192000,0.0,0.0
2015-01-02,340.41224809126425,349.8245683149858,318.4501675692472,327.86248779296875,140155500,0.0,0.0
2015-01-02,330.9999841543344,332.5687044583834,318.4502217219426,326.2938232421875,77789000,0.0,0.0
2015-01-02,326.2937906095297,332.5686711981745,312.17530928507887,316.8814697265625,90238500,0.0,0.0
2015-01-02,318.4502098083496,323.15637054443357,300.4099269866943,313.7440490722656,67454000,0.0,0.0
2015-01-02,312.95970362939204,318.4502247456972,303.54738171572615,309.03790283203125,33403500,0.0,0.0
2015-01-02,307.4691611176328,315.312762166552,301.1942802784974,302.76300048828125,33842500,0.0,0.0
2015-01-02,302.76301375679344,302.76301375679344,285.50709069293475,288.64453125,42131000,0.0,0.0
2015-01-02,288.6445102636999,290.21323042817653,269.035508207742,273.7416687011719,128020000,0.0,0.0
2015-01-02,272.957294646787,280.80089506767166,258.83881388919457,278.44781494140625,86746500,0.0,0.0
2015-01-02,280.8008994078025,305.9004211425781,274.5260189741086,305.9004211425781,147564500,0.0,0.0
2015-01-02,307.4691611176328,310.60660153720045,290.9975989149024,302.76300048828125,91908000,0.0,0.0
2015-01-02,302.7629841051604,305.11606429250617,297.2724636680202,298.05682373046875,36174000,0.0,0.0
2015-01-02,301.97862087151947,318.45018200996594,298.05682060046075,305.9004211425781,79185000,0.0,0.0
2015-01-02,305.9004072709517,313.7440074573864,299.625527121804,301.9786071777344,19003000,0.0,0.0
2015-01-02,301.97860160010913,308.25348163335815,299.6255215876407,300.4098815917969,39406500,0.0,0.0
2015-01-02,304.33168450850474,315.31272467118276,301.9786044736452,309.82220458984375,54558000,0.0,0.0
2015-01-02,309.8222640465046,330.9999884243669,309.0379038843615,318.4502258300781,150550000,0.0,0.0
2015-01-02,323.1563503152073,324.7250704623685,313.7440294322401,316.8814697265625,84459000,0.0,0.0
2015-01-02,316.8814416790756,321.58760170401234,297.27244157517237,300.4098815917969,63853000,0.0,0.0
2015-01-02,300.40990076309595,312.95966163048377,297.272460546249,305.9004211425781,50366000,0.0,0.0
2015-01-02,305.90041518792873,324.7250561225705,305.90041518792873,321.5876159667969,39387500,0.0,0.0
2015-01-02,323.156316637417,324.72503662109375,315.31271671903306,324.72503662109375,36584000,0.0,0.0
2015-01-02,324.7250907897949,326.29381103515624,312.9596889495849,313.7440490722656,73974000,0.0,0.0
2015-01-02,313.7440300473123,320.0189106482586,301.19426884541986,308.2535095214844,40108000,0.0,0.0
2015-01-02,308.2534953047589,323.1563360446837,308.2534953047589,321.5876159667969,52841500,0.0,0.0
2015-01-02,321.58760764382106,330.9999278675426,312.17528742009944,327.86248779296875,42748000,0.0,0.0
2015-01-02,329.4312159220378,340.41225645277234,323.15633561876086,338.8435363769531,39858000,0.0,0.0
2015-01-02,338.8435745979976,341.9810151035346,321.587651817544,323.1563720703125,37503500,0.0,0.0
2015-01-02,324.72510712722254,329.43126810008084,316.88150550579206,318.4502258300781,25321000,0.0,0.0
2015-01-02,320.01889023891715,337.2748107910156,320.01889023891715,337.2748107910156,76418000,0.0,0.0
2015-01-02,337.2748080166904,338.8435280539773,326.2937677556818,327.86248779296875,24004500,0.0,0.0
2015-01-02,329.4312105400618,337.2748107910156,323.1563303392987,337.2748107910156,35569500,0.0,0.0
2015-01-02,345.1183996066241,349.82455960125986,334.1373596191406,334.1373596191406,42848500,0.0,0.0
2015-01-02,334.1373706906341,348.255851142351,330.9999305902525,337.2748107910156,36964500,0.0,0.0
2015-01-02,337.27486537053034,341.98102628267725,313.74406080979566,326.2938232421875,52792500,0.0,0.0
2015-01-02,330.9999884243669,332.568708748653,318.4502258300781,318.4502258300781,42499000,0.0,0.0
2015-01-02,318.45018485379035,323.15634522108775,305.9004238743306,306.6847839355469,40701000,0.0,0.0
2015-01-02,306.6847893712478,316.88147034778547,303.5473490707747,308.2535095214844,24987000,0.0,0.0
2015-01-02,309.0378337499514,321.58759349614235,301.978593892719,315.3127136230469,80998000,0.0,0.0
2015-01-02,315.31270742538965,315.31270742538965,301.9785879571518,305.11602783203125,20839000,0.0,0.0
2015-01-02,307.4691680908203,318.4502098083496,304.3317276000976,313.7440490722656,24712500,0.0,0.0
2015-01-02,316.8814647313579,318.45018485379035,305.1160638131144,306.6847839355469,23931000,0.0,0.0
2015-01-02,306.6848233979324,326.2938274515086,306.6848233979324,318.4502258300781,100435500,0.0,0.0
2015-01-02,326.29377620045733,330.9999364341177,316.8814557331364,321.5876159667969,48080000,0.0,0.0
2015-01-02,323.156316637417,329.43119657212407,320.0188766700634,324.72503662109375,27164500,0.0,0.0
2015-01-02,326.29378836495533,329.4312286376953,306.68478666033064,307.4691467285156,32916000,0.0,0.0
2015-01-02,307.4691329285772,312.1752931264636,303.5473327636719,303.5473327636719,41093500,0.0,0.0
2015-01-02,304.33173403532606,307.4691745923913,287.0758109714674,288.64453125,143043000,0.0,0.0
2015-01-02,288.6444949850796,296.48809539228284,281.58525461859665,295.7037353515625,89775000,0.0,0.0
2015-01-02,298.0568398589297,321.5876430056873,297.2724797540378,302.76300048828125,147775000,0.0,0.0
2015-01-02,303.5473551750183,306.68479553858435,294.91939417521155,301.19427490234375,71489000,0.0,0.0
2015-01-02,298.0568398589297,302.76300048828125,296.48811964914586,302.76300048828125,44842000,0.0,0.0
2015-01-02,303.54736747741697,330.9999717712402,303.54736747741697,313.7440490722656,286702000,0.0,0.0
2015-01-02,316.88147371951663,341.98099639036946,312.9596733021959,335.70611572265625,172913000,0.0,0.0
2015-01-02,337.27479961556446,348.25583960304795,327.8624796262929,334.1373596191406,107987000,0.0,0.0
2015-01-02,337.27483784068716,351.3933194247159,332.5686773126776,345.1184387207031,109988000,0.0,0.0
2015-01-02,345.11841668023004,349.82457690768774,330.999935997857,338.8435363769531,95892000,0.0,0.0
2015-01-02,338.84353885135135,367.0805004222973,338.84353885135135,348.255859375,260832000,0.0,0.0
2015-01-02,352.9620470319476,352.9620470319476,326.29380347842266,329.4312438964844,156103100,0.0,5.0
2015-01-02,332.56864253353314,352.9620026888913,329.4312025096319,343.5496826171875,146996700,0.0,0.0
2015-01-02,356.0994874500093,356.0994874500093,320.0189226422991,329.4312438964844,403311000,0.0,0.0
2015-01-02,327.86250420336455,337.27482489819795,318.4501835085311,332.56866455078125,153317900,0.0,0.0
2015-01-02,332.56864790482956,335.70608797940343,320.0188876065341,327.86248779296875,136246700,0.0,0.0
2015-01-02,329.43121635623095,329.43121635623095,321.5876159667969,321.5876159667969,60049100,0.0,0.0
2015-01-02,324.72510712722254,324.72510712722254,312.17534453293376,318.4502258300781,76056500,0.0,0.0
2015-01-02,318.45017581102326,324.7250561225705,313.7440155773628,321.5876159667969,85099500,0.0,0.0
2015-01-02,321.5876301680461,321.5876301680461,313.7440294322401,316.8814697265625,92994900,0.0,0.0
2015-01-02,316.8814804974724,321.58764109892,313.7440400965073,320.0189208984375,55224700,0.0,0.0
2015-01-02,320.0189450646415,321.58766538358583,307.46918251308693,309.03790283203125,76492300,0.0,0.0
2015-01-02,309.0378883361816,316.88148956298824,307.4691680908203,313.7440490722656,67535000,0.0,0.0
2015-01-02,315.31276931762693,323.15637054443357,312.17532882690426,313.7440490722656,149569600,0.0,0.0
2015-01-02,313.7440272739955,318.45018768310547,304.33170645577565,307.4691467285156,115301400,0.0,0.0
2015-01-02,307.4691556294759,309.0378758112589,298.05683453877765,301.19427490234375,129788800,0.0,0.0
2015-01-02,301.1943012373097,310.60662315097557,301.1943012373097,309.03790283203125,112653200,0.0,0.0
2015-01-02,309.0378668648856,312.17530713762557,304.33170645577565,307.4691467285156,50336200,0.0,0.0
2015-01-02,307.4691556294759,309.0378758112589,299.6255547205607,301.19427490234375,67385400,0.0,0.0
2015-01-02,301.19427490234375,304.3317152659098,298.05683453877765,301.19427490234375,43551200,0.0,0.0
2015-01-02,304.33173403532606,304.33173403532606,285.50709069293475,288.64453125,87450900,0.0,0.0
2015-01-02,288.64452987842344,298.05685150489376,274.52604743871797,279.2322082519531,113266200,0.0,0.0
2015-01-02,279.2321415270789,290.21318080061576,274.5259818384203,277.6634216308594,137028200,0.0,0.0
2015-01-02,279.232169524968,293.35065000656755,268.2511291503906,268.2511291503906,139688100,0.0,0.0
2015-01-02,271.38859113420756,277.66347185407363,263.544990234375,274.5260314941406,117386400,0.0,0.0
2015-01-02,276.09475528492646,277.663475485409,266.68243408203125,266.68243408203125,56551100,0.0,0.0
2015-01-02,268.2511291503906,274.52600936443486,266.6824090968796,268.2511291503906,29095000,0.0,0.0
2015-01-02,269.8198547363281,272.95729490768076,260.40753422227016,269.8198547363281,84250700,0.0,0.0
2015-01-02,271.38859113420756,276.09475167410716,269.8198709542411,274.5260314941406,56962500,0.0,0.0
2015-01-02,277.663449471457,282.36960963199016,268.2511291503906,268.2511291503906,86233500,0.0,0.0
2015-01-02,269.8198695028982,291.7819519042969,268.2511493313697,291.7819519042969,191417700,0.0,0.0
2015-01-02,291.7819718070652,294.91941236413044,283.9383704144022,288.64453125,72814000,0.0,0.0
2015-01-02,288.6445039717179,291.78194423228,277.6634630597503,280.8009033203125,91842100,0.0,0.0
2015-01-02,280.8008895784791,282.36960963199016,268.2511291503906,268.2511291503906,90073500,0.0,0.0
2015-01-02,269.81982214976165,279.2321415270789,266.6823823573226,277.6634216308594,55115500,0.0,0.0
2015-01-02,277.6634216308594,282.36958131951803,269.81982214976165,277.6634216308594,58128800,0.0,0.0
2015-01-02,269.81982555285174,288.64446454491116,269.81982555285174,287.07574462890625,95007700,0.0,0.0
2015-01-02,287.07574100817664,287.07574100817664,277.6634216308594,277.6634216308594,26025700,0.0,0.0
2015-01-02,277.6634216308594,280.8008614232985,269.81982214976165,277.6634216308594,38197300,0.0,0.0
2015-01-02,279.2321975014426,282.36963792280716,272.9573166587136,276.0947570800781,46233300,0.0,0.0
2015-01-02,276.09473507903346,277.6634551647098,266.6824145649755,269.8198547363281,60505800,0.0,0.0
2015-01-02,269.819889274186,272.95732984714164,260.407567555319,261.9762878417969,50289900,0.0,0.0
2015-01-02,265.11369195041885,265.11369195041885,255.70137152614365,260.40753173828125,78785400,0.0,0.0
2015-01-02,260.407571674865,265.1137326087481,252.56397011839314,254.1326904296875,80805000,0.0,0.0
2015-01-02,254.13265315188636,255.70137323307085,247.85777282714844,247.85777282714844,75257700,0.0,0.0
2015-01-02,250.99519507285277,258.8387949188794,246.28903516523678,255.70135498046875,77590500,0.0,0.0
2015-01-02,255.7013908944479,258.8388312735209,252.56395051537493,257.2701110839844,35517200,0.0,0.0
2015-01-02,255.7013908944479,263.54499184213034,254.13267070491142,257.2701110839844,45138800,0.0,0.0
2015-01-02,257.27009331425535,260.4075334766243,246.28905274596394,247.85777282714844,74405100,0.0,0.0
2015-01-02,247.85775356292726,250.9951934814453,238.44543380737306,250.9951934814453,95103100,0.0,0.0
2015-01-02,252.56394657335784,254.13266673840974,235.3080247577868,238.44546508789062,96972100,0.0,0.0
2015-01-02,238.44546508789062,252.56394657335784,238.44546508789062,238.44546508789062,132785800,0.0,0.0
2015-01-02,238.4454553142872,246.28905581804662,238.4454553142872,240.01417541503906,73765000,0.0,0.0
2015-01-02,241.58292682354266,249.42652834378757,241.58292682354266,244.72036743164062,79852300,0.0,0.0
2015-01-02,244.72034360284675,247.85778390544735,229.03314208984375,229.03314208984375,137445100,0.0,0.0
2015-01-02,229.03313470977585,241.58289551579097,222.7582543067683,240.01417541503906,123290500,0.0,0.0
2015-01-02,240.01418314894585,241.58290330024616,225.89570178724315,229.03314208984375,100100200,0.0,0.0
2015-01-02,229.03312270705763,235.3080027812236,225.89568266997466,232.17056274414062,72900700,0.0,0.0
2015-01-02,235.3080083859847,235.3080083859847,227.46440810645186,233.73928833007812,54983000,0.0,0.0
2015-01-02,233.7393045927349,241.58290541799445,232.17058442768297,238.44546508789062,58358000,0.0,0.0
2015-01-02,238.44542118195565,246.28902056294103,233.73926155336443,243.15158081054688,55106000,0.0,0.0
2015-01-02,243.151585019868,244.720304923222,227.46438598632812,227.46438598632812,152098100,0.0,0.0
2015-01-02,224.3269738945172,227.4644140888461,218.05209350585938,218.05209350585938,69060200,0.0,0.0
2015-01-02,218.05206656620422,229.03310588968213,218.05206656620422,227.46438598632812,63608900,0.0,0.0
2015-01-02,227.46442537781192,229.03314555283131,219.62082450271498,221.18954467773438,43223300,0.0,0.0
2015-01-02,224.32698599497476,227.46442635854083,221.1895456314087,225.8957061767578,40425400,0.0,0.0
2015-01-02,225.89570178724315,235.30802269504497,225.89570178724315,229.03314208984375,43026500,0.0,0.0
2015-01-02,229.03313233252285,241.58289300827752,227.46441224805352,230.6018524169922,114652100,0.0,0.0
2015-01-02,232.17058131077906,233.7393014547708,224.3269805908203,224.3269805908203,47267000,0.0,0.0
2015-01-02,225.8957061767578,229.03314654032388,222.7582658131917,225.8957061767578,25336100,0.0,0.0
2015-01-02,225.89566608297415,233.73926559974407,225.89566608297415,227.46438598632812,57994400,0.0,0.0
2015-01-02,229.03312270705763,233.7392827626821,227.46440268851615,232.17056274414062,67147900,0.0,0.0
2015-01-02,232.17058690388996,238.44546763102213,222.7582658131917,225.8957061767578,172822700,0.0,0.0
2015-01-02,225.8957061767578,230.60186672210693,224.32698599497476,225.8957061767578,58657000,0.0,0.0
2015-01-02,225.89569849167427,227.46441862008865,211.7772173359446,214.91465759277344,212485600,0.0,0.0
2015-01-02,200.79617011278197,216.48337090284306,200.79617011278197,208.6397705078125,143114000,0.0,0.0
2015-01-02,194.52128733236958,211.77720798282172,194.52128733236958,199.22744750976562,193230800,0.0,0.0
2015-01-02,186.67769517355816,207.07105683117376,186.67769517355816,192.95257568359375,220995500,0.0,0.0
2015-01-02,192.95255408653847,210.20847355769232,191.3838341346154,203.93359375,316238600,0.0,0.0
2015-01-02,205.50232774629367,207.07104780542568,199.22744750976562,199.22744750976562,213320600,0.0,0.0
2015-01-02,200.79619295634922,208.6397942437066,194.5213119264633,197.65875244140625,256182100,0.0,0.0
2015-01-02,196.0900321839348,203.93363347129218,194.5213119264633,197.65875244140625,137301600,0.0,0.0
2015-01-02,197.6587340376759,205.50233459472656,197.6587340376759,205.50233459472656,119063600,0.0,0.0
2015-01-02,205.50233084256533,207.071050925333,191.38385009765625,191.38385009765625,175705800,0.0,0.0
2015-01-02,194.52129795754604,214.914659840192,191.3838576679082,202.36489868164062,459269700,0.0,0.0
2015-01-02,205.5023137019231,213.3459134615385,202.36487379807693,203.93359375,225479300,0.0,0.0
2015-01-02,207.07105350494385,208.63977360725403,197.65873289108276,200.79617309570312,145758900,0.0,0.0
2015-01-02,200.796171875,202.36489196777345,192.95257141113282,196.0900115966797,112783100,0.0,0.0
2015-01-02,196.0900135529347,197.65873366135818,183.54025268554688,183.54025268554688,200036500,0.0,0.0
2015-01-02,183.54025021114865,188.24641047297297,174.1279296875,174.1279296875,227983100,0.0,0.0
2015-01-02,177.26537048339844,197.65873168945313,175.696650390625,196.0900115966797,278303100,0.0,0.0
2015-01-02,196.09001278877258,200.79617309570312,188.24641227722168,200.79617309570312,213934900,0.0,0.0
2015-01-02,202.36489196777345,202.36489196777345,194.52129150390624,196.0900115966797,153245800,0.0,0.0
2015-01-02,199.22743389423078,207.07103365384617,197.6587139423077,203.93359375,182697800,0.0,0.0
2015-01-02,199.2274561936293,205.5023367036649,189.81513542857596,192.95257568359375,187193100,0.0,0.0
2015-01-02,202.36488762802963,210.20848792368972,194.52128733236958,199.22744750976562,484885300,0.0,0.0
2015-01-02,200.79619295634922,203.93363347129218,196.0900321839348,197.65875244140625,134153000,0.0,0.0
2015-01-02,197.65875244140625,200.79619295634922,196.0900321839348,197.65875244140625,103467900,0.0,0.0
2015-01-02,199.22746222746287,221.18954467773438,197.65874205244347,221.18954467773438,472363100,0.0,0.0
2015-01-02,222.7582550048828,227.46441532188737,213.34593437087366,222.7582550048828,333039000,0.0,0.0
2015-01-02,222.75825379735275,224.3269738945172,216.48337340869492,218.05209350585938,153403100,0.0,0.0
2015-01-02,218.05209895542689,230.60186004638672,214.91465868268693,219.62081909179688,360999700,0.0,0.0
2015-01-02,225.8956972947761,227.46441741487874,210.20849609375,210.20849609375,240912900,0.0,0.0
2015-01-02,210.20849302003708,221.1895337001883,210.20849302003708,218.05209350585938,137889900,0.0,0.0
2015-01-02,218.0521043276956,222.75826485275377,211.777223627618,221.18954467773438,199906400,0.0,0.0
2015-01-02,222.7582519946455,230.6018524169922,219.62081182570682,230.6018524169922,318950400,0.0,0.0
2015-01-02,238.44546299764556,238.44546299764556,224.32698163594287,229.03314208984375,227310500,0.0,0.0
2015-01-02,227.46441977364677,229.03313991001673,219.62081909179688,219.62081909179688,177370900,0.0,0.0
2015-01-02,219.62081909179688,229.03313991001673,219.62081909179688,219.62081909179688,169224200,0.0,0.0
2015-01-02,221.18952261435018,232.17056274414062,219.6208025958087,232.17056274414062,196055600,0.0,0.0
2015-01-02,233.7393014547708,233.7393014547708,224.3269805908203,224.3269805908203,203756400,0.0,0.0
2015-01-02,224.3269805908203,227.46442087880382,221.1895403028368,224.3269805908203,86677900,0.0,0.0
2015-01-02,225.8957061767578,233.739307085673,224.32698599497476,225.8957061767578,208359400,0.0,0.0
2015-01-02,227.46441280140596,230.60185297797707,213.34593200683594,213.34593200683594,212119700,0.0,0.0
2015-01-02,213.3459418402778,214.91466200086808,205.5023410373264,211.7772216796875,163394700,0.0,0.0
2015-01-02,213.34593515177718,219.62081559741767,203.93361448331643,205.50233459472656,238718300,0.0,0.0
2015-01-02,207.07105042880642,213.34593074483084,205.5023303498003,208.6397705078125,166657800,0.0,0.0
2015-01-02,211.77722063931552,211.77722063931552,205.50234002778024,207.07106018066406,101350900,0.0,0.0
2015-01-02,210.20849940573524,211.77721955055415,199.2274583920028,202.36489868164062,177672700,0.0,0.0
2015-01-02,203.93361448331643,208.6397748175468,202.3648943719063,205.50233459472656,130174500,0.0,0.0
2015-01-02,203.9336198748964,211.77722063931552,203.9336198748964,207.07106018066406,138074900,0.0,0.0
2015-01-02,208.6397942437066,208.6397942437066,196.0900321839348,197.65875244140625,162366400,0.0,0.0
2015-01-02,197.65872610768966,197.65872610768966,189.81512586532102,194.5212860107422,158392200,0.0,0.0
2015-01-02,194.52129581110265,197.6587360661204,189.81513542857596,192.95257568359375,95764800,0.0,0.0
2015-01-02,192.95256596226847,196.0900060592159,188.24640581684727,194.5212860107422,157450500,0.0,0.0
2015-01-02,194.52128733236958,202.36488762802963,191.38384721410554,199.22744750976562,135316000,0.0,0.0
2015-01-02,199.22746546128215,200.7961856617647,186.67770385742188,186.67770385742188,175429700,0.0,0.0
2015-01-02,185.1089739481608,191.38385442097982,174.12793312072753,188.2464141845703,137206300,0.0,0.0
2015-01-02,188.24640581684727,200.7961662046371,186.67768576837355,194.5212860107422,130410900,0.0,0.0
2015-01-02,196.0900135529347,196.0900135529347,183.54025268554688,183.54025268554688,83445000,0.0,0.0
2015-01-02,183.5402549185404,196.09001593861151,180.4028146635226,192.95257568359375,97081300,0.0,0.0
2015-01-02,192.95257018042392,196.09001034595926,189.81513001488858,191.38385009765625,65822200,0.0,0.0
2015-01-02,191.38385442097982,194.52129465738932,186.67769406636555,188.2464141845703,69776800,0.0,0.0
2015-01-02,186.67768156632135,188.24640157948372,178.8340815005095,180.40280151367188,101526300,0.0,0.0
2015-01-02,180.40282122856746,185.10898178235618,177.265380859375,177.265380859375,170611000,0.0,0.0
2015-01-02,180.40281128465082,180.40281128465082,175.69665099026864,178.83409118652344,107151900,0.0,0.0
2015-01-02,180.40281128465082,185.10897157903304,175.69665099026864,178.83409118652344,126479600,0.0,0.0
2015-01-02,178.83409902982623,180.40281919675454,167.85305786132812,167.85305786132812,323420300,0.0,0.0
2015-01-02,169.42177900834517,172.55921936035156,163.1468983043324,172.55921936035156,184209500,0.0,0.0
2015-01-02,175.69665971235796,175.69665971235796,167.853058832342,172.55921936035156,190633100,0.0,0.0
2015-01-02,172.55918502807617,178.83406448364258,170.99046516418457,175.69662475585938,144760300,0.0,0.0
2015-01-02,175.69663847477065,178.8340784475344,170.990478515625,170.990478515625,139358400,0.0,0.0
2015-01-02,170.99049918434838,177.26537988836117,169.42177900834517,172.55921936035156,139132800,0.0,0.0
2015-01-02,174.12793285441848,174.12793285441848,164.71561215958505,166.28433227539062,150196000,0.0,0.0
2015-01-02,166.28434215727307,167.85306236630396,163.14690173921133,164.7156219482422,126206200,0.0,0.0
2015-01-02,164.7156079610189,174.12792841593424,164.7156079610189,169.42176818847656,182429100,0.0,0.0
2015-01-02,174.12793852904133,174.12793852904133,166.28433769439982,167.85305786132812,107145600,0.0,0.0
2015-01-02,169.42177250700178,175.69665297022405,164.71561215958505,166.28433227539062,200215500,0.0,0.0
2015-01-02,164.715620098692,166.2843402901081,155.3032989501953,155.3032989501953,281063700,0.0,0.0
2015-01-02,154.5189278986036,155.30328793869805,148.24404757784814,152.1658477783203,110826500,0.0,0.0
2015-01-02,152.1658694927509,169.42179283728967,152.1658694927509,163.14691162109375,533069300,0.0,0.0
2015-01-02,166.28432648757408,185.10896722201642,164.71560642637056,181.97152709960938,609344500,0.0,0.0
2015-01-02,181.97150421142578,181.97150421142578,174.12790489196777,175.69662475585938,204881400,0.0,0.0
2015-01-02,177.2653744085048,197.6587360661204,172.55921402597815,192.95257568359375,538974500,0.0,0.0
2015-01-02,194.52129920054293,196.090019355386,181.97153796179822,185.10897827148438,254473500,0.0,0.0
2015-01-02,183.5402415399966,192.9525616189708,178.8340815005095,180.40280151367188,186360400,0.0,0.0
2015-01-02,180.40281128465082,188.2464117752878,177.26537108839602,178.83409118652344,159778700,0.0,0.0
2015-01-02,181.97152709960938,186.67768728321997,178.8340869772023,181.97152709960938,149157700,0.0,0.0
2015-01-02,185.10896722201642,186.67768728321997,180.40280703840583,181.97152709960938,114339200,0.0,0.0
2015-01-02,181.9715325771234,186.67769290239383,178.83409236027646,183.54025268554688,83362600,0.0,0.0
2015-01-02,185.10896155315896,185.10896155315896,180.40280151367188,180.40280151367188,56716800,0.0,0.0
2015-01-02,180.40282024036756,181.97154041637074,172.55921936035156,172.55921936035156,128578000,0.0,0.0
2015-01-02,172.5592278045358,172.5592278045358,161.57818603515625,161.57818603515625,229298200,0.0,0.0
2015-01-02,160.00946502685545,163.14690551757812,152.9502239227295,156.8720245361328,181800300,0.0,0.0
2015-01-02,158.44074552961925,166.2843467934618,158.44074552961925,161.57818603515625,130644800,0.0,0.0
2015-01-02,158.4407402487362,163.1469008501838,154.51893974752986,160.00946044921875,115514900,0.0,0.0
2015-01-02,158.44074552961925,164.71562654069328,156.87202527685074,161.57818603515625,83286500,0.0,0.0
2015-01-02,163.56315044328278,169.9151174507889,160.38716693952972,161.97515869140625,85278600,2.5,0.0
2015-01-02,161.97515869140625,165.1511421951593,160.38716693952972,161.97515869140625,45775800,0.0,0.0
2015-01-02,161.9751643208624,166.73913974206425,158.79918070672784,163.5631561279297,104426700,0.0,0.0
2015-01-02,163.5631602070119,168.32713574702197,160.38717651367188,160.38717651367188,105506400,0.0,0.0
2015-01-02,163.56317016601562,163.56317016601562,158.0051983642578,158.7991943359375,103287500,0.0,0.0
2015-01-02,158.7991785120081,176.267088148329,158.00518261944808,171.50311279296875,357241300,0.0,0.0
2015-01-02,173.0911102294922,182.61906125129912,171.50311839252439,173.0911102294922,177886800,0.0,0.0
2015-01-02,176.26708984375,181.03106524493245,173.09110624296173,176.26708984375,170742200,0.0,0.0
2015-01-02,176.26708760754815,188.9710218495336,176.26708760754815,184.20704650878906,303427600,0.0,0.0
2015-01-02,184.20707158627718,187.383055579144,181.03108759341032,182.61907958984375,94295000,0.0,0.0
2015-01-02,184.20706724509216,192.14702704013922,182.61907528608273,185.79505920410156,338498100,0.0,0.0
2015-01-02,187.3830300692854,187.3830300692854,179.44307116804453,184.20704650878906,125232500,0.0,0.0
2015-01-02,185.79503997033385,192.1470071488068,184.2070481757156,188.9710235595703,203636500,0.0,0.0
2015-01-02,188.9710218495336,188.9710218495336,182.61905472854087,184.20704650878906,128209200,0.0,0.0
2015-01-02,184.20704650878906,190.5590136297818,182.61905472854087,184.20704650878906,158490000,0.0,0.0
2015-01-02,184.20705899325284,187.3830427689986,174.67910766601562,174.67910766601562,131363300,0.0,0.0
2015-01-02,179.44309020460696,182.61907410203364,176.2671063071803,181.0310821533203,143485200,0.0,0.0
2015-01-02,181.03108332707333,188.9710431221204,181.03108332707333,185.79505920410156,154624000,0.0,0.0
2015-01-02,185.79503997033385,190.55901535418857,184.2070481757156,188.9710235595703,156106600,0.0,0.0
2015-01-02,190.55905296688988,206.43897404746406,190.55905296688988,200.08700561523438,544925100,0.0,0.0
2015-01-02,200.08698923994854,206.43895715232787,193.73502132756923,195.32301330566406,233456300,0.0,0.0
2015-01-02,198.4989972618537,200.08698923994854,192.1470293494744,195.32301330566406,94115700,0.0,0.0
2015-01-02,195.32300780249423,198.49899166920144,193.73501586914062,193.73501586914062,94194700,0.0,0.0
2015-01-02,203.2629731961382,212.79092506470718,190.55903737137956,195.32301330566406,135224600,0.0,0.0
2015-01-02,200.0869637766192,203.26294732862902,195.32298844860446,196.91098022460938,205939900,0.0,0.0
2015-01-02,214.37891100273757,214.37891100273757,190.5590320024334,193.73501586914062,142332500,0.0,0.0
2015-01-02,193.7349949355953,195.32298669736247,190.55901141206095,192.14700317382812,88145400,0.0,0.0
2015-01-02,192.14702579431366,195.32300969174034,181.0310821533203,181.0310821533203,290272900,0.0,0.0
2015-01-02,181.0310821533203,185.7950579994603,179.44309020460696,181.0310821533203,113287400,0.0,0.0
2015-01-02,188.9710218495336,188.9710218495336,181.03106294829269,184.20704650878906,66211400,0.0,0.0
2015-01-02,185.7950635827106,188.97104757557744,179.44309559697692,182.61907958984375,143675800,0.0,0.0
2015-01-02,181.03106294829269,185.79503828903725,179.44307116804453,184.20704650878906,56536300,0.0,0.0
2015-01-02,184.207066050747,185.7950579994603,179.44309020460696,181.0310821533203,72563800,0.0,0.0
2015-01-02,182.61905472854087,184.20704650878906,177.85507938779634,184.20704650878906,60697300,0.0,0.0
2015-01-02,185.7950579994603,185.7950579994603,181.0310821533203,181.0310821533203,48131800,0.0,0.0
2015-01-02,177.85509281664824,181.0310766169455,176.26710091649957,179.44308471679688,56606800,0.0,0.0
2015-01-02,179.44309020460696,182.61907410203364,177.85509825589364,181.0310821533203,42895100,0.0,0.0
2015-01-02,181.0310766169455,182.61906851709415,177.85509281664824,179.44308471679688,36536200,0.0,0.0
2015-01-02,181.03105545043945,181.03105545043945,176.26708030700684,177.85507202148438,43640400,0.0,0.0
2015-01-02,179.4430637359619,181.03105545043945,176.26708030700684,177.85507202148438,48517400,0.0,0.0
2015-01-02,177.85508164414415,179.4430734445383,174.67909804335588,176.26708984375,89561900,0.0,0.0
2015-01-02,177.85509144176137,177.85509144176137,171.5031238902699,174.67910766601562,113128400,0.0,0.0
2015-01-02,174.6790963632089,176.267088148329,168.3271292227286,171.50311279296875,103259400,0.0,0.0
2015-01-02,171.50311444256758,179.4430734445383,171.50311444256758,176.26708984375,142444900,0.0,0.0
2015-01-02,177.85507202148438,181.03105545043945,176.26708030700684,177.85507202148438,76107800,0.0,0.0
2015-01-02,181.03105545043945,181.03105545043945,176.26708030700684,177.85507202148438,24285500,0.0,0.0
2015-01-02,177.85508164414415,179.4430734445383,174.67909804335588,176.26708984375,66319600,0.0,0.0
2015-01-02,173.09111577814275,174.67910766601562,171.5031238902699,174.67910766601562,68862800,0.0,0.0
2015-01-02,174.6790885925293,179.4430637359619,173.09109687805176,177.85507202148438,90134100,0.0,0.0
2015-01-02,177.85508164414415,179.4430734445383,173.09110624296173,176.26708984375,72562500,0.0,0.0
2015-01-02,176.26708984375,177.85508164414415,174.67909804335588,176.26708984375,24791000,0.0,0.0
2015-01-02,176.26708984375,177.85508164414415,174.67909804335588,176.26708984375,30824600,0.0,0.0
2015-01-02,177.85509144176137,177.85509144176137,173.09111577814275,174.67910766601562,37119600,0.0,0.0
2015-01-02,174.6790963632089,176.267088148329,166.73913743760852,171.50311279296875,128646700,0.0,0.0
2015-01-02,171.50311279296875,173.09110457808885,169.91512100784868,171.50311279296875,43456600,0.0,0.0
2015-01-02,173.09110864603295,173.09110864603295,166.73914135627027,168.32713317871094,42523800,0.0,0.0
2015-01-02,168.3271315491315,168.3271315491315,161.9751643208624,163.5631561279297,102699900,0.0,0.0
2015-01-02,163.5631561279297,166.73913974206425,161.9751643208624,163.5631561279297,50847200,0.0,0.0
2015-01-02,163.56317681532641,166.739160831158,161.9751848074106,165.1511688232422,33043300,0.0,0.0
2015-01-02,163.5631561279297,165.15114793499697,160.38717251379512,163.5631561279297,82422000,0.0,0.0
2015-01-02,163.56317016601562,163.56317016601562,157.21120239257812,158.7991943359375,125790600,0.0,0.0
2015-01-02,158.79918466700184,161.97516836034188,157.21119282033183,160.38717651367188,99346700,0.0,0.0
2015-01-02,161.97516737071746,173.0911102294922,158.79918369678182,173.0911102294922,223052600,0.0,0.0
2015-01-02,173.09112240975364,185.7950579994603,173.09112240975364,181.0310821533203,364918800,0.0,0.0
2015-01-02,182.6190570453266,182.6190570453266,174.67909804335588,176.26708984375,78379000,0.0,0.0
2015-01-02,176.267088148329,179.44307171856917,171.50311279296875,171.50311279296875,101704800,0.0,0.0
2015-01-02,174.67910206646002,177.85508574039565,171.50311839252439,173.0911102294922,82474600,0.0,0.0
2015-01-02,174.67909458705358,176.2670863560268,163.56315220424108,166.7391357421875,109193500,0.0,0.0
2015-01-02,165.15116982148072,171.50313789153768,161.97518578645224,169.91514587402344,87531500,0.0,0.0
2015-01-02,169.91514484698956,173.09112886282114,165.1511688232422,165.1511688232422,51453100,0.0,0.0
2015-01-02,165.1511688232422,171.50313685490536,161.9751848074106,165.1511688232422,72477400,0.0,0.0
2015-01-02,165.1511495338296,169.9151250011516,165.1511495338296,168.32713317871094,52754000,0.0,0.0
2015-01-02,168.32713471858875,176.26709390342782,166.73914288162092,173.0911102294922,95169800,0.0,0.0
2015-01-02,173.0911102294922,174.67910206646002,169.91512655555655,173.0911102294922,44374600,0.0,0.0
2015-01-02,174.67910766601562,179.44308332963425,171.5031238902699,174.67910766601562,96657800,0.0,0.0
2015-01-02,174.67910901635094,184.20706041724281,174.67910901635094,179.44308471679688,138438300,0.0,0.0
2015-01-02,179.44309020460696,184.207066050747,174.67911435846696,181.0310821533203,150530900,0.0,0.0
2015-01-02,181.03106994628905,193.73500467936196,179.44307810465494,190.55902099609375,622449100,0.0,0.0
2015-01-02,192.1470071488068,193.73499894342504,184.2070481757156,188.9710235595703,235679900,0.0,0.0
2015-01-02,187.383056640625,190.55904065148306,184.20707262976697,187.383056640625,73141500,0.0,0.0
2015-01-02,187.383051163111,190.55903508112982,184.20706724509216,185.79505920410156,97852100,0.0,0.0
2015-01-02,185.79503612675944,196.91097845912964,185.79503612675944,192.14700317382812,283803400,0.0,0.0
2015-01-02,192.14701283772786,195.3229965209961,187.3830373128255,190.55902099609375,126010800,0.0,0.0
2015-01-02,190.55901535418857,196.9109825326615,187.38303176495208,188.9710235595703,229827100,0.0,0.0
2015-01-02,188.97102915445964,195.3229965209961,187.3830373128255,190.55902099609375,143010200,0.0,0.0
2015-01-02,190.55901141206095,193.7349949355953,188.97101965029378,192.14700317382812,93361000,0.0,0.0
2015-01-02,192.14701037597655,203.262953125,190.5590185546875,198.4989776611328,350722300,0.0,0.0
2015-01-02,198.4989736962506,203.26294906496062,196.9109819066806,201.67495727539062,166823200,0.0,0.0
2015-01-02,196.91102139911956,200.08700561523438,195.32302929106214,200.08700561523438,140481500,0.0,0.0
2015-01-02,203.26297113549617,211.20293094547648,201.6749791735001,208.02694702148438,274533800,0.0,0.0
2015-01-02,208.02692443367064,209.61491622324064,200.0869654858206,201.67495727539062,159626700,0.0,0.0
2015-01-02,200.08697787198153,209.61492919921875,190.5590265447443,209.61492919921875,370982800,0.0,0.0
2015-01-02,211.20293094547648,214.37891486946862,204.85096309749224,208.02694702148438,173223400,0.0,0.0
2015-01-02,208.02692443367064,208.02692443367064,201.67495727539062,201.67495727539062,89953200,0.0,0.0
2015-01-02,200.08696711613584,211.20290973369893,198.4989753136268,206.43893432617188,149066600,0.0,0.0
2015-01-02,209.61494013088853,220.73088392570838,208.0269481602,212.79092407226562,546976700,0.0,0.0
2015-01-02,214.37891364097595,214.37891364097595,201.674978017807,203.26296997070312,218788400,0.0,0.0
2015-01-02,203.26298983134922,206.43897404746406,195.32302929106214,200.08700561523438,188210500,0.0,0.0
2015-01-02,192.1470450749473,201.6749977232918,192.1470450749473,200.08700561523438,143039100,0.0,0.0
2015-01-02,200.08696948242186,201.67496130371094,196.91098583984373,198.4989776611328,51398300,0.0,0.0
2015-01-02,198.49897022089684,198.49897022089684,190.55901141206095,192.14700317382812,132759100,0.0,0.0
2015-01-02,198.4989972618537,198.4989972618537,182.61907748090542,195.32301330566406,188126300,0.0,0.0
2015-01-02,195.32299401855468,198.4989776611328,190.5590185546875,198.4989776611328,155933600,0.0,0.0
2015-01-02,198.49897022089684,200.086961982664,192.14700317382812,192.14700317382812,71458300,0.0,0.0
2015-01-02,192.14700317382812,195.32298669736247,185.79503612675944,192.14700317382812,108706200,0.0,0.0
2015-01-02,193.73501181813467,193.73501181813467,179.44308471679688,179.44308471679688,148307500,0.0,0.0
2015-01-02,176.2671139440804,177.85510596159463,168.3271538565092,169.91514587402344,319467500,0.0,0.0
2015-01-02,169.91513200239703,177.85509144176137,168.32714011452416,174.67910766601562,169118800,0.0,0.0
2015-01-02,174.6790885925293,179.4430637359619,168.32712173461914,177.85507202148438,105900900,0.0,0.0
2015-01-02,177.85510596159463,177.85510596159463,169.91514587402344,169.91514587402344,79580900,0.0,0.0
2015-01-02,177.855078125,177.855078125,166.7391357421875,166.7391357421875,47192900,0.0,0.0
2015-01-02,166.73913743760852,173.09110457808885,165.15114565248842,171.50311279296875,96207800,0.0,0.0
2015-01-02,173.09111577814275,174.67910766601562,169.91513200239703,174.67910766601562,82849100,0.0,0.0
2015-01-02,174.67910206646002,174.67910206646002,171.50311839252439,173.0911102294922,48007400,0.0,0.0
2015-01-02,173.09110457808885,174.6790963632089,168.3271292227286,171.50311279296875,284082300,0.0,0.0
2015-01-02,171.50313685490536,171.50313685490536,163.56317681532641,165.1511688232422,110664400,0.0,0.0
2015-01-02,165.15116982148072,171.50313789153768,158.79920175142377,169.91514587402344,185305600,0.0,0.0
2015-01-02,169.91514484698956,171.50313685490536,163.56317681532641,165.1511688232422,67432100,0.0,0.0
2015-01-02,166.739160831158,168.32715283907376,161.9751848074106,165.1511688232422,70968400,0.0,0.0
2015-01-02,165.1511421951593,165.1511421951593,161.97515869140625,161.97515869140625,56297100,0.0,0.0
2015-01-02,161.97515869140625,163.56315044328278,160.38716693952972,161.97515869140625,19707100,0.0,0.0
2015-01-02,161.9751848074106,165.1511688232422,161.9751848074106,165.1511688232422,32667700,0.0,0.0
2015-01-02,165.15114793499697,166.73913974206425,161.9751643208624,163.5631561279297,44873900,0.0,0.0
2015-01-02,163.5631561279297,165.15114793499697,161.9751643208624,163.5631561279297,59706600,0.0,0.0
2015-01-02,163.5631561279297,166.73913974206425,163.5631561279297,163.5631561279297,29382200,0.0,0.0
2015-01-02,163.56317681532641,166.739160831158,163.56317681532641,165.1511688232422,17469700,0.0,0.0
2015-01-02,165.1511688232422,166.739160831158,161.9751848074106,165.1511688232422,55364300,0.0,0.0
2015-01-02,165.15116982148072,173.09112990905192,163.56317780396648,169.91514587402344,84707200,0.0,0.0
2015-01-02,169.9151233561988,171.50311516326607,163.5631561279297,163.5631561279297,93452700,0.0,0.0
2015-01-02,163.5631561279297,166.73913974206425,161.9751643208624,163.5631561279297,43363300,0.0,0.0
2015-01-02,163.56315386736836,173.09110457808885,163.56315386736836,171.50311279296875,127924200,0.0,0.0
2015-01-02,173.09110864603295,173.09110864603295,166.73914135627027,168.32713317871094,40767400,0.0,0.0
2015-01-02,168.32713084177928,179.4430734445383,166.73913904138513,176.26708984375,197667600,0.0,0.0
2015-01-02,177.85508574039565,179.44307757736348,173.0911102294922,173.0911102294922,67632800,0.0,0.0
2015-01-02,174.67912192656615,177.85510596159463,168.3271538565092,169.91514587402344,77156000,0.0,0.0
2015-01-02,169.91512100784868,173.09110457808885,169.91512100784868,171.50311279296875,15207100,0.0,0.0
2015-01-02,173.09110864603295,173.09110864603295,168.32713317871094,168.32713317871094,37976500,0.0,0.0
2015-01-02,169.9151250011516,171.50311682359228,166.73914135627027,168.32713317871094,30042000,0.0,0.0
2015-01-02,169.91512100784868,173.09110457808885,168.3271292227286,171.50311279296875,17347300,0.0,0.0
2015-01-02,171.50311682359228,173.09110864603295,168.32713317871094,168.32713317871094,40120900,0.0,0.0
2015-01-02,168.3271538565092,173.09112990905192,168.3271538565092,169.91514587402344,47046600,0.0,0.0
2015-01-02,171.5031238902699,177.85509144176137,169.91513200239703,174.67910766601562,110268600,0.0,0.0
2015-01-02,176.26708760754815,190.5590136297818,176.26708760754815,184.20704650878906,367630100,0.0,0.0
2015-01-02,184.20707158627718,188.97104757557744,181.03108759341032,182.61907958984375,104926500,0.0,0.0
2015-01-02,185.7950635827106,187.383055579144,179.44309559697692,182.61907958984375,46755400,0.0,0.0
2015-01-02,182.61906851709415,187.3830442175401,177.85509281664824,179.44308471679688,183616400,0.0,0.0
2015-01-02,181.03108332707333,187.383051163111,179.4430913680639,185.79505920410156,156998200,0.0,0.0
2015-01-02,187.383051163111,188.9710431221204,182.61907528608273,185.79505920410156,53034300,0.0,0.0
2015-01-02,185.79505920410156,192.14702704013922,184.20706724509216,185.79505920410156,95260100,0.0,0.0
2015-01-02,185.79505920410156,188.9710431221204,182.61907528608273,185.79505920410156,120261100,0.0,0.0
2015-01-02,185.79505920410156,188.9710431221204,184.20706724509216,185.79505920410156,87335300,0.0,0.0
2015-01-02,185.7950579994603,188.971041896887,179.44309020460696,181.0310821533203,99154400,0.0,0.0
2015-01-02,181.03106350368924,182.61905528880934,169.91512100784868,171.50311279296875,155154400,0.0,0.0
2015-01-02,169.91514587402344,173.09112990905192,166.73916183899496,169.91514587402344,121616300,0.0,0.0
2015-01-02,169.91512655555655,176.26709390342782,168.32713471858875,173.0911102294922,121953600,0.0,0.0
2015-01-02,174.67910206646002,177.85508574039565,169.91512655555655,173.0911102294922,68915100,0.0,0.0
2015-01-02,173.09111577814275,176.2670995538885,169.91513200239703,174.67910766601562,63020900,0.0,0.0
2015-01-02,176.2670995538885,176.2670995538885,173.09111577814275,174.67910766601562,25600100,0.0,0.0
2015-01-02,174.67909804335588,177.85508164414415,171.50311444256758,176.26708984375,28362900,0.0,0.0
2015-01-02,176.26709390342782,177.85508574039565,171.50311839252439,173.0911102294922,32242300,0.0,0.0
2015-01-02,173.09110864603295,174.67910046847362,168.32713317871094,168.32713317871094,46125900,0.0,0.0
2015-01-02,168.32713317871094,171.50311682359228,166.73914135627027,168.32713317871094,69969800,0.0,0.0
2015-01-02,168.3271292227286,171.50311279296875,166.73913743760852,171.50311279296875,25731300,0.0,0.0
2015-01-02,171.50311444256758,176.26708984375,169.91512264217343,176.26708984375,53548100,0.0,0.0
2015-01-02,176.2670995538885,176.2670995538885,171.5031238902699,174.67910766601562,24832800,0.0,0.0
2015-01-02,174.6790963632089,174.6790963632089,169.91512100784868,171.50311279296875,37944900,0.0,0.0
2015-01-02,171.50313789153768,173.09112990905192,168.3271538565092,169.91514587402344,29650500,0.0,0.0
2015-01-02,168.3271538565092,173.09112990905192,168.3271538565092,169.91514587402344,38383400,0.0,0.0
2015-01-02,169.91514587402344,171.50313789153768,168.3271538565092,169.91514587402344,41234000,0.0,0.0
2015-01-02,171.50311839252439,173.0911102294922,169.91512655555655,173.0911102294922,29030700,0.0,0.0
2015-01-02,174.6790963632089,174.6790963632089,171.50311279296875,171.50311279296875,23364000,0.0,0.0
2015-01-02,171.50313789153768,171.50313789153768,166.73916183899496,169.91514587402344,50720900,0.0,0.0
2015-01-02,169.91512100784868,174.6790963632089,168.3271292227286,171.50311279296875,46200300,0.0,0.0
2015-01-02,169.91514587402344,171.50313789153768,168.3271538565092,169.91514587402344,27676300,0.0,0.0
2015-01-02,169.9151233561988,169.9151233561988,160.38717251379512,163.5631561279297,125272400,0.0,0.0
2015-01-02,161.97517108917236,163.56316296259564,152.4472198486328,152.4472198486328,181604200,0.0,0.0
2015-01-02,151.65323249153468,155.62321239969003,142.12528071196184,146.0952606201172,281015800,0.0,0.0
2015-01-02,146.09525508671018,147.68324698982659,141.33127937736091,144.50726318359375,123203800,0.0,0.0
2015-01-02,146.09524943033853,148.47723719278972,142.9192657470703,142.9192657470703,108864000,0.0,0.0
2015-01-02,141.33127313818636,143.71326088770635,138.94928538866637,140.5372772216797,58554800,0.0,0.0
2015-01-02,141.3312746475303,146.09525019744706,138.94928687257195,145.30125427246094,88100800,0.0,0.0
2015-01-02,145.30124644334404,153.2412052653847,145.30124644334404,151.65321350097656,83946200,0.0,0.0
2015-01-02,151.65323249153468,152.44722847316575,146.0952606201172,146.0952606201172,49493400,0.0,0.0
2015-01-02,147.6832542617086,154.0352221869434,146.88925827105427,153.24122619628906,63036600,0.0,0.0
2015-01-02,154.82919702979282,154.82919702979282,150.06522173656845,151.65321350097656,52026300,0.0,0.0
2015-01-02,151.65322811045544,152.44722406914894,147.68324831698803,149.271240234375,32665300,0.0,0.0
2015-01-02,149.271240234375,150.85923215176197,146.88925235829456,149.271240234375,30431000,0.0,0.0
2015-01-02,146.88925717603715,150.0652411149785,145.30126520656648,148.4772491455078,59037200,0.0,0.0
2015-01-02,149.27124513024316,150.85923709971382,146.88925717603715,148.4772491455078,69816900,0.0,0.0
2015-01-02,148.47723797240545,150.0652298223777,145.30125427246094,145.30125427246094,33745900,0.0,0.0
2015-01-02,143.71327149466183,145.30126344487908,139.74329161911868,141.33128356933594,66958800,0.0,0.0
2015-01-02,142.12527954444457,145.30126344487908,139.74329161911868,141.33128356933594,43599400,0.0,0.0
2015-01-02,141.3312739054362,146.8892453511556,140.53727798461915,142.9192657470703,74091100,0.0,0.0
2015-01-02,142.12526982625326,144.50725758870442,141.3312739054362,142.9192657470703,40060600,0.0,0.0
2015-01-02,142.91926497119968,143.71326088770635,140.5372772216797,140.5372772216797,50411400,0.0,0.0
2015-01-02,141.3312656018861,142.9192573502219,133.3913068602071,134.185302734375,148722200,0.0,0.0
2015-01-02,134.18532786112345,134.97932388397032,131.00934376973592,132.5973358154297,63262800,0.0,0.0
2015-01-02,131.8033397925828,134.18532786112345,131.00934376973592,132.5973358154297,44967900,0.0,0.0
2015-01-02,132.5973109860392,134.185302734375,130.2153233635355,134.185302734375,73810000,0.0,0.0
2015-01-02,133.39133228975183,138.15530844295725,132.5973362642176,134.9793243408203,74913300,0.0,0.0
2015-01-02,134.9793183297822,136.56731031013257,131.00933837890625,131.00933837890625,67797600,0.0,0.0
2015-01-02,131.00932719544593,131.80332311784258,123.86336389387617,127.83334350585938,170797300,0.0,0.0
2015-01-02,124.65735707283021,128.62733659744262,123.06936526298523,127.03934478759766,38078700,0.0,0.0
2015-01-02,125.45136751794512,128.6273515057412,124.6573715209961,124.6573715209961,39921500,0.0,0.0
2015-01-02,124.65735139042498,131.80331420898438,124.65735139042498,131.80331420898438,94214100,0.0,0.0
2015-01-02,133.3913116455078,137.36129115876696,132.59731574285598,133.3913116455078,136583600,0.0,0.0
2015-01-02,134.97930978764,140.53728136713107,131.00933008800354,137.36129760742188,129164300,0.0,0.0
2015-01-02,137.36129198576276,138.1552878931949,134.9793042634663,135.77330017089844,63495600,0.0,0.0
2015-01-02,134.9793183297822,137.36130630030777,131.00933837890625,131.00933837890625,44379200,0.0,0.0
2015-01-02,131.00934376973592,134.97932388397032,131.00934376973592,132.5973358154297,24153800,0.0,0.0
2015-01-02,132.59731612205505,133.39131202697754,126.24534888267517,127.03934478759766,83210600,0.0,0.0
2015-01-02,126.24535656615392,128.62734442589266,118.3053970336914,118.3053970336914,214923700,0.0,0.0
2015-01-02,118.30540010740431,118.30540010740431,110.36544036865234,110.36544036865234,283259100,0.0,0.0
2015-01-02,105.6014553097123,112.74741845097103,104.807459405128,111.95342254638672,191396400,0.0,0.0
2015-01-02,111.95343231640274,113.54142426415314,109.57144439477715,110.36544036865234,80462800,0.0,0.0
2015-01-02,110.36541178385416,119.89336100260417,110.36541178385416,119.099365234375,219326100,0.0,0.0
2015-01-02,119.09938943797144,119.09938943797144,114.33541386045258,115.12940979003906,94722400,0.0,0.0
2015-01-02,115.92340289221869,118.30539062288072,112.74741925133598,114.33541107177734,47221700,0.0,0.0
2015-01-02,114.33542085029708,117.51140476280534,112.74742889404297,112.74742889404297,109353900,0.0,0.0
2015-01-02,112.74743050902428,114.33542248802463,107.98345457202326,108.77745056152344,82785100,0.0,0.0
2015-01-02,110.36544095966177,115.92341280655121,109.57144498153471,112.74742889404297,149814800,0.0,0.0
2015-01-02,113.54141351451044,115.12940531191619,109.5714340209961,109.5714340209961,71854800,0.0,0.0
2015-01-02,109.57144439477715,113.54142426415314,108.77744842090195,110.36544036865234,89420900,0.0,0.0
2015-01-02,110.36543152067395,117.51139471266004,110.36543152067395,114.33541107177734,136342000,0.0,0.0
2015-01-02,115.92341280655121,116.71740878467828,111.9534329159159,112.74742889404297,125028800,0.0,0.0
2015-01-02,111.9534329159159,115.92341280655121,111.9534329159159,112.74742889404297,124195300,0.0,0.0
2015-01-02,114.33541107177734,116.71739880243936,112.74741925133598,114.33541107177734,109651300,0.0,0.0
2015-01-02,115.9234130076873,123.86337280273438,113.54142506917319,123.86337280273438,242599000,0.0,0.0
2015-01-02,124.65736936173349,129.42134526090803,124.65736936173349,126.245361328125,306741100,0.0,0.0
2015-01-02,127.03933809432515,130.21532154668327,123.86335464196702,129.42132568359375,116283900,0.0,0.0
2015-01-02,127.83335550879217,128.6273515057412,124.6573715209961,124.6573715209961,90393300,0.0,0.0
2015-01-02,124.65735707283021,129.42133250236512,122.27536935806275,127.03934478759766,129494300,0.0,0.0
2015-01-02,127.03936320979422,132.59733535022272,127.03936320979422,130.21534729003906,201525900,0.0,0.0
2015-01-02,130.2153418270158,132.5973297872661,127.03935788001543,128.62734985351562,76620800,0.0,0.0
2015-01-02,129.4213266027979,133.39130594644203,128.6273307340691,131.80331420898438,110158000,0.0,0.0
2015-01-02,132.59733535022272,132.59733535022272,128.62735524991663,130.21534729003906,103837300,0.0,0.0
2015-01-02,132.28225708007812,134.7625494003296,130.62872886657715,132.28225708007812,83437300,6.5,0.0
2015-01-02,132.28223884630503,134.76253082467326,131.45547485351562,131.45547485351562,31368300,0.0,0.0
2015-01-02,131.45548361319084,133.93577575683594,128.14842742166402,133.93577575683594,102467800,0.0,0.0
2015-01-02,135.58930385259936,136.41606790048104,133.10901170895423,133.93577575683594,43994900,0.0,0.0
2015-01-02,134.76253576445998,143.03017599540846,133.93577174136513,141.37664794921875,187244500,0.0,0.0
2015-01-02,142.2034119723136,145.510468064693,141.37664794921875,141.37664794921875,115694500,0.0,0.0
2015-01-02,141.37665663094356,144.68371292640424,140.5498925570784,143.85694885253906,51271900,0.0,0.0
2015-01-02,143.8569400185033,144.68370404159813,139.72311990302907,141.37664794921875,75045600,0.0,0.0
2015-01-02,141.37664199016504,143.85693395490478,138.0695860371787,139.72311401367188,86918500,0.0,0.0
2015-01-02,139.72312279634698,143.85694299742232,138.06959471591685,142.2034149169922,104172900,0.0,0.0
2015-01-02,143.03017895720726,143.85694299742232,140.54988683656205,142.2034149169922,41620000,0.0,0.0
2015-01-02,142.2034119723136,146.33723208778784,140.5498839261239,141.37664794921875,117043000,0.0,0.0
2015-01-02,142.2034149169922,144.68370703763742,140.54988683656205,142.2034149169922,53273700,0.0,0.0
2015-01-02,143.03017895720726,146.33723511806755,142.2034149169922,142.2034149169922,91596600,0.0,0.0
2015-01-02,142.20342443129596,143.85695262235754,139.72313214470358,140.54989624023438,60989700,0.0,0.0
2015-01-02,140.5498839261239,142.2034119723136,140.5498839261239,141.37664794921875,43190100,0.0,0.0
2015-01-02,142.2034059784116,142.2034059784116,138.8963500254253,139.72311401367188,58848600,0.0,0.0
2015-01-02,139.723108376667,140.5498723315585,129.80194091796875,129.80194091796875,292648900,0.0,0.0
2015-01-02,129.80194091796875,132.2822327826433,128.97517696307722,129.80194091796875,86165700,0.0,0.0
2015-01-02,131.45547485351562,133.93576683188385,130.62871086072622,131.45547485351562,110784700,0.0,0.0
2015-01-02,132.28223583366298,132.28223583366298,129.8019439117818,130.6287078857422,31577800,0.0,0.0
2015-01-02,131.45548130915716,131.45548130915716,127.32166114220253,128.97518920898438,70552100,0.0,0.0
2015-01-02,129.8019532423753,131.45548130915716,128.14842517559345,128.97518920898438,48365900,0.0,0.0
2015-01-02,126.49490527173022,127.32166935847356,114.0934439705802,118.22726440429688,275266900,0.0,0.0
2015-01-02,118.22726256271889,122.36108293204472,116.57373441498855,119.88079071044922,96959500,0.0,0.0
2015-01-02,120.70755478431438,123.18784700590989,117.40049848885371,119.88079071044922,134090600,0.0,0.0
2015-01-02,119.88078665226064,121.53431474401596,116.57373046875,116.57373046875,80432800,0.0,0.0
2015-01-02,117.40048058827719,120.70753637949626,116.57371664047241,119.05400848388672,82931300,0.0,0.0
2015-01-02,119.05402260638299,119.88078665226064,115.74696642287235,116.57373046875,76325000,0.0,0.0
2015-01-02,116.57373720979037,120.70755767822266,116.57373720979037,120.70755767822266,99836800,0.0,0.0
2015-01-02,121.53432644114774,127.32167531929764,120.70756231569776,126.49491119384766,191335700,0.0,0.0
2015-01-02,127.32166114220253,130.62871727576623,125.66813307542068,128.97518920898438,108870100,0.0,0.0
2015-01-02,128.9752035701976,130.62873182109757,124.0146188174977,126.49491119384766,90340500,0.0,0.0
2015-01-02,126.49490438925254,126.49490438925254,121.5343199033995,122.361083984375,84663700,0.0,0.0
2015-01-02,122.36107462565103,125.66813069661458,120.70754659016926,124.01460266113281,50595500,0.0,0.0
2015-01-02,124.01460559162872,125.66813366618376,123.1878415543512,124.84136962890625,121685300,0.0,0.0
2015-01-02,125.66814030827703,125.66814030827703,122.361083984375,122.361083984375,29601600,0.0,0.0
2015-01-02,122.361083984375,124.01461214632602,120.707555822424,122.361083984375,24896100,0.0,0.0
2015-01-02,122.36107169541738,123.18783569335939,120.70754369953336,123.18783569335938,23289900,0.0,0.0
2015-01-02,123.18783740608059,123.18783740608059,120.70754537777024,121.53430938720703,19559700,0.0,0.0
2015-01-02,121.53430769747537,123.18783569335939,120.70754369953336,123.18783569335938,23318700,0.0,0.0
2015-01-02,123.18783864339191,124.01460266113281,122.36107462565103,124.01460266113281,23725800,0.0,0.0
2015-01-02,124.01460672353768,127.32166290283202,122.36107863389051,127.32166290283203,51335700,0.0,0.0
2015-01-02,128.14843944474762,128.9752035701976,124.0146188174977,126.49491119384766,57664300,0.0,0.0
2015-01-02,127.32166847022805,127.32166847022805,121.5343199033995,122.361083984375,59392000,0.0,0.0
2015-01-02,122.36109056659774,126.49491119384766,122.36109056659774,126.49491119384766,54334200,0.0,0.0
2015-01-02,127.32166174073882,127.32166174073882,122.36107751707367,124.84136962890625,80406900,0.0,0.0
2015-01-02,124.84136962890625,125.66813366618376,124.01460559162872,124.84136962890625,34804200,0.0,0.0
2015-01-02,125.66813366618376,126.49489770346129,124.01460559162872,124.84136962890625,23335600,0.0,0.0
2015-01-02,124.84137254012258,127.3216647097939,124.01460848356548,125.66813659667969,56131500,0.0,0.0
2015-01-02,127.32167531929764,127.32167531929764,125.66814706839767,126.49491119384766,41987100,0.0,0.0
2015-01-02,126.4949083328247,133.1090211868286,125.66814422607422,132.28225708007812,162808400,0.0,0.0
2015-01-02,133.10901459301905,138.06959898778996,129.80195832983847,134.76254272460938,219380800,0.0,0.0
2015-01-02,134.76253980471765,136.41606790048104,133.10901170895423,133.93577575683594,48192900,0.0,0.0
2015-01-02,134.76253980471765,136.41606790048104,133.10901170895423,133.93577575683594,64502900,0.0,0.0
2015-01-02,134.76253435688633,135.58929837134576,128.14842224121094,128.14842224121094,136035400,0.0,0.0
2015-01-02,128.14842224121094,131.45547829904862,125.66813019783265,128.14842224121094,59225000,0.0,0.0
2015-01-02,127.32164905329418,129.80194091796875,127.32164905329418,129.80194091796875,50537000,0.0,0.0
2015-01-02,129.80195551742742,134.76253980471765,128.9751914695457,133.93577575683594,75467300,0.0,0.0
2015-01-02,133.9357852935791,135.58931350708008,132.28225708007812,132.28225708007812,63053700,0.0,0.0
2015-01-02,132.28224475931677,133.93577281880823,130.6287166998253,133.1090087890625,47479100,0.0,0.0
2015-01-02,133.93577575683594,135.58930385259936,132.28224766107252,133.93577575683594,51565700,0.0,0.0
2015-01-02,134.76252775554414,135.58929172950454,128.9751799378214,130.6287078857422,64587400,0.0,0.0
2015-01-02,130.62872886657715,133.1090211868286,129.80196475982666,132.28225708007812,38478000,0.0,0.0
2015-01-02,133.10899980762338,133.10899980762338,129.8019439117818,130.6287078857422,41522900,0.0,0.0
2015-01-02,130.62871727576623,132.2822453425481,128.14842517559345,128.97518920898438,51097000,0.0,0.0
2015-01-02,128.148428766351,128.9751928229081,124.01460848356548,125.66813659667969,110279800,0.0,0.0
2015-01-02,125.66814706839767,127.32167531929764,120.70756231569776,126.49491119384766,75618000,0.0,0.0
2015-01-02,127.32166935847356,128.14843344521688,118.22726440429688,118.22726440429688,162102200,0.0,0.0
2015-01-02,119.05402136796357,127.32166174073882,119.05402136796357,124.84136962890625,82921700,0.0,0.0
2015-01-02,125.66812690398979,132.28223884630503,124.84136291120038,131.45547485351562,95698700,0.0,0.0
2015-01-02,131.45547485351562,134.76253082467326,128.97518287514742,131.45547485351562,86036600,0.0,0.0
2015-01-02,132.28225708007812,133.1090211868286,129.80196475982666,132.28225708007812,36114300,0.0,0.0
2015-01-02,132.28225708007812,133.1090211868286,131.45549297332764,132.28225708007812,88787800,0.0,0.0
2015-01-02,132.28225708007812,133.1090211868286,129.80196475982666,132.28225708007812,21324900,0.0,0.0
2015-01-02,132.28223583366298,133.10899980762338,127.32165198990062,130.6287078857422,31330600,0.0,0.0
2015-01-02,130.6287166998253,133.1090087890625,130.6287166998253,133.1090087890625,34940400,0.0,0.0
2015-01-02,133.93577511724598,138.06959533691406,133.10901107331236,138.06959533691406,129785200,0.0,0.0
2015-01-02,138.06959898778996,138.8963630535851,133.93577865881423,134.76254272460938,52670400,0.0,0.0
2015-01-02,134.76252775554414,135.58929172950454,126.49488801594022,130.6287078857422,84929700,0.0,0.0
2015-01-02,130.62871428458922,133.10900632796748,127.32165822675151,128.14842224121094,30276700,0.0,0.0
2015-01-02,128.14842224121094,129.8019502701298,126.49489421229208,128.14842224121094,19647200,0.0,0.0
2015-01-02,128.97518367895344,129.80194767689545,123.18783569335939,123.18783569335938,58162100,0.0,0.0
2015-01-02,123.18783569335939,126.49489168512741,121.53430769747537,123.18783569335938,43449200,0.0,0.0
2015-01-02,123.18784806535051,124.84137622730152,120.707555822424,122.361083984375,37510400,0.0,0.0
2015-01-02,122.361083984375,123.18784806535051,119.88079174144849,122.361083984375,32738300,0.0,0.0
2015-01-02,123.1878415543512,124.84136962890625,120.70754944251861,124.84136962890625,26844200,0.0,0.0
2015-01-02,124.8413636892434,128.97518367895344,122.36107169541738,123.18783569335938,61018800,0.0,0.0
2015-01-02,123.18783569335939,125.6681276871854,120.70754369953336,123.18783569335938,52894200,0.0,0.0
2015-01-02,123.18783569335939,126.49489168512741,123.18783569335939,123.18783569335938,49256900,0.0,0.0
2015-01-02,124.01460559162872,129.8019538525714,121.53431347979614,124.84136962890625,74904000,0.0,0.0
2015-01-02,125.66814030827703,125.66814030827703,120.707555822424,122.361083984375,88763400,0.0,0.0
2015-01-02,122.36107169541738,124.01459969130138,120.70754369953336,123.18783569335938,45508200,0.0,0.0
2015-01-02,123.18783864339191,125.66813069661458,122.36107462565103,124.01460266113281,24619200,0.0,0.0
2015-01-02,124.01460266113281,124.8413666788737,121.53431060791014,124.01460266113281,58208300,0.0,0.0
2015-01-02,124.84136962890625,127.32166174073882,122.36107751707367,124.84136962890625,57386100,0.0,0.0
2015-01-02,124.84137254012258,126.49490065323678,124.01460848356548,125.66813659667969,23501800,0.0,0.0
2015-01-02,126.49490065323678,128.9751928229081,125.66813659667969,125.66813659667969,62304000,0.0,0.0
2015-01-02,125.66813366618376,126.49489770346129,124.01460559162872,124.84136962890625,34041800,0.0,0.0
2015-01-02,124.01459969130138,124.8413636892434,122.36107169541738,123.18783569335938,54190200,0.0,0.0
2015-01-02,124.01460266113281,125.66813069661458,123.18783864339191,124.01460266113281,13088300,0.0,0.0
2015-01-02,123.18783864339191,124.8413666788737,123.18783864339191,124.01460266113281,21305100,0.0,0.0
2015-01-02,124.01460559162872,124.84136962890625,122.36107751707367,124.84136962890625,34950000,0.0,0.0
2015-01-02,124.01460672353768,129.80195503730278,123.1878426787141,127.32166290283203,124307400,0.0,0.0
2015-01-02,127.3216647097939,128.9751928229081,124.84137254012258,125.66813659667969,55229000,0.0,0.0
2015-01-02,125.66813252135093,134.76253684855396,125.66813252135093,133.1090087890625,239656000,0.0,0.0
2015-01-02,133.10900283909444,133.93576683188385,128.97518287514742,131.45547485351562,75869200,0.0,0.0
2015-01-02,132.28225708007812,133.9357852935791,129.80196475982666,132.28225708007812,83809300,0.0,0.0
2015-01-02,133.10899673753482,133.10899673753482,128.97517696307722,129.80194091796875,89760300,0.0,0.0
2015-01-02,129.8019676956476,132.28226007199754,126.49491119384766,126.49491119384766,79665200,0.0,0.0
2015-01-02,127.32166290283202,129.80195503730278,126.49489885800844,127.32166290283203,42790800,0.0,0.0
2015-01-02,127.32165822675151,128.97518625567037,125.66813019783265,128.14842224121094,44500400,0.0,0.0
2015-01-02,128.14842224121094,128.97518625567037,127.32165822675151,128.14842224121094,24699200,0.0,0.0
2015-01-02,128.14843944474762,128.9752035701976,124.0146188174977,126.49491119384766,64737300,0.0,0.0
2015-01-02,126.49489471435547,126.49489471435547,123.18783864339191,124.01460266113281,154636400,0.0,0.0
2015-01-02,124.01461214632602,124.84137622730152,122.361083984375,122.361083984375,45447300,0.0,0.0
2015-01-02,122.36107462565103,124.8413666788737,121.53431060791014,124.01460266113281,71399000,0.0,0.0
2015-01-02,124.01461214632602,124.84137622730152,122.361083984375,122.361083984375,20620600,0.0,0.0
2015-01-02,124.01460266113281,124.8413666788737,123.18783864339191,124.01460266113281,28950200,0.0,0.0
2015-01-02,124.8413636892434,126.49489168512741,123.18783569335939,123.18783569335938,47036400,0.0,0.0
2015-01-02,123.18784806535051,124.84137622730152,121.5343199033995,122.361083984375,43577000,0.0,0.0
2015-01-02,123.18783569335939,123.18783569335939,121.53430769747537,123.18783569335938,18590600,0.0,0.0
2015-01-02,123.18783569335939,124.01459969130138,122.36107169541738,123.18783569335938,29295500,0.0,0.0
2015-01-02,123.18784806535051,124.01461214632602,121.5343199033995,122.361083984375,38713600,0.0,0.0
2015-01-02,122.36107462565103,124.8413666788737,121.53431060791014,124.01460266113281,36553400,0.0,0.0
2015-01-02,124.84137622730152,124.84137622730152,122.361083984375,122.361083984375,51393600,0.0,0.0
2015-01-02,123.18783864339191,126.49489471435547,122.36107462565103,124.01460266113281,87891300,0.0,0.0
2015-01-02,124.01461432961857,140.54989624023438,123.18785023408778,140.54989624023438,404425700,0.0,0.0
2015-01-02,135.58931657379748,135.58931657379748,125.66814706839767,126.49491119384766,174519700,0.0,0.0
2015-01-02,127.32166290283202,128.97519099247918,125.66813481318485,127.32166290283203,60448200,0.0,0.0
2015-01-02,126.49489421229208,129.8019502701298,126.49489421229208,128.14842224121094,42440200,0.0,0.0
2015-01-02,128.1484269476556,129.80195503730278,126.49489885800844,127.32166290283203,73120100,0.0,0.0
2015-01-02,126.49489421229208,128.97518625567037,125.66813019783265,128.14842224121094,70987300,0.0,0.0
2015-01-02,128.97520065307617,132.28225708007812,128.97520065307617,132.28225708007812,58595500,0.0,0.0
2015-01-02,133.10901170895423,135.58930385259936,130.62871956530913,133.93577575683594,53098800,0.0,0.0
2015-01-02,134.76254272460938,136.41607085619967,133.10901459301905,134.76254272460938,36258200,0.0,0.0
2015-01-02,134.76254560889268,136.41607377587295,133.10901744191239,135.5893096923828,38549800,0.0,0.0
2015-01-02,135.5893008782997,137.24282893779116,131.45548072957104,133.1090087890625,23819800,0.0,0.0
2015-01-02,133.10899980762338,133.93576378158377,129.8019439117818,130.6287078857422,37712700,0.0,0.0
2015-01-02,130.62871727576623,131.45548130915716,126.4948971088116,128.97518920898438,83851900,0.0,0.0
2015-01-02,128.97518920898438,129.8019532423753,126.4948971088116,128.97518920898438,44284200,0.0,0.0
2015-01-02,128.97518287514742,132.28223884630503,127.3216548895686,131.45547485351562,49283300,0.0,0.0
2015-01-02,131.45548361319084,137.24283194836275,131.45548361319084,133.93577575683594,83049100,0.0,0.0
2015-01-02,134.76252775554414,134.76252775554414,128.9751799378214,130.6287078857422,42445900,0.0,0.0
2015-01-02,130.62871086072622,131.45547485351562,128.14841888235802,131.45547485351562,20556300,0.0,0.0
2015-01-02,131.45547485351562,133.10900283909444,129.8019468679368,131.45547485351562,47772200,0.0,0.0
2015-01-02,131.45548312694996,131.45548312694996,127.32166290283202,127.32166290283203,81420800,0.0,0.0
2015-01-02,127.32165822675151,129.8019502701298,126.49489421229208,128.14842224121094,45466600,0.0,0.0
2015-01-02,128.14842517559345,131.45548130915716,124.01460500863882,128.97518920898438,44967300,0.0,0.0
2015-01-02,129.80195503730278,129.80195503730278,127.32166290283202,127.32166290283203,36571700,0.0,0.0
2015-01-02,127.32166114220253,131.45548130915716,127.32166114220253,128.97518920898438,36022100,0.0,0.0
2015-01-02,128.97517696307722,131.4554688277518,128.1484130081857,129.80194091796875,40077600,0.0,0.0
2015-01-02,129.8019532423753,133.93577340932993,128.14842517559345,128.97518920898438,66978400,0.0,0.0
2015-01-02,128.14842517559345,131.45548130915716,127.32166114220253,128.97518920898438,138395000,0.0,0.0
2015-01-02,129.8019568794652,130.6287209360223,125.66813659667969,125.66813659667969,153467700,0.0,0.0
2015-01-02,125.66813069661458,127.32165873209635,124.01460266113281,124.01460266113281,30910600,0.0,0.0
2015-01-02,124.01459969130138,124.8413636892434,119.88077970159135,123.18783569335938,82821300,0.0,0.0
2015-01-02,123.18784806535051,124.84137622730152,120.707555822424,122.361083984375,53272300,0.0,0.0
2015-01-02,122.36108293204472,124.01461107977505,119.88079071044922,119.88079071044922,81786000,0.0,0.0
2015-01-02,119.88079358453619,123.18784995928202,117.40050130347683,120.70755767822266,82123300,0.0,0.0
2015-01-02,124.84137622730152,126.49490438925254,119.88079174144849,122.361083984375,97558700,0.0,0.0
2015-01-02,122.36107462565103,126.49489471435547,122.36107462565103,124.01460266113281,41779800,0.0,0.0
2015-01-02,124.01460848356548,128.148428766351,123.18784442700837,125.66813659667969,41796700,0.0,0.0
2015-01-02,125.66813366618376,127.32166174073882,124.01460559162872,124.84136962890625,11084800,0.0,0.0
2015-01-02,125.6681276871854,127.32165568306942,123.18783569335939,123.18783569335938,13135000,0.0,0.0
2015-01-02,124.01460848356548,126.49490065323678,123.18784442700837,125.66813659667969,23329400,0.0,0.0
2015-01-02,125.66813366618376,126.49489770346129,124.84136962890625,124.84136962890625,17998600,0.0,0.0
2015-01-02,125.6681276871854,126.49489168512741,123.18783569335939,123.18783569335938,24969000,0.0,0.0
2015-01-02,124.01460848356548,128.9751928229081,123.18784442700837,125.66813659667969,64759500,0.0,0.0
2015-01-02,126.49490065323678,131.45548499257941,125.66813659667969,125.66813659667969,68205300,0.0,0.0
2015-01-02,127.3216548895686,131.45547485351562,125.66812690398979,131.45547485351562,92676600,0.0,0.0
2015-01-02,131.45549297332764,132.28225708007812,128.97520065307617,132.28225708007812,47906700,0.0,0.0
2015-01-02,132.2822327826433,133.93576069242636,129.80194091796875,129.80194091796875,27460400,0.0,0.0
2015-01-02,130.62871086072622,132.28223884630503,128.97518287514742,131.45547485351562,34458200,0.0,0.0
2015-01-02,131.45548130915716,135.58930147611179,128.97518920898438,128.97518920898438,41995000,0.0,0.0
2015-01-02,129.8019676956476,130.62873182109757,124.84138294294769,126.49491119384766,30625100,0.0,0.0
2015-01-02,126.49489344382772,127.3216574532645,121.53430938720703,121.53430938720703,144960600,0.0,0.0
2015-01-02,122.36108037045126,127.3216647097939,120.70755225733706,125.66813659667969,103803600,0.0,0.0
2015-01-02,126.49490438925254,126.49490438925254,122.361083984375,122.361083984375,37625100,0.0,0.0
2015-01-02,124.01460141551738,124.01460141551738,121.53430938720703,121.53430938720703,45066700,0.0,0.0
2015-01-02,121.53430769747537,124.01459969130138,121.53430769747537,123.18783569335938,31500200,0.0,0.0
2015-01-02,123.18784806535051,124.84137622730152,121.5343199033995,122.361083984375,43086500,0.0,0.0
2015-01-02,124.8413636892434,124.8413636892434,121.53430769747537,123.18783569335938,65836400,0.0,0.0
2015-01-02,124.01460141551738,124.01460141551738,121.53430938720703,121.53430938720703,28373200,0.0,0.0
2015-01-02,122.3610642751058,122.3610642751058,119.05400848388672,119.05400848388672,57606400,0.0,0.0
2015-01-02,119.05402260638299,120.7075506981383,116.57373046875,116.57373046875,43060500,0.0,0.0
2015-01-02,116.57372629207417,117.40049030833002,112.43990621079494,113.26667022705078,82071800,0.0,0.0
2015-01-02,113.26667022705078,114.92019825956248,110.78637817828326,113.26667022705078,62698300,0.0,0.0
2015-01-02,107.47932377567999,114.09343600802951,107.47932377567999,111.61314392089844,28287100,0.0,0.0
2015-01-02,112.43990621079494,115.74696227581832,111.6131421945391,113.26667022705078,38271100,0.0,0.0
2015-01-02,114.09343424330663,114.09343424330663,111.6131421945391,113.26667022705078,18237700,0.0,0.0
2015-01-02,113.26667197898583,113.26667197898583,109.13285183376736,111.61314392089844,50035900,0.0,0.0
2015-01-02,111.61314450777495,111.61314450777495,106.6525603074294,107.47932434082031,87470900,0.0,0.0
2015-01-02,100.86521375179291,109.95961827039719,100.86521375179291,105.82579803466797,44929000,0.0,0.0
2015-01-02,107.47931701660156,107.47931701660156,101.6919691772461,103.34549713134766,43176600,0.0,0.0
2015-01-02,103.34549713134766,105.8257890625,100.8652052001953,103.34549713134766,22154700,0.0,0.0
2015-01-02,103.34550949835008,106.65256580229729,101.69198134637648,102.51874542236328,51735900,0.0,0.0
2015-01-02,102.5187472984439,103.34551138956039,100.03845502509445,100.86521911621094,33301600,0.0,0.0
2015-01-02,100.86521911621094,102.5187472984439,97.558162751745,100.86521911621094,47750500,0.0,0.0
2015-01-02,100.03844804030199,101.69197610708385,96.73139190673828,96.73139190673828,20585400,0.0,0.0
2015-01-02,98.38491326904297,103.34549713134766,96.7313853149414,103.34549713134766,62328700,0.0,0.0
2015-01-02,103.34550872329594,107.47932907222777,101.69198058372321,106.6525650024414,58768900,0.0,0.0
2015-01-02,106.65256276944788,111.61314708430594,101.69197845458984,101.69197845458984,69578900,0.0,0.0
2015-01-02,103.34550301859697,105.8257950910433,101.69197497029943,104.99903106689453,63054800,0.0,0.0
2015-01-02,104.99903398752213,109.95961827039719,104.99903398752213,105.82579803466797,49060900,0.0,0.0
2015-01-02,107.47933208078578,117.40050119593523,105.82580389492753,114.09344482421875,171119700,0.0,0.0
2015-01-02,115.74696280739524,116.57372682744806,108.30608662691984,109.13285064697266,148598900,0.0,0.0
2015-01-02,108.30609617371489,115.74697301007699,108.30609617371489,114.09344482421875,57121200,0.0,0.0
2015-01-02,114.92019825956248,115.74696227581832,110.78637817828326,113.26667022705078,45109000,0.0,0.0
2015-01-02,113.26667493932388,114.09343898997588,111.61314683801987,112.43991088867188,22783600,0.0,0.0
2015-01-02,112.4399130377971,119.05402556943221,112.4399130377971,117.40049743652344,101233800,0.0,0.0
2015-01-02,118.22726440429688,121.53432075127022,117.40050031755354,118.22726440429688,58254500,0.0,0.0
2015-01-02,119.8807896358866,119.8807896358866,115.74696930361465,117.40049743652344,28511200,0.0,0.0
2015-01-02,118.22726336887904,118.22726336887904,114.92020705086844,115.7469711303711,24488900,0.0,0.0
2015-01-02,116.57373046875,119.05402260638299,115.74696642287235,116.57373046875,11912000,0.0,0.0
2015-01-02,116.57371664047241,119.8807724316915,116.57371664047241,119.05400848388672,32437900,0.0,0.0
2015-01-02,119.8807724316915,119.8807724316915,116.57371664047241,119.05400848388672,20088800,0.0,0.0
2015-01-02,119.05402744838169,119.88079152788434,114.92020705086844,115.7469711303711,35804500,0.0,0.0
2015-01-02,117.40049212420429,117.40049212420429,111.61314392089844,111.61314392089844,25371300,0.0,0.0
2015-01-02,111.61314239501952,124.01460266113281,111.61314239501952,124.01460266113281,86846300,0.0,0.0
2015-01-02,119.88078257242837,125.66813069661458,117.40049051920572,124.01460266113281,129129900,0.0,0.0
2015-01-02,118.2272533494599,124.84136542495416,118.2272533494599,121.53430938720703,34666200,0.0,0.0
2015-01-02,121.53432166058084,122.36108575350995,114.09344482421875,114.09344482421875,35243000,0.0,0.0
2015-01-02,114.09344297136579,117.40049928937638,113.26667889186314,115.7469711303711,11871300,0.0,0.0
2015-01-02,117.40049030833002,117.40049030833002,113.26667022705078,113.26667022705078,15899800,0.0,0.0
2015-01-02,113.26667074723677,114.0934347672896,108.30608662691984,109.13285064697266,28714800,0.0,0.0
2015-01-02,109.13285240760217,110.78638047438402,107.47932434082031,107.47932434082031,13555100,0.0,0.0
2015-01-02,107.47932612895966,109.13285422325134,103.34550589323044,105.82579803466797,18660200,0.0,0.0
2015-01-02,105.8257957175926,112.43990794994214,104.99903168854891,111.61314392089844,20523400,0.0,0.0
2015-01-02,112.43991349094598,112.43991349094598,104.99903686286868,106.6525650024414,19206800,0.0,0.0
2015-01-02,107.47932907222777,110.78638535137324,104.17227279308231,106.6525650024414,37533900,0.0,0.0
2015-01-02,107.47932658475989,114.09343898997588,106.65256253410789,112.43991088867188,30837100,0.0,0.0
2015-01-02,112.43991404566272,119.88079071044922,112.43991404566272,119.88079071044922,49155600,0.0,0.0
2015-01-02,119.88078136833346,123.18783740608059,118.2272533494599,121.53430938720703,47893700,0.0,0.0
2015-01-02,122.39019352680928,126.66957092285156,122.39019352680928,126.66957092285156,22153900,5.0,0.0
2015-01-02,125.81370265566069,126.6695781839305,124.1019515991211,124.1019515991211,9196400,0.0,0.0
2015-01-02,124.10195122302419,124.95782674870021,119.82257359464404,121.5343246459961,18738800,0.0,0.0
2015-01-02,122.39020017167213,123.24607569734816,118.11082254329199,121.5343246459961,57444300,0.0,0.0
2015-01-02,121.53432181222098,122.39019731794085,119.82257080078125,119.82257080078125,17482300,0.0,0.0
2015-01-02,120.67843627929688,122.39018714850677,119.82256084469194,120.67843627929688,19450500,0.0,0.0
2015-01-02,119.82256084469194,121.53431171390183,118.966685410087,120.67843627929688,17660400,0.0,0.0
2015-01-02,120.67842944463094,125.81368176142375,118.96667867236667,123.24605560302734,53778100,0.0,0.0
2015-01-02,123.24606258311171,124.10193801771665,119.82256084469194,120.67843627929688,29998700,0.0,0.0
2015-01-02,120.67844948604188,125.81370265566069,119.8225739577721,124.1019515991211,51603300,0.0,0.0
2015-01-02,124.95780637529161,124.95780637529161,121.53430483076308,123.24605560302734,25309700,0.0,0.0
2015-01-02,123.2460638552296,128.38131651586417,123.2460638552296,125.81369018554688,78937000,0.0,0.0
2015-01-02,126.66956856746802,128.38131949405542,125.8136931041743,127.52544403076172,34033200,0.0,0.0
2015-01-02,129.23720226549122,129.23720226549122,122.39019817195526,124.95782470703125,25106500,0.0,0.0
2015-01-02,125.81370021872324,127.52545124210722,121.53432266026327,124.95782470703125,19965200,0.0,0.0
2015-01-02,124.95782712739089,124.95782712739089,121.53432501431169,124.1019515991211,16713300,0.0,0.0
2015-01-02,124.10193098915947,127.52543253368802,122.3901802168952,123.24605560302734,30614000,0.0,0.0
2015-01-02,124.10194103534404,124.95781649076021,122.39019012451172,122.39019012451172,10491300,0.0,0.0
2015-01-02,123.24607282366071,123.24607282366071,118.11081978934152,119.82257080078125,33736800,0.0,0.0
2015-01-02,119.82256553155914,121.53431646772425,118.96669006347656,118.96669006347656,21544900,0.0,0.0
2015-01-02,118.966685410087,124.95781345232159,118.966685410087,120.67843627929688,62686600,0.0,0.0
2015-01-02,121.53432181222098,121.53432181222098,118.96669529506138,119.82257080078125,42280100,0.0,0.0
2015-01-02,119.82257359464404,121.5343246459961,118.96669806896801,121.5343246459961,30552300,0.0,0.0
2015-01-02,121.53431646772425,121.53431646772425,118.96669006347656,118.96669006347656,30737400,0.0,0.0
2015-01-02,119.82257359464404,122.39020017167213,118.96669806896801,121.5343246459961,27580200,0.0,0.0
2015-01-02,122.39018714850677,122.39018714850677,118.966685410087,120.67843627929688,14801900,0.0,0.0
2015-01-02,121.53432181222098,121.53432181222098,118.96669529506138,119.82257080078125,27020900,0.0,0.0
2015-01-02,118.96669006347656,120.6784409996417,118.110814595394,118.96669006347656,45590000,0.0,0.0
2015-01-02,118.96669244075167,119.82256792593694,118.1108169555664,118.1108169555664,31431900,0.0,0.0
2015-01-02,116.39906193659856,117.25493739201472,106.98443192702072,111.26380920410156,126765500,0.0,0.0
2015-01-02,111.26381156980528,112.97556251703305,109.55206062257751,110.4079360961914,35025700,0.0,0.0
2015-01-02,110.4079360961914,113.83143799064695,110.4079360961914,110.4079360961914,35535900,0.0,0.0
2015-01-02,111.2638188922216,112.11969442216176,107.84031677246094,107.84031677246094,51162900,0.0,0.0
2015-01-02,108.69618225097656,110.40793315256676,107.84030680018148,108.69618225097656,41126300,0.0,0.0
2015-01-02,107.84030680018148,110.40793315256676,106.98443134938638,108.69618225097656,57920900,0.0,0.0
2015-01-02,108.69618225097656,109.55205770177166,106.98443134938638,108.69618225097656,61260200,0.0,0.0
2015-01-02,109.55205535888672,111.26380622386932,108.69617992639542,109.55205535888672,92808800,0.0,0.0
2015-01-02,109.55205535888672,111.26380622386932,108.69617992639542,109.55205535888672,58888000,0.0,0.0
2015-01-02,109.55205535888672,110.40793079137802,108.69617992639542,109.55205535888672,41286200,0.0,0.0
2015-01-02,109.55205535888672,111.26380622386932,108.69617992639542,109.55205535888672,71035600,0.0,0.0
2015-01-02,108.69618283785306,113.83143557035005,108.69618283785306,111.26380920410156,202791100,0.0,0.0
2015-01-02,112.11968704341918,113.83143799064695,109.55206062257751,110.4079360961914,138936800,0.0,0.0
2015-01-02,111.26380860336184,111.26380860336184,107.84030680018148,108.69618225097656,78316900,0.0,0.0
2015-01-02,108.69617992639542,110.40793079137802,107.84030449390411,109.55205535888672,37241800,0.0,0.0
2015-01-02,110.40794336228143,110.40794336228143,107.84031677246094,107.84031677246094,64747000,0.0,0.0
2015-01-02,108.69618163570281,108.69618163570281,105.27267985190115,106.12855529785156,108729900,0.0,0.0
2015-01-02,106.12855529785156,106.98443074380198,105.27267985190115,106.12855529785156,55279900,0.0,0.0
2015-01-02,106.12856780505572,107.84031889868565,104.41681671142578,104.41681671142578,57605500,0.0,0.0
2015-01-02,105.27269225824075,106.12856780505572,103.56094116461082,104.41681671142578,29522800,0.0,0.0
2015-01-02,104.41680672498254,107.84030858481803,103.56093126002366,105.2726821899414,131460600,0.0,0.0
2015-01-02,106.12855765490028,106.98443311985915,104.41680672498254,105.2726821899414,61540000,0.0,0.0
2015-01-02,104.41680378559208,105.27267922645758,102.70505290386106,103.56092834472656,70327400,0.0,0.0
2015-01-02,103.56092834472656,104.41680378559208,102.70505290386106,103.56092834472656,30576900,0.0,0.0
2015-01-02,104.41681671142578,106.98444335187068,103.56094116461082,104.41681671142578,90359000,0.0,0.0
2015-01-02,105.27267922645758,105.27267922645758,102.70505290386106,103.56092834472656,63909100,0.0,0.0
2015-01-02,104.41680378559208,104.41680378559208,102.70505290386106,103.56092834472656,28290100,0.0,0.0
2015-01-02,104.41680615743002,104.41680615743002,101.8491797765096,102.7050552368164,67162500,0.0,0.0
2015-01-02,103.56093069712321,103.56093069712321,101.8491797765096,102.7050552368164,55243700,0.0,0.0
2015-01-02,103.56092834472656,105.27267922645758,102.70505290386106,103.56092834472656,53159600,0.0,0.0
2015-01-02,104.41681671142578,105.27269225824075,102.70506561779585,104.41681671142578,56826200,0.0,0.0
2015-01-02,104.41680615743002,105.27268161773682,102.7050552368164,102.7050552368164,56055700,0.0,0.0
2015-01-02,103.56092834472656,104.41680378559208,102.70505290386106,103.56092834472656,27359000,0.0,0.0
2015-01-02,104.41681671142578,104.41681671142578,102.70506561779585,104.41681671142578,37388600,0.0,0.0
2015-01-02,104.41680378559208,105.27267922645758,102.70505290386106,103.56092834472656,96347500,0.0,0.0
2015-01-02,104.41680378559208,104.41680378559208,102.70505290386106,103.56092834472656,34469100,0.0,0.0
2015-01-02,104.41680615743002,106.98443253835042,101.8491797765096,102.7050552368164,418093900,0.0,0.0
2015-01-02,102.7050576089811,103.56093308905594,101.84918212890625,101.84918212890625,86263800,0.0,0.0
2015-01-02,102.70506561779585,105.27269225824075,100.99331452416592,104.41681671142578,151871100,0.0,0.0
2015-01-02,105.27269225824075,109.55206999231558,104.41681671142578,104.41681671142578,623593300,0.0,0.0
2015-01-02,104.41680615743002,105.27268161773682,101.8491797765096,102.7050552368164,328693600,0.0,0.0
2015-01-02,102.7050552368164,102.7050552368164,100.9933043162028,102.7050552368164,112836000,0.0,0.0
2015-01-02,102.7050552368164,103.56093069712321,100.9933043162028,102.7050552368164,95470500,0.0,0.0
2015-01-02,102.7050552368164,103.56093069712321,101.8491797765096,102.7050552368164,111283200,0.0,0.0
2015-01-02,103.56092954620603,108.69618225097656,101.84917864461583,108.69618225097656,596266100,0.0,0.0
2015-01-02,111.2638188922216,111.2638188922216,105.27269018264043,107.84031677246094,228354000,0.0,0.0
2015-01-02,107.84030512453036,114.68730862450055,107.84030512453036,112.11968231201172,388549400,0.0,0.0
2015-01-02,112.11968465951773,112.97556011493388,108.69618283785306,111.26380920410156,124357200,0.0,0.0
2015-01-02,111.26380687451545,112.975557749508,110.40793143701917,112.11968231201172,109104400,0.0,0.0
2015-01-02,112.11968231201172,113.83143318700427,111.26380687451545,112.11968231201172,95671900,0.0,0.0
2015-01-02,112.11968704341918,112.97556251703305,109.55206062257751,110.4079360961914,75586500,0.0,0.0
2015-01-02,110.40793079137802,111.26380622386932,107.84030449390411,109.55205535888672,138555800,0.0,0.0
2015-01-02,109.55205829326923,111.26380920410156,109.55205829326923,111.26380920410156,44686000,0.0,0.0
2015-01-02,111.26381156980528,111.26381156980528,108.69618514896362,110.4079360961914,83591200,0.0,0.0
2015-01-02,111.2638130740843,121.53431889630745,110.40793758889903,118.1108169555664,503432000,0.0,0.0
2015-01-02,118.96669529506138,121.53432181222098,117.25494428362164,119.82257080078125,237873600,0.0,0.0
2015-01-02,124.10194535186325,124.10194535186325,115.54319050001061,118.1108169555664,114201900,0.0,0.0
2015-01-02,118.11080997548206,122.39018714850677,116.39905910627218,120.67843627929688,251707000,0.0,0.0
2015-01-02,120.6784409996417,121.53431646772425,117.25493912731143,118.96669006347656,91536100,0.0,0.0
2015-01-02,119.8225625588076,119.8225625588076,112.11968353716996,117.25493621826172,98226100,0.0,0.0
2015-01-02,118.11082137258428,118.11082137258428,112.97556826942845,113.8314437866211,57379800,0.0,0.0
2015-01-02,113.83143557035005,115.54318648118239,110.4079337486854,111.26380920410156,117663400,0.0,0.0
2015-01-02,111.2638130740843,118.1108169555664,111.2638130740843,118.1108169555664,81822700,0.0,0.0
2015-01-02,118.96669139284076,119.8225668704871,111.26381209402373,112.9755630493164,124725600,0.0,0.0
2015-01-02,113.83143557035005,114.68731102576622,107.84030738243689,111.26380920410156,164656900,0.0,0.0
2015-01-02,111.26380860336184,112.11968405415693,108.69618225097656,108.69618225097656,67124600,0.0,0.0
2015-01-02,109.55206783234127,111.2638188922216,106.98444124252077,107.84031677246094,112467300,0.0,0.0
2015-01-02,106.98442906141281,112.11968165636063,106.98442906141281,109.55205535888672,90941600,0.0,0.0
2015-01-02,110.40793079137802,111.26380622386932,108.69617992639542,109.55205535888672,48077500,0.0,0.0
2015-01-02,109.55205770177166,110.40793315256676,106.98443134938638,108.69618225097656,49597200,0.0,0.0
2015-01-02,108.6961923024011,109.55206783234127,106.98444124252077,107.84031677246094,46757600,0.0,0.0
2015-01-02,107.84030680018148,109.55205770177166,107.84030680018148,108.69618225097656,30026200,0.0,0.0
2015-01-02,108.6961923024011,109.55206783234127,104.41681465270027,107.84031677246094,122608200,0.0,0.0
2015-01-02,108.73155212402344,109.62279435454822,107.84030989349866,108.73155212402344,72975500,5.0,0.0
2015-01-02,107.84031607309979,108.73155835469565,106.05783150990804,106.9490737915039,51167500,0.0,0.0
2015-01-02,106.94907448508522,109.62280134721236,106.94907448508522,107.84031677246094,38909100,0.0,0.0
2015-01-02,111.40528519948325,111.40528519948325,105.16658922831218,106.9490737915039,108730100,0.0,0.0
2015-01-02,112.29652181485804,112.29652181485804,106.05782615847704,109.62279510498047,53740200,0.0,0.0
2015-01-02,109.62279510498047,110.51403734160633,107.84031063172876,109.62279510498047,50470900,0.0,0.0
2015-01-02,109.62280134721236,110.51404363458806,107.84031677246094,107.84031677246094,837216300,0.0,0.0
2015-01-02,108.73155905983664,109.62280134721236,106.05783219770952,107.84031677246094,170705400,0.0,0.0
2015-01-02,108.73155775803787,118.53522280179537,107.84031548133264,115.86149597167969,290410300,0.0,0.0
2015-01-02,116.75273824838492,117.64398052509014,114.07901141826923,115.86149597167969,89125300,0.0,0.0
2015-01-02,115.86148909940064,118.53521577092528,112.29652020403446,116.75273132324219,97922400,0.0,0.0
2015-01-02,116.75273354373762,123.88267147007274,115.86149130294572,119.42646026611328,216583300,0.0,0.0
2015-01-02,120.3177061012323,123.88267517089844,118.53522156639923,123.88267517089844,161798700,0.0,0.0
2015-01-02,124.77391447844329,125.66515672471789,120.31770324707031,120.31770324707031,85594300,0.0,0.0
2015-01-02,120.31770088303257,128.3388809419014,119.42645865426937,126.556396484375,183529500,0.0,0.0
2015-01-02,126.55639708275888,140.81627281039368,126.55639708275888,136.3600616455078,508658300,0.0,0.0
2015-01-02,138.14255097952994,166.66230343982,135.46882418637776,161.31484985351562,1395261200,0.0,0.0
2015-01-02,164.87982601589627,172.0097644382053,154.18491838243273,160.42361450195312,1184104700,0.0,0.0
2015-01-02,161.31485273400133,177.35721377937162,158.64112589310628,174.68348693847656,1200578300,0.0,0.0
2015-01-02,174.6834706899282,175.5747128873258,163.0973221237595,164.8798065185547,562000900,0.0,0.0
2015-01-02,164.87980874736658,170.22726200403793,156.85862886235955,158.64111328125,378289800,0.0,0.0
2015-01-02,159.53236672656786,166.66230490429155,155.07615536549054,163.0973358154297,449885400,0.0,0.0
2015-01-02,163.98856653792134,164.87980874736658,156.85862886235955,158.64111328125,182059800,0.0,0.0
2015-01-02,154.18491571599787,156.858642578125,141.70752369273794,147.0549774169922,472839800,0.0,0.0
2015-01-02,148.83745911402733,153.2936704647467,143.49000549316406,143.49000549316406,158447100,0.0,0.0
2015-01-02,146.16373373394364,147.94621829167465,138.14255322415406,145.27249145507812,292926600,0.0,0.0
2015-01-02,145.27248153686523,147.94620819091796,139.92502822875977,142.5987548828125,252090200,0.0,0.0
2015-01-02,144.3812417423024,147.94621067421107,135.46881941253062,136.3600616455078,278169300,0.0,0.0
2015-01-02,136.3600572597481,148.8374481201172,134.57757285112393,148.8374481201172,362936100,0.0,0.0
2015-01-02,146.16372150718095,151.51117473305342,141.70751048562056,148.8374481201172,282849300,0.0,0.0
2015-01-02,149.7287042791193,150.61994656649503,145.27249284224075,147.0549774169922,187113000,0.0,0.0
2015-01-02,147.9462059158051,154.18490134598966,147.05496371149303,148.8374481201172,302869500,0.0,0.0
2015-01-02,148.83747036485786,149.72871270237198,147.05498568982964,147.94622802734375,85822100,0.0,0.0
2015-01-02,148.83745911402733,148.83745911402733,141.7075209528763,143.49000549316406,129491400,0.0,0.0
2015-01-02,143.49000969911233,144.3812519953801,138.14255592150565,139.03379821777344,225160000,0.0,0.0
2015-01-02,139.03379550301955,147.94621829167465,139.03379550301955,145.27249145507812,108650400,0.0,0.0
2015-01-02,146.16372150718095,149.72869032442927,145.27247930286887,148.8374481201172,109457800,0.0,0.0
2015-01-02,150.6199504307338,165.7710697048313,145.27249656928765,162.2061004638672,474255800,0.0,0.0
2015-01-02,164.87981436593194,172.90099452427455,154.18490748814176,155.96739196777344,841198200,0.0,0.0
2015-01-02,156.85862957655326,159.53235621706267,150.61993408203125,150.61993408203125,216764800,0.0,0.0
2015-01-02,150.61994521919337,156.85864117501796,147.94621838098283,155.07615661621094,194817700,0.0,0.0
2015-01-02,155.96739343330685,165.77105816340043,155.07615118511652,157.7498779296875,271787500,0.0,0.0
2015-01-02,158.6411201778778,163.98857366701978,155.07615118511652,157.7498779296875,174132700,0.0,0.0
2015-01-02,157.749869520014,159.53235392137006,155.9673851186579,156.85862731933594,70124600,0.0,0.0
2015-01-02,157.74989054244378,161.31485982023912,152.40243662575077,154.18492126464844,176576200,0.0,0.0
2015-01-02,154.1849114810719,155.96739600686465,149.72870016659007,151.5111846923828,142249000,0.0,0.0
2015-01-02,151.5111835842026,159.53236389160156,151.5111835842026,159.53236389160156,169660600,0.0,0.0
2015-01-02,160.42360758913156,165.77106117543593,155.96739626721123,161.31484985351562,207270400,0.0,0.0
2015-01-02,161.31483990958566,162.2060821190309,154.18490223402387,158.64111328125,114165600,0.0,0.0
2015-01-02,158.6411244543524,167.553547176507,158.6411244543524,163.0973358154297,263580500,0.0,0.0
2015-01-02,164.87982316450638,172.00976146351206,161.31485401500356,166.6623077392578,400976200,0.0,0.0
2015-01-02,169.33603736118496,172.00976426688788,163.98858354977912,170.22727966308594,280412900,0.0,0.0
2015-01-02,169.3360242656633,181.81341552734375,163.09732863482307,181.81341552734375,394503900,0.0,0.0
2015-01-02,181.81341700877957,194.2908083721272,178.2484480478231,183.5959014892578,405463800,0.0,0.0
2015-01-02,185.37838890438988,197.85578046526228,177.35720861525763,187.16087341308594,432995700,0.0,0.0
2015-01-02,188.9433516768722,203.2032272751267,188.9433516768722,197.85577392578125,534262200,0.0,0.0
2015-01-02,203.20324434552873,204.9857289450509,194.2908213479178,199.63827514648438,332436100,0.0,0.0
2015-01-02,199.63827514648438,204.9857289450509,190.72585214887346,199.63827514648438,306552500,0.0,0.0
2015-01-02,199.63827514648438,206.7682135445731,197.8557905469622,199.63827514648438,187442700,0.0,0.0
2015-01-02,199.63827514648438,203.20324434552873,196.07330594744,199.63827514648438,104165200,0.0,0.0
2015-01-02,199.63826567551186,212.11565728023135,199.63826567551186,206.76820373535156,304449000,0.0,0.0
2015-01-02,208.55068528024773,208.55068528024773,197.8557783427991,203.20323181152344,180669500,0.0,0.0
2015-01-02,203.20323470543173,212.11565728023135,197.85578116055194,206.76820373535156,232563500,0.0,0.0
2015-01-02,204.98571922039164,210.33317276527143,201.42075019047178,206.76820373535156,154371600,0.0,0.0
2015-01-02,204.9857152549966,217.4631066183442,181.81341700877957,183.5959014892578,556060000,0.0,0.0
2015-01-02,183.59590295644907,190.7258409353403,177.35720722491925,185.37838745117188,214438900,0.0,0.0
2015-01-02,187.16088034889916,188.94336492365056,173.7922460382635,176.46597290039062,194006300,0.0,0.0
2015-01-02,172.00975582725124,176.46596711811267,163.09733324552838,169.33602905273438,495182100,0.0,0.0
2015-01-02,175.5747184375725,185.37838291885828,172.9009917608582,180.0309295654297,371392700,0.0,0.0
2015-01-02,178.24845747514203,180.03094204989347,172.00976146351206,176.46597290039062,206199400,0.0,0.0
2015-01-02,180.03094345092774,183.59591262817383,177.35721656799316,178.2484588623047,233810500,0.0,0.0
2015-01-02,178.24845224056605,188.943359375,178.24845224056605,188.943359375,296813500,0.0,0.0
2015-01-02,188.9433549306925,190.72583941117074,183.5959014892578,183.5959014892578,189954700,0.0,0.0
2015-01-02,183.5959014892578,188.9433549306925,181.81341700877957,183.5959014892578,151745500,0.0,0.0
2015-01-02,178.2484505044755,178.2484505044755,172.90099698934125,177.35720825195312,107406900,0.0,0.0
2015-01-02,177.3572108745575,180.03093767166138,171.11851501464844,171.11851501464844,100460700,0.0,0.0
2015-01-02,172.00975434323576,172.90099659371884,165.77105858985414,167.5535430908203,91064800,0.0,0.0
2015-01-02,167.55355002663353,170.22727688876066,157.74988486550072,166.6623077392578,156006800,0.0,0.0
2015-01-02,169.33603460138494,177.35721518776634,165.7710654518821,176.46597290039062,155695600,0.0,0.0
2015-01-02,178.2484546150129,178.2484546150129,157.7498823342864,172.9010009765625,469390000,0.0,0.0
2015-01-02,172.90099698934125,180.03093500952028,169.33602797925172,177.35720825195312,252008600,0.0,0.0
2015-01-02,178.24844511428682,185.37838291885828,174.68347621200107,180.0309295654297,279192700,0.0,0.0
2015-01-02,180.03094345092774,180.03094345092774,172.00976280212402,178.2484588623047,162856400,0.0,0.0
2015-01-02,178.24844751602564,180.0309319911859,171.11850961538462,173.792236328125,123482800,0.0,0.0
2015-01-02,173.7922403435958,176.46596711811267,169.33602905273438,169.33602905273438,54800100,0.0,0.0
2015-01-02,171.11850813633419,175.5747192857179,171.11850813633419,172.00975036621094,99618800,0.0,0.0
2015-01-02,172.00976280212402,181.8134280395508,170.227278213501,178.2484588623047,146068700,0.0,0.0
2015-01-02,153.2936720574039,160.423610292632,151.51118749859688,155.07615661621094,146552600,0.0,0.0
2015-01-02,155.07614882096,164.8798134015954,153.29366435175356,163.9885711669922,149733600,0.0,0.0
2015-01-02,169.33602514022436,173.792236328125,165.77105618990385,173.792236328125,161017000,0.0,0.0
2015-01-02,170.22727688876066,172.00976146351206,166.6623077392578,166.6623077392578,71919300,0.0,0.0
2015-01-02,168.44479370117188,171.11852058531747,167.55355140645668,168.44479370117188,67647700,0.0,0.0
2015-01-02,169.33603599588707,173.79224746946304,167.55355140645668,168.44479370117188,122615300,0.0,0.0
2015-01-02,168.44477530814507,170.22725970294024,164.8798065185547,164.8798065185547,41552600,0.0,0.0
2015-01-02,164.87982316450638,168.44479231400922,163.09733858975497,166.6623077392578,82454700,0.0,0.0
2015-01-02,166.66230084033722,168.4447853413034,164.87981633937105,167.5535430908203,54500100,0.0,0.0
2015-01-02,167.55354161416332,172.00975282730596,164.87981488627773,165.77105712890625,94877000,0.0,0.0
2015-01-02,167.55353311074748,168.44477530814507,163.9885643211571,164.8798065185547,85608500,0.0,0.0
2015-01-02,165.77106263207608,165.77106263207608,163.0973358154297,163.0973358154297,61954500,0.0,0.0
2015-01-02,163.0973322115951,177.35720825195312,163.0973322115951,177.35720825195312,226220100,0.0,0.0
2015-01-02,178.24844659543504,192.50832232306985,174.68347766352633,181.81341552734375,415123200,0.0,0.0
2015-01-02,185.37838445925243,185.37838445925243,180.0309310613894,181.81341552734375,82181300,0.0,0.0
2015-01-02,181.81341552734375,183.5958999932981,178.24844659543504,181.81341552734375,100358600,0.0,0.0
2015-01-02,183.5958999932981,188.94335339116114,181.81341552734375,181.81341552734375,164625800,0.0,0.0
2015-01-02,181.81341552734375,185.37838445925243,180.0309310613894,181.81341552734375,76159400,0.0,0.0
2015-01-02,183.5959014892578,185.37838596973603,181.81341700877957,183.5959014892578,78991400,0.0,0.0
2015-01-02,185.37838745117188,185.37838745117188,178.24844947228064,185.37838745117188,197132100,0.0,0.0
2015-01-02,188.30541817347208,191.23244539896646,186.35406668980914,187.32974243164062,210352000,18.0,0.0
2015-01-02,187.3297400841346,189.28109154334436,177.57298278808594,177.57298278808594,158919200,0.0,0.0
2015-01-02,180.5,182.45135135135135,176.5972972972973,180.5,106858300,0.0,0.0
2015-01-02,180.50000997690054,182.4513614361103,175.62163132887622,177.57298278808594,99472400,0.0,0.0
2015-01-02,178.54865975215517,179.52433548850576,168.79190238864942,169.767578125,167119800,0.0,0.0
2015-01-02,170.74325029240097,173.6702774402707,166.84054742857467,167.81622314453125,175048100,0.0,0.0
2015-01-02,167.81621955422793,170.7432466394761,163.91351677389704,165.8648681640625,351718500,0.0,0.0
2015-01-02,166.84054204274918,168.7918934116702,164.88919067382812,164.88919067382812,106453300,0.0,0.0
2015-01-02,164.88919944324712,170.74325386135058,164.88919944324712,169.767578125,231776300,0.0,0.0
2015-01-02,170.74325029240097,170.74325029240097,166.84054742857467,167.81622314453125,98622500,0.0,0.0
2015-01-02,167.81621587844123,169.76756722586495,161.96216183617003,163.91351318359375,140568900,0.0,0.0
2015-01-02,164.88919709368452,165.86487281613233,159.03514275899747,160.0108184814453,120074700,0.0,0.0
2015-01-02,160.0108149022232,163.91351770471644,154.1567606984833,158.05946350097656,463155900,0.0,0.0
2015-01-02,159.0351373897576,160.98648876877306,156.10811032123448,157.0837860107422,151456600,0.0,0.0
2015-01-02,158.05945803084464,158.05945803084464,152.20540402970224,155.13243103027344,153024000,0.0,0.0
2015-01-02,156.10811730587122,164.88919890432646,155.13244157270952,160.9864959716797,335154100,0.0,0.0
2015-01-02,160.98648876877306,160.98648876877306,157.0837860107422,157.0837860107422,145989900,0.0,0.0
2015-01-02,157.0837930390329,161.96217170484138,156.10811730587122,160.9864959716797,146717400,0.0,0.0
2015-01-02,161.96217346191406,162.93784920566054,160.01082197442113,161.96217346191406,112992900,0.0,0.0
2015-01-02,162.93783569335938,163.91351135619385,160.9864843676904,162.93783569335938,81620500,0.0,0.0
2015-01-02,162.93784743800308,162.93784743800308,160.010820238518,160.9864959716797,83818100,0.0,0.0
2015-01-02,160.9864906028465,160.9864906028465,158.05946350097656,158.05946350097656,49085700,0.0,0.0
2015-01-02,158.05945914132255,163.91351318359375,157.0837834676107,163.91351318359375,119027000,0.0,0.0
2015-01-02,164.88918701902836,166.8405383446973,160.9864843676904,162.93783569335938,150576000,0.0,0.0
2015-01-02,162.9378420040931,163.91351770471644,157.08378780035324,158.05946350097656,200786200,0.0,0.0
2015-01-02,159.0351318166226,160.98648312725598,154.15675354003906,154.15675354003906,191697800,0.0,0.0
2015-01-02,150.25405151367187,151.22972717285157,142.44864624023438,146.35134887695312,178046900,0.0,0.0
2015-01-02,147.3270245361328,150.25405151367187,146.35134887695312,146.35134887695312,79154600,0.0,0.0
2015-01-02,147.32702901628284,148.30270470513238,140.49729919433594,140.49729919433594,206820500,0.0,0.0
2015-01-02,140.49730448820154,148.3027102931016,140.49730448820154,143.42433166503906,148544400,0.0,0.0
2015-01-02,144.39999755859375,149.27837585449217,144.39999755859375,146.35134887695312,79052300,0.0,0.0
2015-01-02,147.3270263671875,150.25405338110514,147.3270263671875,147.3270263671875,37010800,0.0,0.0
2015-01-02,148.3027001953125,149.27837585449217,143.42432189941405,146.35134887695312,78993300,0.0,0.0
2015-01-02,147.32703814410525,147.32703814410525,144.4000108962091,145.3756866455078,46507800,0.0,0.0
2015-01-02,145.37568489280906,147.32703636788034,144.40000915527344,144.40000915527344,39982700,0.0,0.0
2015-01-02,144.40000915527344,148.30271210541596,144.40000915527344,144.40000915527344,97689000,0.0,0.0
2015-01-02,146.35136239480653,147.32703814410525,144.4000108962091,145.3756866455078,42633800,0.0,0.0
2015-01-02,146.35136112286028,153.18109130859375,144.40000964122214,153.18109130859375,194830100,0.0,0.0
2015-01-02,154.15675716400145,160.0108112335205,152.2054058074951,156.1081085205078,77257800,0.0,0.0
2015-01-02,156.10810485067248,157.08378050598918,153.18107788472236,154.15675354003906,49221900,0.0,0.0
2015-01-02,154.15676527756912,158.0594681959886,152.20541381835938,152.20541381835938,55377300,0.0,0.0
2015-01-02,152.20540929723668,158.05946350097656,150.25405789599006,158.05946350097656,84993100,0.0,0.0
2015-01-02,158.05946703654965,161.96216992634098,157.0837913141018,160.0108184814453,107497500,0.0,0.0
2015-01-02,161.96216712639347,168.79189706545824,159.0351400096514,166.84054565429688,187495500,0.0,0.0
2015-01-02,167.81622041670303,175.6216260174799,165.8648690165088,174.6459503173828,315577100,0.0,0.0
2015-01-02,175.6216302168997,188.30541462145354,175.6216302168997,185.37838745117188,453733000,0.0,0.0
2015-01-02,187.32973821650552,188.30541393638316,175.62162957797392,176.59730529785156,174852500,0.0,0.0
2015-01-02,179.52433601754612,183.4270389744493,176.59730879986873,178.5486602783203,75691400,0.0,0.0
2015-01-02,179.52432696738938,181.4756783474697,173.67027282714844,173.67027282714844,91697600,0.0,0.0
2015-01-02,173.6702746172857,177.57297741767414,173.6702746172857,174.6459503173828,51488800,0.0,0.0
2015-01-02,185.37838119115585,197.08648947691307,180.50000273875702,190.2567596435547,569377900,0.0,0.0
2015-01-02,190.2567678721163,190.2567678721163,183.4270377433737,186.35406494140625,176673200,0.0,0.0
2015-01-02,187.32972899125647,190.25675600674487,184.40270197576808,188.30540466308594,170184900,0.0,0.0
2015-01-02,188.30540540540542,192.20810810810812,180.5,180.5,214784900,0.0,0.0
2015-01-02,182.45135418873915,208.79459784165869,180.5000028070414,206.84324645996094,734949800,0.0,0.0
2015-01-02,206.8432524544852,228.30811827523368,199.03784670148576,218.55136108398438,849043400,0.0,0.0
2015-01-02,224.40540637000132,236.11351452843616,214.6486495713056,230.25946044921875,430124800,0.0,0.0
2015-01-02,228.3081090894796,238.06486588817532,220.50270365052302,230.25946044921875,214546700,0.0,0.0
2015-01-02,230.25946125231292,240.01621808503802,222.4540557861328,222.4540557861328,370951200,0.0,0.0
2015-01-02,222.45405501026218,232.21081180895789,216.60000093104475,230.25946044921875,217788100,0.0,0.0
2015-01-02,236.11352083759922,249.77298072076613,230.25946660195626,241.9675750732422,438900200,0.0,0.0
2015-01-02,245.87027516084558,251.7243293313419,230.25946403952204,232.2108154296875,269718200,0.0,0.0
2015-01-02,232.2108189900716,240.01622467041014,232.2108189900716,234.16217041015625,144302300,0.0,0.0
2015-01-02,234.16217394111573,245.8702826381715,234.16217394111573,236.113525390625,199869200,0.0,0.0
2015-01-02,240.01622948279748,241.96758094200723,228.30812072753906,228.30812072753906,127593100,0.0,0.0
2015-01-02,228.30810525383748,279.04323975469026,228.30810525383748,277.0918884277344,902869800,0.0,0.0
2015-01-02,279.0432360493545,280.99458735039894,263.432425640999,275.1405334472656,398140000,0.0,0.0
2015-01-02,280.99458735039894,282.9459386514434,271.23783084517675,275.1405334472656,246698400,0.0,0.0
2015-01-02,277.0918872070312,302.45945434570314,269.28648193359373,292.70269775390625,663869200,0.0,0.0
2015-01-02,298.55675615583147,347.34053984142486,296.60540480840774,327.8270263671875,1001966700,0.0,0.0
2015-01-02,329.77838134765625,335.63243545441935,312.21621902736683,329.77838134765625,232288900,0.0,0.0
2015-01-02,329.7783777146112,345.38918849400113,318.0702696300688,327.8270263671875,326533200,0.0,0.0
2015-01-02,327.8270335477941,333.6810877182904,321.9729793772978,331.729736328125,137148200,0.0,0.0
2015-01-02,323.9243213965458,327.8270240639741,288.79999738969144,310.2648620605469,425173900,0.0,0.0
