Date,Open,High,Low,Close,Volume,Dividends,Stock Splits
2015-01-02,638.6856784582733,638.6856784582733,617.8840942382812,617.8840942382812,768500,0.0,0.0
2015-01-02,623.2770975545754,623.2770975545754,617.8840942382812,617.8840942382812,508000,0.0,0.0
2015-01-02,627.8996718256848,627.8996718256848,617.8840942382812,617.8840942382812,36500,0.0,0.0
2015-01-02,617.8840942382812,617.8840942382812,617.8840942382812,617.8840942382812,0,0.0,0.0
2015-01-02,617.8840942382812,617.8840942382812,617.8840942382812,617.8840942382812,0,0.0,0.0
2015-01-02,602.4755133345834,617.8840942382812,602.4755133345834,617.8840942382812,5000,0.0,0.0
2015-01-02,616.3432006835938,616.3432006835938,616.3432006835938,616.3432006835938,15500,0.0,0.0
2015-01-02,634.8334397074632,634.8334397074632,627.129150390625,627.129150390625,9500,0.0,0.0
2015-01-02,627.1292427804999,627.1292427804999,608.6389456960626,617.8840942382812,61000,0.0,0.0
2015-01-02,617.8840942382812,617.8840942382812,617.8840942382812,617.8840942382812,0,0.0,0.0
2015-01-02,620.9658203125,620.9658203125,620.9658203125,620.9658203125,12500,0.0,0.0
2015-01-02,620.9658203125,620.9658203125,620.9658203125,620.9658203125,0,0.0,0.0
2015-01-02,620.9658203125,620.9658203125,620.9658203125,620.9658203125,0,0.0,0.0
2015-01-02,620.9658203125,620.9658203125,620.9658203125,620.9658203125,0,0.0,0.0
2015-01-02,620.9658203125,620.9658203125,620.9658203125,620.9658203125,0,0.0,0.0
2015-01-02,620.9658203125,620.9658203125,620.9658203125,620.9658203125,0,0.0,0.0
2015-01-02,620.9658203125,620.9658203125,620.9658203125,620.9658203125,0,0.0,0.0
2015-01-02,620.9658203125,620.9658203125,620.9658203125,620.9658203125,0,0.0,0.0
2015-01-02,620.9658203125,620.9658203125,620.9658203125,620.9658203125,0,0.0,0.0
2015-01-02,620.9658203125,620.9658203125,620.9658203125,620.9658203125,0,0.0,0.0
2015-01-02,620.9658223418019,620.9658223418019,602.4755249023438,602.4755249023438,69000,0.0,0.0
2015-01-02,616.3432006835938,616.3432006835938,616.3432006835938,616.3432006835938,500,0.0,0.0
2015-01-02,597.0825064895499,630.9813842773438,597.0825064895499,630.9813842773438,115000,0.0,0.0
2015-01-02,630.9813842773438,630.9813842773438,630.9813842773438,630.9813842773438,0,0.0,0.0
2015-01-02,630.9813842773438,630.9813842773438,630.9813842773438,630.9813842773438,0,0.0,0.0
2015-01-02,630.9813842773438,630.9813842773438,630.9813842773438,630.9813842773438,0,0.0,0.0
2015-01-02,597.0825532194856,615.5728516417664,593.2304077148438,593.2304077148438,3608500,0.0,0.0
2015-01-02,616.3432006835938,616.3432006835938,616.3432006835938,616.3432006835938,14000,0.0,0.0
2015-01-02,616.3432807426948,616.3432807426948,593.2304077148438,593.2304077148438,547500,0.0,0.0
2015-01-02,600.934814453125,600.934814453125,600.934814453125,600.934814453125,1000,0.0,0.0
2015-01-02,600.934814453125,600.934814453125,600.934814453125,600.934814453125,500,0.0,0.0
2015-01-02,585.526123046875,585.526123046875,585.526123046875,585.526123046875,5000,0.0,0.0
2015-01-02,585.526123046875,585.526123046875,585.526123046875,585.526123046875,94000,0.0,0.0
2015-01-02,584.7556762695312,600.9346870754076,584.7556762695312,584.7556762695312,1120000,0.0,0.0
2015-01-02,584.7556762695312,584.7556762695312,584.7556762695312,584.7556762695312,50500,0.0,0.0
2015-01-02,584.7556762695312,584.7556762695312,584.7556762695312,584.7556762695312,5000,0.0,0.0
2015-01-02,577.8217163085938,577.8217163085938,577.8217163085938,577.8217163085938,9432000,0.0,0.0
2015-01-02,577.8217315673828,577.8217315673828,573.1991577148438,573.1991577148438,200000,0.0,0.0
2015-01-02,573.1991577148438,573.1991577148438,573.1991577148438,573.1991577148438,0,0.0,0.0
2015-01-02,573.1991702452401,581.6738891601562,573.1991702452401,581.6738891601562,761000,0.0,0.0
2015-01-02,585.526123046875,585.526123046875,585.526123046875,585.526123046875,50000,0.0,0.0
2015-01-02,600.934814453125,600.934814453125,600.934814453125,600.934814453125,500,0.0,0.0
2015-01-02,586.2965647248806,599.3938598632812,570.887982209115,599.3938598632812,162500,0.0,0.0
2015-01-02,613.2615356445312,613.2615356445312,585.5260893088489,613.2615356445312,61000,0.0,0.0
2015-01-02,613.2615356445312,613.2615356445312,613.2615356445312,613.2615356445312,136000,0.0,0.0
2015-01-02,613.2615356445312,613.2615356445312,613.2615356445312,613.2615356445312,27500,0.0,0.0
2015-01-02,613.2615356445312,613.2615356445312,613.2615356445312,613.2615356445312,0,0.0,0.0
2015-01-02,587.066898651123,616.3432006835938,587.066898651123,616.3432006835938,50500,0.0,0.0
2015-01-02,613.2615356445312,613.2615356445312,613.2615356445312,613.2615356445312,5000,0.0,0.0
2015-01-02,613.2615356445312,613.2615356445312,609.4093903201309,613.2615356445312,136000,0.0,0.0
2015-01-02,613.2615356445312,613.2615356445312,613.2615356445312,613.2615356445312,1000,0.0,0.0
2015-01-02,616.3432006835938,616.3432006835938,616.3432006835938,616.3432006835938,1000,0.0,0.0
2015-01-02,608.638916015625,614.8023480765428,597.852909909019,608.638916015625,262000,0.0,0.0
2015-01-02,616.3432006835938,623.2770616912842,612.4910556793213,616.3432006835938,1216000,0.0,0.0
2015-01-02,616.3432006835938,616.3432006835938,616.3432006835938,616.3432006835938,0,0.0,0.0
2015-01-02,616.3432006835938,616.3432006835938,616.3432006835938,616.3432006835938,0,0.0,0.0
2015-01-02,587.066898651123,616.3432006835938,587.066898651123,616.3432006835938,25500,0.0,0.0
2015-01-02,616.3432006835938,616.3432006835938,616.3432006835938,616.3432006835938,0,0.0,0.0
2015-01-02,587.066898651123,616.3432006835938,587.066898651123,616.3432006835938,75500,0.0,0.0
2015-01-02,619.424922122231,619.424922122231,600.9346259394779,608.638916015625,385500,0.0,0.0
2015-01-02,593.2303987569477,619.4249877929688,593.2303987569477,619.4249877929688,63500,0.0,0.0
2015-01-02,619.4249877929688,619.4249877929688,619.4249877929688,619.4249877929688,0,0.0,0.0
2015-01-02,619.4249166870117,619.4249166870117,555.4793096160888,616.3432006835938,69000,0.0,0.0
2015-01-02,616.3432006835938,616.3432006835938,616.3432006835938,616.3432006835938,1631000,0.0,0.0
2015-01-02,616.3432006835938,616.3432006835938,616.3432006835938,616.3432006835938,0,0.0,0.0
2015-01-02,616.3432006835938,616.3432006835938,616.3432006835938,616.3432006835938,0,0.0,0.0
2015-01-02,616.3432006835938,616.3432006835938,616.3432006835938,616.3432006835938,0,0.0,0.0
2015-01-02,598.6234130859375,598.6234130859375,598.6234130859375,598.6234130859375,1000,0.0,0.0
2015-01-02,594.7711886596679,616.3432006835938,594.7711886596679,616.3432006835938,7000,0.0,0.0
2015-01-02,594.771240234375,594.771240234375,594.771240234375,594.771240234375,5500,0.0,0.0
2015-01-02,610.1797634548611,624.0474853515625,594.0007545753762,624.0474853515625,11500,0.0,0.0
2015-01-02,624.0474906921387,624.0474906921387,595.5416176605224,616.3432006835938,12000,0.0,0.0
2015-01-02,616.3432006835938,616.3432006835938,616.3432006835938,616.3432006835938,0,0.0,0.0
2015-01-02,616.3432006835938,616.3432006835938,611.7206266784668,616.3432006835938,16000,0.0,0.0
2015-01-02,616.3432006835938,616.3432006835938,616.3432006835938,616.3432006835938,22000,0.0,0.0
2015-01-02,616.3432006835938,616.3432006835938,616.3432006835938,616.3432006835938,0,0.0,0.0
2015-01-02,616.3432006835938,616.3432006835938,616.3432006835938,616.3432006835938,2000,0.0,0.0
2015-01-02,601.7050496673584,616.3432006835938,601.7050496673584,616.3432006835938,5000,0.0,0.0
2015-01-02,616.3432006835938,616.3432006835938,613.2614846801757,616.3432006835938,6000,0.0,0.0
2015-01-02,600.9346206665039,616.3432006835938,600.9346206665039,616.3432006835938,157000,0.0,0.0
2015-01-02,562.4131543824311,615.57275390625,562.4131543824311,615.57275390625,903000,0.0,0.0
2015-01-02,615.57275390625,615.57275390625,600.9346033127347,615.57275390625,538000,0.0,0.0
2015-01-02,600.9346033127347,616.3431828848561,593.230313526674,615.57275390625,409000,0.0,0.0
2015-01-02,614.8023147295106,614.8023147295106,612.4910278320312,612.4910278320312,63500,0.0,0.0
2015-01-02,594.0006980174427,611.7205631982483,594.0006980174427,610.9501342773438,148500,0.0,0.0
2015-01-02,600.9346259394779,612.4910610536986,600.9346259394779,608.638916015625,754500,0.0,0.0
2015-01-02,578.5921847186511,608.638916015625,578.5921847186511,608.638916015625,50500,0.0,0.0
2015-01-02,608.638916015625,608.638916015625,608.638916015625,608.638916015625,0,0.0,0.0
2015-01-02,607.0980250712461,612.4910278320312,585.5260140281054,612.4910278320312,17744500,0.0,0.0
2015-01-02,604.7868442287693,612.491135238053,593.2304077148438,593.2304077148438,5811000,0.0,0.0
2015-01-02,591.689549512987,596.3121241185572,591.689549512987,593.2304077148438,9863500,0.0,0.0
2015-01-02,600.1641235351562,600.1641235351562,593.2302633145961,600.1641235351562,119500,0.0,0.0
2015-01-02,600.1641235351562,600.1641235351562,600.1641235351562,600.1641235351562,0,0.0,0.0
2015-01-02,593.2302690965381,610.9501342773438,593.2302690965381,610.9501342773438,5500,0.0,0.0
2015-01-02,607.8685343846138,610.1798215875972,594.771240234375,594.771240234375,261500,0.0,0.0
2015-01-02,594.7712380874096,613.2615356445312,593.2303799576496,613.2615356445312,6741000,0.0,0.0
2015-01-02,606.3276740606107,613.2615356445312,606.3276740606107,613.2615356445312,27000,0.0,0.0
2015-01-02,616.3432006835938,616.3432006835938,614.8023426818847,616.3432006835938,44500,0.0,0.0
2015-01-02,605.5571946716309,616.3432006835938,605.5571946716309,616.3432006835938,579000,0.0,0.0
2015-01-02,604.0162710718829,611.7205602437182,604.0162710718829,605.55712890625,1165000,0.0,0.0
2015-01-02,594.7711886596679,616.3432006835938,594.7711886596679,616.3432006835938,65000,0.0,0.0
2015-01-02,613.2615613192695,616.3432777078085,611.720703125,611.720703125,536000,0.0,0.0
2015-01-02,611.7206266784668,616.3432006835938,605.5571946716309,616.3432006835938,570500,0.0,0.0
2015-01-02,600.9345262570489,614.80224609375,600.9345262570489,614.80224609375,1231000,0.0,0.0
2015-01-02,614.80224609375,614.80224609375,614.80224609375,614.80224609375,2349000,0.0,0.0
2015-01-02,614.80224609375,614.80224609375,608.6388150552162,614.80224609375,116500,0.0,0.0
2015-01-02,613.2615356445312,613.2615356445312,613.2615356445312,613.2615356445312,1000,0.0,0.0
2015-01-02,614.8023426818847,627.8996356964111,614.8023426818847,616.3432006835938,147500,0.0,0.0
2015-01-02,616.3432006835938,624.8179196929932,616.3432006835938,616.3432006835938,20000,0.0,0.0
2015-01-02,616.3432006835938,617.8840586853028,616.3432006835938,616.3432006835938,185500,0.0,0.0
2015-01-02,616.3432006835938,616.3432006835938,616.3432006835938,616.3432006835938,133500,0.0,0.0
2015-01-02,616.3432006835938,616.3432006835938,616.3432006835938,616.3432006835938,27500,0.0,0.0
2015-01-02,616.3432006835938,616.3432006835938,616.3432006835938,616.3432006835938,0,0.0,0.0
2015-01-02,616.3432006835938,617.8840586853028,616.3432006835938,616.3432006835938,47000,0.0,0.0
2015-01-02,616.3432006835938,616.3432006835938,616.3432006835938,616.3432006835938,36000,0.0,0.0
2015-01-02,616.3432006835938,616.3432006835938,616.3432006835938,616.3432006835938,28000,0.0,0.0
2015-01-02,616.3432006835938,616.3432006835938,616.3432006835938,616.3432006835938,0,0.0,0.0
2015-01-02,616.3432006835938,616.3432006835938,616.3432006835938,616.3432006835938,5000,0.0,0.0
2015-01-02,624.0474853515625,624.0474853515625,624.0474853515625,624.0474853515625,500,0.0,0.0
2015-01-02,616.3432006835938,616.3432006835938,616.3432006835938,616.3432006835938,22500,0.0,0.0
2015-01-02,616.3432006835938,616.3432006835938,616.3432006835938,616.3432006835938,0,0.0,0.0
2015-01-02,616.3432006835938,616.3432006835938,616.3432006835938,616.3432006835938,12000,0.0,0.0
2015-01-02,626.3587776947021,626.3587776947021,616.3432006835938,616.3432006835938,7000,0.0,0.0
2015-01-02,616.3432006835938,616.3432006835938,616.3432006835938,616.3432006835938,0,0.0,0.0
2015-01-02,616.3432006835938,616.3432006835938,616.3432006835938,616.3432006835938,0,0.0,0.0
2015-01-02,616.3432006835938,616.3432006835938,616.3432006835938,616.3432006835938,0,0.0,0.0
2015-01-02,616.3432006835938,616.3432006835938,616.3432006835938,616.3432006835938,0,0.0,0.0
2015-01-02,616.3432006835938,616.3432006835938,616.3432006835938,616.3432006835938,0,0.0,0.0
2015-01-02,616.3432006835938,616.3432006835938,616.3432006835938,616.3432006835938,0,0.0,0.0
2015-01-02,614.80224609375,614.80224609375,614.80224609375,614.80224609375,16000,0.0,0.0
2015-01-02,614.80224609375,614.80224609375,614.80224609375,614.80224609375,0,0.0,0.0
2015-01-02,614.80224609375,614.80224609375,614.80224609375,614.80224609375,0,0.0,0.0
2015-01-02,594.0007596588134,616.3432006835938,594.0007596588134,616.3432006835938,91000,0.0,0.0
2015-01-02,616.3432006835938,616.3432006835938,616.3432006835938,616.3432006835938,0,0.0,0.0
2015-01-02,616.3432006835938,616.3432006835938,616.3432006835938,616.3432006835938,0,0.0,0.0
2015-01-02,616.3432006835938,616.3432006835938,616.3432006835938,616.3432006835938,0,0.0,0.0
2015-01-02,616.3432006835938,616.3432006835938,616.3432006835938,616.3432006835938,0,0.0,0.0
2015-01-02,616.3432006835938,616.3432006835938,616.3432006835938,616.3432006835938,0,0.0,0.0
2015-01-02,600.9346706064501,613.2615356445312,562.413217362447,613.2615356445312,2849500,0.0,0.0
2015-01-02,613.2614670488912,613.2614670488912,597.0824584960938,597.0824584960938,228500,0.0,0.0
2015-01-02,600.9346879411073,614.031982421875,581.6739607635077,614.031982421875,118500,0.0,0.0
2015-01-02,615.57275390625,615.57275390625,611.7206090132196,615.57275390625,164500,0.0,0.0
2015-01-02,585.526123046875,585.526123046875,585.526123046875,585.526123046875,28000,0.0,0.0
2015-01-02,585.5261061990276,614.031982421875,585.5261061990276,614.031982421875,985000,0.0,0.0
2015-01-02,616.3431038533835,616.3431038533835,578.5920887423638,614.80224609375,101500,0.0,0.0
2015-01-02,615.5727716827392,616.3432006835938,615.5727716827392,616.3432006835938,3500,0.0,0.0
2015-01-02,613.2614900613133,613.2614900613133,608.638916015625,608.638916015625,22500,0.0,0.0
2015-01-02,614.80224609375,614.80224609375,614.80224609375,614.80224609375,13500,0.0,0.0
2015-01-02,614.80224609375,614.80224609375,614.80224609375,614.80224609375,17500,0.0,0.0
2015-01-02,614.80224609375,614.80224609375,614.80224609375,614.80224609375,0,0.0,0.0
2015-01-02,614.80224609375,614.80224609375,614.80224609375,614.80224609375,0,0.0,0.0
2015-01-02,614.80224609375,614.80224609375,614.80224609375,614.80224609375,0,0.0,0.0
2015-01-02,607.097900390625,607.097900390625,607.097900390625,607.097900390625,2000,0.0,0.0
2015-01-02,607.097900390625,607.097900390625,607.097900390625,607.097900390625,0,0.0,0.0
2015-01-02,607.097900390625,607.097900390625,607.097900390625,607.097900390625,3500,0.0,0.0
2015-01-02,607.097900390625,607.097900390625,607.097900390625,607.097900390625,0,0.0,0.0
2015-01-02,582.4441785473509,608.6387580058297,582.4441785473509,607.097900390625,640000,0.0,0.0
2015-01-02,607.097900390625,607.097900390625,607.097900390625,607.097900390625,1000,0.0,0.0
2015-01-02,607.097900390625,607.097900390625,607.097900390625,607.097900390625,0,0.0,0.0
2015-01-02,605.55712890625,605.55712890625,605.55712890625,605.55712890625,1500,0.0,0.0
2015-01-02,605.55712890625,607.097986740617,604.0162710718829,605.55712890625,631500,0.0,0.0
2015-01-02,605.5571746826172,610.1797485351562,605.5571746826172,610.1797485351562,21921000,0.0,0.0
2015-01-02,610.1797485351562,610.1797485351562,610.1797485351562,610.1797485351562,0,0.0,0.0
2015-01-02,613.2615356445312,613.2615356445312,613.2615356445312,613.2615356445312,82000,0.0,0.0
2015-01-02,624.0474853515625,624.0474853515625,624.0474853515625,624.0474853515625,1500,0.0,0.0
2015-01-02,622.5068359375,622.5068359375,622.5068359375,622.5068359375,59000,0.0,0.0
2015-01-02,622.5068359375,622.5068359375,622.5068359375,622.5068359375,500,0.0,0.0
2015-01-02,622.5068359375,622.5068359375,622.5068359375,622.5068359375,0,0.0,0.0
2015-01-02,622.5068359375,622.5068359375,622.5068359375,622.5068359375,0,0.0,0.0
2015-01-02,622.5066326904297,622.5066326904297,616.3432006835938,616.3432006835938,272000,0.0,0.0
2015-01-02,616.3432006835938,616.3432006835938,616.3432006835938,616.3432006835938,0,0.0,0.0
2015-01-02,616.3432006835938,616.3432006835938,616.3432006835938,616.3432006835938,0,0.0,0.0
2015-01-02,616.3432006835938,616.3432006835938,616.3432006835938,616.3432006835938,0,0.0,0.0
2015-01-02,616.3432006835938,616.3432006835938,616.3432006835938,616.3432006835938,0,0.0,0.0
2015-01-02,600.934814453125,600.934814453125,600.934814453125,600.934814453125,125000,0.0,0.0
2015-01-02,600.9346033127347,615.57275390625,600.9346033127347,615.57275390625,1018500,0.0,0.0
2015-01-02,614.80224609375,614.80224609375,614.80224609375,614.80224609375,2500,0.0,0.0
2015-01-02,614.80224609375,614.80224609375,614.80224609375,614.80224609375,0,0.0,0.0
2015-01-02,614.80224609375,614.80224609375,614.80224609375,614.80224609375,0,0.0,0.0
2015-01-02,614.8023426818847,616.3432006835938,608.6389106750488,616.3432006835938,5233500,0.0,0.0
2015-01-02,616.3432006835938,616.3432006835938,616.3432006835938,616.3432006835938,0,0.0,0.0
2015-01-02,616.3432006835938,616.3432006835938,616.3432006835938,616.3432006835938,0,0.0,0.0
2015-01-02,614.80224609375,614.80224609375,614.80224609375,614.80224609375,10000,0.0,0.0
2015-01-02,612.4910278320312,613.2614567978577,612.4910278320312,612.4910278320312,72000,0.0,0.0
2015-01-02,600.9346706064501,613.2615356445312,590.1486636981293,613.2615356445312,2275000,0.0,0.0
2015-01-02,600.1642396489326,613.2615337105909,593.2303780868782,607.8685302734375,1240500,0.0,0.0
2015-01-02,607.0980580003956,608.638916015625,607.0980580003956,608.638916015625,142500,0.0,0.0
2015-01-02,594.771095218515,614.80224609375,594.771095218515,614.80224609375,1898000,0.0,0.0
2015-01-02,614.80224609375,614.80224609375,614.80224609375,614.80224609375,1150000,0.0,0.0
2015-01-02,614.80224609375,614.80224609375,614.80224609375,614.80224609375,500,0.0,0.0
2015-01-02,614.802411508979,614.802411508979,593.2303970700675,614.031982421875,149000,0.0,0.0
2015-01-02,614.031982421875,624.0475605542268,614.031982421875,614.031982421875,132500,0.0,0.0
2015-01-02,614.031982421875,614.031982421875,614.031982421875,614.031982421875,8034000,0.0,0.0
2015-01-02,614.031982421875,614.031982421875,614.031982421875,614.031982421875,8034000,0.0,0.0
2015-01-02,613.2615356445312,613.2615356445312,613.2615356445312,613.2615356445312,48000,0.0,0.0
2015-01-02,614.80224609375,614.80224609375,614.80224609375,614.80224609375,75000,0.0,0.0
2015-01-02,614.8023374204282,624.0474853515625,613.2614794319059,624.0474853515625,1200500,0.0,0.0
2015-01-02,617.8840942382812,617.8840942382812,617.8840942382812,617.8840942382812,11500,0.0,0.0
2015-01-02,627.8996303228685,628.6700593171296,602.4754735122492,624.0474853515625,130500,0.0,0.0
2015-01-02,587.0668064203478,614.80224609375,587.0668064203478,614.80224609375,7500,0.0,0.0
2015-01-02,616.3431954089506,624.0474853515625,616.3431954089506,624.0474853515625,8500,0.0,0.0
2015-01-02,624.0474853515625,624.0474853515625,624.0474853515625,624.0474853515625,0,0.0,0.0
2015-01-02,613.2615356445312,613.2615356445312,613.2615356445312,613.2615356445312,500,0.0,0.0
2015-01-02,613.2615356445312,613.2615356445312,613.2615356445312,613.2615356445312,500,0.0,0.0
2015-01-02,631.7517598470052,647.1603393554688,631.7517598470052,647.1603393554688,171500,0.0,0.0
2015-01-02,647.1603393554688,647.1603393554688,647.1603393554688,647.1603393554688,0,0.0,0.0
2015-01-02,631.7518310546875,631.7518310546875,631.7518310546875,631.7518310546875,500,0.0,0.0
2015-01-02,616.3431803385417,654.8646291097006,616.3431803385417,647.1603393554688,225500,0.0,0.0
2015-01-02,616.3431181066177,654.8645629882812,616.3431181066177,654.8645629882812,317500,0.0,0.0
2015-01-02,670.2732543945312,670.2732543945312,670.2732543945312,670.2732543945312,2000,0.0,0.0
2015-01-02,670.2732250072338,670.2732250072338,624.0474853515625,624.0474853515625,2500,0.0,0.0
2015-01-02,647.1603393554688,647.1603393554688,647.1603393554688,647.1603393554688,6500,0.0,0.0
2015-01-02,647.1603393554688,647.1603393554688,647.1603393554688,647.1603393554688,11500,0.0,0.0
2015-01-02,662.5689188639324,670.2732086181641,647.1603393554688,647.1603393554688,36500,0.0,0.0
2015-01-02,647.1603393554688,647.1603393554688,647.1603393554688,647.1603393554688,13039500,0.0,0.0
2015-01-02,647.1603199351918,677.9774780273438,647.1603199351918,677.9774780273438,276000,0.0,0.0
2015-01-02,677.9774780273438,677.9774780273438,677.9774780273438,677.9774780273438,0,0.0,0.0
2015-01-02,685.6817423744519,685.6817423744519,647.16029617364,647.9307250976562,26500,0.0,0.0
2015-01-02,647.1604357649198,648.7012939453125,647.1604357649198,648.7012939453125,1377000,0.0,0.0
2015-01-02,648.7012939453125,648.7012939453125,648.7012939453125,648.7012939453125,0,0.0,0.0
2015-01-02,647.930768330892,647.930768330892,647.1603393554688,647.1603393554688,1459500,0.0,0.0
2015-01-02,647.1603393554688,647.1603393554688,647.1603393554688,647.1603393554688,0,0.0,0.0
2015-01-02,647.1603393554688,647.1603393554688,647.1603393554688,647.1603393554688,0,0.0,0.0
2015-01-02,631.7517598470052,647.1603393554688,631.7517598470052,647.1603393554688,1101500,0.0,0.0
2015-01-02,647.1603393554688,647.1603393554688,647.1603393554688,647.1603393554688,500,0.0,0.0
2015-01-02,647.1603393554688,647.1603393554688,647.1603393554688,647.1603393554688,0,0.0,0.0
2015-01-02,647.1603393554688,647.1603393554688,647.1603393554688,647.1603393554688,500,0.0,0.0
2015-01-02,647.1603393554688,647.1603393554688,647.1603393554688,647.1603393554688,0,0.0,0.0
2015-01-02,647.1603393554688,647.1603393554688,647.1603393554688,647.1603393554688,0,0.0,0.0
2015-01-02,662.5689086914062,662.5689086914062,662.5689086914062,662.5689086914062,500,0.0,0.0
2015-01-02,662.5689086914062,662.5689086914062,662.5689086914062,662.5689086914062,0,0.0,0.0
2015-01-02,662.5689086914062,662.5689086914062,662.5689086914062,662.5689086914062,0,0.0,0.0
2015-01-02,662.5689086914062,662.5689086914062,662.5689086914062,662.5689086914062,0,0.0,0.0
2015-01-02,662.5688758805998,666.4210205078125,662.5688758805998,666.4210205078125,10500,0.0,0.0
2015-01-02,666.4210458978717,666.4210458978717,631.7517429320865,664.8801879882812,200500,0.0,0.0
2015-01-02,670.2732543945312,677.9775446749281,670.2732543945312,670.2732543945312,3000,0.0,0.0
2015-01-02,673.3548948838976,693.3860473632812,662.568889702691,693.3860473632812,223000,0.0,0.0
2015-01-02,708.794600323933,708.794600323933,694.9268798828125,694.9268798828125,190500,0.0,0.0
2015-01-02,697.23828125,697.23828125,697.23828125,697.23828125,7500,0.0,0.0
2015-01-02,697.2382712919889,697.2382712919889,693.3861261467293,694.1565551757812,46500,0.0,0.0
2015-01-02,694.9269941298343,697.23828125,693.3861360497237,697.23828125,26000,0.0,0.0
2015-01-02,731.907470703125,731.907470703125,731.907470703125,731.907470703125,5000,0.0,0.0
2015-01-02,731.907470703125,731.907470703125,731.907470703125,731.907470703125,0,0.0,0.0
2015-01-02,731.907470703125,731.907470703125,731.907470703125,731.907470703125,0,0.0,0.0
2015-01-02,731.907470703125,731.907470703125,731.907470703125,731.907470703125,0,0.0,0.0
2015-01-02,716.4988403320312,716.4988403320312,716.4988403320312,716.4988403320312,9500,0.0,0.0
2015-01-02,731.907470703125,731.907470703125,731.907470703125,731.907470703125,100000,0.0,0.0
2015-01-02,747.316162109375,747.316162109375,747.316162109375,747.316162109375,516000,0.0,0.0
2015-01-02,747.316162109375,747.316162109375,746.5457330762725,747.316162109375,1116000,0.0,0.0
2015-01-02,747.316162109375,747.316162109375,747.316162109375,747.316162109375,0,0.0,0.0
2015-01-02,747.316162109375,747.316162109375,747.316162109375,747.316162109375,0,0.0,0.0
2015-01-02,747.316162109375,747.316162109375,747.316162109375,747.316162109375,0,0.0,0.0
2015-01-02,709.5651678334111,709.5651678334111,708.7947387695312,708.7947387695312,4500,0.0,0.0
2015-01-02,708.7947387695312,708.7947387695312,708.7947387695312,708.7947387695312,1000,0.0,0.0
2015-01-02,708.7947387695312,708.7947387695312,708.7947387695312,708.7947387695312,0,0.0,0.0
2015-01-02,708.7947387695312,708.7947387695312,708.7947387695312,708.7947387695312,0,0.0,0.0
2015-01-02,708.7947387695312,708.7947387695312,708.7947387695312,708.7947387695312,0,0.0,0.0
2015-01-02,693.3860473632812,693.3860473632812,693.3860473632812,693.3860473632812,31500,0.0,0.0
2015-01-02,693.3860473632812,693.3860473632812,693.3860473632812,693.3860473632812,0,0.0,0.0
2015-01-02,693.3860473632812,693.3860473632812,693.3860473632812,693.3860473632812,0,0.0,0.0
2015-01-02,662.5689894153226,692.61572265625,662.5689894153226,692.61572265625,122500,0.0,0.0
2015-01-02,681.8297158518145,692.61572265625,681.8297158518145,692.61572265625,42500,0.0,0.0
2015-01-02,677.9775705645161,692.61572265625,677.9775705645161,692.61572265625,83500,0.0,0.0
2015-01-02,692.61572265625,692.61572265625,692.61572265625,692.61572265625,0,0.0,0.0
2015-01-02,692.61572265625,692.61572265625,692.61572265625,692.61572265625,0,0.0,0.0
2015-01-02,692.61572265625,692.61572265625,692.61572265625,692.61572265625,0,0.0,0.0
2015-01-02,677.9774933880847,691.84521484375,677.9774933880847,691.84521484375,202500,0.0,0.0
2015-01-02,677.9774933880847,691.84521484375,677.9774933880847,691.84521484375,507500,0.0,0.0
2015-01-02,691.845297911109,691.845297911109,631.7518310546875,631.7518310546875,3550000,0.0,0.0
2015-01-02,677.20703125,677.9774601820251,632.5221531925484,677.20703125,1171000,0.0,0.0
2015-01-02,677.9774780273438,677.9774780273438,647.1603199351918,677.9774780273438,37000,0.0,0.0
2015-01-02,693.3860830945686,693.3860830945686,647.1603442215974,676.4366455078125,786500,0.0,0.0
2015-01-02,662.5688746539647,676.436595286257,647.9307250976562,647.9307250976562,3292500,0.0,0.0
2015-01-02,661.0281374284406,661.7985664930425,636.3744073611794,637.1448364257812,207000,0.0,0.0
2015-01-02,631.7518310546875,631.7518310546875,616.3432498094512,631.7518310546875,449000,0.0,0.0
2015-01-02,631.7518310546875,631.7518310546875,631.7518310546875,631.7518310546875,0,0.0,0.0
2015-01-02,631.7518310546875,631.7518310546875,618.6545369962367,631.7518310546875,12000,0.0,0.0
2015-01-02,617.1136788717131,647.1604122999238,616.3432498094512,631.7518310546875,2518500,0.0,0.0
2015-01-02,616.3431803385417,647.1603393554688,616.3431803385417,647.1603393554688,729500,0.0,0.0
2015-01-02,617.11376953125,623.2772029348081,614.8024820049158,617.11376953125,1112500,0.0,0.0
2015-01-02,615.5727513631185,647.1603393554688,600.9346008300781,647.1603393554688,4962500,0.0,0.0
2015-01-02,631.7518389735694,631.7518389735694,616.3432575351897,629.4405517578125,2133500,0.0,0.0
2015-01-02,616.3432498094512,631.7518310546875,616.3432498094512,631.7518310546875,2506000,0.0,0.0
2015-01-02,616.3432714357898,624.0475623287372,616.3432714357898,619.4249877929688,2480500,0.0,0.0
2015-01-02,601.7050445179881,630.9813462999132,601.7050445179881,624.0474853515625,2959500,0.0,0.0
2015-01-02,616.3434019183169,622.5068359375,616.3434019183169,622.5068359375,807000,0.0,0.0
2015-01-02,620.9659774327042,622.5068359375,616.3434019183169,622.5068359375,1671500,0.0,0.0
2015-01-02,620.9658459715582,620.9658459715582,619.4249877929688,619.4249877929688,101000,0.0,0.0
2015-01-02,616.3432006835938,616.3432006835938,616.3432006835938,616.3432006835938,298500,0.0,0.0
2015-01-02,602.4754786682129,616.3432006835938,602.4754786682129,616.3432006835938,4114500,0.0,0.0
2015-01-02,615.5727716827392,616.3432006835938,615.5727716827392,616.3432006835938,5000,0.0,0.0
2015-01-02,615.57275390625,615.57275390625,615.57275390625,615.57275390625,106000,0.0,0.0
2015-01-02,615.57275390625,615.57275390625,615.57275390625,615.57275390625,0,0.0,0.0
2015-01-02,615.57275390625,615.57275390625,615.57275390625,615.57275390625,0,0.0,0.0
2015-01-02,600.9346206665039,616.3432006835938,600.9346206665039,616.3432006835938,130000,0.0,0.0
2015-01-02,616.3432006835938,616.3432006835938,616.3432006835938,616.3432006835938,0,0.0,0.0
2015-01-02,616.3432006835938,616.3432006835938,616.3432006835938,616.3432006835938,0,0.0,0.0
2015-01-02,616.3433994391025,616.3433994391025,600.934814453125,600.934814453125,129500,0.0,0.0
2015-01-02,602.4755266887386,631.7518310546875,602.4755266887386,631.7518310546875,4500,0.0,0.0
2015-01-02,631.7518310546875,631.7518310546875,631.7518310546875,631.7518310546875,0,0.0,0.0
2015-01-02,631.7518310546875,631.7518310546875,631.7518310546875,631.7518310546875,0,0.0,0.0
2015-01-02,629.4405517578125,629.4405517578125,629.4405517578125,629.4405517578125,2000,0.0,0.0
2015-01-02,629.4405517578125,631.7518389735694,629.4405517578125,629.4405517578125,4500,0.0,0.0
2015-01-02,620.9658319667036,629.4405517578125,616.3432575351897,629.4405517578125,365000,0.0,0.0
2015-01-02,614.0319626226658,631.7518310546875,614.0319626226658,631.7518310546875,5513500,0.0,0.0
2015-01-02,631.7517408891158,677.9774780273438,613.2614460338245,677.9774780273438,6314000,0.0,0.0
2015-01-02,677.9775322413417,677.9775322413417,631.7517914067048,661.7985229492188,6960500,0.0,0.0
2015-01-02,654.8645629882812,662.5688519646139,654.8645629882812,654.8645629882812,1600000,0.0,0.0
2015-01-02,647.1602740119486,654.8645629882812,631.7516960592831,654.8645629882812,1594000,0.0,0.0
2015-01-02,647.1603393554688,647.1603393554688,647.1603393554688,647.1603393554688,500000,0.0,0.0
2015-01-02,653.3237711588542,653.3237711588542,647.1603393554688,647.1603393554688,500500,0.0,0.0
2015-01-02,653.3237711588542,653.3237711588542,647.1603393554688,647.1603393554688,500500,0.0,0.0
2015-01-02,647.1603393554688,647.1603393554688,647.1603393554688,647.1603393554688,0,0.0,0.0
2015-01-02,647.1604062735316,647.1604062735316,616.3432440700301,639.4561157226562,648500,0.0,0.0
2015-01-02,639.4561157226562,639.4561157226562,639.4561157226562,639.4561157226562,0,0.0,0.0
2015-01-02,639.4561157226562,639.4561157226562,639.4561157226562,639.4561157226562,0,0.0,0.0
2015-01-02,639.4561157226562,639.4561157226562,639.4561157226562,639.4561157226562,0,0.0,0.0
2015-01-02,639.4561157226562,639.4561157226562,639.4561157226562,639.4561157226562,0,0.0,0.0
2015-01-02,639.4561157226562,639.4561157226562,639.4561157226562,639.4561157226562,0,0.0,0.0
2015-01-02,628.6700593171296,628.6700593171296,616.3431954089506,624.0474853515625,825500,0.0,0.0
2015-01-02,624.0475265997603,624.0475265997603,616.3432361479114,617.8840942382812,86500,0.0,0.0
2015-01-02,624.0475365423387,624.0475365423387,620.9658203125,620.9658203125,16500,0.0,0.0
2015-01-02,620.9659774327042,622.5068359375,605.5573923847463,622.5068359375,1364000,0.0,0.0
2015-01-02,620.9657746887207,620.9657746887207,616.3432006835938,616.3432006835938,1152500,0.0,0.0
2015-01-02,616.3432006835938,616.3432006835938,616.3432006835938,616.3432006835938,764000,0.0,0.0
2015-01-02,608.6389145589386,654.8646549051872,608.6389145589386,645.6195068359375,14324500,0.0,0.0
2015-01-02,631.7518310546875,631.7518310546875,631.7518310546875,631.7518310546875,1663500,0.0,0.0
2015-01-02,628.6701049804688,628.6701049804688,625.5883887795841,628.6701049804688,6500,0.0,0.0
2015-01-02,627.1292013286072,627.1292013286072,624.0474853515625,624.0474853515625,1001000,0.0,0.0
2015-01-02,624.0475623287372,624.0475623287372,600.9346896498951,619.4249877929688,492000,0.0,0.0
2015-01-02,619.4249877929688,619.4249877929688,619.4249877929688,619.4249877929688,500,0.0,0.0
2015-01-02,619.4249877929688,619.4249877929688,619.4249877929688,619.4249877929688,0,0.0,0.0
2015-01-02,619.4249877929688,619.4249877929688,619.4249877929688,619.4249877929688,0,0.0,0.0
2015-01-02,617.8840942382812,617.8840942382812,617.8840942382812,617.8840942382812,150000,0.0,0.0
2015-01-02,617.8841296143793,619.4249877929688,617.8841296143793,619.4249877929688,560000,0.0,0.0
2015-01-02,619.4249877929688,619.4249877929688,619.4249877929688,619.4249877929688,0,0.0,0.0
2015-01-02,616.3432006835938,616.3432006835938,616.3432006835938,616.3432006835938,359000,0.0,0.0
2015-01-02,624.0474906921387,624.0474906921387,616.3432006835938,616.3432006835938,2000,0.0,0.0
2015-01-02,620.9658203125,620.9658203125,620.9658203125,620.9658203125,6000,0.0,0.0
2015-01-02,608.6389106750488,616.3432006835938,608.6389106750488,616.3432006835938,376000,0.0,0.0
2015-01-02,616.3432006835938,616.3432006835938,616.3432006835938,616.3432006835938,0,0.0,0.0
2015-01-02,616.3432006835938,616.3432006835938,616.3432006835938,616.3432006835938,0,0.0,0.0
2015-01-02,631.7517807006836,631.7517807006836,616.3432006835938,616.3432006835938,1500,0.0,0.0
2015-01-02,616.3432006835938,616.3432006835938,616.3432006835938,616.3432006835938,11000,0.0,0.0
2015-01-02,616.3432006835938,616.3432006835938,616.3432006835938,616.3432006835938,1000,0.0,0.0
2015-01-02,624.0474853515625,624.0474853515625,608.6389054663388,624.0474853515625,12000,0.0,0.0
2015-01-02,616.3431181066177,654.8645629882812,605.5571135397519,654.8645629882812,2637000,0.0,0.0
2015-01-02,654.8645629882812,654.8645629882812,654.8645629882812,654.8645629882812,0,0.0,0.0
2015-01-02,654.8645629882812,654.8645629882812,654.8645629882812,654.8645629882812,500,0.0,0.0
2015-01-02,654.8645629882812,654.8645629882812,654.8645629882812,654.8645629882812,0,0.0,0.0
2015-01-02,654.8645629882812,654.8645629882812,654.8645629882812,654.8645629882812,500,0.0,0.0
2015-01-02,654.8645629882812,654.8645629882812,654.8645629882812,654.8645629882812,0,0.0,0.0
2015-01-02,654.8645629882812,654.8645629882812,654.8645629882812,654.8645629882812,0,0.0,0.0
2015-01-02,647.1602740119486,654.8645629882812,647.1602740119486,654.8645629882812,309000,0.0,0.0
2015-01-02,654.8645629882812,654.8645629882812,654.8645629882812,654.8645629882812,124000,0.0,0.0
2015-01-02,654.8645629882812,654.8645629882812,654.8645629882812,654.8645629882812,67000,0.0,0.0
2015-01-02,654.8645629882812,654.8645629882812,654.8645629882812,654.8645629882812,0,0.0,0.0
2015-01-02,616.3431706040669,644.07861328125,616.3431706040669,644.07861328125,17000,0.0,0.0
2015-01-02,644.07861328125,644.07861328125,644.07861328125,644.07861328125,8500,0.0,0.0
2015-01-02,637.9152221679688,637.9152221679688,616.3432098241244,637.9152221679688,241500,0.0,0.0
2015-01-02,637.9152221679688,637.9152221679688,637.9152221679688,637.9152221679688,66500,0.0,0.0
2015-01-02,639.4561157226562,639.4561157226562,639.4561157226562,639.4561157226562,20500,0.0,0.0
2015-01-02,624.0475346209055,639.4561157226562,624.0475346209055,639.4561157226562,250500,0.0,0.0
2015-01-02,639.4561157226562,639.4561157226562,624.0475346209055,639.4561157226562,4000,0.0,0.0
2015-01-02,639.4561157226562,639.4561157226562,639.4561157226562,639.4561157226562,0,0.0,0.0
2015-01-02,639.4561157226562,639.4561157226562,639.4561157226562,639.4561157226562,63500,0.0,0.0
2015-01-02,639.4561157226562,639.4561157226562,639.4561157226562,639.4561157226562,0,0.0,0.0
2015-01-02,639.4561157226562,639.4561157226562,639.4561157226562,639.4561157226562,0,0.0,0.0
2015-01-02,647.1602740119486,654.8645629882812,608.6388291302849,654.8645629882812,1200000,0.0,0.0
2015-01-02,624.0475623287372,647.1604350075793,619.4249877929688,619.4249877929688,1802000,0.0,0.0
2015-01-02,625.5883486938476,662.5689407348633,616.3432006835938,616.3432006835938,1236000,0.0,0.0
2015-01-02,619.4250286294402,642.5379028320312,608.6390206682311,642.5379028320312,1487500,0.0,0.0
2015-01-02,624.0474853515625,639.4560652367862,616.3431954089506,624.0474853515625,1599000,0.0,0.0
2015-01-02,616.3431954089506,642.5377812138311,608.6389054663388,624.0474853515625,74113500,0.0,0.0
2015-01-02,624.0475306791418,636.3743954826804,616.3432401769302,628.6701049804688,36000,0.0,0.0
2015-01-02,625.5883486938476,633.2926387023925,616.3432006835938,616.3432006835938,68000,0.0,0.0
2015-01-02,616.3432777078085,616.3432777078085,611.720703125,611.720703125,245000,0.0,0.0
2015-01-02,617.8840586853028,617.8840586853028,614.8023426818847,616.3432006835938,348500,0.0,0.0
2015-01-02,628.6700439453125,628.6700439453125,610.1797485351562,610.1797485351562,13000,0.0,0.0
2015-01-02,622.5068359375,622.5068359375,611.7208264039294,622.5068359375,3500,0.0,0.0
2015-01-02,622.5068359375,622.5068359375,622.5068359375,622.5068359375,0,0.0,0.0
2015-01-02,622.5066784274193,622.5066784274193,608.6389553931451,620.9658203125,26000,0.0,0.0
2015-01-02,620.9658203125,620.9658203125,620.9658203125,620.9658203125,0,0.0,0.0
2015-01-02,620.9658203125,620.9658203125,620.9658203125,620.9658203125,0,0.0,0.0
2015-01-02,616.3431803385417,647.1603393554688,608.6388905843099,647.1603393554688,432500,0.0,0.0
2015-01-02,647.1603663963608,647.1603663963608,608.638916015625,608.638916015625,745000,0.0,0.0
2015-01-02,608.638916015625,610.1797740308544,608.638916015625,608.638916015625,55000,0.0,0.0
2015-01-02,608.6389106750488,616.3432006835938,608.6389106750488,616.3432006835938,76000,0.0,0.0
2015-01-02,613.2615356445312,613.2615356445312,602.4755287362103,613.2615356445312,10500,0.0,0.0
2015-01-02,616.3431803385417,616.3431803385417,607.0980326334636,610.1797485351562,556000,0.0,0.0
2015-01-02,608.638916015625,608.638916015625,608.638916015625,608.638916015625,69500,0.0,0.0
2015-01-02,611.720703125,613.2615613192695,611.720703125,611.720703125,42500,0.0,0.0
2015-01-02,611.720703125,611.720703125,611.720703125,611.720703125,0,0.0,0.0
2015-01-02,611.720703125,611.720703125,611.720703125,611.720703125,28500,0.0,0.0
2015-01-02,611.720703125,611.720703125,611.720703125,611.720703125,0,0.0,0.0
2015-01-02,596.3121211823047,611.720703125,596.3121211823047,611.720703125,60000,0.0,0.0
2015-01-02,604.0161851602157,616.3430460818528,604.0161851602157,607.097900390625,349500,0.0,0.0
2015-01-02,607.097900390625,607.097900390625,607.097900390625,607.097900390625,0,0.0,0.0
2015-01-02,607.097900390625,607.097900390625,607.097900390625,607.097900390625,0,0.0,0.0
2015-01-02,616.3430460818528,616.3430460818528,607.097900390625,607.097900390625,3000,0.0,0.0
2015-01-02,604.0164151278409,607.0981315315544,593.2304077148438,593.2304077148438,58000,0.0,0.0
2015-01-02,590.1486206054688,590.1486206054688,590.1486206054688,590.1486206054688,23000,0.0,0.0
2015-01-02,587.0668792724609,607.0980326334636,587.0668792724609,591.689453125,3500,0.0,0.0
2015-01-02,588.6077216796875,591.6894375,577.8217163085938,577.8217163085938,16500,0.0,0.0
2015-01-02,574.7401314085295,597.8530053257625,574.7401314085295,580.903564453125,17500,0.0,0.0
2015-01-02,577.8218127311544,600.9346852404007,577.8218127311544,579.3626708984375,27500,0.0,0.0
2015-01-02,585.5260406494141,616.3432006835938,570.1174606323242,616.3432006835938,1399000,0.0,0.0
2015-01-02,616.3432006835938,616.3432006835938,616.3432006835938,616.3432006835938,0,0.0,0.0
2015-01-02,610.1798449307305,614.802419513539,600.9346957651134,611.720703125,70500,0.0,0.0
2015-01-02,614.80224609375,614.80224609375,614.80224609375,614.80224609375,3000,0.0,0.0
2015-01-02,611.720703125,611.720703125,611.720703125,611.720703125,500,0.0,0.0
2015-01-02,611.7206775147711,614.8023937742913,610.179819385011,613.2615356445312,80000,0.0,0.0
2015-01-02,613.2615356445312,613.2615356445312,613.2615356445312,613.2615356445312,0,0.0,0.0
2015-01-02,600.9346206665039,616.3432006835938,600.9346206665039,616.3432006835938,375500,0.0,0.0
2015-01-02,614.8023426818847,616.3432006835938,608.6389106750488,616.3432006835938,7500,0.0,0.0
2015-01-02,616.3432006835938,616.3432006835938,616.3432006835938,616.3432006835938,0,0.0,0.0
2015-01-02,616.3432006835938,616.3432006835938,616.3432006835938,616.3432006835938,0,0.0,0.0
2015-01-02,616.3432519040515,616.3432519040515,600.9346706064501,613.2615356445312,9500,0.0,0.0
2015-01-02,613.2615356445312,613.2615356445312,613.2615356445312,613.2615356445312,0,0.0,0.0
2015-01-02,593.2302374588816,614.80224609375,588.6076641799813,614.80224609375,197000,0.0,0.0
2015-01-02,608.6389612552508,613.2615356445312,608.6389612552508,613.2615356445312,2000,0.0,0.0
2015-01-02,613.261682441907,614.8025409405049,600.934814453125,600.934814453125,3000,0.0,0.0
2015-01-02,611.720703125,614.802419513539,602.4755539593829,611.720703125,105000,0.0,0.0
2015-01-02,613.2614900613133,613.2614900613133,608.638916015625,608.638916015625,150500,0.0,0.0
2015-01-02,608.638916015625,608.638916015625,608.638916015625,608.638916015625,6000,0.0,0.0
2015-01-02,600.9346957651134,611.720703125,600.9346957651134,611.720703125,8500,0.0,0.0
2015-01-02,611.720703125,611.720703125,611.720703125,611.720703125,0,0.0,0.0
2015-01-02,611.7208239433094,611.7208239433094,590.1488049629407,600.934814453125,2077500,0.0,0.0
2015-01-02,600.9346060639635,600.9346060639635,583.9851684570312,583.9851684570312,237500,0.0,0.0
2015-01-02,583.9852332871195,594.771240234375,583.9852332871195,594.771240234375,111500,0.0,0.0
2015-01-02,597.8529565050194,597.8529565050194,594.771240234375,594.771240234375,1500,0.0,0.0
2015-01-02,585.526155685996,585.526155685996,576.281005859375,576.281005859375,85500,0.0,0.0
2015-01-02,577.8218641638118,585.526155685996,576.281005859375,576.281005859375,158500,0.0,0.0
2015-01-02,576.2808786356984,583.9851684570312,576.2808786356984,583.9851684570312,5500,0.0,0.0
2015-01-02,583.9852648283306,585.526123046875,582.4444066097863,585.526123046875,190000,0.0,0.0
2015-01-02,593.2304077148438,593.2304077148438,593.2304077148438,593.2304077148438,500,0.0,0.0
2015-01-02,593.2304077148438,593.2304077148438,593.2304077148438,593.2304077148438,0,0.0,0.0
2015-01-02,593.2302393089413,593.2302393089413,588.607666015625,588.607666015625,1000,0.0,0.0
2015-01-02,591.6896634615384,600.934814453125,591.6896634615384,600.934814453125,25500,0.0,0.0
2015-01-02,585.5262294671475,610.1799654447116,576.2810784755609,600.934814453125,2865500,0.0,0.0
2015-01-02,582.4444190959391,599.3938598632812,582.4444190959391,599.3938598632812,52500,0.0,0.0
2015-01-02,599.3938598632812,599.3938598632812,599.3938598632812,599.3938598632812,0,0.0,0.0
2015-01-02,585.5261167055601,593.2304077148438,585.5261167055601,593.2304077148438,1249000,0.0,0.0
2015-01-02,593.2304141395971,593.2304141395971,585.526123046875,585.526123046875,9319500,0.0,0.0
2015-01-02,585.5261392365716,585.5261392365716,580.903564453125,580.903564453125,37000,0.0,0.0
2015-01-02,585.5261167055601,593.2304077148438,570.1175346869927,593.2304077148438,596000,0.0,0.0
2015-01-02,585.5261167055601,593.2304077148438,585.5261167055601,593.2304077148438,270000,0.0,0.0
2015-01-02,585.5261167055601,593.2304077148438,577.8218256962764,593.2304077148438,408000,0.0,0.0
2015-01-02,593.2304077148438,593.2304077148438,585.5261167055601,593.2304077148438,2165000,0.0,0.0
2015-01-02,593.2304141395971,593.2304141395971,582.4444066097863,585.526123046875,131500,0.0,0.0
2015-01-02,585.526123046875,585.526123046875,585.526123046875,585.526123046875,2500,0.0,0.0
2015-01-02,585.526123046875,585.526123046875,582.4444066097863,585.526123046875,5500,0.0,0.0
2015-01-02,585.526123046875,585.526123046875,585.526123046875,585.526123046875,0,0.0,0.0
2015-01-02,585.526123046875,585.526123046875,574.7401155170642,585.526123046875,1018500,0.0,0.0
2015-01-02,574.7401123046875,576.2809705146196,573.1992540947554,574.7401123046875,65000,0.0,0.0
2015-01-02,576.2808583984375,577.8217163085938,570.1174267578125,577.8217163085938,660500,0.0,0.0
2015-01-02,576.2809737356085,585.526123046875,570.1175408614309,585.526123046875,1360000,0.0,0.0
2015-01-02,577.821831954153,585.526123046875,570.1175408614309,585.526123046875,1059500,0.0,0.0
2015-01-02,570.1174267578125,577.8217163085938,562.4131372070312,577.8217163085938,161500,0.0,0.0
2015-01-02,562.4131372070312,577.8217163085938,562.4131372070312,577.8217163085938,493500,0.0,0.0
2015-01-02,577.8217991301409,577.8217991301409,565.4949340820312,565.4949340820312,2119500,0.0,0.0
2015-01-02,554.7088869819744,577.82175727289,554.7088869819744,571.6583251953125,237000,0.0,0.0
2015-01-02,571.6583251953125,571.6583251953125,571.6583251953125,571.6583251953125,0,0.0,0.0
2015-01-02,556.2496507799303,570.1173706054688,556.2496507799303,570.1173706054688,365000,0.0,0.0
2015-01-02,554.7087930215372,570.1173706054688,554.7087930215372,570.1173706054688,19000,0.0,0.0
2015-01-02,570.1173706054688,570.1173706054688,570.1173706054688,570.1173706054688,0,0.0,0.0
2015-01-02,568.5765380859375,568.5765380859375,568.5765380859375,568.5765380859375,5000,0.0,0.0
2015-01-02,570.1174418131511,570.1174418131511,554.7088623046875,554.7088623046875,115500,0.0,0.0
2015-01-02,554.7089618185291,567.0358276367188,554.7089618185291,567.0358276367188,1000,0.0,0.0
2015-01-02,570.1173706054688,570.1173706054688,562.413081813503,570.1173706054688,845000,0.0,0.0
2015-01-02,614.80224609375,614.80224609375,614.80224609375,614.80224609375,5138500,0.0,0.0
2015-01-02,614.802422540838,614.802422540838,562.413243677709,593.2304077148438,2764000,0.0,0.0
2015-01-02,585.5261263640031,585.5261263640031,567.0358276367188,567.0358276367188,30500,0.0,0.0
2015-01-02,568.576630395306,570.1174884722581,559.3314819335938,559.3314819335938,108500,0.0,0.0
2015-01-02,556.2497202555339,556.2497202555339,554.7088623046875,554.7088623046875,1000,0.0,0.0
2015-01-02,554.7088623046875,554.7088623046875,554.7088623046875,554.7088623046875,0,0.0,0.0
2015-01-02,562.4130990164621,562.4130990164621,539.3002319335938,539.3002319335938,108000,0.0,0.0
2015-01-02,554.7088623046875,554.7088623046875,543.9228566487631,554.7088623046875,55500,0.0,0.0
2015-01-02,554.7087906991969,554.7087906991969,545.4636441875437,551.6270751953125,44000,0.0,0.0
2015-01-02,553.1680043538412,553.1680043538412,536.2185668945312,536.2185668945312,30214500,0.0,0.0
2015-01-02,536.2185668945312,554.7088623046875,536.2185668945312,554.7088623046875,603500,0.0,0.0
2015-01-02,554.7088623046875,554.7088623046875,536.2185668945312,554.7088623046875,5818000,0.0,0.0
2015-01-02,554.7088623046875,554.7088623046875,554.7088623046875,554.7088623046875,0,0.0,0.0
2015-01-02,554.7087930215372,570.1173706054688,554.7087930215372,570.1173706054688,343500,0.0,0.0
2015-01-02,570.1174418131511,570.1174418131511,539.300282796224,554.7088623046875,1154500,0.0,0.0
2015-01-02,539.300282796224,554.7088623046875,533.1368509928386,554.7088623046875,485000,0.0,0.0
2015-01-02,553.1680297851562,553.1680297851562,553.1680297851562,553.1680297851562,6500,0.0,0.0
2015-01-02,547.0045019394859,551.6270751953125,531.5959244200637,551.6270751953125,2385500,0.0,0.0
2015-01-02,551.6271464029949,554.7088623046875,551.6271464029949,554.7088623046875,2139000,0.0,0.0
2015-01-02,554.7088623046875,554.7088623046875,539.300282796224,554.7088623046875,1179000,0.0,0.0
2015-01-02,554.7087906991969,554.7087906991969,547.0045019394859,551.6270751953125,5561000,0.0,0.0
2015-01-02,551.6270751953125,551.6270751953125,551.6270751953125,551.6270751953125,0,0.0,0.0
2015-01-02,551.6270751953125,551.6270751953125,551.6270751953125,551.6270751953125,0,0.0,0.0
2015-01-02,551.6270943777902,551.6270943777902,539.3002319335938,539.3002319335938,11000,0.0,0.0
2015-01-02,539.3003637140448,542.382080078125,539.3003637140448,542.382080078125,97500,0.0,0.0
2015-01-02,542.382080078125,542.382080078125,542.382080078125,542.382080078125,500,0.0,0.0
2015-01-02,542.3819475446429,542.3819475446429,539.3002319335938,539.3002319335938,2000,0.0,0.0
2015-01-02,539.3002319335938,539.3002319335938,539.3002319335938,539.3002319335938,3500,0.0,0.0
2015-01-02,539.3003665699679,539.3003665699679,523.8917846679688,523.8917846679688,22500,0.0,0.0
2015-01-02,523.8917336268732,526.9734497070312,523.8917336268732,526.9734497070312,500,0.0,0.0
2015-01-02,523.8917789459229,526.9734952926635,493.0746154785156,493.0746154785156,406500,0.0,0.0
2015-01-02,493.07447995820667,506.94219970703125,493.07447995820667,506.94219970703125,1289000,0.0,0.0
2015-01-02,506.94221801757817,554.7088099888393,500.77878679547996,539.3002319335938,4020000,0.0,0.0
2015-01-02,539.300440922166,539.300440922166,537.7595825195312,537.7595825195312,8000,0.0,0.0
2015-01-02,537.7595825195312,537.7595825195312,537.7595825195312,537.7595825195312,4500,0.0,0.0
2015-01-02,537.7595825195312,537.7595825195312,537.7595825195312,537.7595825195312,3000,0.0,0.0
2015-01-02,537.7595825195312,539.300440922166,537.7595825195312,537.7595825195312,3000,0.0,0.0
2015-01-02,522.3508453369141,536.2185668945312,520.8099873860677,536.2185668945312,97500,0.0,0.0
2015-01-02,539.3002319335938,539.3002319335938,539.3002319335938,539.3002319335938,92000,0.0,0.0
2015-01-02,539.3002319335938,539.3002319335938,520.8099382672991,539.3002319335938,2007500,0.0,0.0
2015-01-02,537.7595825195312,537.7595825195312,537.7595825195312,537.7595825195312,9500,0.0,0.0
2015-01-02,537.7595825195312,537.7595825195312,537.7595825195312,537.7595825195312,0,0.0,0.0
2015-01-02,539.3002319335938,553.1679521833148,537.7593741280692,539.3002319335938,17135000,0.0,0.0
2015-01-02,539.3004221156024,539.3004221156024,520.8101219287817,531.5961303710938,288500,0.0,0.0
2015-01-02,519.2690640894199,531.5959261449551,519.2690640894199,525.4324951171875,32500,0.0,0.0
2015-01-02,525.4324951171875,525.4324951171875,525.4324951171875,525.4324951171875,4500,0.0,0.0
2015-01-02,523.8916228538336,531.5959114252136,523.8916228538336,530.0550537109375,150500,0.0,0.0
2015-01-02,528.5144321037227,539.300440922166,523.8918568958184,537.7595825195312,6387500,0.0,0.0
2015-01-02,537.7595825195312,537.7595825195312,537.7595825195312,537.7595825195312,0,0.0,0.0
2015-01-02,537.7595825195312,539.300440922166,523.8918568958184,537.7595825195312,13069500,0.0,0.0
2015-01-02,537.7595637667006,540.841280464504,523.8918386265851,531.5961303710938,50999000,0.0,0.0
2015-01-02,531.5961303710938,531.5961303710938,523.8918386265851,531.5961303710938,176500,0.0,0.0
2015-01-02,531.5961303710938,537.7595637667006,530.055272022192,531.5961303710938,726500,0.0,0.0
2015-01-02,531.5961303710938,531.5961303710938,531.5961303710938,531.5961303710938,0,0.0,0.0
2015-01-02,531.595942905971,539.3002319335938,530.0550851004465,539.3002319335938,755500,0.0,0.0
2015-01-02,539.3002319335938,539.3002319335938,525.4325116838728,539.3002319335938,161500,0.0,0.0
2015-01-02,525.4325116838728,539.3002319335938,525.4325116838728,539.3002319335938,7500,0.0,0.0
2015-01-02,539.3002149296645,539.3002149296645,525.4324951171875,525.4324951171875,424500,0.0,0.0
2015-01-02,533.1368818673475,533.1368818673475,526.9734497070312,526.9734497070312,14500,0.0,0.0
2015-01-02,533.1368007114955,539.3002319335938,533.1368007114955,539.3002319335938,10065000,0.0,0.0
2015-01-02,539.3002319335938,539.3002319335938,539.3002319335938,539.3002319335938,0,0.0,0.0
2015-01-02,539.3003075899852,585.5260482405554,539.3003075899852,553.1680297851562,25289500,0.0,0.0
2015-01-02,553.1680353024585,553.1680353024585,545.4637451171875,545.4637451171875,37000,0.0,0.0
2015-01-02,562.4132080078125,562.4132080078125,547.0046269665025,562.4132080078125,100000,0.0,0.0
2015-01-02,573.1992308895891,573.1992308895891,556.2497912665099,557.7906494140625,1126500,0.0,0.0
2015-01-02,562.4131520589193,562.4131520589193,554.7088623046875,554.7088623046875,129000,0.0,0.0
2015-01-02,554.7088623046875,554.7088623046875,554.7088623046875,554.7088623046875,30000,0.0,0.0
2015-01-02,560.872294108073,562.4131520589193,554.7088623046875,554.7088623046875,2837500,0.0,0.0
2015-01-02,554.7088623046875,562.4131520589193,554.7088623046875,554.7088623046875,39000,0.0,0.0
2015-01-02,554.7088623046875,554.7088623046875,554.7088623046875,554.7088623046875,5000,0.0,0.0
2015-01-02,562.4132080078125,562.4132080078125,560.8723499036815,562.4132080078125,3700000,0.0,0.0
2015-01-02,562.4132080078125,562.4132080078125,562.4132080078125,562.4132080078125,651000,0.0,0.0
2015-01-02,562.4132080078125,562.4132080078125,562.4132080078125,562.4132080078125,500000,0.0,0.0
2015-01-02,562.4133519881811,600.934814453125,560.8724934895833,600.934814453125,903500,0.0,0.0
2015-01-02,593.2303110758464,614.8023223876953,593.2303110758464,610.1797485351562,7000,0.0,0.0
2015-01-02,610.179819385011,613.2615356445312,608.6389612552508,613.2615356445312,305000,0.0,0.0
2015-01-02,613.2615356445312,613.2615356445312,613.2615356445312,613.2615356445312,0,0.0,0.0
2015-01-02,613.2614846801757,616.3432006835938,613.2614846801757,616.3432006835938,366500,0.0,0.0
2015-01-02,616.3432006835938,616.3432006835938,616.3432006835938,616.3432006835938,0,0.0,0.0
2015-01-02,616.3432006835938,616.3432006835938,616.3432006835938,616.3432006835938,500,0.0,0.0
2015-01-02,616.3432006835938,616.3432006835938,616.3432006835938,616.3432006835938,0,0.0,0.0
2015-01-02,594.771240234375,594.771240234375,593.2303820990528,594.771240234375,514000,0.0,0.0
2015-01-02,616.3431038533835,616.3431038533835,600.9345262570489,614.80224609375,8500,0.0,0.0
2015-01-02,608.638916015625,614.8023480765428,608.638916015625,608.638916015625,1500,0.0,0.0
2015-01-02,600.9346212800016,600.9346212800016,597.8529052734375,597.8529052734375,14000,0.0,0.0
2015-01-02,593.2303110758464,593.2303110758464,557.7905782063802,591.689453125,74500,0.0,0.0
2015-01-02,591.689549512987,593.2304077148438,585.5261167055601,593.2304077148438,59500,0.0,0.0
2015-01-02,593.2304077148438,593.2304077148438,593.2304077148438,593.2304077148438,0,0.0,0.0
2015-01-02,605.5571952898478,605.5571952898478,597.8529052734375,597.8529052734375,33500,0.0,0.0
2015-01-02,597.8529052734375,597.8529052734375,597.8529052734375,597.8529052734375,2500,0.0,0.0
2015-01-02,585.526123046875,585.526123046875,585.526123046875,585.526123046875,40000,0.0,0.0
2015-01-02,585.5261167055601,593.2304077148438,585.5261167055601,593.2304077148438,512500,0.0,0.0
2015-01-02,593.2304077148438,593.2304077148438,593.2304077148438,593.2304077148438,2000,0.0,0.0
2015-01-02,599.3938598632812,599.3938598632812,599.3938598632812,599.3938598632812,500,0.0,0.0
2015-01-02,599.3938598632812,599.3938598632812,599.3938598632812,599.3938598632812,13500,0.0,0.0
2015-01-02,599.3938598632812,599.3938598632812,599.3938598632812,599.3938598632812,0,0.0,0.0
2015-01-02,599.3938598632812,599.3938598632812,599.3938598632812,599.3938598632812,0,0.0,0.0
2015-01-02,599.3937632767195,599.3937632767195,597.8529052734375,597.8529052734375,500,0.0,0.0
2015-01-02,585.526123046875,585.526123046875,585.526123046875,585.526123046875,8500,0.0,0.0
2015-01-02,585.5260406494141,628.6700646972656,585.5260406494141,616.3432006835938,826000,0.0,0.0
2015-01-02,616.3431654881387,639.4560341939439,631.7517446253421,633.2926025390625,115000,0.0,0.0
2015-01-02,633.2926025390625,633.2926025390625,633.2926025390625,633.2926025390625,0,0.0,0.0
2015-01-02,633.2926393489247,633.2926393489247,593.2303312635913,597.8529052734375,1464000,0.0,0.0
2015-01-02,622.506684423092,624.0475425528522,611.7206775147711,613.2615356445312,79555500,0.0,0.0
2015-01-02,613.261682441907,614.8025409405049,597.8530974559295,600.934814453125,17170000,0.0,0.0
2015-01-02,600.9345849609375,600.9345849609375,577.8217163085938,577.8217163085938,3055000,0.0,0.0
2015-01-02,577.8217890491225,582.4443633615155,562.4132080078125,562.4132080078125,4693000,0.0,0.0
2015-01-02,570.1174418131511,570.1174418131511,548.5454305013021,554.7088623046875,14328500,0.0,0.0
2015-01-02,550.0863739013672,550.0863739013672,516.1874937169692,523.8917846679688,52710500,0.0,0.0
2015-01-02,517.728271484375,570.1174418131511,517.728271484375,554.7088623046875,11823000,0.0,0.0
2015-01-02,554.7088623046875,562.4131520589193,551.6271464029949,554.7088623046875,9501500,0.0,0.0
2015-01-02,554.7089271649353,585.5260897852095,553.1680690339216,565.4949340820312,27435500,0.0,0.0
2015-01-02,565.494888473343,570.1174624935611,560.872314453125,560.872314453125,157500,0.0,0.0
2015-01-02,560.872279296875,585.526005859375,560.872279296875,577.8217163085938,9226500,0.0,0.0
2015-01-02,576.2808016390414,576.2808016390414,562.413081813503,570.1173706054688,9521500,0.0,0.0
2015-01-02,570.1174726642546,585.5260530065318,562.413182493116,563.9540405273438,93000,0.0,0.0
2015-01-02,576.2808272198934,582.444258527058,568.5765380859375,568.5765380859375,1235500,0.0,0.0
2015-01-02,568.5766146300269,568.5766146300269,554.7088923219775,563.9540405273438,2660500,0.0,0.0
2015-01-02,563.9540350983406,573.1991832147069,557.7906030207631,571.6583251953125,416000,0.0,0.0
2015-01-02,580.903564453125,583.9852809754227,579.3627061919761,580.903564453125,139000,0.0,0.0
2015-01-02,580.9035216273523,583.9852379224577,554.7089331189571,557.7906494140625,72000,0.0,0.0
2015-01-02,579.3625742187501,582.4442900390625,557.7905634765625,577.8217163085938,675000,0.0,0.0
2015-01-02,577.8216593974346,577.8216593974346,562.413081813503,570.1173706054688,148500,0.0,0.0
2015-01-02,570.1173706054688,570.1173706054688,570.1173706054688,570.1173706054688,0,0.0,0.0
2015-01-02,567.0357982993785,570.1175145944837,554.7089331189571,557.7906494140625,9732500,0.0,0.0
2015-01-02,568.5766564469311,568.5766564469311,557.7906494140625,557.7906494140625,1828000,0.0,0.0
2015-01-02,568.5766858639925,568.5766858639925,556.2498200458028,567.0358276367188,4577000,0.0,0.0
2015-01-02,567.0356550886825,580.9033749142209,559.3313662967166,570.1173706054688,105825500,0.0,0.0
2015-01-02,570.1173706054688,574.7399438806483,562.413081813503,570.1173706054688,3331000,0.0,0.0
2015-01-02,570.1174985284675,570.1174985284675,562.4132080078125,562.4132080078125,5764000,0.0,0.0
2015-01-02,568.5765888143656,600.9346060639635,567.035730850099,583.9851684570312,2355500,0.0,0.0
2015-01-02,583.9850904310072,583.9850904310072,570.1173706054688,570.1173706054688,7073500,0.0,0.0
2015-01-02,570.1174267578125,596.3120112304688,570.1174267578125,577.8217163085938,54781000,0.0,0.0
2015-01-02,580.7412474933155,587.01953125,577.6021056149733,587.01953125,5579500,13.72,0.0
2015-01-02,587.0193709089949,587.0193709089949,580.7410888671875,580.7410888671875,6224000,0.0,0.0
2015-01-02,585.4498395106589,612.1325399709302,569.7541333575581,607.423828125,3634500,0.0,0.0
2015-01-02,596.436847467073,599.5759887695312,588.5889942109272,599.5759887695312,5115500,0.0,0.0
2015-01-02,590.1586065995066,602.7151726973684,590.1586065995066,596.4368896484375,4527500,0.0,0.0
2015-01-02,596.4368803079651,602.7151632585752,588.5890266197024,594.8673095703125,1854500,0.0,0.0
2015-01-02,594.8673095703125,594.8673095703125,594.8673095703125,594.8673095703125,0,0.0,0.0
2015-01-02,594.8673095703125,594.8673095703125,594.8673095703125,594.8673095703125,0,0.0,0.0
2015-01-02,594.8673095703125,594.8673095703125,594.8673095703125,594.8673095703125,0,0.0,0.0
2015-01-02,594.8673095703125,594.8673095703125,594.8673095703125,594.8673095703125,0,0.0,0.0
2015-01-02,594.8673095703125,594.8673095703125,594.8673095703125,594.8673095703125,0,0.0,0.0
2015-01-02,594.8673095703125,594.8673095703125,594.8673095703125,594.8673095703125,0,0.0,0.0
2015-01-02,594.8673647397525,605.8543609222809,594.8673647397525,604.2847900390625,12004500,0.0,0.0
2015-01-02,604.2847465515136,629.3978788757324,604.2847465515136,627.8283081054688,11536000,0.0,0.0
2015-01-02,627.828260977057,643.5239675014834,604.2847011904173,619.9804077148438,7133500,0.0,0.0
2015-01-02,619.9804357787473,624.6891479492188,619.9804357787473,624.6891479492188,1760000,0.0,0.0
2015-01-02,624.6891196721717,624.6891196721717,619.9804077148438,619.9804077148438,1470500,0.0,0.0
2015-01-02,619.9804988712459,619.9804988712459,604.2847900390625,604.2847900390625,1193000,0.0,0.0
2015-01-02,619.9804077148438,643.5239675014834,618.4108370624011,619.9804077148438,9289000,0.0,0.0
2015-01-02,619.9803370751705,621.5499075487786,612.1324847071304,618.4107666015625,3231500,0.0,0.0
2015-01-02,618.4107666015625,621.5499075487786,616.8411961279545,618.4107666015625,10387000,0.0,0.0
2015-01-02,619.9803370751705,619.9803370751705,616.8411961279545,618.4107666015625,6716500,0.0,0.0
2015-01-02,618.4108370624011,619.9804077148438,616.8412664099585,619.9804077148438,7952000,0.0,0.0
2015-01-02,619.9803370751705,619.9803370751705,618.4107666015625,618.4107666015625,501500,0.0,0.0
2015-01-02,612.1324847071304,619.9803370751705,612.1324847071304,618.4107666015625,13263000,0.0,0.0
2015-01-02,618.4107666015625,619.9803370751705,618.4107666015625,618.4107666015625,1890500,0.0,0.0
2015-01-02,618.4108370624011,619.9804077148438,618.4108370624011,619.9804077148438,1368500,0.0,0.0
2015-01-02,605.85427184286,619.9804077148438,605.85427184286,619.9804077148438,17500,0.0,0.0
2015-01-02,612.1325544526305,619.9804077148438,612.1325544526305,619.9804077148438,4148000,0.0,0.0
2015-01-02,619.9804264712394,623.1195678710938,619.9804264712394,623.1195678710938,12028500,0.0,0.0
2015-01-02,621.5500065022378,624.6891479492188,621.5500065022378,624.6891479492188,15602500,0.0,0.0
2015-01-02,623.1195677222274,643.5239868164062,623.1195677222274,643.5239868164062,16227500,0.0,0.0
2015-01-02,627.8283782730673,634.106662055798,626.2588073273846,629.39794921875,25836500,0.0,0.0
2015-01-02,627.8282798208841,643.5239868164062,621.5499970226753,643.5239868164062,39488000,0.0,0.0
2015-01-02,637.24560546875,637.24560546875,630.9673236414716,637.24560546875,29044000,0.0,0.0
2015-01-02,637.2456416061153,674.9153347059842,637.2456416061153,673.3457641601562,42867000,0.0,0.0
2015-01-02,670.2067260742188,673.3458676483368,667.0675845001006,670.2067260742188,17839500,0.0,0.0
2015-01-02,670.2067353435766,673.3458769611109,670.2067353435766,671.7763061523438,13582000,0.0,0.0
2015-01-02,667.0674438476562,671.7761552159927,663.928302935432,667.0674438476562,33373000,0.0,0.0
2015-01-02,674.9153347059842,689.041469618435,665.497911431017,673.3457641601562,62771000,0.0,0.0
2015-01-02,689.0414996543627,704.7372057968312,659.2196579836727,698.4589233398438,29107000,0.0,0.0
2015-01-02,690.6110475535913,704.7371826171875,689.0414769909695,704.7371826171875,12613000,0.0,0.0
2015-01-02,704.7371826171875,706.3067531798092,704.7371826171875,704.7371826171875,3736000,0.0,0.0
2015-01-02,706.3068905392208,706.3068905392208,696.8894653320312,696.8894653320312,2991000,0.0,0.0
2015-01-02,696.889394659745,715.7242431640625,696.889394659745,715.7242431640625,6985500,0.0,0.0
2015-01-02,715.7242431640625,715.7242431640625,715.7242431640625,715.7242431640625,0,0.0,0.0
2015-01-02,706.3068373234511,720.4329740699202,706.3068373234511,718.8634033203125,5181000,0.0,0.0
2015-01-02,718.8632908241422,720.432861328125,706.3067267922794,720.432861328125,571500,0.0,0.0
2015-01-02,718.8633273654514,718.8633273654514,690.6110568576388,706.3067626953125,6869500,0.0,0.0
2015-01-02,698.4589003667003,714.1546059929183,698.4589003667003,704.7371826171875,259500,0.0,0.0
2015-01-02,692.1807326096755,714.1547241210938,692.1807326096755,714.1547241210938,444500,0.0,0.0
2015-01-02,714.1546536752305,714.1546536752305,712.5850830078125,712.5850830078125,153000,0.0,0.0
2015-01-02,706.3068541765771,706.3068541765771,670.2067260742188,670.2067260742188,69000,0.0,0.0
2015-01-02,670.2065979003905,684.332732282366,659.2196044921875,659.2196044921875,219000,0.0,0.0
2015-01-02,659.2196979049097,714.1546727303188,659.2196979049097,695.31982421875,907500,0.0,0.0
2015-01-02,695.3198705400739,706.3068662370954,695.3198705400739,703.167724609375,1363000,0.0,0.0
2015-01-02,703.167724609375,703.167724609375,703.167724609375,703.167724609375,0,0.0,0.0
2015-01-02,704.7371826171875,704.7371826171875,704.7371826171875,704.7371826171875,200000,0.0,0.0
2015-01-02,706.3067531798092,706.3067531798092,703.1676120545657,704.7371826171875,228000,0.0,0.0
2015-01-02,704.7371826171875,706.3067531798092,704.7371826171875,704.7371826171875,1614000,0.0,0.0
2015-01-02,696.8893665660512,696.8893665660512,682.7632307572799,690.611083984375,4766500,0.0,0.0
2015-01-02,663.9283569335937,706.3067626953125,652.9413628472222,706.3067626953125,5743000,0.0,0.0
2015-01-02,706.3067531798092,706.3067531798092,690.6110475535913,704.7371826171875,204500,0.0,0.0
2015-01-02,703.167724609375,703.167724609375,698.4590121677943,703.167724609375,1212000,0.0,0.0
2015-01-02,703.1677059977578,703.1677059977578,689.04156904691,700.028564453125,1391500,0.0,0.0
2015-01-02,673.3458345634992,690.6111123728198,667.0675517237464,674.9154052734375,895500,0.0,0.0
2015-01-02,668.6370596768861,704.7371826171875,659.2196363011553,704.7371826171875,1207500,0.0,0.0
2015-01-02,703.1676682692307,703.1676682692307,693.750244140625,693.750244140625,956500,0.0,0.0
2015-01-02,693.750244140625,693.750244140625,693.750244140625,693.750244140625,250000,0.0,0.0
2015-01-02,678.0544814363532,684.332763671875,678.0544814363532,684.332763671875,421500,0.0,0.0
2015-01-02,684.332763671875,684.332763671875,684.332763671875,684.332763671875,0,0.0,0.0
2015-01-02,684.332763671875,685.9023342307554,678.0544814363532,684.332763671875,6266500,0.0,0.0
2015-01-02,687.471923828125,704.7372004539454,687.471923828125,687.471923828125,27500,0.0,0.0
2015-01-02,698.4588657804937,698.4588657804937,689.0414428710938,689.0414428710938,1131500,0.0,0.0
2015-01-02,689.0414302332262,689.0414302332262,667.0674438476562,667.0674438476562,96000,0.0,0.0
2015-01-02,667.0674891142643,704.7371826171875,657.6500657385335,704.7371826171875,1318500,0.0,0.0
2015-01-02,690.6110888999581,704.7372248092754,679.6240943038224,701.5980834960938,5984500,0.0,0.0
2015-01-02,693.7502302131397,704.7372248092754,690.6110888999581,701.5980834960938,3319000,0.0,0.0
2015-01-02,701.5980834960938,704.7372248092754,685.9023769301856,701.5980834960938,14804000,0.0,0.0
2015-01-02,704.7371809373208,704.7371809373208,684.332763671875,684.332763671875,3583000,0.0,0.0
2015-01-02,685.90234375,700.0284789759726,682.7632025886728,685.90234375,1648000,0.0,0.0
2015-01-02,682.7633275212468,696.8894653320312,682.7633275212468,696.8894653320312,267500,0.0,0.0
2015-01-02,689.0414753485163,698.458898701799,668.6370580830705,684.332763671875,1248000,0.0,0.0
2015-01-02,684.3328295330668,685.9024002430051,671.7762638535611,674.9154052734375,139000,0.0,0.0
2015-01-02,662.3588721389234,690.6111463059865,662.3588721389234,670.2067260742188,1667500,0.0,0.0
2015-01-02,670.2066928699916,703.167677765237,667.0675514513968,695.31982421875,1819500,0.0,0.0
2015-01-02,685.9024434312481,696.8894390926183,671.7763061523438,671.7763061523438,1535000,0.0,0.0
2015-01-02,660.7893104909737,671.7763061523438,660.7893104909737,671.7763061523438,173500,0.0,0.0
2015-01-02,690.6111558575496,690.6111558575496,670.2067353435766,671.7763061523438,300000,0.0,0.0
2015-01-02,660.7891997935334,690.6110401642628,660.7891997935334,673.3457641601562,752000,0.0,0.0
2015-01-02,674.9154515759699,689.0415889345367,660.7893142174031,682.7633056640625,4412000,0.0,0.0
2015-01-02,689.0415889345367,689.0415889345367,682.7633056640625,682.7633056640625,10000,0.0,0.0
2015-01-02,682.7632307572799,703.1676491477273,674.9153775301846,690.611083984375,910500,0.0,0.0
2015-01-02,696.8892791110788,696.8892791110788,674.9152928328016,676.48486328125,707500,0.0,0.0
2015-01-02,674.9154515759699,685.9024472992996,674.9154515759699,682.7633056640625,569500,0.0,0.0
2015-01-02,690.611092808735,690.611092808735,637.2456901826054,651.371826171875,4046500,0.0,0.0
2015-01-02,659.2197214045995,668.6371459960938,627.8283060996185,668.6371459960938,10811000,0.0,0.0
2015-01-02,659.2196465451182,667.0674994801791,640.3847995009719,656.0805053710938,1381000,0.0,0.0
2015-01-02,656.0805524128239,665.4979766101371,635.6761333186452,643.5239868164062,4375000,0.0,0.0
2015-01-02,643.5239868164062,659.2196938119283,643.5239868164062,643.5239868164062,2084000,0.0,0.0
2015-01-02,659.2196044921875,670.2065979003905,635.676047188895,659.2196044921875,1154000,0.0,0.0
2015-01-02,659.2196292477055,674.9153347059842,645.0934943352546,673.3457641601562,527500,0.0,0.0
2015-01-02,667.0676047985371,667.0676047985371,652.9414672851562,652.9414672851562,3000,0.0,0.0
2015-01-02,659.2197224245233,659.2197224245233,645.0935855154264,648.2327270507812,374500,0.0,0.0
2015-01-02,651.3719654572316,656.0806784605368,612.1326904296875,612.1326904296875,7978500,0.0,0.0
2015-01-02,627.8282937885803,643.5240011332947,626.2587230541088,635.6761474609375,248000,0.0,0.0
2015-01-02,635.6761807114331,646.6631764274332,630.9674682617188,630.9674682617188,137000,0.0,0.0
2015-01-02,646.6631573486328,646.6631573486328,627.8283081054688,627.8283081054688,312500,0.0,0.0
2015-01-02,627.8282987742795,643.5240062436364,619.9804450396009,626.2587280273438,1290500,0.0,0.0
2015-01-02,619.9804077148438,627.828260977057,608.9934131477453,619.9804077148438,1223500,0.0,0.0
2015-01-02,627.8282987742795,627.8282987742795,619.9804450396009,626.2587280273438,84000,0.0,0.0
2015-01-02,627.8282799708753,643.5239869701472,621.5499971711666,623.1195678710938,398000,0.0,0.0
2015-01-02,623.1195490197291,641.9543968490408,615.2716957575159,619.9804077148438,8624500,0.0,0.0
2015-01-02,619.9804648173224,619.9804648173224,607.4238984412754,608.9934692382812,1700500,0.0,0.0
2015-01-02,619.9803370751705,627.8281894432107,613.7020551807384,618.4107666015625,253500,0.0,0.0
2015-01-02,627.8284004407051,627.8284004407051,612.1326904296875,612.1326904296875,3000,0.0,0.0
2015-01-02,619.9804077148438,619.9804077148438,610.5629838001879,619.9804077148438,19000,0.0,0.0
2015-01-02,619.9805454351963,657.6502494616386,612.1326904296875,612.1326904296875,549500,0.0,0.0
2015-01-02,626.2586903246143,643.5239675014834,607.4238424953027,619.9804077148438,101500,0.0,0.0
2015-01-02,626.2586642178622,656.0805053710938,607.423817173716,656.0805053710938,824000,0.0,0.0
2015-01-02,654.5110014721863,656.080572219122,618.4108742926652,626.2587280273438,1367500,0.0,0.0
2015-01-02,626.2587280273438,626.2587280273438,626.2587280273438,626.2587280273438,0,0.0,0.0
2015-01-02,623.1195865334723,627.8282987742795,613.7021620518582,626.2587280273438,752000,0.0,0.0
2015-01-02,626.2587092709482,626.2587092709482,619.9804264712394,623.1195678710938,233500,0.0,0.0
2015-01-02,619.9805454351963,619.9805454351963,612.1326904296875,612.1326904296875,1167000,0.0,0.0
2015-01-02,627.8283399991711,627.8283399991711,580.7412144992333,591.7282104492188,2082000,0.0,0.0
2015-01-02,604.2847241648018,615.2717191496164,593.2977291799872,613.7021484375,826000,0.0,0.0
2015-01-02,613.7021528847853,626.2587186727093,605.8542992673327,624.6891479492188,710500,0.0,0.0
2015-01-02,629.4335842658404,632.5965671013472,612.0371786705533,631.0150756835938,4143500,6.0,0.0
2015-01-02,629.4336188544344,629.4336188544344,613.6187038078406,615.2001953125,237500,0.0,0.0
2015-01-02,615.2002466446314,623.1077048277244,607.2927884615385,616.78173828125,638000,0.0,0.0
2015-01-02,608.8741683040757,656.3189086914062,608.8741683040757,656.3189086914062,7172500,0.0,0.0
2015-01-02,640.504072934843,651.574513701618,623.107666015625,623.107666015625,460000,0.0,0.0
2015-01-02,632.5964780589242,638.9224428395133,632.5964780589242,635.7594604492188,1749000,0.0,0.0
2015-01-02,632.5966152442893,648.4115306253965,618.3631914012929,623.107666015625,1107000,0.0,0.0
2015-01-02,616.7816998631821,635.7595983205108,616.7816998631821,623.107666015625,388000,0.0,0.0
2015-01-02,631.0151432582311,637.3411096066845,619.9447021484375,619.9447021484375,636500,0.0,0.0
2015-01-02,619.9447021484375,619.9447021484375,619.9447021484375,619.9447021484375,0,0.0,0.0
2015-01-02,619.9447021484375,619.9447021484375,619.9447021484375,619.9447021484375,0,0.0,0.0
2015-01-02,619.9447021484375,632.5966348453444,619.9447021484375,619.9447021484375,628500,0.0,0.0
2015-01-02,619.9447021484375,634.1781264324578,619.9447021484375,619.9447021484375,474500,0.0,0.0
2015-01-02,632.5966186523438,632.5966186523438,619.9446862792969,632.5966186523438,8022500,0.0,0.0
2015-01-02,632.5966186523438,632.5966186523438,632.5966186523438,632.5966186523438,0,0.0,0.0
2015-01-02,631.0151140044007,640.5040630871737,619.9446734078323,624.6891479492188,306000,0.0,0.0
2015-01-02,624.6891609191895,634.1781101989747,624.6891609191895,632.5966186523438,7542000,0.0,0.0
2015-01-02,632.5965341895517,632.5965341895517,624.6890775121823,626.2705688476562,1826000,0.0,0.0
2015-01-02,626.2705688476562,640.5039908669211,626.2705688476562,626.2705688476562,48000,0.0,0.0
2015-01-02,626.2706524658204,632.5966186523438,626.2706524658204,632.5966186523438,692000,0.0,0.0
2015-01-02,632.5966055181963,632.5966055181963,616.7816903802413,624.6891479492188,2907500,0.0,0.0
2015-01-02,624.6890775121823,632.5965341895517,624.6890775121823,626.2705688476562,1501500,0.0,0.0
2015-01-02,624.689196464343,624.689196464343,612.0372633713943,616.78173828125,784000,0.0,0.0
2015-01-02,624.6891194252513,637.3410509579146,624.6891194252513,629.43359375,2847500,0.0,0.0
2015-01-02,626.2705833199097,626.2705833199097,610.4556695997101,613.61865234375,536000,0.0,0.0
2015-01-02,615.2002083250713,624.6891575537358,615.2002083250713,623.107666015625,227500,0.0,0.0
2015-01-02,623.1075720433385,623.1075720433385,615.2001155453265,618.3630981445312,809500,0.0,0.0
2015-01-02,621.5261649216278,624.6891479492188,621.5261649216278,624.6891479492188,2558000,0.0,0.0
2015-01-02,631.0150714903388,631.0150714903388,618.3631402323871,621.526123046875,626700500,0.0,0.0
2015-01-02,631.0150851915829,631.0150851915829,621.5261365420855,629.43359375,738500,0.0,0.0
2015-01-02,629.4336224906052,629.4336224906052,619.9446734078323,624.6891479492188,370500,0.0,0.0
2015-01-02,631.0151237061785,631.0151237061785,616.7816998631821,623.107666015625,3042500,0.0,0.0
2015-01-02,623.1076005758698,627.8520746919297,613.61865234375,613.61865234375,1463000,0.0,0.0
2015-01-02,613.6187038078406,616.7816868171593,613.6187038078406,615.2001953125,4333000,0.0,0.0
2015-01-02,615.2002956638089,615.2002956638089,594.6409027495941,608.8743286132812,2339500,0.0,0.0
2015-01-02,610.4556843004729,610.4556843004729,600.9667358398438,600.9667358398438,375500,0.0,0.0
2015-01-02,602.5481894768152,602.5481894768152,586.7332763671875,586.7332763671875,2906000,0.0,0.0
2015-01-02,588.3148056986546,610.4556854830125,578.825857219644,580.4073486328125,6041500,0.0,0.0
2015-01-02,589.8963299725507,605.7112449852197,580.4073809649493,585.15185546875,2198500,0.0,0.0
2015-01-02,585.1519138210423,585.1519138210423,561.4295389364054,575.6629638671875,3118500,0.0,0.0
2015-01-02,569.3369972312844,575.6629638671875,563.0110305953812,575.6629638671875,5533000,0.0,0.0
2015-01-02,575.6629857602327,583.5704443558402,575.6629857602327,581.9889526367188,6031000,0.0,0.0
2015-01-02,581.9888358076523,581.9888358076523,567.7554131927913,570.9183959960938,4893000,0.0,0.0
2015-01-02,581.9888314260563,581.9888314260563,547.1960208516725,561.429443359375,3050000,0.0,0.0
2015-01-02,569.3368675595239,597.8037109375,564.5923936631945,597.8037109375,10377500,0.0,0.0
2015-01-02,596.2223085553459,596.2223085553459,563.010986328125,563.010986328125,3750000,0.0,0.0
2015-01-02,569.3368530273438,577.2443093193901,567.7553617689344,569.3368530273438,2308500,0.0,0.0
2015-01-02,569.3369003080986,570.9183916978433,561.429443359375,561.429443359375,10601000,0.0,0.0
2015-01-02,561.429443359375,561.429443359375,561.429443359375,561.429443359375,0,0.0,0.0
2015-01-02,561.429470114512,577.244384765625,561.429470114512,577.244384765625,556000,0.0,0.0
2015-01-02,577.2443572568221,577.2443572568221,561.429443359375,561.429443359375,1580000,0.0,0.0
2015-01-02,569.3369003080986,569.3369003080986,561.429443359375,561.429443359375,23389000,0.0,0.0
2015-01-02,575.6628370231756,575.6628370231756,566.1738891601562,566.1738891601562,982000,0.0,0.0
2015-01-02,566.1739445098459,596.2222823469607,566.1739445098459,577.244384765625,1572500,0.0,0.0
2015-01-02,588.3148611140124,597.803810486819,588.3148611140124,591.4778442382812,874000,0.0,0.0
2015-01-02,596.2222142126567,599.3851967814242,567.75537109375,567.75537109375,2299000,0.0,0.0
2015-01-02,577.2443379207151,578.8258292574842,564.5924072265625,564.5924072265625,1158500,0.0,0.0
2015-01-02,564.5923792521158,575.6628180609808,564.5923792521158,569.3368530273438,1481500,0.0,0.0
2015-01-02,570.9183630916659,570.9183630916659,566.1738891601562,566.1738891601562,4268000,0.0,0.0
2015-01-02,566.1739351866676,581.9888495773565,566.1739351866676,578.8258666992188,517500,0.0,0.0
2015-01-02,583.5703700041968,586.7333530394499,574.0814208984375,574.0814208984375,339000,0.0,0.0
2015-01-02,566.1738891601562,569.3368717811627,566.1738891601562,566.1738891601562,1234500,0.0,0.0
2015-01-02,581.988783094618,581.988783094618,567.7553617689344,569.3368530273438,303000,0.0,0.0
2015-01-02,569.3369274400685,578.8258762307363,567.7554359749572,577.244384765625,2027500,0.0,0.0
2015-01-02,577.2443616026986,578.8258530043498,567.7554131927913,570.9183959960938,395000,0.0,0.0
2015-01-02,570.9183959960938,575.6628702010474,570.9183959960938,570.9183959960938,108000,0.0,0.0
2015-01-02,570.9183536625175,570.9183536625175,567.75537109375,567.75537109375,95000,0.0,0.0
2015-01-02,567.7553804706595,567.7553804706595,566.1738891601562,566.1738891601562,1263500,0.0,0.0
2015-01-02,566.1739326059303,567.7554240377905,548.7775268554688,548.7775268554688,9242000,0.0,0.0
2015-01-02,548.7775227387281,558.266471258706,539.28857421875,539.28857421875,4420500,0.0,0.0
2015-01-02,539.28857421875,550.3590141587243,539.28857421875,539.28857421875,1140000,0.0,0.0
2015-01-02,550.3590506417411,602.5482709612165,550.3590506417411,553.5220336914062,1014500,0.0,0.0
2015-01-02,558.2664372370793,561.4294198843149,555.1034545898438,555.1034545898438,608000,0.0,0.0
2015-01-02,553.5219864106514,566.1739175286091,553.5219864106514,561.429443359375,719500,0.0,0.0
2015-01-02,566.1739175286091,572.499883087588,559.8479519696302,561.429443359375,2621000,0.0,0.0
2015-01-02,561.4294583103499,570.9184069015107,545.6145439917485,548.7775268554688,8659500,0.0,0.0
2015-01-02,548.7775618103209,556.6850194732938,532.962646484375,532.962646484375,2780500,0.0,0.0
2015-01-02,532.9625716395884,566.1738891601562,529.799589018582,566.1738891601562,3455500,0.0,0.0
2015-01-02,566.1738891601562,566.1738891601562,566.1738891601562,566.1738891601562,0,0.0,0.0
2015-01-02,566.1740484128053,566.1740484128053,550.359130859375,550.359130859375,7182500,0.0,0.0
2015-01-02,547.1961156872736,553.5220823426178,537.7071657042572,545.6146240234375,2347500,0.0,0.0
2015-01-02,545.6145495246438,547.1960409725414,537.7070922851562,537.7070922851562,1660500,0.0,0.0
2015-01-02,548.7775324204389,548.7775324204389,537.7070922851562,537.7070922851562,367000,0.0,0.0
2015-01-02,540.8700751809513,544.0330580767463,536.1256008372587,537.7070922851562,864000,0.0,0.0
2015-01-02,537.7070922851562,539.2885837330538,532.9626179414637,537.7070922851562,7136500,0.0,0.0
2015-01-02,545.6145725693814,559.8479962016261,539.288606510606,544.0330810546875,4331000,0.0,0.0
2015-01-02,551.9405386281568,556.6850131722384,540.8700980252999,544.0330810546875,10882500,0.0,0.0
2015-01-02,544.0331833679552,559.8481014891166,544.0331833679552,547.1961669921875,19951500,0.0,0.0
2015-01-02,548.7775652916022,548.7775652916022,539.2886160358396,542.4515991210938,6717500,0.0,0.0
2015-01-02,542.4515991210938,542.4515991210938,542.4515991210938,542.4515991210938,0,0.0,0.0
2015-01-02,542.4515991210938,542.4515991210938,542.4515991210938,542.4515991210938,0,0.0,0.0
2015-01-02,529.7996794633953,536.1256457853463,520.3107299804688,520.3107299804688,6685000,0.0,0.0
2015-01-02,520.3107299804688,520.3107299804688,520.3107299804688,520.3107299804688,0,0.0,0.0
2015-01-02,520.3107299804688,520.3107299804688,520.3107299804688,520.3107299804688,0,0.0,0.0
2015-01-02,553.5220896703956,553.5220896703956,531.3812060835799,534.544189453125,4860000,0.0,0.0
2015-01-02,544.0330442513992,544.0330442513992,529.7996215820312,529.7996215820312,3785000,0.0,0.0
2015-01-02,529.7996215820312,529.7996215820312,529.7996215820312,529.7996215820312,0,0.0,0.0
2015-01-02,529.7996215820312,529.7996215820312,529.7996215820312,529.7996215820312,0,0.0,0.0
2015-01-02,529.7996215820312,529.7996215820312,529.7996215820312,529.7996215820312,0,0.0,0.0
2015-01-02,482.3548651045295,506.07723551950636,480.773373743531,496.5882873535156,2405500,0.0,0.0
2015-01-02,496.5882873535156,496.5882873535156,496.5882873535156,496.5882873535156,0,0.0,0.0
2015-01-02,99.31767093383793,99.31767093383793,94.88949567556075,95.5220947265625,3208000,0.0,0.0
2015-01-02,479.1918998924462,479.1918998924462,468.1214599609375,468.1214599609375,690000,0.0,0.0
2015-01-02,92.04281235179673,94.88949602599422,91.41021329845876,94.25689697265625,968000,0.0,0.0
2015-01-02,477.610318085023,477.610318085023,469.70286248758885,472.8658447265625,1826500,0.0,0.0
2015-01-02,472.8659713375527,472.8659713375527,452.30658127939824,457.0510559082031,574500,0.0,0.0
2015-01-02,457.0510463319976,472.8659614299906,455.4695548221983,458.6325378417969,1487500,0.0,0.0
2015-01-02,458.6325378417969,458.6325378417969,458.6325378417969,458.6325378417969,0,0.0,0.0
2015-01-02,466.5399953907934,466.5399953907934,452.3065718025997,458.6325378417969,1847000,0.0,0.0
2015-01-02,442.8176901223776,457.0511158763112,442.8176901223776,452.306640625,1695500,0.0,0.0
2015-01-02,455.46962412587413,474.4475251311189,442.8176901223776,452.306640625,3786500,0.0,0.0
2015-01-02,457.05103299324975,458.6325244568942,450.7250671386719,450.7250671386719,4086500,0.0,0.0
2015-01-02,450.7250671386719,457.05103299324975,445.9805927477385,450.7250671386719,3334500,0.0,0.0
2015-01-02,460.12501903246806,465.0199660434518,455.2300720214844,455.2300720214844,3861000,17.522,0.0
2015-01-02,455.2300681793433,465.01996211868396,453.5984191894531,453.5984191894531,3184500,0.0,0.0
2015-01-02,451.9667585893111,455.23005648526276,448.7034606933594,448.7034606933594,1049000,0.0,0.0
2015-01-02,448.7035030788846,448.7035030788846,424.228766547309,440.5452575683594,14461500,0.0,0.0
2015-01-02,440.5452575683594,440.5452575683594,434.01866115993926,440.5452575683594,28309000,0.0,0.0
2015-01-02,440.5452575683594,440.5452575683594,437.2819593641493,440.5452575683594,15725000,0.0,0.0
2015-01-02,440.5452500528364,440.5452500528364,435.6503028300271,437.2819519042969,5812000,0.0,0.0
2015-01-02,437.2819519042969,437.2819519042969,437.2819519042969,437.2819519042969,0,0.0,0.0
2015-01-02,437.2819713664505,438.9136205133402,429.12372563200177,432.38702392578125,6485500,0.0,0.0
2015-01-02,432.3869429368239,432.3869429368239,414.43880568284254,424.22869873046875,19614500,0.0,0.0
2015-01-02,424.22869873046875,424.22869873046875,424.22869873046875,424.22869873046875,0,0.0,0.0
2015-01-02,432.3870120578342,463.3883449978299,432.3870120578342,440.5452575683594,14961500,0.0,0.0
2015-01-02,448.7034180585076,465.01990598790786,429.12363254322725,443.8084716796875,25398500,0.0,0.0
2015-01-02,445.44017045334357,455.23006430946106,445.44017045334357,451.9667663574219,4800500,0.0,0.0
2015-01-02,453.5984114494877,455.2300604115362,440.54521975309956,450.3351135253906,2260000,0.0,0.0
2015-01-02,451.9667637125651,505.8111796061198,451.9667637125651,489.49468994140625,13782500,0.0,0.0
2015-01-02,489.4946899414063,489.4946899414063,489.4946899414063,489.49468994140625,0,0.0,0.0
2015-01-02,489.4946899414063,489.4946899414063,489.4946899414063,489.49468994140625,0,0.0,0.0
2015-01-02,489.4946899414063,489.4946899414063,489.4946899414063,489.49468994140625,0,0.0,0.0
2015-01-02,489.4946899414063,489.4946899414063,489.4946899414063,489.49468994140625,0,0.0,0.0
2015-01-02,489.4946899414063,489.4946899414063,489.4946899414063,489.49468994140625,0,0.0,0.0
2015-01-02,489.4946899414063,489.4946899414063,489.4946899414063,489.49468994140625,0,0.0,0.0
2015-01-02,489.4946899414063,489.4946899414063,489.4946899414063,489.49468994140625,0,0.0,0.0
2015-01-02,491.12624285133387,496.0211887933737,474.8097563778676,487.8629455566406,5603000,0.0,0.0
2015-01-02,487.86304136994596,512.3377758868329,487.86304136994596,502.5478820800781,3027000,0.0,0.0
2015-01-02,500.91633143271173,536.8126157699093,491.1264357043851,505.811279296875,3126500,0.0,0.0
2015-01-02,505.8112350566275,520.4960773647231,486.2314453125,486.2314453125,6539500,0.0,0.0
2015-01-02,502.54798072076613,505.811279296875,489.49478641633067,505.811279296875,1538000,0.0,0.0
2015-01-02,497.65295028686523,504.1795463562012,479.7048110961914,496.02130126953125,8930000,0.0,0.0
2015-01-02,505.8111992507684,505.8111992507684,485.4155863777536,497.6529541015625,926000,0.0,5.0
2015-01-02,497.65303285660286,505.811279296875,481.3365399760585,505.811279296875,2378200,0.0,0.0
2015-01-02,505.81118950962036,505.81118950962036,485.4155770293937,493.5738220214844,426400,0.0,0.0
2015-01-02,493.5737832052666,493.5737832052666,465.0199279785156,465.0199279785156,3165100,0.0,0.0
2015-01-02,465.01995544433595,489.4946899414063,456.8617106119792,489.49468994140625,642700,0.0,0.0
2015-01-02,489.4947013208421,493.57382383184915,481.3364562988281,481.3364562988281,2446300,0.0,0.0
2015-01-02,485.4155675252279,489.4946899414063,485.4155675252279,489.49468994140625,941500,0.0,0.0
2015-01-02,489.4946899414063,501.73205718994143,477.2573226928711,489.49468994140625,760300,0.0,0.0
2015-01-02,501.73204720120475,509.890291871143,481.336435526359,485.4155578613281,198200,0.0,0.0
2015-01-02,485.41553885476634,489.49466103001646,460.9408058032655,465.0199279785156,1642400,0.0,0.0
2015-01-02,469.09907786051434,489.4946899414063,465.01995544433595,489.49468994140625,3419400,0.0,0.0
2015-01-02,489.4947013208421,489.4947013208421,473.17821127681407,481.3364562988281,2224100,0.0,0.0
2015-01-02,477.25738525390625,477.25738525390625,469.09913935213007,477.25738525390625,3821800,0.0,0.0
2015-01-02,477.25738525390625,477.25738525390625,465.020016401242,477.25738525390625,376100,0.0,0.0
2015-01-02,477.25738525390625,477.25738525390625,469.09913935213007,477.25738525390625,188800,0.0,0.0
2015-01-02,477.2573452653556,477.2573452653556,469.09910004714436,473.17822265625,691300,0.0,0.0
2015-01-02,473.17821310292123,473.17821310292123,456.8617229959239,469.0990905761719,1865500,0.0,0.0
2015-01-02,469.09910004714436,481.33646787446116,469.09910004714436,473.17822265625,349900,0.0,0.0
2015-01-02,477.2573452653556,477.2573452653556,465.0199774380388,473.17822265625,1647000,0.0,0.0
2015-01-02,473.1781723290159,477.25729450426604,460.9408058032655,465.0199279785156,1936100,0.0,0.0
2015-01-02,465.0199388776507,469.09906114850725,456.8616943359375,456.8616943359375,716100,0.0,0.0
2015-01-02,460.9408713446723,465.01999409993493,420.14964379204645,440.5452575683594,12054700,0.0,0.0
2015-01-02,448.7035153946786,448.7035153946786,432.38702392578125,432.38702392578125,1326900,0.0,0.0
2015-01-02,432.3869530087425,444.6243196033296,428.3078308105469,428.3078308105469,374400,0.0,0.0
2015-01-02,432.3869530087425,440.54519740513393,428.3078308105469,428.3078308105469,2001600,0.0,0.0
2015-01-02,436.4660840515697,460.94081773670445,436.4660840515697,444.62432861328125,2744500,0.0,0.0
2015-01-02,452.7825731749929,456.86169545584863,440.5452063324255,444.62432861328125,1247600,0.0,0.0
2015-01-02,452.782470703125,452.782470703125,448.7033493454392,452.782470703125,1135000,0.0,0.0
2015-01-02,452.782583063299,452.782583063299,444.62433832341975,448.7034606933594,2247100,0.0,0.0
2015-01-02,448.7034606933594,452.782583063299,440.5452159534801,448.7034606933594,1789700,0.0,0.0
2015-01-02,448.7033493454392,460.9407134184966,440.5451066300676,452.782470703125,2068400,0.0,0.0
2015-01-02,456.86174858940973,460.9408713446723,440.5452575683594,440.5452575683594,3674100,0.0,0.0
2015-01-02,440.5452575683594,456.86174858940973,440.5452575683594,440.5452575683594,6403700,0.0,0.0
2015-01-02,440.54526966022996,444.6243925274543,428.30790105855687,432.38702392578125,5984800,0.0,0.0
2015-01-02,444.6243196033296,448.7034418015253,428.3078308105469,428.3078308105469,1064100,0.0,0.0
2015-01-02,432.3869530087425,436.4660752069382,424.22870861235117,428.3078308105469,2914800,0.0,0.0
2015-01-02,428.3078308105469,428.3078308105469,428.3078308105469,428.3078308105469,0,0.0,0.0
2015-01-02,432.3869530087425,436.4660752069382,424.22870861235117,428.3078308105469,202700,0.0,0.0
2015-01-02,428.3078308105469,436.4660752069382,424.22870861235117,428.3078308105469,3927000,0.0,0.0
2015-01-02,428.3078308105469,428.3078308105469,428.3078308105469,428.3078308105469,0,0.0,0.0
2015-01-02,432.3869429368239,436.4660650400015,424.22869873046875,424.22869873046875,14702100,0.0,0.0
2015-01-02,424.22869873046875,428.30782083364636,420.1495766272912,424.22869873046875,21938000,0.0,0.0
2015-01-02,424.2287502844357,428.3078728833245,420.1496276855469,420.1496276855469,1598000,0.0,0.0
2015-01-02,424.22869873046875,424.22869873046875,407.9122103177584,424.22869873046875,14544800,0.0,0.0
2015-01-02,424.2287502844357,424.2287502844357,416.0705050866581,420.1496276855469,1509500,0.0,0.0
2015-01-02,424.2287502844357,424.2287502844357,420.1496276855469,420.1496276855469,1029600,0.0,0.0
2015-01-02,424.2287406173407,424.2287406173407,411.9913730995328,416.07049560546875,1272800,0.0,0.0
2015-01-02,416.07049560546875,420.1496181114047,416.07049560546875,416.07049560546875,1155500,0.0,0.0
2015-01-02,420.1496181114047,420.1496181114047,411.9913730995328,416.07049560546875,161600,0.0,0.0
2015-01-02,411.9913845825195,411.9913845825195,401.38566577148435,407.9122619628906,2570500,0.0,0.0
2015-01-02,407.9122115154656,411.99133363062026,398.1223184390944,399.75396728515625,2297200,0.0,0.0
2015-01-02,407.9122235698084,411.9913458055065,393.22738352129534,404.64892578125,1986400,0.0,0.0
2015-01-02,404.64897937309456,404.64897937309456,394.85908471084224,401.38568115234375,727700,0.0,0.0
2015-01-02,401.38568115234375,401.38568115234375,401.38568115234375,401.38568115234375,0,0.0,0.0
2015-01-02,401.3856660196604,401.3856660196604,391.59577172649796,394.85906982421875,1746900,0.0,0.0
2015-01-02,394.85904706110716,399.75399392550105,394.85904706110716,398.1223449707031,1749800,0.0,0.0
2015-01-02,398.1223104343493,399.7539592476048,394.8590128078382,396.49066162109375,4139600,0.0,0.0
2015-01-02,396.4907458293487,398.1223949891403,391.5957983499741,393.2274475097656,2149700,0.0,0.0
2015-01-02,391.5957296842312,393.2273785579155,388.3324319368626,389.9640808105469,1224100,0.0,0.0
2015-01-02,389.9641111960143,389.9641111960143,373.64762118781283,376.9109191894531,5343400,0.0,0.0
2015-01-02,376.910880676003,378.54252951009823,370.384285339622,373.6475830078125,3654700,0.0,0.0
2015-01-02,380.174205973997,386.70080178470937,370.3843122579284,385.06915283203125,10326700,0.0,0.0
2015-01-02,386.70079392653247,396.49068744365985,376.9109004094051,381.80584716796875,7078400,0.0,0.0
2015-01-02,381.80584716796875,386.70079392653247,375.27925148988385,381.80584716796875,7035200,0.0,0.0
2015-01-02,381.8058364421254,393.2273785579155,381.8058364421254,389.9640808105469,1546100,0.0,0.0
2015-01-02,389.9640808105469,398.1223251789683,386.7007830631783,389.9640808105469,5872500,0.0,0.0
2015-01-02,389.9641001967133,407.9122386994909,388.33245124191535,398.1223449707031,7245800,0.0,0.0
2015-01-02,398.1223184390944,404.64891382334184,398.1223184390944,399.75396728515625,2565900,0.0,0.0
2015-01-02,411.9914128473685,411.9914128473685,393.2274475097656,393.2274475097656,2848100,0.0,0.0
2015-01-02,394.8590544372045,399.75400139303764,383.43751154026063,388.33245849609375,4662400,0.0,0.0
2015-01-02,388.33250862283904,399.754052994099,383.43756103515625,383.43756103515625,7925800,0.0,0.0
2015-01-02,381.80585492667507,385.06915283203125,380.174205973997,385.06915283203125,3652000,0.0,0.0
2015-01-02,386.70080951081604,388.33245849609375,383.43751154026063,388.33245849609375,2431800,0.0,0.0
2015-01-02,388.3324319368626,391.5957296842312,386.7007830631783,389.9640808105469,3832200,0.0,0.0
2015-01-02,388.3324319368626,391.5957296842312,383.4374853158097,389.9640808105469,4726600,0.0,0.0
2015-01-02,388.3324388495842,388.3324388495842,378.54254543320815,380.1741943359375,4770600,0.0,0.0
2015-01-02,380.1741943359375,385.06914104412556,380.1741943359375,380.1741943359375,10325400,0.0,0.0
2015-01-02,380.1742097878758,393.22740154024916,380.1742097878758,386.7008056640625,4505300,0.0,0.0
2015-01-02,396.4907458293487,396.4907458293487,386.70085087059937,393.2274475097656,26578700,0.0,0.0
2015-01-02,394.8590675724363,460.94085367443495,394.8590675724363,420.1496276855469,47917700,0.0,0.0
2015-01-02,424.228748490054,424.228748490054,404.64896009820535,406.2806091308594,15215800,0.0,0.0
2015-01-02,406.2806091308594,416.0705033267837,404.64896009820535,406.2806091308594,6329000,0.0,0.0
2015-01-02,407.91218869599254,411.99131058295245,403.0172424316406,403.0172424316406,31993700,0.0,0.0
2015-01-02,403.01731106555127,407.91225816351346,403.01731106555127,406.2806091308594,5042200,0.0,0.0
2015-01-02,406.2805626694037,407.9122115154656,398.1223184390944,399.75396728515625,7007200,0.0,0.0
2015-01-02,394.8590966695572,399.7540441489318,391.5957983499741,393.2274475097656,6557600,0.0,0.0
2015-01-02,399.7539592476048,404.6489056873714,396.49066162109375,396.49066162109375,6759700,0.0,0.0
2015-01-02,394.8590128078382,396.49066162109375,393.2273639945827,396.49066162109375,6564600,0.0,0.0
2015-01-02,396.4907188730792,401.3856660196604,393.2274207753583,394.85906982421875,7874200,0.0,0.0
2015-01-02,394.85906982421875,406.2806131662416,394.85906982421875,394.85906982421875,7606900,0.0,0.0
2015-01-02,396.49071862792965,416.0705072021484,396.49071862792965,407.9122619628906,65681200,0.0,0.0
2015-01-02,411.9913845825195,416.0705072021484,406.28061291503906,407.9122619628906,14099800,0.0,0.0
2015-01-02,407.9122619628906,411.9913845825195,406.28061291503906,407.9122619628906,8031000,0.0,0.0
2015-01-02,407.91225816351346,411.9913807451486,404.64896009820535,406.2806091308594,13829400,0.0,0.0
2015-01-02,406.2806091308594,407.91225816351346,406.2806091308594,406.2806091308594,9746800,0.0,0.0
2015-01-02,407.9122619628906,411.9913845825195,404.6489638671875,407.9122619628906,66098200,0.0,0.0
2015-01-02,407.9122386994909,407.9122386994909,394.85904706110716,398.1223449707031,8974900,0.0,0.0
2015-01-02,398.1223949891403,403.017342468515,391.5957983499741,393.2274475097656,4972200,0.0,0.0
2015-01-02,394.8590274315997,396.490676305284,388.3324319368626,389.9640808105469,11586300,0.0,0.0
2015-01-02,389.9640808105469,394.8590274315997,385.069134189494,389.9640808105469,6445100,0.0,0.0
2015-01-02,389.96412267763753,411.99138483725307,389.96412267763753,394.85906982421875,12248700,0.0,0.0
2015-01-02,396.49064741250476,416.0704324699124,396.49064741250476,403.0172424316406,10974200,0.0,0.0
2015-01-02,404.6489638671875,411.9913845825195,403.0173148193359,407.9122619628906,18665600,0.0,0.0
2015-01-02,407.9122619628906,407.9122619628906,407.9122619628906,407.9122619628906,0,0.0,0.0
2015-01-02,407.9122235698084,411.9913458055065,404.64892578125,404.64892578125,11017200,0.0,0.0
2015-01-02,406.28061291503906,407.9122619628906,406.28061291503906,407.9122619628906,10977700,0.0,0.0
2015-01-02,407.9122619628906,411.9913845825195,406.28061291503906,407.9122619628906,33169600,0.0,0.0
2015-01-02,411.9913824877693,428.3078728833245,406.28061084932494,420.1496276855469,29034900,0.0,0.0
2015-01-02,420.1496181114047,424.2287406173407,416.07049560546875,416.07049560546875,31206200,0.0,0.0
2015-01-02,416.0705050866581,428.3078728833245,416.0705050866581,420.1496276855469,35740800,0.0,0.0
2015-01-02,420.14965532410815,444.6243925274543,420.14965532410815,432.38702392578125,30210100,0.0,0.0
2015-01-02,432.3869530087425,440.54519740513393,428.3078308105469,428.3078308105469,33893900,0.0,0.0
2015-01-02,432.3869429368239,436.4660650400015,424.22869873046875,424.22869873046875,20808900,0.0,0.0
2015-01-02,428.30790105855687,432.38702392578125,424.22877819133254,432.38702392578125,28846800,0.0,0.0
2015-01-02,428.30782083364636,436.4660650400015,420.1495766272912,424.22869873046875,20963900,0.0,0.0
2015-01-02,424.22873128255213,505.8111796061198,424.22873128255213,489.49468994140625,41878300,0.0,0.0
2015-01-02,489.49469952543905,513.969434501711,473.17820954125773,493.5738220214844,27029900,0.0,0.0
2015-01-02,489.49469952543905,509.8903120056657,481.3364545333484,493.5738220214844,18175500,0.0,0.0
2015-01-02,501.7320766761655,522.1276895491803,489.4947089523566,497.6529541015625,18170800,0.0,0.0
2015-01-02,509.8903120056657,522.1276794938017,485.4155770293937,493.5738220214844,25161700,0.0,0.0
2015-01-02,493.5738315269595,509.8903218253714,485.4155863777536,497.6529541015625,10563800,0.0,0.0
2015-01-02,501.73206701357503,505.81118950962036,481.3364545333484,493.5738220214844,12798000,0.0,0.0
2015-01-02,498.51776456432185,498.51776456432185,486.1578199883469,490.2778015136719,9677300,6.0,0.0
2015-01-02,490.2778049045139,494.39778645833337,477.91786024305554,482.037841796875,16959200,0.0,0.0
2015-01-02,482.03778976690575,527.3575819672132,482.03778976690575,502.6376953125,25520000,0.0,0.0
2015-01-02,506.7578307194496,576.7975309001865,506.7578307194496,552.07763671875,58568500,0.0,0.0
2015-01-02,556.1975241833785,560.3175058439961,523.2376708984375,523.2376708984375,19645700,0.0,0.0
2015-01-02,523.2376708984375,523.2376708984375,523.2376708984375,523.2376708984375,0,0.0,0.0
2015-01-02,523.2376708984375,523.2376708984375,523.2376708984375,523.2376708984375,0,0.0,0.0
2015-01-02,527.357673891129,527.357673891129,502.63778292748236,510.87774658203125,11972900,0.0,0.0
2015-01-02,519.11767578125,564.4374728732639,519.11767578125,556.197509765625,20609200,0.0,0.0
2015-01-02,556.1975495711616,589.1574043605639,556.1975495711616,568.5574951171875,30232600,0.0,0.0
2015-01-02,568.5574951171875,568.5574951171875,568.5574951171875,568.5574951171875,0,0.0,0.0
2015-01-02,568.5574951171875,568.5574951171875,568.5574951171875,568.5574951171875,0,0.0,0.0
2015-01-02,568.5575661730411,580.9175132637594,552.07763671875,552.07763671875,8156300,0.0,0.0
2015-01-02,552.077548865116,560.3175122810133,539.7176037412701,543.8375854492188,4749500,0.0,0.0
2015-01-02,543.8376593338816,560.3175884046053,539.7176770662006,547.9576416015625,8526400,0.0,0.0
2015-01-02,552.0775282118055,560.3174913194445,539.7175835503473,556.197509765625,13501300,0.0,0.0
2015-01-02,560.3174438476562,580.9173498714671,552.0774814381318,560.3174438476562,27762400,0.0,0.0
2015-01-02,564.4374250524183,568.5574062571806,552.0774814381318,560.3174438476562,14531200,0.0,0.0
2015-01-02,560.3174913194445,564.4374728732639,556.197509765625,556.197509765625,12321900,0.0,0.0
2015-01-02,556.197462642894,572.6773874619428,552.0774814381318,560.3174438476562,25089600,0.0,0.0
2015-01-02,560.3174913194445,568.5574544270834,543.8375651041666,556.197509765625,4599700,0.0,0.0
2015-01-02,556.1975495711616,589.1574043605639,552.0775677224864,568.5574951171875,22489000,0.0,0.0
2015-01-02,576.797410704249,580.9173922092795,568.5574476941883,572.6774291992188,22380500,0.0,0.0
2015-01-02,576.797458814538,580.9174406632133,564.4375132685122,568.5574951171875,35588400,0.0,0.0
2015-01-02,568.5575377581871,617.9973236502034,568.5575377581871,601.5173950195312,32149100,0.0,0.0
2015-01-02,601.517313502779,626.2372030987835,593.2773503041107,613.8772583007812,53401300,0.0,0.0
2015-01-02,613.877244691591,617.9972261995882,601.5173001675993,609.7572631835938,19599200,0.0,0.0
2015-01-02,609.7572631835938,622.1172077075855,593.2773371516048,609.7572631835938,83147900,0.0,0.0
2015-01-02,617.9972061258278,626.2371688741722,609.7572433774834,622.1171875,116309600,0.0,0.0
2015-01-02,622.1172146267361,638.5971408420139,613.8772515190973,630.357177734375,83167900,0.0,0.0
2015-01-02,630.357177734375,634.4771592881945,617.9972330729166,630.357177734375,25213500,0.0,0.0
2015-01-02,630.357177734375,638.5971408420139,626.2371961805555,630.357177734375,81127100,0.0,0.0
2015-01-02,630.35726852417,671.5570899963379,630.35726852417,659.1971435546875,74258300,0.0,0.0
2015-01-02,659.1971384985208,712.7569060015255,659.1971384985208,696.2769775390625,113899500,0.0,0.0
2015-01-02,696.2771372853973,725.1170187114197,655.0773066767939,667.437255859375,100914700,0.0,0.0
2015-01-02,675.6770231827445,675.6770231827445,659.1970957880435,663.3170776367188,22272900,0.0,0.0
2015-01-02,663.3170776367188,663.3170776367188,663.3170776367188,663.3170776367188,0,0.0,0.0
2015-01-02,663.3171766327648,683.9170889505525,659.1971941692073,675.6771240234375,32156200,0.0,0.0
2015-01-02,679.7970490765995,708.6369238859098,671.557084845368,696.2769775390625,63449300,0.0,0.0
2015-01-02,696.2769775390625,704.516941770294,679.7970490765995,696.2769775390625,39988000,0.0,0.0
2015-01-02,696.2768894583879,700.3968710528162,671.5569998918179,688.0369262695312,24240800,0.0,0.0
2015-01-02,688.0369687287704,688.0369687287704,626.2372409986413,663.3170776367188,43447000,0.0,0.0
2015-01-02,667.437059485394,675.6770231827445,659.1970957880435,663.3170776367188,16992700,0.0,0.0
2015-01-02,667.4371273643093,708.6369500411184,659.1971628289474,704.5169677734375,92413800,0.0,0.0
2015-01-02,704.5168526472446,712.7568158361013,671.5569998918179,688.0369262695312,32488600,0.0,0.0
2015-01-02,683.9169580368768,696.2769030616397,675.676994687035,692.1569213867188,23228000,0.0,0.0
2015-01-02,692.1570046164773,696.2769867868135,671.5570937647964,679.7970581054688,11818500,0.0,0.0
2015-01-02,683.917040275805,683.917040275805,663.3171294241241,679.7970581054688,13892000,0.0,0.0
2015-01-02,679.797205041956,683.9171881028163,663.3172727985146,667.437255859375,20717900,0.0,0.0
2015-01-02,667.437255859375,679.797205041956,663.3172727985146,667.437255859375,9618500,0.0,0.0
2015-01-02,675.6770721435547,675.6770721435547,650.957179260254,659.1971435546875,20641800,0.0,0.0
2015-01-02,659.1971790941456,663.317161463484,650.9572143554688,650.9572143554688,8012300,0.0,0.0
2015-01-02,659.1971261160714,659.1971261160714,630.3572518484933,634.4772338867188,10715200,0.0,0.0
2015-01-02,634.4772848781151,655.0771967248071,613.8773730314231,650.9572143554688,10524300,0.0,0.0
2015-01-02,650.9571057205679,659.1970690841194,646.8371240387922,655.0770874023438,11604700,0.0,0.0
2015-01-02,675.6770721435547,675.6770721435547,655.0771614074707,659.1971435546875,23154700,0.0,0.0
2015-01-02,659.1969651442308,659.1969651442308,634.4770789513221,642.717041015625,12859600,0.0,0.0
2015-01-02,642.717041015625,650.9570030799279,634.4770789513221,642.717041015625,8070300,0.0,0.0
2015-01-02,642.717041015625,642.717041015625,642.717041015625,642.717041015625,0,0.0,0.0
2015-01-02,646.8370220477765,650.9570030799279,638.5970599834736,642.717041015625,13784400,0.0,0.0
2015-01-02,646.8371971130371,659.1971435546875,642.7172149658203,659.1971435546875,7388200,0.0,0.0
2015-01-02,679.7970050314198,679.7970050314198,659.1970957880435,663.3170776367188,12473200,0.0,0.0
2015-01-02,659.1971435546875,667.437107849121,655.0771614074707,659.1971435546875,7748200,0.0,0.0
2015-01-02,659.196983245482,696.2768135530403,659.196983245482,683.9168701171875,24093800,0.0,0.0
2015-01-02,683.9169517470284,692.156915021089,667.4370251989072,671.5570068359375,10351200,0.0,0.0
2015-01-02,683.9169868800951,683.9169868800951,659.1970957880435,663.3170776367188,6069500,0.0,0.0
2015-01-02,667.437107849121,667.437107849121,655.0771614074707,659.1971435546875,12447800,0.0,0.0
2015-01-02,663.3171257019043,663.3171257019043,638.5972328186035,659.1971435546875,8756900,0.0,0.0
2015-01-02,667.437107849121,667.437107849121,655.0771614074707,659.1971435546875,6508400,0.0,0.0
2015-01-02,659.1971435546875,659.1971435546875,650.957179260254,659.1971435546875,11628000,0.0,0.0
2015-01-02,646.837152983013,650.9571348491468,622.11726178621,626.2372436523438,12832800,0.0,0.0
2015-01-02,626.2371896148487,646.8370971679688,626.2371896148487,646.8370971679688,11354600,0.0,0.0
2015-01-02,642.7170943708609,642.7170943708609,622.1171875,622.1171875,15528400,0.0,0.0
2015-01-02,638.5972159249442,638.5972159249442,626.2372698102679,634.4772338867188,8898000,0.0,0.0
2015-01-02,642.7171156573447,650.9570786785927,634.4771526360967,646.8370971679688,12680500,0.0,0.0
2015-01-02,646.8370757450331,646.8370757450331,613.8772247516556,622.1171875,31029300,0.0,0.0
2015-01-02,642.7171979631696,642.7171979631696,617.997305733817,634.4772338867188,8586300,0.0,0.0
2015-01-02,634.4772338867188,634.4772338867188,634.4772338867188,634.4772338867188,0,0.0,0.0
2015-01-02,667.43701171875,667.43701171875,626.2371961805555,630.357177734375,5431400,0.0,0.0
2015-01-02,634.4771255985384,646.8370696037047,626.2371629284274,638.5971069335938,18273300,0.0,0.0
2015-01-02,659.1970198675497,659.1970198675497,617.9972061258278,622.1171875,13175000,0.0,0.0
2015-01-02,659.1970985814145,659.1970985814145,617.997279920076,626.2372436523438,3878000,0.0,0.0
2015-01-02,626.2371688741722,630.3571502483444,613.8772247516556,622.1171875,5783500,0.0,0.0
2015-01-02,585.0374576822917,626.2372786458334,580.9174755859375,617.997314453125,6118400,0.0,0.0
2015-01-02,613.8772515190973,617.9972330729166,576.7974175347223,593.27734375,54580100,0.0,0.0
2015-01-02,593.2773572198275,613.8772654566271,589.1573755724677,597.3973388671875,33625100,0.0,0.0
2015-01-02,617.9973236502034,617.9973236502034,593.2774307041952,601.5173950195312,6548600,0.0,0.0
2015-01-02,601.5173950195312,601.5173950195312,601.5173950195312,601.5173950195312,0,0.0,0.0
2015-01-02,617.9972330729166,617.9972330729166,585.0373806423611,593.27734375,14128500,0.0,0.0
2015-01-02,593.27734375,593.27734375,593.27734375,593.27734375,0,0.0,0.0
2015-01-02,601.5172997344312,613.8772442495223,568.5574476941883,572.6774291992188,42375600,0.0,0.0
2015-01-02,580.9175539688325,593.2775019256162,572.6775886643101,585.0375366210938,22746800,0.0,0.0
2015-01-02,601.5173068576389,601.5173068576389,585.0373806423611,593.27734375,21157800,0.0,0.0
2015-01-02,593.2775019256162,601.5174672301387,585.0375366210938,585.0375366210938,7878900,0.0,0.0
2015-01-02,585.0374199484481,609.7573109321854,585.0374199484481,605.6373291015625,20572700,0.0,0.0
2015-01-02,605.6372816755965,617.9972261995882,597.397318659602,609.7572631835938,25607200,0.0,0.0
2015-01-02,626.2371629284274,642.7170882686493,609.7572375882057,638.5971069335938,38715400,0.0,0.0
2015-01-02,638.5971069335938,638.5971069335938,638.5971069335938,638.5971069335938,0,0.0,0.0
2015-01-02,638.5971892507453,642.7171711168792,609.7573161878084,626.2372436523438,13170300,0.0,0.0
2015-01-02,659.1970198675497,659.1970198675497,609.7572433774834,622.1171875,9580700,0.0,0.0
2015-01-02,636.8966035189694,636.8966035189694,598.9358788059183,615.8073120117188,19697800,17.52,0.0
2015-01-02,615.8073489649767,624.2430660740858,607.3716318558673,620.0252075195312,12221200,0.0,0.0
2015-01-02,615.8073360048492,620.0251944706358,607.3716190732758,611.5894775390625,2016300,0.0,0.0
2015-01-02,611.589464307665,624.2430394312719,594.7180308095225,603.1537475585938,16924700,0.0,0.0
2015-01-02,603.1537371073684,615.8073120117188,598.9358788059183,615.8073120117188,20769400,0.0,0.0
2015-01-02,615.8072984483507,615.8072984483507,603.1537238226997,607.37158203125,3306000,0.0,0.0
2015-01-02,598.9358891840582,615.8073226822006,565.1930221877732,603.1537475585938,7882300,0.0,0.0
2015-01-02,603.1537475585938,611.589464307665,598.9358891840582,603.1537475585938,2872600,0.0,0.0
2015-01-02,603.153783125843,607.3716417491007,586.2823486328125,586.2823486328125,5470000,0.0,0.0
2015-01-02,586.2823486328125,594.7180658793278,577.8466313862972,586.2823486328125,4699900,0.0,0.0
2015-01-02,582.0644900095548,594.7180658793278,582.0644900095548,586.2823486328125,2096600,0.0,0.0
2015-01-02,586.2823603012982,586.2823603012982,556.7573493508731,573.6287841796875,10137000,0.0,0.0
2015-01-02,569.4108276367188,577.8465436017071,560.9751116717304,569.4108276367188,2397000,0.0,0.0
2015-01-02,573.6287841796875,586.2823603012982,565.1930667652803,573.6287841796875,9454500,0.0,0.0
2015-01-02,573.628685619213,573.628685619213,565.1929696542245,569.4108276367188,4384000,0.0,0.0
2015-01-02,569.4108753634575,586.28230870756,556.7573003553807,560.9751586914062,16412100,0.0,0.0
2015-01-02,565.1929696542245,569.4108276367188,560.9751116717304,569.4108276367188,5476500,0.0,0.0
2015-01-02,569.4109263318651,603.15379604042,565.1930676182957,594.7180786132812,27137500,0.0,0.0
2015-01-02,594.7180786132812,594.7180786132812,594.7180786132812,594.7180786132812,0,0.0,0.0
2015-01-02,607.37158203125,628.4608730740017,590.5001491970486,607.37158203125,11296200,0.0,0.0
2015-01-02,607.37158203125,607.37158203125,607.37158203125,607.37158203125,0,0.0,0.0
2015-01-02,607.37158203125,607.37158203125,607.37158203125,607.37158203125,0,0.0,0.0
2015-01-02,607.37158203125,607.37158203125,607.37158203125,607.37158203125,0,0.0,0.0
2015-01-02,607.37158203125,607.37158203125,607.37158203125,607.37158203125,0,0.0,0.0
2015-01-02,607.37158203125,607.37158203125,607.37158203125,607.37158203125,0,0.0,0.0
2015-01-02,628.4609246286406,632.6787831831952,607.3716318558673,620.0252075195312,6876400,0.0,0.0
2015-01-02,620.0252075195312,620.0252075195312,598.935914746758,620.0252075195312,8666700,0.0,0.0
2015-01-02,636.8965894911024,636.8965894911024,603.1537238226997,607.37158203125,18182900,0.0,0.0
2015-01-02,607.3716190732758,615.8073360048492,603.1537606074893,611.5894775390625,10825200,0.0,0.0
2015-01-02,611.5894263898822,611.5894263898822,598.9358520507812,598.9358520507812,7836200,0.0,0.0
2015-01-02,598.9358656141493,615.8072984483507,598.9358656141493,607.37158203125,17094300,0.0,0.0
2015-01-02,607.3716190732758,611.5894775390625,603.1537606074893,611.5894775390625,13670200,0.0,0.0
2015-01-02,624.2430148654514,632.6787312825521,598.9358656141493,607.37158203125,6989400,0.0,0.0
2015-01-02,573.6287163628473,620.0251566569011,573.6287163628473,607.37158203125,8735900,0.0,0.0
2015-01-02,607.3716190732758,615.8073360048492,603.1537606074893,611.5894775390625,3015400,0.0,0.0
2015-01-02,611.5894402398004,620.0251566569011,598.9358656141493,607.37158203125,2945200,0.0,0.0
2015-01-02,611.5894263898822,611.5894263898822,590.5001358247139,598.9358520507812,8099300,0.0,0.0
2015-01-02,598.9358656141493,611.5894402398004,598.9358656141493,607.37158203125,4787000,0.0,0.0
2015-01-02,607.3716547539893,615.8073721811281,594.7180786132812,594.7180786132812,2399400,0.0,0.0
2015-01-02,594.7180786132812,603.15379604042,586.2823611861426,594.7180786132812,7233200,0.0,0.0
2015-01-02,590.5001491970486,607.37158203125,590.5001491970486,607.37158203125,4662500,0.0,0.0
2015-01-02,607.37158203125,615.8072984483507,598.9358656141493,607.37158203125,5065800,0.0,0.0
2015-01-02,607.3716454443993,674.8573838271103,607.3716454443993,649.5502319335938,34309000,0.0,0.0
2015-01-02,649.5501607907046,670.6394517254677,649.5501607907046,662.2037353515625,7701700,0.0,0.0
2015-01-02,662.2037833921371,666.4216418850807,645.3323494203629,653.76806640625,8710300,0.0,0.0
2015-01-02,653.76806640625,670.6395003780242,649.5502079133065,653.76806640625,4743300,0.0,0.0
2015-01-02,653.7679997543615,695.9465803836753,649.5501416914302,687.5108642578125,27699500,0.0,0.0
2015-01-02,691.7287703804348,691.7287703804348,666.4216202445651,679.0751953125,10176800,0.0,0.0
2015-01-02,679.0751579284668,683.2930160522461,670.6394416809081,674.8572998046875,6924900,0.0,0.0
2015-01-02,674.8573452818628,687.5109205058976,641.1144780177696,645.3323364257812,13401700,0.0,0.0
2015-01-02,653.7681398893658,666.4217167904503,628.4609860871968,641.1145629882812,10970600,0.0,0.0
2015-01-02,641.1144889322917,645.3323474121094,620.0251965332031,632.6787719726562,8780800,0.0,0.0
2015-01-02,636.8966304524739,636.8966304524739,624.2430550130208,632.6787719726562,2062000,0.0,0.0
2015-01-02,645.3323026037519,666.4215935385151,632.678728042894,662.2037353515625,11070300,0.0,0.0
2015-01-02,662.2038078803521,666.4216665292715,636.8966559868354,649.5502319335938,7046400,0.0,0.0
2015-01-02,657.985834993274,657.985834993274,636.8965454101562,636.8965454101562,2249200,0.0,0.0
2015-01-02,670.6395757574785,670.6395757574785,632.6788450542249,641.1145629882812,7166700,0.0,0.0
2015-01-02,653.7679818960337,657.98583984375,641.1144080528846,657.98583984375,6308800,0.0,0.0
2015-01-02,670.6395757574785,670.6395757574785,632.6788450542249,641.1145629882812,10711100,0.0,0.0
2015-01-02,641.1144080528846,662.2036977914664,636.8965501051683,657.98583984375,3959300,0.0,0.0
2015-01-02,670.6395757574785,670.6395757574785,641.1145629882812,641.1145629882812,3187700,0.0,0.0
2015-01-02,641.114475559544,645.332333951383,624.2430419921875,624.2430419921875,3653600,0.0,0.0
2015-01-02,653.7680759559684,653.7680759559684,620.0252075195312,620.0252075195312,6149400,0.0,0.0
2015-01-02,645.3322912941516,645.3322912941516,586.2822777116802,598.9358520507812,10668300,0.0,0.0
2015-01-02,598.9358237446219,603.1536816583164,565.1929604350656,582.0643920898438,10212700,0.0,0.0
2015-01-02,577.8465436017071,590.5001175491898,552.5393957067419,569.4108276367188,16568000,0.0,0.0
2015-01-02,577.8466313862972,598.9359245025854,573.6287727630396,586.2823486328125,7476400,0.0,0.0
2015-01-02,586.2823039015678,615.8073120117188,582.0644456001178,615.8073120117188,9768800,0.0,0.0
2015-01-02,615.8073120117188,628.4608869160692,611.5894537102687,615.8073120117188,7043800,0.0,0.0
2015-01-02,615.8073380533854,632.6787719726562,615.8073380533854,632.6787719726562,5241500,0.0,0.0
2015-01-02,632.6787587758657,641.114475559544,620.0251836003484,624.2430419921875,6230500,0.0,0.0
2015-01-02,628.4609375,641.1145134228188,624.2430788590605,628.4609375,7189900,0.0,0.0
2015-01-02,620.0251965332031,636.8966304524739,603.1537626139323,632.6787719726562,4998000,0.0,0.0
2015-01-02,632.6788450542249,645.3324219553094,628.4609860871968,641.1145629882812,8957700,0.0,0.0
2015-01-02,641.1145002923045,645.332358846859,620.0252075195312,620.0252075195312,5836900,0.0,0.0
2015-01-02,632.6787169550506,632.6787169550506,586.2822777116802,598.9358520507812,59485700,0.0,0.0
2015-01-02,607.3716442953021,645.3323720637584,590.5002097315437,628.4609375,32765900,0.0,0.0
2015-01-02,632.6787698679957,653.7680621969289,607.3716190732758,611.5894775390625,69413300,0.0,0.0
2015-01-02,628.460911402209,628.460911402209,611.5894775390625,611.5894775390625,42451500,0.0,0.0
2015-01-02,628.4608588420169,628.4608588420169,586.2822777116802,598.9358520507812,46152600,0.0,0.0
2015-01-02,628.4609483218362,628.4609483218362,586.2823611861426,594.7180786132812,15082900,0.0,0.0
2015-01-02,603.153783125843,603.153783125843,577.8466313862972,586.2823486328125,18080800,0.0,0.0
2015-01-02,607.37158203125,657.9858805338542,586.2822909884983,607.37158203125,106464200,0.0,0.0
2015-01-02,620.0252308946975,620.0252308946975,590.5002198997119,594.7180786132812,44058900,0.0,0.0
2015-01-02,594.717975531684,598.9358335141783,569.4108276367188,569.4108276367188,40355300,0.0,0.0
2015-01-02,590.5001175491898,590.5001175491898,565.1929696542245,569.4108276367188,38146300,0.0,0.0
2015-01-02,569.4108276367188,577.8465436017071,556.7572536892361,569.4108276367188,87798400,0.0,0.0
2015-01-02,577.8467318021334,577.8467318021334,544.1038569523738,548.3217163085938,57571600,0.0,0.0
2015-01-02,569.4108753634575,569.4108753634575,548.3215836833294,560.9751586914062,33840400,0.0,0.0
2015-01-02,565.1930430614165,577.8466186523438,556.7573260007983,577.8466186523438,25219000,0.0,0.0
2015-01-02,582.0644069881889,582.0644069881889,523.0143946850394,535.66796875,137444600,0.0,0.0
2015-01-02,539.8858406007752,565.1929893789365,535.6679824710817,544.1036987304688,111896600,0.0,0.0
2015-01-02,552.5393767356873,552.5393767356873,527.2322297096252,539.8858032226562,75064300,0.0,0.0
2015-01-02,544.1037624002361,586.2823486328125,544.1037624002361,586.2823486328125,261149900,0.0,0.0
2015-01-02,586.28230870756,586.28230870756,560.9751586914062,560.9751586914062,61452900,0.0,0.0
2015-01-02,569.4109245475012,582.0645006485568,548.3216310457419,552.5394897460938,100910600,0.0,0.0
2015-01-02,552.5395262747099,560.9752442331026,548.3216672955137,556.7573852539062,36373200,0.0,0.0
2015-01-02,560.9752943772536,560.9752943772536,539.8859975961539,548.3217163085938,24932500,0.0,0.0
2015-01-02,539.8858406007752,556.7572731195494,539.8858406007752,544.1036987304688,16603600,0.0,0.0
2015-01-02,544.1036987304688,556.7572731195494,539.8858406007752,544.1036987304688,16145200,0.0,0.0
2015-01-02,548.3215428149606,552.5394008366142,535.66796875,535.66796875,32196600,0.0,0.0
2015-01-02,539.8858032226562,544.1036610603333,535.6679453849792,539.8858032226562,10514500,0.0,0.0
2015-01-02,544.1038083163174,560.9752442331026,544.1038083163174,556.7573852539062,51360100,0.0,0.0
2015-01-02,560.9752442331026,560.9752442331026,548.3216672955137,556.7573852539062,28460600,0.0,0.0
2015-01-02,560.9752071467975,560.9752071467975,544.1037723453901,552.5394897460938,15268900,0.0,0.0
2015-01-02,552.5394149898559,556.7572731195494,544.1036987304688,544.1036987304688,29897700,0.0,0.0
2015-01-02,539.8858996975807,548.3216168803554,523.0144653320312,523.0144653320312,111031300,0.0,0.0
2015-01-02,523.0143282530737,531.4500432248975,514.57861328125,514.57861328125,33895600,0.0,0.0
2015-01-02,514.57861328125,523.0143282530737,506.1428983094262,514.57861328125,29432600,0.0,0.0
2015-01-02,514.5787720719004,523.0144896468496,514.5787720719004,518.796630859375,19855900,0.0,0.0
2015-01-02,518.7965596516927,531.4501342773438,514.5787014431423,531.4501342773438,18620100,0.0,0.0
2015-01-02,535.66796875,544.1036847933071,527.2322527066929,535.66796875,32612700,0.0,0.0
2015-01-02,535.66796875,548.3215428149606,531.4501107283464,535.66796875,12398700,0.0,0.0
2015-01-02,535.6679824710817,548.3215568601623,535.6679824710817,544.1036987304688,33787400,0.0,0.0
2015-01-02,544.1037723453901,552.5394897460938,539.8859136450382,552.5394897460938,9963900,0.0,0.0
2015-01-02,556.7573484464456,565.1930658471493,544.1037723453901,552.5394897460938,44333100,0.0,0.0
2015-01-02,560.9752071467975,560.9752071467975,548.3216310457419,552.5394897460938,18846900,0.0,0.0
2015-01-02,552.5394897460938,556.7573484464456,548.3216310457419,552.5394897460938,13375900,0.0,0.0
2015-01-02,552.5393590215427,565.1929321289062,544.1036436166337,565.1929321289062,51090300,0.0,0.0
2015-01-02,565.1931032122988,565.1931032122988,552.5395262747099,556.7573852539062,8248100,0.0,0.0
2015-01-02,556.7573852539062,560.9752442331026,548.3216672955137,556.7573852539062,24936400,0.0,0.0
2015-01-02,556.7573852539062,560.9752442331026,552.5395262747099,556.7573852539062,8336400,0.0,0.0
2015-01-02,590.5002180492605,590.5002180492605,548.3216310457419,552.5394897460938,11028600,0.0,0.0
2015-01-02,552.5394149898559,560.975131249243,535.6679824710817,544.1036987304688,14509300,0.0,0.0
2015-01-02,544.1038569523738,552.5395756648137,539.8859975961539,548.3217163085938,11435800,0.0,0.0
2015-01-02,548.3216672955137,556.7573852539062,548.3216672955137,556.7573852539062,16222600,0.0,0.0
2015-01-02,556.7573852539062,556.7573852539062,548.3216672955137,556.7573852539062,16758100,0.0,0.0
2015-01-02,556.7573852539062,556.7573852539062,552.5395262747099,556.7573852539062,40608200,0.0,0.0
2015-01-02,565.1931537334735,565.1931537334735,544.1038569523738,548.3217163085938,43510000,0.0,0.0
2015-01-02,548.3215188980103,552.5393767356873,539.8858032226562,539.8858032226562,41921300,0.0,0.0
2015-01-02,544.1037089029949,548.3215671115452,531.4501342773438,531.4501342773438,21109500,0.0,0.0
2015-01-02,531.4501962443345,556.7573484464456,531.4501962443345,552.5394897460938,43023500,0.0,0.0
2015-01-02,552.5394754717427,552.5394754717427,523.0144653320312,523.0144653320312,19581400,0.0,0.0
2015-01-02,523.014408082001,548.3215568601623,523.014408082001,544.1036987304688,28741200,0.0,0.0
2015-01-02,544.1038569523738,552.5395756648137,539.8859975961539,548.3217163085938,27061200,0.0,0.0
2015-01-02,552.5395262747099,556.7573852539062,548.3216672955137,556.7573852539062,35027000,0.0,0.0
2015-01-02,556.7573852539062,560.9752442331026,552.5395262747099,556.7573852539062,22992700,0.0,0.0
2015-01-02,560.9752442331026,560.9752442331026,548.3216672955137,556.7573852539062,21038000,0.0,0.0
2015-01-02,556.7572167239972,565.1929321289062,552.5393590215427,565.1929321289062,25561900,0.0,0.0
2015-01-02,560.9751586914062,569.4108753634575,552.5394420193551,560.9751586914062,31831900,0.0,0.0
2015-01-02,560.9752442331026,565.1931032122988,552.5395262747099,556.7573852539062,35270000,0.0,0.0
2015-01-02,552.5393590215427,565.1929321289062,548.3215013190882,565.1929321289062,39708300,0.0,0.0
2015-01-02,565.1930430614165,577.8466186523438,556.7573260007983,577.8466186523438,52797200,0.0,0.0
2015-01-02,577.8466801498876,582.0645391290839,548.3216672955137,556.7573852539062,41955700,0.0,0.0
2015-01-02,556.7572167239972,569.4107898313608,552.5393590215427,565.1929321289062,35805800,0.0,0.0
2015-01-02,565.1930430614165,577.8466186523438,560.9751845311074,577.8466186523438,41688200,0.0,0.0
2015-01-02,577.8465996819574,624.2430419921875,573.6287412901182,624.2430419921875,104425200,0.0,0.0
2015-01-02,624.2430007289832,624.2430007289832,577.8465614856128,598.9358520507812,50966200,0.0,0.0
2015-01-02,598.9358788059183,620.0251703131689,594.7180205044681,615.8073120117188,48779900,0.0,0.0
2015-01-02,615.8074091861123,641.1145629882812,607.3716912520559,641.1145629882812,83168000,0.0,0.0
2015-01-02,641.1145134228188,641.1145134228188,624.2430788590605,628.4609375,65038700,0.0,0.0
2015-01-02,632.6787719726562,636.8966304524739,620.0251965332031,632.6787719726562,61483000,0.0,0.0
2015-01-02,632.6787587758657,636.8966171677048,615.8073252085093,624.2430419921875,53537300,0.0,0.0
2015-01-02,624.2430788590605,632.6787961409397,615.8073615771813,628.4609375,62120800,0.0,0.0
2015-01-02,636.8966417377497,636.8966417377497,615.8073489649767,620.0252075195312,68965800,0.0,0.0
2015-01-02,620.0251965332031,636.8966304524739,620.0251965332031,632.6787719726562,67284600,0.0,0.0
2015-01-02,632.6787587758657,632.6787587758657,615.8073252085093,624.2430419921875,59938600,0.0,0.0
2015-01-02,624.2430419921875,628.4609003840267,615.8073252085093,624.2430419921875,65932700,0.0,0.0
2015-01-02,624.2430788590605,628.4609375,615.8073615771813,628.4609375,66603400,0.0,0.0
2015-01-02,633.5633597468698,642.0675659179688,625.0591535757709,642.0675659179688,65783300,6.0,0.0
2015-01-02,650.5718920406879,650.5718920406879,595.2945417365772,633.5634765625,47731600,0.0,0.0
2015-01-02,620.8071137471916,654.8239418977226,620.8071137471916,650.5718383789062,86315900,0.0,0.0
2015-01-02,650.5718383789062,659.076045416539,642.0676313412735,650.5718383789062,41462900,0.0,0.0
2015-01-02,650.5718383789062,654.8239418977226,642.0676313412735,650.5718383789062,44892100,0.0,0.0
2015-01-02,650.5718149038461,667.5802283653846,642.0676081730769,663.328125,78766200,0.0,0.0
2015-01-02,663.328097009355,667.5802001953125,654.8238906374403,667.5802001953125,38322300,0.0,0.0
2015-01-02,667.5802001953125,676.0844065672272,663.328097009355,667.5802001953125,58700200,0.0,0.0
2015-01-02,667.5802100519217,693.0928295443517,663.3281068031832,684.588623046875,82290300,0.0,0.0
2015-01-02,680.3365478515625,688.840754699707,663.3281341552735,680.3365478515625,59838700,0.0,0.0
2015-01-02,684.588623046875,684.588623046875,667.5802100519217,684.588623046875,46687100,0.0,0.0
2015-01-02,684.5886512756348,693.0928581237793,671.8323410034179,680.3365478515625,55894900,0.0,0.0
2015-01-02,680.3364647239264,701.5969792465492,680.3364647239264,693.0927734375,79490300,0.0,0.0
2015-01-02,693.0928581237793,693.0928581237793,671.8323410034179,680.3365478515625,67101500,0.0,0.0
2015-01-02,688.8409078346109,688.8409078346109,667.5803859878636,676.0845947265625,61963200,0.0,0.0
2015-01-02,676.0845626637905,680.3366668314874,667.580354328397,671.8324584960938,41840800,0.0,0.0
2015-01-02,676.0845947265625,680.336699095912,663.3282816185142,676.0845947265625,47134700,0.0,0.0
2015-01-02,676.0844444274902,680.3365478515625,663.3281341552735,680.3365478515625,45178800,0.0,0.0
2015-01-02,680.3365097531847,680.3365097531847,663.328097009355,667.5802001953125,46757800,0.0,0.0
2015-01-02,667.5802001953125,676.0844065672272,654.8238906374403,667.5802001953125,44839300,0.0,0.0
2015-01-02,671.8323033812699,688.8407161250994,663.328097009355,667.5802001953125,53554200,0.0,0.0
2015-01-02,667.5802001953125,671.8323033812699,659.0759938233977,667.5802001953125,41779300,0.0,0.0
2015-01-02,667.5802375793456,684.5886512756348,654.8239273071289,680.3365478515625,85773100,0.0,0.0
2015-01-02,680.3365610881025,710.1012856357069,676.0844575813018,705.8491821289062,118514900,0.0,0.0
2015-01-02,705.8491821289062,705.8491821289062,697.344975115305,705.8491821289062,65849400,0.0,0.0
2015-01-02,705.8492720170455,718.6055841619318,693.0929598721591,701.59716796875,50246500,0.0,0.0
2015-01-02,701.5970829554966,714.3533935546875,671.8323582240513,714.3533935546875,99659900,0.0,0.0
2015-01-02,714.3534581801471,731.3618738511029,697.3450425091912,722.857666015625,186080700,0.0,0.0
2015-01-02,727.1097372382351,731.3618409647744,710.1013223320775,718.6055297851562,58417900,0.0,0.0
2015-01-02,718.6054970877511,722.8576006208147,705.8491864885602,714.3533935546875,44578000,0.0,0.0
2015-01-02,714.353426058617,718.6055297851562,701.5971148789987,718.6055297851562,82272600,0.0,0.0
2015-01-02,718.6054926493082,718.6054926493082,705.8491821289062,705.8491821289062,57104100,0.0,0.0
2015-01-02,705.8492503446691,722.857666015625,693.0929385914523,722.857666015625,62938400,0.0,0.0
2015-01-02,722.857637461166,727.1097412109375,714.3534299616227,727.1097412109375,65455300,0.0,0.0
2015-01-02,727.109769933364,727.109769933364,718.605562097886,722.857666015625,43418800,0.0,0.0
2015-01-02,722.8576174649326,748.3702392578125,718.6055138327858,748.3702392578125,141044800,0.0,0.0
2015-01-02,744.1181640625,744.1181640625,735.6139564732142,744.1181640625,261666700,0.0,0.0
2015-01-02,739.866060267857,748.3702678571428,739.866060267857,744.1181640625,39289200,0.0,0.0
2015-01-02,744.1181437174479,765.378662109375,739.8660400390625,765.378662109375,99392400,0.0,0.0
2015-01-02,765.3787197155899,765.3787197155899,731.3618877282304,756.87451171875,64689100,0.0,0.0
2015-01-02,756.8744793045992,756.8744793045992,735.6139602230094,752.6223754882812,53166700,0.0,0.0
2015-01-02,752.6223428899592,752.6223428899592,739.8660319935192,748.3702392578125,49214300,0.0,0.0
2015-01-02,748.3702678571428,748.3702678571428,735.6139564732142,744.1181640625,51377600,0.0,0.0
2015-01-02,744.1181640625,752.6223716517857,731.3618526785714,744.1181640625,40218700,0.0,0.0
2015-01-02,748.3702392578125,752.6223428899592,731.3618247292259,748.3702392578125,58907100,0.0,0.0
2015-01-02,748.3703556504361,752.6224599439045,727.1098341830941,731.3619384765625,74539000,0.0,0.0
2015-01-02,731.3617881819002,739.8659950212246,714.3533745032514,735.6138916015625,91610300,0.0,0.0
2015-01-02,731.3617602819684,739.865966796875,727.1096570245151,739.865966796875,68709500,0.0,0.0
2015-01-02,739.8660524602521,739.8660524602521,714.3534299616227,727.1097412109375,80639300,0.0,0.0
2015-01-02,727.109733170378,727.109733170378,697.3450072511228,710.101318359375,80444400,0.0,0.0
2015-01-02,705.8491392905668,705.8491392905668,659.0760035544449,684.588623046875,91048400,0.0,0.0
2015-01-02,684.588623046875,701.5970360418285,667.5802100519217,684.588623046875,98564100,0.0,0.0
2015-01-02,684.5886961428705,710.101318359375,676.084488737369,710.101318359375,127074600,0.0,0.0
2015-01-02,705.8492224620796,731.361844960709,701.5971187123081,727.1097412109375,118679700,0.0,0.0
2015-01-02,727.1098341830941,731.3619384765625,718.6056255961573,731.3619384765625,90968300,0.0,0.0
2015-01-02,722.8576006208147,731.3618076869419,705.8491864885602,714.3533935546875,88758700,0.0,0.0
2015-01-02,688.8408044592127,688.8408044592127,633.5634559532265,654.823974609375,62027000,0.0,0.0
2015-01-02,637.8155320690524,688.8407746345766,633.5634285219254,659.0760498046875,85411700,0.0,0.0
2015-01-02,654.8239418977226,667.5802524541718,637.8155278224572,650.5718383789062,86460300,0.0,0.0
2015-01-02,629.3113318549263,650.571849822998,608.0508138868544,612.3029174804688,70193400,0.0,0.0
2015-01-02,595.2944926342933,654.8239418977226,569.781871521395,650.5718383789062,90336500,0.0,0.0
2015-01-02,646.3197115384615,650.5718149038461,608.05078125,608.05078125,66754800,0.0,0.0
2015-01-02,595.2945749383223,603.798783151727,565.5298461914062,565.5298461914062,38793700,0.0,0.0
2015-01-02,565.5297376844618,582.5381508479043,527.2608080667162,535.7650146484375,137917100,0.0,0.0
2015-01-02,527.2608245849609,535.7650314331055,501.74820404052736,510.2524108886719,120504200,0.0,0.0
2015-01-02,527.2608080667162,637.8154936290922,488.99187844897074,535.7650146484375,96428500,0.0,0.0
2015-01-02,501.74822998046875,561.2776809951006,501.74822998046875,501.74822998046875,86676200,0.0,0.0
2015-01-02,501.74818832155256,548.5213245210193,501.74818832155256,535.7650146484375,85986900,0.0,0.0
2015-01-02,548.5214632819681,591.0425069472369,548.5214632819681,578.2861938476562,181372100,0.0,0.0
2015-01-02,595.2946113137638,646.3198637120864,569.7819851146025,578.2861938476562,91143800,0.0,0.0
2015-01-02,569.7818757304996,574.0339792807272,540.0171508789062,540.0171508789062,117900300,0.0,0.0
2015-01-02,557.0255818684896,591.042411295573,548.5213745117187,574.0339965820312,95912100,0.0,0.0
2015-01-02,574.0340510943464,578.2861551765267,544.269322519084,557.025634765625,62946100,0.0,0.0
2015-01-02,569.7819502981085,569.7819502981085,552.7735338712993,565.5298461914062,67787200,0.0,0.0
2015-01-02,569.7818557276871,569.7818557276871,548.5213387229226,561.2776489257812,121947000,0.0,0.0
2015-01-02,565.5297475961538,612.3028846153846,552.7734375,608.05078125,159416100,0.0,0.0
2015-01-02,616.5550210740831,637.8155390421549,586.7902959187826,612.3029174804688,91029700,0.0,0.0
2015-01-02,608.0508302563298,608.0508302563298,574.03400059164,582.5382080078125,82898200,0.0,0.0
2015-01-02,595.29443359375,612.3028459821429,565.5297119140625,595.29443359375,90940500,0.0,0.0
2015-01-02,603.7986013051626,637.815423913904,569.781778696421,629.3112182617188,52642800,0.0,0.0
2015-01-02,633.563551033068,680.336699095912,629.3114466637186,676.0845947265625,74304200,0.0,0.0
2015-01-02,680.3365197981367,714.3533457880435,667.5802100519217,684.588623046875,84480800,0.0,0.0
2015-01-02,684.5887164834105,705.8492356288581,676.0845088252315,688.8408203125,109319000,0.0,0.0
2015-01-02,688.8407884077593,761.1265501542525,684.5886847756126,748.3702392578125,125781400,0.0,0.0
2015-01-02,752.6224077203301,761.1266157171699,722.8576797313905,756.87451171875,124691600,0.0,0.0
2015-01-02,752.6223754882812,773.8828945698712,731.3618564066913,752.6223754882812,155218500,0.0,0.0
2015-01-02,744.1181678556453,761.1265831209172,739.8660640393273,752.6223754882812,132561200,0.0,0.0
2015-01-02,752.6223428899592,756.8744465221058,744.1181356256659,748.3702392578125,73619300,0.0,0.0
2015-01-02,752.6223754882812,756.8744793045992,739.8660640393273,752.6223754882812,72663900,0.0,0.0
2015-01-02,752.6223052802113,756.8744086998736,735.6138916015625,735.6138916015625,76852500,0.0,0.0
2015-01-02,735.6139283613726,752.6223428899592,731.3618247292259,748.3702392578125,77335500,0.0,0.0
2015-01-02,748.3702473958333,790.8912841796874,744.1181437174479,765.378662109375,163187800,0.0,0.0
2015-01-02,769.6307657877604,782.3870768229167,761.1265584309896,765.378662109375,91879800,0.0,0.0
2015-01-02,756.8744547526042,803.6475952148437,752.6223510742187,765.378662109375,79552500,0.0,0.0
2015-01-02,765.3786293754364,778.134939865027,752.6223188858459,761.1265258789062,84491900,0.0,0.0
2015-01-02,761.1265501542525,765.3786537863991,744.1181356256659,748.3702392578125,87061500,0.0,0.0
2015-01-02,752.6223754882812,761.1265831209172,739.8660640393273,752.6223754882812,78551100,0.0,0.0
2015-01-02,756.8744465221058,756.8744465221058,739.8660319935192,748.3702392578125,83125600,0.0,0.0
2015-01-02,748.3702392578125,748.3702392578125,735.6139283613726,748.3702392578125,91483100,0.0,0.0
2015-01-02,735.6139487104806,735.6139487104806,710.1013262118512,727.1097412109375,80405800,0.0,0.0
2015-01-02,722.8576335116957,722.8576335116957,714.353426058617,718.6055297851562,51896200,0.0,0.0
2015-01-02,734.1220561182777,755.8416435773983,712.402468659157,747.15380859375,103604700,17.86,0.0
2015-01-02,747.1537221844277,781.9050580999824,747.1537221844277,773.2172241210938,77114300,0.0,0.0
2015-01-02,777.5611005272369,799.280684340847,768.873267001793,794.936767578125,124895500,0.0,0.0
2015-01-02,799.28076171875,799.28076171875,786.2490101689878,799.28076171875,75875400,0.0,0.0
2015-01-02,799.2807932207662,821.0003799930696,786.2490411573841,807.9686279296875,87073800,0.0,0.0
2015-01-02,807.9685701069079,825.34423828125,803.6246530633224,825.34423828125,88097900,0.0,0.0
2015-01-02,825.3441558013091,847.063738848712,794.9367395349451,803.6245727539062,80436300,0.0,0.0
2015-01-02,803.6246686206438,834.0320885143979,786.2490001099271,829.6881713867188,86274800,0.0,0.0
2015-01-02,829.6880983962227,873.1272658515222,821.0002649051627,842.7198486328125,69828900,0.0,0.0
2015-01-02,842.7199157110535,881.8151695327003,838.3759986197595,877.4712524414062,174904700,0.0,0.0
2015-01-02,877.4712683766934,899.1908542276017,864.4395168661484,881.815185546875,186890800,0.0,0.0
2015-01-02,881.8152210790786,925.25439453125,868.7834690434272,925.25439453125,158227200,0.0,0.0
2015-01-02,933.9422577936292,942.630092749849,881.8152480563103,899.19091796875,107740500,0.0,0.0
2015-01-02,899.1908542276017,903.5347713977833,873.1273512065118,881.815185546875,80475300,0.0,0.0
2015-01-02,881.8152150016518,886.1591323169309,860.0956284252566,873.1273803710938,93408200,0.0,0.0
2015-01-02,873.1273512065118,886.1591027170567,855.7516825257851,881.815185546875,88239100,0.0,0.0
2015-01-02,881.815185546875,881.815185546875,825.3442623345136,881.815185546875,59909500,0.0,0.0
2015-01-02,881.8151406680837,894.8468915153952,860.0955559225644,886.1590576171875,116443400,0.0,0.0
2015-01-02,890.5029745662914,903.5347254136029,877.4712237189798,886.1590576171875,128491600,0.0,0.0
2015-01-02,886.1591819907135,920.9105224609375,881.8152644319355,920.9105224609375,120465700,0.0,0.0
2015-01-02,920.9105053592995,920.9105053592995,890.5030830125302,899.19091796875,125177500,0.0,0.0
2015-01-02,899.1908409340869,907.8786751460103,886.1590896162015,894.846923828125,115859400,0.0,0.0
2015-01-02,894.846923828125,894.846923828125,881.8151725102397,894.846923828125,77369300,0.0,0.0
2015-01-02,894.84693705742,894.84693705742,873.1273512065118,881.815185546875,95784300,0.0,0.0
2015-01-02,886.1589294433594,890.5028457641602,864.4393478393555,868.7832641601562,112590700,0.0,0.0
2015-01-02,860.0955942007212,873.1273456280047,842.7199256310096,847.0638427734375,102618400,0.0,0.0
2015-01-02,851.4077937946984,873.1273803710938,842.7199591641403,873.1273803710938,77658600,0.0,0.0
2015-01-02,868.7833898207721,886.1590576171875,864.4394728716683,886.1590576171875,89348200,0.0,0.0
2015-01-02,890.5029745662914,894.8468915153952,877.4712237189798,886.1590576171875,131905500,0.0,0.0
2015-01-02,886.1590576171875,886.1590576171875,873.127306769876,886.1590576171875,91961000,0.0,0.0
2015-01-02,886.1591209998497,912.2226245586688,877.4712864802434,903.5347900390625,171393700,0.0,0.0
2015-01-02,903.5347665209289,946.9739379882812,894.8469322274584,946.9739379882812,215064300,0.0,0.0
2015-01-02,938.2861064189188,968.6935265343468,925.2543549408783,964.349609375,229391600,0.0,0.0
2015-01-02,968.6935399721747,968.6935399721747,942.6300366545377,951.31787109375,151508000,0.0,0.0
2015-01-02,938.286116914971,951.31786853879,929.5982824990916,933.9421997070312,160744700,0.0,0.0
2015-01-02,933.9422450555819,938.2861624744451,912.2226579612661,929.5983276367188,108704000,0.0,0.0
2015-01-02,929.598311876467,942.6300639121185,912.2226424955985,925.25439453125,97810300,0.0,0.0
2015-01-02,925.25439453125,933.9422292216842,920.9104771860328,925.25439453125,87699200,0.0,0.0
2015-01-02,920.9104771860328,929.598311876467,916.5665598408157,925.25439453125,67504200,0.0,0.0
2015-01-02,925.2543010982857,933.9421349114151,907.8786334720268,916.5664672851562,141687300,0.0,0.0
2015-01-02,916.5665598408157,929.598311876467,912.2226424955985,925.25439453125,85740000,0.0,0.0
2015-01-02,925.2543652911519,938.286116914971,920.9104480832123,933.9421997070312,165849000,0.0,0.0
2015-01-02,933.9422292216842,938.2861465669014,920.9104771860328,925.25439453125,138054900,0.0,0.0
2015-01-02,925.254380967882,942.6300500940393,920.9104636863426,938.2861328125,141829700,0.0,0.0
2015-01-02,933.9422155309607,942.6300500940393,920.9104636863426,938.2861328125,127706600,0.0,0.0
2015-01-02,938.2860751065341,973.0374112215909,933.942158092152,955.6617431640625,219594100,0.0,0.0
2015-01-02,951.3178390291979,955.6617561023907,929.5982536632345,942.6300048828125,80812600,0.0,0.0
2015-01-02,942.6300048828126,946.9739219560053,933.9421707364272,942.6300048828125,74463500,0.0,0.0
2015-01-02,942.6300500940393,955.6618019386574,938.2861328125,938.2861328125,122236700,0.0,0.0
2015-01-02,933.9421865480755,951.3178551350164,929.5982694013403,946.9739379882812,212208800,0.0,0.0
2015-01-02,955.661734022233,999.1009037505163,942.6299831037479,986.0691528320312,364808000,0.0,0.0
2015-01-02,994.7569704308975,1003.4448042337874,951.3178014164478,981.7252197265625,255141000,0.0,0.0
2015-01-02,981.725195522966,1016.4765298777613,973.0373619342672,1007.7886962890625,358096900,0.0,0.0
2015-01-02,1007.7886962890625,1007.7886962890625,986.0691123173154,1007.7886962890625,192702000,0.0,0.0
2015-01-02,1007.7888480808423,1025.1645178753397,990.4131782863451,999.1010131835938,273593900,0.0,0.0
2015-01-02,977.3813883463541,977.3813883463541,929.5982982494213,938.2861328125,1345931900,0.0,0.0
2015-01-02,938.2860878096199,951.3178390291979,929.5982536632345,942.6300048828125,338923100,0.0,0.0
2015-01-02,946.9739973121715,946.9739973121715,920.9104927989924,929.5983276367188,308705600,0.0,0.0
2015-01-02,929.5982694013403,951.3178551350164,925.254352254605,946.9739379882812,422196700,0.0,0.0
2015-01-02,929.5982606758192,929.5982606758192,881.8151725102397,894.846923828125,570422200,0.0,0.0
2015-01-02,894.8470004906401,903.5348354468599,881.8152480563103,899.19091796875,166018200,0.0,0.0
2015-01-02,899.1907996588974,920.9103841917209,890.5029658457679,916.5664672851562,300977400,0.0,0.0
2015-01-02,916.5664672851562,916.5664672851562,907.8786334720268,916.5664672851562,102812900,0.0,0.0
2015-01-02,916.5666049021595,929.5983575784935,916.5666049021595,920.9105224609375,187922600,0.0,0.0
2015-01-02,920.9104751513905,925.2543924870104,907.8787231445312,907.8787231445312,136528900,0.0,0.0
2015-01-02,907.8786588343179,912.2225758622333,881.8151566668255,890.5029907226562,164652100,0.0,0.0
2015-01-02,890.503038259653,903.5347900390625,890.503038259653,903.5347900390625,96250000,0.0,0.0
2015-01-02,907.8786423627068,907.8786423627068,886.1590576171875,886.1590576171875,71836200,0.0,0.0
2015-01-02,894.8470004906401,907.8787529249698,886.1591655344203,899.19091796875,169153400,0.0,0.0
2015-01-02,894.8470171082695,925.2544400197155,894.8470171082695,920.9105224609375,231374100,0.0,0.0
2015-01-02,929.5983575784935,929.5983575784935,916.5666049021595,920.9105224609375,90633600,0.0,0.0
2015-01-02,920.9104294549851,920.9104294549851,903.5347609747024,912.2225952148438,107926400,0.0,0.0
2015-01-02,903.5347418064025,907.8786588343179,886.1590736947409,890.5029907226562,90537000,0.0,0.0
2015-01-02,890.5030096144903,912.2225952148438,890.5030096144903,912.2225952148438,104927400,0.0,0.0
2015-01-02,912.2225952148438,912.2225952148438,899.1908438546317,912.2225952148438,103194800,0.0,0.0
2015-01-02,899.19091796875,907.8787529249698,890.5030830125302,899.19091796875,128057200,0.0,0.0
2015-01-02,886.1589866171078,894.8468198192363,851.4076538085938,851.4076538085938,183848000,0.0,0.0
2015-01-02,842.7199907533212,912.2226704030796,834.0321557971014,899.19091796875,213426500,0.0,0.0
2015-01-02,903.5348058089115,916.5665578157708,903.5348058089115,907.8787231445312,136760600,0.0,0.0
2015-01-02,907.8787072988657,912.2226245586688,899.1908727792593,903.5347900390625,136839200,0.0,0.0
2015-01-02,903.5347580400486,907.8786751460103,886.1590896162015,894.846923828125,119794000,0.0,0.0
2015-01-02,894.846923828125,894.846923828125,886.1590896162015,894.846923828125,100305900,0.0,0.0
2015-01-02,899.1908727792593,907.8787072988657,894.8469555194561,903.5347900390625,964389700,0.0,0.0
2015-01-02,899.1908247784871,899.1908247784871,890.5029907226562,890.5029907226562,95075500,0.0,0.0
2015-01-02,881.8151406680837,886.1590576171875,868.7833898207721,886.1590576171875,54854200,0.0,0.0
2015-01-02,894.8469208065826,894.8469208065826,860.0955840762299,877.4712524414062,110740900,0.0,0.0
2015-01-02,868.7834630558147,873.1273803710938,860.0956284252566,873.1273803710938,53663100,0.0,0.0
2015-01-02,873.127306769876,886.1590576171875,868.7833898207721,886.1590576171875,62997500,0.0,0.0
2015-01-02,886.1591655344203,907.8787529249698,886.1591655344203,899.19091796875,150888000,0.0,0.0
2015-01-02,899.19091796875,899.19091796875,890.5030830125302,899.19091796875,68526000,0.0,0.0
2015-01-02,899.19091796875,899.19091796875,881.8152480563103,899.19091796875,88583500,0.0,0.0
2015-01-02,899.1909346670475,920.9105224609375,894.8470171082695,920.9105224609375,122860100,0.0,0.0
2015-01-02,916.5665578157708,916.5665578157708,886.1591364664324,907.8787231445312,77547700,0.0,0.0
2015-01-02,907.8787529249698,907.8787529249698,890.5030830125302,899.19091796875,55325400,0.0,0.0
2015-01-02,899.19091796875,903.5348354468599,890.5030830125302,899.19091796875,68228700,0.0,0.0
2015-01-02,894.8469077505717,899.1908247784871,886.1590736947409,890.5029907226562,52563200,0.0,0.0
2015-01-02,894.8469077505717,899.1908247784871,886.1590736947409,890.5029907226562,89787600,0.0,0.0
2015-01-02,894.8469077505717,894.8469077505717,881.8151566668255,890.5029907226562,89526600,0.0,0.0
2015-01-02,894.846923828125,903.5347580400486,890.5030067221633,894.846923828125,114662700,0.0,0.0
2015-01-02,894.846923828125,899.1908409340869,886.1590896162015,894.846923828125,82123700,0.0,0.0
2015-01-02,894.846923828125,925.2543435698575,890.5030067221633,894.846923828125,343012500,0.0,0.0
2015-01-02,894.8468915153952,899.1908084644991,886.1590576171875,886.1590576171875,94473500,0.0,0.0
2015-01-02,890.5029907226562,894.8469077505717,881.8151566668255,890.5029907226562,51684900,0.0,0.0
2015-01-02,890.50304963221,890.50304963221,868.7834630558147,873.1273803710938,106829200,0.0,0.0
2015-01-02,868.7834630558147,877.4712976863728,864.4395457405356,873.1273803710938,63958300,0.0,0.0
2015-01-02,873.127180480957,881.8150131225586,864.4393478393555,868.7832641601562,45318500,0.0,0.0
2015-01-02,868.7832641601562,873.127180480957,860.0954315185547,868.7832641601562,33229200,0.0,0.0
2015-01-02,873.127180480957,873.127180480957,860.0954315185547,868.7832641601562,44784200,0.0,0.0
2015-01-02,864.4395751953125,868.7834926586055,860.0956577320195,864.4395751953125,104054900,0.0,0.0
2015-01-02,864.4395594741359,864.4395594741359,855.7517247055516,860.0956420898438,87928900,0.0,0.0
2015-01-02,860.0956420898438,864.4395594741359,855.7517247055516,860.0956420898438,58890000,0.0,0.0
2015-01-02,864.4395435933534,864.4395435933534,851.4077916798858,855.751708984375,49375400,0.0,0.0
2015-01-02,860.0956262888642,864.4395435933534,847.0638743753966,855.751708984375,96690500,0.0,0.0
2015-01-02,855.7517247055516,873.1273942427202,847.0638899369674,860.0956420898438,194072500,0.0,0.0
2015-01-02,860.0954315185547,873.127180480957,855.751515197754,868.7832641601562,105660700,0.0,0.0
2015-01-02,873.1273382983162,907.8786751460103,868.7834211923544,894.846923828125,282271300,0.0,0.0
2015-01-02,903.5348015780472,912.2226362086054,868.7834630558147,873.1273803710938,328384000,0.0,0.0
2015-01-02,894.8468198192363,899.1907364203006,838.375904005401,851.4076538085938,652056800,0.0,0.0
2015-01-02,860.0956420898438,873.1273942427202,855.7517247055516,860.0956420898438,219512700,0.0,0.0
2015-01-02,868.7834926586055,873.1274101218986,860.0956577320195,864.4395751953125,148403100,0.0,0.0
2015-01-02,868.7834630558147,877.4712976863728,864.4395457405356,873.1273803710938,157619500,0.0,0.0
2015-01-02,877.4712524414062,894.8469208065826,873.1273353501122,877.4712524414062,213942600,0.0,0.0
2015-01-02,877.4713305782004,903.5348354468599,877.4713305782004,899.19091796875,234313100,0.0,0.0
2015-01-02,899.1908727792593,916.566541818472,894.8469555194561,903.5347900390625,213326000,0.0,0.0
2015-01-02,907.8786751460103,907.8786751460103,894.846923828125,894.846923828125,105043900,0.0,0.0
2015-01-02,903.5348231235397,933.9422450555819,899.1909057046765,929.5983276367188,291234200,0.0,0.0
2015-01-02,929.5983098226301,929.5983098226301,903.5348058089115,907.8787231445312,233023200,0.0,0.0
2015-01-02,912.2226404801511,933.9422271582499,903.5348058089115,907.8787231445312,213330300,0.0,0.0
2015-01-02,912.2226136673329,938.286116914971,907.8786964593932,933.9421997070312,252496000,0.0,0.0
2015-01-02,938.2859765625,986.0690587022569,933.9420600043403,977.3812255859375,700879300,0.0,0.0
2015-01-02,981.7252916309932,990.4131260702054,933.9422022153253,951.31787109375,2374278200,0.0,0.0
2015-01-02,946.9738856311093,946.9738856311093,894.8468827523326,916.5664672851562,226218700,0.0,0.0
2015-01-02,916.5664672851562,929.5982180048504,907.8786334720268,916.5664672851562,213870600,0.0,0.0
2015-01-02,916.5666049021595,925.2544400197155,903.5348522258255,920.9105224609375,184817200,0.0,0.0
2015-01-02,920.9103841917209,920.9103841917209,907.8786334720268,916.5664672851562,74037400,0.0,0.0
2015-01-02,916.5664672851562,925.2543010982857,907.8786334720268,916.5664672851562,133426000,0.0,0.0
2015-01-02,916.566541818472,916.566541818472,899.1908727792593,903.5347900390625,148834200,0.0,0.0
2015-01-02,903.5347549891708,907.8786720804649,873.1273353501122,877.4712524414062,190881800,0.0,0.0
2015-01-02,877.4712683766934,890.5030198872383,860.0955996959668,881.815185546875,167489300,0.0,0.0
2015-01-02,890.5030799750707,890.5030799750707,864.4395751953125,864.4395751953125,150034600,0.0,0.0
2015-01-02,864.4395751953125,873.1274101218986,855.7517402687265,864.4395751953125,208798200,0.0,0.0
2015-01-02,869.6838693329782,874.054140033144,860.9433279326468,865.3135986328125,168435800,6.0,0.0
2015-01-02,869.6837472721022,874.0540173588967,852.2026669249242,856.5729370117188,169283200,0.0,0.0
2015-01-02,860.9432983398438,869.6838394397407,852.2027572399469,860.9432983398438,137314400,0.0,0.0
2015-01-02,860.9432648007232,900.2756982180151,860.9432648007232,882.7946166992188,227734400,0.0,0.0
2015-01-02,878.4242880909713,882.7945581809762,847.8323974609375,847.8323974609375,184894000,0.0,0.0
2015-01-02,856.5730929201749,865.3136346846665,821.6109258622085,843.4622802734375,154079400,0.0,0.0
2015-01-02,843.4622802734375,856.5730929201749,839.0920093911917,843.4622802734375,66509900,0.0,0.0
2015-01-02,852.2027587890625,869.683841020633,847.8324882311699,852.2027587890625,83563500,0.0,0.0
2015-01-02,852.202730178833,860.9432710011799,839.0919189453125,839.0919189453125,61154100,0.0,0.0
2015-01-02,852.2026675509424,856.5729376409472,834.721587190923,847.8323974609375,69788000,0.0,0.0
2015-01-02,847.8325511556833,852.2028220379291,839.0920093911917,843.4622802734375,122624300,0.0,0.0
2015-01-02,852.2028220379291,852.2028220379291,834.7217385089459,843.4622802734375,91805600,0.0,0.0
2015-01-02,843.462189356486,852.202730178833,839.0919189453125,839.0919189453125,72904600,0.0,0.0
2015-01-02,847.8325511556833,847.8325511556833,834.7217385089459,843.4622802734375,137786400,0.0,0.0
2015-01-02,843.4622802734375,847.8325511556833,825.9811967444543,843.4622802734375,126717700,0.0,0.0
2015-01-02,843.4622208360602,847.8324914103403,830.3514091132199,834.7216796875,112832100,0.0,0.0
2015-01-02,834.7216813021867,843.4622224676546,821.6108695539848,825.9811401367188,150277700,0.0,0.0
2015-01-02,830.3514107194527,830.3514107194527,821.6108695539848,825.9811401367188,88451900,0.0,0.0
2015-01-02,825.9811417686748,830.3514123600435,804.1297888118315,817.2406005859375,120660000,0.0,0.0
2015-01-02,817.240566889445,839.0919189453125,812.8702964782715,839.0919189453125,99610900,0.0,0.0
2015-01-02,843.462189356486,852.202730178833,825.981107711792,839.0919189453125,83402300,0.0,0.0
2015-01-02,843.4621267513353,856.5729370117188,834.7215865777463,856.5729370117188,98538900,0.0,0.0
2015-01-02,865.3135340073529,909.016237745098,865.3135340073529,891.53515625,346919500,0.0,0.0
2015-01-02,891.5350341796875,900.2755737304688,856.5728759765625,874.053955078125,134622700,0.0,0.0
2015-01-02,874.0540759398206,891.5351574586169,847.8324536616259,882.7946166992188,105195100,0.0,0.0
2015-01-02,887.1649823212744,891.5352531701476,865.313628076908,869.6838989257812,82400400,0.0,0.0
2015-01-02,874.0541099896891,878.4243805396376,847.8324866899984,860.9432983398438,70817900,0.0,0.0
2015-01-02,860.9432723195929,860.9432723195929,821.6108385587994,830.3513793945312,94147300,0.0,0.0
2015-01-02,839.0919189453125,852.202730178833,812.8702964782715,839.0919189453125,106347100,0.0,0.0
2015-01-02,834.7215865777463,869.6837472721022,821.6107763173628,856.5729370117188,69618300,0.0,0.0
2015-01-02,865.3135658378031,882.7946479759406,852.2027542342001,878.4243774414062,144367000,0.0,0.0
2015-01-02,891.535186023247,900.2757270626905,874.0541039443598,895.9054565429688,150888300,0.0,0.0
2015-01-02,895.9054254328163,904.6459661687462,887.1648846968864,900.2756958007812,55785200,0.0,0.0
2015-01-02,900.2756934756325,917.7567749023438,891.5351527622768,917.7567749023438,137610700,0.0,0.0
2015-01-02,930.8675545787358,935.2378247880257,909.0162035322867,922.1270141601562,101015900,0.0,0.0
2015-01-02,926.497319240196,930.8675896139706,891.53515625,891.53515625,67598700,0.0,0.0
2015-01-02,895.9054494458576,939.608154296875,882.7946379905524,939.608154296875,92580200,0.0,0.0
2015-01-02,939.608154296875,961.4595067223837,917.7568018713663,939.608154296875,140997400,0.0,0.0
2015-01-02,943.9784545898438,957.0892664591471,939.6081839667427,943.9784545898438,50901700,0.0,0.0
2015-01-02,948.3487588945129,957.0893004511445,922.1271342246187,930.86767578125,29818500,0.0,0.0
2015-01-02,930.8677074504349,939.6082493044295,909.0163528154482,926.4974365234375,39216200,0.0,0.0
2015-01-02,926.4973704486812,952.718994140625,926.4973704486812,952.718994140625,84464800,0.0,0.0
2015-01-02,952.718994140625,957.089264755949,935.2379116793292,952.718994140625,48987200,0.0,0.0
2015-01-02,957.0892280208907,1005.1622029443145,943.9784166781388,992.0513916015625,158731400,0.0,0.0
2015-01-02,992.0512987334153,1018.2729189642545,978.9404886179957,1013.9026489257812,121054100,0.0,0.0
2015-01-02,1018.2730712890625,1031.3838833657458,1000.7919885201516,1018.2730712890625,62985100,0.0,0.0
2015-01-02,1027.0134864902102,1066.3459178877074,1022.6432163349326,1053.235107421875,124604500,0.0,0.0
2015-01-02,1035.7541368808672,1105.678466796875,1027.0135956413662,1105.678466796875,293446300,0.0,0.0
2015-01-02,1114.4190150669642,1158.1217215401787,1061.9757672991072,1070.71630859375,176627400,0.0,0.0
2015-01-02,1075.0865792410714,1092.567661830357,1048.864955357143,1070.71630859375,72001500,0.0,0.0
2015-01-02,1070.716301838871,1105.678466796875,1035.7541368808672,1105.678466796875,131165300,0.0,0.0
2015-01-02,1110.0487151342975,1110.0487151342975,1044.4946571539256,1057.60546875,55063800,0.0,0.0
2015-01-02,1048.8647772606382,1048.8647772606382,1009.5323481133644,1027.013427734375,99016600,0.0,0.0
2015-01-02,1044.4945686436906,1053.2351089670688,1009.532407350178,1035.7540283203125,55655900,0.0,0.0
2015-01-02,1035.7541540579734,1035.7541540579734,996.4217178279239,1018.2730712890625,65249900,0.0,0.0
2015-01-02,1005.1620782081117,1044.4945073553856,996.4215383976064,1027.013427734375,56908800,0.0,0.0
2015-01-02,1035.7540534234818,1092.5675669024067,1035.7540534234818,1083.8270263671875,75516300,0.0,0.0
2015-01-02,1092.567731147032,1092.567731147032,1031.3839382027982,1044.4947509765625,34037100,0.0,0.0
2015-01-02,1044.4948236374628,1048.8650948660713,996.4218401227679,1009.5326538085938,72425800,0.0,0.0
2015-01-02,1005.1620795355902,1009.5323494466146,970.1999202473958,983.3107299804688,123950800,0.0,0.0
2015-01-02,992.0513902689172,1000.7919311523438,978.9405789437773,1000.7919311523438,57256900,0.0,0.0
2015-01-02,996.4217508067255,1005.1622924804688,970.2001257854959,1005.1622924804688,86962700,0.0,0.0
2015-01-02,996.4216968433277,996.4216968433277,952.7189908414274,970.2000732421875,94252800,0.0,0.0
2015-01-02,961.45947265625,970.2000133167613,943.9783913352272,961.45947265625,65221200,0.0,0.0
2015-01-02,961.45947265625,970.2000133167613,943.9783913352272,961.45947265625,54570600,0.0,0.0
2015-01-02,961.45947265625,974.570283647017,943.9783913352272,961.45947265625,30865700,0.0,0.0
2015-01-02,961.4596847603224,974.5704986434176,952.7191421715922,965.8299560546875,22971200,0.0,0.0
2015-01-02,965.8297429865056,992.0513649680397,957.0892023259943,961.45947265625,34606100,0.0,0.0
2015-01-02,970.2000133167613,970.2000133167613,948.348661665483,961.45947265625,38595900,0.0,0.0
2015-01-02,961.45947265625,965.8297429865056,926.4973100142046,961.45947265625,64144500,0.0,0.0
2015-01-02,961.45947265625,970.2000133167613,948.348661665483,961.45947265625,26929400,0.0,0.0
2015-01-02,961.45947265625,970.2000133167613,957.0892023259943,961.45947265625,39987300,0.0,0.0
2015-01-02,961.45947265625,970.2000133167613,957.0892023259943,961.45947265625,23020000,0.0,0.0
2015-01-02,961.4595038705764,965.8297743427155,948.3486924541595,957.0892333984375,27355600,0.0,0.0
2015-01-02,952.7189643262169,957.0892348047774,939.6081528905349,948.3486938476562,26726600,0.0,0.0
2015-01-02,948.3488708772271,970.2002273490526,939.6083282884969,965.8299560546875,39610100,0.0,0.0
2015-01-02,948.348723525301,961.459535371273,935.2379116793292,952.718994140625,26562700,0.0,0.0
2015-01-02,961.4593804253471,996.4215397135416,943.9783007812499,983.3107299804688,124522900,0.0,0.0
2015-01-02,992.0514213160465,1009.5325036299856,974.5703390021073,996.4216918945312,110279800,0.0,0.0
2015-01-02,978.9404603419283,996.4215399908912,974.5701904296875,974.5701904296875,47501800,0.0,0.0
2015-01-02,978.9405802588107,1005.1622029443145,965.8297689160587,992.0513916015625,91811500,0.0,0.0
2015-01-02,996.4216352982954,1000.7919056285511,961.45947265625,961.45947265625,56001000,0.0,0.0
2015-01-02,961.45947265625,970.2000133167613,952.7189319957386,961.45947265625,32526900,0.0,0.0
2015-01-02,957.0892023259943,970.2000133167613,948.348661665483,961.45947265625,36333300,0.0,0.0
2015-01-02,952.7189319957386,974.570283647017,952.7189319957386,961.45947265625,38633700,0.0,0.0
2015-01-02,961.4593806929653,974.5701904296875,952.7188408684838,974.5701904296875,49243100,0.0,0.0
2015-01-02,974.570283647017,978.9405539772727,948.348661665483,961.45947265625,51860400,0.0,0.0
2015-01-02,965.8299560546875,983.3110412321479,957.0894134659573,965.8299560546875,43247500,0.0,0.0
2015-01-02,965.8299560546875,978.9407699377828,961.4596847603224,965.8299560546875,30550200,0.0,0.0
2015-01-02,974.5702803620195,987.6810913085938,961.4594694154453,987.6810913085938,39780100,0.0,0.0
2015-01-02,987.6811507375617,996.4216918945312,970.2000684236225,996.4216918945312,43824900,0.0,0.0
2015-01-02,1000.7920281546457,1000.7920281546457,974.5704029628208,978.940673828125,36638700,0.0,0.0
2015-01-02,974.5701904296875,983.310730254169,970.1999205174468,974.5701904296875,32774700,0.0,0.0
2015-01-02,970.1999202473958,996.4215397135416,952.7188406032985,983.3107299804688,112030300,0.0,0.0
2015-01-02,992.0512390136719,1031.3836669921875,987.6809692382812,1022.6431274414062,154107200,0.0,0.0
2015-01-02,1031.3838565224096,1031.3838565224096,996.4216918945312,996.4216918945312,81788400,0.0,0.0
2015-01-02,1005.1623126552694,1048.8650219011506,1005.1623126552694,1044.4947509765625,74777400,0.0,0.0
2015-01-02,1027.0134879969344,1040.1242984820014,1009.532407350178,1035.7540283203125,32947100,0.0,0.0
2015-01-02,1044.4946355694767,1044.4946355694767,1000.7919311523438,1000.7919311523438,66490400,0.0,0.0
2015-01-02,992.0512684923536,1031.3836976396276,992.0512684923536,1027.013427734375,36562800,0.0,0.0
2015-01-02,1035.7539675448802,1035.7539675448802,1018.2728879238697,1027.013427734375,27565200,0.0,0.0
2015-01-02,1031.383907063802,1057.6055318196616,1018.2730946858725,1048.864990234375,76392300,0.0,0.0
2015-01-02,1053.235107421875,1066.3459178877074,1031.3837566454877,1053.235107421875,45477200,0.0,0.0
2015-01-02,1061.9757672991072,1083.8271205357144,1040.1244140625001,1070.71630859375,43516400,0.0,0.0
2015-01-02,1070.7160949707031,1070.7160949707031,1044.4944763183594,1066.3458251953125,57017000,0.0,0.0
2015-01-02,1066.345945296749,1083.8270263671875,1048.8648642263106,1083.8270263671875,101941300,0.0,0.0
2015-01-02,1083.8269365026595,1088.1972064079123,1022.6431578291223,1027.013427734375,62633000,0.0,0.0
2015-01-02,1027.013427734375,1031.3836976396276,1005.1620782081117,1027.013427734375,63069000,0.0,0.0
2015-01-02,1040.1242969560426,1057.6053775771525,1031.3837566454877,1053.235107421875,46577700,0.0,0.0
2015-01-02,1057.605460099348,1118.789247047244,1057.605460099348,1110.0487060546875,133013400,0.0,0.0
2015-01-02,1114.4190397716704,1114.4190397716704,1061.975790841239,1101.3082275390625,62115000,0.0,0.0
2015-01-02,1101.308165062131,1114.418976550966,1088.1973535732961,1110.0487060546875,40515100,0.0,0.0
2015-01-02,1110.0486798614625,1110.0486798614625,1075.0865167162196,1079.456787109375,72981200,0.0,0.0
2015-01-02,1079.456787109375,1088.1973278956857,1061.9757055367536,1079.456787109375,51812400,0.0,0.0
2015-01-02,1094.6690541462726,1116.9184251655058,1094.6690541462726,1108.0186767578125,40078200,22.093,0.0
2015-01-02,1108.0188137147486,1112.468688468623,1085.769439945376,1094.669189453125,31838900,0.0,0.0
2015-01-02,1094.6691127232143,1103.5688616071427,1090.21923828125,1090.21923828125,15704700,0.0,0.0
2015-01-02,1090.2194063780737,1099.1191566342213,1081.319656121926,1085.76953125,68525800,0.0,0.0
2015-01-02,1085.76953125,1103.569031762295,1085.76953125,1085.76953125,49970300,0.0,0.0
2015-01-02,1076.8696113940532,1076.8696113940532,1050.1703648305643,1054.6202392578125,79313700,0.0,0.0
2015-01-02,1054.6204053534836,1085.76953125,1050.1705302254097,1085.76953125,91473300,0.0,0.0
2015-01-02,1067.969862539557,1072.419736966805,1023.4711182670754,1054.6202392578125,30984500,0.0,0.0
2015-01-02,1054.6201810084933,1103.568797004668,1054.6201810084933,1072.419677734375,39842400,0.0,0.0
2015-01-02,1076.8697204589844,1112.4687194824219,1067.969970703125,1103.5689697265625,71995600,0.0,0.0
2015-01-02,1103.568802553966,1125.8181735731991,1099.1189283501192,1108.0186767578125,55383300,0.0,0.0
2015-01-02,1112.468688468623,1116.9185632224976,1085.769439945376,1094.669189453125,45625500,0.0,0.0
2015-01-02,1094.669265561741,1108.0188907515183,1085.7695154352227,1099.119140625,39335100,0.0,0.0
2015-01-02,1099.1190948486328,1108.0188446044922,1085.7694702148438,1103.5689697265625,43373500,0.0,0.0
2015-01-02,1103.5689697265625,1139.16796875,1094.6692199707031,1103.5689697265625,102708100,0.0,0.0
2015-01-02,1112.4687658147773,1121.3685159412955,1090.2193904984817,1099.119140625,44653700,0.0,0.0
2015-01-02,1099.1189283501192,1121.3682993693524,1090.2191799424259,1108.0186767578125,46973400,0.0,0.0
2015-01-02,1099.1190071993096,1152.517501476199,1094.6691326762354,1148.067626953125,50310500,0.0,0.0
2015-01-02,1156.9674090485075,1210.3659048507463,1139.1679104477612,1192.56640625,90772200,0.0,0.0
2015-01-02,1192.5665444428066,1192.5665444428066,1165.8672934478184,1179.2169189453125,37365200,0.0,0.0
2015-01-02,1179.216751442816,1197.016249577802,1170.317002375323,1183.6666259765625,44164600,0.0,0.0
2015-01-02,1197.016419608638,1197.016419608638,1165.8672934478184,1179.2169189453125,18982200,0.0,0.0
2015-01-02,1179.2169189453125,1188.1166692769752,1161.417418281987,1179.2169189453125,22310300,0.0,0.0
2015-01-02,1179.2167657772397,1241.515010006981,1165.8671420137239,1170.3170166015625,113746200,0.0,0.0
2015-01-02,1165.8673068576388,1201.46630859375,1152.5176812065972,1201.46630859375,77521800,0.0,0.0
2015-01-02,1201.4662016107795,1223.715575714683,1174.7669526860955,1188.1165771484375,38258100,0.0,0.0
2015-01-02,1188.1165924072266,1219.2657165527344,1170.3170928955078,1210.365966796875,63265600,0.0,0.0
2015-01-02,1205.9161838107639,1214.8159342447916,1192.5665581597223,1201.46630859375,37682000,0.0,0.0
2015-01-02,1219.2658094618055,1228.1655598958334,1179.2169325086807,1201.46630859375,49606400,0.0,0.0
2015-01-02,1188.1164369073533,1205.915934089486,1161.4171911341543,1165.8670654296875,60508300,0.0,0.0
2015-01-02,1156.9673787740837,1183.6666259765625,1152.5175042403373,1183.6666259765625,71548900,0.0,0.0
2015-01-02,1192.5665444428066,1432.8598033977005,1192.5665444428066,1415.060302734375,245676100,0.0,0.0
2015-01-02,1432.8595334912911,1446.2091564741293,1339.4121726114242,1357.211669921875,143634900,0.0,0.0
2015-01-02,1343.8620469390369,1366.1114185771005,1330.5124239561987,1357.211669921875,158320200,0.0,0.0
2015-01-02,1357.211790759154,1361.6616654829545,1321.61279296875,1321.61279296875,92002900,0.0,0.0
2015-01-02,1312.7129814486455,1330.5124795021866,1254.8646127746374,1303.813232421875,145015800,0.0,0.0
2015-01-02,1303.8132915021686,1312.7130409322174,1237.0651707768016,1250.414794921875,137997000,0.0,0.0
2015-01-02,1254.8646696368994,1312.7130409322174,1241.515045491826,1250.414794921875,128012400,0.0,0.0
2015-01-02,1250.4146542756453,1263.7642769191575,1228.165283203125,1228.165283203125,117825800,0.0,0.0
2015-01-02,1228.1655598958334,1245.965060763889,1192.5665581597223,1201.46630859375,144940500,0.0,0.0
2015-01-02,1201.466155550373,1223.715528801306,1183.666656949627,1192.56640625,119406500,0.0,0.0
2015-01-02,1201.4660921963778,1214.8157154430041,1161.4172224564986,1174.766845703125,73167000,0.0,0.0
2015-01-02,1174.7669207502433,1183.6666701498664,1143.6177978515625,1143.6177978515625,109286600,0.0,0.0
2015-01-02,1143.6177690745308,1188.1165149529172,1139.1678944866921,1170.3170166015625,80105500,0.0,0.0
2015-01-02,1170.3170166015625,1183.6666403650784,1156.9673928380466,1170.3170166015625,23167500,0.0,0.0
2015-01-02,1179.2167657772397,1183.6666403650784,1152.517518250208,1170.3170166015625,109473000,0.0,0.0
2015-01-02,1179.2168270390928,1192.566451496139,1143.617828486969,1152.517578125,83889900,0.0,0.0
2015-01-02,1161.4171863465797,1161.4171863465797,1121.3683178518702,1130.26806640625,95651000,0.0,0.0
2015-01-02,1121.3684543918919,1165.8672025820463,1103.5689551158302,1152.517578125,80823300,0.0,0.0
2015-01-02,1165.8671139855367,1210.365858794145,1152.5174905429542,1197.0162353515625,81316900,0.0,0.0
2015-01-02,1219.2655898585463,1219.2655898585463,1156.9673480409563,1174.766845703125,52147400,0.0,0.0
2015-01-02,1174.766845703125,1174.766845703125,1152.5174736254141,1174.766845703125,48506000,0.0,0.0
2015-01-02,1188.116529728816,1197.0162790151742,1148.0676579402043,1156.9674072265625,54719300,0.0,0.0
2015-01-02,1156.9674072265625,1165.8671565129207,1139.167908653846,1156.9674072265625,42038900,0.0,0.0
2015-01-02,1179.2167374281191,1201.4661098324234,1165.8671139855367,1197.0162353515625,70987400,0.0,0.0
2015-01-02,1197.0162809001865,1205.9160302005596,1183.666656949627,1192.56640625,70388300,0.0,0.0
2015-01-02,1192.5665581597223,1205.9161838107639,1179.2169325086807,1201.46630859375,84107900,0.0,0.0
2015-01-02,1219.2657013494318,1272.66419921875,1205.9160768821023,1223.715576171875,103958100,0.0,0.0
2015-01-02,1228.1655572026752,1241.5151828244434,1210.366056373651,1237.0653076171875,41570300,0.0,0.0
2015-01-02,1254.8645284901495,1268.2141511336617,1219.2655347741168,1228.165283203125,65442200,0.0,0.0
2015-01-02,1241.5149801601708,1241.5149801601708,1192.5663608707016,1197.0162353515625,55944000,0.0,0.0
2015-01-02,1197.0162177808356,1197.0162177808356,1165.8670968720407,1174.766845703125,93362200,0.0,0.0
2015-01-02,1188.1166803373706,1237.0653076171875,1183.6668051301147,1237.0653076171875,97256700,0.0,0.0
2015-01-02,1237.0650451436584,1250.4146679329785,1205.9159253019116,1214.815673828125,54628300,0.0,0.0
2015-01-02,1201.466051038805,1228.1652966174452,1188.116428249485,1214.815673828125,46810200,0.0,0.0
2015-01-02,1228.1655598958334,1228.1655598958334,1197.0164333767361,1201.46630859375,25018100,0.0,0.0
2015-01-02,1197.0164333767361,1228.1655598958334,1197.0164333767361,1201.46630859375,34595200,0.0,0.0
2015-01-02,1205.915984313284,1210.365858794145,1188.116486389841,1197.0162353515625,29111000,0.0,0.0
2015-01-02,1197.0162353515625,1197.0162353515625,1174.7668629472582,1197.0162353515625,47347100,0.0,0.0
2015-01-02,1192.5663750440556,1192.5663750440556,1174.7668769090697,1183.6666259765625,16803600,0.0,0.0
2015-01-02,1174.766845703125,1183.6665945342093,1161.4172224564986,1174.766845703125,26771600,0.0,0.0
2015-01-02,1183.6666259765625,1192.5663750440556,1174.7668769090697,1183.6666259765625,30957600,0.0,0.0
2015-01-02,1183.6665945342093,1192.5663433652935,1165.8670968720407,1174.766845703125,26910900,0.0,0.0
2015-01-02,1174.7668140207538,1183.6665626118202,1156.9673168386212,1165.8670654296875,39037900,0.0,0.0
2015-01-02,1165.8670968720407,1179.2167201186671,1156.9673480409563,1174.766845703125,34218000,0.0,0.0
2015-01-02,1174.766983207615,1179.2168581440076,1156.967483462045,1161.4173583984375,40646800,0.0,0.0
2015-01-02,1156.9675431161556,1188.1166692769752,1148.067792784493,1179.2169189453125,68055500,0.0,0.0
2015-01-02,1188.1166692769752,1188.1166692769752,1152.5176679503243,1179.2169189453125,107140700,0.0,0.0
2015-01-02,1170.3171082712224,1170.3171082712224,1148.0677335892601,1161.4173583984375,49486000,0.0,0.0
2015-01-02,1161.4173583984375,1170.3171082712224,1148.0677335892601,1161.4173583984375,61710800,0.0,0.0
2015-01-02,1161.4172475585938,1161.4172475585938,1090.2192553710938,1112.4686279296875,240767200,0.0,0.0
2015-01-02,1112.4687658147773,1130.2682660678138,1090.2193904984817,1099.119140625,130768100,0.0,0.0
2015-01-02,1099.119140625,1121.3685159412955,1081.3196403719635,1099.119140625,132032300,0.0,0.0
2015-01-02,1103.56887890625,1112.4686279296875,1099.1190043945312,1112.4686279296875,79130300,0.0,0.0
2015-01-02,1112.4687658147773,1112.4687658147773,1099.119140625,1099.119140625,57002800,0.0,0.0
2015-01-02,1099.1190948486328,1121.3684692382812,1099.1190948486328,1103.5689697265625,103937400,0.0,0.0
2015-01-02,1108.0188446044922,1112.4687194824219,1094.6692199707031,1103.5689697265625,82698900,0.0,0.0
2015-01-02,1099.1190642069996,1112.468688468623,1085.769439945376,1094.669189453125,107787800,0.0,0.0
2015-01-02,1103.568797004668,1103.568797004668,1063.519929371434,1072.419677734375,143893300,0.0,0.0
2015-01-02,1072.419736966805,1076.8696113940532,1041.270615976068,1054.6202392578125,200313900,0.0,0.0
2015-01-02,1054.620284775556,1059.0701593948622,1036.8207862983315,1050.17041015625,176628000,0.0,0.0
2015-01-02,1050.1703648305643,1067.969862539557,1041.270615976068,1054.6202392578125,152004200,0.0,0.0
2015-01-02,1063.5199881123087,1076.8696113940532,1050.1703648305643,1054.6202392578125,126305200,0.0,0.0
2015-01-02,1059.0701136850605,1063.5199881123087,1045.7204904033163,1054.6202392578125,78669800,0.0,0.0
2015-01-02,1054.620284775556,1059.0701593948622,1041.2706609176378,1050.17041015625,83449100,0.0,0.0
2015-01-02,1050.1704398777174,1050.1704398777174,1023.47119140625,1023.47119140625,133305700,0.0,0.0
2015-01-02,1019.0211791992188,1036.8206757791177,1010.1214309092692,1019.0211791992188,141750200,0.0,0.0
2015-01-02,1023.4709798878637,1045.7203490158608,1019.0211060622643,1032.3707275390625,95383200,0.0,0.0
2015-01-02,1032.370801634143,1041.2705499240924,1010.1214309092692,1019.0211791992188,91649100,0.0,0.0
2015-01-02,1019.0211791992188,1027.9209274891682,1005.6715567642945,1019.0211791992188,59284900,0.0,0.0
2015-01-02,1027.9212646484375,1036.8210158575148,1014.5716378348214,1027.9212646484375,56173500,0.0,0.0
2015-01-02,1036.8208156419837,1050.1704398777174,1023.47119140625,1023.47119140625,75731200,0.0,0.0
2015-01-02,1036.8209650675456,1076.8698435465494,1032.3710896809896,1067.9700927734375,160912700,0.0,0.0
2015-01-02,1067.9697715088912,1081.3193936527523,1041.270527221169,1063.5198974609375,95817600,0.0,0.0
2015-01-02,1063.520187762605,1067.97006302521,1045.720686712185,1059.0703125,47204400,0.0,0.0
2015-01-02,1067.9699086334745,1067.9699086334745,1045.7205355369438,1050.17041015625,44442300,0.0,0.0
2015-01-02,1050.17037885617,1059.0701278295273,1027.9210064227764,1041.2706298828125,44086500,0.0,0.0
2015-01-02,1045.720458984375,1072.4197047456782,1032.3708361037234,1045.720458984375,107353300,0.0,0.0
2015-01-02,1045.7205651324728,1054.620314622962,1023.47119140625,1023.47119140625,66715300,0.0,0.0
2015-01-02,1032.3709116790253,1050.17041015625,1023.4711624404131,1050.17041015625,70451600,0.0,0.0
2015-01-02,1054.620437237395,1063.520187762605,1041.27081144958,1059.0703125,60580300,0.0,0.0
2015-01-02,1059.0700818650266,1059.0700818650266,1036.8207103972738,1045.720458984375,75437100,0.0,0.0
2015-01-02,1050.17041015625,1054.620284775556,1036.8207862983315,1050.17041015625,36977000,0.0,0.0
2015-01-02,1059.0700551899638,1081.319426097316,1050.1703068270228,1072.419677734375,114952200,0.0,0.0
2015-01-02,1072.419645556845,1076.8695196047986,1054.62014936503,1063.5198974609375,59857000,0.0,0.0
2015-01-02,1072.419938287815,1072.419938287815,1054.620437237395,1059.0703125,40789100,0.0,0.0
2015-01-02,1072.419938287815,1090.2194393382354,1059.0703125,1059.0703125,105208400,0.0,0.0
2015-01-02,1054.6202995071085,1059.070174188573,1023.4711767368563,1036.82080078125,81736600,0.0,0.0
2015-01-02,1032.3710609243697,1067.97006302521,1023.4713103991596,1059.0703125,92887600,0.0,0.0
2015-01-02,1072.419591969457,1072.419591969457,1032.3707275390625,1032.3707275390625,110054600,0.0,0.0
2015-01-02,1041.2706609176378,1054.620284775556,1036.8207862983315,1050.17041015625,42162500,0.0,0.0
2015-01-02,1050.1703332779255,1050.1703332779255,1036.8207103972738,1045.720458984375,33206300,0.0,0.0
2015-01-02,1045.7203490158608,1050.1702228414601,1032.3707275390625,1032.3707275390625,35255000,0.0,0.0
2015-01-02,1036.820601364662,1045.7203490158608,1032.3707275390625,1032.3707275390625,27502500,0.0,0.0
2015-01-02,1032.3709560848017,1036.8208308955122,1005.6717072205397,1010.12158203125,81160400,0.0,0.0
2015-01-02,1010.1215666374275,1019.0213161232198,1005.6716918945312,1005.6716918945312,44132900,0.0,0.0
2015-01-02,1005.6717072205397,1014.5714568419604,992.3220827884086,1010.12158203125,104542400,0.0,0.0
2015-01-02,1014.5713050542439,1019.0211791992188,1005.6715567642945,1019.0211791992188,60501900,0.0,0.0
2015-01-02,1019.0211791992188,1027.9209274891682,1010.1214309092692,1019.0211791992188,37696600,0.0,0.0
2015-01-02,1019.0212383355034,1019.0212383355034,1001.2217407226562,1001.2217407226562,25468300,0.0,0.0
2015-01-02,1001.2218171516352,1014.5714413803236,983.4223181800505,1005.6716918945312,52961200,0.0,0.0
2015-01-02,1011.040153503418,1019.9874114990234,997.6192665100098,1002.0928955078125,62086500,6.0,0.0
2015-01-02,997.6190185546875,1006.5662743264785,993.1453906687921,997.6190185546875,39909600,0.0,0.0
2015-01-02,1002.0928505345394,1019.9873657226561,988.6719641434519,1019.9873657226562,56243000,0.0,0.0
2015-01-02,1024.4609945196853,1028.9346233167146,1006.5664793315686,1019.9873657226562,31406000,0.0,0.0
2015-01-02,1024.4607858700604,1028.9344137559558,997.6190185546875,997.6190185546875,28365800,0.0,0.0
2015-01-02,1002.09265625,1019.98716796875,1002.09265625,1006.5662841796875,27271800,0.0,0.0
2015-01-02,1006.5664274796196,1033.408198879076,1006.5664274796196,1028.9345703125,78885400,0.0,0.0
2015-01-02,1028.9346997491245,1042.3555871371566,1006.5665541024043,1037.8819580078125,94329000,0.0,0.0
2015-01-02,1037.881880910773,1042.3555097078022,1015.513736925627,1019.9873657226562,33703700,0.0,0.0
2015-01-02,1019.9873089519651,1028.934566048035,1015.5136804039302,1024.4609375,35704600,0.0,0.0
2015-01-02,1028.9344238281249,1046.8289355468748,1006.5662841796875,1006.5662841796875,45944700,0.0,0.0
2015-01-02,1011.0400433645375,1033.4081859168502,997.6191578331498,1015.513671875,29476500,0.0,0.0
2015-01-02,1015.513667553927,1028.934553028208,1011.0400390625,1011.0400390625,36127500,0.0,0.0
2015-01-02,1015.5135400390625,1015.5135400390625,997.6190283203124,1006.5662841796875,19820500,0.0,0.0
2015-01-02,1006.5665245056152,1011.040153503418,984.1983795166016,1002.0928955078125,63322400,0.0,0.0
2015-01-02,997.6192903607805,997.6192903607805,952.8829993132118,957.3566284179688,91590100,0.0,0.0
2015-01-02,957.3566209325251,966.3038790720814,943.9357337231905,948.4093627929688,65116600,0.0,0.0
2015-01-02,939.4620361328125,952.8829223632813,921.5675211588541,939.4620361328125,106204600,0.0,0.0
2015-01-02,930.5147786458333,948.4092936197917,930.5147786458333,939.4620361328125,64073500,0.0,0.0
2015-01-02,939.4621046534124,957.3566209325251,934.9884755836342,948.4093627929688,33587500,0.0,0.0
2015-01-02,943.9356607683538,952.8829182163951,930.5147745962919,934.9884033203125,42004500,0.0,0.0
2015-01-02,934.9884073893229,943.9356648763021,930.5147786458333,939.4620361328125,34758600,0.0,0.0
2015-01-02,939.4620320443331,952.8829182163951,917.0938884242299,934.9884033203125,44808100,0.0,0.0
2015-01-02,934.9883908762515,943.9356482052109,921.5675048828125,921.5675048828125,53267200,0.0,0.0
2015-01-02,926.0411987304688,966.3038595448369,921.5675697510945,926.0411987304688,43939800,0.0,0.0
2015-01-02,926.04111072629,966.3037677143896,926.04111072629,961.8301391601562,30011300,0.0,0.0
2015-01-02,975.2511448369962,979.724773941753,948.409370208455,957.3566284179688,66201300,0.0,0.0
2015-01-02,957.3565469404157,957.3565469404157,930.5147745962919,934.9884033203125,38172800,0.0,0.0
2015-01-02,934.9883992121769,943.9356566209059,926.041141803448,930.5147705078125,23427600,0.0,0.0
2015-01-02,930.5147580030489,939.4620152915397,917.0938720703125,917.0938720703125,32327500,0.0,0.0
2015-01-02,926.0411335472922,934.9883908762515,917.0938762183329,921.5675048828125,20280500,0.0,0.0
2015-01-02,930.5147580030489,934.9883866472943,917.0938720703125,917.0938720703125,35790100,0.0,0.0
2015-01-02,917.0938636516702,921.5674922548491,899.1993492389547,908.1466064453125,50061900,0.0,0.0
2015-01-02,899.1992797851562,912.6201645580691,894.7256515275187,899.1992797851562,55888700,0.0,0.0
2015-01-02,899.1993695772611,930.5147705078125,899.1993695772611,930.5147705078125,72748100,0.0,0.0
2015-01-02,934.9883908762515,934.9883908762515,912.6202475538532,921.5675048828125,38300700,0.0,0.0
2015-01-02,921.5674965054382,930.5147537530637,912.6202392578125,912.6202392578125,51376500,0.0,0.0
2015-01-02,917.0938678816253,926.041125129251,903.672982010187,912.6202392578125,65949600,0.0,0.0
2015-01-02,912.620263671875,952.8829223632813,912.620263671875,939.4620361328125,71972400,0.0,0.0
2015-01-02,939.4620401825385,943.9356689453125,926.0411538942166,943.9356689453125,38686600,0.0,0.0
2015-01-02,943.9357146479657,943.9357146479657,903.6730538335975,926.0411987304688,49551000,0.0,0.0
2015-01-02,930.5147745962919,934.9884033203125,912.6202597002093,934.9884033203125,54308200,0.0,0.0
2015-01-02,934.9883992121769,957.3565427339994,930.5147705078125,930.5147705078125,44297700,0.0,0.0
2015-01-02,939.4620195407313,939.4620195407313,921.5675048828125,921.5675048828125,21486800,0.0,0.0
2015-01-02,921.5675251314425,943.9356689453125,921.5675251314425,943.9356689453125,24380800,0.0,0.0
2015-01-02,948.4092894923745,948.4092894923745,921.5675171482507,934.9884033203125,21817300,0.0,0.0
2015-01-02,926.0411335472922,930.5147622117719,912.6202475538532,921.5675048828125,35105000,0.0,0.0
2015-01-02,921.5675697510945,926.0411987304688,908.1466828129718,926.0411987304688,51474900,0.0,0.0
2015-01-02,921.5674922548491,934.9883780643858,894.7257206357758,908.1466064453125,97966200,0.0,0.0
2015-01-02,908.1466828129718,934.9884566892172,899.1994248542233,926.0411987304688,71546100,0.0,0.0
2015-01-02,926.041125129251,939.4620110006894,912.6202392578125,912.6202392578125,62712900,0.0,0.0
2015-01-02,912.6202350484914,921.5674922548491,903.6729778421336,908.1466064453125,62663000,0.0,0.0
2015-01-02,908.1466106339997,917.0938678816253,894.7257247625613,912.6202392578125,74830900,0.0,0.0
2015-01-02,908.1466147818217,930.5147580030489,899.1993574933308,917.0938720703125,134952800,0.0,0.0
2015-01-02,917.0938720703125,926.0411293588033,908.1466147818217,917.0938720703125,152223100,0.0,0.0
2015-01-02,921.5675048828125,943.9356482052109,921.5675048828125,921.5675048828125,41636600,0.0,0.0
2015-01-02,930.5147745962919,939.4620320443331,917.0938884242299,934.9884033203125,58074200,0.0,0.0
2015-01-02,926.041141803448,934.9883992121769,917.093884394719,930.5147705078125,21627900,0.0,0.0
2015-01-02,930.5147745962919,934.9884033203125,921.5675171482507,934.9884033203125,20199400,0.0,0.0
2015-01-02,939.4619341038947,939.4619341038947,894.7256515275187,899.1992797851562,73879200,0.0,0.0
2015-01-02,903.6729861375762,917.0938720703125,899.1993574933308,917.0938720703125,52362600,0.0,0.0
2015-01-02,921.5675171482507,939.4620320443331,917.0938884242299,934.9884033203125,62912600,0.0,0.0
2015-01-02,934.9883866472943,934.9883866472943,908.1466147818217,917.0938720703125,63134100,0.0,0.0
2015-01-02,917.0938762183329,921.5675048828125,908.1466188893735,921.5675048828125,14636100,0.0,0.0
2015-01-02,921.5675697510945,930.514827709843,908.1466828129718,926.0411987304688,30030500,0.0,0.0
2015-01-02,926.0411987304688,930.514827709843,917.0939407717202,926.0411987304688,21906900,0.0,0.0
2015-01-02,926.04111072629,961.8301391601562,926.04111072629,961.8301391601562,72246800,0.0,0.0
2015-01-02,966.3037677143896,966.3037677143896,943.9356249432232,961.8301391601562,77353900,0.0,0.0
2015-01-02,966.3036971830986,970.7773254107981,948.4091842723004,952.8828125,50660600,0.0,0.0
2015-01-02,952.8828125,957.3564407276995,943.935556044601,952.8828125,15300500,0.0,0.0
2015-01-02,952.8828125,957.3564407276995,939.4619278169014,952.8828125,55758900,0.0,0.0
2015-01-02,961.8302575227256,961.8302575227256,948.409370208455,957.3566284179688,29239300,0.0,0.0
2015-01-02,957.3565427339994,957.3565427339994,921.5675130990835,930.5147705078125,45878800,0.0,0.0
2015-01-02,930.5147786458333,939.4620361328125,921.5675211588541,939.4620361328125,21744200,0.0,0.0
2015-01-02,939.4620320443331,943.9356607683538,921.5675171482507,934.9884033203125,38935500,0.0,0.0
2015-01-02,934.9883823768765,934.9883823768765,912.6202392578125,912.6202392578125,44616800,0.0,0.0
2015-01-02,917.0938762183329,930.5147622117719,912.6202475538532,921.5675048828125,31724300,0.0,0.0
2015-01-02,930.5147705078125,939.4620279165414,921.5675130990835,930.5147705078125,31365600,0.0,0.0
2015-01-02,930.5146822787747,934.9883105589611,903.6729125976562,903.6729125976562,52253800,0.0,0.0
2015-01-02,903.6729125976562,912.6201691580291,899.1992843174698,903.6729125976562,37420100,0.0,0.0
2015-01-02,908.1466828129718,930.514827709843,903.6730538335975,926.0411987304688,46731900,0.0,0.0
2015-01-02,926.0410539985883,930.5146822787747,903.6729125976562,903.6729125976562,42806500,0.0,0.0
2015-01-02,903.6729125976562,917.0937974382155,903.6729125976562,903.6729125976562,40594600,0.0,0.0
2015-01-02,903.6729778421336,917.0938636516702,899.1993492389547,908.1466064453125,36743900,0.0,0.0
2015-01-02,917.0938884242299,948.4092894923745,912.6202597002093,934.9884033203125,120191300,0.0,0.0
2015-01-02,939.4620361328125,957.3565511067708,934.9884073893229,939.4620361328125,83444200,0.0,0.0
2015-01-02,939.4620195407313,948.4092768696905,912.6202475538532,921.5675048828125,53650100,0.0,0.0
2015-01-02,917.0938762183329,926.0411335472922,912.6202475538532,921.5675048828125,25597800,0.0,0.0
2015-01-02,930.5147622117719,930.5147622117719,912.6202475538532,921.5675048828125,42137500,0.0,0.0
2015-01-02,930.5147494612069,930.5147494612069,908.1466064453125,908.1466064453125,45336700,0.0,0.0
2015-01-02,917.0937974382155,917.0937974382155,903.6729125976562,903.6729125976562,49285500,0.0,0.0
2015-01-02,912.6202593931217,912.6202593931217,849.9894572779075,867.8839721679688,156679800,0.0,0.0
2015-01-02,849.9894532514978,876.8312254594398,841.0421958488504,863.4103393554688,88554500,0.0,0.0
2015-01-02,876.8312062230603,921.5674922548491,863.4103204135237,908.1466064453125,90414200,0.0,0.0
2015-01-02,908.1465713892227,912.6201998197115,872.3575439453125,872.3575439453125,43410000,0.0,0.0
2015-01-02,881.3048181581737,908.1465892695902,876.8311896396043,890.2520751953125,39444900,0.0,0.0
2015-01-02,899.1993145282452,903.672942958734,872.3575439453125,872.3575439453125,38801200,0.0,0.0
2015-01-02,872.3575526203601,885.7784380452887,872.3575526203601,881.3048095703125,31050300,0.0,0.0
2015-01-02,872.3575925827026,872.3575925827026,849.9894491831461,858.9367065429688,59726300,0.0,0.0
2015-01-02,858.9367065429688,867.8839639027914,854.4630778630575,858.9367065429688,38872700,0.0,0.0
2015-01-02,863.4103268271998,863.4103268271998,841.042183645148,849.9894409179688,60595200,0.0,0.0
2015-01-02,849.989498077877,854.4631270151289,845.515869140625,845.515869140625,37308400,0.0,0.0
2015-01-02,845.515861307236,854.463119098847,832.0949746198196,836.568603515625,41455300,0.0,0.0
2015-01-02,836.5685671475268,863.4103393554688,836.5685671475268,863.4103393554688,55971000,0.0,0.0
2015-01-02,867.8839680567925,872.3575967581162,854.4630819528214,863.4103393554688,45910800,0.0,0.0
2015-01-02,863.4102493286133,894.7256469726562,854.4629928588867,894.7256469726562,134740900,0.0,0.0
2015-01-02,890.2521240857183,890.2521240857183,867.8839802644691,876.8312377929688,68710500,0.0,0.0
2015-01-02,881.30480080629,890.2520576672676,872.3575439453125,872.3575439453125,54970800,0.0,0.0
2015-01-02,872.3575526203601,881.3048095703125,867.8839241453838,881.3048095703125,21670600,0.0,0.0
2015-01-02,881.30480080629,885.7784292367788,867.8839155148237,872.3575439453125,50715400,0.0,0.0
2015-01-02,884.300253121964,893.4167505768296,875.1837556670985,879.7420043945312,33417700,18.1,0.0
2015-01-02,879.7419251786902,888.8584218126662,856.95068359375,856.95068359375,52870900,0.0,0.0
2015-01-02,856.9507061502208,856.9507061502208,838.7177124023438,838.7177124023438,64003600,0.0,0.0
2015-01-02,820.4846395993366,825.0428875971106,797.6933996104661,815.9263916015625,91325700,0.0,0.0
2015-01-02,811.3681640625,825.0429084006321,802.2516678370787,811.3681640625,58998100,0.0,0.0
2015-01-02,811.3682056773793,815.9264540238814,793.1352122913707,802.251708984375,24691700,0.0,0.0
2015-01-02,802.251745005123,847.8342305167777,802.251745005123,834.1594848632812,57239000,0.0,0.0
2015-01-02,829.6012363121158,852.3924790679431,815.9264906586194,834.1594848632812,76256200,0.0,0.0
2015-01-02,834.1594420088098,866.067180227726,825.0429453748337,856.95068359375,33815200,0.0,0.0
2015-01-02,856.9507028680099,875.1836965460527,856.9507028680099,866.0671997070312,31995400,0.0,0.0
2015-01-02,870.625467300415,879.74196434021,866.0672187805176,875.1837158203125,29464900,0.0,0.0
2015-01-02,875.1836965460527,879.7419449655633,856.9507028680099,866.0671997070312,20526400,0.0,0.0
2015-01-02,875.1837121212121,907.0914516256314,875.1837121212121,902.533203125,62903000,0.0,0.0
2015-01-02,907.0914276867378,938.9991663490854,897.974930926067,934.44091796875,70621800,0.0,0.0
2015-01-02,934.4409949893044,961.7904875255767,920.7662487211682,957.2322387695312,101945800,0.0,0.0
2015-01-02,943.5574132479154,970.9069034869854,934.4409165015587,948.1156616210938,77854700,0.0,0.0
2015-01-02,938.9990450772373,1011.9310097434304,938.9990450772373,1002.8145141601562,183976700,0.0,0.0
2015-01-02,1002.8147797606307,1021.0477757562786,993.6982817628068,998.2565307617188,131270900,0.0,0.0
2015-01-02,1002.8146177779797,1011.931114303234,943.5573903638264,980.0233764648438,66470000,0.0,0.0
2015-01-02,980.0234903608049,1025.6059782845632,966.3487439836774,1021.0477294921875,162366200,0.0,0.0
2015-01-02,1021.0475663716815,1075.7465431415928,1016.4893183075221,1030.1640625,278744100,0.0,0.0
2015-01-02,1034.7222900390625,1043.8387859865434,1021.0475461178414,1034.7222900390625,128547300,0.0,0.0
2015-01-02,1066.6302066091764,1093.9796990863347,1048.3972116244042,1075.7467041015625,309519100,0.0,0.0
2015-01-02,1080.3047692294797,1084.863017200912,1062.07177734375,1062.07177734375,86305200,0.0,0.0
2015-01-02,1071.188357157478,1075.7466054858078,1039.2806188591703,1043.8388671875,57415600,0.0,0.0
2015-01-02,1043.838846488621,1057.5135912024457,1034.7223500127377,1048.3970947265625,55773600,0.0,0.0
2015-01-02,1048.3971155158297,1052.9553638441594,1030.164122202511,1043.8388671875,95519900,0.0,0.0
2015-01-02,1043.8388880679481,1052.9553849069696,1034.7223912289269,1039.2806396484375,39843300,0.0,0.0
2015-01-02,1043.838846488621,1048.3970947265625,1030.164101774796,1048.3970947265625,37837900,0.0,0.0
2015-01-02,1048.3970947265625,1052.955342964504,1030.164101774796,1048.3970947265625,63655700,0.0,0.0
2015-01-02,1043.8388880679481,1052.9553849069696,1034.7223912289269,1039.2806396484375,43446700,0.0,0.0
2015-01-02,1039.2806188591703,1048.3971155158297,1034.7223705308406,1043.8388671875,51268800,0.0,0.0
2015-01-02,1043.8388671875,1048.3971155158297,1034.7223705308406,1043.8388671875,52994500,0.0,0.0
2015-01-02,1048.397033429453,1071.188273286615,1034.7222895151556,1062.07177734375,53847400,0.0,0.0
2015-01-02,1066.6300253151824,1075.7465212580473,1048.397033429453,1062.07177734375,64216900,0.0,0.0
2015-01-02,1062.0718755086264,1103.0961110432943,1052.9553787231446,1093.9796142578125,136080000,0.0,0.0
2015-01-02,1098.538028492647,1103.0962775735293,1075.7467830882354,1084.86328125,59090000,0.0,0.0
2015-01-02,1084.8629758144948,1089.4212236120347,1071.188232421875,1071.188232421875,66130200,0.0,0.0
2015-01-02,1071.188534007353,1084.86328125,1057.5137867647059,1084.86328125,50238900,0.0,0.0
2015-01-02,1093.9795539952531,1093.9795539952531,1075.7465614286657,1080.3048095703125,47669400,0.0,0.0
2015-01-02,1080.3048282339553,1121.3290622175232,1075.746580013559,1103.0960693359375,141135500,0.0,0.0
2015-01-02,1116.7708706190863,1144.120361328125,1107.6543737160732,1144.120361328125,116163500,0.0,0.0
2015-01-02,1139.5620921301463,1153.2368372357082,1135.0038437616258,1148.6785888671875,81965700,0.0,0.0
2015-01-02,1148.6786097796314,1153.236858231138,1135.0038644251122,1144.120361328125,103447700,0.0,0.0
2015-01-02,1144.120340498667,1153.2368372357082,1144.120340498667,1148.6785888671875,111507700,0.0,0.0
2015-01-02,1148.6785888671875,1153.2368372357082,1135.0038437616258,1148.6785888671875,63155200,0.0,0.0
2015-01-02,1153.2369384765625,1157.7951872452445,1144.1204409391983,1153.2369384765625,101657700,0.0,0.0
2015-01-02,1153.2367977019278,1157.7950459141884,1130.445556640625,1130.445556640625,39638100,0.0,0.0
2015-01-02,1130.4455156249999,1144.120259765625,1130.4455156249999,1139.56201171875,39320200,0.0,0.0
2015-01-02,1139.56201171875,1144.120259765625,1121.32901953125,1139.56201171875,27165500,0.0,0.0
2015-01-02,1130.4457429846939,1135.0039919483418,1116.77099609375,1116.77099609375,53586000,0.0,0.0
2015-01-02,1116.7707524638795,1130.4454963716005,1084.8630166791972,1089.4212646484375,58533400,0.0,0.0
2015-01-02,1093.9795910298583,1135.0038256934781,1089.4213427339007,1125.8873291015625,45415900,0.0,0.0
2015-01-02,1125.8873084283643,1135.0038048528854,1121.3290602161037,1130.445556640625,22678400,0.0,0.0
2015-01-02,1139.5620950838415,1139.5620950838415,1112.2126048018292,1121.3291015625,20944100,0.0,0.0
2015-01-02,1125.8873499428353,1135.003846703506,1121.3291015625,1121.3291015625,13813400,0.0,0.0
2015-01-02,1130.4455773975203,1135.0038256934781,1121.3290808056047,1125.8873291015625,30182300,0.0,0.0
2015-01-02,1107.654356421494,1125.8873499428353,1089.4213629001524,1121.3291015625,16134100,0.0,0.0
2015-01-02,1112.2125244140625,1130.4455166175717,1112.2125244140625,1112.2125244140625,18229600,0.0,0.0
2015-01-02,1112.2125637915826,1135.0038048528854,1093.9795709425402,1130.445556640625,62234300,0.0,0.0
2015-01-02,1130.4455156249999,1148.6785078125,1121.32901953125,1139.56201171875,25355100,0.0,0.0
2015-01-02,1130.4455156249999,1144.120259765625,1130.4455156249999,1139.56201171875,18163900,0.0,0.0
2015-01-02,1135.0040211397059,1176.028262867647,1130.4457720588234,1162.353515625,40213100,0.0,0.0
2015-01-02,1144.1203580032527,1180.5863455093324,1144.1203580032527,1171.4698486328125,43736600,0.0,0.0
2015-01-02,1166.9115423387095,1166.9115423387095,1116.7708120038433,1130.445556640625,50815600,0.0,0.0
2015-01-02,1121.3290602161037,1135.0038048528854,1112.2125637915826,1130.445556640625,42602800,0.0,0.0
2015-01-02,1135.0037841796875,1135.0037841796875,1121.3290397919804,1135.0037841796875,21761400,0.0,0.0
2015-01-02,1130.445558658316,1135.0038068787126,1103.0960693359375,1103.0960693359375,40715900,0.0,0.0
2015-01-02,1112.2125044946392,1112.2125044946392,1071.1882727714762,1089.4212646484375,59802400,0.0,0.0
2015-01-02,1075.7465207407165,1103.0960085561585,1075.7465207407165,1089.4212646484375,44880700,0.0,0.0
2015-01-02,1089.4215303308824,1103.0962775735293,1075.7467830882354,1084.86328125,42872300,0.0,0.0
2015-01-02,1075.7467830882354,1089.4215303308824,1057.5137867647059,1084.86328125,90295200,0.0,0.0
2015-01-02,1084.8630166791972,1107.6542565253988,1071.1882727714762,1089.4212646484375,68536000,0.0,0.0
2015-01-02,1089.4213246747481,1112.2125657767303,1089.4213246747481,1103.0960693359375,25811700,0.0,0.0
2015-01-02,1103.0962775735293,1107.6545266544117,1075.7467830882354,1084.86328125,25444100,0.0,0.0
2015-01-02,1084.8631757571372,1107.6544189453125,1062.0719325689622,1107.6544189453125,31756700,0.0,0.0
2015-01-02,1107.6543594360353,1112.212607828776,1080.30486907959,1093.9796142578125,139470300,0.0,0.0
2015-01-02,1093.9796142578125,1098.5378626505535,1080.30486907959,1093.9796142578125,46414200,0.0,0.0
2015-01-02,1084.8632174290067,1107.6544614926413,1084.8632174290067,1098.5379638671875,33672700,0.0,0.0
2015-01-02,1103.0961080411585,1130.4455983231708,1098.5378596608232,1121.3291015625,86444500,0.0,0.0
2015-01-02,1121.32901953125,1139.56201171875,1121.32901953125,1139.56201171875,61288200,0.0,0.0
2015-01-02,1139.5620739894357,1139.5620739894357,1098.537839325816,1125.8873291015625,72267800,0.0,0.0
2015-01-02,1125.8873291015625,1130.4455773975203,1121.3290808056047,1125.8873291015625,12291200,0.0,0.0
2015-01-02,1125.8872685666945,1130.4455166175717,1112.2125244140625,1112.2125244140625,26064200,0.0,0.0
2015-01-02,1121.3290622175232,1125.8873104379197,1103.0960693359375,1103.0960693359375,18496000,0.0,0.0
2015-01-02,1103.0960693359375,1107.6543175563338,1084.8630764543518,1103.0960693359375,68992700,0.0,0.0
2015-01-02,1093.9796142578125,1103.0961110432943,1093.9796142578125,1093.9796142578125,16389900,0.0,0.0
2015-01-02,1093.9795910298583,1135.0038256934781,1089.4213427339007,1125.8873291015625,21201200,0.0,0.0
2015-01-02,1112.2125244140625,1121.329020515817,1098.5377802614307,1112.2125244140625,25952300,0.0,0.0
2015-01-02,1121.3291046142579,1121.3291046142579,1071.1883722941081,1093.9796142578125,125518300,0.0,0.0
2015-01-02,1093.9796142578125,1098.5378626505535,1075.746620686849,1093.9796142578125,68538200,0.0,0.0
2015-01-02,1093.9794714095744,1098.5377192071144,1057.5134890292554,1071.188232421875,73486300,0.0,0.0
2015-01-02,1071.1884176320043,1071.1884176320043,1043.8389261179957,1057.513671875,110028900,0.0,0.0
2015-01-02,1057.513719831194,1066.630217415946,1016.4894806998117,1021.0477294921875,60213500,0.0,0.0
2015-01-02,989.1399879455566,1039.2807246616908,989.1399879455566,1021.0477294921875,59228700,0.0,0.0
2015-01-02,1021.0476085265836,1039.280601535987,1007.3728637695312,1007.3728637695312,33768000,0.0,0.0
2015-01-02,1011.9311491313733,1043.8388880679481,1002.814652292352,1039.2806396484375,107305000,0.0,0.0
2015-01-02,1048.3971747036637,1071.1884176320043,1039.2806775323274,1057.513671875,19302900,0.0,0.0
2015-01-02,1066.630126953125,1071.1883753589077,1043.8388849242122,1066.630126953125,42317000,0.0,0.0
2015-01-02,1066.6301088291484,1066.6301088291484,1043.8388671875,1043.8388671875,26201100,0.0,0.0
2015-01-02,1043.8387033420138,1057.5134461805555,1025.605712890625,1025.605712890625,46652900,0.0,0.0
2015-01-02,1030.164122202511,1048.3971155158297,1025.6058738741813,1043.8388671875,97278900,0.0,0.0
2015-01-02,1043.838825968953,1062.071818562297,1039.2805778206168,1052.955322265625,43965100,0.0,0.0
2015-01-02,1052.9553638441594,1057.513612172489,1034.7223705308406,1043.8388671875,64250100,0.0,0.0
2015-01-02,1034.7223296722807,1057.513570413961,1034.7223296722807,1052.955322265625,42704300,0.0,0.0
2015-01-02,1048.3970741172889,1052.955322265625,1034.7223296722807,1052.955322265625,56606900,0.0,0.0
2015-01-02,1052.9554232893317,1057.513671875,1025.6059317753231,1057.513671875,67063500,0.0,0.0
2015-01-02,1052.9554603705972,1075.7467041015625,1039.280714132018,1075.7467041015625,45358800,0.0,0.0
2015-01-02,1075.7466054858078,1075.7466054858078,1043.8388671875,1043.8388671875,14310300,0.0,0.0
2015-01-02,1043.8388880679481,1052.9553849069696,1039.2806396484375,1039.2806396484375,23830700,0.0,0.0
2015-01-02,1048.397054756637,1048.397054756637,1030.1640625,1030.1640625,17088100,0.0,0.0
2015-01-02,1039.2805982506793,1066.630087678329,1039.2805982506793,1048.3970947265625,38509500,0.0,0.0
2015-01-02,1057.5135508849557,1057.5135508849557,1030.1640625,1030.1640625,26991900,0.0,0.0
2015-01-02,1039.2805982506793,1057.5135912024457,1030.164101774796,1048.3970947265625,46963100,0.0,0.0
2015-01-02,1039.2805982506793,1052.955342964504,1034.7223500127377,1048.3970947265625,21339600,0.0,0.0
2015-01-02,1057.5134461805555,1057.5134461805555,1025.605712890625,1025.605712890625,30234100,0.0,0.0
2015-01-02,1030.164101774796,1048.3970947265625,1025.6058535368547,1048.3970947265625,29884200,0.0,0.0
2015-01-02,1039.2806396484375,1048.397136487459,1025.6058943899054,1039.2806396484375,30634600,0.0,0.0
2015-01-02,1030.164042065322,1043.8387859865434,1025.6057940915819,1034.7222900390625,26682500,0.0,0.0
2015-01-02,1043.8388066924779,1043.8388066924779,1025.6058144358408,1030.1640625,21410100,0.0,0.0
2015-01-02,1030.1641428094163,1048.397136487459,1021.0476459703948,1039.2806396484375,51055300,0.0,0.0
2015-01-02,1030.164122202511,1048.3971155158297,1030.164122202511,1043.8388671875,31130600,0.0,0.0
2015-01-02,1034.7223705308406,1057.513612172489,1034.7223705308406,1043.8388671875,52747300,0.0,0.0
2015-01-02,1039.2806188591703,1043.8388671875,1030.164122202511,1043.8388671875,15859500,0.0,0.0
2015-01-02,1048.397054756637,1057.5135508849557,1030.1640625,1030.1640625,160829100,0.0,0.0
2015-01-02,1048.3970947265625,1057.5135912024457,1034.7223500127377,1048.3970947265625,48450900,0.0,0.0
2015-01-02,1043.838825968953,1052.955322265625,1030.1640815239448,1052.955322265625,41516000,0.0,0.0
2015-01-02,1039.2806188591703,1057.513612172489,1039.2806188591703,1043.8388671875,57171300,0.0,0.0
2015-01-02,1043.8386818924291,1048.39692941161,989.1397116622583,1016.4891967773438,36492800,0.0,0.0
2015-01-02,1002.8147797606307,1025.6060247551904,989.1400327638949,998.2565307617188,111397700,0.0,0.0
2015-01-02,993.6979591814392,1030.1639393348864,993.6979591814392,1016.4891967773438,36423000,0.0,0.0
2015-01-02,1025.6057120658256,1025.6057120658256,998.256226410737,1011.9309692382812,62457900,0.0,0.0
2015-01-02,1002.8147398222477,1011.9312374569954,993.6982421875,993.6982421875,32950600,0.0,0.0
2015-01-02,993.6980185768821,1016.4892575350675,993.6980185768821,1002.8145141601562,64956700,0.0,0.0
2015-01-02,1016.4891967773438,1030.1639393348864,1002.814454219801,1016.4891967773438,32630700,0.0,0.0
2015-01-02,1021.9888899216958,1031.154709562249,999.0743408203125,999.0743408203125,29598000,6.0,0.0
2015-01-02,999.0743278220848,1017.4059668646918,989.9085083007812,989.9085083007812,407700400,0.0,0.0
2015-01-02,989.9085211797592,1003.6572506405892,985.3256113594825,999.0743408203125,133625300,0.0,0.0
2015-01-02,999.0742902888808,1003.6571998773619,976.1597423464752,985.3255615234375,15116900,0.0,0.0
2015-01-02,985.3257081218969,989.9086183922313,976.1598875812281,980.7427978515625,35436400,0.0,0.0
2015-01-02,980.7425629674541,985.3254721401992,966.9938354492188,966.9938354492188,54395200,0.0,0.0
2015-01-02,966.9938354492188,976.159653794709,957.8280171037286,966.9938354492188,26329100,0.0,0.0
2015-01-02,976.1597423464752,989.9084711119185,966.993923169513,985.3255615234375,10328600,0.0,0.0
2015-01-02,985.3255615234375,999.0742902888808,976.1597423464752,985.3255615234375,13084900,0.0,0.0
2015-01-02,980.7427015392058,1003.6572506405892,980.7427015392058,999.0743408203125,17581600,0.0,0.0
2015-01-02,994.491528097353,1003.6573486328125,985.3257075618935,1003.6573486328125,22516000,0.0,0.0
2015-01-02,1008.2400512695312,1012.8229605934837,980.7425953258168,1008.2400512695312,43910200,0.0,0.0
2015-01-02,999.0744140625001,1063.23515625,994.49150390625,1054.0693359375,10681800,0.0,0.0
2015-01-02,1054.069216464428,1081.5666742852393,1026.5717586436172,1076.9837646484375,27762300,0.0,0.0
2015-01-02,1076.9838128478743,1076.9838128478743,1058.652173480251,1067.8179931640625,16579900,0.0,0.0
2015-01-02,1067.818091246759,1081.5668220353439,1021.9889886181427,1049.4864501953125,33117900,0.0,0.0
2015-01-02,1040.3204615209008,1063.2350091314934,1031.1546424766639,1058.652099609375,20126000,0.0,0.0
2015-01-02,1058.652099609375,1072.4008281757306,1035.7375519987825,1058.652099609375,39454900,0.0,0.0
2015-01-02,1054.0691900872564,1063.2350091314934,1035.7375519987825,1058.652099609375,41555600,0.0,0.0
2015-01-02,1067.818091246759,1067.818091246759,1040.3206296695892,1049.4864501953125,28110600,0.0,0.0
2015-01-02,1049.4864501953125,1054.069360458174,1040.3206296695892,1049.4864501953125,18846800,0.0,0.0
2015-01-02,1049.4863522178248,1049.4863522178248,1031.1547128777754,1044.9034423828125,11039500,0.0,0.0
2015-01-02,1049.48642578125,1054.0693359375,1035.7376953125001,1054.0693359375,11228800,0.0,0.0
2015-01-02,1054.069262052837,1058.6521718878496,1035.7376227127877,1044.9034423828125,27299100,0.0,0.0
2015-01-02,1054.0692399505876,1072.40087890625,1049.4863302116719,1072.40087890625,23156800,0.0,0.0
2015-01-02,1072.400927313443,1072.400927313443,1049.486377584523,1063.235107421875,23541600,0.0,0.0
2015-01-02,1063.2352311054515,1063.2352311054515,1040.3206787109375,1040.3206787109375,35948100,0.0,0.0
2015-01-02,1040.3206551727158,1044.903565547926,1012.8231929214546,1021.989013671875,47519100,0.0,0.0
2015-01-02,1021.989013671875,1035.7377447975057,1008.2402825462444,1021.989013671875,39351600,0.0,0.0
2015-01-02,1021.989013671875,1035.7377447975057,1017.4061032966648,1021.989013671875,14871500,0.0,0.0
2015-01-02,1021.988843858507,1044.9033919270835,1021.988843858507,1031.1546630859375,19925300,0.0,0.0
2015-01-02,1031.1546630859375,1035.737572699653,1017.4059342447918,1031.1546630859375,35752200,0.0,0.0
2015-01-02,1031.1545644487653,1040.3203827994212,1021.9887460981097,1026.5716552734375,43714300,0.0,0.0
2015-01-02,1026.5717298119469,1040.320458336214,1021.9888203038579,1035.737548828125,24774400,0.0,0.0
2015-01-02,1035.737572699653,1040.320482313368,1021.988843858507,1031.1546630859375,47883300,0.0,0.0
2015-01-02,1035.737572699653,1035.737572699653,1021.988843858507,1031.1546630859375,23974100,0.0,0.0
2015-01-02,1031.154797528241,1031.154797528241,1008.240246472058,1017.4060668945312,41089200,0.0,0.0
2015-01-02,1012.8231566832945,1021.9889771057678,994.491515838348,1017.4060668945312,106951400,0.0,0.0
2015-01-02,1021.9888899216958,1026.5717997419724,999.0743408203125,999.0743408203125,16066300,0.0,0.0
2015-01-02,1008.2401473433882,1008.2401473433882,985.3255985401295,989.9085083007812,22903700,0.0,0.0
2015-01-02,989.9086056271115,1017.4060668945312,989.9086056271115,1017.4060668945312,25191100,0.0,0.0
2015-01-02,1017.4060800142378,1021.9889902845722,980.7427978515625,980.7427978515625,39315900,0.0,0.0
2015-01-02,985.3255985401295,994.491418061433,980.7426887794777,989.9085083007812,30351600,0.0,0.0
2015-01-02,989.9083628852247,1003.6570901475195,985.3254537977931,994.4912719726562,13646000,0.0,0.0
2015-01-02,994.4914310000358,999.0743408203125,985.3256113594825,999.0743408203125,11899500,0.0,0.0
2015-01-02,999.0742326216265,1008.2400512695312,994.4913232976741,1008.2400512695312,16431800,0.0,0.0
2015-01-02,1008.2400512695312,1008.2400512695312,999.0742326216265,1008.2400512695312,8508300,0.0,0.0
2015-01-02,1008.2400512695312,1012.8229605934837,1003.6571419455788,1008.2400512695312,7480300,0.0,0.0
2015-01-02,1008.2401094658429,1012.823019054324,985.3255615234375,985.3255615234375,6800100,0.0,0.0
2015-01-02,989.9085083007812,994.491418061433,980.7426887794777,989.9085083007812,15306100,0.0,0.0
2015-01-02,999.0741810600879,999.0741810600879,985.3254537977931,994.4912719726562,6016600,0.0,0.0
2015-01-02,989.9085194762324,989.9085194762324,966.9939704142826,976.1597900390625,14990400,0.0,0.0
2015-01-02,971.5768298921131,980.7426490420387,962.4110107421875,962.4110107421875,27166200,0.0,0.0
2015-01-02,957.8280844101178,962.410993904903,930.3306274414062,930.3306274414062,30806000,0.0,0.0
2015-01-02,930.3306775139374,944.0794067382812,925.7477677724894,944.0794067382812,30574800,0.0,0.0
2015-01-02,944.079342059235,948.6622514867071,921.164794921875,921.164794921875,25648000,0.0,0.0
2015-01-02,921.164794921875,925.747704349347,907.416066639459,921.164794921875,93190700,0.0,0.0
2015-01-02,921.1648402263208,921.1648402263208,884.5015630033828,889.08447265625,37282900,0.0,0.0
2015-01-02,884.5016123195591,911.999071769908,875.335792502776,902.833251953125,53521000,0.0,0.0
2015-01-02,902.833251953125,916.5819816782995,902.833251953125,902.833251953125,13914100,0.0,0.0
2015-01-02,898.250390625,916.58203125,884.5016601562501,893.66748046875,21426400,0.0,0.0
2015-01-02,889.0844966908193,907.4161357978466,884.5015869140625,884.5015869140625,19438500,0.0,0.0
2015-01-02,884.501573812275,893.6673932300188,875.3357543945312,875.3357543945312,12840800,0.0,0.0
2015-01-02,884.5016217439071,889.0845317011294,843.2554321289062,843.2554321289062,29472600,0.0,0.0
2015-01-02,843.25535767943,852.4211767846411,824.9237194690076,834.0895385742188,22145700,0.0,0.0
2015-01-02,852.4212146196209,870.7528536436987,834.089575595543,838.6724853515625,114580300,0.0,0.0
2015-01-02,838.672472200341,843.2553818844958,811.1750140954118,829.5066528320312,16470700,0.0,0.0
2015-01-02,829.5066290216131,838.6724481268243,815.7579003637964,834.0895385742188,42714000,0.0,0.0
2015-01-02,820.3408813476562,829.506701250982,811.1750614443305,820.3408813476562,74135700,0.0,0.0
2015-01-02,824.9237194690076,866.1699054424579,824.9237194690076,834.0895385742188,45631100,0.0,0.0
2015-01-02,843.2553238407259,857.0040519468247,838.6724144720263,852.421142578125,33204100,0.0,0.0
2015-01-02,861.5871093750001,870.7529296875,852.4212890625,870.7529296875,26367100,0.0,0.0
2015-01-02,870.7528918722401,879.9187117866848,843.2554321289062,843.2554321289062,43865300,0.0,0.0
2015-01-02,847.83837890625,861.5871093750001,843.2554687500001,847.83837890625,22869200,0.0,0.0
2015-01-02,852.4212184767649,884.5015869140625,852.4212184767649,884.5015869140625,35055100,0.0,0.0
2015-01-02,884.501560433201,884.501560433201,857.0041025958994,866.169921875,16526200,0.0,0.0
2015-01-02,866.1699701808991,870.7528800760361,847.838330600351,857.004150390625,20976600,0.0,0.0
2015-01-02,857.0041620005732,866.1699819150178,843.2554321289062,843.2554321289062,29926400,0.0,0.0
2015-01-02,843.2554687500001,847.83837890625,838.6725585937501,847.83837890625,17224700,0.0,0.0
2015-01-02,843.2554321289062,847.8383420861286,829.5067022572392,843.2554321289062,25112300,0.0,0.0
2015-01-02,834.089575595543,847.8383048636014,834.089575595543,838.6724853515625,20734800,0.0,0.0
2015-01-02,843.2553864324279,879.9186641034031,838.6724767235561,875.3357543945312,44230600,0.0,0.0
2015-01-02,875.3357691909328,911.9990474816525,870.7528594045928,907.4161376953125,88967600,0.0,0.0
2015-01-02,911.999071769908,911.999071769908,889.0845222279505,902.833251953125,19476100,0.0,0.0
2015-01-02,902.8332041064698,925.7477524340452,898.2502944409548,911.9990234375,25870900,0.0,0.0
2015-01-02,916.5819482895935,944.0794067382812,893.6673995823537,944.0794067382812,38650500,0.0,0.0
2015-01-02,934.913471240003,966.9938354492188,925.7476528945127,966.9938354492188,27014500,0.0,0.0
2015-01-02,966.993980147199,966.993980147199,939.4965209960938,939.4965209960938,27639900,0.0,0.0
2015-01-02,934.9135369361915,944.079355925762,907.41607996748,930.3306274414062,17873800,0.0,0.0
2015-01-02,925.7477005939095,925.7477005939095,889.0844253228636,898.250244140625,38296800,0.0,0.0
2015-01-02,898.2502609779094,930.3306274414062,893.6673514831242,930.3306274414062,23941200,0.0,0.0
2015-01-02,930.3307126489016,934.9136225634282,911.9990729907952,925.747802734375,9533700,0.0,0.0
2015-01-02,934.9135232042911,939.4964326317631,902.833157211987,921.164794921875,18460700,0.0,0.0
2015-01-02,921.1648928198484,944.0794423924814,916.5819829053218,925.747802734375,19800400,0.0,0.0
2015-01-02,925.7477914205411,939.4965209960938,925.7477914205411,939.4965209960938,14882300,0.0,0.0
2015-01-02,939.4965324779548,944.0794423924814,921.1648928198484,925.747802734375,8681200,0.0,0.0
2015-01-02,925.7477005939095,925.7477005939095,898.250244140625,898.250244140625,18701400,0.0,0.0
2015-01-02,902.8332041064698,911.9990234375,893.6673847754397,911.9990234375,10824100,0.0,0.0
2015-01-02,914.8931516011556,924.228796005249,896.2218627929688,896.2218627929688,11540100,18.1,0.0
2015-01-02,896.2218633972772,947.5679076544128,896.2218633972772,942.9000854492188,20131500,0.0,0.0
2015-01-02,947.5678480949955,975.5747795657835,942.9000261831975,966.2391357421875,35158400,0.0,0.0
2015-01-02,961.5713742699953,966.2391964751895,938.2322632440246,942.9000854492188,15604800,0.0,0.0
2015-01-02,942.9000854492188,961.5713742699953,938.2322632440246,942.9000854492188,17966400,0.0,0.0
2015-01-02,947.567821293921,961.57128663324,933.564355954602,938.232177734375,16487900,0.0,0.0
2015-01-02,938.2322513355929,956.9035399193858,928.8966070436965,952.2357177734375,38636300,0.0,0.0
2015-01-02,956.9035520648011,956.9035520648011,942.9000854492188,942.9000854492188,11004300,0.0,0.0
2015-01-02,942.899999514148,952.235643073694,919.5608906152829,938.232177734375,13478800,0.0,0.0
2015-01-02,938.23218908262,947.5678327550839,928.8965454101562,928.8965454101562,15937700,0.0,0.0
2015-01-02,933.5644038036615,938.2322258226799,905.5574716895517,924.228759765625,173472000,0.0,0.0
2015-01-02,914.8931042480469,938.232214050293,910.2252822875977,933.5643920898438,56504200,0.0,0.0
2015-01-02,938.23218908262,947.5678327550839,924.2287235739243,928.8965454101562,14230500,0.0,0.0
2015-01-02,928.8965701293945,933.5643920898438,919.5609262084961,933.5643920898438,16820700,0.0,0.0
2015-01-02,938.232214050293,942.9000360107422,924.2287481689453,933.5643920898438,18991000,0.0,0.0
2015-01-02,933.5643448853141,952.2356317830203,924.2287014364609,947.5678100585938,13479500,0.0,0.0
2015-01-02,952.235729859607,952.235729859607,928.8966188336362,942.9000854492188,17018300,0.0,0.0
2015-01-02,947.567821293921,947.567821293921,933.564355954602,938.232177734375,15765200,0.0,0.0
2015-01-02,942.9000617462455,961.5713500976562,938.2322396583928,961.5713500976562,23012100,0.0,0.0
2015-01-02,961.5713500976562,966.239172185509,952.2357059219509,961.5713500976562,16859800,0.0,0.0
2015-01-02,961.57128663324,966.239108413013,938.232177734375,938.232177734375,46332400,0.0,0.0
2015-01-02,942.9000375142912,956.9035034179688,938.2322155463986,956.9035034179688,7271300,0.0,0.0
2015-01-02,956.9035034179688,961.5713253858612,942.9000375142912,956.9035034179688,15385000,0.0,0.0
2015-01-02,961.5713138303895,970.9069576539855,952.2356700067935,966.2391357421875,15343100,0.0,0.0
2015-01-02,961.5712779118466,984.9103865990272,961.5712779118466,970.9069213867188,25475200,0.0,0.0
2015-01-02,970.9068748148696,998.9138038960677,970.9068748148696,984.9103393554688,17233700,0.0,0.0
2015-01-02,989.5783081054688,998.9139525215581,984.9104858974241,989.5783081054688,12298200,0.0,0.0
2015-01-02,989.5781608690017,994.2459823825347,984.9103393554688,984.9103393554688,18240500,0.0,0.0
2015-01-02,966.2391488211496,980.2426147460938,924.2287510463169,980.2426147460938,38565000,0.0,0.0
2015-01-02,980.242616165516,1017.5851920194405,970.9069722020349,1003.5817260742188,32908300,0.0,0.0
2015-01-02,1017.5853018545889,1054.927881739161,1008.2496568834459,1036.256591796875,58092000,0.0,0.0
2015-01-02,1036.256591796875,1045.592236768018,1026.920946825732,1036.256591796875,25412100,0.0,0.0
2015-01-02,1031.5885980779476,1045.5920632102273,1012.9173112349077,1026.9207763671875,15887000,0.0,0.0
2015-01-02,1031.588623046875,1054.9277321655825,1022.252979399392,1031.588623046875,34433700,0.0,0.0
2015-01-02,1022.2531127929688,1031.5887576586579,1012.9174679272795,1022.2531127929688,13574900,0.0,0.0
2015-01-02,1017.5853018545889,1036.256591796875,1017.5853018545889,1036.256591796875,23871900,0.0,0.0
2015-01-02,1040.9243274264866,1040.9243274264866,1003.5817506578234,1008.2495727539062,22453100,0.0,0.0
2015-01-02,1012.9173700376999,1017.5851920194405,998.9139040924782,1003.5817260742188,15167900,0.0,0.0
2015-01-02,1003.5816254096007,1003.5816254096007,984.9103393554688,984.9103393554688,32584600,0.0,0.0
2015-01-02,984.9104367210751,994.2460806710379,961.5713268461682,980.2426147460938,23666300,0.0,0.0
2015-01-02,980.2426014775816,980.2426014775816,966.2391357421875,966.2391357421875,19044200,0.0,0.0
2015-01-02,966.2391970652454,994.2461303135135,966.2391970652454,989.5783081054688,37017400,0.0,0.0
2015-01-02,989.5782571932165,994.2460791611089,956.9035034179688,956.9035034179688,26566400,0.0,0.0
2015-01-02,956.9035280098036,966.239172185509,942.9000617462455,961.5713500976562,37071500,0.0,0.0
2015-01-02,952.2357059219509,961.5713500976562,947.5678838340982,961.5713500976562,47727400,0.0,0.0
2015-01-02,961.571362065334,966.2391842112822,952.2357177734375,952.2357177734375,11816700,0.0,0.0
2015-01-02,956.9035520648011,956.9035520648011,938.2322632440246,942.9000854492188,23846600,0.0,0.0
2015-01-02,947.5678100585938,956.9034535074469,933.5643448853141,947.5678100585938,19119500,0.0,0.0
2015-01-02,947.5678956274893,966.2391842112822,938.2322513355929,952.2357177734375,23099700,0.0,0.0
2015-01-02,952.2358060396635,952.2358060396635,910.2254028320312,910.2254028320312,54445800,0.0,0.0
2015-01-02,910.2252559071964,924.2287213826917,900.8896122568661,905.5574340820312,41306100,0.0,0.0
2015-01-02,910.2252924627591,910.2252924627591,896.2218264248705,900.8896484375,41150200,0.0,0.0
2015-01-02,896.221790431701,914.8930777323615,891.5539686065359,905.5574340820312,13793900,0.0,0.0
2015-01-02,905.55751953125,910.225341796875,886.88623046875,886.88623046875,32201000,0.0,0.0
2015-01-02,886.8861823996115,905.5574704501296,886.8861823996115,900.8896484375,16329600,0.0,0.0
2015-01-02,900.8896011041135,928.8965317083864,900.8896011041135,914.89306640625,40936500,0.0,0.0
2015-01-02,914.8931519174334,933.5644407320749,914.8931519174334,919.5609741210938,16104600,0.0,0.0
2015-01-02,924.2287963247542,933.5644407320749,910.225329713773,919.5609741210938,15186400,0.0,0.0
2015-01-02,928.8966188336362,961.5713742699953,924.2287966284421,942.9000854492188,39624600,0.0,0.0
2015-01-02,942.9000360107422,952.2356799316407,933.5643920898438,933.5643920898438,19948500,0.0,0.0
2015-01-02,938.2322632440246,956.9035520648011,933.5644410388304,942.9000854492188,19877500,0.0,0.0
2015-01-02,947.5679076544128,961.5713742699953,942.9000854492188,942.9000854492188,22053600,0.0,0.0
2015-01-02,942.9000375142912,956.9035034179688,942.9000375142912,956.9035034179688,15521700,0.0,0.0
2015-01-02,956.903464853467,961.57128663324,938.232177734375,938.232177734375,14272200,0.0,0.0
2015-01-02,938.23218908262,942.900010918852,928.8965454101562,928.8965454101562,15634700,0.0,0.0
2015-01-02,928.8966070436965,952.2357177734375,928.8966070436965,952.2357177734375,12735600,0.0,0.0
2015-01-02,952.2356317830203,956.9034535074469,938.2321666097406,947.5678100585938,4444200,0.0,0.0
2015-01-02,952.235729859607,952.235729859607,938.2322632440246,942.9000854492188,6467900,0.0,0.0
2015-01-02,942.9000389462425,994.2460806710379,942.9000389462425,980.2426147460938,83632600,0.0,0.0
2015-01-02,980.242638449067,1003.5817488883306,961.5713500976562,961.5713500976562,54966300,0.0,0.0
2015-01-02,966.239172185509,975.5748163612144,952.2357059219509,961.5713500976562,11937300,0.0,0.0
2015-01-02,961.5713138303895,975.5747795657835,952.2356700067935,966.2391357421875,10366800,0.0,0.0
2015-01-02,970.9069576539855,989.5782453011776,961.5713138303895,966.2391357421875,24393800,0.0,0.0
2015-01-02,966.2391357421875,984.9104233893796,961.5713138303895,966.2391357421875,23309000,0.0,0.0
2015-01-02,961.5712779118466,975.5747431241549,952.2356344369742,970.9069213867188,23726700,0.0,0.0
2015-01-02,975.5748291015625,998.913939845619,975.5748291015625,975.5748291015625,28500600,0.0,0.0
2015-01-02,980.2427117178373,998.9140014648438,980.2427117178373,998.9140014648438,13643000,0.0,0.0
2015-01-02,998.913939845619,998.913939845619,975.5748291015625,975.5748291015625,11425000,0.0,0.0
2015-01-02,975.5747431241549,984.9103865990272,961.5712779118466,970.9069213867188,14494300,0.0,0.0
2015-01-02,975.5747912895389,980.2426132574313,956.9035034179688,956.9035034179688,19623500,0.0,0.0
2015-01-02,970.9070063572304,970.9070063572304,947.5678956274893,952.2357177734375,32663500,0.0,0.0
2015-01-02,952.2357177734375,961.571362065334,947.5678956274893,952.2357177734375,10183300,0.0,0.0
2015-01-02,956.9035034179688,961.5713253858612,942.9000375142912,956.9035034179688,7225900,0.0,0.0
2015-01-02,952.2356799316407,956.9035018920898,933.5643920898438,933.5643920898438,13942100,0.0,0.0
2015-01-02,933.5643672463881,938.23218908262,919.5609017376923,928.8965454101562,18908000,0.0,0.0
2015-01-02,924.2287963247542,933.5644407320749,914.8931519174334,919.5609741210938,22402500,0.0,0.0
2015-01-02,919.5609364880182,928.8965805132773,900.8896484375,900.8896484375,41854900,0.0,0.0
2015-01-02,900.8896484375,914.8931144753886,896.2218264248705,900.8896484375,24966900,0.0,0.0
2015-01-02,900.8896849950155,914.8931516011556,896.2218627929688,896.2218627929688,23787100,0.0,0.0
2015-01-02,900.8896849950155,914.8931516011556,896.2218627929688,896.2218627929688,12227500,0.0,0.0
2015-01-02,896.2218627929688,910.2253293991089,886.8862183888754,896.2218627929688,31746100,0.0,0.0
2015-01-02,900.8896122568661,905.5574340820312,891.5539686065359,905.5574340820312,20910100,0.0,0.0
2015-01-02,905.55751953125,905.55751953125,882.218408203125,886.88623046875,18497900,0.0,0.0
2015-01-02,886.8862052585768,886.8862052585768,858.8792724609375,858.8792724609375,37779900,0.0,0.0
2015-01-02,863.5470220094086,877.5504872311828,858.8792002688173,868.21484375,24132800,0.0,0.0
2015-01-02,868.21484375,882.2183089717743,858.8792002688173,868.21484375,37641700,0.0,0.0
2015-01-02,868.2149057438237,910.2253044088474,854.211439522149,891.5540161132812,28104500,0.0,0.0
2015-01-02,891.5540161132812,910.2253044088474,891.5540161132812,891.5540161132812,31150500,0.0,0.0
2015-01-02,896.2218381871728,900.8896602610644,886.8861940393897,891.5540161132812,23641600,0.0,0.0
2015-01-02,905.5574318214699,905.5574318214699,872.8826791268808,882.2183227539062,10475300,0.0,0.0
2015-01-02,891.553952452957,891.553952452957,868.21484375,868.21484375,5422500,0.0,0.0
2015-01-02,868.214893097573,886.8861811211768,868.214893097573,877.550537109375,9765100,0.0,0.0
2015-01-02,886.8861920267178,886.8861920267178,835.5401493304342,844.8757934570312,68991800,0.0,0.0
2015-01-02,844.8757687038845,854.2114125569661,830.8723029242622,840.2079467773438,15400500,0.0,0.0
2015-01-02,835.540148301558,840.2079703591087,816.8688600713556,821.5366821289062,18634700,0.0,0.0
2015-01-02,821.5366323186064,835.5400976422189,807.5331669949937,812.2009887695312,14186000,0.0,0.0
2015-01-02,812.201015218099,844.8757687038845,807.5331932915582,840.2079467773438,19789900,0.0,0.0
2015-01-02,840.2079450334821,840.2079450334821,802.8653696986607,816.8688354492188,42354300,0.0,0.0
2015-01-02,816.868896484375,816.868896484375,770.190673828125,770.190673828125,50731700,0.0,0.0
2015-01-02,765.5228515625,784.194140625,765.5228515625,770.190673828125,25959600,0.0,0.0
2015-01-02,774.8584721130732,793.5297605977256,770.1906499919102,788.8619384765625,17683200,0.0,0.0
2015-01-02,798.1975605139571,830.872314453125,779.5262725487183,830.872314453125,51480200,0.0,0.0
2015-01-02,826.2044774672564,826.2044774672564,793.5297241210938,793.5297241210938,27815100,0.0,0.0
2015-01-02,816.8688850606826,900.8896846669243,812.2010628603359,872.8827514648438,102837800,0.0,0.0
2015-01-02,872.8827278177151,896.2218381871728,858.8792615960406,891.5540161132812,28585200,0.0,0.0
2015-01-02,854.2114629745483,900.8896849950155,854.2114629745483,896.2218627929688,34093300,0.0,0.0
2015-01-02,896.2218627929688,900.8896849950155,882.2183961868286,896.2218627929688,8021700,0.0,0.0
2015-01-02,900.889697265625,900.889697265625,872.8827636718751,886.88623046875,9447200,0.0,0.0
2015-01-02,886.8861940393897,900.8896602610644,877.5505498916067,891.5540161132812,13066500,0.0,0.0
2015-01-02,891.5540402662308,891.5540402662308,872.8827514648438,872.8827514648438,5525000,0.0,0.0
2015-01-02,868.21494140625,886.88623046875,868.21494140625,886.88623046875,3193700,0.0,0.0
2015-01-02,886.8861307123656,891.553952452957,868.21484375,868.21484375,10398000,0.0,0.0
2015-01-02,886.8862183888754,896.2218627929688,886.8862183888754,896.2218627929688,35037600,0.0,0.0
2015-01-02,896.2218627929688,896.2218627929688,882.2183961868286,896.2218627929688,15405300,0.0,0.0
2015-01-02,896.2217793367347,924.2287099410077,886.886135801977,914.89306640625,29514500,0.0,0.0
2015-01-02,914.89306640625,919.5608881736288,900.8896011041135,914.89306640625,11605800,0.0,0.0
2015-01-02,914.8931157275883,928.8965817846432,910.22529370857,924.228759765625,22319200,0.0,0.0
2015-01-02,924.2287099410077,924.2287099410077,910.2252446388711,914.89306640625,9052100,0.0,0.0
2015-01-02,914.8930777323615,914.8930777323615,896.221790431701,905.5574340820312,16862300,0.0,0.0
2015-01-02,914.8932254106571,914.8932254106571,900.8897576747797,910.2254028320312,3940200,0.0,0.0
2015-01-02,910.2252559071964,924.2287213826917,905.5574340820312,905.5574340820312,8680200,0.0,0.0
2015-01-02,905.5574716895517,942.9000478416982,905.5574716895517,924.228759765625,38459100,0.0,0.0
2015-01-02,933.5644038036615,933.5644038036615,919.5609377466067,924.228759765625,14598000,0.0,0.0
2015-01-02,924.2287481689453,933.5643920898438,914.8931042480469,933.5643920898438,45938000,0.0,0.0
2015-01-02,919.5609351624834,933.5644011801861,872.8827151034741,877.550537109375,34053600,0.0,0.0
2015-01-02,877.5505383743524,914.8931144753886,877.5505383743524,900.8896484375,19997900,0.0,0.0
2015-01-02,910.2252446388711,914.89306640625,896.2217793367347,914.89306640625,13063400,0.0,0.0
2015-01-02,914.8931640625,914.8931640625,886.88623046875,886.88623046875,23298600,0.0,0.0
2015-01-02,886.8861920267178,891.5540140900164,840.2079713937327,844.8757934570312,36068300,0.0,0.0
2015-01-02,844.8757934570312,858.8792596469268,840.2079713937327,844.8757934570312,18026500,0.0,0.0
2015-01-02,854.2114270798703,877.550537109375,849.5436050739694,877.550537109375,17652700,0.0,0.0
2015-01-02,886.8861823996115,905.5574704501296,877.5505383743524,900.8896484375,44923900,0.0,0.0
2015-01-02,910.22529370857,924.228759765625,900.8896496705335,924.228759765625,40492500,0.0,0.0
2015-01-02,933.5643920898438,938.232214050293,919.5609262084961,933.5643920898438,36441900,0.0,0.0
2015-01-02,934.5035870361328,957.9835766601562,929.8075891113281,939.1995849609375,84443500,6.0,0.0
2015-01-02,939.1995894347186,939.1995894347186,887.5436120158091,896.9356079101562,31841900,0.0,0.0
2015-01-02,906.3275618405686,915.7195573000564,896.9355663810809,911.0235595703125,9424500,0.0,0.0
2015-01-02,915.7195297552614,929.807522520727,906.3275345782844,920.41552734375,9886400,0.0,0.0
2015-01-02,929.8075935403714,929.8075935403714,892.2396099629826,896.9356079101562,16762300,0.0,0.0
2015-01-02,901.6315778821244,911.0235734850631,887.5435844777162,906.3275756835938,18766800,0.0,0.0
2015-01-02,906.3275756835938,925.1115668894713,901.6315778821244,906.3275756835938,6180000,0.0,0.0
2015-01-02,911.0235595703125,920.4155550298002,901.6315641108247,911.0235595703125,16792600,0.0,0.0
2015-01-02,915.7196229876895,934.5036152541036,906.3276268544823,929.8076171875,15217100,0.0,0.0
2015-01-02,925.1116233296914,948.5916137695312,920.4156252417233,948.5916137695312,17733400,0.0,0.0
2015-01-02,948.5915389037484,962.6795320557843,939.1995434690579,953.2875366210938,13437300,0.0,0.0
2015-01-02,953.2875835942286,967.3755774404488,948.5915856454886,957.9835815429688,10160300,0.0,0.0
2015-01-02,957.983591050958,957.983591050958,934.5036010742188,934.5036010742188,14726900,0.0,0.0
2015-01-02,934.5036586663663,934.5036586663663,911.0236672425882,915.7196655273438,14453400,0.0,0.0
2015-01-02,915.7195297552614,929.807522520727,906.3275345782844,920.41552734375,9143000,0.0,0.0
2015-01-02,920.4155976460243,925.1115955931978,896.9356079101562,896.9356079101562,18445900,0.0,0.0
2015-01-02,901.631670673077,929.8076603816106,901.631670673077,915.7196655273438,7950800,0.0,0.0
2015-01-02,925.1115249322385,929.807522520727,906.3275345782844,920.41552734375,7445100,0.0,0.0
2015-01-02,920.4155744368654,925.111572265625,906.3275809505869,925.111572265625,13200800,0.0,0.0
2015-01-02,925.1115955931978,925.1115955931978,896.9356079101562,896.9356079101562,24166600,0.0,0.0
2015-01-02,896.9356220446134,906.3276180869655,882.8476279810855,892.2396240234375,15752100,0.0,0.0
2015-01-02,892.2395909086188,906.3275844492811,878.1515973679564,882.8475952148438,15515500,0.0,0.0
2015-01-02,882.8475952148438,896.9355887555062,878.1515973679564,882.8475952148438,16876900,0.0,0.0
2015-01-02,892.2396099629826,901.6316058573299,887.5436120158091,896.9356079101562,6906000,0.0,0.0
2015-01-02,901.6315778821244,906.3275756835938,887.5435844777162,906.3275756835938,15991000,0.0,0.0
2015-01-02,906.3275756835938,920.4155690880019,896.935580080655,906.3275756835938,15980700,0.0,0.0
2015-01-02,915.7196393220321,915.7196393220321,864.0636596679688,864.0636596679688,35275200,0.0,0.0
2015-01-02,864.0635512721994,878.1515439559853,840.5835634658897,859.3675537109375,58145500,0.0,0.0
2015-01-02,859.3675537109375,859.3675537109375,840.5835634658897,859.3675537109375,29395600,0.0,0.0
2015-01-02,854.6716064453126,859.3676042829242,821.7996215820312,821.7996215820312,50047400,0.0,0.0
2015-01-02,821.7996404412088,840.5836322227221,807.7116466050737,835.8876342773438,88848900,0.0,0.0
2015-01-02,835.8876389723558,854.671630859375,826.4956430288462,854.671630859375,44088700,0.0,0.0
2015-01-02,854.6716493348817,868.7596435546875,840.5836551150761,868.7596435546875,29157500,0.0,0.0
2015-01-02,868.7595767869475,868.7595767869475,840.5835905127763,849.9755859375,17264500,0.0,0.0
2015-01-02,845.2796349158654,864.0636268028846,840.5836369441106,854.671630859375,21029700,0.0,0.0
2015-01-02,859.3676532398571,859.3676532398571,826.4956665039062,826.4956665039062,23562300,0.0,0.0
2015-01-02,826.4956665039062,831.191664609042,812.4076721884987,826.4956665039062,32793600,0.0,0.0
2015-01-02,826.4956665039062,831.191664609042,812.4076721884987,826.4956665039062,26461500,0.0,0.0
2015-01-02,831.1916172572545,831.1916172572545,812.4076259068081,821.7996215820312,44511300,0.0,0.0
2015-01-02,821.7996683987703,840.5836608193136,817.1036702936345,826.4956665039062,24702800,0.0,0.0
2015-01-02,826.4956194196429,831.1916172572545,812.4076259068081,821.7996215820312,19573400,0.0,0.0
2015-01-02,821.7996628220018,868.7596435546875,817.1036647487332,868.7596435546875,86585300,0.0,0.0
2015-01-02,873.4556559687076,882.8476522694464,859.3676615175993,864.0636596679688,49778600,0.0,0.0
2015-01-02,864.0635710685484,878.1515640751009,859.3675733996976,873.45556640625,35176300,0.0,0.0
2015-01-02,878.1515640751009,878.1515640751009,859.3675733996976,873.45556640625,32474500,0.0,0.0
2015-01-02,873.45556640625,887.5435594128024,868.7595687373991,873.45556640625,36450300,0.0,0.0
2015-01-02,873.4556741153492,882.8476706112132,864.0636776194852,878.1516723632812,14527100,0.0,0.0
2015-01-02,882.8476706112132,887.5436688591452,868.7596758674173,878.1516723632812,24522400,0.0,0.0
2015-01-02,882.8476522694464,887.5436504198158,835.8876707657524,864.0636596679688,154287100,0.0,0.0
2015-01-02,868.7596537272135,868.7596537272135,845.2796630859375,845.2796630859375,11448700,0.0,0.0
2015-01-02,845.2796301681004,849.9756281134787,835.8876342773438,835.8876342773438,10232700,0.0,0.0
2015-01-02,840.5836608193136,849.9756570295854,821.7996683987703,826.4956665039062,27821800,0.0,0.0
2015-01-02,826.4956194196429,835.8876150948661,821.7996215820312,821.7996215820312,16703900,0.0,0.0
2015-01-02,831.191650390625,835.8876484154308,821.7996543410134,831.191650390625,16830700,0.0,0.0
2015-01-02,831.1916363319655,845.2796301681004,821.7996404412088,835.8876342773438,17959800,0.0,0.0
2015-01-02,845.2796107700893,849.9756086077009,817.1036237444197,821.7996215820312,21695700,0.0,0.0
2015-01-02,821.7996724446615,845.2796630859375,817.1036743164062,845.2796630859375,39236600,0.0,0.0
2015-01-02,840.5837049539379,840.5837049539379,803.015718140354,812.40771484375,73685500,0.0,0.0
2015-01-02,812.40771484375,821.799711547146,807.711716492052,812.40771484375,24887900,0.0,0.0
2015-01-02,817.1036184210526,821.7996162280702,803.015625,803.015625,15546500,0.0,0.0
2015-01-02,803.015639002183,812.4076347799862,793.6236432243796,798.3196411132812,17060100,0.0,0.0
2015-01-02,798.3196271929825,807.7116228070175,793.6236293859649,803.015625,18660900,0.0,0.0
2015-01-02,807.7116280691964,821.7996215820312,803.0156302315849,821.7996215820312,24092800,0.0,0.0
2015-01-02,821.799711547146,821.799711547146,807.711716492052,812.40771484375,16479500,0.0,0.0
2015-01-02,817.1036376953125,817.1036376953125,803.0156439419451,817.1036376953125,26564300,0.0,0.0
2015-01-02,817.1036184210526,821.7996162280702,803.015625,803.015625,10217400,0.0,0.0
2015-01-02,803.0156718409339,817.1036660837573,798.3196737599927,807.711669921875,18946100,0.0,0.0
2015-01-02,807.7116368910846,817.1036326688879,788.927645335478,798.3196411132812,24025500,0.0,0.0
2015-01-02,798.3196271929825,803.015625,793.6236293859649,803.015625,18837300,0.0,0.0
2015-01-02,803.015625,812.4076206140351,793.6236293859649,803.015625,17753400,0.0,0.0
2015-01-02,803.015625,807.7116228070175,793.6236293859649,803.015625,36256400,0.0,0.0
2015-01-02,798.3196271929825,807.7116228070175,793.6236293859649,803.015625,33359700,0.0,0.0
2015-01-02,788.9276834499617,793.6236815657353,756.0556966395466,765.4476928710938,105425400,0.0,0.0
2015-01-02,765.4476741790771,765.4476741790771,741.967684173584,751.3596801757812,68201400,0.0,0.0
2015-01-02,751.3596661490683,774.8396557162267,746.6636682356367,756.0556640625,65182300,0.0,0.0
2015-01-02,746.6636821746827,751.3596801757812,727.8796901702881,751.3596801757812,34001500,0.0,0.0
2015-01-02,746.6636153001052,756.0556104611128,723.1836273975862,732.5756225585938,38734400,0.0,0.0
2015-01-02,737.2716861724854,760.7516761779785,727.8796901702881,751.3596801757812,32325100,0.0,0.0
2015-01-02,751.3596801757812,770.1436721801758,751.3596801757812,751.3596801757812,42701900,0.0,0.0
2015-01-02,756.0556966395466,770.1436909868673,741.9677022922259,765.4476928710938,26594900,0.0,0.0
2015-01-02,770.1436867384041,770.1436867384041,741.9676981991942,746.6636962890625,26089800,0.0,0.0
2015-01-02,756.0556640625,765.4476598893633,746.6636682356367,756.0556640625,29862600,0.0,0.0
2015-01-02,751.3596661490683,765.4476598893633,746.6636682356367,756.0556640625,49607900,0.0,0.0
2015-01-02,756.0557069416288,756.0557069416288,741.9677124023438,741.9677124023438,24390700,0.0,0.0
2015-01-02,741.967684173584,756.05567817688,737.2716861724854,751.3596801757812,37954100,0.0,0.0
2015-01-02,746.6636821746827,751.3596801757812,741.967684173584,751.3596801757812,27470200,0.0,0.0
2015-01-02,746.6636962890625,751.3596943789307,737.2717001093258,746.6636962890625,23766800,0.0,0.0
2015-01-02,746.6636962890625,746.6636962890625,732.5757020194575,746.6636962890625,35672400,0.0,0.0
2015-01-02,746.6636153001052,746.6636153001052,718.4876298170824,732.5756225585938,70191400,0.0,0.0
2015-01-02,732.5756225585938,737.2716201390975,718.4876298170824,732.5756225585938,52568500,0.0,0.0
2015-01-02,704.3997192382812,704.3997192382812,643.3517435709635,704.3997192382812,252892800,0.0,0.0
2015-01-02,704.3996911299856,746.6636725977847,699.703693189119,713.7916870117188,73247100,0.0,0.0
2015-01-02,713.7916870117188,718.4876849525854,690.3116973073859,713.7916870117188,62230200,0.0,0.0
2015-01-02,713.7916730494281,723.183668747447,695.0076816533906,718.4876708984375,42168800,0.0,0.0
2015-01-02,713.7916677590184,718.4876655732226,695.0076765022021,699.7036743164062,41959500,0.0,0.0
2015-01-02,695.0076816533906,718.4876708984375,680.9196881063624,718.4876708984375,86727200,0.0,0.0
2015-01-02,704.3996461680238,713.7916414502641,662.1356673979424,666.8316650390625,200954000,0.0,0.0
2015-01-02,666.8316844019397,685.6156755118535,666.8316844019397,680.919677734375,51106100,0.0,0.0
2015-01-02,671.5277709960938,680.9197677932419,652.7437774017974,671.5277709960938,138925100,0.0,0.0
2015-01-02,676.2236938476562,690.3116874694824,666.8316980997721,676.2236938476562,55636300,0.0,0.0
2015-01-02,676.2237177309783,690.3117118503736,648.0477294921875,648.0477294921875,1945968000,0.0,0.0
2015-01-02,648.0477294921875,662.1357236115829,619.8717412533967,648.0477294921875,327045000,0.0,0.0
2015-01-02,648.0477790032234,676.2237693946678,648.0477790032234,671.5277709960938,217257500,0.0,0.0
2015-01-02,671.527676629682,676.2236743683511,657.4396834136746,662.1356811523438,107291100,0.0,0.0
2015-01-02,666.8316844019397,685.6156755118535,666.8316844019397,680.919677734375,72253600,0.0,0.0
2015-01-02,680.919677734375,680.919677734375,666.8316844019397,680.919677734375,56738200,0.0,0.0
2015-01-02,680.9196917215983,680.9196917215983,666.8316980997721,676.2236938476562,42882600,0.0,0.0
2015-01-02,666.8316650390625,671.5276626801827,657.4396697568222,666.8316650390625,119825300,0.0,0.0
2015-01-02,662.1357092548617,666.8317071928395,652.7437133789062,652.7437133789062,81887300,0.0,0.0
2015-01-02,657.4397255717844,657.4397255717844,633.9597353727921,648.0477294921875,69993200,0.0,0.0
2015-01-02,648.0477728949653,648.0477728949653,619.8717827690972,633.9597778320312,78056500,0.0,0.0
2015-01-02,633.9597028844497,643.3516984827378,624.5677072861615,638.6557006835938,52169000,0.0,0.0
2015-01-02,638.6557006835938,643.3516984827378,629.2637050853056,638.6557006835938,55750300,0.0,0.0
2015-01-02,638.6557059151786,657.439697265625,633.959708077567,657.439697265625,73926300,0.0,0.0
2015-01-02,662.1357679578994,662.1357679578994,633.9597778320312,633.9597778320312,42948700,0.0,0.0
2015-01-02,638.6557474623631,643.3517456054688,629.2637511761519,643.3517456054688,36949900,0.0,0.0
2015-01-02,643.3517456054688,643.3517456054688,629.2637511761519,643.3517456054688,24178300,0.0,0.0
2015-01-02,643.3517806046492,676.2237693946678,643.3517806046492,671.5277709960938,50764300,0.0,0.0
2015-01-02,671.5277145281941,690.3117065429688,666.8317165245004,690.3117065429688,79488300,0.0,0.0
2015-01-02,690.3117207566353,690.3117207566353,676.2237264554794,685.61572265625,25415300,0.0,0.0
2015-01-02,685.61572265625,690.3117207566353,676.2237264554794,685.61572265625,39343500,0.0,0.0
2015-01-02,685.6156808737941,704.3996721306103,676.2236852453859,699.7036743164062,59870500,0.0,0.0
2015-01-02,699.7036743164062,709.0956699448144,685.6156808737941,699.7036743164062,33425500,0.0,0.0
2015-01-02,707.5006103515625,707.5006103515625,693.0618223852041,707.5006103515625,27335400,18.1,0.0
2015-01-02,712.31359375,726.7523828125,697.8748046875,721.939453125,62509400,0.0,0.0
2015-01-02,721.9394367971238,755.6299438476562,717.1265072184763,755.6299438476562,92467600,0.0,0.0
2015-01-02,755.6299461951622,755.6299461951622,736.3782278207632,750.8170166015625,42658100,0.0,0.0
2015-01-02,755.6299438476562,765.2558030049512,741.1911551117138,755.6299438476562,49344400,0.0,0.0
2015-01-02,760.4428620515047,779.694580078125,750.8170030381945,779.694580078125,92135200,0.0,0.0
2015-01-02,784.5075141906738,784.5075141906738,760.4428665161132,770.0687255859375,35384700,0.0,0.0
2015-01-02,770.068730221519,774.8816597854035,760.44287109375,760.44287109375,29957600,0.0,0.0
2015-01-02,760.4429294418239,779.6946491745283,755.6299995086478,765.255859375,29924800,0.0,0.0
2015-01-02,770.0687893081761,770.0687893081761,750.8170695754717,765.255859375,31316800,0.0,0.0
2015-01-02,765.2558053823618,765.2558053823618,731.5652982271635,750.8170166015625,44518900,0.0,0.0
2015-01-02,755.6299461951622,760.442875788762,746.0040870079628,750.8170166015625,11819400,0.0,0.0
2015-01-02,746.0041396422956,770.0687893081761,746.0041396422956,765.255859375,62450300,0.0,0.0
2015-01-02,765.2558030049512,770.0687325835987,746.0040846903612,755.6299438476562,17662700,0.0,0.0
2015-01-02,755.6299415298655,765.2558006576345,741.191152838212,760.44287109375,23131000,0.0,0.0
2015-01-02,770.068730221519,770.068730221519,750.817011965981,760.44287109375,17126400,0.0,0.0
2015-01-02,755.6299438476562,765.2558030049512,755.6299438476562,755.6299438476562,15598100,0.0,0.0
2015-01-02,760.4428734263037,760.4428734263037,746.0040846903612,755.6299438476562,17564800,0.0,0.0
2015-01-02,765.255859375,765.255859375,750.8170695754717,765.255859375,42075900,0.0,0.0
2015-01-02,770.0687762004574,794.1334254567216,760.4429164979516,789.3204956054688,119754600,0.0,0.0
2015-01-02,784.5075581259356,818.1980667571108,774.8816985170284,803.75927734375,117259500,0.0,0.0
2015-01-02,794.133373260498,794.133373260498,746.004077911377,770.0687255859375,131326000,0.0,0.0
2015-01-02,774.8817086249041,794.1334280938459,770.0687787576687,784.507568359375,72891200,0.0,0.0
2015-01-02,784.5075631806345,798.9463526870265,784.5075631806345,794.1334228515625,22287500,0.0,0.0
2015-01-02,789.3204930160986,803.7592825224906,779.6946333451705,794.1334228515625,48354100,0.0,0.0
2015-01-02,794.1334177348429,803.75927734375,789.3204879303893,803.75927734375,33330800,0.0,0.0
2015-01-02,803.7592851592274,803.7592851592274,779.6946359029631,789.3204956054688,26340600,0.0,0.0
2015-01-02,789.3204879303893,803.75927734375,784.5075581259356,803.75927734375,43795100,0.0,0.0
2015-01-02,803.7592748006185,808.5722045898438,794.133415222168,808.5722045898438,37869200,0.0,0.0
2015-01-02,808.5722123579546,813.3851421934186,789.3204930160986,794.1334228515625,29716600,0.0,0.0
2015-01-02,798.9463579610813,803.7592878283167,779.6946384921396,784.507568359375,38134800,0.0,0.0
2015-01-02,779.6945846557617,784.5075141906738,760.4428665161132,770.0687255859375,74155500,0.0,0.0
2015-01-02,774.8816505714699,779.694580078125,765.2557915581597,779.694580078125,23343800,0.0,0.0
2015-01-02,789.3204982266104,789.3204982266104,774.8817086249041,784.507568359375,18986300,0.0,0.0
2015-01-02,774.8817138671875,779.6946437669836,760.4429241677989,774.8817138671875,30676000,0.0,0.0
2015-01-02,779.694580078125,784.5075095847801,770.0687210648148,779.694580078125,26442200,0.0,0.0
2015-01-02,779.6946384921396,784.507568359375,770.0687787576687,784.507568359375,30107100,0.0,0.0
2015-01-02,784.5075631806345,798.9463526870265,779.6946333451705,794.1334228515625,39066900,0.0,0.0
2015-01-02,798.9463500976562,818.1980693771178,784.5075606380601,798.9463500976562,82964300,0.0,0.0
2015-01-02,808.5722097373871,808.5722097373871,794.1334202777908,798.9463500976562,20732800,0.0,0.0
2015-01-02,798.9463475392964,803.75927734375,779.694628321482,803.75927734375,37863800,0.0,0.0
2015-01-02,803.75927734375,813.3851369526571,794.1334177348429,803.75927734375,25990700,0.0,0.0
2015-01-02,803.7592878283167,803.7592878283167,784.507568359375,784.507568359375,32057200,0.0,0.0
2015-01-02,784.507568359375,794.1334280938459,774.8817086249041,784.507568359375,15310300,0.0,0.0
2015-01-02,789.3204879303893,803.75927734375,784.5075581259356,803.75927734375,16379100,0.0,0.0
2015-01-02,798.9463450113932,813.385134379069,798.9463450113932,808.5722045898438,33712000,0.0,0.0
2015-01-02,808.5722045898438,808.5722045898438,794.133415222168,808.5722045898438,19300100,0.0,0.0
2015-01-02,818.1979855624113,851.8884908502753,808.5721269087359,847.0755615234375,123996200,0.0,0.0
2015-01-02,851.888499415198,851.888499415198,823.0109231638354,827.8238525390625,53396600,0.0,0.0
2015-01-02,827.8238525390625,837.4497112895167,823.0109231638354,827.8238525390625,14970700,0.0,0.0
2015-01-02,827.8238525390625,827.8238525390625,818.1979937886083,827.8238525390625,16631500,0.0,0.0
2015-01-02,823.0109913842917,827.8239211584689,808.5722020617603,813.3851318359375,23528000,0.0,0.0
2015-01-02,813.3850914001465,818.1980209350586,765.2557960510254,770.0687255859375,111372800,0.0,0.0
2015-01-02,774.8816888820359,823.010986328125,774.8816888820359,823.010986328125,156999600,0.0,0.0
2015-01-02,823.0109939575195,823.0109939575195,803.7592748006185,808.5722045898438,74402800,0.0,0.0
2015-01-02,808.5722020617603,818.1980616101147,803.7592722875831,813.3851318359375,57880200,0.0,0.0
2015-01-02,813.3851268389071,823.010986328125,808.5721970942982,823.010986328125,33358400,0.0,0.0
2015-01-02,832.6368458173429,832.6368458173429,808.5721970942982,823.010986328125,24720400,0.0,0.0
2015-01-02,827.8239160727339,827.8239160727339,813.3851268389071,823.010986328125,30187400,0.0,0.0
2015-01-02,827.8239160727339,827.8239160727339,813.3851268389071,823.010986328125,14878500,0.0,0.0
2015-01-02,823.010986328125,827.8239160727339,808.5721970942982,823.010986328125,26519900,0.0,0.0
2015-01-02,823.0109189789871,837.44970703125,818.1979896282328,837.44970703125,28325700,0.0,0.0
2015-01-02,837.4497755619517,837.4497755619517,803.7592673496894,823.010986328125,53664400,0.0,0.0
2015-01-02,818.1980616101147,818.1980616101147,803.7592722875831,813.3851318359375,23153500,0.0,0.0
2015-01-02,813.3851293227251,818.1980590820312,803.759269804113,818.1980590820312,27400800,0.0,0.0
2015-01-02,818.1980616101147,837.4497807068232,813.3851318359375,813.3851318359375,28343100,0.0,0.0
2015-01-02,818.1980641682943,818.1980641682943,808.5722045898438,808.5722045898438,33817700,0.0,0.0
2015-01-02,808.5722045898438,818.1980641682943,808.5722045898438,808.5722045898438,9548100,0.0,0.0
2015-01-02,808.5722045898438,813.385134379069,803.7592748006185,808.5722045898438,8306800,0.0,0.0
2015-01-02,823.0109939575195,823.0109939575195,798.9463450113932,808.5722045898438,21766500,0.0,0.0
2015-01-02,808.5722176955521,813.3851475627876,784.507568359375,784.507568359375,25846800,0.0,0.0
2015-01-02,784.5075631806345,798.9463526870265,774.8817035097065,794.1334228515625,29126300,0.0,0.0
2015-01-02,794.1334254567216,798.9463553079745,784.5075657542159,789.3204956054688,75288600,0.0,0.0
2015-01-02,789.3204390914352,794.1333685980903,770.0687210648148,779.694580078125,39170700,0.0,0.0
2015-01-02,784.5075095847801,784.5075095847801,770.0687210648148,779.694580078125,37169600,0.0,0.0
2015-01-02,779.6946384921396,789.3204982266104,774.8817086249041,784.507568359375,12101300,0.0,0.0
2015-01-02,784.5075095847801,784.5075095847801,770.0687210648148,779.694580078125,41929800,0.0,0.0
2015-01-02,774.8816551208496,779.6945846557617,765.2557960510254,770.0687255859375,40630000,0.0,0.0
2015-01-02,770.0687839673913,774.8817138671875,765.2558540675951,774.8817138671875,18038600,0.0,0.0
2015-01-02,774.8817192413521,774.8817192413521,765.255859375,765.255859375,14528600,0.0,0.0
2015-01-02,765.2558077904486,770.0687373991935,746.0040893554688,746.0040893554688,34256600,0.0,0.0
2015-01-02,750.8170142690087,765.2558030049512,741.1911551117138,755.6299438476562,25470000,0.0,0.0
2015-01-02,760.44287109375,765.2558006576345,736.3782232743275,760.44287109375,20346000,0.0,0.0
2015-01-02,760.4428665161132,774.8816551208496,755.6299369812011,770.0687255859375,17040400,0.0,0.0
2015-01-02,770.0687255859375,774.8816551208496,760.4428665161132,770.0687255859375,16300000,0.0,0.0
2015-01-02,770.0687325835987,770.0687325835987,741.1911551117138,755.6299438476562,22070900,0.0,0.0
2015-01-02,755.6299438476562,755.6299438476562,741.1911551117138,755.6299438476562,9339400,0.0,0.0
2015-01-02,755.6299509816356,755.6299509816356,736.3782324852882,741.191162109375,18696900,0.0,0.0
2015-01-02,736.3782278207632,755.6299461951622,726.7523686335637,750.8170166015625,22860600,0.0,0.0
2015-01-02,750.8169656715645,755.62989493869,726.7523193359375,726.7523193359375,13615700,0.0,0.0
2015-01-02,721.939453125,721.939453125,702.687734375,721.939453125,18467300,0.0,0.0
2015-01-02,717.1265283533045,721.9394580737965,697.8748094713366,712.3135986328125,36055900,0.0,0.0
2015-01-02,712.313539673682,712.313539673682,697.8747517073236,707.5006103515625,30453400,0.0,0.0
2015-01-02,707.5006145608836,707.5006145608836,683.4359678071121,697.874755859375,45165300,0.0,0.0
2015-01-02,693.0618896484375,697.8748194376627,678.6231002807617,693.0618896484375,42594500,0.0,0.0
2015-01-02,697.874824631382,697.874824631382,673.810175506162,683.43603515625,28851500,0.0,0.0
2015-01-02,683.4360300699869,697.8748194376627,678.6231002807617,693.0618896484375,32446400,0.0,0.0
2015-01-02,693.0618896484375,697.8748194376627,683.4360300699869,693.0618896484375,7043000,0.0,0.0
2015-01-02,697.8748194376627,702.6877492268881,688.2489598592123,693.0618896484375,15190900,0.0,0.0
2015-01-02,693.0618896484375,697.8748194376627,683.4360300699869,693.0618896484375,13964700,0.0,0.0
2015-01-02,693.0618974401596,702.6877571268285,678.6231079101562,678.6231079101562,33122200,0.0,0.0
2015-01-02,678.6231079101562,688.2489675968251,673.8101780668218,678.6231079101562,21267200,0.0,0.0
2015-01-02,678.6231079101562,683.4360377534907,668.9972482234873,678.6231079101562,17953300,0.0,0.0
2015-01-02,678.6231079101562,683.4360377534907,673.8101780668218,678.6231079101562,13518800,0.0,0.0
2015-01-02,678.6231158712636,683.4360457710598,664.184326171875,664.184326171875,22077800,0.0,0.0
2015-01-02,664.184326171875,673.8101859714674,654.5584663722826,664.184326171875,19581000,0.0,0.0
2015-01-02,664.1843158560739,688.248964981294,664.1843158560739,683.43603515625,38166500,0.0,0.0
2015-01-02,683.4360300699869,702.6877492268881,678.6231002807617,693.0618896484375,26626600,0.0,0.0
2015-01-02,693.061894806338,693.061894806338,673.810175506162,683.43603515625,30148000,0.0,0.0
2015-01-02,688.2489548774614,707.5006738950128,683.4360251230736,702.687744140625,19316400,0.0,0.0
2015-01-02,702.6877492268881,712.3136088053385,688.2489598592123,693.0618896484375,18021800,0.0,0.0
2015-01-02,697.8748220163625,697.8748220163625,683.4360325953344,688.2489624023438,25135300,0.0,0.0
2015-01-02,683.4360485216127,683.4360485216127,654.558469006615,659.3713989257812,83606700,0.0,0.0
2015-01-02,664.184326171875,673.8101859714674,659.3713962720788,664.184326171875,21436000,0.0,0.0
2015-01-02,668.9972614961512,668.9972614961512,644.932611802045,654.5584716796875,35308800,0.0,0.0
2015-01-02,649.7455417408663,654.5584716796875,640.1196818632238,654.5584716796875,28848900,0.0,0.0
2015-01-02,654.5584198922822,654.5584198922822,635.3067016601562,635.3067016601562,28509500,0.0,0.0
2015-01-02,630.4937767615685,635.3067063551682,616.0549879807693,625.6808471679688,30189700,0.0,0.0
2015-01-02,625.6808021420338,635.3066606365267,587.1773681640625,587.1773681640625,115484800,0.0,0.0
2015-01-02,596.8032861725102,611.2420753541032,587.1774267181148,591.9903564453125,45412800,0.0,0.0
2015-01-02,596.80322265625,606.4290810861895,587.1773642263105,596.80322265625,51190000,0.0,0.0
2015-01-02,601.6162061315822,635.3067136749507,601.6162061315822,611.2420654296875,51169200,0.0,0.0
2015-01-02,611.242056111343,635.3067039897423,601.6161969599833,630.4937744140625,47671600,0.0,0.0
2015-01-02,630.4937815666199,630.4937815666199,606.4291334152222,616.0549926757812,21166100,0.0,0.0
2015-01-02,644.9325917561849,702.6877492268881,644.9325917561849,693.0618896484375,98877000,0.0,0.0
2015-01-02,697.8748299734933,697.8748299734933,664.1843209402901,673.8101806640625,33181200,0.0,0.0
2015-01-02,674.7810668945312,679.6356069441322,655.3629066961275,674.7810668945312,15237000,6.0,0.0
2015-01-02,674.7810754846644,674.7810754846644,640.799294704861,655.3629150390625,35253200,0.0,0.0
2015-01-02,650.5083618164062,655.3629018299615,631.0902017621852,650.5083618164062,29486900,0.0,0.0
2015-01-02,650.508374927662,655.3629150390625,635.9447545934606,655.3629150390625,20080500,0.0,0.0
2015-01-02,650.5083702674278,650.5083702674278,631.0902099609375,631.0902099609375,27693100,0.0,0.0
2015-01-02,631.0901967129965,635.944736687712,616.5265767888505,626.2356567382812,19201800,0.0,0.0
2015-01-02,626.2356743706597,660.2174551504629,626.2356743706597,655.3629150390625,23115900,0.0,0.0
2015-01-02,674.7810888851391,679.6356290929458,650.5083878461053,660.2174682617188,22507300,0.0,0.0
2015-01-02,660.2174775094697,660.2174775094697,635.9447761304451,640.79931640625,26940700,0.0,0.0
2015-01-02,650.5083485079888,660.2174283364661,635.9447287652725,645.65380859375,23345600,0.0,0.0
2015-01-02,645.653821802851,655.3629018299615,640.7992817892957,650.5083618164062,13325100,0.0,0.0
2015-01-02,650.508400575958,669.9265617871807,640.7993199703468,665.072021484375,32340000,0.0,0.0
2015-01-02,660.2174467457285,679.6356069441322,660.2174467457285,674.7810668945312,30097200,0.0,0.0
2015-01-02,674.7810888851391,674.7810888851391,655.362928053912,660.2174682617188,20095800,0.0,0.0
2015-01-02,660.2174418435168,660.2174418435168,635.9447417757405,650.5083618164062,29237400,0.0,0.0
2015-01-02,650.5083286555733,655.3628684216598,616.5265502929688,616.5265502929688,41675400,0.0,0.0
2015-01-02,616.5265982491629,621.3811383928571,597.1084376743862,611.6720581054688,48693900,0.0,0.0
2015-01-02,611.6720581054688,616.5265982491629,601.9629778180804,611.6720581054688,15690400,0.0,0.0
2015-01-02,611.6720581054688,611.6720581054688,592.253897530692,611.6720581054688,41327800,0.0,0.0
2015-01-02,606.8175179617746,611.6720581054688,597.1084376743862,611.6720581054688,18606300,0.0,0.0
2015-01-02,606.8175179617746,611.6720581054688,597.1084376743862,611.6720581054688,14731600,0.0,0.0
2015-01-02,606.8174780868902,606.8174780868902,597.1083984375,597.1083984375,10796100,0.0,0.0
2015-01-02,597.1084061310071,601.962946018251,567.9811668075433,577.6902465820312,34339700,0.0,0.0
2015-01-02,577.6902260702165,592.2538452148438,572.8356863553407,592.2538452148438,21125200,0.0,0.0
2015-01-02,587.399305499968,597.1083849297195,582.5447657850922,592.2538452148438,16766300,0.0,0.0
2015-01-02,587.3993187881098,606.8174780868902,587.3993187881098,597.1083984375,15679900,0.0,0.0
2015-01-02,592.253897530692,611.6720581054688,592.253897530692,611.6720581054688,14222400,0.0,0.0
2015-01-02,606.8175048828125,611.672044921875,592.253884765625,606.8175048828125,26983200,0.0,0.0
2015-01-02,606.8174997965494,606.8174997965494,582.5447998046875,582.5447998046875,35321700,0.0,0.0
2015-01-02,587.399305499968,592.2538452148438,582.5447657850922,592.2538452148438,11961500,0.0,0.0
2015-01-02,592.2538662437631,592.2538662437631,572.8357066947873,577.6902465820312,21462300,0.0,0.0
2015-01-02,582.5448082233297,582.5448082233297,553.4175678121633,563.1266479492188,39951000,0.0,0.0
2015-01-02,563.1266832853619,563.1266832853619,548.5630621659128,553.4176025390625,14195400,0.0,0.0
2015-01-02,553.4176025390625,558.2721429122122,543.7085217927631,553.4176025390625,17220400,0.0,0.0
2015-01-02,553.4175629486909,553.4175629486909,533.999402845228,538.8539428710938,20352600,0.0,0.0
2015-01-02,538.8539419907789,538.8539419907789,504.8721618652344,504.8721618652344,34037100,0.0,0.0
2015-01-02,509.7267027158995,538.8539428710938,509.7267027158995,538.8539428710938,22580100,0.0,0.0
2015-01-02,533.9994113244743,533.9994113244743,514.5812509126753,519.435791015625,18106800,0.0,0.0
2015-01-02,519.4358167735809,533.9994378046158,519.4358167735809,529.1448974609375,15913200,0.0,0.0
2015-01-02,529.1448712215246,538.853951427424,519.435791015625,519.435791015625,27019800,0.0,0.0
2015-01-02,519.435791015625,529.1448712215246,514.5812509126753,519.435791015625,19905000,0.0,0.0
2015-01-02,524.2903355189733,524.2903355189733,504.87217494419644,509.7267150878906,26588300,0.0,0.0
2015-01-02,504.8721660539216,504.8721660539216,490.3085458792892,495.1630859375,22623100,0.0,0.0
2015-01-02,495.1630859375,504.8721660539216,490.3085458792892,495.1630859375,14527300,0.0,0.0
2015-01-02,495.16306875284437,504.8721485323119,490.3085288631106,500.0176086425781,8515100,0.0,0.0
2015-01-02,500.0176125705832,509.7266924263227,490.30853271484375,490.30853271484375,20115100,0.0,0.0
2015-01-02,490.3085418114295,504.8721618652344,490.3085418114295,504.8721618652344,11478200,0.0,0.0
2015-01-02,504.8721485323119,504.8721485323119,481.5703570615898,500.0176086425781,30919100,0.0,0.0
2015-01-02,495.16308182936444,524.2903219369741,495.16308182936444,504.8721618652344,18248600,0.0,0.0
2015-01-02,514.5812419011042,514.5812419011042,500.0176218472994,504.8721618652344,10863100,0.0,0.0
2015-01-02,504.87217494419644,509.7267150878906,490.30855451311385,509.7267150878906,41944000,0.0,0.0
2015-01-02,504.8721524984529,509.7266924263227,485.45399278697397,490.30853271484375,19336300,0.0,0.0
2015-01-02,495.1630726427135,500.0176125705832,490.30853271484375,490.30853271484375,6766100,0.0,0.0
2015-01-02,495.163094656808,519.435795375279,495.163094656808,509.7267150878906,20108100,0.0,0.0
2015-01-02,504.8721524984529,514.5812323541925,490.30853271484375,490.30853271484375,23405500,0.0,0.0
2015-01-02,462.15220363451084,462.15220363451084,429.1413319463315,446.61767578125,45418600,0.0,0.0
2015-01-02,444.6758686293904,464.0940288315472,442.7340526091747,454.38494873046875,21717500,0.0,0.0
2015-01-02,467.97764537033527,504.8721485323119,467.97764537033527,500.0176086425781,33929200,0.0,0.0
2015-01-02,500.01762599571083,500.01762599571083,485.45400582107845,495.1630859375,8000100,0.0,0.0
2015-01-02,495.163094656808,514.5812552315848,490.30855451311385,509.7267150878906,16640400,0.0,0.0
2015-01-02,509.7267150878906,529.1448756626675,504.87217494419644,509.7267150878906,36200200,0.0,0.0
2015-01-02,509.72668842204564,519.4357682015132,500.0176086425781,500.0176086425781,11847900,0.0,0.0
2015-01-02,504.8721707067757,529.1448712215246,504.8721707067757,519.435791015625,21081200,0.0,0.0
2015-01-02,524.2903311185747,533.9994113244743,514.5812509126753,519.435791015625,16354000,0.0,0.0
2015-01-02,524.2903442382812,529.1448844627098,514.5812637894242,524.2903442382812,10944300,0.0,0.0
2015-01-02,524.2903098366477,543.7084694602272,524.2903098366477,533.9993896484375,23731700,0.0,0.0
2015-01-02,538.8539781482941,538.8539781482941,524.2903571172592,529.1448974609375,14932300,0.0,0.0
2015-01-02,533.999402845228,543.7084828969595,529.1448628193623,538.8539428710938,8861600,0.0,0.0
2015-01-02,543.708509056969,558.2721298352807,543.708509056969,548.5630493164062,14286800,0.0,0.0
2015-01-02,553.4175932286149,582.5448349774895,553.4175932286149,572.8357543945312,33430300,0.0,0.0
2015-01-02,577.6903044048108,577.6903044048108,553.4176025390625,553.4176025390625,48310900,0.0,0.0
2015-01-02,553.4175806290065,567.981201171875,533.9994199051816,567.981201171875,23932100,0.0,0.0
2015-01-02,572.820556640625,577.758664887527,562.9443401468211,572.820556640625,12443600,9.9,0.0
2015-01-02,572.820554517663,582.6967709748641,567.8824462890625,567.8824462890625,14500100,0.0,0.0
2015-01-02,572.8205607786017,622.2016436043432,567.8824524960276,582.69677734375,58644900,0.0,0.0
2015-01-02,587.6348292032878,612.3253682454427,587.6348292032878,592.5729370117188,43256300,0.0,0.0
2015-01-02,592.5729370117188,607.3872604370117,587.6348292032878,592.5729370117188,11950900,0.0,0.0
2015-01-02,597.5110571289063,617.2634887695312,597.5110571289063,617.2634887695312,35719600,0.0,0.0
2015-01-02,617.2634838073234,617.2634838073234,597.5110523254891,607.3872680664062,19304300,0.0,0.0
2015-01-02,602.4491601959477,617.2634838073234,592.5729444550304,607.3872680664062,27976100,0.0,0.0
2015-01-02,607.3872604370117,612.3253682454427,592.5729370117188,592.5729370117188,24945000,0.0,0.0
2015-01-02,592.5729420146005,602.4491577148438,582.6967263143571,602.4491577148438,26563800,0.0,0.0
2015-01-02,602.4491601959477,607.3872680664062,592.5729444550304,607.3872680664062,16723500,0.0,0.0
2015-01-02,602.4491526285808,602.4491526285808,587.6348292032878,592.5729370117188,24247700,0.0,0.0
2015-01-02,592.5729344472164,597.5110422342765,582.6967188730961,587.6348266601562,24966300,0.0,0.0
2015-01-02,592.5729896282327,602.4492061220366,572.820556640625,572.820556640625,24587900,0.0,0.0
2015-01-02,572.820556640625,577.758664887527,567.882448393723,572.820556640625,22829800,0.0,0.0
2015-01-02,572.820558727297,587.6348835219685,553.0681256677351,577.7586669921875,84536300,0.0,0.0
2015-01-02,592.5729851973684,592.5729851973684,553.0681195175439,562.9443359375,65036200,0.0,0.0
2015-01-02,558.0062189275568,562.9443270596591,543.19189453125,543.19189453125,34339500,0.0,0.0
2015-01-02,543.1918967307151,553.06811303491,538.2537885786177,548.1300048828125,17083200,0.0,0.0
2015-01-02,543.1918853183962,543.1918853183962,523.439453125,523.439453125,35312300,0.0,0.0
2015-01-02,523.4394507998512,533.3156668526785,513.5632347470238,518.5013427734375,33996600,0.0,0.0
2015-01-02,513.5632457386364,543.19189453125,513.5632457386364,543.19189453125,23353800,0.0,0.0
2015-01-02,543.1918922914277,548.1300004031681,528.377567956207,538.2537841796875,17829500,0.0,0.0
2015-01-02,533.3156715464369,538.2537796163112,523.439455406688,528.3775634765625,12044500,0.0,0.0
2015-01-02,523.439453125,533.315669221698,518.5013450766509,523.439453125,15890400,0.0,0.0
2015-01-02,518.5013473368136,533.3156715464369,518.5013473368136,528.3775634765625,19809400,0.0,0.0
2015-01-02,528.3775515088848,528.3775515088848,498.74890376072307,503.68701171875,42130000,0.0,0.0
2015-01-02,503.6870068359375,508.62511474609374,489.8603046875,493.810791015625,43906300,0.0,0.0
2015-01-02,493.81080282077863,498.74891084898644,479.9841003417969,479.9841003417969,174336000,0.0,0.0
2015-01-02,478.0088666280111,478.0088666280111,466.1574071248373,474.0583801269531,31823400,0.0,0.0
2015-01-02,481.9593505859375,489.8603235463627,474.05837762551226,481.9593505859375,23665300,0.0,0.0
2015-01-02,483.93458439753607,487.88507080078125,478.0088547926683,487.88507080078125,22674800,0.0,0.0
2015-01-02,491.83556427494176,503.68702365506084,481.9593481248425,489.8603210449219,20981500,0.0,0.0
2015-01-02,493.81080040564905,498.74890840970556,483.93458439753607,487.88507080078125,27260700,0.0,0.0
2015-01-02,487.88507080078125,503.687016413762,485.9098275991587,487.88507080078125,26547000,0.0,0.0
2015-01-02,487.8850834517046,582.6967595880682,478.0088671875,543.19189453125,238015800,0.0,0.0
2015-01-02,553.0681038259346,562.9443199656833,523.439455406688,528.3775634765625,104849600,0.0,0.0
2015-01-02,528.3775564340445,533.315664438101,508.62512441781854,513.563232421875,42712800,0.0,0.0
2015-01-02,513.563232421875,518.5013404259315,498.74890840970556,513.563232421875,28161600,0.0,0.0
2015-01-02,513.5632392669393,553.0681038259346,508.62513119706483,528.3775634765625,77274300,0.0,0.0
2015-01-02,533.3156668526785,538.2537748790922,513.5632347470238,518.5013427734375,39035400,0.0,0.0
2015-01-02,523.4394598444668,538.2537841796875,518.5013517327266,538.2537841796875,29374900,0.0,0.0
2015-01-02,543.1918922914277,543.1918922914277,533.3156760679473,538.2537841796875,28548300,0.0,0.0
2015-01-02,543.1918967307151,558.0062211870073,538.2537885786177,548.1300048828125,60731300,0.0,0.0
2015-01-02,553.0681256677351,587.6348835219685,543.1919091379541,577.7586669921875,101540300,0.0,0.0
2015-01-02,587.6348813813308,597.5110978751346,562.9443401468211,572.820556640625,82129000,0.0,0.0
2015-01-02,572.8205607786017,582.69677734375,562.9443442134534,582.69677734375,41002500,0.0,0.0
2015-01-02,587.6348792034647,587.6348792034647,567.8824462890625,567.8824462890625,77732500,0.0,0.0
2015-01-02,572.8205325964725,656.7683692700936,572.8205325964725,651.8302612304688,199877800,0.0,0.0
2015-01-02,656.7683645395133,656.7683645395133,632.0778245192308,641.9540405273438,126000200,0.0,0.0
2015-01-02,641.9540518301505,666.6445922851562,632.0778356481482,666.6445922851562,127006300,0.0,0.0
2015-01-02,666.6445853493431,671.5826933889679,646.892153190844,651.8302612304688,50729700,0.0,0.0
2015-01-02,661.7064773097183,666.6445853493431,641.9540451512192,651.8302612304688,59437900,0.0,0.0
2015-01-02,661.7064841941551,671.5827003761574,646.8921599211517,666.6445922851562,53761500,0.0,0.0
2015-01-02,671.5827003761574,671.5827003761574,651.8302680121528,666.6445922851562,46410000,0.0,0.0
2015-01-02,671.5826933889679,671.5826933889679,651.8302612304688,651.8302612304688,39436700,0.0,0.0
2015-01-02,651.8302362160605,661.7064519163038,602.4491577148438,602.4491577148438,225324300,0.0,0.0
2015-01-02,612.3253832620288,641.9540308392237,612.3253832620288,622.2015991210938,56462200,0.0,0.0
2015-01-02,632.0778174212599,641.9540333184669,622.2016015240526,627.1397094726562,32783800,0.0,0.0
2015-01-02,617.2634863084362,632.0778099798387,607.3872705275012,612.3253784179688,27200200,0.0,0.0
2015-01-02,622.2015891153304,622.2015891153304,597.511049864722,602.4491577148438,40247900,0.0,0.0
2015-01-02,607.3872705275012,617.2634863084362,602.4491626370337,612.3253784179688,17371700,0.0,0.0
2015-01-02,617.2634863084362,617.2634863084362,592.5729468560987,612.3253784179688,22485600,0.0,0.0
2015-01-02,617.2634982323461,641.95403816164,607.3872822606287,637.0159301757812,29646000,0.0,0.0
2015-01-02,637.0159277915955,641.9540357589722,627.139711856842,632.0778198242188,19049200,0.0,0.0
2015-01-02,637.0159301757812,651.8302541333576,632.0778221899225,637.0159301757812,30505300,0.0,0.0
2015-01-02,637.0159253698635,641.9540333184669,627.1397094726562,627.1397094726562,19832700,0.0,0.0
2015-01-02,617.2634838073234,627.1396995482406,602.4491601959477,607.3872680664062,26010200,0.0,0.0
2015-01-02,597.5110523254891,607.3872680664062,577.7586208436547,607.3872680664062,33666100,0.0,0.0
2015-01-02,612.325380859375,622.2015966796874,602.4491650390624,617.2634887695312,25742800,0.0,0.0
2015-01-02,617.2634838073234,622.2015916777821,602.4491601959477,607.3872680664062,14602200,0.0,0.0
2015-01-02,607.3872630221784,607.3872630221784,592.5729395338326,597.5110473632812,19873500,0.0,0.0
2015-01-02,602.4491911282505,676.5208129882812,602.4491911282505,676.5208129882812,127801200,0.0,0.0
2015-01-02,681.4588969072958,691.335112804503,627.1397094726562,627.1397094726562,89679700,0.0,0.0
2015-01-02,632.0778245192308,641.9540405273438,627.1397165151743,641.9540405273438,27083900,0.0,0.0
2015-01-02,646.8921461474988,646.8921461474988,632.0778221899225,637.0159301757812,26198500,0.0,0.0
2015-01-02,627.1396995482406,627.1396995482406,602.4491601959477,607.3872680664062,36744400,0.0,0.0
