Date,Open,High,Low,Close,Volume,Dividends,Stock Splits
2015-01-02,8176.8994846233745,8176.8994846233745,8094.542223627168,8141.603515625,984800,0.0,0.0
2015-01-02,8165.134405381944,8165.134405381944,7929.827938368056,7941.59326171875,2324800,0.0,0.0
2015-01-02,7941.593190421046,8035.715776381591,7929.827867175977,7976.88916015625,3469900,0.0,0.0
2015-01-02,8000.420710581865,8035.71668430502,7941.594087709939,8012.18603515625,1423600,0.0,0.0
2015-01-02,8071.012620192308,8071.012620192308,7953.359375,7953.359375,2006500,0.0,0.0
2015-01-02,7953.360785590277,8129.840684678819,7953.360785590277,8047.4833984375,1940200,0.0,0.0
2015-01-02,8047.480165629575,8071.010809388726,8000.418878111273,8035.71484375,2448000,0.0,0.0
2015-01-02,8106.306742612213,8223.9599609375,8035.714811617042,8223.9599609375,4524500,0.0,0.0
2015-01-02,8212.1953125,8329.84854047278,8200.429989702721,8212.1953125,3945600,0.0,0.0
2015-01-02,8200.431640625,8259.258266454448,8153.370339961442,8200.431640625,3630200,0.0,0.0
2015-01-02,8176.899368064991,8282.787273550724,8118.07275390625,8118.07275390625,2427000,0.0,0.0
2015-01-02,8047.480841046555,8106.3074553816905,8012.184872445473,8023.9501953125,1540100,0.0,0.0
2015-01-02,8023.950611598996,8106.307875940921,7965.123994211906,8059.24658203125,1494400,0.0,0.0
2015-01-02,8141.605135636843,8141.605135636843,8023.951882231687,8071.01318359375,1727900,0.0,0.0
2015-01-02,8071.010646609043,8341.61304438165,8071.010646609043,8294.5517578125,4537100,0.0,0.0
2015-01-02,8376.911057692307,8412.20703125,8353.380408653846,8412.20703125,4896000,0.0,0.0
2015-01-02,8400.44185530644,8600.45237567088,8376.9112058518,8494.564453125,5353600,0.0,0.0
2015-01-02,8565.1552734375,8576.920596615299,8494.563334370709,8565.1552734375,1920900,0.0,0.0
2015-01-02,8541.624627081903,8600.451242970898,8494.563334370709,8565.1552734375,1864600,0.0,0.0
2015-01-02,8565.1552734375,8565.1552734375,8494.563334370709,8565.1552734375,2520900,0.0,0.0
2015-01-02,8565.15556258729,8565.15556258729,8282.78779678771,8423.9716796875,4012700,0.0,0.0
2015-01-02,8282.7880859375,8506.329241665926,8247.49211398038,8282.7880859375,2020100,0.0,0.0
2015-01-02,8329.849091087639,8447.502326837464,8318.083767512657,8423.9716796875,1471500,0.0,0.0
2015-01-02,8506.330456018117,8565.157084344659,8447.503827691573,8482.7998046875,3106000,0.0,0.0
2015-01-02,8329.84931640625,8471.033203125,8318.08399251302,8471.033203125,2848400,0.0,0.0
2015-01-02,8553.389670872044,8706.3388671875,8494.56305690456,8706.3388671875,3426100,0.0,0.0
2015-01-02,8706.340220905173,8741.636194773708,8506.32970231681,8529.8603515625,1978000,0.0,0.0
2015-01-02,8541.624714176829,8706.33924034553,8518.094067581302,8682.80859375,1912100,0.0,0.0
2015-01-02,8694.573474827557,8788.696056422443,8612.216215932032,8741.634765625,2614500,0.0,0.0
2015-01-02,8623.98279858661,8800.462664860552,8623.98279858661,8753.4013671875,2481900,0.0,0.0
2015-01-02,8776.93135203661,8918.115234375,8729.870057923814,8918.115234375,3690200,0.0,0.0
2015-01-02,9082.829291666667,9082.829291666667,8753.40025,8823.9921875,3532400,0.0,0.0
2015-01-02,8706.339997944078,8976.942457339639,8706.339997944078,8941.646484375,1258500,0.0,0.0
2015-01-02,9035.768482490274,9176.952365029183,8965.176541220817,9071.064453125,2609600,0.0,0.0
2015-01-02,8988.708607008812,9071.065884821719,8976.943281606968,9012.2392578125,1977200,0.0,0.0
2015-01-02,9059.299503718303,9071.064827749105,8965.176911471879,9047.5341796875,2351600,0.0,0.0
2015-01-02,9059.299365977951,9294.60584301634,9035.768718274112,9271.0751953125,3526800,0.0,0.0
2015-01-02,9294.607698810634,9459.322265625,9294.607698810634,9459.322265625,4128000,0.0,0.0
2015-01-02,9459.321064453125,9529.913012695311,9388.729116210938,9412.259765625,5094000,0.0,0.0
2015-01-02,9600.505176957831,9894.638301251882,9600.505176957831,9765.2197265625,10142200,0.0,0.0
2015-01-02,9835.810499458092,10224.06617706828,9765.21855807442,10177.0048828125,6783200,0.0,0.0
2015-01-02,10282.895106861642,10518.20163104612,10200.537823397075,10459.375,10469600,0.0,0.0
2015-01-02,10353.48504258083,10353.48504258083,10071.117268692264,10188.7705078125,7351300,0.0,0.0
2015-01-02,10247.5966796875,10329.953943473738,10188.770062697331,10247.5966796875,2318600,0.0,0.0
2015-01-02,10247.596377738864,10271.127023841595,10153.473793327945,10235.8310546875,3848900,0.0,0.0
2015-01-02,10071.118645833334,10094.649296875,9706.3935546875,9706.3935546875,3842300,0.0,0.0
2015-01-02,9706.391567257026,10118.17787617096,9553.442366803278,10047.5859375,3178700,0.0,0.0
2015-01-02,9988.758078517025,10035.819365106034,9800.512932160991,9847.57421875,3631100,0.0,0.0
2015-01-02,9918.168951195406,9918.168951195406,9741.689076618975,9765.2197265625,2795300,0.0,0.0
2015-01-02,9953.46324317464,9953.46324317464,9671.095491595217,9776.9833984375,2008000,0.0,0.0
2015-01-02,9694.62755372276,9800.515476032839,9624.035605516041,9718.158203125,2563400,0.0,0.0
2015-01-02,9812.279961413871,9847.575932498094,9647.5654296875,9647.5654296875,2262200,0.0,0.0
2015-01-02,9694.627979651163,10118.1796875,9659.332003997093,10118.1796875,2716600,0.0,0.0
2015-01-02,10235.833625127329,10294.660255156796,9988.761779003566,10106.4150390625,2499300,0.0,0.0
2015-01-02,9906.403614650262,10071.1181640625,9812.281014986127,10071.1181640625,4260900,0.0,0.0
2015-01-02,9918.169167835005,10024.057094893742,9882.87319214876,9965.23046875,1200100,0.0,0.0
2015-01-02,9929.933453432792,10153.474609375,9918.168129435835,10153.474609375,1565800,0.0,0.0
2015-01-02,10035.821133228059,10106.413075548537,9882.87192486702,9953.4638671875,2538400,0.0,0.0
2015-01-02,9847.575265568794,10024.05510903777,9776.983328181204,9812.279296875,2284800,0.0,0.0
2015-01-02,9718.158415321992,10306.424663222839,9718.158415321992,10071.1181640625,3057000,0.0,0.0
2015-01-02,10118.178337079467,10306.423515443736,10082.882366136166,10141.708984375,2459300,0.0,0.0
2015-01-02,10306.42359966313,10377.015542126577,10188.770362224053,10259.3623046875,5854700,0.0,0.0
2015-01-02,10294.659701260654,10353.486328125,10224.067749023438,10353.486328125,1523700,0.0,0.0
2015-01-02,10329.954402641495,10353.485050483503,10165.23986774744,10341.7197265625,1521500,0.0,0.0
2015-01-02,10353.483701049943,10435.84095776284,10353.483701049943,10365.2490234375,400700,0.0,0.0
2015-01-02,10447.60802742904,10788.802433730212,10377.016081297761,10777.037109375,3400300,0.0,0.0
2015-01-02,10800.56583984375,10859.392451171874,10377.01423828125,10588.7900390625,4085100,0.0,0.0
2015-01-02,10718.211008542006,10859.3949076666,10706.445683614957,10835.8642578125,2663900,0.0,0.0
2015-01-02,10906.456207374797,10918.221532301846,10741.741658396106,10835.8642578125,2305000,0.0,0.0
2015-01-02,10835.8642578125,10871.16023259365,10706.445683614957,10835.8642578125,1396000,0.0,0.0
2015-01-02,10859.395139459979,10859.395139459979,10612.323310718202,10729.9765625,1506900,0.0,0.0
2015-01-02,10824.098257863341,10859.39423044333,10753.506312703363,10847.62890625,1552200,0.0,0.0
2015-01-02,10847.62958273955,10859.3949076666,10788.802958104303,10835.8642578125,4012900,0.0,0.0
2015-01-02,10859.39460661515,11012.34382642663,10824.0986328125,10824.0986328125,3168400,0.0,0.0
2015-01-02,10871.16016494989,10871.16016494989,10541.731069042316,10565.26171875,3611900,0.0,0.0
2015-01-02,10565.261270981167,10835.863731151065,10494.66932484989,10777.037109375,4523400,0.0,0.0
2015-01-02,10824.099466046002,10824.099466046002,10718.211536486857,10741.7421875,2186500,0.0,0.0
2015-01-02,10824.09735446137,10824.09735446137,10741.740091981774,10812.33203125,2228100,0.0,0.0
2015-01-02,10824.097584303901,10882.9242016099,10824.097584303901,10859.3935546875,3610300,0.0,0.0
2015-01-02,10871.160237988712,10871.160237988712,10682.9150390625,10682.9150390625,6693400,0.0,0.0
2015-01-02,10553.494072265625,10588.7900390625,10341.718271484375,10588.7900390625,3680100,0.0,0.0
2015-01-02,10706.952192826704,10887.812871759588,9874.993069735441,10610.4931640625,5176200,545.0,0.0
2015-01-02,10514.036260587032,10658.724832980432,10116.142686505184,10321.1181640625,5897500,0.0,0.0
2015-01-02,10369.347720437207,10465.806768999413,10272.888671875,10272.888671875,933100,0.0,0.0
2015-01-02,10357.290339366931,10453.749387929138,10140.257480101965,10272.888671875,1825100,0.0,0.0
2015-01-02,10176.428919132803,10248.77320054844,10164.371538896863,10236.7158203125,3593500,0.0,0.0
2015-01-02,10128.199655633223,11056.617957399601,10116.142275090802,10996.3310546875,4882500,0.0,0.0
2015-01-02,11068.678058875392,11575.0881661442,11068.678058875392,11538.916015625,5704600,0.0,0.0
2015-01-02,11285.709419785033,11563.02920253616,11285.709419785033,11358.0537109375,2256800,0.0,0.0
2015-01-02,11526.85647813813,11526.85647813813,11430.39742811187,11478.626953125,4644700,0.0,0.0
2015-01-02,11478.627966772152,11490.68534909019,11370.11152590981,11430.3984375,2867500,0.0,0.0
2015-01-02,11430.396754214638,11442.454134757058,10936.044151975397,10996.3310546875,4190700,0.0,0.0
2015-01-02,10996.332278704751,11032.504424358385,10646.668204052956,10658.7255859375,3475900,0.0,0.0
2015-01-02,10610.495196309656,11020.446147076165,10514.036149070476,10863.7001953125,3083900,0.0,0.0
2015-01-02,11092.787626504378,11092.787626504378,10923.984336535832,11020.443359375,3311000,0.0,0.0
2015-01-02,10948.1005859375,11044.559621936949,10875.756308937913,10948.1005859375,1273000,0.0,0.0
2015-01-02,11068.67399385741,11321.878954501208,11020.444477544306,11225.419921875,2853000,0.0,0.0
2015-01-02,11225.41958088743,11237.476959599448,10875.75559823895,10911.927734375,1150400,0.0,0.0
2015-01-02,11056.616278919199,11056.616278919199,10815.468704678868,10911.927734375,2450000,0.0,0.0
2015-01-02,10731.069877244769,10851.643696090216,10658.7255859375,10658.7255859375,2326700,0.0,0.0
2015-01-02,10658.723910507999,10694.896050475785,10176.4287109375,10176.4287109375,3364600,0.0,0.0
2015-01-02,10128.200431034484,10248.774245689656,9790.59375,9790.59375,6530800,0.0,0.0
2015-01-02,9887.053945264921,10031.74253958587,9814.709648104446,9899.111328125,2762500,0.0,0.0
2015-01-02,10031.74050174014,10489.920957348462,10031.74050174014,10393.4619140625,5356200,0.0,0.0
2015-01-02,10514.036164314517,10610.49521169355,10369.347593245968,10465.806640625,2847600,0.0,0.0
2015-01-02,10465.804577526746,10706.9521484375,10417.575063344595,10706.9521484375,2236800,0.0,0.0
2015-01-02,10706.95470716533,10767.241614300272,10465.807078625572,10538.1513671875,1203800,0.0,0.0
2015-01-02,10562.26504858994,10562.26504858994,9887.0517578125,9887.0517578125,2370400,0.0,0.0
2015-01-02,10128.197265625,10405.516952659971,9995.5661109561,10128.197265625,2982600,0.0,0.0
2015-01-02,10297.00324161164,10297.00324161164,9814.7080078125,9814.7080078125,1640200,0.0,0.0
2015-01-02,10055.85508050686,10055.85508050686,9838.822237042683,9887.0517578125,1973600,0.0,0.0
2015-01-02,9887.05184483292,9971.453506922957,9742.36328125,9742.36328125,1047400,0.0,0.0
2015-01-02,9742.36328125,9971.453506922957,9694.133760055693,9742.36328125,1578100,0.0,0.0
2015-01-02,9838.82138671875,9838.82138671875,9645.9033203125,9645.9033203125,2321700,0.0,0.0
2015-01-02,9670.019437672758,9887.05229288237,9670.019437672758,9814.7080078125,3559900,0.0,0.0
2015-01-02,9814.708783992584,9887.053074783684,9754.421875,9754.421875,2366200,0.0,0.0
2015-01-02,9790.59504076087,9790.59504076087,9694.135976319876,9706.193359375,1140000,0.0,0.0
2015-01-02,9706.18844533172,9947.335984346171,9706.18844533172,9802.6474609375,2283100,0.0,0.0
2015-01-02,9814.708783992584,9850.880929388133,9609.7332934178,9754.421875,2600200,0.0,0.0
2015-01-02,9621.788594267384,9706.190248603063,9103.3212890625,9103.3212890625,3930300,0.0,0.0
2015-01-02,9103.323794815891,9356.52882751938,9103.323794815891,9332.4140625,2792500,0.0,0.0
2015-01-02,9332.41235109839,9742.36328125,9199.781167814046,9742.36328125,2643200,0.0,0.0
2015-01-02,9694.134432515337,9959.396817484663,9633.84752684049,9826.765625,2958900,0.0,0.0
2015-01-02,9911.166908064139,9935.281669397627,9657.9619140625,9657.9619140625,1009600,0.0,0.0
2015-01-02,9657.963513540342,9802.652105503494,9489.16015625,9489.16015625,2891400,0.0,0.0
2015-01-02,9452.987700724181,9670.020581608154,9440.930318452849,9573.5615234375,833600,0.0,0.0
2015-01-02,9404.754985608553,9440.927120168586,9091.263152754935,9163.607421875,3230600,0.0,0.0
2015-01-02,9163.607421875,9272.1238255551,9103.320530941612,9163.607421875,3180500,0.0,0.0
2015-01-02,9163.61042428524,9163.61042428524,9006.864456501413,9067.1513671875,2440400,0.0,0.0
2015-01-02,9067.150453629032,9067.150453629032,8874.232358870968,8970.69140625,2227500,0.0,0.0
2015-01-02,9043.036602913066,9187.725188559674,8946.577545815326,9067.1513671875,2416800,0.0,0.0
2015-01-02,9175.665726979574,9308.296900431314,8982.747656504313,9260.0673828125,2161000,0.0,0.0
2015-01-02,9392.699516019673,9392.699516019673,9115.379761374677,9308.2978515625,2426700,0.0,0.0
2015-01-02,9260.066147859923,9296.23828125,9139.492369892996,9296.23828125,1349500,0.0,0.0
2015-01-02,9296.239485012755,9308.296864370748,8826.00169005102,8862.173828125,3644700,0.0,0.0
2015-01-02,8922.460413873994,8994.8046875,8886.288277060992,8994.8046875,1630400,0.0,0.0
2015-01-02,8826.001665045671,8946.575458283998,8753.657389102673,8910.4033203125,948900,0.0,0.0
2015-01-02,8705.428209167818,8934.51842519855,8705.428209167818,8729.54296875,2330400,0.0,0.0
2015-01-02,8608.969696639972,8813.94516560759,8608.969696639972,8657.19921875,2519400,0.0,0.0
2015-01-02,8777.771866621984,9211.837508378016,8741.599729808982,8994.8046875,2291300,0.0,0.0
2015-01-02,9067.14931233724,9356.52641805013,9067.14931233724,9260.0673828125,1786200,0.0,0.0
2015-01-02,9260.06806930693,9754.420661548576,9260.06806930693,9742.36328125,3549500,0.0,0.0
2015-01-02,9742.363369582286,9742.363369582286,9465.043620200613,9597.6748046875,1802500,0.0,0.0
2015-01-02,9766.476584309088,9899.107747799706,9645.902799317619,9718.2470703125,1467400,0.0,0.0
2015-01-02,9790.592802444307,10007.625647818688,9706.191140354269,9742.36328125,1592800,0.0,0.0
2015-01-02,9694.134031938149,9983.511167219884,9308.2978515625,9308.2978515625,1799500,0.0,0.0
2015-01-02,9404.756632889852,9754.420661548576,9404.756632889852,9742.36328125,1498900,0.0,0.0
2015-01-02,9718.247595214843,9730.304974365234,9452.98525390625,9645.9033203125,1245400,0.0,0.0
2015-01-02,9645.90344551282,9766.47723858173,9404.755859375,9404.755859375,1885900,0.0,0.0
2015-01-02,9404.756896656412,9501.215941750324,9248.010948378806,9308.2978515625,1445100,0.0,0.0
2015-01-02,9308.296900431314,9694.133041381836,9248.010003407797,9260.0673828125,2422200,0.0,0.0
2015-01-02,9404.757743099619,9670.020140981916,9356.52821621193,9501.216796875,1418500,0.0,0.0
2015-01-02,9404.757955660994,9477.102247627618,9163.610315772252,9211.83984375,2713400,0.0,0.0
2015-01-02,9163.609501008064,9380.642357610886,8934.519263482864,8970.69140625,1598100,0.0,0.0
2015-01-02,8922.460834160052,9320.354357845568,8922.460834160052,9115.37890625,1147900,0.0,0.0
2015-01-02,9115.37997731855,9308.298072076614,8970.69140625,8970.69140625,2477200,0.0,0.0
2015-01-02,8681.313733552632,8681.313733552632,8126.674245020103,8247.248046875,3372900,0.0,0.0
2015-01-02,8199.017275687409,8476.33697765919,8126.673005607815,8331.6484375,3682600,0.0,0.0
2015-01-02,7957.8701171875,8223.132454427083,7740.837295809659,7957.8701171875,4949800,0.0,0.0
2015-01-02,8247.246768210432,8440.164821267987,8126.67298504946,8379.8779296875,4824900,0.0,0.0
2015-01-02,8621.025890548299,9091.263666396388,8488.394723001402,8596.9111328125,2776300,0.0,0.0
2015-01-02,8910.40174760008,9404.754212622549,8717.483712469362,9223.8935546875,3428700,0.0,0.0
2015-01-02,8970.69140625,9055.093072706653,8898.347120715725,8970.69140625,1691200,0.0,0.0
2015-01-02,8970.691020976026,9139.494346639554,8801.8876953125,8801.8876953125,1953900,0.0,0.0
2015-01-02,9055.091989246785,9694.133101670326,9055.091989246785,9609.7314453125,1660200,0.0,0.0
2015-01-02,9790.592137507841,9983.510209182874,9597.67406583281,9609.7314453125,1855900,0.0,0.0
2015-01-02,9440.929295555321,9452.98667652027,8922.4619140625,8922.4619140625,1029900,0.0,0.0
2015-01-02,8729.543818623311,9018.920961782094,8729.543818623311,8922.4619140625,1778400,0.0,0.0
2015-01-02,8934.516442871094,9018.918082682292,8621.024637858072,8681.3115234375,2731400,0.0,0.0
2015-01-02,8452.222199584083,8669.255009273831,8343.70579473921,8379.8779296875,2761100,0.0,0.0
2015-01-02,8440.166893433989,8681.314518960675,8416.05213088132,8584.85546875,2240200,0.0,0.0
2015-01-02,8584.855474021593,8934.51953125,8584.855474021593,8934.51953125,1983400,0.0,0.0
2015-01-02,8970.689538976649,8970.689538976649,8705.427213899382,8777.771484375,1602700,0.0,0.0
2015-01-02,9006.861052252569,9163.60696079244,8886.28727645267,9091.2626953125,3197300,0.0,0.0
2015-01-02,9091.26395948377,9211.837752049865,8898.345891378012,9006.8623046875,2565300,0.0,0.0
2015-01-02,8922.460964037024,9127.436418616253,8693.370750095533,8874.2314453125,3025300,0.0,0.0
2015-01-02,8874.232327874332,9067.150421958557,8826.002804353275,9018.9208984375,1070600,0.0,0.0
2015-01-02,9067.149303180575,9115.378820750684,8813.9443359375,8813.9443359375,1641100,0.0,0.0
2015-01-02,8801.8883697634,8886.2900390625,8633.085031165198,8886.2900390625,1429500,0.0,0.0
2015-01-02,9043.03527048413,9043.03527048413,8452.2236328125,8452.2236328125,2247500,0.0,0.0
2015-01-02,8452.221861596201,8512.508750765932,7981.984126072304,7994.04150390625,2356200,0.0,0.0
2015-01-02,7835.377218934911,8337.33107202293,7455.851134892751,8276.1171875,5227900,251.0,0.0
2015-01-02,8471.999798819743,8557.69921875,8129.2021190987125,8557.69921875,5108300,0.0,0.0
2015-01-02,8569.942005893641,8569.942005893641,8374.0576171875,8374.0576171875,2025800,0.0,0.0
2015-01-02,8251.631232766544,8374.05899586397,8239.388456456802,8325.087890625,3048200,0.0,0.0
2015-01-02,8374.058756276901,8667.88537930416,8374.058756276901,8533.21484375,4766200,0.0,0.0
2015-01-02,8569.942174332866,8729.098243284761,8520.97107619382,8716.85546875,7657500,0.0,0.0
2015-01-02,8716.855427194148,9255.537504155585,8618.913231382978,9206.56640625,5097900,0.0,0.0
2015-01-02,9206.567214986468,9255.538317193843,8802.555621775626,9047.4111328125,4119500,0.0,0.0
2015-01-02,9255.540653751586,9647.3095703125,9145.35564596883,9647.3095703125,3847600,0.0,0.0
2015-01-02,9720.76444723618,9745.25,9439.18059045226,9745.25,2908300,0.0,0.0
2015-01-02,9867.678954102863,9867.678954102863,9157.597838298934,9194.326171875,3635500,0.0,0.0
2015-01-02,9157.597118741485,9414.695433572462,8790.31381184009,8986.1982421875,5397100,0.0,0.0
2015-01-02,9084.14306640625,9402.455357142857,9035.171944754464,9255.5419921875,7483900,0.0,0.0
2015-01-02,9304.51064888535,9610.580078125,9292.267871715765,9610.580078125,2614000,0.0,0.0
2015-01-02,9671.793526087296,10381.874569774718,9610.579643010795,9781.978515625,3807600,0.0,0.0
2015-01-02,9904.40696291427,10161.505289516495,9843.193075628027,10112.5341796875,2512100,0.0,0.0
2015-01-02,10308.419082416101,10308.419082416101,9855.43629613416,9941.1357421875,4203300,0.0,0.0
2015-01-02,10234.962414370382,10234.962414370382,9830.95074011892,9941.1357421875,2270400,0.0,0.0
2015-01-02,10039.07796624846,10039.07796624846,9830.95074011892,9941.1357421875,1416300,0.0,0.0
2015-01-02,9818.70564889026,9928.890625,9610.578471794082,9928.890625,2323200,0.0,0.0
2015-01-02,9794.21993221942,9794.21993221942,9512.636109168112,9708.5205078125,2275400,0.0,0.0
2015-01-02,9500.395280612245,9500.395280612245,8998.44140625,8998.44140625,3212800,0.0,0.0
2015-01-02,9206.568262258288,9377.967139481181,8863.7705078125,8863.7705078125,6020800,0.0,0.0
2015-01-02,8912.740414826767,9035.168167777683,8876.012088941492,9010.6826171875,3495000,0.0,0.0
2015-01-02,9096.38185192488,9120.867401997357,8937.225776453786,8973.9541015625,6676600,0.0,0.0
2015-01-02,9108.62534950658,9353.480869654604,9059.654245476973,9304.509765625,6119600,0.0,0.0
2015-01-02,9304.508010945856,9426.935747931984,9108.623631768047,9157.5947265625,3132700,0.0,0.0
2015-01-02,9059.655165838563,9108.626274843096,8765.828511811367,8778.0712890625,5579300,0.0,0.0
2015-01-02,8778.066990005238,8863.7663887919,8582.182649921438,8765.82421875,3585100,0.0,0.0
2015-01-02,8692.371701327238,9059.655012650923,8582.186707930132,8618.9150390625,4770500,0.0,0.0
2015-01-02,8643.399017935739,8753.5839912522,8569.942369058099,8692.3701171875,3287400,0.0,0.0
2015-01-02,8594.4296875,8729.100238158831,8594.4296875,8594.4296875,2925800,0.0,0.0
2015-01-02,8520.971269806338,8863.768964568662,8423.029071302817,8692.3701171875,2964300,0.0,0.0
2015-01-02,8520.973384533898,8814.800052966102,8423.031161723164,8667.88671875,2126600,0.0,0.0
2015-01-02,8790.314124821938,8937.22745281339,8594.4296875,8594.4296875,5263400,0.0,0.0
2015-01-02,8582.185986471315,8618.914314516129,8349.5732421875,8349.5732421875,4557200,0.0,0.0
2015-01-02,8374.058196311773,8545.457048283066,8374.058196311773,8423.029296875,3690700,0.0,0.0
2015-01-02,8423.028321742313,8447.513869189239,8300.600584507687,8361.814453125,2401000,0.0,0.0
2015-01-02,8361.816057791417,8361.816057791417,8153.688864552099,8165.931640625,5043000,0.0,0.0
2015-01-02,8153.689022288602,8508.729535271139,8104.717917049632,8325.087890625,6456400,0.0,0.0
2015-01-02,8325.086520010966,8423.028714364034,8214.90155136376,8374.0576171875,3761200,0.0,0.0
2015-01-02,8374.059402736686,8410.787733450445,8239.388856786243,8276.1171875,2194100,0.0,0.0
2015-01-02,8178.175007038289,8288.359999648086,8141.446676168356,8153.689453125,2419000,0.0,0.0
2015-01-02,8104.716808857362,8276.115653757668,7859.861316142638,7982.2890625,6986000,0.0,0.0
2015-01-02,8129.202358128834,8178.17345667178,7847.618541506902,7982.2890625,5789600,0.0,0.0
2015-01-02,7982.28953160404,8153.688386577133,7945.561205538378,8104.71728515625,3949900,0.0,0.0
2015-01-02,8006.776406613936,8031.261961374224,7884.3486328125,7884.3486328125,2688400,0.0,0.0
2015-01-02,7737.435568680224,7908.834457859849,7651.736124090411,7676.2216796875,5321200,0.0,0.0
2015-01-02,7774.162408370005,7786.405183816258,7651.734653907486,7737.43408203125,3332900,0.0,0.0
2015-01-02,7651.734101144892,7688.462424830387,7443.60693359375,7443.60693359375,4357600,0.0,0.0
2015-01-02,7443.60693359375,7443.60693359375,7443.60693359375,7443.60693359375,0,0.0,0.0
2015-01-02,7345.665962297356,7345.665962297356,7162.024313239921,7174.26708984375,4828300,0.0,0.0
2015-01-02,7125.2951290760875,7272.208430706522,7015.110152853261,7039.595703125,4696800,0.0,0.0
2015-01-02,6904.926677594866,7002.868899972099,6819.227233014788,6855.95556640625,3527900,0.0,0.0
2015-01-02,6904.92662507585,7566.03662109375,6904.92662507585,7566.03662109375,5442200,0.0,0.0
2015-01-02,7566.035225783722,7737.43408203125,7394.636369536194,7737.43408203125,4967800,0.0,0.0
2015-01-02,7737.433495013823,7823.132916635812,7615.005749839554,7749.67626953125,3886600,0.0,0.0
2015-01-02,7627.249932404061,7639.492709181596,7357.9088432983,7517.06494140625,3614600,0.0,0.0
2015-01-02,7492.580034163987,7676.221701668006,7443.608922829581,7615.0078125,1195600,0.0,0.0
2015-01-02,7663.977752044628,7712.948855891558,7517.0644405038365,7578.2783203125,3101600,0.0,0.0
2015-01-02,7529.308411841299,7553.7939676521655,7492.580078125,7492.580078125,1834100,0.0,0.0
2015-01-02,7541.550866168478,7908.834187572787,7517.0653114081915,7884.3486328125,2304900,0.0,0.0
2015-01-02,7884.348674368352,8129.204223261779,7884.348674368352,8055.74755859375,2675400,0.0,0.0
2015-01-02,8055.747006936763,8337.330868881361,7982.290347299041,8300.6025390625,5516900,0.0,0.0
2015-01-02,8227.146399456522,8227.146399456522,7847.620300672069,7884.3486328125,3979900,0.0,0.0
2015-01-02,7933.316800458715,8080.230074541284,7933.316800458715,8006.7734375,2661000,0.0,0.0
2015-01-02,8006.775355591368,8300.60197414518,8006.775355591368,8190.4169921875,4363100,0.0,0.0
2015-01-02,8031.260460805084,8055.746010990466,7859.861609507415,7945.56103515625,4401800,0.0,0.0
2015-01-02,7957.80419921875,8043.50362905649,7884.347545072115,7957.80419921875,4639500,0.0,0.0
2015-01-02,7835.375,7835.375,7700.7044921875,7774.1611328125,3981300,0.0,0.0
2015-01-02,7835.377252252252,8214.903337908221,7835.377252252252,8153.689453125,3733500,0.0,0.0
2015-01-02,8214.903337908221,8251.631668778153,8104.718345298424,8153.689453125,3197000,0.0,0.0
2015-01-02,7982.291657788826,8178.176115648675,7859.86387162642,8080.23388671875,3002600,0.0,0.0
2015-01-02,8006.775692144298,8067.989573582709,7933.319034418203,7970.04736328125,3821400,0.0,0.0
2015-01-02,7786.405183816258,7872.104611940022,7725.191306584998,7737.43408203125,2852900,0.0,0.0
2015-01-02,7835.376652410576,7884.347756488141,7737.434444255443,7872.10498046875,2482800,0.0,0.0
2015-01-02,7835.377340093603,7884.348448469188,7774.163454624122,7847.6201171875,4175400,0.0,0.0
2015-01-02,7798.647367600958,7896.589563740374,7651.7340733918345,7749.67626953125,4104900,0.0,0.0
2015-01-02,7859.862659121362,7994.533203125,7810.891552210949,7994.533203125,2270800,0.0,0.0
2015-01-02,8153.6869172359675,8349.571287620014,8092.4730514909525,8288.357421875,3907800,0.0,0.0
2015-01-02,8153.690558416193,8263.875565962358,8067.99110810251,8080.23388671875,2306100,0.0,0.0
2015-01-02,8202.659955705914,8435.272700718471,8190.4171796526225,8227.1455078125,4139100,0.0,0.0
2015-01-02,8227.147075260804,8447.517086205291,8190.4187401033905,8214.904296875,3016500,0.0,0.0
2015-01-02,8263.873396248653,8545.4572304912,8214.902294641253,8520.9716796875,5968200,0.0,0.0
2015-01-02,8520.970895922746,8557.69921875,8447.51425026824,8557.69921875,2674200,0.0,0.0
2015-01-02,8423.029743975903,8557.700277673193,8129.203125,8129.203125,2819500,0.0,0.0
2015-01-02,8080.232522643209,8239.388617786182,8043.504192994831,8067.98974609375,1694200,0.0,0.0
2015-01-02,8129.203125,8276.116434487953,8116.960349209337,8129.203125,1983900,0.0,0.0
2015-01-02,8116.958601935062,8471.9990234375,8116.958601935062,8471.9990234375,2875900,0.0,0.0
2015-01-02,8276.11678538603,8349.573443244484,8227.145680147058,8325.087890625,942100,0.0,0.0
2015-01-02,8251.632787346118,8374.060573508523,8067.99110810251,8080.23388671875,1981800,0.0,0.0
2015-01-02,7994.533086796993,8178.174735038885,7994.533086796993,8067.98974609375,2893500,0.0,0.0
2015-01-02,8031.2603759765625,8055.74592590332,7835.3759765625,7835.3759765625,3731800,0.0,0.0
2015-01-02,7957.805297093362,7994.533629233792,7859.863078052213,7884.3486328125,1525200,0.0,0.0
2015-01-02,7933.3192835666405,7982.2903902553235,7639.4926434345425,7761.92041015625,3264000,0.0,0.0
2015-01-02,7761.921080872253,7945.562746823489,7761.921080872253,7798.6494140625,4236900,0.0,0.0
2015-01-02,7847.6197144500975,8006.775808502907,7847.6197144500975,7896.5908203125,2913400,0.0,0.0
2015-01-02,7872.106080442994,7945.562746823489,7712.949969951923,7798.6494140625,3734600,0.0,0.0
2015-01-02,7761.920426458168,7798.648756551818,7700.70654296875,7700.70654296875,2271500,0.0,0.0
2015-01-02,7737.4347636751245,7749.677540199927,7357.90869140625,7357.90869140625,5038700,0.0,0.0
2015-01-02,7345.666048728814,7357.908825476696,7088.567737023305,7223.23828125,3481700,0.0,0.0
2015-01-02,7345.665614652317,7431.365046823261,7210.995078383692,7394.63671875,2984400,0.0,0.0
2015-01-02,7345.665601908867,7517.064465953407,7113.05285784842,7455.8505859375,3588300,0.0,0.0
2015-01-02,7345.666326992753,7663.978534495773,7296.695218146135,7602.7646484375,8837400,0.0,0.0
2015-01-02,7517.064786228681,7541.550339278286,7357.90869140625,7357.90869140625,3687300,0.0,0.0
2015-01-02,7443.607722107438,7517.064377259814,7394.636618672521,7406.87939453125,6498500,0.0,0.0
2015-01-02,7480.336611073646,7578.278825293923,7443.608280741042,7517.06494140625,4565200,0.0,0.0
2015-01-02,7517.065493270034,7517.065493270034,7272.209939743322,7333.423828125,6026400,0.0,0.0
2015-01-02,7333.423255317753,7382.394362198004,7259.966594997374,7284.4521484375,4890600,0.0,0.0
2015-01-02,7284.452182633092,7553.793271738854,7284.452182633092,7517.06494140625,7200900,0.0,0.0
2015-01-02,7333.422801077847,7663.977752044628,7321.180025116114,7578.2783203125,6852200,0.0,0.0
2015-01-02,7578.2783203125,7578.2783203125,7578.2783203125,7578.2783203125,0,0.0,0.0
2015-01-02,7578.2783203125,7578.2783203125,7578.2783203125,7578.2783203125,0,0.0,0.0
2015-01-02,7468.093374896523,7492.5789269453635,7370.151166701158,7394.63671875,2915400,0.0,0.0
2015-01-02,7419.123410692402,7492.580078125,7357.9095211652375,7492.580078125,3252300,0.0,0.0
2015-01-02,7541.5510656856795,7566.03662109375,7492.5799548695395,7566.03662109375,4338400,0.0,0.0
2015-01-02,7590.522235097687,7688.464457486045,7590.522235097687,7676.2216796875,7454000,0.0,0.0
2015-01-02,7639.493346291866,7700.70723528459,7602.765012896232,7676.2216796875,3192300,0.0,0.0
2015-01-02,7627.250509613927,7639.493287317961,7504.822732573574,7566.03662109375,3771900,0.0,0.0
2015-01-02,7566.036048516388,7566.036048516388,7480.336611073646,7517.06494140625,2121300,0.0,0.0
2015-01-02,7468.092482717414,7480.3352572792455,7406.8786099082545,7443.60693359375,2272200,0.0,0.0
2015-01-02,7406.878422037761,7443.606744791667,7308.936228027344,7345.66455078125,1350000,0.0,0.0
2015-01-02,7357.9068359375,7468.091796875,7345.6640625,7468.091796875,1725900,0.0,0.0
2015-01-02,7492.580078125,7541.551189746732,7394.637854881536,7492.580078125,3043900,0.0,0.0
2015-01-02,7492.580078125,7517.065633935867,7394.637854881536,7492.580078125,5198100,0.0,0.0
2015-01-02,7480.337300219568,7492.580078125,7431.366188597835,7492.580078125,1568100,0.0,0.0
2015-01-02,7492.580078125,7504.822856030433,7443.608966503268,7492.580078125,1258600,0.0,0.0
2015-01-02,7541.551189746732,7541.551189746732,7468.094522314134,7492.580078125,2027900,0.0,0.0
2015-01-02,7443.60625,7504.8201171875,7394.63515625,7468.091796875,2761100,0.0,0.0
2015-01-02,7504.820692795974,7663.976759690505,7504.820692795974,7639.4912109375,7103300,0.0,0.0
2015-01-02,7627.249212197984,7663.9775390625,7504.821455982928,7663.9775390625,2487900,0.0,0.0
2015-01-02,7663.9775390625,7663.9775390625,7663.9775390625,7663.9775390625,0,0.0,0.0
2015-01-02,7492.578713175123,7578.278142900982,7468.093161824877,7480.3359375,2066700,0.0,0.0
2015-01-02,7480.3359375,7480.3359375,7480.3359375,7480.3359375,0,0.0,0.0
2015-01-02,7480.3359375,7480.3359375,7480.3359375,7480.3359375,0,0.0,0.0
2015-01-02,7480.3359375,7480.3359375,7480.3359375,7480.3359375,0,0.0,0.0
2015-01-02,7480.3359375,7480.3359375,7480.3359375,7480.3359375,0,0.0,0.0
2015-01-02,7480.3359375,7480.3359375,7480.3359375,7480.3359375,0,0.0,0.0
2015-01-02,8129.203864644971,8349.573848927515,7908.8338803624265,8276.1171875,6079100,0.0,0.0
2015-01-02,8276.1171875,8374.059402736686,8153.6894184541425,8276.1171875,3449500,0.0,0.0
2015-01-02,8276.116422599029,8276.116422599029,8080.232010229821,8190.4169921875,2290500,0.0,0.0
2015-01-02,8190.416450500488,8190.416450500488,7798.647651672363,7835.3759765625,3208200,0.0,0.0
2015-01-02,7798.647683026714,7835.376008064516,7578.277732799899,7590.5205078125,3349200,0.0,0.0
2015-01-02,7492.577854567307,7492.577854567307,7149.780174946582,7162.02294921875,7996700,0.0,0.0
2015-01-02,7272.208595726181,7382.393574449305,7235.48026948514,7259.9658203125,5902100,0.0,0.0
2015-01-02,7296.693453776042,7370.150099283855,7174.265711263021,7345.66455078125,4169700,0.0,0.0
2015-01-02,7345.66455078125,7370.150099283855,7235.4795825195315,7345.66455078125,2190000,0.0,0.0
2015-01-02,7365.846511314654,7441.523016567887,7315.395507812499,7315.3955078125,3805400,440.0,0.0
2015-01-02,7315.396986410652,7315.396986410652,7037.916411064041,7164.0439453125,5080900,0.0,0.0
2015-01-02,7063.139204545455,7113.590198863636,6886.560724431818,6937.01171875,4655000,0.0,0.0
2015-01-02,6911.787795315388,6949.626049669305,6747.822026448418,6823.49853515625,3696200,0.0,0.0
2015-01-02,7100.978515625,7100.978515625,6810.885254773534,7100.978515625,5425300,0.0,0.0
2015-01-02,6987.463782269022,7100.97853685462,6962.23828125,6962.23828125,1927600,0.0,0.0
2015-01-02,6911.787057192271,6962.238057609733,6609.0810546875,6609.0810546875,4628800,0.0,0.0
2015-01-02,6709.982648378089,6709.982648378089,6508.178658953184,6634.30615234375,3083100,0.0,0.0
2015-01-02,6634.30652809143,6659.532028198241,6331.6005268096915,6457.72802734375,4410100,0.0,0.0
2015-01-02,6331.599958013436,6634.305932101728,6331.599958013436,6571.2421875,4804100,0.0,0.0
2015-01-02,6571.243506130141,6823.498535156251,6520.792500324919,6823.49853515625,3935600,0.0,0.0
2015-01-02,6823.4989827473955,6836.111735026042,6558.631184895833,6659.533203125,3616200,0.0,0.0
2015-01-02,6684.757397056284,6848.72314453125,6571.242648804385,6848.72314453125,4651000,0.0,0.0
2015-01-02,6911.786267574433,6924.39901623789,6621.693048314922,6672.14404296875,4648000,0.0,0.0
2015-01-02,6760.432662651303,6785.658157661196,6684.756177621624,6773.04541015625,3129400,0.0,0.0
2015-01-02,6810.886638882435,6810.886638882435,6735.21012067263,6785.6611328125,2304500,0.0,0.0
2015-01-02,6785.65804856115,7012.687499999999,6646.91782823741,7012.6875,2840700,0.0,0.0
2015-01-02,7012.689674683683,7252.33194773942,6949.625918616383,7227.1064453125,4425700,0.0,0.0
2015-01-02,7113.592931613117,7252.333219286422,7100.980178188271,7164.0439453125,8409400,0.0,0.0
2015-01-02,7189.267053091397,7214.492551523297,7037.9140625,7037.9140625,1726200,0.0,0.0
2015-01-02,7113.590637313922,7227.105381526379,7100.977887956983,7201.8798828125,3510500,0.0,0.0
2015-01-02,7239.717905451148,7340.619897164754,7189.266909594346,7277.55615234375,3588800,0.0,0.0
2015-01-02,7176.654029766442,7277.556019640136,7176.654029766442,7239.7177734375,2730200,0.0,0.0
2015-01-02,7239.718174647618,7290.169172380354,7214.49267578125,7214.49267578125,3623200,0.0,0.0
2015-01-02,7264.944504310344,7454.135767443426,7214.493500808189,7315.3955078125,5262500,0.0,0.0
2015-01-02,7365.8459032685505,7403.684152771642,7138.816406249999,7138.81640625,2827200,0.0,0.0
2015-01-02,7214.494676776961,7227.107429708389,7063.141641599822,7075.75439453125,2801200,0.0,0.0
2015-01-02,7075.752627376185,7075.752627376185,6924.399629999154,6987.46337890625,3232700,0.0,0.0
2015-01-02,6911.787887105856,7000.0771484375,6911.787887105856,7000.0771484375,2184100,0.0,0.0
2015-01-02,6962.237739101422,7088.365234374999,6899.173991464635,7088.365234375,3172600,0.0,0.0
2015-01-02,7012.690060129113,7025.302812035819,6810.8860296218,6899.17529296875,3913900,0.0,0.0
2015-01-02,6873.949833461217,7063.14111328125,6760.435065569197,7063.14111328125,4582200,0.0,0.0
2015-01-02,7063.140285326087,7063.140285326087,6886.561778192935,6962.23828125,2064500,0.0,0.0
2015-01-02,6937.011034243575,6974.849276248539,6747.819824218749,6747.81982421875,4181900,0.0,0.0
2015-01-02,6760.433882840704,7012.688878469089,6760.433882840704,6987.46337890625,3563700,0.0,0.0
2015-01-02,7037.916135736966,7138.818159188391,6924.401359354111,7075.75439453125,2541300,0.0,0.0
2015-01-02,7063.140264209591,7100.978515625,6949.625509963365,7100.978515625,3043100,0.0,0.0
2015-01-02,7100.977534146918,7567.649237101511,7012.6882930474,7517.1982421875,9142400,0.0,0.0
2015-01-02,7466.748174894958,7517.1991760766805,7315.39517134979,7504.58642578125,6752900,0.0,0.0
2015-01-02,7517.199115444215,7668.552117768595,7466.748114669421,7630.7138671875,5359100,0.0,0.0
2015-01-02,7567.651532147383,7655.940800022436,7466.749511718751,7466.74951171875,4030200,0.0,0.0
2015-01-02,7365.847491290119,7542.426027040225,7365.847491290119,7466.74951171875,2018200,0.0,0.0
2015-01-02,7668.552523839137,7719.0035272854475,7517.199513500207,7605.48876953125,14920600,0.0,0.0
2015-01-02,7706.389557081654,7819.904296875,7592.874817288307,7819.904296875,7068800,0.0,0.0
2015-01-02,8147.83544921875,8173.060945965557,7895.580481750677,8147.83544921875,13008700,0.0,0.0
2015-01-02,7971.257956480369,8122.610955654047,7819.904957306691,7870.35595703125,6524900,0.0,0.0
2015-01-02,7908.193538936493,7933.419036668347,7744.227803679436,7819.904296875,3576800,0.0,0.0
2015-01-02,7706.389000701904,8147.835179138183,7706.389000701904,8072.15869140625,5480200,0.0,0.0
2015-01-02,8147.835051359954,8248.737033420139,8097.384060329861,8173.060546875,8258200,0.0,0.0
2015-01-02,8072.158691406249,8147.835179138183,8009.094951629638,8072.15869140625,8189700,0.0,0.0
2015-01-02,8021.7099609375,8072.160966981131,7908.195197339328,8021.7099609375,2220100,0.0,0.0
2015-01-02,7895.582846078963,8009.097615431536,7895.582846078963,7996.48486328125,2434300,0.0,0.0
2015-01-02,7920.805715942382,8097.384187316894,7870.354724121094,8072.15869140625,2630400,0.0,0.0
2015-01-02,8072.160131369427,8072.160131369427,7895.581628495721,7920.80712890625,3992700,0.0,0.0
2015-01-02,7895.5816032112425,7971.258104200488,7731.615851067878,7769.4541015625,3036800,0.0,0.0
2015-01-02,7870.356487500001,8034.3222476562505,7769.454481250001,7882.96923828125,6633900,0.0,0.0
2015-01-02,7832.5194056919645,8059.5489536830355,7819.906653025793,7946.0341796875,9768200,0.0,0.0
2015-01-02,8021.707965484713,8236.124687832575,8021.707965484713,8147.83544921875,9907400,0.0,0.0
2015-01-02,8135.225300480769,8236.127319711539,8021.7105288461535,8198.2890625,11746500,0.0,0.0
2015-01-02,8223.5146484375,8513.607956587903,8198.289143380942,8223.5146484375,8860900,0.0,0.0
2015-01-02,8879.3759765625,8980.277976296165,8273.963978160513,8879.3759765625,9318800,0.0,0.0
2015-01-02,8879.374458092485,8980.27644057081,8677.570493135838,8728.021484375,7717500,0.0,0.0
2015-01-02,8778.475138988522,8866.764400443866,8728.024132442612,8791.087890625,2932600,0.0,0.0
2015-01-02,8589.283897822523,8778.475173104956,8589.283897822523,8652.34765625,2615500,0.0,0.0
2015-01-02,8753.24613739525,9055.952055691341,8728.02064420391,9030.7265625,8637500,0.0,0.0
2015-01-02,9030.729743767313,9346.048519736843,8992.89149065097,9106.40625,9680200,0.0,0.0
2015-01-02,9282.986184675141,9371.275455453302,8879.378089689266,8929.8291015625,2951800,0.0,0.0
2015-01-02,9005.501069308659,9068.56480228701,8929.824589734637,9030.7265625,1963400,0.0,0.0
2015-01-02,9055.953749449824,9081.179247359154,8854.149766175176,8955.0517578125,2632100,0.0,0.0
2015-01-02,9081.180803571428,9207.308314732141,8828.92578125,8828.92578125,6212700,0.0,0.0
2015-01-02,8904.600030808222,8967.66377040318,8412.70286196754,8475.7666015625,6661500,0.0,0.0
2015-01-02,8601.895407471058,8816.312155164618,8500.99340855644,8715.41015625,3376200,0.0,0.0
2015-01-02,8715.411021205357,8828.92578125,8702.798270089284,8828.92578125,2768000,0.0,0.0
2015-01-02,8677.572740857946,8967.666015625,8677.572740857946,8967.666015625,1537700,0.0,0.0
2015-01-02,8942.4404039171,9081.1806640625,8816.31289469401,9081.1806640625,3347500,0.0,0.0
2015-01-02,9081.182137182204,9081.182137182204,8891.990842657575,8929.8291015625,1539500,0.0,0.0
2015-01-02,9043.341726129705,9043.341726129705,8854.150476629085,8879.3759765625,2796400,0.0,0.0
2015-01-02,8904.601418887867,9434.3369140625,8904.601418887867,9434.3369140625,9489400,0.0,0.0
2015-01-02,9535.239984374999,9560.465486979167,9333.435963541666,9459.5634765625,5756800,0.0,0.0
2015-01-02,9459.563559674203,9661.367582280585,9156.857525764628,9484.7890625,4120900,0.0,0.0
2015-01-02,9661.36710313727,9661.36710313727,9383.886585814791,9636.1416015625,1603300,0.0,0.0
2015-01-02,9535.239103618422,9648.753854851975,9282.984100877193,9346.0478515625,1289700,0.0,0.0
2015-01-02,9295.595703125,9711.81640625,9182.080965909092,9711.81640625,2622700,0.0,0.0
2015-01-02,9686.591911764706,9711.817411534927,9396.498664407169,9434.3369140625,4517200,0.0,0.0
2015-01-02,9383.886686197917,9434.337689887152,9081.1806640625,9081.1806640625,3614200,0.0,0.0
2015-01-02,9106.40630580357,9156.857310267857,8828.92578125,8828.92578125,2586600,0.0,0.0
2015-01-02,8955.054200617837,8955.054200617837,8740.637409898818,8803.701171875,2666100,0.0,0.0
2015-01-02,8728.023112462854,8728.023112462854,8425.317108562407,8488.380859375,2732900,0.0,0.0
2015-01-02,8374.866741071428,8866.764034598213,8337.028487723213,8828.92578125,4923200,0.0,0.0
2015-01-02,8879.37736344538,9005.5048828125,8728.024340204833,9005.5048828125,4510100,0.0,0.0
2015-01-02,8992.8916015625,9030.729855145511,8879.376840813464,8992.8916015625,1175800,0.0,0.0
2015-01-02,8980.278597949082,8980.278597949082,8778.474584512023,8917.21484375,3596300,0.0,0.0
2015-01-02,8778.473976828836,8955.052476362749,8728.022976962004,8879.3759765625,1685900,0.0,0.0
2015-01-02,8879.375173852573,9207.306643341446,8879.375173852573,9068.56640625,5770900,0.0,0.0
2015-01-02,9043.3427734375,9081.181027719666,8803.70049631712,9043.3427734375,3289500,0.0,0.0
2015-01-02,8929.827273346657,8929.827273346657,8601.895763308503,8677.572265625,4624000,0.0,0.0
2015-01-02,8576.670785134667,9144.24458709211,8526.219780516229,9131.6318359375,6356300,0.0,0.0
2015-01-02,9106.404650042808,9320.821380029965,9055.953654751713,9207.306640625,6342300,0.0,0.0
2015-01-02,9305.44663745777,9470.707301784207,9191.035408308699,9407.1455078125,3619400,143.0,0.0
2015-01-02,9165.613249525513,9280.02451061529,8924.07836500265,9000.3525390625,5666100,0.0,0.0
2015-01-02,9152.898075613079,9394.432885941756,9076.62392498297,9330.87109375,4803100,0.0,0.0
2015-01-02,9318.157939797171,9457.993870680893,9267.308510384908,9381.7197265625,3257800,0.0,0.0
2015-01-02,9457.99528952206,9572.406522863052,9330.871696920956,9508.8447265625,5204100,0.0,0.0
2015-01-02,9559.693268296633,9826.652787757044,9508.84383601846,9813.9404296875,8690600,0.0,0.0
2015-01-02,9813.940693284061,9890.214843749998,9737.666542818122,9890.21484375,2772300,0.0,0.0
2015-01-02,9788.515896986903,9788.515896986903,9508.844014215849,9585.1181640625,2239300,0.0,0.0
2015-01-02,9585.118241886246,9902.927202160989,9585.118241886246,9890.21484375,4828500,0.0,0.0
2015-01-02,9712.2431640625,9928.353286823054,9623.256642925802,9712.2431640625,4795000,0.0,0.0
2015-01-02,9864.7919921875,10017.340321963597,9839.367270558152,9864.7919921875,5019500,0.0,0.0
2015-01-02,9890.2163772583,9915.641098022461,9432.571403503418,9763.0927734375,5687000,0.0,0.0
2015-01-02,9661.392045454546,10093.612215909092,9508.84375,10068.1875,9210300,0.0,0.0
2015-01-02,9915.639204545456,10157.17400568182,9915.639204545456,10068.1875,6748200,0.0,0.0
2015-01-02,10080.90230974036,10347.861891713308,9979.203421369713,10220.73828125,6230100,0.0,0.0
2015-01-02,10119.038341645884,10284.2990180798,10119.038341645884,10195.3125,3372300,0.0,0.0
2015-01-02,10271.585937499998,10487.696037670172,10220.73650216584,10271.5859375,6854500,0.0,0.0
2015-01-02,10398.708270871772,10424.13298547048,10220.735268680812,10335.146484375,4215200,0.0,0.0
2015-01-02,10335.145799604668,10602.105285203314,10335.145799604668,10551.255859375,3679300,0.0,0.0
2015-01-02,10487.694793051862,10754.654296875,10424.133006427304,10754.654296875,2873600,0.0,0.0
2015-01-02,10830.932048470127,10983.480387180975,10754.657879114704,10958.0556640625,5064400,0.0,0.0
2015-01-02,10830.929335752371,10907.203486004148,10640.243960122927,10729.23046875,2700600,0.0,0.0
2015-01-02,10729.23089324422,11021.615147444003,10729.23089324422,10996.1904296875,3462400,0.0,0.0
2015-01-02,10830.929911090068,11339.424273113076,10780.080474887767,11326.7119140625,6410900,0.0,0.0
2015-01-02,11441.123145517678,11542.822017922279,11161.451246405024,11326.7119140625,6523900,0.0,0.0
2015-01-02,11275.86420864917,11275.86420864917,10640.246158556207,11110.603515625,7575200,0.0,0.0
2015-01-02,10678.383241561785,11186.877681636155,10678.383241561785,11110.603515625,6006400,0.0,0.0
2015-01-02,11186.875964506175,11402.986068365952,11123.314169253297,11326.7119140625,4633800,0.0,0.0
2015-01-02,11441.123812806372,11771.645167398556,11441.123812806372,11669.9462890625,7703000,0.0,0.0
2015-01-02,11441.123917079207,11911.481233670242,11047.040759935368,11555.53515625,5434900,0.0,0.0
2015-01-02,11695.370107747047,12153.015025006714,11695.370107747047,11835.2060546875,8925900,0.0,0.0
2015-01-02,11695.365922456238,12191.147738734273,11275.858231759437,11619.091796875,11258900,0.0,0.0
2015-01-02,11911.480071181551,11911.480071181551,11085.1767578125,11085.1767578125,6734500,0.0,0.0
2015-01-02,10780.081182065216,10958.054220448368,10424.135105298912,10525.833984375,7197400,0.0,0.0
2015-01-02,10678.38214724345,11949.618117153384,10589.395629349756,11644.521484375,6311700,0.0,0.0
2015-01-02,11441.12197666952,11542.82083868436,11072.463601865724,11136.025390625,3230000,0.0,0.0
2015-01-02,11174.16337477993,11174.16337477993,10551.257794160798,10830.9296875,3428600,0.0,0.0
2015-01-02,10474.984186973525,10665.669578726684,10474.984186973525,10563.970703125,5622300,0.0,0.0
2015-01-02,10436.849112547405,10983.48067386231,10436.849112547405,10894.494140625,3974100,0.0,0.0
2015-01-02,10919.915308843463,11237.724252639839,10919.915308843463,11136.025390625,5493100,0.0,0.0
2015-01-02,10780.081999417927,11237.726989959254,10780.081999417927,10919.91796875,3273300,0.0,0.0
2015-01-02,11186.874821632418,11186.874821632418,10958.05238209903,11136.025390625,2495500,0.0,0.0
2015-01-02,11199.588449309595,11199.588449309595,10932.628906250002,10932.62890625,3123900,0.0,0.0
2015-01-02,10805.505301018944,11161.451357993687,10805.505301018944,11072.46484375,5601000,0.0,0.0
2015-01-02,11186.876209077382,11186.876209077382,10678.3818359375,10678.3818359375,6929400,0.0,0.0
2015-01-02,11034.32808988764,11428.411235955056,10996.191011235955,11314.0,4093600,0.0,0.0
2015-01-02,11695.37056243199,11695.37056243199,11555.534610055087,11682.658203125,6316900,0.0,0.0
2015-01-02,11797.069847074468,12127.591200548539,11695.370969082447,11949.6181640625,6191600,0.0,0.0
2015-01-02,12178.441206737232,12178.441206737232,11708.083874117945,11822.4951171875,1721200,0.0,0.0
2015-01-02,11822.492270205617,11847.9169847652,11542.820410050215,11708.0810546875,4396100,0.0,0.0
2015-01-02,11542.825035432797,11619.099209675745,11250.440700834832,11491.9755859375,4820200,0.0,0.0
2015-01-02,11390.275082236842,11695.371736225328,11390.275082236842,11593.6728515625,4589200,0.0,0.0
2015-01-02,11644.523233280033,11733.509764538723,11186.878215378198,11428.4130859375,4546800,0.0,0.0
2015-01-02,11428.40989051127,11466.546964673153,11352.135742187502,11352.1357421875,4165300,0.0,0.0
2015-01-02,11339.425226926276,11606.384789443598,11288.575786446785,11466.548828125,4199800,0.0,0.0
2015-01-02,11428.40925634599,11530.108115134386,11174.162109375,11174.162109375,5354100,0.0,0.0
2015-01-02,11072.464144882999,11123.313578384183,10703.805751999409,10729.23046875,4682900,0.0,0.0
2015-01-02,10703.80702275815,10805.505901834238,10487.696904721466,10525.833984375,4705100,0.0,0.0
2015-01-02,10729.231786988214,10754.656506862593,10246.162109375,10246.162109375,3157200,0.0,0.0
2015-01-02,10424.136598711588,10449.56132212308,9763.093790012805,9928.3544921875,6621900,0.0,0.0
2015-01-02,9763.093074968232,10233.450423632066,9763.093074968232,10004.6279296875,4281600,0.0,0.0
2015-01-02,10169.887780548628,10309.72373753117,10030.051823566084,10195.3125,3204300,0.0,0.0
2015-01-02,10424.134749172683,10563.970703125,10322.435873570998,10563.970703125,3281000,0.0,0.0
2015-01-02,10373.28322643198,10678.379791915273,10373.28322643198,10652.955078125,3132200,0.0,0.0
2015-01-02,10627.531861213236,10907.203752297793,10602.107143841911,10805.5048828125,2367800,0.0,0.0
2015-01-02,10805.5048828125,10805.5048828125,10805.5048828125,10805.5048828125,0,0.0,0.0
2015-01-02,10780.080710565477,10780.080710565477,10462.27172735305,10678.3818359375,2865600,0.0,0.0
2015-01-02,10691.094871449694,10894.492633570022,10627.533070787093,10881.7802734375,2615000,0.0,0.0
2015-01-02,10627.530743387373,11225.011538769199,10627.530743387373,11174.162109375,3816300,0.0,0.0
2015-01-02,11085.176582301267,11250.43724235851,10983.477714573732,11034.3271484375,1652600,0.0,0.0
2015-01-02,11288.573683647259,11288.573683647259,11034.32652861016,11136.025390625,2823600,0.0,0.0
2015-01-02,10932.629667034453,11199.58922867134,10881.780226722665,11161.4521484375,2445700,0.0,0.0
2015-01-02,11186.87562715023,11186.87562715023,10983.47788847477,11085.1767578125,1592100,0.0,0.0
2015-01-02,11034.329790562428,11034.329790562428,10792.794921875002,10792.794921875,2319300,0.0,0.0
2015-01-02,10932.629146771666,11237.725774123433,10843.642630460734,11148.7392578125,4668300,0.0,0.0
2015-01-02,10945.343302503263,11174.165810569533,10945.343302503263,10958.0556640625,1287400,0.0,0.0
2015-01-02,10881.7802734375,10983.479154497665,10869.06791330498,10881.7802734375,698200,0.0,0.0
2015-01-02,11008.902431505616,11034.3271484375,10970.765356107791,11034.3271484375,1549500,0.0,0.0
2015-01-02,11034.327766216993,11072.464843750002,11021.615407039324,11072.46484375,4317400,0.0,0.0
2015-01-02,11034.326704545456,11313.998579545456,10932.627840909092,11186.875,2241000,0.0,0.0
2015-01-02,11288.573325511945,11288.573325511945,10932.62731975256,11174.162109375,2533500,0.0,0.0
2015-01-02,11288.576197574013,11619.097572728208,11250.439115825453,11593.6728515625,7806300,0.0,0.0
2015-01-02,11644.521503798342,11644.521503798342,11428.411388553177,11504.685546875,3654400,0.0,0.0
2015-01-02,11593.672045578604,11682.6585634723,11530.110247083107,11644.521484375,3925700,0.0,0.0
2015-01-02,11682.661021544869,11682.661021544869,11326.71487507778,11491.9755859375,1268400,0.0,0.0
2015-01-02,11682.659148044691,11682.659148044691,11364.850139664804,11377.5625,893700,0.0,0.0
2015-01-02,11110.603515625,11504.686706682638,11110.603515625,11110.603515625,2047000,0.0,0.0
2015-01-02,11225.014534578195,11542.823553110988,11225.014534578195,11339.42578125,3418700,0.0,0.0
2015-01-02,11390.276686946901,11504.687948311324,11364.851962199253,11491.9755859375,3861000,0.0,0.0
2015-01-02,11555.5370647928,11708.085408882474,11542.824702785327,11695.373046875,8766300,0.0,0.0
2015-01-02,11695.370734019501,11822.494328954497,11695.370734019501,11733.5078125,2216500,0.0,0.0
2015-01-02,11733.508343056683,11758.933063193317,11568.24766216856,11746.220703125,3320800,0.0,0.0
2015-01-02,11733.51013289742,11733.51013289742,11657.235960852582,11695.373046875,3529000,0.0,0.0
2015-01-02,11695.371651785714,11695.371651785714,11491.973883928571,11568.248046875,2773700,0.0,0.0
2015-01-02,11644.52359884511,11898.770838994566,11491.975254755436,11695.373046875,9565900,0.0,0.0
2015-01-02,11746.219629220257,11898.767936093247,11746.219629220257,11860.630859375,3061600,0.0,0.0
2015-01-02,11733.50576924708,11860.629342044991,11695.368697407708,11708.0810546875,2440200,0.0,0.0
2015-01-02,11708.081054687498,11708.081054687498,11708.081054687498,11708.0810546875,0,0.0,0.0
2015-01-02,11580.95792685926,12114.876953125,11580.95792685926,12114.876953125,4085100,0.0,0.0
2015-01-02,11746.220553828534,12381.838549165577,11606.384594854386,12140.3037109375,6471200,0.0,0.0
2015-01-02,12305.564347172467,12559.811544428097,12178.440748544654,12419.9755859375,2546600,0.0,0.0
2015-01-02,12458.112750574564,12508.962190372828,12419.975670725868,12445.400390625,3127200,0.0,0.0
2015-01-02,12407.26314102564,12483.537299679487,12076.741786858973,12394.55078125,3282700,0.0,0.0
2015-01-02,12521.673383422605,12534.3857421875,12432.686872068332,12534.3857421875,5536400,0.0,0.0
2015-01-02,12610.659436274509,12979.317827052695,12597.947077971814,12966.60546875,4753300,0.0,0.0
2015-01-02,12648.797936779087,12801.346253604563,12547.099058895436,12674.22265625,2784100,0.0,0.0
2015-01-02,12763.208199955629,12953.89358142907,12534.3857421875,12534.3857421875,6150000,0.0,0.0
2015-01-02,12686.93268256407,12686.93268256407,12076.739527490847,12153.013671875,2475200,0.0,0.0
2015-01-02,12330.989190631231,12814.058870264209,12330.989190631231,12750.4970703125,3291500,0.0,0.0
2015-01-02,12750.495649238981,12775.920366386017,12534.385553489168,12763.2080078125,2215100,0.0,0.0
2015-01-02,12763.207981721134,13322.5517578125,12763.207981721134,13322.5517578125,8768000,0.0,0.0
2015-01-02,13398.826543719953,13525.950135216348,13030.16812838041,13220.853515625,4097500,0.0,0.0
2015-01-02,13373.402118682861,13373.402118682861,12966.606616973877,13017.4560546875,3732400,0.0,0.0
2015-01-02,13170.004882812498,13322.553201918436,12725.072285420185,13170.0048828125,4620700,0.0,0.0
2015-01-02,13170.003644569177,13170.003644569177,12814.057600121361,13093.7294921875,4051800,0.0,0.0
2015-01-02,13093.730853223424,13170.005013533464,12864.908372293306,12915.7578125,2019400,0.0,0.0
2015-01-02,12992.032888893908,13284.41719069876,12992.032888893908,13195.4306640625,4308100,0.0,0.0
2015-01-02,13195.427647697856,13195.427647697856,12775.919832308617,12890.3310546875,1962200,0.0,0.0
2015-01-02,13068.3056640625,13157.292181230241,13017.456225680933,13068.3056640625,4174700,0.0,0.0
2015-01-02,13182.717159469037,13729.348632812498,13119.155360243054,13729.3486328125,5801500,0.0,0.0
2015-01-02,13831.049436720998,13869.186521564896,13093.732463072267,13258.9931640625,3075800,0.0,0.0
2015-01-02,13347.97824684633,13856.47265625,13347.97824684633,13856.47265625,3943200,0.0,0.0
2015-01-02,13792.906994716726,14136.140625,13525.947504496404,14136.140625,5783500,0.0,0.0
2015-01-02,14059.871010600657,14225.131700598675,14009.021567524343,14034.4462890625,3413700,0.0,0.0
2015-01-02,14047.155539772728,14199.703835227274,14009.018465909092,14123.4296875,2557200,0.0,0.0
2015-01-02,13805.6220703125,13945.458021300932,13767.4849927702,13805.6220703125,4892400,0.0,0.0
2015-01-02,13983.596292218357,14339.542379656643,13958.171571687051,14161.5693359375,3458300,0.0,0.0
2015-01-02,14161.5693359375,14288.692938594031,13907.32213062444,14161.5693359375,4239800,0.0,0.0
2015-01-02,14186.992692364387,14186.992692364387,13475.100585937502,13475.1005859375,4614700,0.0,0.0
2015-01-02,13729.349519878706,14428.529356539195,13729.349519878706,14148.857421875,6550200,0.0,0.0
2015-01-02,14746.33814188465,14975.160630293205,14619.21453721323,14822.6123046875,4085800,0.0,0.0
2015-01-02,14822.612304687502,14822.612304687502,14822.612304687502,14822.6123046875,0,0.0,0.0
2015-01-02,14746.337890625,14835.324412378772,14517.5154061153,14746.337890625,2791500,0.0,0.0
2015-01-02,14619.211825593422,14695.485974248693,14466.663528282883,14593.787109375,2974600,0.0,0.0
2015-01-02,14593.787911795238,14631.92498821979,14504.801400137949,14542.9384765625,1627500,0.0,0.0
2015-01-02,14555.652486866918,14797.187331627154,14415.816524110991,14746.337890625,7201500,0.0,0.0
2015-01-02,14797.187331627154,14848.03677262931,14631.92664837015,14746.337890625,2478100,0.0,0.0
2015-01-02,14720.912702597692,14720.912702597692,14186.993589031972,14314.1171875,3870000,0.0,0.0
2015-01-02,14479.375710227274,14479.375710227274,13843.757812500002,13843.7578125,3769300,0.0,0.0
2015-01-02,14034.44573328097,14199.70641673446,13983.596292218357,14161.5693359375,3445500,0.0,0.0
2015-01-02,14161.5693359375,14161.5693359375,14161.5693359375,14161.5693359375,0,0.0,0.0
2015-01-02,13983.595532048357,14148.85620651802,13805.622498004106,13932.74609375,5085100,0.0,0.0
2015-01-02,13881.897316765322,13907.322037125698,13678.499553882313,13691.2119140625,2823200,0.0,0.0
2015-01-02,13653.072801632989,13691.209876497885,13297.12676956062,13525.94921875,5957200,0.0,0.0
2015-01-02,13702.981398059475,14425.549155395944,13625.563424059139,14399.7431640625,5980500,393.0,0.0
2015-01-02,14399.74252078555,14399.74252078555,13999.74967298595,14064.2646484375,3235800,0.0,0.0
2015-01-02,14115.879942713173,14167.4919351911,13844.916982204053,13883.6259765625,3862400,0.0,0.0
2015-01-02,13883.621048677885,13883.621048677885,13341.69532001202,13419.11328125,5115500,0.0,0.0
2015-01-02,13406.20995622436,13638.463834195523,13290.08301723878,13367.5009765625,2906400,0.0,0.0
2015-01-02,13470.723510011227,13470.723510011227,12864.282892223366,12928.7978515625,4997600,0.0,0.0
2015-01-02,12980.409819033808,13006.21580276946,12773.961949148577,12928.7978515625,4371700,0.0,0.0
2015-01-02,13083.635125708855,13586.851861313044,13083.635125708855,13367.5009765625,8069700,0.0,0.0
2015-01-02,13419.114583333334,13522.338541666666,12773.96484375,13161.0546875,7799800,0.0,0.0
2015-01-02,13161.051705183383,13161.051705183383,12915.894859694674,12928.7978515625,3632700,0.0,0.0
2015-01-02,13057.830729166666,13083.63671875,12541.7109375,12580.419921875,6216600,0.0,0.0
2015-01-02,12593.32129900713,12735.254223483644,12438.485381396385,12670.7392578125,2611400,0.0,0.0
2015-01-02,12722.350507033709,12748.156491834994,12193.327818607358,12296.5517578125,4722000,0.0,0.0
2015-01-02,12257.844048041801,12438.485960328733,11883.657229733157,11922.3662109375,7034400,0.0,0.0
2015-01-02,11922.364942863807,12386.87266791045,11806.238011602147,12103.0068359375,8523300,0.0,0.0
2015-01-02,12244.939179161815,12580.416964892274,12077.200286296584,12464.2900390625,7065300,0.0,0.0
2015-01-02,12696.544249487704,12902.992123463115,12451.387399141904,12593.3203125,5781200,0.0,0.0
2015-01-02,12748.155912569868,12799.767879827235,12528.805051726054,12696.5439453125,6348800,0.0,0.0
2015-01-02,12644.934233985996,12696.546210451246,12386.874351659751,12438.486328125,3787900,0.0,0.0
2015-01-02,12683.6435546875,12735.255532529565,12412.680671016658,12683.6435546875,8073300,0.0,0.0
2015-01-02,12773.965772469379,13470.7275418768,12722.35378955031,13432.0185546875,7014200,0.0,0.0
2015-01-02,13573.950520833334,13986.846354166666,13522.338541666666,13973.943359375,6460000,0.0,0.0
2015-01-02,13690.074986990887,14335.224609375,13548.142070066382,14335.224609375,9556500,0.0,0.0
2015-01-02,14335.224609375,14335.224609375,14335.224609375,14335.224609375,0,0.0,0.0
2015-01-02,14038.459333804143,14038.459333804143,13677.175453890066,13702.9814453125,3974900,0.0,0.0
2015-01-02,13793.30241529102,13935.235368114407,13522.339505355461,13702.9814453125,3106200,0.0,0.0
2015-01-02,13922.330728562732,13961.039711125928,13806.203780873146,13909.427734375,4264100,0.0,0.0
2015-01-02,14051.359369604626,14051.359369604626,13909.426446679327,14012.650390625,2691800,0.0,0.0
2015-01-02,14038.458007812498,14115.875974767347,13948.137046365177,14038.4580078125,2045900,0.0,0.0
2015-01-02,14090.069641804244,14090.069641804244,13406.210950397995,13677.173828125,5631900,0.0,0.0
2015-01-02,13548.14453125,14038.458333333334,13548.14453125,13973.943359375,3610100,0.0,0.0
2015-01-02,14038.45865736505,14102.9736328125,13883.622716291171,14102.9736328125,1771800,0.0,0.0
2015-01-02,13948.135781849334,14296.5166015625,13948.135781849334,14296.5166015625,3012000,0.0,0.0
2015-01-02,14180.3916015625,14180.3916015625,13961.040685068812,14180.3916015625,2782800,0.0,0.0
2015-01-02,14180.39060104658,14180.39060104658,13677.173828125,13677.173828125,9610200,0.0,0.0
2015-01-02,13754.591135987712,13883.621071597352,13496.53126476843,13651.3671875,3472500,0.0,0.0
2015-01-02,13806.204427083334,13935.234375,13715.883463541666,13935.234375,4884400,0.0,0.0
2015-01-02,13819.107101440428,14038.458007812498,13715.883145500631,14038.4580078125,4307100,0.0,0.0
2015-01-02,14193.29231415073,14219.098300176458,14090.068370047815,14167.486328125,3455800,0.0,0.0
2015-01-02,14167.486328125002,14167.486328125002,14167.486328125002,14167.486328125,0,0.0,0.0
2015-01-02,14167.486328125002,14167.486328125002,14167.486328125002,14167.486328125,0,0.0,0.0
2015-01-02,14167.486328125002,14167.486328125002,14167.486328125002,14167.486328125,0,0.0,0.0
2015-01-02,14167.486328125002,14167.486328125002,14167.486328125002,14167.486328125,0,0.0,0.0
2015-01-02,14167.486328125002,14167.486328125002,14167.486328125002,14167.486328125,0,0.0,0.0
2015-01-02,14167.486328125002,14167.486328125002,14167.486328125002,14167.486328125,0,0.0,0.0
2015-01-02,14348.129894659878,14941.667642100845,13509.435251536774,14890.0556640625,10273000,0.0,0.0
2015-01-02,14915.860988898026,14915.860988898026,14580.38314658717,14709.4130859375,3009800,0.0,0.0
2015-01-02,14773.929036458334,14773.929036458334,14244.90625,14361.033203125,2499500,0.0,0.0
2015-01-02,14515.86881481456,14515.86881481456,14386.838869793984,14502.9658203125,2911100,0.0,0.0
2015-01-02,14631.995754466336,14631.995754466336,13935.234051872701,14038.4580078125,1722500,0.0,0.0
2015-01-02,14167.48763433258,14399.741529977377,14167.48763433258,14257.80859375,1302600,0.0,0.0
2015-01-02,14257.808280447105,14438.450195312498,14257.808280447105,14438.4501953125,1567600,0.0,0.0
2015-01-02,14193.294591399956,14502.966473394135,14193.294591399956,14412.6455078125,2729400,0.0,0.0
2015-01-02,14451.3564453125,14477.162438964844,14206.199505615235,14451.3564453125,4077000,0.0,0.0
2015-01-02,14554.580419921875,14554.580419921875,14206.199505615235,14451.3564453125,2016700,0.0,0.0
2015-01-02,14451.353840563508,14515.868813066023,14373.93587356049,14425.5478515625,1883000,0.0,0.0
2015-01-02,14257.808280447105,14451.353189231455,14257.808280447105,14438.4501953125,2895800,0.0,0.0
2015-01-02,14451.351931917688,14838.44171580834,14361.030982343202,14735.2177734375,7173300,0.0,0.0
2015-01-02,14761.025718966637,14915.861653081673,14631.995773870774,14890.0556640625,4140500,0.0,0.0
2015-01-02,14890.056315386491,14902.959310460483,14799.73534986855,14877.1533203125,2854700,0.0,0.0
2015-01-02,14890.055325888912,14915.861314321995,14412.644539876877,14606.189453125,3999200,0.0,0.0
2015-01-02,14477.16047219669,14915.8623046875,14464.257477123432,14915.8623046875,3281200,0.0,0.0
2015-01-02,14915.861653081673,14915.861653081673,14709.413740928292,14890.0556640625,1874300,0.0,0.0
2015-01-02,14915.861004290804,14967.472980084198,14877.152022445758,14941.6669921875,2014100,0.0,0.0
2015-01-02,15238.438158805366,15264.244150606899,15083.602207996166,15148.1171875,4231600,0.0,0.0
2015-01-02,15225.534173198712,15586.818034935632,15148.116202826515,15535.2060546875,4072600,0.0,0.0
2015-01-02,15638.428393954917,15948.100243340163,15638.428393954917,15741.65234375,4369700,0.0,0.0
2015-01-02,15690.041015625,15741.65299265008,15238.43621665553,15690.041015625,1767100,0.0,0.0
2015-01-02,15483.595087756848,15483.595087756848,15070.69921875,15070.69921875,1957900,0.0,0.0
2015-01-02,15096.505210562927,15341.662132785745,14890.057276059502,15070.69921875,2089400,0.0,0.0
2015-01-02,15122.310560485626,15161.019546561954,14709.41470900479,14812.638671875,1248100,0.0,0.0
2015-01-02,14954.572255591824,15109.408206469392,14890.057276059502,15070.69921875,2652000,0.0,0.0
2015-01-02,15122.30573855302,15393.2685546875,14967.469843619028,15393.2685546875,2673100,0.0,0.0
2015-01-02,15354.56348378441,15754.556314034257,15225.533538542524,15702.9443359375,1343300,0.0,0.0
2015-01-02,15586.820365287163,15638.43235325169,15264.245440508868,15277.1484375,2169400,0.0,0.0
2015-01-02,15277.14454431438,15483.592443561873,15264.241550611412,15431.98046875,1882400,0.0,0.0
2015-01-02,15251.337293522163,15586.815102009114,15225.531308253936,15573.912109375,2296400,0.0,0.0
2015-01-02,15573.913402770537,15625.525377593305,15290.047541245307,15470.689453125,1982600,0.0,0.0
2015-01-02,15470.689453124998,15470.689453124998,15470.689453124998,15470.689453125,0,0.0,0.0
2015-01-02,15431.979789546223,15561.009720896946,14967.472036683628,15212.62890625,3902600,0.0,0.0
2015-01-02,15302.952156885272,15302.952156885272,14838.444334247944,14915.8623046875,2335600,0.0,0.0
2015-01-02,14993.277067800866,15277.142898688662,14993.277067800866,15251.3369140625,3101100,0.0,0.0
2015-01-02,15328.759123411015,15328.759123411015,15186.826168564618,15225.53515625,1259100,0.0,0.0
2015-01-02,15328.754322831215,15741.650062166736,15277.142355414275,15728.7470703125,6593600,0.0,0.0
2015-01-02,15677.139323452944,15844.878262716227,15444.885407549938,15664.236328125,1612800,0.0,0.0
2015-01-02,15793.264648437502,15999.712552338644,15586.816744536358,15793.2646484375,2128600,0.0,0.0
2015-01-02,15922.294588375717,15922.294588375717,15664.234708499285,15793.2646484375,1796700,0.0,0.0
2015-01-02,15690.040686881188,15793.264638768564,15470.689789120512,15638.4287109375,2802300,0.0,0.0
2015-01-02,15715.846674853032,15715.846674853032,15419.077813176824,15638.4287109375,2476100,0.0,0.0
2015-01-02,15638.428710937498,15638.428710937498,15638.428710937498,15638.4287109375,0,0.0,0.0
2015-01-02,15690.041666666666,15702.944661458334,15225.533854166666,15328.7578125,1700500,0.0,0.0
2015-01-02,15406.175141987047,15690.041015625,15328.757176449424,15690.041015625,1883100,0.0,0.0
2015-01-02,15586.81608743817,15651.3310546875,15548.107107088572,15651.3310546875,1570400,0.0,0.0
2015-01-02,15741.654887851837,16502.931640625,15677.139908803265,16502.931640625,2987500,0.0,0.0
2015-01-02,16464.221682777887,16464.221682777887,16296.4827471383,16309.3857421875,1526400,0.0,0.0
2015-01-02,16490.026037578493,16490.026037578493,16296.481131034143,16438.4140625,1374400,0.0,0.0
2015-01-02,16438.41569267949,16438.41569267949,16283.579752089101,16309.3857421875,1622100,0.0,0.0
2015-01-02,16141.644473379629,16309.383384773662,15328.755902777777,15677.13671875,2398000,0.0,0.0
2015-01-02,15677.133728027342,15806.163635253904,15470.685876464842,15483.5888671875,2834100,0.0,0.0
2015-01-02,15612.621795113728,16025.517578125,15406.173903608093,16025.517578125,3295600,0.0,0.0
2015-01-02,16025.518872786033,16051.324861309038,15728.750004771478,15844.876953125,1340600,0.0,0.0
2015-01-02,15896.493129521705,16206.165073603295,15715.851162140776,16051.3291015625,3609900,0.0,0.0
2015-01-02,16464.222653195855,16619.05860291243,16128.744762143277,16502.931640625,3066300,0.0,0.0
2015-01-02,16502.931640625,16502.931640625,16502.931640625,16502.931640625,0,0.0,0.0
2015-01-02,16502.929320592655,16657.76524854192,15831.973632812498,15831.9736328125,3418000,0.0,0.0
2015-01-02,15831.975269018374,15973.90821764038,15444.885409140174,15625.52734375,1337300,0.0,0.0
2015-01-02,15741.65396610383,16335.191738596268,15702.944980941278,15999.7138671875,4945700,0.0,0.0
2015-01-02,16154.549144284101,16231.967111429232,15522.302412598861,15702.9443359375,1917100,0.0,0.0
2015-01-02,15702.945292284532,16464.222015575237,15702.945292284532,16206.162109375,2743300,0.0,0.0
2015-01-02,15896.490209960937,16722.28190917969,15896.490209960937,16515.833984375,2358900,0.0,0.0
2015-01-02,16567.443359375,16799.697238244742,16412.607440128504,16567.443359375,819300,0.0,0.0
2015-01-02,16877.1171875,17393.236979166668,16619.057291666668,17031.953125,3820000,0.0,0.0
2015-01-02,17186.788416309613,17677.102199958084,17031.952484631147,17315.818359375,2277300,0.0,0.0
2015-01-02,17135.17506798757,17135.17506798757,16541.637377379564,16606.15234375,3802800,0.0,0.0
2015-01-02,16870.135304573403,17052.37442051787,16752.981587180533,16935.220703125,2458200,282.0,0.0
2015-01-02,16922.209610849055,17260.653803066038,16857.124189268867,17247.63671875,2826500,0.0,0.0
2015-01-02,17286.68679288321,17833.404296875,17091.430541457572,17833.404296875,3431000,0.0,0.0
2015-01-02,17703.23346259124,17859.43846373175,17638.14804544936,17833.404296875,2490700,0.0,0.0
2015-01-02,17833.405374752343,18484.259585509728,17638.149111525127,18067.712890625,3660900,0.0,0.0
2015-01-02,17963.57513115876,18106.763048870893,17651.165128877736,17833.404296875,2288100,0.0,0.0
2015-01-02,17859.438514831276,18432.190187318574,17755.30184710631,17937.541015625,3401900,0.0,0.0
2015-01-02,18249.950404114625,18406.155400440854,17716.25,17716.25,2932300,0.0,0.0
2015-01-02,17859.4376678904,18171.84765625,17716.24975655892,18171.84765625,2916100,0.0,0.0
2015-01-02,18223.916825873363,18223.916825873363,17885.47265625,17885.47265625,1445500,0.0,0.0
2015-01-02,17963.577858664772,17989.612029474432,17182.552734375,17182.552734375,4100300,0.0,0.0
2015-01-02,17312.722422361003,17351.77367594528,16739.970703125,16739.970703125,3941500,0.0,0.0
2015-01-02,16739.96872257703,16896.17371843311,16687.900390625,16687.900390625,3892900,0.0,0.0
2015-01-02,16818.070150438125,18484.2566668902,16766.001821799,18197.880859375,13271000,0.0,0.0
2015-01-02,18458.22300229917,18640.462157469967,17338.75390625,17338.75390625,2928300,0.0,0.0
2015-01-02,17520.99236981159,18145.81230573355,16974.274925879876,17013.326171875,4714200,0.0,0.0
2015-01-02,17195.568117382238,17755.302734375,17195.568117382238,17755.302734375,3462400,0.0,0.0
2015-01-02,18171.849067231436,18171.849067231436,17573.063209715212,18054.6953125,3395600,0.0,0.0
2015-01-02,18223.917295258623,18913.822735721984,18197.883127693967,18874.771484375,3805900,0.0,0.0
2015-01-02,19004.93711487676,19395.44952134683,18328.048943661972,18484.25390625,3977800,0.0,0.0
2015-01-02,18731.584323267085,18731.584323267085,18132.79844496946,18380.123046875,3162600,0.0,0.0
2015-01-02,18145.815529280277,18458.22555273991,18145.815529280277,18380.123046875,2348200,0.0,0.0
2015-01-02,18380.120741614253,18692.530725890985,18354.08657625786,18627.4453125,2226400,0.0,0.0
2015-01-02,18380.121800866786,18471.241384865418,17703.23346259124,17833.404296875,4843900,0.0,0.0
2015-01-02,17833.405239071664,18028.661500813323,17625.131893213893,17755.302734375,2870000,0.0,0.0
2015-01-02,17547.02956694041,17573.063735437358,17026.346197001527,17039.36328125,7483700,0.0,0.0
2015-01-02,17130.483881891632,17338.757242157793,17026.347201758555,17117.466796875,3641700,0.0,0.0
2015-01-02,17182.55330676734,17534.01462440576,17182.55330676734,17455.912109375,4382300,0.0,0.0
2015-01-02,17455.905466062213,17534.00795136898,16987.290554221618,17026.341796875,4466200,0.0,0.0
2015-01-02,17013.326814582546,17390.822206795932,16987.292649602314,17286.685546875,3912600,0.0,0.0
2015-01-02,17195.56934553335,17455.91104644983,17195.56934553335,17221.603515625,2203100,0.0,0.0
2015-01-02,17403.83898395041,17403.83898395041,16766.001953125,16766.001953125,2471800,0.0,0.0
2015-01-02,16818.07158674782,17013.32783581997,16193.251589716943,16440.576171875,5891400,0.0,0.0
2015-01-02,16466.61105018029,16922.208984375,16375.491463341346,16922.208984375,4968400,0.0,0.0
2015-01-02,16974.276797779923,17026.34513151544,16726.952212536195,16857.123046875,1987100,0.0,0.0
2015-01-02,16857.123393892492,16922.20881240173,16440.576715433373,16557.73046875,3862400,0.0,0.0
2015-01-02,16505.66213394261,16557.73046875,16024.030036974253,16557.73046875,5627500,0.0,0.0
2015-01-02,16453.593942901232,16870.140625,16141.18393132716,16870.140625,6320700,0.0,0.0
2015-01-02,17026.344095685843,17651.1640625,16883.156186624263,17651.1640625,7945000,0.0,0.0
2015-01-02,17520.991158465484,17651.161969449626,17182.547049906716,17442.888671875,12002400,0.0,0.0
2015-01-02,17442.888671875,17442.888671875,17442.888671875,17442.888671875,0,0.0,0.0
2015-01-02,17442.894442471592,17547.031125710226,16700.920574396307,17182.552734375,8148300,0.0,0.0
2015-01-02,17182.551207983193,17338.75621896486,16974.277860007638,17039.36328125,2630500,0.0,0.0
2015-01-02,17078.41158186687,17104.445745863617,16922.20659788638,17013.326171875,3293800,0.0,0.0
2015-01-02,17026.347709517046,17208.58690518466,17013.330624112215,17182.552734375,1866100,0.0,0.0
2015-01-02,17234.6190931326,17286.687428761397,17026.3457506174,17130.482421875,2103900,0.0,0.0
2015-01-02,17182.547669491523,17182.547669491523,16896.171875,16896.171875,2722900,0.0,0.0
2015-01-02,16687.90135498047,16766.003857421874,16505.662182617187,16661.8671875,3374200,0.0,0.0
2015-01-02,16818.07054852719,17299.7025998395,16805.05346605929,17234.6171875,3121700,0.0,0.0
2015-01-02,17312.71927668539,17377.8046875,16896.17264747191,17377.8046875,4108500,0.0,0.0
2015-01-02,17130.481485202345,17247.635233961326,16974.276486857034,17208.583984375,4817500,0.0,0.0
2015-01-02,17078.412197885194,17234.6171875,17000.309703077794,17234.6171875,3729900,0.0,0.0
2015-01-02,17130.48253882859,17390.82421875,17091.43128684038,17390.82421875,3238100,0.0,0.0
2015-01-02,17286.68592916984,17390.822591393753,17026.34427361005,17091.4296875,4739800,0.0,0.0
2015-01-02,17169.53243287852,17651.164502640844,17156.51534991197,17560.044921875,3595200,0.0,0.0
2015-01-02,17573.06262830748,17937.540964302007,17573.06262830748,17833.404296875,3316500,0.0,0.0
2015-01-02,17833.404296875,17833.404296875,17833.404296875,17833.404296875,0,0.0,0.0
2015-01-02,17833.404296875,17833.404296875,17833.404296875,17833.404296875,0,0.0,0.0
2015-01-02,17833.402928416486,18067.710412147506,17820.385845986984,18002.625,2081000,0.0,0.0
2015-01-02,18002.623543623555,18015.640625,17820.384404353324,18015.640625,2636700,0.0,0.0
2015-01-02,18015.64279881709,18432.189453125,18002.625715869966,18432.189453125,4163100,0.0,0.0
2015-01-02,18432.189453125,18432.189453125,18432.189453125,18432.189453125,0,0.0,0.0
2015-01-02,18432.188083363835,18432.188083363835,17755.299820415446,17781.333984375,3701100,0.0,0.0
2015-01-02,17716.252747366307,17755.304002503777,17078.415580120934,17221.603515625,4653700,0.0,0.0
2015-01-02,17442.89076861213,17703.232421875,17247.63452866498,17703.232421875,3575000,0.0,0.0
2015-01-02,17573.060589603916,18445.205078125,17573.060589603916,18445.205078125,4634300,0.0,0.0
2015-01-02,18315.035788143385,18640.46286327031,18223.916207107846,18588.39453125,3940600,0.0,0.0
2015-01-02,18601.413612301967,18731.584456334873,18536.328190285516,18692.533203125,4383400,0.0,0.0
2015-01-02,18744.597942073167,19369.41787347561,18718.563778264735,19213.212890625,6453100,0.0,0.0
2015-01-02,19213.21385261194,19460.538421175374,19004.94053171642,19187.1796875,2396300,0.0,0.0
2015-01-02,19004.938175219446,19382.433522535448,18978.904013335585,19278.296875,3433800,0.0,0.0
2015-01-02,19447.51996206708,19447.51996206708,19200.19541101,19356.400390625,1136200,0.0,0.0
2015-01-02,19369.42044122572,19525.62544478399,19343.386273966007,19434.505859375,2647900,0.0,0.0
2015-01-02,19421.48645246187,19629.759765625,19187.17897515335,19629.759765625,2001200,0.0,0.0
2015-01-02,19473.55855174731,19668.81482064852,19265.285198252688,19369.421875,3381800,0.0,0.0
2015-01-02,19265.283307570186,19577.693307152404,19122.095391095,19473.556640625,2977200,0.0,0.0
2015-01-02,19473.555503731342,20514.922108208957,19317.3505130597,20059.32421875,4824300,0.0,0.0
2015-01-02,20293.63600489912,21061.64403843924,19994.243042671613,21048.626953125,3718900,0.0,0.0
2015-01-02,21048.62046020508,21087.671704101565,20462.851801757814,20827.330078125,3453800,0.0,0.0
2015-01-02,20879.401823405256,20996.55557428471,20801.29932281895,20814.31640625,4421800,0.0,0.0
2015-01-02,20658.11083307062,20827.33291298865,20514.922919293822,20645.09375,1423100,0.0,0.0
2015-01-02,20645.09476336762,20788.282684172817,20410.78725659548,20723.197265625,3433100,0.0,0.0
2015-01-02,20410.788920454543,20488.891429078732,19851.054275314527,20046.310546875,4643000,0.0,0.0
2015-01-02,20020.272596501447,20527.938806685816,19890.101773377253,20254.580078125,5412800,0.0,0.0
2015-01-02,20254.582006080862,20449.83825935285,20202.513671875,20202.513671875,5041300,0.0,0.0
2015-01-02,20527.942826251594,20632.079505141897,20306.652383609693,20410.7890625,2976300,0.0,0.0
2015-01-02,19994.241736876214,20671.130129010045,19538.64378063229,20085.361328125,2146900,0.0,0.0
2015-01-02,19668.81101184309,19955.18681744239,19525.623109043434,19629.759765625,6184000,0.0,0.0
2015-01-02,19955.190953480113,20619.062276785713,19955.190953480113,20046.310546875,3638900,0.0,0.0
2015-01-02,20046.307686491935,20215.52976436492,19968.205189012097,20176.478515625,2823500,0.0,0.0
2015-01-02,20046.306670984457,20098.375,19733.896696891192,20098.375,4363200,0.0,0.0
2015-01-02,19785.96769173307,19785.96769173307,19369.421003486055,19603.728515625,3180000,0.0,0.0
2015-01-02,19655.796851655876,19785.96769173307,19590.71143161728,19603.728515625,2944500,0.0,0.0
2015-01-02,19629.76416500994,19825.020439860833,19590.712910039758,19642.78125,1144800,0.0,0.0
2015-01-02,19838.036051324503,19890.104387417217,19642.77979097682,19655.796875,1369100,0.0,0.0
2015-01-02,19655.796875,19655.796875,19655.796875,19655.796875,0,0.0,0.0
2015-01-02,19785.964905104713,19968.204055546466,19785.964905104713,19890.1015625,2193100,0.0,0.0
2015-01-02,19851.049052982766,19890.10029702142,19434.502449903783,19447.51953125,2466000,0.0,0.0
2015-01-02,19447.522368559967,19707.86403346706,18913.82195550042,19265.283203125,4768900,0.0,0.0
2015-01-02,19213.218080357143,19213.218080357143,18653.48340728441,18679.517578125,5752300,0.0,0.0
2015-01-02,18744.59987331081,19356.40278584248,18744.59987331081,19265.283203125,6904400,0.0,0.0
2015-01-02,19317.349449282785,19395.451940317624,18952.871157786885,19057.0078125,2592800,0.0,0.0
2015-01-02,19057.0078125,19265.28112192623,19030.97364882172,19057.0078125,5791300,0.0,0.0
2015-01-02,19004.943161867977,19004.943161867977,18145.815594276686,18536.328125,11188100,0.0,0.0
2015-01-02,18588.39522908111,19265.28357075633,18354.08772619353,19017.958984375,4192900,0.0,0.0
2015-01-02,19017.958270417545,19030.975353422622,18484.257867209384,18588.39453125,3938800,0.0,0.0
2015-01-02,18744.60287846482,18744.60287846482,18275.9878065032,18315.0390625,3868800,0.0,0.0
2015-01-02,18536.32389119889,18809.682600268537,18536.32389119889,18783.6484375,3056000,0.0,0.0
2015-01-02,18835.71888151415,18861.75304721078,18054.69391061515,18171.84765625,5016000,0.0,0.0
2015-01-02,18484.25938694406,18991.925665881256,18171.849369136555,18731.583984375,3678200,0.0,0.0
2015-01-02,18978.905691964286,19004.93985615079,18341.06866939484,18861.751953125,3419400,0.0,0.0
2015-01-02,18874.77153260031,19004.942370756173,18705.549442997686,18978.908203125,3581400,0.0,0.0
2015-01-02,19083.04557661577,19083.04557661577,18328.0546875,18328.0546875,5234000,0.0,0.0
2015-01-02,18536.3256212908,18588.393951687685,17442.890682956233,17547.02734375,5887300,0.0,0.0
2015-01-02,17390.82235255935,17742.283582738317,17130.480700574928,17547.02734375,4890200,0.0,0.0
2015-01-02,17442.891854134687,17442.891854134687,16948.242682151766,16961.259765625,9680100,0.0,0.0
2015-01-02,17026.345655048077,17078.413990384615,16844.106481370192,16922.208984375,4637100,0.0,0.0
2015-01-02,17078.41288026521,17182.549544169266,16596.78080970895,16687.900390625,6216200,0.0,0.0
2015-01-02,16922.208960262345,17078.413966049382,16805.055205922068,16870.140625,7086900,0.0,0.0
2015-01-02,17000.30763510608,17221.598010141915,16909.188068914853,17026.341796875,7281900,0.0,0.0
2015-01-02,16245.320507812501,16687.90135498047,16245.320507812501,16661.8671875,5236000,0.0,0.0
2015-01-02,16661.8671875,16713.93552246094,16349.457177734375,16661.8671875,4856600,0.0,0.0
2015-01-02,17078.4138671875,17182.550537109375,16206.269256591797,16661.8671875,11980400,0.0,0.0
2015-01-02,16635.832970961084,16713.93547317217,16505.66213394261,16557.73046875,6610900,0.0,0.0
2015-01-02,16557.730517578126,16948.243029785157,16167.218005371094,16661.8671875,6935200,0.0,0.0
2015-01-02,16661.8671875,16661.8671875,16661.8671875,16661.8671875,0,0.0,0.0
2015-01-02,16661.868195956456,17026.346562743,16596.782773316,16739.970703125,6218400,0.0,0.0
2015-01-02,16713.93359375,16961.25815627434,16583.76277136877,16713.93359375,4916600,0.0,0.0
2015-01-02,16713.93552246094,16844.106359863283,16583.764685058595,16661.8671875,5458800,0.0,0.0
2015-01-02,16896.17277574243,16909.189858004174,16622.814048245826,16766.001953125,5128300,0.0,0.0
2015-01-02,16818.07028217197,16870.138611218943,16674.8823772928,16766.001953125,3010900,0.0,0.0
2015-01-02,16909.190047985405,17950.556640625,16909.190047985405,17950.556640625,3632400,0.0,0.0
2015-01-02,17950.558395150332,18562.361328125,17494.96046633941,18562.361328125,4591000,0.0,0.0
2015-01-02,18744.600975052705,18796.669311094516,18171.84927859276,18523.310546875,6352700,0.0,0.0
2015-01-02,18523.31095192649,18653.481794877487,18223.918013139206,18328.0546875,3356300,0.0,0.0
2015-01-02,18484.257701210823,18497.274784099,18262.96729211182,18275.984375,2276600,0.0,0.0
2015-01-02,18275.984375,18275.984375,18275.984375,18275.984375,0,0.0,0.0
2015-01-02,18275.984375,18275.984375,18275.984375,18275.984375,0,0.0,0.0
2015-01-02,19265.28315005095,19525.624814240826,18913.821903394615,19161.146484375,4157000,0.0,0.0
2015-01-02,19161.146484375,19161.146484375,19161.146484375,19161.146484375,0,0.0,0.0
2015-01-02,19161.146484375,19161.146484375,19161.146484375,19161.146484375,0,0.0,0.0
2015-01-02,19252.266275608792,19603.727526076294,18861.753775089343,19577.693359375,3483600,0.0,0.0
2015-01-02,19874.623559634732,20112.801471800794,19530.588797617085,20059.873046875,5784000,611.0,0.0
2015-01-02,20059.873046875004,20059.873046875004,20059.873046875004,20059.873046875,0,0.0,0.0
2015-01-02,20059.873046875004,20059.873046875004,20059.873046875004,20059.873046875,0,0.0,0.0
2015-01-02,20059.873046875004,20059.873046875004,20059.873046875004,20059.873046875,0,0.0,0.0
2015-01-02,18180.91285110429,18220.609167373077,17797.18179383935,18048.591796875,4826900,0.0,0.0
2015-01-02,18048.591796875,18048.591796875,18048.591796875,18048.591796875,0,0.0,0.0
2015-01-02,18154.44761513158,18180.911824483082,17519.306590695487,17598.69921875,8025300,0.0,0.0
2015-01-02,17731.01953125,18141.214759211754,16751.843825792912,17731.01953125,8281800,0.0,0.0
2015-01-02,17731.01527648699,17969.19309363383,17373.748550766726,17797.17578125,4111600,0.0,0.0
2015-01-02,17929.50602461652,17929.50602461652,17334.06117509051,17360.525390625,3317900,0.0,0.0
2015-01-02,17492.841388081393,17519.30559593023,16937.093023255813,17069.4140625,3527300,0.0,0.0
2015-01-02,16778.310344623962,17942.735668225625,16778.310344623962,17506.076171875,5852600,0.0,0.0
2015-01-02,17506.076171875,17506.076171875,17506.076171875,17506.076171875,0,0.0,0.0
2015-01-02,17995.658237632506,19001.297962676676,17836.87301788869,18723.423828125,4062700,0.0,0.0
2015-01-02,18736.657450244413,18948.37109375,18233.837546918647,18948.37109375,2822000,0.0,0.0
2015-01-02,18935.1406221857,18948.37272604467,18326.46384467309,18366.16015625,3683100,0.0,0.0
2015-01-02,18207.375853702375,18736.660035496046,18207.375853702375,18405.857421875,4196800,0.0,0.0
2015-01-02,18710.199154139387,19543.821888729755,18630.806512749827,19199.787109375,6578700,0.0,0.0
2015-01-02,19014.537803122817,19265.94783670621,18789.591983600836,18961.609375,3655900,0.0,0.0
2015-01-02,18988.070839511773,19027.7671548557,18538.179265613933,18683.732421875,2287700,0.0,0.0
2015-01-02,18763.12385717078,19265.943819492706,18763.12385717078,19040.998046875,3988000,0.0,0.0
2015-01-02,18789.59173387097,19385.03654233871,18789.59173387097,19279.1796875,4455300,0.0,0.0
2015-01-02,19530.58852228518,19689.373794824085,19292.410613476826,19557.052734375,3442300,0.0,0.0
2015-01-02,19583.51609375,20218.65715625,19543.81977734375,19848.158203125,4872400,0.0,0.0
2015-01-02,19848.1580570464,19848.1580570464,19107.16015625,19107.16015625,3277700,0.0,0.0
2015-01-02,19107.16015625,19107.16015625,19107.16015625,19107.16015625,0,0.0,0.0
2015-01-02,19292.406801970108,19689.369904891304,19239.47838824728,19477.65625,5440900,0.0,0.0
2015-01-02,19636.44477197753,19636.44477197753,18339.69841911109,18551.412109375,13378000,0.0,0.0
2015-01-02,18551.412109375,18551.412109375,18551.412109375,18551.412109375,0,0.0,0.0
2015-01-02,18524.95083041958,19067.467247596156,18524.95083041958,18921.9140625,6071300,0.0,0.0
2015-01-02,19093.92340405608,19318.869140625,18908.6739739405,19318.869140625,2202600,0.0,0.0
2015-01-02,19213.014898255813,19213.014898255813,18644.034429505813,18776.35546875,3833800,0.0,0.0
2015-01-02,18789.588642449897,19213.01599213891,18776.356537772113,19146.85546875,2930900,0.0,0.0
2015-01-02,19133.62553037446,19133.62553037446,18419.091796875,18419.091796875,6516600,0.0,0.0
2015-01-02,18419.091796875,18419.091796875,18419.091796875,18419.091796875,0,0.0,0.0
2015-01-02,18419.091796875,18419.091796875,18419.091796875,18419.091796875,0,0.0,0.0
2015-01-02,18419.091796875,18419.091796875,18419.091796875,18419.091796875,0,0.0,0.0
2015-01-02,18419.091796875,18419.091796875,18419.091796875,18419.091796875,0,0.0,0.0
2015-01-02,18419.091796875,18419.091796875,18419.091796875,18419.091796875,0,0.0,0.0
2015-01-02,18419.091796875,18419.091796875,18419.091796875,18419.091796875,0,0.0,0.0
2015-01-02,18419.091796875,18419.091796875,18419.091796875,18419.091796875,0,0.0,0.0
2015-01-02,17889.804780783583,17889.804780783583,17466.37744869403,17731.01953125,9462200,0.0,0.0
2015-01-02,17585.466748595507,17863.340941011236,17492.842017790263,17664.859375,3582300,0.0,0.0
2015-01-02,17664.862141063306,17836.87952520849,17360.523692191055,17453.1484375,3590000,0.0,0.0
2015-01-02,17453.15014499571,17916.273916849274,16990.026373142147,17360.525390625,4417200,0.0,0.0
2015-01-02,17254.663107705608,17386.984143807647,17003.25313911174,17214.966796875,3643100,0.0,0.0
2015-01-02,17214.968536187404,17426.68221534113,17003.254857033677,17042.951171875,3520900,0.0,0.0
2015-01-02,17360.52101681345,17559.002583316655,16500.434228632905,16526.8984375,4537600,0.0,0.0
2015-01-02,16407.810336728642,16963.55875135977,16407.810336728642,16725.380859375,5302200,0.0,0.0
2015-01-02,16791.539835611977,17307.591887297454,16791.539835611977,17148.806640625,2911800,0.0,0.0
2015-01-02,17254.666952390282,17307.59537862461,16632.757944136953,16884.16796875,2393400,0.0,0.0
2015-01-02,16831.23623685748,17201.7351477317,16487.201533902844,16990.021484375,1820700,0.0,0.0
2015-01-02,17175.27186912594,17691.323951480263,17042.95082236842,17598.69921875,3103900,0.0,0.0
2015-01-02,17757.484692037415,17863.341530738086,17678.09206301191,17770.716796875,2748500,0.0,0.0
2015-01-02,17995.661905674846,17995.661905674846,17228.199853815182,17254.6640625,3669500,0.0,0.0
2015-01-02,17545.772688997007,17678.09375,17506.076370696108,17678.09375,2081100,0.0,0.0
2015-01-02,17625.167545969893,17625.167545969893,17201.740097418064,17360.525390625,2381100,0.0,0.0
2015-01-02,17095.8770324707,17492.840121459958,16937.091796875,16937.091796875,4513800,0.0,0.0
2015-01-02,17135.576895801816,17638.396912821485,17122.34479009077,17492.84375,4970000,0.0,0.0
2015-01-02,17492.84107251783,17651.626316746435,17228.19899880349,17625.162109375,3413300,0.0,0.0
2015-01-02,17731.02440810785,17731.02440810785,17320.829067323266,17360.525390625,3303700,0.0,0.0
2015-01-02,17201.74064867424,17519.31124526515,17201.74064867424,17466.3828125,3519100,0.0,0.0
2015-01-02,17307.595266300228,17559.005289281653,17307.595266300228,17453.1484375,3041600,0.0,0.0
2015-01-02,17307.592576915635,17347.28889016544,17095.87890625,17095.87890625,1889500,0.0,0.0
2015-01-02,17095.883783143938,17466.3828125,17095.883783143938,17466.3828125,2442500,0.0,0.0
2015-01-02,17466.37959488982,17678.093286949086,17413.451171875,17413.451171875,3004900,0.0,0.0
2015-01-02,17519.307423570914,18326.465847164436,17519.307423570914,18286.76953125,5272100,0.0,0.0
2015-01-02,18366.16299995526,18564.644588571493,18247.074046785525,18485.251953125,3532500,0.0,0.0
2015-01-02,18842.518957450564,18868.983169469455,18472.019989186087,18736.662109375,5408800,0.0,0.0
2015-01-02,18868.983937347773,19093.929748662576,18776.359191512263,19014.537109375,4718100,0.0,0.0
2015-01-02,18882.209404089095,18908.673607878987,18551.406856715425,18657.263671875,3514000,0.0,0.0
2015-01-02,18657.267022997745,19107.15856823315,18644.034918726113,19040.998046875,3440700,0.0,0.0
2015-01-02,19027.768063313688,19027.768063313688,18696.965419653854,18802.822265625,3156600,0.0,0.0
2015-01-02,18498.48374261282,18763.125856241044,18008.89583240061,18472.01953125,4863900,0.0,0.0
2015-01-02,18472.01539586243,19040.995812783694,18472.01539586243,18948.37109375,2223200,0.0,0.0
2015-01-02,18921.909108430336,19040.998046875,18644.034918726113,19040.998046875,3216400,0.0,0.0
2015-01-02,19318.876837916378,19821.696919999133,18908.68150779624,19067.466796875,3685900,0.0,0.0
2015-01-02,19239.48167744621,19676.14116531122,19067.46430343878,19371.802734375,5321200,0.0,0.0
2015-01-02,19385.036605950638,19504.125568034975,18948.377078308065,19199.787109375,4337700,0.0,0.0
2015-01-02,18763.120657835145,18763.120657835145,18141.211863111414,18260.30078125,4857200,0.0,0.0
2015-01-02,18101.519582874447,18405.857996914005,17704.5564341272,18022.126953125,5820700,0.0,0.0
2015-01-02,18035.36038028493,18286.770392922794,17466.379825367647,17995.6640625,4201200,0.0,0.0
2015-01-02,17744.254280501496,17889.80744760479,17281.130566991018,17678.09375,5146700,0.0,0.0
2015-01-02,17678.09375,17678.09375,17678.09375,17678.09375,0,0.0,0.0
2015-01-02,17783.94719442459,18577.8734084614,17783.94719442459,18511.712890625,4471400,0.0,0.0
2015-01-02,18392.62795996305,18551.41323731525,18101.521618150688,18352.931640625,4130000,0.0,0.0
2015-01-02,18352.931640625,18352.931640625,18352.931640625,18352.931640625,0,0.0,0.0
2015-01-02,18524.94921875,18789.59135044643,18180.914447544645,18524.94921875,5691400,0.0,0.0
2015-01-02,18524.944889894006,18524.944889894006,17889.8039222405,18101.517578125,3001200,0.0,0.0
2015-01-02,18260.306152693272,18564.644588571493,18194.145623154527,18485.251953125,2461400,0.0,0.0
2015-01-02,18524.949468568317,18683.73474972747,18167.68258596021,18207.37890625,2454000,0.0,0.0
2015-01-02,18127.986021205357,18710.1987109375,18127.986021205357,18524.94921875,3114100,0.0,0.0
2015-01-02,18524.946140239477,18564.642453397133,18127.983008662915,18233.83984375,2462200,0.0,0.0
2015-01-02,18022.129411564318,18207.37890625,17836.879916878635,18207.37890625,4819400,0.0,0.0
2015-01-02,18233.841272796006,18260.305483641863,17995.663375183285,18048.591796875,2082300,0.0,0.0
2015-01-02,17889.804780783583,18048.590030317166,17731.01953125,17731.01953125,1926800,0.0,0.0
2015-01-02,17598.696823237675,17598.696823237675,16606.289107641565,17175.26953125,6227000,0.0,0.0
2015-01-02,16857.705835700755,17572.239678030302,16804.777402935604,17466.3828125,5969000,0.0,0.0
2015-01-02,17400.218012971698,17717.788531839626,17360.52169811321,17532.5390625,5009400,0.0,0.0
2015-01-02,17439.912835077408,17466.37704271789,17201.734966313074,17307.591796875,2593100,0.0,0.0
2015-01-02,17307.591796875,17307.591796875,17307.591796875,17307.591796875,0,0.0,0.0
2015-01-02,17307.594291099223,17598.700617096303,17003.255859375,17003.255859375,4244400,0.0,0.0
2015-01-02,17095.879591663434,17453.146425235347,17029.719066927893,17042.951171875,2557100,0.0,0.0
2015-01-02,17095.884161121674,17585.472175023766,17095.884161121674,17400.22265625,2471300,0.0,0.0
2015-01-02,17320.822742515553,17320.822742515553,16884.16334564541,17016.484375,1886800,0.0,0.0
2015-01-02,17016.49194927678,17016.49194927678,16685.689228645428,16923.8671875,4403200,0.0,0.0
2015-01-02,16937.093653250773,17201.735741582816,16937.093653250773,17095.87890625,2135800,0.0,0.0
2015-01-02,17069.419019745616,17585.47122266816,16990.026373142147,17360.525390625,5518800,0.0,0.0
2015-01-02,17559.001590946416,17638.394213060717,17201.734791432056,17625.162109375,4170000,0.0,0.0
2015-01-02,17625.161028986906,17889.8030864792,17175.26953125,17175.26953125,4129900,0.0,0.0
2015-01-02,17175.269610225507,17347.28694838647,16937.091757387247,17016.484375,1389500,0.0,0.0
2015-01-02,16976.79069245733,16976.79069245733,16434.27438817771,16473.970703125,12810400,0.0,0.0
2015-01-02,16619.523504273508,17082.64716880342,16606.291399572652,17029.71875,6537100,0.0,0.0
2015-01-02,17201.74064867424,17466.3828125,17082.65167495265,17466.3828125,5318100,0.0,0.0
2015-01-02,17506.07628807923,17678.09366657132,17201.737849208617,17347.291015625,3426300,0.0,0.0
2015-01-02,17347.288520383576,17360.520624518118,16937.093292212798,17162.0390625,4463700,0.0,0.0
2015-01-02,17029.71896484375,17228.200537860575,16950.32633563702,17201.736328125,1858200,0.0,0.0
2015-01-02,17016.487384984335,17029.719490260373,16831.23791111981,16897.3984375,4589100,0.0,0.0
2015-01-02,17039.2814072685,17507.76125742906,16999.12599154045,17454.220703125,3231500,365.0,0.0
2015-01-02,17427.446481634837,17534.527566007404,17159.74377070343,17173.12890625,3421100,0.0,0.0
2015-01-02,17266.82991027832,17266.82991027832,16972.356842041016,17132.978515625,3758900,0.0,0.0
2015-01-02,17186.514615179956,17347.136247097525,16865.271351344814,17293.595703125,4090600,0.0,0.0
2015-01-02,16999.124343774878,17092.82030472482,16811.732421875,16811.732421875,4759200,0.0,0.0
2015-01-02,16771.578761654007,17199.903199301993,16758.193622977506,16958.970703125,3124700,0.0,0.0
2015-01-02,17012.514649990062,17119.595780753178,16718.041540391492,16838.5078125,1603500,0.0,0.0
2015-01-02,16958.965689591536,16999.12109375,16597.567052165356,16999.12109375,2977600,0.0,0.0
2015-01-02,17213.289352416992,17213.289352416992,16918.816284179688,17132.978515625,2986200,0.0,0.0
2015-01-02,17025.89462607674,17092.8203125,16932.198665084183,17092.8203125,1920700,0.0,0.0
2015-01-02,17092.819127965857,17534.52862774884,17052.663718894673,17347.13671875,5989800,0.0,0.0
2015-01-02,17387.296418013997,17454.22211631274,17159.749043798263,17333.755859375,2009400,0.0,0.0
2015-01-02,17333.75175553259,17333.75175553259,17159.744981152726,17199.900390625,3119900,0.0,0.0
2015-01-02,17025.8984375,17467.608066774763,17025.8984375,17025.8984375,2845500,0.0,0.0
2015-01-02,16731.421698274182,17480.989390356866,16731.421698274182,17159.74609375,4070000,0.0,0.0
2015-01-02,17240.060160928144,17922.702294629493,17226.675021051647,17882.546875,5448600,0.0,0.0
2015-01-02,18150.249465144232,18203.790024038462,17293.60052283654,17400.681640625,4767100,0.0,0.0
2015-01-02,17561.302274464833,17614.842830179663,17146.362967674886,17507.76171875,2092300,0.0,0.0
2015-01-02,17654.998023554104,17936.0859375,17266.82899953358,17936.0859375,4742900,0.0,0.0
2015-01-02,17936.086310912997,18136.863396482917,17895.93089379901,17922.701171875,3323300,0.0,0.0
2015-01-02,18056.55173776141,18069.936876188214,17494.375923835552,17601.45703125,3789400,0.0,0.0
2015-01-02,17561.299100306278,17802.231557475116,17347.136916156203,17480.98828125,3157100,0.0,0.0
2015-01-02,17614.842607276118,18136.863018889926,17614.842607276118,17936.0859375,7406500,0.0,0.0
2015-01-02,18096.70832183591,18324.255689787988,18029.782625379416,18190.404296875,5192000,0.0,0.0
2015-01-02,18471.492356115108,18658.88430755396,18297.485544064748,18605.34375,5221600,0.0,0.0
2015-01-02,18618.72665483972,18752.578032660276,18538.415828147383,18685.65234375,5667200,0.0,0.0
2015-01-02,18765.96298363095,18765.96298363095,17708.537109375,17708.537109375,3687400,0.0,0.0
2015-01-02,17574.68590783936,18725.807757096165,17534.530494493192,18685.65234375,4963400,0.0,0.0
2015-01-02,18685.65441576087,18725.809833559782,18284.100237771738,18471.4921875,2663800,0.0,0.0
2015-01-02,18605.342806151995,18819.505025503386,18444.721141638453,18779.349609375,4595000,0.0,0.0
2015-01-02,18846.27352729885,19020.280314127605,18471.489678744612,18632.111328125,3757000,0.0,0.0
2015-01-02,18632.113394803782,18672.268811602928,18203.78894894622,18417.951171875,3882000,0.0,0.0
2015-01-02,18417.951171875,18417.951171875,18417.951171875,18417.951171875,0,0.0,0.0
2015-01-02,18016.39439370599,18484.874188490317,16731.421242297536,17106.205078125,14320300,0.0,0.0
2015-01-02,17173.13498059159,17400.682365369496,16811.736193003144,17025.8984375,7385000,0.0,0.0
2015-01-02,17186.519365678963,17213.289645064757,17012.51254967131,17052.66796875,3206500,0.0,0.0
2015-01-02,17052.665943994496,17132.976772616137,16289.713072088934,16423.564453125,8689400,0.0,0.0
2015-01-02,16477.103059950176,16503.873332996398,15968.467872071942,16035.3935546875,8298700,0.0,0.0
2015-01-02,16035.394999326507,16062.165274784482,15499.989490167025,15526.759765625,15486000,0.0,0.0
2015-01-02,15633.842485626066,15968.470963486212,15379.524842452354,15714.1533203125,10576800,0.0,0.0
2015-01-02,15633.842798295456,15714.153634588069,14643.342484019888,14723.6533203125,22953100,0.0,0.0
2015-01-02,14991.35339270105,15325.98181664527,14737.035790503443,15312.5966796875,12880400,0.0,0.0
2015-01-02,15419.680951383069,16048.782517975955,15419.680951383069,15968.4716796875,13490300,0.0,0.0
2015-01-02,15955.086082054246,16209.403729335312,15714.153574103762,15914.9306640625,7654500,0.0,0.0
2015-01-02,15647.226005185883,15727.536831559804,15473.21921470905,15526.759765625,6047300,0.0,0.0
2015-01-02,15540.146142785905,15807.848918716756,15459.835310006649,15727.5380859375,4639900,0.0,0.0
2015-01-02,15928.3154296875,15928.3154296875,15352.754451976103,15928.3154296875,3257800,0.0,0.0
2015-01-02,15928.315752969153,15928.315752969153,15566.9169921875,15566.9169921875,5433300,0.0,0.0
2015-01-02,15700.771861001493,15901.54899477389,15607.07586524104,15687.38671875,3944600,0.0,0.0
2015-01-02,15687.38671875,16102.326128546287,15660.616434247013,15687.38671875,6994000,0.0,0.0
2015-01-02,15794.464010726422,15848.004566694986,15714.153176773576,15754.30859375,3879100,0.0,0.0
2015-01-02,15754.304676441365,15807.84521909707,15325.98033519572,15366.1357421875,5400100,0.0,0.0
2015-01-02,15285.827377280042,15593.685546874998,15205.516550429184,15593.685546875,4702100,0.0,0.0
2015-01-02,15687.38075370855,15740.92130235602,15259.056364528795,15339.3671875,7848000,0.0,0.0
2015-01-02,15339.366543798786,15486.603046400694,15312.59627059844,15433.0625,2936200,0.0,0.0
2015-01-02,15259.058010258273,15406.29453491866,14964.5849609375,14964.5849609375,9103000,0.0,0.0
2015-01-02,14964.5849609375,14964.5849609375,14964.5849609375,14964.5849609375,0,0.0,0.0
2015-01-02,14964.5849609375,14964.5849609375,14964.5849609375,14964.5849609375,0,0.0,0.0
2015-01-02,14911.04262524459,14924.427762251093,14455.947967023481,14536.2587890625,5822200,0.0,0.0
2015-01-02,14777.191406249998,15004.73873768682,14616.56976052989,14777.19140625,4325500,0.0,0.0
2015-01-02,14777.191213436929,14884.272309186472,14563.029021937844,14643.33984375,4792900,0.0,0.0
2015-01-02,14643.33984375,14643.33984375,14643.33984375,14643.33984375,0,0.0,0.0
2015-01-02,14643.33984375,14643.33984375,14643.33984375,14643.33984375,0,0.0,0.0
2015-01-02,14643.341192889407,14803.962851312326,14536.26008727413,14629.9560546875,2171300,0.0,0.0
2015-01-02,14670.109707898911,14803.961073846895,14616.56916151972,14763.8056640625,3808500,0.0,0.0
2015-01-02,14643.340675511852,15526.759765624998,14576.414986866917,15526.759765625,10285000,0.0,0.0
2015-01-02,15660.610757372653,15807.847268766754,14911.04306300268,14977.96875,8798500,0.0,0.0
2015-01-02,14977.970968572445,15151.977780539773,14723.6533203125,14723.6533203125,7705000,0.0,0.0
2015-01-02,14803.961095626668,15111.819237759953,14803.961095626668,15044.8935546875,6158200,0.0,0.0
2015-01-02,15125.20642749391,15178.746981219552,14911.044212591341,15111.8212890625,5070800,0.0,0.0
2015-01-02,15111.819791725215,15192.13061435617,14817.346775411703,14884.2724609375,5194700,0.0,0.0
2015-01-02,14897.658004056491,14897.658004056491,13867.002418870194,13920.54296875,26482100,0.0,0.0
2015-01-02,14027.622161865234,14107.932975769043,13666.223499298096,13706.37890625,15944400,0.0,0.0
2015-01-02,13759.922512296065,14174.86180984585,13759.922512296065,13947.314453125,11915700,0.0,0.0
2015-01-02,14134.70714036313,14415.795066449897,14134.70714036313,14375.6396484375,11565800,0.0,0.0
2015-01-02,14455.94936020195,14656.7264346492,14268.557424051183,14415.7939453125,8409500,0.0,0.0
2015-01-02,14455.950484462292,14509.491041812153,14362.254509100036,14375.6396484375,4554600,0.0,0.0
2015-01-02,14348.867846024903,14348.867846024903,13933.928570626795,13974.083984375,7655700,0.0,0.0
2015-01-02,13920.543791118422,14389.0236302426,13893.77351459704,14241.787109375,8064900,0.0,0.0
2015-01-02,14241.789664025822,14442.566773950999,14241.789664025822,14255.1748046875,7398500,0.0,0.0
2015-01-02,14255.171923966709,14322.09761375059,14081.165130528618,14148.0908203125,5235400,0.0,0.0
2015-01-02,14161.47488414924,14295.326253564639,14027.623514733841,14081.1640625,4997900,0.0,0.0
2015-01-02,14000.855118481968,14054.395673428362,13719.7672050134,13733.15234375,7912100,0.0,0.0
2015-01-02,13759.92182598335,14000.854309317689,13759.92182598335,13867.0029296875,5626200,0.0,0.0
2015-01-02,13920.544141763849,14174.861775122996,13773.3076171875,13773.3076171875,6894200,0.0,0.0
2015-01-02,13813.462329382184,14067.779949787475,13813.462329382184,13974.083984375,6640100,0.0,0.0
2015-01-02,13974.082734374999,14094.548964843749,13920.5421875,14054.3935546875,2984700,0.0,0.0
2015-01-02,14054.393554687498,14054.393554687498,14054.393554687498,14054.3935546875,0,0.0,0.0
2015-01-02,14107.93549721928,14335.482843948623,14000.85439287606,14215.0166015625,6970600,0.0,0.0
2015-01-02,14241.78664504717,14295.32719634434,14107.935266804247,14188.24609375,3108700,0.0,0.0
2015-01-02,14134.706359329446,14134.706359329446,13733.152201393952,13773.3076171875,7834600,0.0,0.0
2015-01-02,13773.307960668102,13826.848516394703,13478.834904171797,13585.916015625,4718800,0.0,0.0
2015-01-02,13706.382678751259,13719.767818085978,13278.058220040282,13291.443359375,6522200,0.0,0.0
2015-01-02,13278.057735148515,13652.84162283416,12983.584680538366,13518.990234375,9786900,0.0,0.0
2015-01-02,13518.988703598947,13733.150900883684,13518.988703598947,13679.6103515625,4397800,0.0,0.0
2015-01-02,13599.30249438062,13652.843055382118,13385.140250374625,13398.525390625,4390800,0.0,0.0
2015-01-02,13425.295425094107,14041.011865327737,13425.295425094107,14000.8564453125,5056100,0.0,0.0
2015-01-02,14000.855007647553,14121.321255323297,13786.692789557343,13947.314453125,4604600,0.0,0.0
2015-01-02,13974.083518629808,14107.934893329328,13733.151044170674,13920.54296875,6800300,0.0,0.0
2015-01-02,13920.543337264151,14335.482609817218,13759.921683372642,14188.24609375,9458700,0.0,0.0
2015-01-02,14295.328030663013,14991.355238148479,14295.328030663013,14964.5849609375,18676300,0.0,0.0
2015-01-02,14964.585656178326,14991.355934633028,14509.490922448394,14589.8017578125,7454800,0.0,0.0
2015-01-02,14589.799444623988,14884.2724609375,14389.022388046595,14884.2724609375,6512700,0.0,0.0
2015-01-02,14884.272503396738,14977.968463400135,14723.65085767663,14777.19140625,5308100,0.0,0.0
2015-01-02,14937.813811910379,14977.969225383255,14188.24609375,14188.24609375,10331600,0.0,0.0
2015-01-02,14107.935266804247,14389.023161114388,14081.164991155661,14188.24609375,6359700,0.0,0.0
2015-01-02,14188.24774502841,14777.19387784091,14188.24774502841,14723.6533203125,6371000,0.0,0.0
2015-01-02,14723.653888081393,14723.653888081393,14308.714551235464,14389.025390625,3844500,0.0,0.0
2015-01-02,14455.949321546053,14455.949321546053,14094.550588507402,14241.787109375,4641800,0.0,0.0
2015-01-02,14241.787109375002,14241.787109375002,14241.787109375002,14241.787109375,0,0.0,0.0
2015-01-02,13974.083984375,14161.475915199951,13786.692053550047,13974.083984375,5062900,0.0,0.0
2015-01-02,13974.08379559712,14455.948754065987,13933.928382391381,14402.408203125,2654700,0.0,0.0
2015-01-02,14442.566065480103,14442.566065480103,14000.8564453125,14000.8564453125,2627900,0.0,0.0
2015-01-02,13920.544719314938,14174.862363225498,13920.544719314938,14067.78125,2219000,0.0,0.0
2015-01-02,13920.54403409091,14041.010280539775,13893.773757102274,13987.4697265625,4718700,0.0,0.0
2015-01-02,13960.699117312912,14188.246466300754,13947.313979137158,14174.861328125,1965800,0.0,0.0
2015-01-02,13974.085831925675,14375.640022498252,13974.085831925675,14362.2548828125,2629800,0.0,0.0
2015-01-02,14455.950532670455,14723.6533203125,14322.099138849433,14723.6533203125,4598300,0.0,0.0
2015-01-02,14723.650815675584,14924.42787225298,14576.41430751883,14884.2724609375,5890500,0.0,0.0
2015-01-02,14924.428384829085,14924.428384829085,14603.185083272227,14830.732421875,3804700,0.0,0.0
2015-01-02,14884.27412930456,14991.355238148479,14737.037604644174,14964.5849609375,4411600,0.0,0.0
2015-01-02,14830.734558781136,14830.734558781136,14496.106071444015,14509.4912109375,4182700,0.0,0.0
2015-01-02,14723.652541035353,14763.807957056359,14549.645738277663,14576.416015625,1910300,0.0,0.0
2015-01-02,14563.031479357798,14670.112593176606,14415.794947856937,14589.8017578125,2464400,0.0,0.0
2015-01-02,14563.030324074072,14563.030324074072,14215.016731770833,14455.94921875,3347900,0.0,0.0
2015-01-02,14455.949218749998,14522.874909577546,14281.942422598378,14455.94921875,2432500,0.0,0.0
2015-01-02,14616.570916485589,14696.881745697048,14402.408705255031,14629.9560546875,1441800,0.0,0.0
2015-01-02,14563.029904026218,14616.570455143963,14241.786597319759,14295.3271484375,4272600,0.0,0.0
2015-01-02,14295.327148437502,14295.327148437502,14295.327148437502,14295.3271484375,0,0.0,0.0
2015-01-02,14268.556920695755,14375.638023290096,13974.083888561321,14188.24609375,5449400,0.0,0.0
2015-01-02,14322.096388107228,14322.096388107228,14054.393651880924,14121.3193359375,1643800,0.0,0.0
2015-01-02,14107.93541302184,14241.786792652027,13826.847515798443,13867.0029296875,3209000,0.0,0.0
2015-01-02,14000.854671593868,14134.7060546875,13920.543841737688,14134.7060546875,2459400,0.0,0.0
2015-01-02,13974.083518629808,14067.779480919473,13920.542968750002,13920.54296875,2554500,0.0,0.0
2015-01-02,13947.315619627947,14000.856178628439,13599.301986124756,13626.072265625,2979600,0.0,0.0
2015-01-02,13626.072265625,13733.153383625982,13626.072265625,13626.072265625,1941400,0.0,0.0
2015-01-02,13719.767605408537,13960.700109698639,13666.227048899626,13893.7744140625,2832600,0.0,0.0
2015-01-02,14027.624578701512,14174.861096226052,13920.543475047303,14148.0908203125,4018500,0.0,0.0
2015-01-02,14148.090820312498,14148.090820312498,14148.090820312498,14148.0908203125,0,0.0,0.0
2015-01-02,14429.180067638423,14429.180067638423,13893.774499265939,13960.7001953125,7925900,0.0,0.0
2015-01-02,13960.7001953125,13960.7001953125,13960.7001953125,13960.7001953125,0,0.0,0.0
2015-01-02,13960.7001953125,14148.092144242868,13920.544777684563,13960.7001953125,2903800,0.0,0.0
2015-01-02,14081.1634126551,14576.413456636315,14014.237731036017,14563.0283203125,6435400,0.0,0.0
2015-01-02,14589.800221188749,14777.19215063521,14469.33398083031,14750.421875,5899100,0.0,0.0
2015-01-02,14803.966421070461,14884.277269647697,14723.655572493226,14817.3515625,5912500,0.0,0.0
2015-01-02,14817.346817680027,14857.502229110054,14576.414349099863,14777.19140625,5135100,0.0,0.0
2015-01-02,14903.04158453154,14958.23803484462,14640.858445544412,14875.443359375,3397700,828.0,0.0
2015-01-02,14903.040011212051,15068.629344669964,14820.245344483097,14999.6337890625,5218200,0.0,0.0
2015-01-02,14999.6337890625,14999.6337890625,14999.6337890625,14999.6337890625,0,0.0,0.0
2015-01-02,15068.631389066868,15068.631389066868,14654.657999257339,14806.4482421875,3423400,0.0,0.0
2015-01-02,14958.238816754696,14985.837043353873,14627.060097564554,14696.0556640625,3051700,0.0,0.0
2015-01-02,14406.27191417131,14861.642578125,14378.67369211351,14861.642578125,1808300,0.0,0.0
2015-01-02,14737.44903530732,15054.828555730604,14723.6499257237,14985.8330078125,3089200,0.0,0.0
2015-01-02,14861.64102155991,14985.8330078125,14737.44903530732,14985.8330078125,2552100,0.0,0.0
2015-01-02,14765.049361305675,14847.844030621407,14295.879568516522,14406.2724609375,4661100,0.0,0.0
2015-01-02,14544.261869419643,14613.25741908482,14282.078780691963,14489.0654296875,4656200,0.0,0.0
2015-01-02,14489.068812744857,14627.059944294808,14088.894531249998,14088.89453125,2829800,0.0,0.0
2015-01-02,14075.095418095003,14268.283002264936,13868.108720770077,14088.89453125,3282700,0.0,0.0
2015-01-02,14102.691718287722,14240.682830991123,13937.102383043639,13992.298828125,2983300,0.0,0.0
2015-01-02,13826.709294831488,13992.298627703722,13716.316406249998,13716.31640625,5102400,0.0,0.0
2015-01-02,13716.317667028576,13964.701689167927,13633.522992982125,13702.5185546875,3766600,0.0,0.0
2015-01-02,13688.718239795919,13702.517350924745,13247.146683673469,13523.12890625,5965300,0.0,0.0
2015-01-02,13523.129285420879,13909.504407861476,13412.736393294994,13647.3212890625,6887900,0.0,0.0
2015-01-02,13578.325507492316,13702.517509085234,13440.334394611296,13467.9326171875,2156400,0.0,0.0
2015-01-02,13523.127809289383,14130.288649706457,13523.127809289383,14102.6904296875,3830600,0.0,0.0
2015-01-02,14102.69261236305,14240.683733814742,13854.30859375,13854.30859375,2608400,0.0,0.0
2015-01-02,13854.30751697686,14006.097738776407,13702.517295177313,13716.31640625,2645200,0.0,0.0
2015-01-02,13909.503327546297,13909.503327546297,13412.7353515625,13412.7353515625,8817600,0.0,0.0
2015-01-02,13412.735686243717,13923.302785411432,13412.735686243717,13730.115234375,3426400,0.0,0.0
2015-01-02,13730.115234374998,13730.115234374998,13730.115234374998,13730.115234375,0,0.0,0.0
2015-01-02,13743.914825258875,14019.89705066568,13743.914825258875,13992.298828125,4839900,0.0,0.0
2015-01-02,13992.298828125,13992.298828125,13992.298828125,13992.298828125,0,0.0,0.0
2015-01-02,13992.298828125,13992.298828125,13992.298828125,13992.298828125,0,0.0,0.0
2015-01-02,13992.298828125,13992.298828125,13992.298828125,13992.298828125,0,0.0,0.0
2015-01-02,13992.298828125,13992.298828125,13992.298828125,13992.298828125,0,0.0,0.0
2015-01-02,13992.298828125,13992.298828125,13992.298828125,13992.298828125,0,0.0,0.0
2015-01-02,13799.11042696563,14696.052604718396,13799.11042696563,14654.6552734375,6816800,0.0,0.0
2015-01-02,14489.06620325667,14875.441302010182,14364.874207228757,14737.4501953125,6395700,0.0,0.0
2015-01-02,14461.470019257704,14847.845172443978,14461.470019257704,14778.849609375,2917900,0.0,0.0
2015-01-02,14571.86030957944,14875.440732695679,14571.86030957944,14765.0478515625,3973100,0.0,0.0
2015-01-02,14654.6552280582,14861.641883821734,14654.6552280582,14847.8427734375,4082700,0.0,0.0
2015-01-02,14903.040731961146,14985.835402694263,14820.246061228028,14916.83984375,4506600,0.0,0.0
2015-01-02,14847.841355267694,15013.430664062502,14834.042246201461,15013.4306640625,4145600,0.0,0.0
2015-01-02,15234.220866477272,15261.819092684658,15013.43505681818,15179.0244140625,3490900,0.0,0.0
2015-01-02,15234.220457650274,15234.220457650274,14861.644413849044,15151.42578125,6968800,0.0,0.0
2015-01-02,14958.238202982697,15220.421344916895,14930.639977515939,15151.42578125,2413400,0.0,0.0
2015-01-02,15013.42979991007,15386.005723253427,15013.42979991007,15344.6083984375,3467000,0.0,0.0
2015-01-02,15344.608398437498,15399.804831525404,15179.019099173785,15344.6083984375,3420900,0.0,0.0
2015-01-02,15399.809532919637,15510.202432797196,15275.61752055738,15496.4033203125,4111200,0.0,0.0
2015-01-02,15496.401904816323,15579.196572161734,15386.00901502244,15565.3974609375,3846000,0.0,0.0
2015-01-02,15620.591751138334,15937.971265516588,15592.993532496746,15910.373046875,4724500,0.0,0.0
2015-01-02,15910.376043438597,15951.77337919776,15565.398245445565,15717.1884765625,3191700,0.0,0.0
2015-01-02,15717.188098036506,15717.188098036506,15524.000535813055,15592.99609375,2440800,0.0,0.0
2015-01-02,15565.396265794225,15579.195375958936,15248.016732005868,15289.4140625,3590500,0.0,0.0
2015-01-02,15386.011957445919,15482.605754488179,15344.614615856377,15468.806640625,3846200,0.0,0.0
2015-01-02,15455.002003205127,15455.002003205127,15041.028735262133,15068.626953125,3328600,0.0,0.0
2015-01-02,15123.824740523467,15344.610503158847,15123.824740523467,15289.4140625,2388100,0.0,0.0
2015-01-02,15455.00752676182,15468.806640625,15289.418160403657,15468.806640625,3185800,0.0,0.0
2015-01-02,15344.610051618303,15468.80203944615,15303.212722342354,15455.0029296875,2023000,0.0,0.0
2015-01-02,15455.006592235188,15455.006592235188,15344.613688004936,15372.2119140625,3124800,0.0,0.0
2015-01-02,15455.00752676182,15482.605754488179,15427.409299035458,15468.806640625,3284300,0.0,0.0
2015-01-02,15510.197697701213,15510.197697701213,15123.82266608588,15344.6083984375,3255000,0.0,0.0
2015-01-02,15372.208271135602,15551.596697998046,15344.610051618303,15455.0029296875,3404400,0.0,0.0
2015-01-02,15427.409076750113,15427.409076750113,15041.033894148142,15054.8330078125,4114600,0.0,0.0
2015-01-02,15110.029462469924,15165.225917127347,15013.43566681943,15054.8330078125,3625700,0.0,0.0
2015-01-02,14985.835340915764,15013.433564379699,14654.656659348566,14682.2548828125,4289000,0.0,0.0
2015-01-02,14668.454188368058,14903.039062500002,14668.454188368058,14903.0390625,2978400,0.0,0.0
2015-01-02,14958.237749073216,14985.835973702504,14875.443075185358,14889.2421875,2459400,0.0,0.0
2015-01-02,14972.03714742289,14972.03714742289,14861.644246796732,14875.443359375,3295100,0.0,0.0
2015-01-02,14847.843105708058,14958.235991252355,14627.057334619461,14640.8564453125,1964900,0.0,0.0
2015-01-02,14640.856440539468,14640.856440539468,14088.892012997923,14116.490234375,3932800,0.0,0.0
2015-01-02,14130.288235294116,14199.283783318015,14075.091796875,14075.091796875,4539500,0.0,0.0
2015-01-02,14006.097868801719,14006.097868801719,13730.115644785921,13757.7138671875,6533500,0.0,0.0
2015-01-02,13730.116149028629,13895.705489519427,13481.732138292433,13495.53125,5933100,0.0,0.0
2015-01-02,13412.737108977619,13647.322017262206,13412.737108977619,13564.52734375,6272600,0.0,0.0
2015-01-02,13564.52648580661,13564.52648580661,13164.352255808244,13178.1513671875,4959800,0.0,0.0
2015-01-02,12971.164749313186,12971.164749313186,12474.396737637362,12557.19140625,8463100,0.0,0.0
2015-01-02,12833.173057154603,12902.168611225328,12543.391730057565,12584.7890625,6163900,0.0,0.0
2015-01-02,12639.986824824893,12860.772620891703,12639.986824824893,12805.576171875,4011800,0.0,0.0
2015-01-02,12860.770942893741,12957.364716069982,12736.578948810004,12791.775390625,2970500,0.0,0.0
2015-01-02,12764.176188526066,12791.774407312068,11936.229624945996,11977.626953125,12763700,0.0,0.0
2015-01-02,11977.62742472762,11991.426534663942,11701.645226001177,11715.4443359375,9243100,0.0,0.0
2015-01-02,11867.234506264485,11991.426495283531,11825.837176591469,11908.6318359375,3772300,0.0,0.0
2015-01-02,11591.254800451807,11674.049477597891,11370.468994728915,11453.263671875,6923800,0.0,0.0
2015-01-02,11425.663390815547,11812.038481326219,11260.074066310974,11315.2705078125,11691500,0.0,0.0
2015-01-02,11453.263263794535,11536.057937990641,11370.468589598431,11425.6650390625,2639300,0.0,0.0
2015-01-02,11508.458471145073,11522.257582021744,11315.270918871654,11342.869140625,4671300,0.0,0.0
2015-01-02,11315.2709991417,11411.86477596364,11053.087890625002,11053.087890625,5765200,0.0,0.0
2015-01-02,11094.482844766897,11122.081060798655,10846.09890048107,11025.4873046875,5291300,0.0,0.0
2015-01-02,11039.288300304877,11356.667838938642,10970.292748427972,11315.2705078125,6016300,0.0,0.0
2015-01-02,11094.486044254658,11135.883380240683,10956.494924301242,11108.28515625,5070500,0.0,0.0
2015-01-02,11108.285454644098,11425.6650390625,11108.285454644098,11425.6650390625,10417700,0.0,0.0
2015-01-02,11480.861169258373,11743.044296921726,11370.468273400118,11536.0576171875,7013200,0.0,0.0
2015-01-02,11425.66239041717,11508.457045420193,11315.269517079805,11411.86328125,2333700,0.0,0.0
2015-01-02,11453.262663810485,11660.249338457663,11370.467993951614,11549.8564453125,5118700,0.0,0.0
2015-01-02,11549.854237380538,11549.854237380538,11329.0684932968,11370.4658203125,2750300,0.0,0.0
2015-01-02,11425.664536420036,11480.860983455881,11135.883189481847,11260.0751953125,2712600,0.0,0.0
2015-01-02,11480.861399755502,11480.861399755502,11246.276491347036,11287.673828125,3787200,0.0,0.0
2015-01-02,11342.868662213883,11646.449088696492,11191.078448972577,11605.0517578125,4528000,0.0,0.0
2015-01-02,11756.841627136444,11963.82827550152,11743.042517245438,11908.6318359375,6431400,0.0,0.0
2015-01-02,11950.031063489136,12860.7724609375,11950.031063489136,12860.7724609375,10139700,0.0,0.0
2015-01-02,12860.771539692265,12888.369761880445,12474.396429057733,12667.583984375,5829000,0.0,0.0
2015-01-02,12888.369398271278,13026.36050531915,12681.382737699469,12971.1640625,5381100,0.0,0.0
2015-01-02,13026.360713801518,13122.954490280978,12653.784718809313,12722.7802734375,6808700,0.0,0.0
2015-01-02,12860.770568914655,12860.770568914655,12419.19904723518,12570.9892578125,2191700,0.0,0.0
2015-01-02,12695.181769704766,12736.5791015625,12060.422681219528,12736.5791015625,3955500,0.0,0.0
2015-01-02,12736.579696688661,12736.579696688661,12253.61080244803,12612.3876953125,4603500,0.0,0.0
2015-01-02,12584.790233074362,12584.790233074362,12295.008879023306,12433.0,1713700,0.0,0.0
2015-01-02,12308.80600305316,12350.203332659841,11950.029146461924,12005.2255859375,4524700,0.0,0.0
2015-01-02,12005.22666237571,12143.2177734375,11839.637329101562,12143.2177734375,5820000,0.0,0.0
2015-01-02,12143.216646634615,12226.011305588941,12032.823768028846,12198.4130859375,1129300,0.0,0.0
2015-01-02,12032.824154260024,12060.422374797317,11536.056184588739,11701.6455078125,6501800,0.0,0.0
2015-01-02,11591.254437869822,11812.040236686391,11480.861538461539,11660.25,2222800,0.0,0.0
2015-01-02,11660.248221344798,11770.641103913744,11480.859787170264,11508.4580078125,4031000,0.0,0.0
2015-01-02,11467.061999198717,11467.061999198717,11149.682425213674,11301.47265625,5454300,0.0,0.0
2015-01-02,11246.276051554905,11480.860950789793,11218.677828115506,11356.6689453125,3090800,0.0,0.0
2015-01-02,11398.065584131691,11549.85580377509,11329.070029748327,11342.869140625,2131500,0.0,0.0
2015-01-02,11329.07206741182,11439.464974280632,11149.683593750002,11149.68359375,2282400,0.0,0.0
2015-01-02,11039.29068688119,11315.272954053218,10997.893346805384,11149.68359375,2102600,0.0,0.0
2015-01-02,11177.281820467204,11301.473840694618,11149.683593750002,11149.68359375,1457900,0.0,0.0
2015-01-02,11273.87430707146,11342.869865866269,11149.682301240808,11260.0751953125,1672800,0.0,0.0
2015-01-02,11391.3056640625,11574.355075227904,11264.579148640298,11391.3056640625,4254400,408.0,0.0
2015-01-02,11363.143851796289,11532.112533607387,11264.578787406483,11292.740234375,3181200,0.0,0.0
2015-01-02,11349.0634765625,11489.870715725807,11292.740580897178,11349.0634765625,4893100,0.0,0.0
2015-01-02,11405.387706123156,11518.033510628076,11377.226254996925,11447.6298828125,2380800,0.0,0.0
2015-01-02,11503.954762073865,11715.165681818184,11503.954762073865,11616.6005859375,2898600,0.0,0.0
2015-01-02,11658.840525941985,11799.647778670753,11588.4368995776,11771.486328125,2733800,0.0,0.0
2015-01-02,11771.485905827702,11813.728080130912,11405.387061866553,11461.7099609375,4013500,0.0,0.0
2015-01-02,11461.710290452455,11588.43681700537,11377.225939417178,11475.791015625,2854100,0.0,0.0
2015-01-02,11475.790453574642,11771.485667715828,11475.790453574642,11743.32421875,7225000,0.0,0.0
2015-01-02,11757.404929114018,11813.727826978038,11630.678408919975,11701.08203125,2085600,0.0,0.0
2015-01-02,11729.244242823403,12109.423828125,11729.244242823403,12109.423828125,4523100,0.0,0.0
2015-01-02,12109.423523302023,12207.988598491691,11884.131922868497,12179.8271484375,3583400,0.0,0.0
2015-01-02,12207.98768217289,12348.794921875,12081.26116644099,12348.794921875,3223100,0.0,0.0
2015-01-02,12306.553936652417,12320.634661980395,11884.13217681309,11940.455078125,4676500,0.0,0.0
2015-01-02,11855.972041630244,12137.586579436187,11855.972041630244,12081.263671875,1013200,0.0,0.0
2015-01-02,12095.343731682298,12109.424457796014,11898.213566090271,12010.859375,3549000,0.0,0.0
2015-01-02,12024.938224546371,12236.149083291331,11926.373157132057,12222.068359375,3288600,0.0,0.0
2015-01-02,12222.069983600059,12334.71578990052,12123.504903087154,12207.9892578125,4143700,0.0,0.0
2015-01-02,12179.827455032704,12222.069631177326,12067.181651980378,12109.423828125,2095400,0.0,0.0
2015-01-02,12222.068660378041,12278.391557430476,12053.099969220742,12151.6650390625,1998700,0.0,0.0
2015-01-02,12193.908730258736,13095.0751953125,12193.908730258736,13095.0751953125,8621400,0.0,0.0
2015-01-02,13123.235268223469,13123.235268223469,12700.813532121854,12869.7822265625,2953900,0.0,0.0
2015-01-02,12757.137615593112,13010.59068080357,12320.63511439732,12419.2001953125,3419700,0.0,0.0
2015-01-02,12560.006985935821,13123.235998758055,12461.44190869193,13109.1552734375,4479000,0.0,0.0
2015-01-02,13109.153981821075,13137.3154296875,12954.266018555734,13137.3154296875,2922900,0.0,0.0
2015-01-02,13137.315846162684,13433.01105813419,12954.26642922794,13404.849609375,3901500,0.0,0.0
2015-01-02,13461.174738462056,13461.174738462056,12996.510756904265,13080.9951171875,2906900,0.0,0.0
2015-01-02,13010.590732127928,13066.913635730212,12531.846051508503,12630.4111328125,3469800,0.0,0.0
2015-01-02,12771.217725427725,12799.379175759428,12574.087573105797,12602.2490234375,1778800,0.0,0.0
2015-01-02,12602.247615448416,12700.812680597175,12193.906631260703,12334.7138671875,3032100,0.0,0.0
2015-01-02,12447.360097090757,12644.490234375,12362.875752540367,12644.490234375,1451600,0.0,0.0
2015-01-02,12644.49124646844,12771.2177734375,12475.522543843026,12771.2177734375,1223700,0.0,0.0
2015-01-02,12672.65094739819,12700.812393947963,12391.036481900452,12447.359375,2215800,0.0,0.0
2015-01-02,12503.684958791207,13080.994737293955,12362.877695741758,12813.4609375,2530000,0.0,0.0
2015-01-02,12813.460559546282,12883.864188994337,12489.603864085222,12588.1689453125,2635300,0.0,0.0
2015-01-02,12813.459384137428,12813.459384137428,12039.019531250002,12039.01953125,8038300,0.0,0.0
2015-01-02,12278.391890914352,12362.876238787616,12081.261745876736,12165.74609375,3046300,0.0,0.0
2015-01-02,12306.553888494316,12306.553888494316,11602.517624850478,11771.486328125,2644900,0.0,0.0
2015-01-02,11884.132462477599,12095.34334747424,11785.5673828125,11785.5673828125,2102100,0.0,0.0
2015-01-02,11785.567177161249,12236.150390625,11785.567177161249,12236.150390625,2005100,0.0,0.0
2015-01-02,12165.747007978724,12264.312087904478,11855.971042497784,11912.2939453125,1514100,0.0,0.0
2015-01-02,11827.809527853262,11884.132430366848,11658.8408203125,11658.8408203125,2869300,0.0,0.0
2015-01-02,11799.64940232497,11982.698856060322,11644.761403010441,11715.1650390625,3220200,0.0,0.0
2015-01-02,11785.56775718054,12039.020827227434,11658.841222157094,12010.859375,2316200,0.0,0.0
2015-01-02,12010.859703189037,12165.74769467213,11982.69825019211,12024.9404296875,1572900,0.0,0.0
2015-01-02,11912.293965944102,12095.343400408965,11912.293965944102,11996.7783203125,1754200,0.0,0.0
2015-01-02,12165.748309795674,12165.748309795674,11715.1650390625,11715.1650390625,2834700,0.0,0.0
2015-01-02,11715.165342298287,11757.407525022922,11518.035156249998,11518.03515625,4193900,0.0,0.0
2015-01-02,11687.002656434475,11940.45572609209,11658.841204250295,11926.375,4618500,0.0,0.0
2015-01-02,11968.618219549004,12461.44367564808,11940.456764914772,12391.0400390625,4904500,0.0,0.0
2015-01-02,12391.038145949722,12602.249023437502,12250.230894291202,12602.2490234375,4607100,0.0,0.0
2015-01-02,12560.008085758316,12574.088812311857,12278.393554687502,12278.3935546875,3803500,0.0,0.0
2015-01-02,12278.392566887227,12517.764899039845,12151.666038100546,12236.150390625,3066800,0.0,0.0
2015-01-02,12222.070257352942,12320.63534007353,11912.294283088235,11968.6171875,5280600,0.0,0.0
2015-01-02,12109.42378206073,12109.42378206073,11785.567099517246,11940.455078125,3600600,0.0,0.0
2015-01-02,11940.454822976879,12179.8271484375,11940.454822976879,12179.8271484375,1559400,0.0,0.0
2015-01-02,12179.827806237387,12278.39288675029,12109.424177299597,12207.9892578125,1669500,0.0,0.0
2015-01-02,12207.98923739656,12250.231414688587,11940.455447880371,12123.5048828125,3131600,0.0,0.0
2015-01-02,12222.069631177326,12222.069631177326,11841.890045875727,12109.423828125,1530800,0.0,0.0
2015-01-02,12081.26234301557,12081.26234301557,11898.21291357594,11982.697265625,2052700,0.0,0.0
2015-01-02,11982.696347905201,12165.745763325609,11898.21200232655,12151.6650390625,2010900,0.0,0.0
2015-01-02,12165.747352941176,12179.828079044119,11912.294283088235,11968.6171875,3667600,0.0,0.0
2015-01-02,11968.616260785238,12165.746410962878,11954.535535772551,12137.5849609375,4886000,0.0,0.0
2015-01-02,12179.828088364597,12193.908814478313,11982.697922772568,12010.859375,2290600,0.0,0.0
2015-01-02,12123.505608102178,12588.169586113063,12109.424881495788,12531.8466796875,5071900,0.0,0.0
2015-01-02,12672.651801450651,13038.750631270337,12672.651801450651,12982.427734375,4773700,0.0,0.0
2015-01-02,13095.075791144685,13095.075791144685,12644.492538116052,12785.2998046875,5819100,0.0,0.0
2015-01-02,12728.977494673294,12728.977494673294,12222.071311257101,12391.0400390625,5589000,0.0,0.0
2015-01-02,12391.03676155822,12405.117485150899,12222.068078446062,12334.7138671875,2716100,0.0,0.0
2015-01-02,12306.553698604333,12306.553698604333,12193.907898159443,12264.3115234375,2689700,0.0,0.0
2015-01-02,12207.988905795786,12278.392532703489,11996.778025072676,12109.423828125,2160500,0.0,0.0
2015-01-02,12024.940729722715,12095.344363971679,11785.568373276245,11870.052734375,4442200,0.0,0.0
2015-01-02,11884.130081917476,11968.614418992718,11602.515625,11602.515625,2864000,0.0,0.0
2015-01-02,11574.355759079392,11644.759382918073,11433.548511402027,11461.7099609375,3807600,0.0,0.0
2015-01-02,11546.195273824258,11546.195273824258,11264.580754950495,11377.2265625,6065000,0.0,0.0
2015-01-02,11377.225866530742,11405.387316695422,11180.09571537798,11222.337890625,3788900,0.0,0.0
2015-01-02,11222.33820877555,11306.822561664701,10912.562248181997,11194.1767578125,5472000,0.0,0.0
2015-01-02,11320.903309339887,11391.306936885534,11208.257505266854,11278.6611328125,2351700,0.0,0.0
2015-01-02,11264.578770337923,11292.740217263768,11123.771535708698,11250.498046875,2561900,0.0,0.0
2015-01-02,11264.58028157552,11264.58028157552,10771.754894256592,10813.9970703125,6277800,0.0,0.0
2015-01-02,10799.916653014418,10898.481733289647,10715.432298492793,10743.59375,3563400,0.0,0.0
2015-01-02,10856.240516550848,10884.401970549683,10560.545249563082,10574.6259765625,3727900,0.0,0.0
2015-01-02,10701.351197916665,10757.674098958332,10490.140319010416,10560.5439453125,6531800,0.0,0.0
2015-01-02,10701.350528492647,10757.67342601103,10532.3818359375,10532.3818359375,4072800,0.0,0.0
2015-01-02,10532.380236037234,10687.268180684841,10532.380236037234,10588.703125,3671200,0.0,0.0
2015-01-02,10588.703979993159,10588.703979993159,10180.363002041297,10293.0087890625,4234800,0.0,0.0
2015-01-02,10152.203125,10293.01038054785,10067.718771671289,10152.203125,4673400,0.0,0.0
2015-01-02,10194.443922139832,10250.766816737289,9912.829449152543,9969.15234375,4694300,0.0,0.0
2015-01-02,10053.636668882978,10124.04028701241,9701.618578235815,9926.91015625,5915400,0.0,0.0
2015-01-02,9786.104301671214,10349.33332622783,9786.104301671214,10321.171875,5591600,0.0,0.0
2015-01-02,10419.737286060967,10616.86745093239,10307.09147756301,10335.2529296875,3545100,0.0,0.0
2015-01-02,10419.737286060967,10419.737286060967,10194.445669065055,10335.2529296875,3981600,0.0,0.0
2015-01-02,10335.253591741373,10476.060861383627,10278.930683884471,10405.6572265625,5036800,0.0,0.0
2015-01-02,10405.654610912059,10476.058228035958,10335.250993788162,10377.4931640625,2747400,0.0,0.0
2015-01-02,10391.574170524691,10504.219960991084,10222.605484825102,10264.84765625,4518400,0.0,0.0
2015-01-02,10124.04100198586,10194.444625087292,9940.991581922137,10081.798828125,5410800,0.0,0.0
2015-01-02,10138.120831908343,10391.573852706053,9969.152151376538,10293.0087890625,3711100,0.0,0.0
2015-01-02,10152.20181749132,10278.928331163195,10081.798198784723,10138.12109375,3229400,0.0,0.0
2015-01-02,10095.881152482663,10194.446240442745,9870.58952285962,9898.7509765625,3341900,0.0,0.0
2015-01-02,9743.86186935241,9743.86186935241,9335.52083725527,9349.6015625,10754000,0.0,0.0
2015-01-02,9462.247376311843,9715.700431034482,9321.440123688155,9391.84375,5773400,0.0,0.0
2015-01-02,9574.894265669263,10109.96188639784,9574.894265669263,9940.9931640625,3573400,0.0,0.0
2015-01-02,9969.152201224662,10461.977521906672,9856.506413640203,10419.7353515625,5058200,0.0,0.0
2015-01-02,10532.382714979196,10616.867068307905,10138.122399445214,10152.203125,3297800,0.0,0.0
2015-01-02,10138.123645231213,10138.123645231213,9715.701826679913,9743.86328125,3360600,0.0,0.0
2015-01-02,9405.92467489122,9462.247577136077,8856.776378003857,8899.0185546875,6040500,0.0,0.0
2015-01-02,9025.745817475889,9574.89415894478,9025.745817475889,9307.3603515625,5256500,0.0,0.0
2015-01-02,9349.602509106595,9391.844689117617,9025.745795688745,9180.6337890625,3997100,0.0,0.0
2015-01-02,8927.180933902138,8955.342387952303,8547.001304224917,8561.08203125,4459900,0.0,0.0
2015-01-02,8561.08203125,8561.08203125,8561.08203125,8561.08203125,0,0.0,0.0
2015-01-02,8673.725715361446,8673.725715361446,8180.900390625,8180.900390625,2676400,0.0,0.0
2015-01-02,8180.901373505371,8180.901373505371,7617.67236328125,7617.67236328125,8346700,0.0,0.0
2015-01-02,7659.913362873135,7885.204932369404,7153.00733150653,7547.267578125,3964600,0.0,0.0
2015-01-02,7448.703679160466,7462.784404451884,7026.281920417906,7096.685546875,3713100,0.0,0.0
2015-01-02,7209.330808080808,8504.757437657829,6758.747632575758,8363.9501953125,7216400,0.0,0.0
2015-01-02,8166.821721716772,8166.821721716772,7786.64208984375,7786.64208984375,4723500,0.0,0.0
2015-01-02,7941.528129891547,8321.707668024654,7659.913657200357,7871.12451171875,6155500,0.0,0.0
2015-01-02,8166.820403494177,8997.583168677205,8054.174604825292,8462.515625,10097600,0.0,0.0
2015-01-02,8617.404000756047,9251.036647870464,8617.404000756047,8730.0498046875,8655900,0.0,0.0
2015-01-02,8504.75973516031,8504.75973516031,8124.580078124999,8124.580078125,2585100,0.0,0.0
2015-01-02,8363.952552930843,9617.137363050111,8335.791096523668,9518.572265625,7683500,0.0,0.0
2015-01-02,9462.248684210526,9687.540319548873,9025.746140742482,9363.68359375,3443100,0.0,0.0
2015-01-02,9335.522798978365,9743.863916882397,9124.311875924557,9518.572265625,3412000,0.0,0.0
2015-01-02,9546.733088101311,9969.154906158892,9518.57163356414,9659.37890625,4349900,0.0,0.0
2015-01-02,9715.699381510418,10194.443988715278,9715.699381510418,10138.12109375,3779900,0.0,0.0
2015-01-02,10194.444568980824,10799.915724320845,9729.780659068714,9912.830078125,3972700,0.0,0.0
2015-01-02,9912.829732142856,9912.829732142856,9434.085114397321,9856.5068359375,2463200,0.0,0.0
2015-01-02,9856.508753421534,9856.508753421534,9405.925496122263,9645.2978515625,2079100,0.0,0.0
2015-01-02,9715.699285523506,9997.313757567665,9462.246260683762,9884.66796875,2175200,0.0,0.0
2015-01-02,9884.671248929793,10278.931640625,9884.671248929793,10278.931640625,2417300,0.0,0.0
2015-01-02,10278.929610366713,10363.413963328632,9800.18494358251,9983.234375,2841900,0.0,0.0
2015-01-02,9983.235590930452,9983.235590930452,9293.279957706767,9363.68359375,3891300,0.0,0.0
2015-01-02,9391.844474319083,9856.50844381313,9363.683021622475,9757.943359375,3344800,0.0,0.0
2015-01-02,9687.540372109826,9912.832008670519,9659.37891753974,9743.86328125,1674700,0.0,0.0
2015-01-02,9772.024664157774,9772.024664157774,9152.472668159298,9236.95703125,2224200,0.0,0.0
2015-01-02,9236.956033653845,9293.278936298077,9011.664423076923,9152.4716796875,2610400,0.0,0.0
2015-01-02,9208.793918185764,9321.439715350116,9011.663773148148,9124.3095703125,4209900,0.0,0.0
2015-01-02,9124.309899845915,9335.520777157164,9039.825548921417,9138.390625,2558000,0.0,0.0
2015-01-02,9236.95703125,9321.441394340702,9110.230486613948,9236.95703125,1792900,0.0,0.0
2015-01-02,9180.632686897106,9236.955586816719,8744.130212520096,8758.2109375,3807800,0.0,0.0
2015-01-02,8842.69496819912,8856.775692670773,8504.757580879408,8786.3720703125,2828800,0.0,0.0
2015-01-02,8786.373442292945,9236.956695743864,8786.373442292945,9180.6337890625,3254900,0.0,0.0
2015-01-02,9011.662640901772,9138.389146789454,8744.12890625,8744.12890625,2724100,0.0,0.0
2015-01-02,8800.4543906764,8941.26166092722,8518.839850174754,8561.08203125,3169700,0.0,0.0
2015-01-02,8575.161147173712,8730.049115349264,8518.838249655331,8617.4033203125,2704900,0.0,0.0
2015-01-02,8617.403417505924,8955.340806427726,8617.403417505924,8913.0986328125,4845100,0.0,0.0
2015-01-02,9011.6653418124,9082.06897729531,8856.77734375,8856.77734375,3087700,0.0,0.0
2015-01-02,8842.695608618951,8856.776334110382,8673.726902721774,8730.0498046875,1900900,0.0,0.0
2015-01-02,8730.050762070377,8730.050762070377,8490.67840246522,8603.32421875,2017800,0.0,0.0
2015-01-02,8504.757467447918,8603.322537434897,8335.788776041667,8448.4345703125,2689600,0.0,0.0
2015-01-02,8448.43595805921,8504.758864446272,7885.206894188596,8026.01416015625,5153400,0.0,0.0
2015-01-02,8026.014313714663,8166.821582376325,7631.753961462014,7969.69140625,9059800,0.0,0.0
2015-01-02,7997.85209455819,8561.081115301726,7997.85209455819,8166.82080078125,4547400,0.0,0.0
2015-01-02,8279.466455747004,8378.031532601135,8110.4977525684935,8223.1435546875,3078900,0.0,0.0
2015-01-02,8307.627341806592,8504.757482120647,8223.14299595771,8490.6767578125,4214200,0.0,0.0
2015-01-02,8504.757786371238,8561.08068561873,8378.031263064382,8420.2734375,2535100,0.0,0.0
2015-01-02,8406.193703758794,8589.243147894245,8335.790071399006,8504.7587890625,5091100,0.0,0.0
2015-01-02,8547.001030988753,8842.6962890625,8293.547952639829,8842.6962890625,8249800,0.0,0.0
2015-01-02,8786.372519083969,9335.520801526716,8730.04961832061,9222.875,6569200,0.0,0.0
2015-01-02,9222.873545879851,9729.779572828971,9222.873545879851,9617.1337890625,7542300,0.0,0.0
2015-01-02,9645.296200022978,9955.072136374081,9434.085334329044,9574.892578125,5368300,0.0,0.0
2015-01-02,9574.89292077851,9701.61944472999,9434.085671943532,9631.2158203125,1971200,0.0,0.0
2015-01-02,9743.86073272792,10025.475204772081,9687.53783831909,9884.66796875,3165000,0.0,0.0
2015-01-02,9940.991882581751,10349.332908920094,9940.991882581751,10011.3955078125,4899700,0.0,0.0
2015-01-02,10053.637251678156,10053.637251678156,9574.892620645864,9701.619140625,3804400,0.0,0.0
2015-01-02,9701.619668977964,9701.619668977964,9180.6328362462,9265.1171875,4527100,0.0,0.0
2015-01-02,9265.1171875,9476.3280656345,8842.695431231003,9265.1171875,4397300,0.0,0.0
2015-01-02,9265.116802931201,9391.84332455184,8955.34086119186,9082.0673828125,2550200,0.0,0.0
2015-01-02,9293.277447455752,9588.972638965708,9251.035277240044,9546.73046875,4100700,0.0,0.0
2015-01-02,9574.892081567798,10109.959580243645,9546.730634269068,9969.15234375,4337900,0.0,0.0
2015-01-02,9969.154617785056,10152.204066981674,9856.50880289483,9940.9931640625,4874200,0.0,0.0
2015-01-02,9969.154313287816,10053.638671875,9898.750681131829,10053.638671875,7802200,0.0,0.0
2015-01-02,10233.537418523485,10322.011805427146,9938.62279551128,9968.1142578125,5854600,805.0,0.0
2015-01-02,9968.113434436274,9968.113434436274,9746.927485447304,9776.4189453125,2390200,0.0,0.0
2015-01-02,9776.417237422926,9968.111693058669,9746.925782709734,9864.8916015625,2318000,0.0,0.0
2015-01-02,9864.891847555482,9938.620486176973,9614.214476242414,9717.4345703125,3157400,0.0,0.0
2015-01-02,9850.146119831184,9894.383303004079,9687.943114863905,9717.4345703125,2213500,0.0,0.0
2015-01-02,9673.19870415419,9968.113298793038,9540.48713656671,9850.1474609375,1720400,0.0,0.0
2015-01-02,9909.13014539275,10027.095980456948,9746.927122179475,9761.6728515625,2737100,0.0,0.0
2015-01-02,9791.164993106617,10086.07960133272,9717.436341050092,10027.0966796875,2283500,0.0,0.0
2015-01-02,10056.588366094205,10189.299942772868,9968.113981641764,10115.5712890625,2739000,0.0,0.0
2015-01-02,10145.062750546647,10204.045673514942,10041.842635352132,10115.5712890625,1702000,0.0,0.0
2015-01-02,10115.56945641328,10189.298096766146,10056.586544130987,10159.806640625,1801900,0.0,0.0
2015-01-02,10204.045285443723,10307.265396712663,10115.57090435606,10218.791015625,4504200,0.0,0.0
2015-01-02,10218.790789348323,10911.84009252202,10174.553599784043,10882.3486328125,6251300,0.0,0.0
2015-01-02,10823.365713393461,11280.483338891006,10808.619983538701,10882.3486328125,9057900,0.0,0.0
2015-01-02,10882.348808512028,10941.331728883368,10528.451286283995,10572.6884765625,3390200,0.0,0.0
2015-01-02,10616.925253378378,11088.788597972973,10602.179523859797,10911.83984375,7613300,0.0,0.0
2015-01-02,10970.823147595498,11162.517638077677,10779.128657113319,10808.6201171875,10225900,0.0,0.0
2015-01-02,10867.60292166096,11000.314490582192,10764.3828125,10764.3828125,4518100,0.0,0.0
2015-01-02,10808.6201171875,10852.857307298773,10705.400006927865,10808.6201171875,2478000,0.0,0.0
2015-01-02,10734.891334264905,11059.297391069613,10675.908414845866,10882.3486328125,6114000,0.0,0.0
2015-01-02,10882.34888226053,10941.331803031591,10734.891580332882,10852.857421875,2657900,0.0,0.0
2015-01-02,10882.348671976068,11663.872357090879,10808.620022436933,11398.44921875,12346100,0.0,0.0
2015-01-02,11501.669384765624,12091.498583984374,11501.669384765624,11796.583984375,8892600,0.0,0.0
2015-01-02,11826.075558939136,12003.024320419521,11619.635337212017,11840.8212890625,3531900,0.0,0.0
2015-01-02,11826.075248031811,11870.312437238914,11354.211896489396,11472.177734375,2456700,0.0,0.0
2015-01-02,11560.652213541667,12386.4130859375,11560.652213541667,12386.4130859375,8990700,0.0,0.0
2015-01-02,12504.376953125,13167.934692382812,12460.139770507812,12740.30859375,9975800,0.0,0.0
2015-01-02,12740.309084302326,12976.240734011628,12430.648794058867,12681.326171875,3823200,0.0,0.0
2015-01-02,12740.311804742389,12740.311804742389,12386.414254610656,12592.8544921875,3279800,0.0,0.0
2015-01-02,12681.32748032549,12740.310398838632,11722.855054486936,12062.0068359375,5624600,0.0,0.0
2015-01-02,12179.972672963784,12238.955591476926,11885.058080398076,12062.0068359375,3548700,0.0,0.0
2015-01-02,12120.988852896342,12902.512465066056,12120.988852896342,12696.072265625,7539000,0.0,0.0
2015-01-02,12755.056652947555,14082.172374063486,12755.056652947555,14023.189453125,15269600,0.0,0.0
2015-01-02,14023.188299634678,14848.949124849758,13919.968196482792,14568.7802734375,14634000,0.0,0.0
2015-01-02,14568.780390703836,14745.729140388497,13964.205495947906,14613.017578125,5907500,0.0,0.0
2015-01-02,14613.01910582679,14716.23922060054,14170.647185367856,14318.1044921875,4453600,0.0,0.0
2015-01-02,14155.899309245484,14155.899309245484,13359.629973100426,13875.73046875,9508600,0.0,0.0
2015-01-02,13860.987334026287,14037.93610850322,13433.361129040371,13743.021484375,5354500,0.0,0.0
2015-01-02,13743.020161836403,14008.44329800921,13580.817134175244,13610.30859375,6033800,0.0,0.0
2015-01-02,13772.512420137049,14141.155686200675,13757.766689494505,13919.9697265625,6790100,0.0,0.0
2015-01-02,13978.949830271566,14037.932740947817,13831.492553580938,13846.23828125,4502000,0.0,0.0
2015-01-02,13846.238159179688,13846.238159179688,13359.629150390625,13566.0693359375,5460100,0.0,0.0
2015-01-02,13580.81625696656,13949.459477839702,13551.324799296708,13890.4765625,5037400,0.0,0.0
2015-01-02,13949.459990339383,13993.697178469423,13684.036861559141,13713.5283203125,4310300,0.0,0.0
2015-01-02,13831.493283408608,13890.476197197131,13684.035998937301,13875.73046875,2503000,0.0,0.0
2015-01-02,13919.96716582177,13949.458621681562,13772.509886522812,13816.7470703125,4648100,0.0,0.0
2015-01-02,13978.94970703125,14067.424072265625,13271.15478515625,13566.0693359375,6523200,0.0,0.0
2015-01-02,13698.782331491024,13860.9853515625,13507.087853224733,13860.9853515625,5722900,0.0,0.0
2015-01-02,13978.950946031853,13978.950946031853,13625.053453727249,13772.5107421875,5951500,0.0,0.0
2015-01-02,13802.0029296875,13860.985848190438,13521.834066798543,13802.0029296875,3426100,0.0,0.0
2015-01-02,13625.052734375,13713.527102780034,13492.341181767451,13625.052734375,3524500,0.0,0.0
2015-01-02,13566.071518965984,13743.020277909018,13477.597139494466,13654.5458984375,2944900,0.0,0.0
2015-01-02,13757.766007820937,13757.766007820937,13580.817248877904,13654.5458984375,1447600,0.0,0.0
2015-01-02,13551.32633247965,13654.546446002347,13020.480034362929,13359.6318359375,4428200,0.0,0.0
2015-01-02,12976.241238317756,13138.444253796728,12592.852292640187,12622.34375,5410300,0.0,0.0
2015-01-02,12194.718326148446,13610.308361590103,12165.226867076744,13521.833984375,4429900,0.0,0.0
2015-01-02,13566.0693359375,13639.797973632812,13477.594970703125,13566.0693359375,2987900,0.0,0.0
2015-01-02,13743.020091623037,14155.90052356021,13625.054253926703,14082.171875,7435300,0.0,0.0
2015-01-02,14082.172104659858,14273.866594042664,13905.223345229577,14170.646484375,6462600,0.0,0.0
2015-01-02,14082.171792576455,14155.900440705127,13566.071255675746,13802.0029296875,3511500,0.0,0.0
2015-01-02,13787.257167271206,14126.408947856487,13639.799871364563,14037.9345703125,3403200,0.0,0.0
2015-01-02,14037.935571702861,14037.935571702861,13846.241073349775,13919.9697265625,2485400,0.0,0.0
2015-01-02,13507.08581342415,13713.525989611855,13374.374271589197,13462.8486328125,2571700,0.0,0.0
2015-01-02,13566.071518965984,13743.020277909018,13433.359949758707,13654.5458984375,2545400,0.0,0.0
2015-01-02,13448.103637295082,13846.238284451845,13418.612181950137,13492.3408203125,3142600,0.0,0.0
2015-01-02,13654.544675629713,13743.01904717807,13507.087389715785,13684.0361328125,2065200,0.0,0.0
2015-01-02,13684.037790697674,13684.037790697674,13271.157340116279,13315.39453125,2765500,0.0,0.0
2015-01-02,13433.360488453713,13610.309254492618,13020.480034362929,13359.6318359375,2817600,0.0,0.0
2015-01-02,13374.375849138225,13536.578863846627,13197.427105819968,13448.1044921875,2564000,0.0,0.0
2015-01-02,13566.070938529088,13566.070938529088,13300.64781147091,13433.359375,1607300,0.0,0.0
2015-01-02,13300.648303989801,13477.597061914277,13271.156844335723,13374.376953125,2575400,0.0,0.0
2015-01-02,13374.37673769072,13418.613926459266,13167.9365234375,13167.9365234375,1841200,0.0,0.0
2015-01-02,13285.900877287639,13507.086796443371,13285.900877287639,13344.8837890625,2312100,0.0,0.0
2015-01-02,13357.365182861602,13431.65531179854,13179.068873412949,13238.5009765625,3053400,171.0,0.0
2015-01-02,13461.372303650442,13535.662437776547,13327.65006222345,13431.65625,2055400,0.0,0.0
2015-01-02,13446.513246808732,13535.661400931222,13268.216938563755,13312.791015625,2418400,0.0,0.0
2015-01-02,13372.22265625,13491.08685763889,13164.210303819445,13372.22265625,4369600,0.0,0.0
2015-01-02,13297.932530381944,13372.22265625,13208.784379340277,13372.22265625,1678400,0.0,0.0
2015-01-02,13312.790183537263,13387.080307329325,13208.784010228379,13357.3642578125,4933300,0.0,0.0
2015-01-02,13372.223434799827,13401.93948687716,12896.7666015625,12896.7666015625,5865300,0.0,0.0
2015-01-02,12911.624306919643,13119.636666294644,12867.050229910714,13000.7724609375,2859100,0.0,0.0
2015-01-02,13015.630168473639,13179.068446844884,13015.630168473639,13104.7783203125,1962100,0.0,0.0
2015-01-02,13015.630589751683,13268.217028137275,13015.630589751683,13238.5009765625,3002000,0.0,0.0
2015-01-02,13283.075053924662,13342.507157074213,13149.352821838173,13238.5009765625,1974500,0.0,0.0
2015-01-02,13193.928946811511,13238.50303109128,13104.780778251974,13164.212890625,1735300,0.0,0.0
2015-01-02,13223.642611530788,13223.642611530788,12911.624078000284,13030.48828125,1692400,0.0,0.0
2015-01-02,13030.48921173763,13075.06329113924,12896.766973532796,12911.625,2164400,0.0,0.0
2015-01-02,12777.902621116864,12837.33472633136,12421.309989829882,12555.0322265625,6217100,0.0,0.0
2015-01-02,12451.025753552873,12465.883779511765,11945.852870950488,12153.865234375,7408000,0.0,0.0
2015-01-02,12183.58211535586,12436.168573844947,12183.58211535586,12421.310546875,4239500,0.0,0.0
2015-01-02,12540.172197360436,12569.88824522148,12198.437646958433,12243.01171875,2836300,0.0,0.0
2015-01-02,12569.890440213323,12569.890440213323,12257.87188318675,12406.4521484375,2626800,0.0,0.0
2015-01-02,12599.606022794995,12644.180100705826,12332.161555330007,12465.8837890625,5102000,0.0,0.0
2015-01-02,12540.174387163173,12584.748466738398,12347.0200423372,12406.4521484375,3595200,0.0,0.0
2015-01-02,12406.450739160864,12540.17296269673,12213.296416275725,12272.728515625,6850500,0.0,0.0
2015-01-02,12347.020760489511,12807.61960955711,12302.44667832168,12748.1875,6681700,0.0,0.0
2015-01-02,12748.185197441499,12807.61729626407,12495.598777445572,12540.1728515625,5110700,0.0,0.0
2015-01-02,12540.174200258876,12659.03841068787,12495.600121348003,12555.0322265625,1736700,0.0,0.0
2015-01-02,12629.322265625,12673.89634420956,12495.600029871324,12629.322265625,4684900,0.0,0.0
2015-01-02,12629.321231071852,12659.037281027315,12510.457031249998,12510.45703125,5397400,0.0,0.0
2015-01-02,12510.457261439733,12629.321463448661,12480.7412109375,12480.7412109375,3864900,0.0,0.0
2015-01-02,12451.025772165696,13000.772733466569,12332.161564316859,12777.90234375,10791700,0.0,0.0
2015-01-02,12896.765505795189,12926.481555347713,12644.17908459874,12659.037109375,4641400,0.0,0.0
2015-01-02,12718.469439338236,13149.352165670956,12703.61141429228,13134.494140625,8064700,0.0,0.0
2015-01-02,13401.939544575667,13580.235857807273,13134.49507472826,13327.6494140625,5378800,0.0,0.0
2015-01-02,13609.953249967752,14679.731234681374,13609.953249967752,14397.4287109375,21535100,0.0,0.0
2015-01-02,14560.865234375,14813.451672114157,14219.130642139668,14560.865234375,8537900,0.0,0.0
2015-01-02,14501.433550303336,14813.452100053715,14278.563157624494,14694.587890625,5135800,0.0,0.0
2015-01-02,14412.284052309782,14560.864300271738,13669.3828125,13669.3828125,23203100,0.0,0.0
2015-01-02,13966.54613980093,14442.003029666494,13728.817694868148,14367.712890625,7743900,0.0,0.0
2015-01-02,14471.71973031851,15452.349609374998,14456.861701847956,15452.349609375,13645600,0.0,0.0
2015-01-02,15630.640553909245,15957.51706739404,15259.189970403797,15511.7763671875,9510300,0.0,0.0
2015-01-02,15630.644571786557,15868.373006338445,15511.780354510614,15749.5087890625,6416700,0.0,0.0
2015-01-02,15927.802421223356,16135.814766276646,15912.944396576693,16031.80859375,5053700,0.0,0.0
2015-01-02,16135.815695028012,16150.67372052988,15704.932955473856,15912.9453125,4688300,0.0,0.0
2015-01-02,16046.668092579252,16106.10019662584,15348.34087003182,15467.205078125,5261800,0.0,0.0
2015-01-02,15690.076362332697,15957.52084578155,15452.347932600384,15541.49609375,3551700,0.0,0.0
2015-01-02,15660.361271099453,16314.114493042884,15660.361271099453,16284.3984375,6419000,0.0,0.0
2015-01-02,16284.394887699907,16299.25291223248,15749.506004527282,15794.080078125,5242300,0.0,0.0
2015-01-02,15942.661469713086,16224.963956129255,15942.661469713086,16150.673828125,4764200,0.0,0.0
2015-01-02,16254.67925547235,16314.111355126728,15853.512582805299,16120.95703125,5996000,0.0,0.0
2015-01-02,16120.960364399942,16224.966560299295,15749.50966475939,15823.7998046875,6384100,0.0,0.0
2015-01-02,15987.23443026083,16923.289977757515,15927.802332007073,16804.42578125,8120200,0.0,0.0
2015-01-02,16759.85384422259,16759.85384422259,15630.643833441636,15719.7919921875,6674300,0.0,0.0
2015-01-02,16046.669875059923,16165.534096356663,15006.607938713447,15496.9228515625,6517800,0.0,0.0
2015-01-02,15987.234748578227,16046.66684801532,15526.635977940748,16002.0927734375,4924000,0.0,0.0
2015-01-02,16061.527359411853,16224.965658166275,15645.50259894605,15749.5087890625,2587300,0.0,0.0
2015-01-02,15898.088590005287,16076.38491064086,15749.508322808975,15808.9404296875,5305500,0.0,0.0
2015-01-02,15779.223171098147,16031.809606040397,15378.056480307516,15838.6552734375,3454200,0.0,0.0
2015-01-02,15838.656910943442,15838.656910943442,15511.78031428232,15630.64453125,3682700,0.0,0.0
2015-01-02,15690.076035610464,15749.508141805958,14858.026548873546,15333.4833984375,6610100,0.0,0.0
2015-01-02,15333.480796700094,15987.23385392374,15333.480796700094,15927.8017578125,5124100,0.0,0.0
2015-01-02,16224.965448842804,16314.113610649632,15942.662936454513,16210.107421875,6137100,0.0,0.0
2015-01-02,16210.106387380827,16269.538491459218,15704.933502714513,15779.2236328125,9466000,0.0,0.0
2015-01-02,15779.225652034676,16002.096070848726,15378.058898169387,15586.0712890625,6171300,0.0,0.0
2015-01-02,15794.082313595838,15868.372446773617,15392.91559443583,15571.2119140625,7162900,0.0,0.0
2015-01-02,15690.076639733841,15927.805073669202,15541.49636852424,15630.64453125,4883900,0.0,0.0
2015-01-02,15645.50204724028,15749.50823368917,15482.063754249166,15571.2119140625,3786700,0.0,0.0
2015-01-02,15630.643649783473,15957.520228010884,15422.631281820575,15868.3720703125,4282500,0.0,0.0
2015-01-02,15927.801334980713,15957.51738224747,15303.764342378858,15407.7705078125,5403200,0.0,0.0
2015-01-02,15407.77320534318,15600.927546393768,15363.199126639196,15437.4892578125,4830900,0.0,0.0
2015-01-02,15496.920238597973,15571.210364382241,15378.056037343147,15392.9140625,1612700,0.0,0.0
2015-01-02,15392.915986531776,15452.348094587884,14858.027014026811,14962.033203125,5088400,0.0,0.0
2015-01-02,15006.607210454253,15036.32326433634,14293.42191728415,14412.2861328125,6272100,0.0,0.0
2015-01-02,14412.2865629893,14947.175548832203,13966.545741453549,14233.990234375,7471100,0.0,0.0
2015-01-02,14248.846901918068,14560.865447215543,13862.53822678786,13907.1123046875,7200300,0.0,0.0
2015-01-02,13907.112540903141,14219.131091500327,13669.384121400522,14189.4150390625,6160500,0.0,0.0
2015-01-02,14204.27242461023,14546.007012231606,13253.358789489881,13580.2353515625,10460400,0.0,0.0
2015-01-02,13580.236543091589,14367.711966268671,13075.063630110062,14174.5576171875,5091000,0.0,0.0
2015-01-02,14174.558230377907,14412.286670300387,13297.93460816376,13416.798828125,10624600,0.0,0.0
2015-01-02,13609.950297536192,13609.950297536192,13193.925615952117,13342.505859375,6819500,0.0,0.0
2015-01-02,13312.793204697988,13565.379682912124,13253.361092177014,13283.0771484375,5339300,0.0,0.0
2015-01-02,13520.803074692236,13877.395683255549,13342.50677041058,13728.8154296875,5024000,0.0,0.0
2015-01-02,13966.543570946815,14650.012724418679,13907.111470644913,14456.8583984375,6919300,0.0,0.0
2015-01-02,14501.433249202975,14620.297456163655,13966.544317879914,13981.40234375,6317900,0.0,0.0
2015-01-02,14055.69172241081,14085.407772563898,13758.531220879926,13951.685546875,2662900,0.0,0.0
2015-01-02,13981.401970786237,13996.259996259974,13817.963690575134,13966.5439453125,3494700,0.0,0.0
2015-01-02,14025.977217741935,14159.699458165322,13595.094443044354,13817.96484375,4252200,0.0,0.0
2015-01-02,13817.96358182833,13847.679632541938,13669.383328260283,13728.8154296875,2797300,0.0,0.0
2015-01-02,13773.389683696321,13773.389683696321,13476.229172721212,13580.2353515625,4608500,0.0,0.0
2015-01-02,13580.235263363711,13951.685899670158,13580.235263363711,13654.525390625,3333200,0.0,0.0
2015-01-02,13654.526876100352,13817.965173855633,13491.08857834507,13713.958984375,3389700,0.0,0.0
2015-01-02,13817.96484375,13966.545110887097,13684.242603326613,13817.96484375,3753700,0.0,0.0
2015-01-02,13817.965920608107,13966.546199324324,13580.23747466216,13743.67578125,3517400,0.0,0.0
2015-01-02,13743.672048226164,13743.672048226164,13312.78935698448,13401.9375,4608100,0.0,0.0
2015-01-02,13550.520447938688,14100.26743979585,13461.372287096987,14055.693359375,6263300,0.0,0.0
2015-01-02,13357.363428492241,13728.814024390245,13223.641213968958,13401.9375,9128000,0.0,0.0
2015-01-02,13609.951916530501,13699.100073188998,13401.93955099401,13639.66796875,3058800,0.0,0.0
2015-01-02,13817.964517518423,13817.964517518423,13505.945963897038,13609.9521484375,4421700,0.0,0.0
2015-01-02,13907.112770993415,13907.112770993415,13431.655924121846,13535.662109375,4270900,0.0,0.0
2015-01-02,13327.65123282823,13461.37348600042,13253.361092177014,13283.0771484375,5694700,0.0,0.0
2015-01-02,13193.926650301031,13208.784675808127,12956.1982421875,12956.1982421875,7691800,0.0,0.0
2015-01-02,13134.49574624866,13907.113143086815,13134.49574624866,13862.5390625,11050900,0.0,0.0
2015-01-02,13936.829018104883,14025.977178135405,13342.50795123474,13387.08203125,5141800,0.0,0.0
2015-01-02,13342.507768738946,13387.081848144533,12480.74223356427,12599.6064453125,17758700,0.0,0.0
2015-01-02,12763.04511281655,12807.619193536515,12480.742601590107,12614.46484375,7214500,0.0,0.0
2015-01-02,12659.037049207642,12718.469148030214,12510.456802151215,12540.1728515625,3942900,0.0,0.0
2015-01-02,12540.174941890495,12629.323104984504,12540.174941890495,12584.7490234375,3041300,0.0,0.0
2015-01-02,12644.179256049583,12688.753330982778,12510.457031249998,12510.45703125,2857800,0.0,0.0
2015-01-02,12673.896210982502,12926.482653639832,12599.60608078917,12896.7666015625,5048300,0.0,0.0
2015-01-02,12881.908255580358,13000.7724609375,12733.32799888393,13000.7724609375,8500000,0.0,0.0
2015-01-02,13015.630667449423,13149.352900334177,12837.334356936417,12852.1923828125,3335300,0.0,0.0
2015-01-02,12956.199883449885,13015.631993006993,12748.1875,12748.1875,2595800,0.0,0.0
2015-01-02,12659.037049207642,12763.043222147142,12540.1728515625,12540.1728515625,2062200,0.0,0.0
2015-01-02,12540.175579991219,12852.194166697162,12495.601496176085,12688.755859375,3328200,0.0,0.0
2015-01-02,12852.191608028324,13060.20395775364,12703.611358224529,13015.6298828125,4497600,0.0,0.0
2015-01-02,13060.204420737171,13253.358752329415,12926.482191173309,12956.1982421875,3119300,0.0,0.0
2015-01-02,12926.482603561046,13045.346811409883,12763.044317768894,12777.90234375,1654900,0.0,0.0
2015-01-02,12852.192984198447,13149.353515625,12614.464559057204,13149.353515625,3065000,0.0,0.0
2015-01-02,13193.927362246337,13223.643414864007,12985.914993922634,13179.0693359375,4277300,0.0,0.0
2015-01-02,13223.6437878308,13342.508001653998,13030.489440368103,13193.927734375,2336400,0.0,0.0
2015-01-02,13193.927640327547,13312.79185330347,13179.069613705557,13268.2177734375,1365700,0.0,0.0
2015-01-02,13342.507906547451,13342.507906547451,13253.35974681551,13268.2177734375,1937300,0.0,0.0
2015-01-02,13372.224745639534,13535.663048086239,13268.218553173449,13416.798828125,2416700,0.0,0.0
2015-01-02,13491.087286853686,13580.235440731574,13431.655184268428,13505.9453125,2241600,0.0,0.0
2015-01-02,13609.952691985123,13624.810718941439,12629.32291286829,12733.3291015625,3872200,0.0,0.0
2015-01-02,12763.044911036348,13387.08203125,12525.31648428829,13387.08203125,4660600,0.0,0.0
2015-01-02,13312.791713483144,13312.791713483144,12926.483025368678,13223.6435546875,1715200,0.0,0.0
2015-01-02,13075.062914026497,13089.920940065163,12807.618445330501,12896.7666015625,2910900,0.0,0.0
2015-01-02,12896.76633281427,13119.636718750002,12867.050281356172,13119.63671875,2740000,0.0,0.0
2015-01-02,13208.785761102901,13208.785761102901,13015.631413640203,13193.927734375,2435100,0.0,0.0
2015-01-02,13298.983034446022,13450.797909268465,13177.53113458807,13359.708984375,2658600,473.0,0.0
2015-01-02,13359.709920745274,13769.610111495413,13268.620989467465,13648.158203125,4400300,0.0,0.0
2015-01-02,13648.157427086355,13648.157427086355,13086.4423828125,13086.4423828125,5274600,0.0,0.0
2015-01-02,13086.441713686343,13238.25658275463,13071.260226779514,13116.8046875,2418200,0.0,0.0
2015-01-02,13238.257259643271,13268.620235009426,13071.260895129424,13086.4423828125,2439600,0.0,0.0
2015-01-02,13177.530635127314,13223.0750958478,13071.260226779514,13116.8046875,1720300,0.0,0.0
2015-01-02,13192.71301141336,13192.71301141336,12904.26474073804,13010.53515625,1981000,0.0,0.0
2015-01-02,13010.534850146198,13086.442288011694,12934.6274122807,12980.171875,2011500,0.0,0.0
2015-01-02,13071.261541193182,13071.261541193182,12843.539214691558,12858.720703125,2163200,0.0,0.0
2015-01-02,12873.90179370525,12919.446257598074,12691.72393813395,12722.0869140625,2634800,0.0,0.0
2015-01-02,12752.448852114718,13131.986020332417,12752.448852114718,13101.623046875,3181800,0.0,0.0
2015-01-02,13116.804326381058,13587.430407535934,13101.622839892192,13465.978515625,3807500,0.0,0.0
2015-01-02,13481.159636611239,13572.248553074827,13116.80397075688,13238.255859375,2581700,0.0,0.0
2015-01-02,13359.707435344828,13465.977835398708,13162.348120959054,13207.892578125,4098900,0.0,0.0
2015-01-02,13420.43337823276,13420.43337823276,13101.622178071122,13207.892578125,2293700,0.0,0.0
2015-01-02,13207.893663953235,13207.893663953235,12995.352846372378,13025.7158203125,1969900,0.0,0.0
2015-01-02,13238.2574752042,13238.2574752042,13010.53515625,13010.53515625,2780100,0.0,0.0
2015-01-02,13147.168519459905,13481.161253210617,13131.987031562145,13298.9833984375,5605200,0.0,0.0
2015-01-02,13298.983245535714,13329.346220982143,13192.712831473213,13283.8017578125,2617700,0.0,0.0
2015-01-02,13116.804377128265,13511.52302736592,13116.804377128265,13374.8896484375,3779900,0.0,0.0
2015-01-02,13420.433900122549,13541.885790621394,13131.985660187787,13162.3486328125,2734700,0.0,0.0
2015-01-02,13162.349628952315,13253.43855372015,12873.9013671875,12873.9013671875,4470900,0.0,0.0
2015-01-02,12934.627202943313,13177.531000181685,12767.630842341932,13056.0791015625,4899200,0.0,0.0
2015-01-02,13162.349456011836,13481.160688510392,13071.26053244082,13147.16796875,7901900,0.0,0.0
2015-01-02,13056.079140714492,13405.25335029174,13056.079140714492,13253.4384765625,3131800,0.0,0.0
2015-01-02,13390.072389048642,13784.791076254158,13238.257509354215,13693.7021484375,3707100,0.0,0.0
2015-01-02,13966.967665615142,14483.13820977918,13845.515772870662,14437.59375,6248700,0.0,0.0
2015-01-02,14392.048518432874,14437.592975769687,14133.963260190934,14361.685546875,4330800,0.0,0.0
2015-01-02,14300.959806306457,14346.504264288324,13997.330086427339,14285.7783203125,3461200,0.0,0.0
2015-01-02,14300.960323296382,14331.323296381937,13815.152753927503,13951.7861328125,2276000,0.0,0.0
2015-01-02,13997.33043873399,14225.052734375,13799.971115845117,14225.052734375,3663700,0.0,0.0
2015-01-02,14133.965453709894,14194.69140625,13860.698667279412,14194.69140625,3133900,0.0,0.0
2015-01-02,14088.420146570796,14103.601633797705,13678.519991444275,13724.064453125,3361600,0.0,0.0
2015-01-02,13830.33424047028,14194.68991749694,13724.063834670838,13951.7861328125,4338700,0.0,0.0
2015-01-02,13951.78613498264,13951.78613498264,13602.611944444445,13663.337890625,2343700,0.0,0.0
2015-01-02,13708.882510230655,13724.063996952947,13298.98236872874,13390.0712890625,4071100,0.0,0.0
2015-01-02,13390.070131415563,13906.240635347682,13359.707160596026,13754.42578125,4093500,0.0,0.0
2015-01-02,13648.157246537643,13648.157246537643,13359.708984375,13359.708984375,1821600,0.0,0.0
2015-01-02,13359.70885359495,13830.3349609375,13040.897619588706,13830.3349609375,7436100,0.0,0.0
2015-01-02,13511.523347077546,13511.523347077546,12873.90089699074,13116.8046875,4061800,0.0,0.0
2015-01-02,13116.805816473987,13268.620698609104,12949.80944612536,13131.9873046875,4352400,0.0,0.0
2015-01-02,13162.34899960197,13207.893459808207,12813.174804687502,12813.1748046875,3869400,0.0,0.0
2015-01-02,12813.175056851525,12964.989927193368,12813.175056851525,12934.626953125,2364900,0.0,0.0
2015-01-02,12934.626285311768,13010.533716563597,12889.08182656067,12964.9892578125,1214300,0.0,0.0
2015-01-02,13040.895653818168,13040.895653818168,12388.091796875,12388.091796875,4526800,0.0,0.0
2015-01-02,12372.912320360725,12585.453145495756,12160.371495225694,12297.0048828125,4240000,0.0,0.0
2015-01-02,12342.549345341435,12418.45678288966,12205.915957754629,12297.0048828125,3305000,0.0,0.0
2015-01-02,12448.819236239238,12479.182209986162,12236.278420010764,12342.548828125,2229400,0.0,0.0
2015-01-02,12342.547341739431,12479.18070714614,12297.002886603861,12388.091796875,1614900,0.0,0.0
2015-01-02,12479.182577352442,12555.090013954343,12236.27878022636,12281.8232421875,1200800,0.0,0.0
2015-01-02,12297.004059205572,12630.996762048193,12297.004059205572,12600.6337890625,3088100,0.0,0.0
2015-01-02,12509.5454946319,12509.5454946319,12342.549134873465,12372.912109375,1223100,0.0,0.0
2015-01-02,12372.912067974594,12433.638016774468,12145.189759975061,12175.552734375,3126200,0.0,0.0
2015-01-02,12145.19030448718,12145.19030448718,11841.560546875,11841.560546875,6247600,0.0,0.0
2015-01-02,11871.923369303593,12069.282709202504,11796.015930880936,11826.37890625,3515000,0.0,0.0
2015-01-02,11887.105038857178,11947.830990524393,11537.930816770697,11553.1123046875,4059500,0.0,0.0
2015-01-02,11553.111647082915,11644.200569398943,11249.481906029487,11295.0263671875,4441200,0.0,0.0
2015-01-02,11295.026302421977,11720.107937459363,11295.026302421977,11674.5634765625,3348100,0.0,0.0
2015-01-02,11780.834348688471,11856.741786502187,11629.019473061044,11720.1083984375,2272700,0.0,0.0
2015-01-02,11720.109134694043,11871.924019858474,11537.931272496728,11598.6572265625,1536600,0.0,0.0
2015-01-02,11720.106847728019,11720.106847728019,11553.11050663345,11568.2919921875,2716600,0.0,0.0
2015-01-02,11659.38354037267,12297.0060777368,11659.38354037267,12221.0986328125,4246900,0.0,0.0
2015-01-02,12221.096315021758,12266.640773338608,11993.3740234375,11993.3740234375,1813500,0.0,0.0
2015-01-02,12023.738764696782,12479.18341487469,12023.738764696782,12266.642578125,3757400,0.0,0.0
2015-01-02,12327.366303710938,12433.63670288086,11917.466192626955,12145.1884765625,2650200,0.0,0.0
2015-01-02,12145.190028445006,12236.278953658342,11917.467715411662,12008.556640625,1612900,0.0,0.0
2015-01-02,12008.555509543117,12099.644426176821,11932.648079015033,11993.3740234375,2926500,0.0,0.0
2015-01-02,12114.826643921835,12145.189617966751,11871.9228515625,11871.9228515625,5507300,0.0,0.0
2015-01-02,11902.286249190414,12023.738149692357,11613.8379854983,11720.1083984375,3560300,0.0,0.0
2015-01-02,11720.107472870432,11811.196391053363,11629.018554687502,11629.0185546875,2294200,0.0,0.0
2015-01-02,11689.744081283025,11765.651510382266,11446.840308165456,11492.384765625,4676000,0.0,0.0
2015-01-02,11492.385588469328,11613.837483723959,11431.659640842014,11477.2041015625,3025000,0.0,0.0
2015-01-02,11537.930049189814,11659.381944444443,11477.2041015625,11477.2041015625,1696800,0.0,0.0
2015-01-02,11492.385332240141,11537.929791945187,11310.207493419954,11355.751953125,2587700,0.0,0.0
2015-01-02,11507.567688630757,11629.019590357731,11264.66388517681,11537.9306640625,2200900,0.0,0.0
2015-01-02,11750.47117017663,12706.904870074728,11644.20075907684,12570.271484375,9640600,0.0,0.0
2015-01-02,12600.634150839891,12676.541585483505,12312.185899194157,12539.908203125,3358400,0.0,0.0
2015-01-02,12539.908212805916,12570.271186686803,12205.91550011617,12251.4599609375,2410400,0.0,0.0
2015-01-02,12251.460128029943,12266.64161517744,11902.285923637515,11978.193359375,4366800,0.0,0.0
2015-01-02,11993.375174566872,12054.101124817844,11522.749060121843,11720.1083984375,4428900,0.0,0.0
2015-01-02,11674.564053505346,11750.471492084704,11522.749176346628,11537.9306640625,2358000,0.0,0.0
2015-01-02,11659.382720105126,11720.10867177234,11522.749328853894,11553.1123046875,5544100,0.0,0.0
2015-01-02,11659.38247011952,11689.745445302124,11279.845280336984,11431.66015625,7852200,0.0,0.0
2015-01-02,11477.20546875,11780.835243055555,11446.842491319445,11613.8388671875,3589200,0.0,0.0
2015-01-02,11704.927734375,11750.47220026751,11613.83880258998,11704.927734375,2669200,0.0,0.0
2015-01-02,11720.10849245828,11841.560393934531,11659.382541720153,11826.37890625,3209800,0.0,0.0
2015-01-02,11826.377279052735,12145.1884765625,11826.377279052735,12145.1884765625,4889600,0.0,0.0
2015-01-02,12145.19088574097,12388.09470345579,12008.557488276385,12190.7353515625,5355700,0.0,0.0
2015-01-02,12297.004631974749,12342.549093574657,12084.463811175186,12175.552734375,2881800,0.0,0.0
2015-01-02,12175.552472516913,12342.548828125,12175.552472516913,12342.548828125,2570500,0.0,0.0
2015-01-02,12342.549396929824,12995.353362573098,12327.367909356724,12980.171875,9504800,0.0,0.0
2015-01-02,12980.170292295259,13329.344463900863,12934.62583512931,13207.892578125,4666700,0.0,0.0
2015-01-02,13207.894284277118,13314.164698058657,12995.353456714038,13086.4423828125,2401900,0.0,0.0
2015-01-02,12934.626439144738,13056.078330592107,12570.270764802633,12691.72265625,4492300,0.0,0.0
2015-01-02,12691.722360593463,13238.255859375,12630.996416284403,13238.255859375,3565100,0.0,0.0
2015-01-02,13177.531273005006,13177.531273005006,12843.538544887368,12889.0830078125,2663900,0.0,0.0
2015-01-02,12843.539343188624,12873.902320359282,12585.454037238025,12676.54296875,3268500,0.0,0.0
2015-01-02,12752.449711594627,13025.716491128796,12691.723760587032,12995.353515625,4268900,0.0,0.0
2015-01-02,12843.538223513278,13147.16796875,12828.356736251442,13147.16796875,2858800,0.0,0.0
2015-01-02,13147.16796875,13359.708790415703,13086.442019702656,13147.16796875,4472000,0.0,0.0
2015-01-02,12843.536990282013,12980.170362519055,12448.818359375,12448.818359375,10581300,0.0,0.0
2015-01-02,12448.819795147327,12691.72359602825,12448.819795147327,12494.3642578125,2430500,0.0,0.0
2015-01-02,12448.818975652304,12539.907894986347,12372.911542873937,12509.544921875,1535900,0.0,0.0
2015-01-02,12388.094685628743,12873.902320359282,12388.094685628743,12676.54296875,2635700,0.0,0.0
2015-01-02,12813.1756283363,12919.446042315392,12676.54223893461,12797.994140625,2550000,0.0,0.0
2015-01-02,13056.079682191394,13420.435394252549,12995.353730181201,13405.25390625,10687800,0.0,0.0
2015-01-02,13420.434451844263,13951.786494620903,13420.434451844263,13891.060546875,7360400,0.0,0.0
2015-01-02,14088.419954427083,14741.223896280924,14088.419954427083,14574.2275390625,13815900,0.0,0.0
2015-01-02,14634.952045036765,15485.115234375,14574.226102941177,15485.115234375,11766200,0.0,0.0
2015-01-02,15485.114445612982,15986.103442382813,15029.669903094953,15788.744140625,13841700,0.0,0.0
2015-01-02,15728.018201622597,15970.921957632212,15363.662567608175,15788.744140625,6692400,0.0,0.0
2015-01-02,15879.834013203412,16563.00086845595,15803.92658484202,16456.73046875,14466600,0.0,0.0
2015-01-02,16578.184042744255,16821.087838242336,15728.020758500958,15849.47265625,11018700,0.0,0.0
2015-01-02,16183.465051764255,16320.098434002415,15910.198287287936,16107.5576171875,6282400,0.0,0.0
2015-01-02,15175.792077966638,16144.459657411318,15175.792077966638,15929.2001953125,11416600,335.0,0.0
2015-01-02,15790.81601375598,16144.456489234448,15621.68361244019,16067.578125,6183600,0.0,0.0
2015-01-02,16067.579866876185,16267.463635555028,15898.447447224857,16205.9609375,5243000,0.0,0.0
2015-01-02,16298.218010377022,16405.847751954985,16113.70988195766,16159.8369140625,6808500,0.0,0.0
2015-01-02,15990.702901572928,16236.71371544328,15929.20019810534,16129.083984375,3187900,0.0,0.0
2015-01-02,16175.209546753405,16236.712244649807,15683.187963582199,15806.193359375,5901600,0.0,0.0
2015-01-02,15806.193876378675,16175.210075827204,15529.431726792278,15683.1884765625,6839700,0.0,0.0
2015-01-02,15683.189312024715,16313.592019664924,15683.189312024715,16175.2109375,7323900,0.0,0.0
2015-01-02,16159.835254096613,16159.835254096613,15713.940656219544,15775.443359375,3590300,0.0,0.0
2015-01-02,15529.42984762462,15621.68388632338,14837.52455738392,15191.1650390625,14614600,0.0,0.0
2015-01-02,14745.271082624604,15129.66292523734,14576.138671875,14576.138671875,7089800,0.0,0.0
2015-01-02,15068.161946614584,15068.161946614584,14760.648437500002,14760.6484375,3573400,0.0,0.0
2015-01-02,14945.154767219388,15206.541218909439,14868.276399075256,15068.16015625,2891500,0.0,0.0
2015-01-02,15114.287177136479,15237.292566167092,14899.027746332908,15068.16015625,3560100,0.0,0.0
2015-01-02,15068.16264011549,15068.16264011549,14053.368013332201,14145.6220703125,12321900,0.0,0.0
2015-01-02,14237.873984043259,14637.64150411359,14237.873984043259,14483.884765625,5964800,0.0,0.0
2015-01-02,14483.885369769598,14822.150208554025,14330.128624867584,14514.63671875,3960300,0.0,0.0
2015-01-02,14330.130184273099,14530.01397439708,14145.622070312502,14145.6220703125,2665300,0.0,0.0
2015-01-02,14176.373114676653,14207.124466335388,13715.102839795634,13730.478515625,7513000,0.0,0.0
2015-01-02,14084.117985316685,14145.620683942521,13776.604492187498,13776.6044921875,5442600,0.0,0.0
2015-01-02,13776.604492187498,14130.245009286062,13776.604492187498,13776.6044921875,2912700,0.0,0.0
2015-01-02,13899.610151187904,14268.626349892009,13899.610151187904,14237.875,4258700,0.0,0.0
2015-01-02,14299.37746788571,14391.631516065618,14084.118022132592,14176.3720703125,3227800,0.0,0.0
2015-01-02,14191.749561521272,14222.500914850678,13807.357644903686,13868.8603515625,5646400,0.0,0.0
2015-01-02,13807.356518418295,13853.483544649092,13699.726790546438,13761.2294921875,4459300,0.0,0.0
2015-01-02,13868.860420093202,14114.87124794408,13838.109066611842,14022.6171875,2503500,0.0,0.0
2015-01-02,13930.361689814814,14022.615740740739,13653.599537037036,13699.7265625,3266100,0.0,0.0
2015-01-02,13715.102093784837,13868.858843715161,13699.726418791804,13791.98046875,3120900,0.0,0.0
2015-01-02,13899.609995579434,14145.620791961372,13884.234320805564,14130.2451171875,4475600,0.0,0.0
2015-01-02,14130.247607368277,14145.623284851812,13930.363800082327,14007.2421875,3619300,0.0,0.0
2015-01-02,14007.241966777496,14037.993321259992,13776.606808158765,13945.7392578125,3256300,0.0,0.0
2015-01-02,14022.616661005435,14160.997746475885,13961.113956351903,14145.6220703125,2670200,0.0,0.0
2015-01-02,14130.24311879139,14160.994463990066,13899.608029801324,13930.359375,2694600,0.0,0.0
2015-01-02,14084.118601231903,14114.869951889616,13730.47806866822,13807.3564453125,3348000,0.0,0.0
2015-01-02,14053.365234375,14068.740907497948,13930.35984939141,14053.365234375,2551700,0.0,0.0
2015-01-02,13991.862490592746,13991.862490592746,13361.459894862743,13407.5869140625,6187000,0.0,0.0
2015-01-02,13407.589168098511,13469.091870704468,13207.705384629153,13422.96484375,4379700,0.0,0.0
2015-01-02,13361.461291989901,13438.339665361533,13084.69914785202,13130.826171875,8136300,0.0,0.0
2015-01-02,13161.576901248582,13607.471445800227,13161.576901248582,13545.96875,6845300,0.0,0.0
2015-01-02,13545.971411632132,14360.882291106029,13515.220057689721,14284.00390625,7714100,0.0,0.0
2015-01-02,14284.002465067455,14360.88084216685,13961.11328125,13961.11328125,4464000,0.0,0.0
2015-01-02,14084.118601231903,14160.996977876182,13807.356445312498,13807.3564453125,2820000,0.0,0.0
2015-01-02,13838.108547044838,14207.124774966034,13838.108547044838,14145.6220703125,3151300,0.0,0.0
2015-01-02,14207.123767827181,14222.499442900586,13745.853515625,13745.853515625,3490200,0.0,0.0
2015-01-02,13776.605543113103,13914.986625577409,13699.727163966267,13730.478515625,2296500,0.0,0.0
2015-01-02,13745.85449006454,14145.622070312502,13438.340966796875,14145.6220703125,4379200,0.0,0.0
2015-01-02,14022.61464245176,14053.365990351873,13545.96875,13545.96875,5792000,0.0,0.0
2015-01-02,13545.970402388139,13592.097429865056,13346.08661665483,13530.5947265625,3483800,0.0,0.0
2015-01-02,13530.595028081796,13684.351789764543,13346.086914062498,13346.0869140625,3564700,0.0,0.0
2015-01-02,13407.589168098511,13515.218897658935,13284.583762886597,13422.96484375,2335700,0.0,0.0
2015-01-02,13192.32948477057,13453.715966403553,13192.32948477057,13361.4619140625,3710900,0.0,0.0
2015-01-02,13284.583296654928,13346.085997102406,13069.32384508876,13100.0751953125,2790700,0.0,0.0
2015-01-02,13146.201227298525,13684.349815550511,13146.201227298525,13545.96875,4460400,0.0,0.0
2015-01-02,13530.592298595184,13668.973356194452,13407.5869140625,13407.5869140625,3007800,0.0,0.0
2015-01-02,13407.589101167043,13668.975585937502,13407.589101167043,13668.9755859375,2729800,0.0,0.0
2015-01-02,13730.478362417112,13730.478362417112,13576.721605839093,13622.8486328125,925700,0.0,0.0
2015-01-02,13622.847119750284,13668.974141600454,13453.71470629966,13545.96875,1501600,0.0,0.0
2015-01-02,13545.970123357503,14176.372819223176,13545.970123357503,14114.8701171875,8122200,0.0,0.0
2015-01-02,14053.36854098136,14130.24692468476,13899.611773574561,14022.6171875,2442500,0.0,0.0
2015-01-02,14022.61619991535,14022.61619991535,13622.8486328125,13622.8486328125,2203800,0.0,0.0
2015-01-02,13469.091870704468,13607.47295156787,13376.837816795532,13422.96484375,2714800,0.0,0.0
2015-01-02,13438.339772484322,13607.472195250142,13407.588422890536,13484.466796875,1849100,0.0,0.0
2015-01-02,13484.468073747154,13807.357275056947,13361.462663724375,13499.84375,3216800,0.0,0.0
2015-01-02,13438.340291013377,13499.842992574078,13192.32948477057,13361.4619140625,2719200,0.0,0.0
2015-01-02,13469.091208955751,13761.229031981047,13376.837159579341,13638.2236328125,4067200,0.0,0.0
2015-01-02,13715.100375394208,13715.100375394208,13407.5869140625,13407.5869140625,1267900,0.0,0.0
2015-01-02,13561.345999461208,13638.22437814296,13376.837890625,13376.837890625,4133500,0.0,0.0
2015-01-02,13530.59397977941,13699.726404526653,13376.83723000919,13592.0966796875,2176100,0.0,0.0
2015-01-02,13576.723004022533,13945.7392578125,13484.468940575041,13945.7392578125,3815800,0.0,0.0
2015-01-02,13884.23319503022,14483.884462589664,13822.730500921558,14468.5087890625,7373800,0.0,0.0
2015-01-02,14483.885137549867,14699.144576961435,14407.00676633145,14453.1337890625,4935000,0.0,0.0
2015-01-02,14453.13365073335,14576.13904350555,14176.371516995903,14545.3876953125,3514900,0.0,0.0
2015-01-02,14545.388732778898,14576.140083165323,14299.3779296875,14299.3779296875,2979200,0.0,0.0
2015-01-02,14207.121965604485,14437.757062448714,13945.73552251436,14053.365234375,4772900,0.0,0.0
2015-01-02,14053.366258726728,14453.1337890625,13976.48788750831,14453.1337890625,2128200,0.0,0.0
2015-01-02,14545.388586321447,14545.388586321447,14284.002110668736,14391.6318359375,2373000,0.0,0.0
2015-01-02,14391.631749460043,14422.383099352051,14145.620950323973,14237.875,2665400,0.0,0.0
2015-01-02,14253.253027236553,14407.0098020719,13991.866510016465,14007.2421875,4083900,0.0,0.0
2015-01-02,13976.48875063004,14314.753604880712,13853.483349084341,14299.3779296875,3183000,0.0,0.0
2015-01-02,14299.3779296875,14360.88063046035,14207.123878528226,14299.3779296875,1747600,0.0,0.0
2015-01-02,14437.760450802365,14453.136127533784,14222.5009765625,14222.5009765625,1988000,0.0,0.0
2015-01-02,14191.750157613142,14191.750157613142,13930.363643334244,14099.49609375,1865100,0.0,0.0
2015-01-02,13976.48948350219,14099.494891497809,13684.351639512595,14037.9921875,2137900,0.0,0.0
2015-01-02,14037.991195746528,14037.991195746528,13761.229047309029,13838.107421875,2257900,0.0,0.0
2015-01-02,13868.859975629148,14114.870795595962,13791.98159438952,13899.611328125,2649000,0.0,0.0
2015-01-02,13961.112805629933,14284.001978447366,13592.096608124297,13638.2236328125,5853000,0.0,0.0
2015-01-02,13791.982485400014,14114.871707466236,13776.606808158765,13945.7392578125,5519200,0.0,0.0
2015-01-02,13961.11448053728,14268.628015350878,13930.363127055922,14022.6171875,3513700,0.0,0.0
2015-01-02,14007.239648649334,14176.3720703125,13899.609925772776,14176.3720703125,2952200,0.0,0.0
2015-01-02,14176.372978161648,14530.013518831624,14145.62162679904,14422.3837890625,4407400,0.0,0.0
2015-01-02,14453.135078690537,14883.653995928127,14453.135078690537,14868.2783203125,5046600,0.0,0.0
2015-01-02,14868.27770278033,14899.029052734375,14637.642578125,14637.642578125,3245700,0.0,0.0
2015-01-02,14668.394981971152,14776.02471454327,14453.135516826922,14591.5166015625,1864900,0.0,0.0
2015-01-02,14560.765695410462,14806.776520253723,14545.390018857759,14714.5224609375,3243900,0.0,0.0
2015-01-02,14745.271599692485,14791.398622423536,14391.631092087766,14453.1337890625,2536000,0.0,0.0
2015-01-02,14453.136419229233,14545.390481479633,14084.120170227636,14437.7607421875,4244100,0.0,0.0
2015-01-02,14453.134928385418,14760.648437500002,14268.626822916667,14760.6484375,4131000,0.0,0.0
2015-01-02,14760.64732142857,15713.939127604166,14729.895972842261,15498.6796875,15601900,0.0,0.0
2015-01-02,15621.685366465863,15836.944810491967,15129.663780120482,15314.171875,9837600,0.0,0.0
2015-01-02,15406.427282444669,15467.929986167002,15160.416467555333,15283.421875,6689700,0.0,0.0
2015-01-02,15498.682602840352,16144.461044625366,15483.306925654995,15698.56640625,10213100,0.0,0.0
2015-01-02,16129.084428021122,16682.608774454642,15836.946578514544,16651.857421875,12956600,0.0,0.0
2015-01-02,16667.231532792506,17005.496379398995,16667.231532792506,16820.98828125,8488000,0.0,0.0
2015-01-02,16851.739223613815,17066.998666251216,15806.193359375002,15806.193359375,9128400,0.0,0.0
2015-01-02,15959.951698996805,16482.72468335701,15959.951698996805,16236.7138671875,5630100,0.0,0.0
2015-01-02,16236.712337427745,16236.712337427745,15344.923212834176,15959.9501953125,8805300,0.0,0.0
2015-01-02,15760.066686051614,16544.22610165028,15744.691011235955,16421.220703125,3706600,0.0,0.0
2015-01-02,16421.22189386318,16421.22189386318,15283.421875,15283.421875,8458100,0.0,0.0
2015-01-02,15283.420271003575,15483.30403712334,15006.658133299285,15052.78515625,8071200,0.0,0.0
2015-01-02,15052.787545898438,15544.809202148439,15052.787545898438,15375.6767578125,5375600,0.0,0.0
2015-01-02,15514.055965733292,15821.569463567452,15452.553266166462,15529.431640625,6569000,0.0,0.0
2015-01-02,15667.81483049871,15744.693215339234,15437.179675977139,15637.0634765625,5481000,0.0,0.0
2015-01-02,15667.81196452786,15806.193031928007,15329.547133105276,15590.93359375,4978300,0.0,0.0
2015-01-02,15590.93308731348,15806.192518499267,15514.054719032842,15713.9384765625,3161200,0.0,0.0
2015-01-02,15744.690962099125,15898.447709775874,15713.939612563776,15821.5693359375,3037000,0.0,0.0
2015-01-02,16129.082654451071,16759.48531301398,16113.706979851975,16359.7177734375,8737600,0.0,0.0
2015-01-02,16359.71836419753,16574.977816358023,16113.707561728394,16190.5859375,5235600,0.0,0.0
2015-01-02,16190.585352847453,16574.977217824835,16190.585352847453,16359.7177734375,3437600,0.0,0.0
2015-01-02,16175.210554755042,16252.088931916425,16006.078124999998,16006.078125,2575500,0.0,0.0
2015-01-02,15990.70259661836,16144.459352355074,15744.691787439615,15913.82421875,3899700,0.0,0.0
2015-01-02,15913.82223409216,15990.700602372799,15713.938476562502,15713.9384765625,3051900,0.0,0.0
2015-01-02,15852.322114949975,16252.089694958413,15667.814001099927,15944.576171875,5304900,0.0,0.0
2015-01-02,16113.709048202614,16467.349609375,16021.45498876634,16467.349609375,4929600,0.0,0.0
2015-01-02,16482.723575367647,16728.734375,16328.966825597425,16728.734375,5348700,0.0,0.0
2015-01-02,16759.484841046222,16897.865908541098,16728.733492714025,16882.490234375,5265600,0.0,0.0
2015-01-02,16897.868165860957,17082.37628050184,16697.984375,16697.984375,4437100,0.0,0.0
2015-01-02,16820.98963341346,17835.78425480769,16820.98963341346,17589.7734375,11715100,0.0,0.0
2015-01-02,17651.274323099737,17912.660789556787,17359.136507647738,17497.517578125,4165800,0.0,0.0
2015-01-02,17497.517392944992,17635.89846195774,17097.749860241503,17190.00390625,5667300,0.0,0.0
2015-01-02,17528.271976409054,18020.29364592229,17405.266559030744,18004.91796875,6826700,0.0,0.0
2015-01-02,18143.298520081797,18450.81205432047,18020.293106386325,18327.806640625,7336000,0.0,0.0
2015-01-02,18327.807083333333,18450.8125,18081.79625,18450.8125,3747000,0.0,0.0
2015-01-02,18466.18727895376,18635.319718644427,18097.171046901396,18204.80078125,5063300,0.0,0.0
2015-01-02,18461.74191881614,18461.74191881614,17954.202622078927,17985.923828125,4896400,905.0,0.0
2015-01-02,17985.925125,18493.464458333332,17795.597875,17843.1796875,5369900,0.0,0.0
2015-01-02,17843.176959681427,18207.970799746025,17652.849738778157,17954.201171875,6007000,0.0,0.0
2015-01-02,17890.760675904978,17890.760675904978,17335.63955564197,17525.966796875,3748600,0.0,0.0
2015-01-02,17541.82683084239,18239.693359375,17541.82683084239,18239.693359375,5751700,0.0,0.0
2015-01-02,18303.13426551687,18461.740281682527,18239.691859050607,18334.85546875,4676300,0.0,0.0
2015-01-02,19032.722827208916,19540.262102601155,18921.698610716863,19207.189453125,15039100,0.0,0.0
2015-01-02,20158.826429172903,20222.268841223802,18287.275273671406,18541.044921875,10347300,0.0,0.0
2015-01-02,18239.69524657173,18985.143660996833,17779.737714266877,18794.81640625,7278000,0.0,0.0
2015-01-02,18794.81236914547,19286.49100496278,18794.81236914547,19175.466796875,5873200,0.0,0.0
2015-01-02,18794.81281996587,19159.606655290103,18350.715976962456,18588.625,6666300,0.0,0.0
2015-01-02,18588.62455412531,19238.909201496586,18588.62455412531,19175.466796875,7486900,0.0,0.0
2015-01-02,19191.32693981193,19524.399556122713,18921.69672660796,19080.302734375,5467400,0.0,0.0
2015-01-02,19223.05078125,19286.493193069306,19032.72354579208,19223.05078125,5814200,0.0,0.0
2015-01-02,19143.74810714658,19143.74810714658,18620.348200323184,19016.86328125,4037200,0.0,0.0
2015-01-02,18858.255086943456,19349.933730926005,18842.394485524666,18969.279296875,4926800,0.0,0.0
2015-01-02,19048.582856305333,19127.88586569878,18525.1829943086,18810.673828125,4833100,0.0,0.0
2015-01-02,18810.675104424507,19238.91138420483,18794.81450146968,19223.05078125,5230600,0.0,0.0
2015-01-02,19175.469253249274,19540.26312655344,18874.11779269366,19143.748046875,4924000,0.0,0.0
2015-01-02,19238.908432809927,19286.490234375,19112.02362863641,19286.490234375,5363000,0.0,0.0
2015-01-02,19476.818956611573,19587.843168904958,18985.14030216942,19191.328125,5216400,0.0,0.0
2015-01-02,19349.935322234425,20285.71088289986,19223.05050044928,19857.474609375,14866900,0.0,0.0
2015-01-02,20285.710543787056,20618.78319540514,19651.286445466896,20063.662109375,7690900,0.0,0.0
2015-01-02,20587.060999209163,20761.52761784653,20047.80054160276,20682.224609375,8406600,0.0,0.0
2015-01-02,20682.227928321678,20745.67034527972,20190.549196896853,20412.59765625,5678300,0.0,0.0
2015-01-02,20745.66769206969,21173.903951768374,20618.782874381188,20824.970703125,8789700,0.0,0.0
2015-01-02,21110.462221362046,21126.32282408283,20793.25016694639,20967.716796875,6156200,0.0,0.0
2015-01-02,20967.71748107157,20983.5780843099,20476.038780683353,20555.341796875,4536200,0.0,0.0
2015-01-02,20555.341857531057,20745.669096952643,20301.572204968947,20428.45703125,4527800,0.0,0.0
2015-01-02,20317.433545996333,20317.433545996333,19143.748860279138,19460.9609375,7224700,0.0,0.0
2015-01-02,19286.492373217116,20016.080078125,19096.16514584984,20016.080078125,8283400,0.0,0.0
2015-01-02,20016.080580357142,20063.662388392855,18842.395982142858,18874.1171875,8409600,0.0,0.0
2015-01-02,19096.165065104167,19603.7043359375,19001.001451822915,19032.72265625,8649600,0.0,0.0
2015-01-02,18731.37153455946,18747.23213704427,18271.4140625,18271.4140625,9257900,0.0,0.0
2015-01-02,18271.41400862069,18477.601840315194,18096.947381802263,18398.298828125,6580000,0.0,0.0
2015-01-02,18715.509353559177,18858.25476388293,18287.273122587907,18493.4609375,7165100,0.0,0.0
2015-01-02,18525.181640625,18731.369449981274,18398.296834867295,18525.181640625,3745800,0.0,0.0
2015-01-02,18683.787878282452,18683.787878282452,18176.248648991248,18572.763671875,5874700,0.0,0.0
2015-01-02,18652.066676451752,18842.393887435952,18445.8788645522,18572.763671875,5754100,0.0,0.0
2015-01-02,18715.508849261558,18778.951252140414,18382.436234147583,18525.181640625,4800100,0.0,0.0
2015-01-02,18652.068254509228,18953.419697396705,18588.625845480285,18905.837890625,5728200,0.0,0.0
2015-01-02,18842.395575427257,18842.395575427257,18081.08666328878,18096.947265625,7735500,0.0,0.0
2015-01-02,18017.640625,18239.689012984152,17890.755831866198,18017.640625,7607100,0.0,0.0
2015-01-02,18017.646137971697,18144.530969929245,16764.65842239092,16812.240234375,9050200,0.0,0.0
2015-01-02,16812.239006538643,17351.499502974788,16574.329963993285,16828.099609375,7253600,0.0,0.0
2015-01-02,17050.147182543005,17874.89848811718,17050.147182543005,17748.013671875,6290800,0.0,0.0
2015-01-02,17684.570303390276,17684.570303390276,16732.93423325268,17002.564453125,4888500,0.0,0.0
2015-01-02,16986.705078125,17081.868692008054,16717.074838789682,16986.705078125,2764500,0.0,0.0
2015-01-02,17256.335382513662,17510.105020491803,17081.868756403688,17414.94140625,3693700,0.0,0.0
2015-01-02,17414.938759039254,17414.938759039254,17066.00555985996,17272.193359375,1615700,0.0,0.0
2015-01-02,17288.05697612001,17605.269030727715,16986.705524242687,17081.869140625,2364600,0.0,0.0
2015-01-02,17605.267220656497,18049.364051447832,17510.103614058353,17938.33984375,10874500,0.0,0.0
2015-01-02,17954.201755190854,19016.862106425648,17954.201755190854,18905.837890625,8307700,0.0,0.0
2015-01-02,18842.39643895349,18842.39643895349,18350.717743997633,18414.16015625,7014700,0.0,0.0
2015-01-02,18366.57521392981,18461.738816074525,18160.38740928293,18303.1328125,4355500,0.0,0.0
2015-01-02,18287.275551707473,18604.487616784794,18144.53012242268,18461.7421875,6366800,0.0,0.0
2015-01-02,18778.954173570837,19254.772269184963,18763.0935703837,19143.748046875,5335700,0.0,0.0
2015-01-02,19096.165065104167,19159.607473958335,18826.53482747396,19032.72265625,5403300,0.0,0.0
2015-01-02,19032.72093204489,19175.466339035225,18937.557327384664,19080.302734375,4450800,0.0,0.0
2015-01-02,19080.303595155354,19508.539835445627,19080.303595155354,19397.515625,1979200,0.0,0.0
2015-01-02,19429.235600490196,19460.956801470587,19270.629595588234,19413.375,2281500,0.0,0.0
2015-01-02,19429.238391152532,19905.056474201167,19349.935377311092,19730.58984375,6934100,0.0,0.0
2015-01-02,19936.777622990714,19968.498828437,19492.680746742713,19857.474609375,7459500,0.0,0.0
2015-01-02,20935.997303115324,21253.209383465557,20444.318578572464,20491.900390625,12006400,0.0,0.0
2015-01-02,20396.73705201049,20904.276387674825,20349.15523929196,20412.59765625,8590000,0.0,0.0
2015-01-02,20555.341896387832,20935.99637595057,20507.760086442493,20856.693359375,6454800,0.0,0.0
2015-01-02,20698.0872462951,21570.420425257733,20698.0872462951,21538.69921875,11305200,0.0,0.0
2015-01-02,21538.696953830946,21602.139360175075,20999.43649990587,21062.87890625,12263500,0.0,0.0
2015-01-02,21031.1588671875,21031.1588671875,20476.03778094952,20618.783203125,10880900,0.0,0.0
2015-01-02,20618.784209828318,20777.390242211615,20476.038780683353,20555.341796875,10500800,0.0,0.0
2015-01-02,20745.668303571427,21364.231808035714,20539.48046875,20539.48046875,4976300,0.0,0.0
2015-01-02,20729.806968158326,20983.576602045498,20491.8979363891,20523.619140625,10438900,0.0,0.0
2015-01-02,20904.27421507641,20904.27421507641,20238.12890625,20238.12890625,5577400,0.0,0.0
2015-01-02,20047.80078125,20206.406800089004,19809.891752991494,20047.80078125,7251400,0.0,0.0
2015-01-02,20111.243924278846,20729.807420372596,20095.383321814905,20618.783203125,2704300,0.0,0.0
2015-01-02,20682.226622781636,20793.250845449944,20317.43274830006,20555.341796875,3511300,0.0,0.0
2015-01-02,20253.988507080077,20412.594525146484,20127.103692626955,20301.5703125,4153200,0.0,0.0
2015-01-02,20253.990070843207,20365.014292061613,20079.5234375,20079.5234375,2921200,0.0,0.0
2015-01-02,20253.98855610014,20317.43096348025,19952.637121044616,20174.685546875,2166500,0.0,0.0
2015-01-02,19889.196303501943,20539.4810311284,19889.196303501943,20380.875,5081800,0.0,0.0
2015-01-02,20539.481853148947,20840.83332435345,20380.875815672895,20698.087890625,4749800,0.0,0.0
2015-01-02,20840.831029495446,20935.994641502275,20587.06139747724,20904.2734375,3773100,0.0,0.0
2015-01-02,21031.15870468278,21142.182921072508,20951.85569297583,20999.4375,5112200,0.0,0.0
2015-01-02,20777.39006273674,20935.99609375,20476.038603811554,20935.99609375,3250000,0.0,0.0
2015-01-02,20935.99382267442,21459.393668241282,20777.38780886628,21142.181640625,4973100,0.0,0.0
2015-01-02,20983.579088580133,21475.2578125,20745.670028618904,21475.2578125,7363200,0.0,0.0
2015-01-02,21411.814351873592,21411.814351873592,21110.462890625,21110.462890625,2255000,0.0,0.0
2015-01-02,21126.320191509956,21538.695810863752,21126.320191509956,21506.974609375,5516800,0.0,0.0
2015-01-02,21475.25861137646,22188.98581781068,21364.234379264468,21792.470703125,5716300,0.0,0.0
2015-01-02,22109.67903829225,22791.684919674295,21919.351815580983,22522.0546875,7995200,0.0,0.0
2015-01-02,22474.47422097737,22474.47422097737,22014.51673868496,22252.42578125,4116900,0.0,0.0
2015-01-02,22220.704523130906,22522.055976335392,21824.189453125,21824.189453125,3541700,0.0,0.0
2015-01-02,21824.186543367345,21887.628946109693,21602.13813376913,21760.744140625,3468900,0.0,0.0
2015-01-02,21776.606644870924,22093.818686311144,21744.885440726903,21887.630859375,1740100,0.0,0.0
2015-01-02,21887.634330649566,22046.240376523838,21776.610098537574,21792.470703125,3262400,0.0,0.0
2015-01-02,21570.41796875,21681.442178883273,21411.811954273897,21570.41796875,5939200,0.0,0.0
2015-01-02,22204.844757342406,22966.15372045129,22093.820533555696,22141.40234375,11835300,0.0,0.0
2015-01-02,22141.40128254734,22141.40128254734,21522.837779668153,21776.607421875,7910500,0.0,0.0
2015-01-02,21602.13813376913,22157.259157764667,21506.97452965561,21760.744140625,3879300,0.0,0.0
2015-01-02,21935.214238938966,22173.12328708364,21570.42036511713,21665.583984375,2326300,0.0,0.0
2015-01-02,21570.41958758194,21855.91043506464,21205.625726909595,21776.607421875,3047600,0.0,0.0
2015-01-02,21697.305388621793,22268.287109375,21522.838751724983,22268.287109375,3573100,0.0,0.0
2015-01-02,22204.842026654413,22204.842026654413,21570.41796875,21570.41796875,5776500,0.0,0.0
2015-01-02,21126.32421875,21142.18482251783,20301.57282282282,21126.32421875,9864200,0.0,0.0
2015-01-02,21126.32126567178,21348.369687383045,20983.57585171454,21189.763671875,5896000,0.0,0.0
2015-01-02,21189.765743371212,21395.953583688446,20935.99609375,20935.99609375,8204400,0.0,0.0
2015-01-02,20935.993867924528,21411.811910377357,20809.10905660377,21015.296875,7552700,0.0,0.0
2015-01-02,20856.691907547123,20999.437327446685,20666.364681014376,20824.970703125,8211900,0.0,0.0
2015-01-02,20824.971872040718,21062.880918560604,20729.808253432766,20935.99609375,7297000,0.0,0.0
2015-01-02,21126.32309772559,21633.862391364644,21126.32309772559,21443.53515625,7788100,0.0,0.0
2015-01-02,21536.507936507936,22105.396825396827,21504.0,21504.0,4997300,818.0,0.0
2015-01-02,21699.046201662386,21845.331906392694,21325.204956240486,21357.712890625,3049900,0.0,0.0
2015-01-02,21422.73034446023,21569.016060014204,21260.190660511365,21455.23828125,2082100,0.0,0.0
2015-01-02,21260.190444804564,21260.190444804564,20805.079334365324,21000.126953125,4267400,0.0,0.0
2015-01-02,21000.12720181483,21195.174822884317,20837.58751759026,20935.111328125,4923700,0.0,0.0
2015-01-02,21000.124879250387,21195.172478748067,20414.98208075734,21032.6328125,9727800,0.0,0.0
2015-01-02,21081.397043927118,21130.158949194487,20805.079580745343,20935.111328125,2041200,0.0,0.0
2015-01-02,21032.633315972223,21942.85546875,21032.633315972223,21942.85546875,8183900,0.0,0.0
2015-01-02,21845.329787234044,21845.329787234044,21162.66323138298,21390.21875,4607400,0.0,0.0
2015-01-02,21276.44317626953,21357.713012695312,20805.078125,20805.078125,6185400,0.0,0.0
2015-01-02,20610.029057340802,20853.838549344044,20479.997328272406,20675.044921875,4172400,0.0,0.0
2015-01-02,20707.554748870778,20837.586489837,20545.015072663,20691.30078125,6895200,0.0,0.0
2015-01-02,20740.062255859375,21146.41143798828,20740.062255859375,20805.078125,5119100,0.0,0.0
2015-01-02,20805.07915057915,21276.44422508446,20805.07915057915,21048.888671875,4007100,0.0,0.0
2015-01-02,21065.1416015625,21292.697143554688,20723.80828857422,20805.078125,5432900,0.0,0.0
2015-01-02,21211.426347479763,21585.267578125,21146.410481280593,21585.267578125,7372700,0.0,0.0
2015-01-02,21585.268678435117,21926.60199338025,21292.697265625,21292.697265625,5031000,0.0,0.0
2015-01-02,21325.204457364343,21438.98222504845,20902.60132025194,20967.6171875,3669600,0.0,0.0
2015-01-02,20983.872984895024,21292.698381264512,20870.095207285216,21000.126953125,7956100,0.0,0.0
2015-01-02,21065.140972774243,21260.188574374006,20414.98230077504,20447.490234375,7861000,0.0,0.0
2015-01-02,20284.950427524433,20382.47422765676,19716.061593419177,19959.87109375,7935000,0.0,0.0
2015-01-02,19943.618342048892,20154.919921875,19602.285020791332,20154.919921875,3432700,0.0,0.0
2015-01-02,20154.91925209832,20333.712890625,19764.824040767387,20333.712890625,4065100,0.0,0.0
2015-01-02,20301.20495634742,20333.712890625,19959.871646432854,20333.712890625,3599400,0.0,0.0
2015-01-02,20333.713134961406,20333.713134961406,20024.887755613472,20268.697265625,4950900,0.0,0.0
2015-01-02,20252.44372794859,20252.44372794859,19878.602471333168,20154.919921875,5943300,0.0,0.0
2015-01-02,19862.348529841624,19862.348529841624,19049.650144823554,19114.666015625,9061400,0.0,0.0
2015-01-02,19179.680899784482,19342.220568426725,18854.6015625,18854.6015625,6478800,0.0,0.0
2015-01-02,18854.602297473866,18984.634037456446,18529.52294751742,18659.5546875,5804000,0.0,0.0
2015-01-02,18285.711637966295,18708.31475137707,18285.711637966295,18627.044921875,5751300,0.0,0.0
2015-01-02,18659.55456521739,18724.570434782607,18399.49108695652,18692.0625,6942800,0.0,0.0
2015-01-02,18529.521185862446,18659.552913482534,18301.965662527295,18610.791015625,3085800,0.0,0.0
2015-01-02,18529.522705078125,18887.109985351562,18415.74493408203,18724.5703125,2946300,0.0,0.0
2015-01-02,18919.617919921875,19033.39569091797,18643.30047607422,18724.5703125,3245900,0.0,0.0
2015-01-02,18724.57189119171,18984.635389680483,18724.57189119171,18822.095703125,4743200,0.0,0.0
2015-01-02,18887.111840717298,19472.254720464134,18887.111840717298,19260.953125,6978000,0.0,0.0
2015-01-02,19325.96813099458,19569.777653252713,19325.96813099458,19488.5078125,2407700,0.0,0.0
2015-01-02,19472.2521952209,19504.760128768845,19179.680793289364,19407.236328125,3091000,0.0,0.0
2015-01-02,19358.474670102416,19521.014339876576,19293.458802192752,19342.220703125,3434000,0.0,0.0
2015-01-02,19342.220359578583,20041.14092719361,19342.220359578583,19959.87109375,5461300,0.0,0.0
2015-01-02,19959.872799563716,20317.46009727577,19797.33311878551,20024.888671875,12416200,0.0,0.0
2015-01-02,20154.92072891198,20268.698507220353,19846.095330646393,19943.619140625,5655100,0.0,0.0
2015-01-02,19894.85691563302,19894.85691563302,19000.888671875,19000.888671875,6103900,0.0,0.0
2015-01-02,19000.888507401316,19179.682154605263,18529.5234375,18529.5234375,5464300,0.0,0.0
2015-01-02,18529.522457462186,18610.792292801932,18139.427247831405,18269.458984375,7208000,0.0,0.0
2015-01-02,18285.711115056816,18627.044389204544,17895.615944602272,18236.94921875,10339900,0.0,0.0
2015-01-02,18139.427240728022,18220.697076035944,17570.538393572573,17749.33203125,9505400,0.0,0.0
2015-01-02,17570.537309360046,17668.061105711724,16985.39453125,16985.39453125,16636200,0.0,0.0
2015-01-02,16985.396584302325,17505.52356104651,16920.380712209302,17473.015625,7702300,0.0,0.0
2015-01-02,17456.761780638397,17635.555430160766,17294.222099254428,17440.5078125,4898200,0.0,0.0
2015-01-02,17440.505799362778,17781.839090869413,17440.505799362778,17456.759765625,5423900,0.0,0.0
2015-01-02,17407.998654350256,17424.252621347783,17245.458984375,17245.458984375,4393300,0.0,0.0
2015-01-02,17212.950989804027,17407.998593087927,17066.665287341104,17261.712890625,9488700,0.0,0.0
2015-01-02,17099.172507856147,17456.759765625,17099.172507856147,17456.759765625,6872900,0.0,0.0
2015-01-02,17456.76221710835,17570.539996921903,17164.190783302063,17326.73046875,3269900,0.0,0.0
2015-01-02,17310.4765625,17456.762279929575,17180.44481367371,17310.4765625,1626500,0.0,0.0
2015-01-02,17391.743543836805,17554.283203125,17196.69595269097,17554.283203125,2938200,0.0,0.0
2015-01-02,17554.285465116278,17554.285465116278,17310.47594476744,17473.015625,1201500,0.0,0.0
2015-01-02,17489.268798828125,17489.268798828125,17147.935485839844,17164.189453125,1719900,0.0,0.0
2015-01-02,17164.19084507042,17456.762279929575,17147.936876467134,17310.4765625,2040700,0.0,0.0
2015-01-02,17310.477704154728,17359.239613180514,16920.382431948423,17017.90625,2997300,0.0,0.0
2015-01-02,16985.398058396764,17131.683783301618,16692.82660858706,17082.921875,2879100,0.0,0.0
2015-01-02,17082.92041624221,17164.190256471717,16952.888671875,16952.888671875,2527400,0.0,0.0
2015-01-02,16969.141351744187,17001.649285368218,16774.09375,16774.09375,1202600,0.0,0.0
2015-01-02,16806.601441843628,16904.12524131274,16709.077642374516,16839.109375,2217400,0.0,0.0
2015-01-02,16839.107620018116,16904.123479554866,15701.330078125002,15701.330078125,8118200,0.0,0.0
2015-01-02,15620.06285817186,16188.951723974164,15343.745409067882,16042.666015625,10800300,0.0,0.0
2015-01-02,16140.191030874626,16384.000563063066,15928.889436311312,16237.71484375,3662700,0.0,0.0
2015-01-02,16253.966543838564,16383.998276189272,15782.601514067244,16058.9189453125,4614600,0.0,0.0
2015-01-02,15977.649480601829,16416.50658739354,15798.855844501504,16221.458984375,5253000,0.0,0.0
2015-01-02,16075.173945935629,16302.729492187498,15863.87236727318,16302.7294921875,3983300,0.0,0.0
2015-01-02,16188.951050538579,16335.23675280248,16123.935182865733,16221.458984375,3982700,0.0,0.0
2015-01-02,16253.964884187371,16270.21884907156,15620.060253704065,15701.330078125,5715600,0.0,0.0
2015-01-02,15717.585816563469,15831.363583591332,15668.82391640867,15750.09375,3296800,0.0,0.0
2015-01-02,15750.096426764838,15993.90596897482,15750.096426764838,15815.1123046875,6142400,0.0,0.0
2015-01-02,15798.856321022728,16091.427734375,15782.602353614267,16091.427734375,5610800,0.0,0.0
2015-01-02,16026.41208705357,17082.91998325893,15993.904151785713,17066.666015625,7470900,0.0,0.0
2015-01-02,17131.680617559523,17407.998046875,16871.617154674368,17407.998046875,6563600,0.0,0.0
2015-01-02,17407.997648773922,17505.5214451256,16920.37866701555,16985.39453125,2635200,0.0,0.0
2015-01-02,16985.39666994062,16985.39666994062,16725.33318025732,16936.634765625,2769700,0.0,0.0
2015-01-02,16839.108980507426,16839.108980507426,16416.505859375,16416.505859375,6387400,0.0,0.0
2015-01-02,16432.76098561217,16774.094299853372,16432.76098561217,16627.80859375,6364500,0.0,0.0
2015-01-02,16432.7598255724,16757.83914952042,16221.458265006188,16416.505859375,4871700,0.0,0.0
2015-01-02,16384.000652367617,16481.524465774568,15961.3974609375,15961.3974609375,9282300,0.0,0.0
2015-01-02,15993.90301914813,16270.22044935699,15977.649052665256,16075.1728515625,3148400,0.0,0.0
2015-01-02,16075.17539832404,16253.969057961618,15668.826171875,15668.826171875,9902000,0.0,0.0
2015-01-02,15717.584397379558,15831.362154134114,15571.298710123698,15603.806640625,6136300,0.0,0.0
2015-01-02,15603.808777429467,15750.094484717869,15473.777037617556,15555.046875,6157800,0.0,0.0
2015-01-02,15880.125798114334,16497.77654563567,15798.855962914158,16188.951171875,10437600,0.0,0.0
2015-01-02,16318.98414267263,16432.76192055979,16026.412713819935,16123.9365234375,4216900,0.0,0.0
2015-01-02,15977.647637316644,16205.203147919323,15928.885742187498,15928.8857421875,4136400,0.0,0.0
2015-01-02,15750.092126713966,15993.901602359692,15733.838161670918,15928.8857421875,6881200,0.0,0.0
2015-01-02,16123.936960659898,16172.698866790926,15896.3813987151,16010.1591796875,3348900,0.0,0.0
2015-01-02,16026.411864741161,16091.427734375,15896.380125473484,16091.427734375,2998800,0.0,0.0
2015-01-02,16107.682369857099,16383.999827261307,15945.142689031094,16172.6982421875,3127800,0.0,0.0
2015-01-02,16188.950799473885,16237.7126994723,15961.395266147947,16026.4111328125,1589400,0.0,0.0
2015-01-02,15977.651242266815,16026.413148397842,15831.36552387373,16010.1591796875,2096000,0.0,0.0
2015-01-02,15945.143138744212,15945.143138744212,15603.809799382714,15798.857421875,3973800,0.0,0.0
2015-01-02,15798.854223632814,15863.870084635417,15603.806640625,15603.806640625,1748900,0.0,0.0
2015-01-02,15766.350396245503,15863.874213129497,15636.318640400179,15815.1123046875,1693300,0.0,0.0
2015-01-02,15912.633246417954,16188.95067766321,15847.6173802426,16058.9189453125,3322100,0.0,0.0
2015-01-02,16188.951050538579,16383.998653557115,16123.935182865733,16221.458984375,2816700,0.0,0.0
2015-01-02,16270.222283856752,16384.00006206554,16188.952442279047,16367.74609375,2847000,0.0,0.0
2015-01-02,18984.634044578852,19602.284809727822,18041.903929351476,18139.427734375,29878100,0.0,0.0
2015-01-02,18236.952349416366,18431.9999681267,17911.87298489914,17928.126953125,6648300,0.0,0.0
2015-01-02,18009.39497600397,18497.013973549205,17976.88704283429,18415.744140625,5345700,0.0,0.0
2015-01-02,18448.25453125,18513.27040625,18204.445,18285.71484375,3932500,0.0,0.0
2015-01-02,18318.220010878165,18383.235876045434,17976.88671875,17976.88671875,4064800,0.0,0.0
2015-01-02,17976.8887610671,17993.142729205498,17424.253844361603,17440.5078125,7376100,0.0,0.0
2015-01-02,17375.49102783203,17473.01483154297,17034.15771484375,17164.189453125,7875500,0.0,0.0
2015-01-02,17440.50732105689,17830.602545386217,17294.221611933393,17570.5390625,5548200,0.0,0.0
2015-01-02,17554.28558946878,17651.809398299163,17294.222099254428,17440.5078125,3722200,0.0,0.0
2015-01-02,17749.332097339717,18318.220946613423,17635.554327484973,18253.205078125,8860600,0.0,0.0
2015-01-02,18220.69555934329,18220.69555934329,17619.298828125,17619.298828125,6085500,0.0,0.0
2015-01-02,18009.395627866972,18009.395627866972,17700.570251576835,17716.82421875,5667700,0.0,0.0
2015-01-02,17489.269469591458,17749.33295612813,17212.95201514624,17505.5234375,5059500,0.0,0.0
2015-01-02,17554.28547891037,18497.015625,17554.28547891037,18497.015625,27286900,0.0,0.0
2015-01-02,18366.98178728565,18383.23575346909,17830.600903232174,18009.39453125,4306800,0.0,0.0
2015-01-02,18025.65101263933,18058.158949542198,17846.857359673566,17863.111328125,3029800,0.0,0.0
2015-01-02,18123.17235490063,18350.72788222674,17895.616827574526,17993.140625,7905200,0.0,0.0
2015-01-02,18090.66607709926,18334.475592963132,17993.14227075371,18074.412109375,4863400,0.0,0.0
2015-01-02,18090.66612327756,18627.047059547243,18009.39628444882,18578.28515625,9304100,0.0,0.0
2015-01-02,18692.06159468884,19147.172659603002,18659.553661480684,18935.87109375,10366100,0.0,0.0
2015-01-02,18854.60162316652,19130.919060747412,18838.34765625,18838.34765625,4836300,0.0,0.0
2015-01-02,18854.60326728952,18919.619140625,18659.555647283076,18919.619140625,5492300,0.0,0.0
2015-01-02,18952.123757717723,19082.15548161287,18724.568240901215,18757.076171875,3812200,0.0,0.0
2015-01-02,18919.619778481014,19309.71503164557,18870.857871835444,19260.953125,7758700,0.0,0.0
2015-01-02,19163.426946243184,19586.030085006816,19065.903144990036,19374.728515625,6634400,0.0,0.0
2015-01-02,19504.760250629195,19553.522151255765,19325.966614998426,19374.728515625,4284300,0.0,0.0
2015-01-02,19504.763167425495,19634.794921875,19374.73141297599,19634.794921875,4362700,0.0,0.0
2015-01-02,19667.298471551192,20024.885716488487,19521.01278044048,19764.822265625,6474900,0.0,0.0
2015-01-02,19894.853925,20610.0284125,19634.790474999998,20317.45703125,15352900,0.0,0.0
2015-01-02,20414.981305354268,20479.997169384056,20187.42578125,20187.42578125,7536800,0.0,0.0
2015-01-02,20154.917868589746,20252.44166472808,19651.044921875,19651.044921875,9270900,0.0,0.0
2015-01-02,19699.80616675205,20236.18702772797,19699.80616675205,19829.837890625,7169200,0.0,0.0
2015-01-02,19927.36419260358,20317.459413339704,19927.36419260358,20203.681640625,9064600,0.0,0.0
2015-01-02,20284.95068670382,20479.99828946059,20284.95068670382,20414.982421875,15622400,0.0,0.0
2015-01-02,20414.983218523732,20414.983218523732,20154.919738032986,20203.681640625,20543300,0.0,0.0
2015-01-02,23458.673828125,23458.673828125,23458.673828125,23458.673828125,1804800,6185.0,0.0
2015-01-02,21835.236328125,21835.236328125,21835.236328125,21835.236328125,1180700,0.0,0.0
2015-01-02,20313.263671875,20313.263671875,20313.263671875,20313.263671875,9696100,0.0,0.0
2015-01-02,20211.796875,20272.67578125,19887.109375,19887.109375,19490700,0.0,0.0
2015-01-02,19805.939473343686,19805.939473343686,19460.95897022192,19603.009765625,10333700,0.0,0.0
2015-01-02,19623.30078125,20455.3125,19562.421875,20292.96875,12213200,0.0,0.0
2015-01-02,20313.26171875,20617.65625,20313.26171875,20516.19140625,6003100,0.0,0.0
2015-01-02,20577.0703125,20698.828125,20495.8984375,20516.19140625,5563800,0.0,0.0
2015-01-02,20435.021511911506,20435.021511911506,20029.16209757364,20150.919921875,5851800,0.0,0.0
2015-01-02,20110.333982406122,20475.607455345893,20029.16209953062,20130.626953125,4201700,0.0,0.0
2015-01-02,20130.625,20292.96875,19846.5234375,19887.109375,6014100,0.0,0.0
2015-01-02,19887.109375,20029.16015625,19846.5234375,19846.5234375,3926800,0.0,0.0
2015-01-02,19826.232454393208,20049.45513299948,19501.544921875,19501.544921875,6441300,0.0,0.0
2015-01-02,19501.54296875,19907.40234375,18913.046875,18913.046875,14218900,0.0,0.0
2015-01-02,19095.6874427356,19704.476627945027,19095.6874427356,19379.7890625,7103300,0.0,0.0
2015-01-02,19521.8359375,20130.625,19521.8359375,19887.109375,7879300,0.0,0.0
2015-01-02,19887.107429814532,20029.158197170353,19724.7636956936,19968.279296875,4410500,0.0,0.0
2015-01-02,19887.111411236703,19887.111411236703,19075.392578125,19075.392578125,8723700,0.0,0.0
2015-01-02,19055.09765625,19095.68359375,18669.53125,18730.41015625,6010500,0.0,0.0
2015-01-02,18750.70706967213,18994.22274590164,18365.14058230874,18568.0703125,5671800,0.0,0.0
2015-01-02,18507.1875,18669.53125,18263.671875,18263.671875,5855300,0.0,0.0
2015-01-02,18121.623055662963,18507.189503655794,18020.15820092801,18040.451171875,50516600,0.0,0.0
2015-01-02,18283.96676909532,19055.099662797456,18283.96676909532,18547.775390625,10089500,0.0,0.0
2015-01-02,18852.16796875,18953.6328125,18568.06640625,18831.875,6252400,0.0,0.0
2015-01-02,18710.119157720186,18770.99807038088,18486.896477964303,18547.775390625,6072200,0.0,0.0
2015-01-02,18791.291000971327,18933.341796875,18669.533175911038,18933.341796875,4428200,0.0,0.0
2015-01-02,19237.734375,19298.61328125,18527.48046875,18730.41015625,6892700,0.0,0.0
2015-01-02,18750.705042840065,19095.685546875,18730.412072014482,19095.685546875,5618700,0.0,0.0
2015-01-02,19156.566512513604,19156.566512513604,18608.656241498913,18649.2421875,6047100,0.0,0.0
2015-01-02,18750.707052502723,18852.171917505442,18649.2421875,18649.2421875,4614000,0.0,0.0
2015-01-02,18791.291015625,18852.16992820262,18608.654277892143,18791.291015625,5018700,0.0,0.0
2015-01-02,18933.33984375,19115.9765625,18588.359375,18588.359375,15055100,0.0,0.0
2015-01-02,18628.94724875135,18791.291015625,18446.310511018495,18791.291015625,4851100,0.0,0.0
2015-01-02,18831.87695945946,18852.169930320946,18628.947250844594,18770.998046875,3894700,0.0,0.0
2015-01-02,18811.58203125,18973.92578125,18669.53125,18953.6328125,4008800,0.0,0.0
2015-01-02,19075.392576049417,19298.615255130848,18953.63475109591,19095.685546875,6073600,0.0,0.0
2015-01-02,19095.685559408423,19217.443384441845,18791.290996824864,18973.927734375,3447800,0.0,0.0
2015-01-02,18994.22071361439,19014.513684462272,18730.41209259197,18892.755859375,2464000,0.0,0.0
2015-01-02,18892.755859375,18933.341801070757,18770.998034287728,18892.755859375,2044700,0.0,0.0
2015-01-02,18933.341820176924,18973.927761913637,18527.48240280979,18710.119140625,6561500,0.0,0.0
2015-01-02,18791.291019852542,18872.46290330763,18710.119136397458,18750.705078125,2442900,0.0,0.0
2015-01-02,18831.875,19298.61328125,18791.2890625,19237.734375,5469200,0.0,0.0
2015-01-02,19440.6660075039,19542.130861405276,19339.20115360252,19521.837890625,4409200,0.0,0.0
2015-01-02,19400.078125,19481.25,19156.5625,19278.3203125,4699200,0.0,0.0
2015-01-02,19400.078125,19603.0078125,19379.78515625,19562.421875,2886800,0.0,0.0
2015-01-02,19562.421875,19866.81640625,19542.12890625,19866.81640625,3988500,0.0,0.0
2015-01-02,19866.8183980306,19866.8183980306,19481.251953125,19481.251953125,3568700,0.0,0.0
2015-01-02,19481.25194099379,19663.888677940606,19460.95897022192,19603.009765625,2583600,0.0,0.0
2015-01-02,19643.595707168737,19704.474619484343,19521.837882537526,19603.009765625,2675400,0.0,0.0
2015-01-02,19724.767584171826,19805.939467234264,19643.595701109392,19663.888671875,3021800,0.0,0.0
2015-01-02,19684.1796875,19846.5234375,19521.8359375,19684.1796875,3304900,0.0,0.0
2015-01-02,19947.98828125,19947.98828125,19663.88671875,19785.64453125,3011600,0.0,0.0
2015-01-02,19805.9375,19887.109375,19704.47265625,19887.109375,2546600,0.0,0.0
2015-01-02,19907.40234375,20780.0,19907.40234375,20617.65625,7839200,0.0,0.0
2015-01-02,20698.828125,20942.34375,20617.65625,20617.65625,5141800,0.0,0.0
2015-01-02,20719.12109375,21571.42578125,20719.12109375,21429.375,9071700,0.0,0.0
2015-01-02,21449.669925577608,21713.47854339455,21185.861307760664,21409.083984375,6529600,0.0,0.0
2015-01-02,21429.373065196996,21632.302734375,21124.978561429994,21632.302734375,4247900,0.0,0.0
2015-01-02,22281.6796875,22444.0234375,21977.28515625,22342.55859375,10459300,0.0,0.0
2015-01-02,22423.73046875,22484.609375,22038.1640625,22342.55859375,4076800,0.0,0.0
2015-01-02,22322.267634763797,22322.267634763797,21510.548811681478,21693.185546875,8222700,0.0,0.0
2015-01-02,21693.18359375,22220.80078125,21693.18359375,22038.1640625,4755600,0.0,0.0
2015-01-02,22119.3359375,22504.90234375,22119.3359375,22180.21484375,3880200,0.0,0.0
2015-01-02,22342.560553996696,22464.31837717924,22159.92381922288,22261.388671875,4576800,0.0,0.0
2015-01-02,22342.55859375,22484.609375,22322.265625,22342.55859375,1752600,0.0,0.0
2015-01-02,22383.146472057997,22606.36914766329,22383.146472057997,22525.197265625,3731100,0.0,0.0
2015-01-02,22606.36915831635,22707.834010912025,22403.439453125,22403.439453125,3644800,0.0,0.0
2015-01-02,22403.439489160515,22423.732459712293,21754.064431503688,21997.580078125,4270100,0.0,0.0
2015-01-02,22078.75,22281.6796875,21794.6484375,22281.6796875,3157000,0.0,0.0
2015-01-02,22322.26758704338,22322.26758704338,22038.16599957192,22220.802734375,1785100,0.0,0.0
2015-01-02,22220.80078125,22322.265625,22058.45703125,22322.265625,1667900,0.0,0.0
2015-01-02,22180.216835135845,22220.802776279736,21754.064453125,21754.064453125,5084200,0.0,0.0
2015-01-02,21754.064433287167,22159.923844355955,21754.064433287167,21977.287109375,2444100,0.0,0.0
2015-01-02,22099.04489533798,22444.02539416327,22038.16598378057,22403.439453125,4336900,0.0,0.0
2015-01-02,22606.36913887332,22849.884784893497,22565.783197869954,22626.662109375,4536100,0.0,0.0
2015-01-02,22545.48828125,22545.48828125,21672.890625,21672.890625,12388200,0.0,0.0
2015-01-02,21672.890625,21693.18359375,21084.39453125,21145.2734375,8528800,0.0,0.0
2015-01-02,21206.15234375,21591.71875,21206.15234375,21429.375,3056300,0.0,0.0
2015-01-02,21510.546875,21591.71875,21348.203125,21388.7890625,1930400,0.0,0.0
2015-01-02,21388.7890625,21429.375,21226.4453125,21226.4453125,2492400,0.0,0.0
2015-01-02,21226.4453125,21307.6171875,21104.6875,21104.6875,4100400,0.0,0.0
2015-01-02,21104.6875,21449.66796875,21104.6875,21388.7890625,2242300,0.0,0.0
2015-01-02,21449.669892751048,21814.943363015493,21449.669892751048,21774.357421875,3263600,0.0,0.0
2015-01-02,21794.6484375,22200.5078125,21794.6484375,22078.75,3836800,0.0,0.0
2015-01-02,22241.09375,22342.55859375,22200.5078125,22241.09375,5838100,0.0,0.0
2015-01-02,22241.09375,22261.38671875,21875.8203125,22038.1640625,3659600,0.0,0.0
2015-01-02,22017.87109375,22301.97265625,21896.11328125,22159.921875,3162700,0.0,0.0
2015-01-02,22180.216827732922,22200.509798298095,21794.650386994657,21835.236328125,3044900,0.0,0.0
2015-01-02,21875.822256607804,22119.337903249077,21855.529286054363,21977.287109375,2664400,0.0,0.0
2015-01-02,22038.1640625,22139.62890625,21977.28515625,22058.45703125,4128300,0.0,0.0
2015-01-02,22180.21484375,22403.4375,22180.21484375,22241.09375,6719500,0.0,0.0
2015-01-02,22241.09563269569,23073.107421875,22119.337809888963,23073.107421875,13900400,0.0,0.0
2015-01-02,23032.51953125,23215.15625,22809.296875,22809.296875,4143000,0.0,0.0
2015-01-02,22849.88475355803,23093.400399244263,22748.41990118877,22991.935546875,3124700,0.0,0.0
2015-01-02,23052.81444627193,23357.20900322094,23052.81444627193,23133.986328125,5245200,0.0,0.0
2015-01-02,23113.693369718116,23113.693369718116,22931.056635453442,22991.935546875,2422500,0.0,0.0
2015-01-02,22931.05274126433,23154.275378568673,22870.173840181327,23012.224609375,2770200,0.0,0.0
2015-01-02,23012.228522538717,23032.521493017146,22849.884758711283,22931.056640625,3737000,0.0,0.0
2015-01-02,22951.349646326013,23052.814498873875,22423.73241307714,22525.197265625,3941400,0.0,0.0
2015-01-02,22484.61128671599,22971.642578125,22301.97455243761,22971.642578125,3641600,0.0,0.0
2015-01-02,23052.814463495575,23113.693374930863,22809.298817754425,22931.056640625,3858000,0.0,0.0
2015-01-02,22910.76369285754,23012.228545350266,22606.369135379362,22667.248046875,3404200,0.0,0.0
2015-01-02,22667.24609375,22667.24609375,21916.40625,21916.40625,11647700,0.0,0.0
2015-01-02,21652.59961672448,21652.59961672448,21327.912087326553,21571.427734375,7279900,0.0,0.0
2015-01-02,21571.42578125,21571.42578125,21226.4453125,21226.4453125,6636500,0.0,0.0
2015-01-02,21246.73828125,21530.83984375,21246.73828125,21429.375,4367500,0.0,0.0
2015-01-02,21591.71875,21814.94140625,21591.71875,21672.890625,5932700,0.0,0.0
2015-01-02,21814.943359375,21875.822271075584,21693.185535973837,21814.943359375,4840800,0.0,0.0
2015-01-02,21919.959510287823,21982.468900526284,21878.28658346218,21899.123046875,4932200,701.0,0.0
2015-01-02,21899.123658288045,21899.123658288045,21544.903770380435,21565.740234375,6094700,0.0,0.0
2015-01-02,21669.922249520616,21940.796277639623,21669.922249520616,21732.431640625,2335000,0.0,0.0
2015-01-02,21982.467177162096,22044.9765625,21836.611944706994,22044.9765625,3160900,0.0,0.0
2015-01-02,22044.976181131515,22065.812642550354,21878.284489780803,21982.466796875,2864200,0.0,0.0
2015-01-02,21899.120570193678,22024.139336531607,21753.26534279943,21919.95703125,3449000,0.0,0.0
2015-01-02,22003.304755043227,22003.304755043227,21669.921349663786,21690.7578125,2946300,0.0,0.0
2015-01-02,21669.921648112293,21711.594574358664,21503.229943126815,21524.06640625,3499000,0.0,0.0
2015-01-02,21524.0641484375,21544.900609375,20836.4609375,20836.4609375,6286900,0.0,0.0
2015-01-02,20836.46155631188,21190.681402769183,20711.44278697401,21044.826171875,4688100,0.0,0.0
2015-01-02,21419.88336152659,22336.68770773979,21419.88336152659,21940.794921875,6095900,0.0,0.0
2015-01-02,21836.611852316142,22086.649392609837,21669.92015878701,21815.775390625,3098200,0.0,0.0
2015-01-02,21815.77534662708,21878.284731574437,21274.02734375,21274.02734375,3428500,0.0,0.0
2015-01-02,21274.027499839907,21274.027499839907,20253.04087154201,20336.38671875,6742100,0.0,0.0
2015-01-02,20357.22358908582,21086.499766791047,20357.22358908582,20940.64453125,5459600,0.0,0.0
2015-01-02,20919.806065223027,20919.806065223027,20086.34765625,20086.34765625,5710600,0.0,0.0
2015-01-02,20107.186131371836,20294.71429218256,19773.802734375,19773.802734375,8176900,0.0,0.0
2015-01-02,19836.311070583597,20044.67568266956,19815.474609375,19815.474609375,4860100,0.0,0.0
2015-01-02,19857.14609786184,19877.98255756579,19627.945041118423,19794.63671875,5447600,0.0,0.0
2015-01-02,19815.477172459894,20065.514739304814,19357.07496657754,19482.09375,4395000,0.0,0.0
2015-01-02,19482.09014357182,19502.92660361842,18919.505722313595,19002.8515625,6130400,0.0,0.0
2015-01-02,19169.54755806011,19273.72988174522,19065.365234375,19065.365234375,3576000,0.0,0.0
2015-01-02,19086.198931277057,19315.400010146102,19086.198931277057,19252.890625,2101800,0.0,0.0
2015-01-02,19252.88944052419,19586.272807459674,19252.88944052419,19377.908203125,3114500,0.0,0.0
2015-01-02,19419.581123991935,19565.436347026207,19357.071742691533,19377.908203125,2907900,0.0,0.0
2015-01-02,19419.583834134613,19919.658954326922,19419.583834134613,19502.9296875,4376100,0.0,0.0
2015-01-02,19523.76314923707,19669.61837020256,19211.216247168177,19544.599609375,2570000,0.0,0.0
2015-01-02,19544.603923326504,19544.603923326504,19002.855840163935,19065.365234375,6357500,0.0,0.0
2015-01-02,19086.200120846952,19169.54597290305,18961.1813427628,19127.873046875,3459700,0.0,0.0
2015-01-02,19127.870849341383,19127.870849341383,18919.506243139407,18982.015625,3666100,0.0,0.0
2015-01-02,18982.017260988243,18982.017260988243,18565.288012667974,18606.9609375,5961700,0.0,0.0
2015-01-02,18752.815881659266,18815.325267931465,18606.960647024138,18773.65234375,3194100,0.0,0.0
2015-01-02,18815.325123014503,18877.83450880525,18731.979275293506,18856.998046875,1515600,0.0,0.0
2015-01-02,18856.997809803033,19065.36242648594,18711.142578125,18711.142578125,4817100,0.0,0.0
2015-01-02,18752.81640625,18940.3445703125,18606.961167534722,18752.81640625,3764500,0.0,0.0
2015-01-02,18836.161348134745,18836.161348134745,18586.123808115255,18711.142578125,2918000,0.0,0.0
2015-01-02,18711.14238637985,18752.815309289384,18252.740234375,18252.740234375,17524100,0.0,0.0
2015-01-02,18356.92315797827,18627.797165984764,18336.086695823928,18461.10546875,6149700,0.0,0.0
2015-01-02,18502.77848035117,18898.671263151475,18502.77848035117,18690.306640625,6252400,0.0,0.0
2015-01-02,18690.30670041454,18711.143162733842,18356.923303305695,18377.759765625,4377100,0.0,0.0
2015-01-02,18377.75890534682,18461.10475072254,18002.702601156067,18023.5390625,8207400,0.0,0.0
2015-01-02,18065.212366341446,18211.067598826325,17856.847748505905,18086.048828125,4424500,0.0,0.0
2015-01-02,18169.393830577355,18627.795968504764,18106.884448132707,18586.123046875,6433900,0.0,0.0
2015-01-02,18690.307540002148,18711.144003257446,18190.232421875,18190.232421875,3168200,0.0,0.0
2015-01-02,18336.087135297483,18356.92359795123,18211.068359375,18211.068359375,2215600,0.0,0.0
2015-01-02,18086.049479166668,18106.88594170027,17440.119140625,17440.119140625,9856200,0.0,0.0
2015-01-02,17565.13667777535,18065.211743334792,17502.62729458042,17877.68359375,6299800,0.0,0.0
2015-01-02,17919.35824581375,18294.414581191246,17731.830078125,17731.830078125,9804200,0.0,0.0
2015-01-02,17856.84760697391,18211.067454486812,17815.1746837371,18169.39453125,4388700,0.0,0.0
2015-01-02,18127.72303210911,18190.232421875,17877.685473045534,18190.232421875,3672200,0.0,0.0
2015-01-02,18231.903916105217,18544.45084038131,18169.39453125,18169.39453125,3792900,0.0,0.0
2015-01-02,18169.39618252841,18398.597281161223,18148.559719016335,18336.087890625,3131700,0.0,0.0
2015-01-02,18377.762246381953,18461.108106909764,18211.070525326333,18356.92578125,2347300,0.0,0.0
2015-01-02,18356.923244582635,18856.998338646183,18315.25032007734,18690.306640625,4317700,0.0,0.0
2015-01-02,18773.652576060023,18982.017199545706,18711.143189014318,18919.5078125,3878400,0.0,0.0
2015-01-02,18919.507432665745,18961.18035652624,18752.815737223755,18856.998046875,2695900,0.0,0.0
2015-01-02,18836.161341853036,19648.783346645367,18836.161341853036,19565.4375,4723500,0.0,0.0
2015-01-02,19336.237755651237,19502.929460441334,18836.162641280946,19357.07421875,6744300,0.0,0.0
2015-01-02,19357.073169810687,19586.274251476905,19357.073169810687,19398.74609375,4746100,0.0,0.0
2015-01-02,19586.272807459674,19627.945728326613,19377.908203125,19377.908203125,2368600,0.0,0.0
2015-01-02,19419.58391015201,19607.1120809582,19169.546349077093,19190.3828125,3133000,0.0,0.0
2015-01-02,19336.236471861474,19461.25524215368,19190.381239853898,19252.890625,1704600,0.0,0.0
2015-01-02,19252.890339994636,19544.600799691525,19252.890339994636,19419.58203125,2628600,0.0,0.0
2015-01-02,19461.25495406384,19544.600799691525,19377.909108436157,19419.58203125,2043100,0.0,0.0
2015-01-02,19461.256026902458,19940.49466568057,19440.41956434689,19919.658203125,4858500,0.0,0.0
2015-01-02,19919.658446031342,20628.098181559653,19919.658446031342,20607.26171875,6691700,0.0,0.0
2015-01-02,20628.09492902058,20669.767848069107,20315.548036156633,20503.076171875,4671400,0.0,0.0
2015-01-02,20836.463573916408,20836.463573916408,20169.696739551084,20190.533203125,5386800,0.0,0.0
2015-01-02,20190.52995737163,20461.403940287862,20044.67473580135,20086.34765625,3894900,0.0,0.0
2015-01-02,20169.69794911734,20253.043808411214,19857.15097676532,20065.515625,2316600,0.0,0.0
2015-01-02,20065.511397429433,20065.511397429433,19357.071742691533,19377.908203125,4516700,0.0,0.0
2015-01-02,19398.74644651707,19523.765220608482,18669.47026431718,18919.5078125,6071400,0.0,0.0
2015-01-02,19002.852896341465,19044.52581935976,18606.960127667684,18794.48828125,3048300,0.0,0.0
2015-01-02,18731.980470861487,19377.910831925677,18731.980470861487,19273.728515625,3391200,0.0,0.0
2015-01-02,19294.56422147035,19377.91007123912,19107.036059490616,19148.708984375,1481500,0.0,0.0
2015-01-02,19190.382366609727,19440.419921875,19190.382366609727,19440.419921875,2216300,0.0,0.0
2015-01-02,19440.42014411242,19440.42014411242,19002.85441739606,19044.52734375,3999100,0.0,0.0
2015-01-02,19190.382435917076,19336.23767701525,19065.363657832924,19127.873046875,2614300,0.0,0.0
2015-01-02,19107.033862733006,19232.05262301261,18815.323422080593,19002.8515625,2536700,0.0,0.0
2015-01-02,19044.52734375,19127.87319645788,18940.345027865154,19044.52734375,1986200,0.0,0.0
2015-01-02,19044.52711549063,19107.036504272328,18898.671875,18898.671875,2076200,0.0,0.0
2015-01-02,18919.505722313595,19148.706782826204,18919.505722313595,19002.8515625,1364700,0.0,0.0
2015-01-02,19044.526294691594,19252.890914983625,19023.689832662392,19086.19921875,2345100,0.0,0.0
2015-01-02,19086.200198466093,19440.420071145047,19086.200198466093,19357.07421875,2262400,0.0,0.0
2015-01-02,19357.07384120208,19544.602005433317,19211.218602355562,19294.564453125,2086300,0.0,0.0
2015-01-02,19440.4186359274,19544.600943729798,19273.726943443562,19336.236328125,3634900,0.0,0.0
2015-01-02,19377.908203125,19502.926965725805,19252.88944052419,19377.908203125,2014600,0.0,0.0
2015-01-02,19377.910603043303,19398.747066057327,19086.200120846952,19127.873046875,2607800,0.0,0.0
2015-01-02,19148.708604837608,19232.05445295442,18961.18044657478,19086.19921875,2365100,0.0,0.0
2015-01-02,19107.036958808363,19315.40159303746,19086.200495385452,19190.3828125,2391800,0.0,0.0
2015-01-02,19232.05558910473,19294.564978885137,19169.546199324326,19273.728515625,2192600,0.0,0.0
2015-01-02,19294.562003152412,19294.562003152412,19002.8515625,19002.8515625,2730500,0.0,0.0
2015-01-02,19086.199074388587,19252.890769361413,19065.362612516983,19169.544921875,2112000,0.0,0.0
2015-01-02,19169.546563810272,19877.986328125,19023.691318216064,19877.986328125,5853700,0.0,0.0
2015-01-02,20003.00511006289,20294.715601251308,19836.313400812367,19877.986328125,6239000,0.0,0.0
2015-01-02,19898.821804845244,19961.331192713867,19586.274865502124,19607.111328125,6885600,0.0,0.0
2015-01-02,19607.11103587658,19815.475658999603,19544.60164893967,19773.802734375,2829700,0.0,0.0
2015-01-02,19815.475744628908,20148.859143066406,19815.475744628908,20003.00390625,3593600,0.0,0.0
2015-01-02,20023.839700048575,20315.55016394106,20023.839700048575,20107.185546875,3829900,0.0,0.0
2015-01-02,20169.69464606886,20336.386337358683,20023.83941619026,20273.876953125,3278000,0.0,0.0
2015-01-02,20273.87791748047,20336.3873046875,20003.00390625,20003.00390625,5365900,0.0,0.0
2015-01-02,20023.840599146846,20273.878150853154,20023.840599146846,20148.859375,2820700,0.0,0.0
2015-01-02,20107.18643107399,20128.022893696867,19586.274865502124,19607.111328125,8514900,0.0,0.0
2015-01-02,19648.783389329663,20107.185546875,19627.94692762306,20107.185546875,3875200,0.0,0.0
2015-01-02,20107.186449715613,20648.934478412615,20003.004136504653,20148.859375,10622400,0.0,0.0
2015-01-02,20190.53215314431,20482.242628009142,20190.53215314431,20232.205078125,2128700,0.0,0.0
2015-01-02,20253.041394230768,20398.896630608975,20232.204931891025,20315.55078125,1701500,0.0,0.0
2015-01-02,20315.549072762857,20461.404296875,20315.549072762857,20461.404296875,1929300,0.0,0.0
2015-01-02,20461.405438004538,20753.115902497477,20461.405438004538,20648.93359375,3500300,0.0,0.0
2015-01-02,20648.931388544843,20648.931388544843,20440.566793302212,20503.076171875,2660100,0.0,0.0
2015-01-02,20690.605363336937,20690.605363336937,20336.385533350305,20461.404296875,2976400,0.0,0.0
2015-01-02,20544.75148292824,20544.75148292824,20190.531629774305,20253.041015625,4020000,0.0,0.0
2015-01-02,20378.05741472942,20586.422009972055,20378.05741472942,20503.076171875,3195300,0.0,0.0
2015-01-02,20523.91570255946,20544.752165201655,20148.859375,20148.859375,4523000,0.0,0.0
2015-01-02,20294.715827425858,20294.715827425858,19877.986549655307,20023.841796875,3481400,0.0,0.0
2015-01-02,20086.350370230924,20753.1171875,20023.84098111195,20753.1171875,6997100,0.0,0.0
2015-01-02,20753.115710086633,21149.008479656557,20586.424017636138,21044.826171875,4933500,0.0,0.0
2015-01-02,21044.826460360528,21065.66292220247,20836.461841941116,20878.134765625,2738800,0.0,0.0
2015-01-02,20940.64386409344,21190.681402769183,20940.64386409344,21044.826171875,2163800,0.0,0.0
2015-01-02,21023.99021205357,22003.30392857143,20836.462053571428,21878.28515625,11555700,0.0,0.0
2015-01-02,21919.958585349465,21919.958585349465,21315.701171875,21315.701171875,4004900,0.0,0.0
2015-01-02,21315.70026704824,21524.064883539424,21003.15334231146,21274.02734375,4682400,0.0,0.0
2015-01-02,21399.045873397437,21440.71879622781,21003.153106508875,21128.171875,3059000,0.0,0.0
2015-01-02,21274.026191560646,21399.04495468441,21023.988665313118,21086.498046875,3983900,0.0,0.0
2015-01-02,21086.499530310623,21169.845378256512,20669.77029058116,20794.7890625,5906300,0.0,0.0
2015-01-02,20878.135056432344,21211.51845054703,20378.059965260312,20711.443359375,8926400,0.0,0.0
2015-01-02,20711.44425338273,20836.463031572162,20086.350362435565,20211.369140625,4990600,0.0,0.0
2015-01-02,20253.040251358696,20378.059018342392,20128.021484375,20128.021484375,4944300,0.0,0.0
2015-01-02,20169.69673366834,20919.809422110553,19877.98624371859,20732.28125,5182100,0.0,0.0
2015-01-02,20482.242795270016,20919.808511140483,20461.406332609517,20690.607421875,6749600,0.0,0.0
2015-01-02,20711.44317853009,20711.44317853009,20086.349320023146,20253.041015625,6755200,0.0,0.0
2015-01-02,20253.04053855689,20357.222845853994,19877.98423228732,19961.330078125,8328400,0.0,0.0
2015-01-02,20067.464120047433,20089.76130240304,19844.49229649135,19978.275390625,7044600,1569.0,0.0
2015-01-02,19978.275280898877,19978.275280898877,19755.303458567418,19844.4921875,4786800,0.0,0.0
2015-01-02,19889.08644124717,19955.977987574235,19666.114620156957,19710.708984375,6823300,0.0,0.0
2015-01-02,19710.70970579955,19889.08716920045,19666.115339949323,19799.8984375,5549600,0.0,0.0
2015-01-02,19889.08737847222,20201.247942708334,19755.30427951389,20067.46484375,3991500,0.0,0.0
2015-01-02,20112.058374297754,20201.247103230337,19844.4921875,19844.4921875,3645600,0.0,0.0
2015-01-02,19911.383004285413,19978.274548532732,19710.708371543453,19755.302734375,4701000,0.0,0.0
2015-01-02,19755.302848234303,19933.680300588563,19755.302848234303,19889.0859375,1884000,0.0,0.0
2015-01-02,19889.086980306347,20379.625,19889.086980306347,20379.625,4692000,0.0,0.0
2015-01-02,20468.81508674749,20468.81508674749,19911.385481988575,20000.57421875,4259000,0.0,0.0
2015-01-02,19978.274889380533,20178.949525546184,19799.897435011062,20156.65234375,3633900,0.0,0.0
2015-01-02,20156.65398825967,20201.248355490334,19978.276519337018,20178.951171875,3000300,0.0,0.0
2015-01-02,20223.545436770022,20245.842620272528,19911.384867734985,20045.16796875,3405500,0.0,0.0
2015-01-02,20067.464535932297,20089.76171875,19866.789890572974,20089.76171875,2738700,0.0,0.0
2015-01-02,20067.465672348484,20067.465672348484,19733.00791114268,19866.791015625,3150400,0.0,0.0
2015-01-02,19933.681116400057,20201.247305881938,19688.412109375,19688.412109375,14689400,0.0,0.0
2015-01-02,20000.57329850721,20691.785976605006,19844.493016356093,20491.111328125,8682500,0.0,0.0
2015-01-02,20491.111328125,20825.569075591677,20468.814144960557,20491.111328125,4707400,0.0,0.0
2015-01-02,20491.110382924973,20647.190657876523,20045.166740206256,20134.35546875,2641200,0.0,0.0
2015-01-02,20178.94983302187,20290.43574370155,19978.27519379845,20134.35546875,4000100,0.0,0.0
2015-01-02,20156.651846902412,20491.109565601015,20134.35466565584,20335.029296875,4005700,0.0,0.0
2015-01-02,20245.84251644737,20245.84251644737,19889.087582236843,19911.384765625,2503400,0.0,0.0
2015-01-02,19911.384765625,19911.384765625,19487.73828125,19487.73828125,8097000,0.0,0.0
2015-01-02,19532.330806107955,19688.411075106535,19487.73644353693,19621.51953125,4300800,0.0,0.0
2015-01-02,19621.5211762202,19777.601458303772,19532.33244360102,19643.818359375,3585000,0.0,0.0
2015-01-02,19643.818458296526,19666.115641563603,18863.417043948764,18930.30859375,5698200,0.0,0.0
2015-01-02,18974.90275673554,19264.76613609813,18818.822475540303,19086.388671875,5043300,0.0,0.0
2015-01-02,19130.982847045067,19666.115234375,19108.685664239652,19666.115234375,2530200,0.0,0.0
2015-01-02,19621.522218208094,19621.522218208094,19287.064453125,19287.064453125,8057800,0.0,0.0
2015-01-02,19287.063221465047,19510.03505061493,19197.87448980509,19376.251953125,3234100,0.0,0.0
2015-01-02,19376.253190480493,19487.739112174855,19175.578531430638,19287.064453125,2727800,0.0,0.0
2015-01-02,19398.548828125,19443.143193247128,19264.76573275862,19398.548828125,2216800,0.0,0.0
2015-01-02,19420.846010686066,19420.846010686066,19242.46855019756,19398.548828125,2199500,0.0,0.0
2015-01-02,19398.549954671504,19688.413344798777,19398.549954671504,19599.224609375,3994400,0.0,0.0
2015-01-02,19777.602180437854,19978.27683615819,19532.33315677966,19733.0078125,5852700,0.0,0.0
2015-01-02,19710.70848514574,20067.46338985426,19621.51975896861,19889.0859375,4902100,0.0,0.0
2015-01-02,20022.86920322516,20870.162109375,19955.977658002805,20870.162109375,8772600,0.0,0.0
2015-01-02,21003.945423753954,21226.91724353903,20937.05387781843,21137.728515625,4671000,0.0,0.0
2015-01-02,21137.729237788866,21226.91796875,20981.648958606882,21226.91796875,2121400,0.0,0.0
2015-01-02,21271.51376953125,21405.296875,21070.839111328125,21405.296875,3710900,0.0,0.0
2015-01-02,21405.295010559665,21405.295010559665,21093.134458322336,21115.431640625,2585500,0.0,0.0
2015-01-02,21137.728403662422,21316.10585854565,20892.459403197983,21003.9453125,3284800,0.0,0.0
2015-01-02,21137.72902260638,21293.809300199468,20914.757197473406,20959.3515625,2196100,0.0,0.0
2015-01-02,20959.3515625,21093.134657579787,20780.97410239362,20959.3515625,2252700,0.0,0.0
2015-01-02,20959.352384868424,21182.32421875,20959.352384868424,21182.32421875,2293500,0.0,0.0
2015-01-02,21249.215151490283,21360.7010651917,21115.432055048583,21226.91796875,3031900,0.0,0.0
2015-01-02,21360.7010651917,21360.7010651917,21137.729237788866,21226.91796875,3733100,0.0,0.0
2015-01-02,21226.918987422996,21806.645766491274,21182.324619802363,21717.45703125,5230200,0.0,0.0
2015-01-02,21717.4572293357,22163.400909609536,21650.565677294624,21985.0234375,6120800,0.0,0.0
2015-01-02,22252.58942687747,22743.12747035573,22207.995059288536,22564.75,7633600,0.0,0.0
2015-01-02,22564.74969347334,22609.34406045649,22163.400390625,22163.400390625,3513500,0.0,0.0
2015-01-02,22230.292250833965,22230.292250833965,21962.726045207077,22141.103515625,3332200,0.0,0.0
2015-01-02,22141.10259200866,22453.26315221825,21985.022311903867,22207.994140625,3157400,0.0,0.0
2015-01-02,22319.481086555305,22386.372638263263,22141.103615334086,22274.88671875,3073200,0.0,0.0
2015-01-02,22274.886516907296,22386.372435410336,22007.3203125,22007.3203125,2178100,0.0,0.0
2015-01-02,22118.806125,22453.26387890625,21985.0230234375,22297.18359375,4414000,0.0,0.0
2015-01-02,22430.96658869307,23032.990542862764,22386.37222171754,23010.693359375,9902100,0.0,0.0
2015-01-02,23010.692529965752,23077.58407801798,22720.829155072774,22787.720703125,4227300,0.0,0.0
2015-01-02,22787.72142269737,23166.773540296053,22520.155222039473,22876.91015625,4665000,0.0,0.0
2015-01-02,22542.453894655195,22542.453894655195,21561.37776076318,21784.349609375,8787200,0.0,0.0
2015-01-02,21940.429396350934,22074.212502426242,21494.48570943323,21539.080078125,7129900,0.0,0.0
2015-01-02,21650.566684703612,22252.59068108569,21628.269499652426,22051.916015625,4726300,0.0,0.0
2015-01-02,22007.320931154823,22096.509668464467,21650.565981916243,21962.7265625,3126500,0.0,0.0
2015-01-02,21962.725637335527,22207.994654605263,21962.725637335527,22029.6171875,2528100,0.0,0.0
2015-01-02,22185.697166806174,22587.046462286085,22029.616885230655,22475.560546875,5446800,0.0,0.0
2015-01-02,22497.857935033717,22564.74948489011,22319.48046875,22319.48046875,3163000,0.0,0.0
2015-01-02,22319.480160772204,22453.26325863897,22207.994245883234,22341.77734375,3223400,0.0,0.0
2015-01-02,22341.77848176033,22430.967218214468,22074.212272397934,22118.806640625,3558000,0.0,0.0
2015-01-02,22230.293064166875,22475.562094965106,22163.40151031281,22364.076171875,4087400,0.0,0.0
2015-01-02,22274.885181928534,22386.37109375,22230.290817199948,22386.37109375,1369500,0.0,0.0
2015-01-02,22497.858038651317,22698.532689144737,22430.966488486843,22453.263671875,3138200,0.0,0.0
2015-01-02,22653.93863382207,22653.93863382207,22430.966796875,22430.966796875,2428200,0.0,0.0
2015-01-02,22430.967178562914,23523.52919819471,22386.37281041468,23389.74609375,10021000,0.0,0.0
2015-01-02,23389.745274054083,24214.7410558844,23300.55654088324,24014.06640625,10662800,0.0,0.0
2015-01-02,23991.76891523655,24125.5520132769,23857.985817196197,24036.36328125,2805300,0.0,0.0
2015-01-02,24080.95785550459,24303.9296875,23991.76912270642,24303.9296875,4744400,0.0,0.0
2015-01-02,24348.522436259027,24839.060434059116,24237.036527668097,24705.27734375,9220800,0.0,0.0
2015-01-02,24705.2800277333,24705.2800277333,24259.33634492223,24370.822265625,3975300,0.0,0.0
2015-01-02,24370.819781798753,24415.414145534887,23947.173326305452,24125.55078125,8569100,0.0,0.0
2015-01-02,24348.52385752688,24950.547799059143,24348.52385752688,24883.65625,5370100,0.0,0.0
2015-01-02,24928.25020041067,25106.627661594284,24705.278373931145,24772.169921875,2578800,0.0,0.0
2015-01-02,24593.79204693151,24682.98077602283,24393.11740647604,24660.68359375,2090400,0.0,0.0
2015-01-02,24660.68513709128,24682.982320759536,24326.227382067438,24549.19921875,3362100,0.0,0.0
2015-01-02,24415.414145534887,24705.277509819778,23991.76769004159,24125.55078125,5239200,0.0,0.0
2015-01-02,24125.55222190367,24348.524053899084,23635.01419151376,24303.9296875,6924400,0.0,0.0
2015-01-02,24348.522998595505,24370.82018082865,23657.310349367977,23813.390625,4888100,0.0,0.0
2015-01-02,23724.20385486177,23791.095407084125,23233.665805231172,23389.74609375,5507400,0.0,0.0
2015-01-02,23412.04173831831,23835.688207868832,23389.74455571039,23501.23046875,5337400,0.0,0.0
2015-01-02,23501.23046875,23746.499477437144,23389.74455571039,23501.23046875,2559200,0.0,0.0
2015-01-02,23568.1238596093,23813.39288747657,23545.82667525773,23791.095703125,3545000,0.0,0.0
2015-01-02,23791.095085579396,24014.066923307415,23724.203534260992,23835.689453125,2423100,0.0,0.0
2015-01-02,23835.688732394367,23991.769014084508,23746.5,23746.5,2357100,0.0,0.0
2015-01-02,23746.500206737463,24080.95795612813,23635.014290273906,24014.06640625,3949100,0.0,0.0
2015-01-02,24036.363079637096,24237.0377250144,24014.065896817396,24192.443359375,3043800,0.0,0.0
2015-01-02,24192.44417986587,24415.416015625,24170.146996289954,24415.416015625,2358500,0.0,0.0
2015-01-02,24437.71227515938,24482.306640625,23813.39115864071,24482.306640625,4933400,0.0,0.0
2015-01-02,24482.30653331044,24482.30653331044,23991.768515338827,24348.5234375,3559000,0.0,0.0
2015-01-02,24437.71116313177,24727.574525468186,24281.63089110447,24705.27734375,6214300,0.0,0.0
2015-01-02,24705.278250172654,24950.547258071478,24214.740234375,24214.740234375,6814500,0.0,0.0
2015-01-02,24370.820726960952,24482.306640625,24080.957351434427,24482.306640625,3331300,0.0,0.0
2015-01-02,24482.30715309633,24660.68461869266,24147.84940510321,24303.9296875,3323800,0.0,0.0
2015-01-02,24460.010280360424,24460.010280360424,24103.25534463958,24281.6328125,2465500,0.0,0.0
2015-01-02,24281.632196665905,24326.2265625,24080.957550412466,24326.2265625,3472700,0.0,0.0
2015-01-02,24437.712993421053,24460.01017680921,23902.580592105263,24147.849609375,5963900,0.0,0.0
2015-01-02,24300.5566572552,24346.277365923605,24049.092759578994,24163.39453125,4799200,667.0,0.0
2015-01-02,24163.39354183799,24369.136722421285,23911.92965445841,24323.416015625,3140800,0.0,0.0
2015-01-02,24323.41606841216,24323.41606841216,23683.326171875,23683.326171875,4306100,0.0,0.0
2015-01-02,23820.48827378107,24094.812514937857,23706.18650663241,23911.9296875,2164600,0.0,0.0
2015-01-02,23957.65138688761,24049.092804394815,23637.606425612394,23797.62890625,2835000,0.0,0.0
2015-01-02,23797.62893466598,23820.489289070076,23386.142555392216,23569.025390625,3490800,0.0,0.0
2015-01-02,23683.3271011396,24231.975605413107,23386.14249465812,24071.953125,5882600,0.0,0.0
2015-01-02,24071.95308115061,24620.601584424694,24071.95308115061,24437.71875,4325400,0.0,0.0
2015-01-02,24529.160167212347,24529.160167212347,24254.835915575302,24437.71875,2136700,0.0,0.0
2015-01-02,24460.579104303088,24483.43945860617,24094.813435453696,24437.71875,3041200,0.0,0.0
2015-01-02,24506.299774930747,24803.48438041032,24346.277295057134,24757.763671875,4095800,0.0,0.0
2015-01-02,24734.903323022663,24757.763677295326,24552.02048884135,24712.04296875,2255900,0.0,0.0
2015-01-02,24712.042985101747,24734.903339389537,24574.880859375,24574.880859375,1516700,0.0,0.0
2015-01-02,24574.879888278334,24620.600595047224,24437.717767971666,24506.298828125,1790100,0.0,0.0
2015-01-02,24483.438474740553,24574.879888278334,24140.53317397388,24506.298828125,1739600,0.0,0.0
2015-01-02,24506.298861480078,24506.298861480078,24071.95214658444,24094.8125,2023700,0.0,0.0
2015-01-02,24049.092759578994,24231.9755942526,23660.466735897586,24163.39453125,4383000,0.0,0.0
2015-01-02,24734.90231528916,25146.388675432605,24483.438428534835,25100.66796875,9741000,0.0,0.0
2015-01-02,25009.226569667433,25077.807629730505,24597.74020928899,24917.78515625,2627300,0.0,0.0
2015-01-02,24917.785149108775,25009.2265625,24552.01949554388,25009.2265625,2410900,0.0,0.0
2015-01-02,24826.343760850694,24917.78517433449,24552.019520399306,24689.181640625,2680500,0.0,0.0
2015-01-02,24689.181626263788,25214.969753489775,24689.181626263788,24872.064453125,5360700,0.0,0.0
2015-01-02,24872.065426997247,25123.529323777548,24620.601530216944,24894.92578125,4194400,0.0,0.0
2015-01-02,24986.366202043486,25329.27150216302,24986.366202043486,25100.66796875,4231500,0.0,0.0
2015-01-02,25100.66806977371,25100.66806977371,23866.208984375,23866.208984375,4067600,0.0,0.0
2015-01-02,24026.232372544433,24460.579104303088,23820.48918381665,24437.71875,4228400,0.0,0.0
2015-01-02,24460.5781508937,24460.5781508937,23889.069315592445,24140.533203125,2402100,0.0,0.0
2015-01-02,24140.534227622713,24140.534227622713,23546.165013685033,23751.908203125,4118900,0.0,0.0
2015-01-02,23751.907184263182,24369.1367261064,23751.907184263182,24277.6953125,3965800,0.0,0.0
2015-01-02,24277.695365389263,24300.555718840667,23591.884761847195,23637.60546875,3489200,0.0,0.0
2015-01-02,23637.605431688804,24186.25391366224,23637.605431688804,24094.8125,3589000,0.0,0.0
2015-01-02,24140.534176915797,24277.696302921002,23980.511696576395,24163.39453125,2877800,0.0,0.0
2015-01-02,24231.975566717432,24574.880881340792,24231.975566717432,24391.998046875,4192700,0.0,0.0
2015-01-02,24460.57810691551,24849.204114221644,24460.57810691551,24689.181640625,4332300,0.0,0.0
2015-01-02,24872.06442481884,25512.154318104618,24712.041951497395,25237.830078125,10559100,0.0,0.0
2015-01-02,25237.830085227273,25512.15432528409,25009.22655184659,25146.388671875,3365800,0.0,0.0
2015-01-02,25146.38966181507,25512.15532962329,25009.22753638699,25032.087890625,2831500,0.0,0.0
2015-01-02,25032.08795627626,25146.389727766105,24483.439453125,24483.439453125,3598000,0.0,0.0
2015-01-02,24483.43843201129,25420.71291913777,24483.43843201129,25054.947265625,3899900,0.0,0.0
2015-01-02,25100.66799033149,25397.852584023938,24620.60056975138,24826.34375,2433500,0.0,0.0
2015-01-02,24963.506801470587,25260.69140625,24940.646447256786,25260.69140625,2384200,0.0,0.0
2015-01-02,25260.69140625,25283.5517604638,25146.389635180996,25260.69140625,1133200,0.0,0.0
2015-01-02,25283.550760286224,25580.73535330948,25169.24899373882,25557.875,2622700,0.0,0.0
2015-01-02,25603.59566885965,26060.802734375,25580.735315583883,26060.802734375,3842500,0.0,0.0
2015-01-02,26060.802755152923,26060.802755152923,25580.735335979054,25786.478515625,3040000,0.0,0.0
2015-01-02,25329.272453026555,25786.479537016203,25283.551744627588,25397.853515625,3233200,0.0,0.0
2015-01-02,25397.85252683363,25969.36135957066,25374.992173524148,25557.875,2407100,0.0,0.0
2015-01-02,25557.875958333334,25717.8984375,25329.272416666667,25717.8984375,2534000,0.0,0.0
2015-01-02,25717.898447953838,25740.758802129796,25283.551718610615,25626.45703125,2294000,0.0,0.0
2015-01-02,25580.735479910716,25580.735479910716,23820.488266369048,24003.37109375,7094300,0.0,0.0
2015-01-02,24117.673839275096,24483.439508875475,23980.511713174954,24026.232421875,2372600,0.0,0.0
2015-01-02,24026.231443455916,24094.812503713165,23637.605435331512,24049.091796875,2782200,0.0,0.0
2015-01-02,24049.09284475414,24117.673907999637,22997.516541656525,23477.583984375,7273800,0.0,0.0
2015-01-02,23500.443378560904,23683.326206409627,22906.074188052553,23271.83984375,4394000,0.0,0.0
2015-01-02,23340.420923626614,23340.420923626614,22928.93456062438,23043.236328125,1643700,0.0,0.0
2015-01-02,23043.236312746063,23226.119140625,22951.794898806595,23226.119140625,1661000,0.0,0.0
2015-01-02,23226.119966736696,24483.439453125,22906.075006565126,24483.439453125,3934400,0.0,0.0
2015-01-02,24323.416084022374,24323.416084022374,23317.560531675586,23500.443359375,3884300,0.0,0.0
2015-01-02,23523.30470468292,23797.628957798755,23203.259742714443,23386.142578125,3428600,0.0,0.0
2015-01-02,23386.14161501907,23523.303735928275,22974.65525229146,23226.119140625,2878100,0.0,0.0
2015-01-02,23340.42087388177,23706.18652910421,23203.258753173355,23637.60546875,4428000,0.0,0.0
2015-01-02,23683.327232807846,23706.187587279666,23020.376953125,23020.376953125,3282800,0.0,0.0
2015-01-02,23043.23733108108,23271.84087603228,22791.77343163476,22837.494140625,2091600,0.0,0.0
2015-01-02,22860.353507843625,23088.957042922062,22700.33103328872,22951.794921875,3075600,0.0,0.0
2015-01-02,23043.236312746063,23363.281261534205,22700.331010473055,23226.119140625,4009100,0.0,0.0
2015-01-02,23340.42090035233,23523.30372817096,22997.515598192404,23317.560546875,2289400,0.0,0.0
2015-01-02,23477.583005912573,23660.46583361199,23431.86229898772,23500.443359375,1736400,0.0,0.0
2015-01-02,23500.444282772205,24049.092787428366,23500.444282772205,23934.791015625,2570100,0.0,0.0
2015-01-02,24003.372050910595,24231.9755942526,23934.790987907993,24163.39453125,2917500,0.0,0.0
2015-01-02,24254.835999533807,24323.417062680463,23751.908203125,23751.908203125,2690200,0.0,0.0
2015-01-02,23889.06936823626,24231.974670172665,23500.443359375,23500.443359375,2606400,0.0,0.0
2015-01-02,23614.746082449376,23866.2099807136,23431.86324734812,23706.1875,2601600,0.0,0.0
2015-01-02,23729.046913371807,23797.627973815077,23271.83984375,23271.83984375,2287000,0.0,0.0
2015-01-02,23409.001992031874,23500.44340606325,22951.794921875,22951.794921875,2611600,0.0,0.0
2015-01-02,22951.795973250766,22951.795973250766,22220.264627489785,22380.287109375,4037500,0.0,0.0
2015-01-02,22357.42670775754,22860.354506909545,22334.566353250626,22746.052734375,3379800,0.0,0.0
2015-01-02,22746.051748046877,22883.213869140625,22403.1464453125,22860.353515625,2278000,0.0,0.0
2015-01-02,22883.213869140625,23066.096697265624,22471.727505859377,22860.353515625,2061300,0.0,0.0
2015-01-02,23317.560574055668,23317.560574055668,22723.191382952285,22997.515625,3431600,0.0,0.0
2015-01-02,22997.51668852354,22997.51668852354,22128.82321519959,22334.56640625,3032100,0.0,0.0
2015-01-02,22334.56540015436,22677.470703125,21900.218683058214,22677.470703125,2811700,0.0,0.0
2015-01-02,22517.44927946891,22517.44927946891,21945.94041450777,22060.2421875,3925000,0.0,0.0
2015-01-02,22105.962860638432,22403.14746993347,22014.52144239381,22334.56640625,2780500,0.0,0.0
2015-01-02,22334.566353250626,22974.656279444094,22220.26458071608,22746.052734375,2726000,0.0,0.0
2015-01-02,22768.912141262754,22768.912141262754,22174.54294882015,22403.146484375,2606900,0.0,0.0
2015-01-02,22426.00679500374,22974.65527928518,22311.70502744511,22906.07421875,1981700,0.0,0.0
2015-01-02,22906.07423843876,22906.07423843876,22426.006814279863,22677.470703125,2133500,0.0,0.0
2015-01-02,22677.47168857432,23111.818424544996,22608.890625,22608.890625,1909700,0.0,0.0
2015-01-02,22814.63279312376,23043.236328125,22654.610318622894,23043.236328125,3952300,0.0,0.0
2015-01-02,22906.074242424245,22974.655303030304,22517.448232323233,22631.75,3703300,0.0,0.0
2015-01-02,22631.750997424973,22837.494188310655,22426.00780653929,22471.728515625,2283200,0.0,0.0
2015-01-02,22494.587859375002,23020.375990234377,22448.86715234375,22860.353515625,1932400,0.0,0.0
2015-01-02,22677.470811170213,22723.191518450796,21351.570300033243,21488.732421875,7395400,0.0,0.0
2015-01-02,21854.498088608438,21854.498088608438,21100.106418185762,21397.291015625,4548200,0.0,0.0
2015-01-02,21397.291989060832,21900.219792222517,21145.82808747999,21420.15234375,7783600,0.0,0.0
2015-01-02,21054.385801174496,21122.966862416106,20139.971651286352,20437.15625,9195200,0.0,0.0
2015-01-02,20117.112249163878,20985.8057326505,20025.670829849496,20505.73828125,6022800,0.0,0.0
2015-01-02,20482.877959413756,20711.481508067925,20208.553701028748,20277.134765625,3062000,0.0,0.0
2015-01-02,20368.575998630542,21854.49905128036,20277.13458000594,21648.755859375,6473400,0.0,0.0
2015-01-02,21923.079966461886,22860.354501003007,21785.917839455866,22791.7734375,7949000,0.0,0.0
2015-01-02,22791.77253199714,22791.77253199714,21808.777327507796,21991.66015625,4288900,0.0,0.0
2015-01-02,22014.52054291094,22037.380896538056,21511.59276311443,21625.89453125,2002700,0.0,0.0
2015-01-02,21625.894527129483,21945.9394778481,21374.43063727914,21671.615234375,2667100,0.0,0.0
2015-01-02,21671.61526365096,21763.056678265522,21351.5703125,21351.5703125,2375900,0.0,0.0
2015-01-02,21351.570337920282,21397.291045281996,20962.944325345714,21077.24609375,2738400,0.0,0.0
2015-01-02,21122.96782178218,21145.82817656766,20597.17966171617,20780.0625,2657100,0.0,0.0
2015-01-02,20802.922791644243,21374.431659546557,20802.922791644243,21237.26953125,1996100,0.0,0.0
2015-01-02,21191.547914636692,21191.547914636692,20208.55270392539,20528.59765625,5435500,0.0,0.0
2015-01-02,20528.598649216125,20665.760778275475,20208.553681410973,20414.296875,4929100,0.0,0.0
2015-01-02,20665.760738950274,20917.224641747238,20574.31931975138,20688.62109375,2893300,0.0,0.0
2015-01-02,20688.62106173156,20917.224609375,20139.972547387297,20917.224609375,11578400,0.0,0.0
2015-01-02,20802.921879302037,20802.921879302037,20162.831975323512,20757.201171875,2517500,0.0,0.0
2015-01-02,20757.20213239321,21031.52638964951,20597.1796489937,20871.50390625,2182200,0.0,0.0
2015-01-02,21031.525349069147,21580.17383643617,20894.363227227394,21488.732421875,3551000,0.0,0.0
2015-01-02,21465.872064092357,21694.475600451166,21054.385698646496,21534.453125,2953300,0.0,0.0
2015-01-02,19202.697353078358,19202.697353078358,18311.14354739972,18379.724609375,14254900,0.0,0.0
2015-01-02,18448.30562842153,19294.13872414842,18448.30562842153,18791.2109375,6180300,0.0,0.0
2015-01-02,19934.228515625,20048.53028463661,19614.18356239249,19934.228515625,5663600,0.0,0.0
2015-01-02,19751.34568077803,20094.250987735984,19316.998958631295,19979.94921875,3308000,0.0,0.0
2015-01-02,20117.111272075053,20825.782237341333,20117.111272075053,20711.48046875,4202900,0.0,0.0
2015-01-02,20757.20213239321,21122.96780873494,20620.04000376506,20871.50390625,3996700,0.0,0.0
2015-01-02,20940.085049915633,20940.085049915633,20254.274404176038,20322.85546875,4093900,0.0,0.0
2015-01-02,20322.85546875,20574.319372187852,20208.553694460068,20322.85546875,4299600,0.0,0.0
2015-01-02,20460.016556785617,20940.083984375,20460.016556785617,20940.083984375,2175500,0.0,0.0
2015-01-02,20940.084945032573,21305.85062092834,20802.922816571663,21054.38671875,4352600,0.0,0.0
2015-01-02,21214.40821583514,21488.732460005423,21054.38574006914,21077.24609375,4577400,0.0,0.0
2015-01-02,21122.966801111714,21282.98927687771,20940.08397166486,21077.24609375,5416500,0.0,0.0
2015-01-02,21260.12891893263,21397.291040990258,21077.246089522458,21122.966796875,8712600,0.0,0.0
2015-01-02,21397.29105826965,21443.011765659114,20940.083984375,20940.083984375,6636800,0.0,0.0
2015-01-02,20962.945344800853,21145.828183141537,20665.760732497245,20734.341796875,7189600,0.0,0.0
2015-01-02,20574.31834216685,20780.061525588517,20482.876927312776,20757.201171875,8997100,0.0,0.0
2015-01-02,20757.20213878979,21122.967815244236,20757.20213878979,20825.783203125,5846200,0.0,0.0
2015-01-02,20848.642578125,20985.804700349505,20825.782224420916,20848.642578125,5795000,0.0,0.0
2015-01-02,20848.643545081966,20962.945318903687,20757.20212602459,20917.224609375,7751200,0.0,0.0
2015-01-02,21023.80859375,21390.5029296875,20974.916015625,21268.271484375,9371400,1484.0,0.0
2015-01-02,21268.272473442958,21292.71876364232,20974.916991050643,20999.36328125,5812200,0.0,0.0
2015-01-02,21097.1474609375,21097.1474609375,20681.560546875,20779.345703125,4584300,0.0,0.0
2015-01-02,20803.7919921875,21512.734375,20803.7919921875,21463.841796875,7941400,0.0,0.0
2015-01-02,21463.84278811416,21488.289078305635,21146.041015625,21146.041015625,4968500,0.0,0.0
2015-01-02,21439.3955078125,21439.3955078125,21146.0400390625,21414.94921875,3448700,0.0,0.0
2015-01-02,21414.94921875,21708.3046875,21341.6103515625,21610.51953125,2920100,0.0,0.0
2015-01-02,21708.3046875,21928.3212890625,21219.37890625,21268.271484375,4812000,0.0,0.0
2015-01-02,21268.271484375,21439.3955078125,21146.0400390625,21317.1640625,4423200,0.0,0.0
2015-01-02,21317.165035714286,21610.52051785714,21268.272455357142,21390.50390625,3654300,0.0,0.0
2015-01-02,21561.626953125,21586.0732421875,21414.94921875,21463.841796875,1692700,0.0,0.0
2015-01-02,21610.520524669162,21757.198265786825,21219.379881688725,21243.826171875,2773800,0.0,0.0
2015-01-02,21317.1640625,21488.2880859375,21317.1640625,21414.94921875,2323800,0.0,0.0
2015-01-02,21439.3955078125,21952.767578125,21317.1640625,21952.767578125,7558800,0.0,0.0
2015-01-02,21854.982421875,21854.982421875,21317.1640625,21414.94921875,5007400,0.0,0.0
2015-01-02,21414.94921875,21463.841796875,20926.0234375,20926.0234375,5893200,0.0,0.0
2015-01-02,20999.3623046875,21023.80859375,20779.345703125,20926.0234375,5321500,0.0,0.0
2015-01-02,21072.702154135062,21146.041024741102,20926.024412922987,20950.470703125,2769600,0.0,0.0
2015-01-02,21170.48731264552,21170.48731264552,20926.02441065192,20999.36328125,3609400,0.0,0.0
2015-01-02,20999.363274476156,21292.718756773844,20828.23924313584,21146.041015625,3822900,0.0,0.0
2015-01-02,21023.80956466763,21194.933596007948,20974.916984284682,21146.041015625,3581300,0.0,0.0
2015-01-02,21219.37987059158,21537.181642846987,21121.59470989761,21488.2890625,3844200,0.0,0.0
2015-01-02,21488.2880859375,21806.08984375,21488.2880859375,21610.51953125,5394500,0.0,0.0
2015-01-02,21659.412109375,21659.412109375,21366.056640625,21366.056640625,2988700,0.0,0.0
2015-01-02,21488.2880859375,21586.0732421875,21243.8251953125,21317.1640625,2434800,0.0,0.0
2015-01-02,21317.1640625,21414.94921875,20877.130859375,20974.916015625,3095700,0.0,0.0
2015-01-02,20950.4697265625,20999.3623046875,20803.7919921875,20974.916015625,7082300,0.0,0.0
2015-01-02,20828.23828125,20828.23828125,20437.09765625,20437.09765625,4743900,0.0,0.0
2015-01-02,20608.222651638134,20803.792973361866,20608.222651638134,20706.0078125,1890100,0.0,0.0
2015-01-02,21146.0400390625,21146.0400390625,20559.3291015625,20632.66796875,3475000,0.0,0.0
2015-01-02,20632.66796875,20632.66796875,20485.990234375,20632.66796875,2992700,0.0,0.0
2015-01-02,20974.916015625,21146.0400390625,20828.23828125,20974.916015625,3917400,0.0,0.0
2015-01-02,20803.792959655122,21023.80957144936,20706.007798857685,20999.36328125,3875500,0.0,0.0
2015-01-02,20999.3623046875,21146.0400390625,20754.8994140625,20828.23828125,3927300,0.0,0.0
2015-01-02,21023.80859375,21072.701171875,20852.6845703125,21023.80859375,1664100,0.0,0.0
2015-01-02,21023.80859375,21072.701171875,20901.5771484375,21072.701171875,1945200,0.0,0.0
2015-01-02,21072.701171875,21072.701171875,20754.8994140625,20974.916015625,1941800,0.0,0.0
2015-01-02,20974.916015625,21121.59375,20926.0234375,21121.59375,2482100,0.0,0.0
2015-01-02,21121.59470989761,21488.2890625,21121.59470989761,21488.2890625,2693500,0.0,0.0
2015-01-02,21488.2880859375,21757.197265625,21366.056640625,21708.3046875,4626400,0.0,0.0
2015-01-02,21806.08984375,21903.875,21732.7509765625,21903.875,3363700,0.0,0.0
2015-01-02,21903.875968992248,22099.446290143966,21757.19822812846,22075.0,4771000,0.0,0.0
2015-01-02,22099.4453125,22099.4453125,21952.767578125,22099.4453125,2514400,0.0,0.0
2015-01-02,22099.446290143966,22123.89258028793,21879.429678848286,22075.0,2967400,0.0,0.0
2015-01-02,22099.4453125,22099.4453125,21903.875,22099.4453125,2291500,0.0,0.0
2015-01-02,22123.892584642657,22270.570325535315,21977.21484375,21977.21484375,2968600,0.0,0.0
2015-01-02,22172.7841796875,22441.693359375,21977.2138671875,22441.693359375,3346100,0.0,0.0
2015-01-02,22466.1396484375,22637.263671875,22417.2470703125,22539.478515625,4614300,0.0,0.0
2015-01-02,22661.7099609375,23468.4375,22588.37109375,23468.4375,10111100,0.0,0.0
2015-01-02,23615.11620791409,23786.24023840622,23346.20701714074,23688.455078125,4356300,0.0,0.0
2015-01-02,23688.4541015625,23688.4541015625,23199.5283203125,23321.759765625,2563800,0.0,0.0
2015-01-02,23712.90137021717,23761.793950361945,23419.5458893485,23639.5625,3839800,0.0,0.0
2015-01-02,23761.79296875,23761.79296875,23443.9912109375,23615.115234375,2656100,0.0,0.0
2015-01-02,23664.00878205128,23859.5791025641,23615.116201923076,23835.1328125,3178000,0.0,0.0
2015-01-02,23835.1318359375,23859.578125,23395.0986328125,23615.115234375,4018200,0.0,0.0
2015-01-02,23615.116216018472,23639.562506097165,23272.868154916752,23492.884765625,2340600,0.0,0.0
2015-01-02,23517.330078125,23957.36328125,23272.8671875,23957.36328125,3634900,0.0,0.0
2015-01-02,23957.36328125,23957.36328125,23664.0078125,23810.685546875,1859600,0.0,0.0
2015-01-02,23810.685546875,23835.1318359375,23395.0986328125,23517.330078125,5234100,0.0,0.0
2015-01-02,23541.7763671875,23761.79296875,23443.9912109375,23566.22265625,2599600,0.0,0.0
2015-01-02,23566.22265625,23810.685546875,23370.65234375,23615.115234375,2356800,0.0,0.0
2015-01-02,23664.008786045313,23908.4716867276,23590.669915840626,23737.34765625,1923100,0.0,0.0
2015-01-02,23737.3466796875,23932.9169921875,23566.22265625,23664.0078125,2648300,0.0,0.0
2015-01-02,23664.0078125,23957.36328125,23370.65234375,23468.4375,3620200,0.0,0.0
2015-01-02,23639.5625,23737.347660289557,23566.223629782835,23639.5625,2142100,0.0,0.0
2015-01-02,23761.79296875,23761.79296875,23468.4375,23468.4375,1942100,0.0,0.0
2015-01-02,23468.43848996832,23468.43848996832,22735.04978715681,23150.63671875,3955800,0.0,0.0
2015-01-02,23175.08203125,23859.578125,23150.6357421875,23859.578125,2607800,0.0,0.0
2015-01-02,23932.9169921875,25277.462890625,23712.900390625,25228.5703125,10584600,0.0,0.0
2015-01-02,25326.35546875,25326.35546875,24837.4296875,25228.5703125,4907200,0.0,0.0
2015-01-02,25301.910181414147,25546.373081717666,24666.306640625,24666.306640625,5207300,0.0,0.0
2015-01-02,24886.322265625,25081.892578125,23932.9169921875,24055.1484375,6672800,0.0,0.0
2015-01-02,24104.041015625,24666.3056640625,24104.041015625,24446.2890625,2370500,0.0,0.0
2015-01-02,24495.18263202888,24666.30666239235,24128.48828125,24128.48828125,2568100,0.0,0.0
2015-01-02,24055.1484375,24250.71875,23810.685546875,23859.578125,4363900,0.0,0.0
