Date,Open,High,Low,Close,Volume,Dividends,Stock Splits
2015-01-02,2165.1059967214082,2165.1059967214082,2144.7189346053874,2156.951171875,29302500,0.0,0.0
2015-01-02,2144.718954375296,2152.873779296875,2140.6415419145064,2152.873779296875,25434500,0.0,0.0
2015-01-02,2120.2545585341127,2152.8738594346373,2120.2545585341127,2136.564208984375,48681500,0.0,0.0
2015-01-02,2128.4093638392856,2152.8738392857144,2128.4093638392856,2140.6416015625,40334000,0.0,0.0
2015-01-02,2140.641475964144,2144.7188882993137,2116.177001953125,2116.177001953125,54457000,0.0,0.0
2015-01-02,2124.3318664432727,2132.486691266471,2108.022216796875,2108.022216796875,108957500,0.0,0.0
2015-01-02,2108.0221576397234,2120.25439453125,2087.635096153846,2120.25439453125,81651000,0.0,0.0
2015-01-02,2128.409219125601,2128.409219125601,2116.1769822340743,2120.25439453125,36024000,0.0,0.0
2015-01-02,2124.3318664432727,2124.3318664432727,2108.022216796875,2108.022216796875,29728000,0.0,0.0
2015-01-02,2112.099853515625,2128.409504894124,2112.099853515625,2112.099853515625,27580500,0.0,0.0
2015-01-02,2124.3320920494994,2124.3320920494994,2112.099853515625,2112.099853515625,46354500,0.0,0.0
2015-01-02,2116.1769822340743,2124.331806828425,2116.1769822340743,2120.25439453125,26134500,0.0,0.0
2015-01-02,2116.176962590721,2128.409199368702,2108.022138072067,2124.331787109375,36285500,0.0,0.0
2015-01-02,2128.4091600815605,2152.8736331859463,2124.3317478974964,2132.486572265625,73258000,0.0,0.0
2015-01-02,2128.409304532138,2156.9511917576647,2128.409304532138,2152.873779296875,58654000,0.0,0.0
2015-01-02,2156.951093090408,2185.492979010319,2156.951093090408,2173.2607421875,121011000,0.0,0.0
2015-01-02,2173.260881895348,2185.493119504515,2124.3319314586797,2144.718994140625,103089000,0.0,0.0
2015-01-02,2144.718954375296,2156.9511917576647,2140.6415419145064,2152.873779296875,49988500,0.0,0.0
2015-01-02,2148.7958230343693,2173.2602916078154,2144.7184116054614,2165.10546875,48230000,0.0,0.0
2015-01-02,2161.0285053646808,2173.2607421875,2152.8736808161348,2173.2607421875,41599500,0.0,0.0
2015-01-02,2185.492205753505,2189.5696165851346,2173.259973258616,2181.414794921875,94142500,0.0,0.0
2015-01-02,2177.337890625,2181.4153024051966,2161.0282435042136,2177.337890625,38816500,0.0,0.0
2015-01-02,2181.4154301396125,2201.802490234375,2177.33801812066,2201.802490234375,67046500,0.0,0.0
2015-01-02,2205.8798371459084,2283.3506632194244,2197.725013348696,2267.041015625,136306000,0.0,0.0
2015-01-02,2267.0409247405337,2271.1183364756785,2181.415278302492,2234.421630859375,83923500,0.0,0.0
2015-01-02,2246.6538660648093,2250.731277799954,2226.266807389085,2234.421630859375,54060500,0.0,0.0
2015-01-02,2201.802739682405,2267.0413393766985,2201.802739682405,2250.731689453125,68609000,0.0,0.0
2015-01-02,2262.963720703125,2267.0411328125,2226.26701171875,2242.57666015625,50540500,0.0,0.0
2015-01-02,2246.6539370196083,2271.118408203125,2234.42170142785,2271.118408203125,46471500,0.0,0.0
2015-01-02,2271.1184275236064,2275.1958394222124,2258.886191827788,2267.041015625,58455500,0.0,0.0
2015-01-02,2283.3503230837787,2324.124435995989,2279.272911792558,2287.427734375,90653500,0.0,0.0
2015-01-02,2291.505654471261,2311.8927154541016,2283.350830078125,2283.350830078125,30501000,0.0,0.0
2015-01-02,2283.35101437611,2303.7380770044683,2283.35101437611,2295.583251953125,47945000,0.0,0.0
2015-01-02,2315.9703145814833,2373.054089940886,2283.35101437611,2295.583251953125,57782000,0.0,0.0
2015-01-02,2332.2799849866547,2336.3573975478203,2291.505859375,2291.505859375,25162000,0.0,0.0
2015-01-02,2295.5825569574417,2320.0470247047683,2279.272911792558,2287.427734375,55871500,0.0,0.0
2015-01-02,2291.505859375,2295.5832719361656,2271.1187965691724,2291.505859375,46482000,0.0,0.0
2015-01-02,2283.3512369791665,2311.8931274414062,2283.3512369791665,2299.660888671875,39573000,0.0,0.0
2015-01-02,2279.273601850439,2311.8929020558116,2279.273601850439,2295.583251953125,63400500,0.0,0.0
2015-01-02,2283.3512369791665,2307.815714518229,2283.3512369791665,2299.660888671875,91257500,0.0,0.0
2015-01-02,2307.8151276224735,2332.279598940026,2299.660303849956,2320.04736328125,105783500,0.0,0.0
2015-01-02,2340.4342880249023,2377.1309928894043,2336.356876373291,2348.589111328125,100166000,0.0,0.0
2015-01-02,2364.898738761915,2377.13097361758,2344.51168066914,2352.66650390625,61321500,0.0,0.0
2015-01-02,2364.89892578125,2389.363397427263,2360.821513840248,2364.89892578125,63347500,0.0,0.0
2015-01-02,2364.899576265518,2393.4414677032055,2364.899576265518,2381.209228515625,84722000,0.0,0.0
2015-01-02,2348.5891304347824,2360.8213654891306,2299.660190217391,2344.51171875,75837500,0.0,0.0
2015-01-02,2348.5890922876947,2368.97615038047,2324.124622576365,2352.66650390625,56405500,0.0,0.0
2015-01-02,2324.1247366188704,2344.5117957120183,2320.047324800241,2328.2021484375,86270500,0.0,0.0
2015-01-02,2320.0478717642773,2328.2026973240813,2307.815633424571,2315.970458984375,57496500,0.0,0.0
2015-01-02,2315.9705403645835,2328.2027791341147,2291.506062825521,2299.660888671875,79901500,0.0,0.0
2015-01-02,2287.428367587787,2336.357316627098,2287.428367587787,2307.8154296875,60353500,0.0,0.0
2015-01-02,2328.2027791341147,2332.2801920572915,2299.660888671875,2299.660888671875,50729500,0.0,0.0
2015-01-02,2299.660303849956,2324.1247751675087,2299.660303849956,2320.04736328125,52346500,0.0,0.0
2015-01-02,2332.2795795641446,2340.4344032689146,2311.8925203022204,2324.124755859375,58573500,0.0,0.0
2015-01-02,2311.8927046690937,2360.8216507996567,2311.8927046690937,2336.357177734375,104343000,0.0,0.0
2015-01-02,2348.589803200692,2373.054280317366,2348.589803200692,2356.74462890625,44297500,0.0,0.0
2015-01-02,2373.053466796875,2393.4405240717624,2364.89864388692,2373.053466796875,64996000,0.0,0.0
2015-01-02,2373.0538962339742,2405.6731937767095,2364.8990718482905,2385.2861328125,36811000,0.0,0.0
2015-01-02,2364.898419010865,2401.5951186162056,2360.8210079436044,2368.975830078125,71972500,0.0,0.0
2015-01-02,2360.822041759029,2368.976867464587,2344.512390347913,2356.74462890625,69993000,0.0,0.0
2015-01-02,2356.744101899246,2389.363397427263,2356.744101899246,2364.89892578125,50985500,0.0,0.0
2015-01-02,2413.828348967116,2417.90576171875,2393.441285208948,2417.90576171875,85598000,0.0,0.0
2015-01-02,2426.060587222017,2434.2154127252843,2409.7509362154824,2417.90576171875,42093500,0.0,0.0
2015-01-02,2434.2144482586837,2434.2144482586837,2401.59515916979,2413.827392578125,42424000,0.0,0.0
2015-01-02,2413.828311624794,2519.841041527234,2409.7508989362386,2474.989501953125,71232500,0.0,0.0
2015-01-02,2523.9176117142824,2544.304668351716,2491.2983210943885,2495.375732421875,58844000,0.0,0.0
2015-01-02,2458.6797273099523,2470.9119647592556,2430.137839928245,2450.52490234375,86916000,0.0,0.0
2015-01-02,2458.6796875,2479.0667495854063,2438.2926254145937,2458.6796875,68708000,0.0,0.0
2015-01-02,2479.0662764742524,2483.1436881131904,2438.292160084873,2454.601806640625,56706000,0.0,0.0
2015-01-02,2450.52490234375,2458.6797273099523,2442.370077377548,2450.52490234375,41635500,0.0,0.0
2015-01-02,2446.447059860995,2466.8341186931702,2434.21482456169,2438.292236328125,80112500,0.0,0.0
2015-01-02,2430.137321239407,2438.2921444650424,2389.363205111229,2405.6728515625,108377000,0.0,0.0
2015-01-02,2413.827803848574,2434.2148630027004,2393.4407446944474,2430.137451171875,93601500,0.0,0.0
2015-01-02,2446.2267859507415,2446.2267859507415,2421.600341796875,2421.600341796875,129331500,19.6,0.0
2015-01-02,2413.39208984375,2446.2273563722365,2401.0788648955677,2413.39208984375,57051500,0.0,0.0
2015-01-02,2417.4957136115772,2462.6441904362414,2413.3913066275168,2446.2265625,101934500,0.0,0.0
2015-01-02,2454.4357815782564,2454.4357815782564,2433.9137432707457,2442.12255859375,80424500,0.0,0.0
2015-01-02,2454.4353764681205,2462.6441904362414,2442.1221555159395,2446.2265625,45916500,0.0,0.0
2015-01-02,2446.2265625,2462.6441904362414,2438.017748531879,2446.2265625,51549000,0.0,0.0
2015-01-02,2429.809501540493,2438.0183174240756,2302.5728553449603,2331.3037109375,214693500,0.0,0.0
2015-01-02,2314.8855718972422,2331.3032000667263,2282.050315558274,2306.6767578125,145994000,0.0,0.0
2015-01-02,2298.4680266203704,2298.4680266203704,2167.126996527778,2216.3798828125,289103500,0.0,0.0
2015-01-02,2183.545264306006,2249.2157985708486,2117.874730041164,2212.276123046875,201869500,0.0,0.0
2015-01-02,2212.2759869684937,2273.8421090548154,2208.171578829406,2253.320068359375,87705000,0.0,0.0
2015-01-02,2257.42440895053,2286.155265064446,2245.1111849017093,2273.842041015625,90141500,0.0,0.0
2015-01-02,2257.4243921433053,2261.5288001290205,2228.6935362432996,2249.215576171875,150119000,0.0,0.0
2015-01-02,2232.797944229015,2261.5288001290205,2228.6935362432996,2249.215576171875,55087000,0.0,0.0
2015-01-02,2257.423913197595,2277.9459487721188,2245.110691852881,2261.5283203125,56698000,0.0,0.0
2015-01-02,2265.6332081147357,2269.7376161004504,2236.90235221473,2249.215576171875,67537000,0.0,0.0
2015-01-02,2236.9024358030224,2269.7377009157276,2232.7980276639346,2253.320068359375,54424500,0.0,0.0
2015-01-02,2241.0068439421107,2265.6332927766393,2241.0068439421107,2253.320068359375,68930000,0.0,0.0
2015-01-02,2253.319633780037,2261.5284484750464,2199.962338262477,2220.484375,102469000,0.0,0.0
2015-01-02,2232.79736328125,2236.9017701990465,2220.484142527861,2232.79736328125,43827000,0.0,0.0
2015-01-02,2236.9024278130723,2273.8421009329213,2224.5892034397893,2241.0068359375,52107000,0.0,0.0
2015-01-02,2261.528415769285,2302.57248865076,2249.215193904842,2277.946044921875,58482500,0.0,0.0
2015-01-02,2290.258899681969,2360.0338123962943,2282.05008642146,2318.98974609375,63650000,0.0,0.0
2015-01-02,2339.512301454976,2380.5563769190985,2314.885856176503,2355.929931640625,63902500,0.0,0.0
2015-01-02,2355.9300067608174,2360.034414438101,2339.5123760516826,2347.72119140625,39425000,0.0,0.0
2015-01-02,2331.3034863621515,2380.5563769190985,2323.094671269327,2355.929931640625,117738500,0.0,0.0
2015-01-02,2355.930082408169,2364.138898026316,2339.512451171875,2339.512451171875,79384000,0.0,0.0
2015-01-02,2314.885911274293,2339.512357138913,2306.6770959860864,2323.0947265625,36940000,0.0,0.0
2015-01-02,2335.4073726147676,2347.720592505531,2310.780932833241,2318.98974609375,111287500,0.0,0.0
2015-01-02,2298.4677129424776,2318.98974609375,2290.258899681969,2318.98974609375,24317000,0.0,0.0
2015-01-02,2298.4678739659926,2302.572280883789,2212.275328692268,2232.79736328125,159175000,0.0,0.0
2015-01-02,2216.379820097477,2257.423890840023,2216.379820097477,2236.90185546875,58319500,0.0,0.0
2015-01-02,2208.1715709420787,2249.2156521863553,2208.1715709420787,2241.0068359375,48272000,0.0,0.0
2015-01-02,2216.3801363950274,2232.797767034991,2199.9625057550643,2228.693359375,86888000,0.0,0.0
2015-01-02,2199.9625528665415,2220.484591605968,2142.500844396147,2183.544921875,131941500,0.0,0.0
2015-01-02,2183.544762473616,2232.7976518527203,2142.5006879910297,2187.649169921875,82218000,0.0,0.0
2015-01-02,2199.9622322682585,2212.275453717521,2158.9181607707164,2191.75341796875,64210500,0.0,0.0
2015-01-02,2163.022472453567,2183.54450729658,2154.813658516362,2175.335693359375,77427500,0.0,0.0
2015-01-02,2183.544921875,2187.6493296228855,2171.231698631344,2183.544921875,44849000,0.0,0.0
2015-01-02,2179.4401965194875,2212.275453717521,2158.9181607707164,2191.75341796875,67394000,0.0,0.0
2015-01-02,2216.380395107582,2269.7377009157276,2208.171578829406,2253.320068359375,69230000,0.0,0.0
2015-01-02,2249.215076691514,2249.215076691514,2216.379820097477,2236.90185546875,29546500,0.0,0.0
2015-01-02,2236.90235221473,2269.7376161004504,2236.90235221473,2249.215576171875,70895500,0.0,0.0
2015-01-02,2249.2156602202867,2265.6332927766393,2241.0068439421107,2253.320068359375,36878000,0.0,0.0
2015-01-02,2253.320144681216,2257.4245529593236,2245.111328125,2245.111328125,41165500,0.0,0.0
2015-01-02,2241.0062625430046,2261.5282979142776,2236.90185546875,2236.90185546875,58809500,0.0,0.0
2015-01-02,2236.9025733961907,2249.2157985708486,2191.754081089112,2212.276123046875,82101000,0.0,0.0
2015-01-02,2208.1714795102052,2257.4243749639645,2183.5450317833256,2224.589111328125,65003500,0.0,0.0
2015-01-02,2199.962254050926,2224.5886971932873,2187.6490324797455,2216.3798828125,50187000,0.0,0.0
2015-01-02,2236.9019187644676,2257.423954716435,2216.3798828125,2216.3798828125,69145000,0.0,0.0
2015-01-02,2232.797511574074,2241.006325954861,2216.3798828125,2216.3798828125,35987500,0.0,0.0
2015-01-02,2212.275328692268,2253.319397870232,2191.753294103286,2232.79736328125,54548500,0.0,0.0
2015-01-02,2216.379820097477,2241.0062625430046,2216.379820097477,2236.90185546875,22845500,0.0,0.0
2015-01-02,2228.6929563634535,2241.006177116843,2216.3797356100645,2232.79736328125,45003000,0.0,0.0
2015-01-02,2220.4847458348127,2236.902377966678,2167.12744140625,2167.12744140625,64968500,0.0,0.0
2015-01-02,2199.962392266651,2208.171207163168,2150.709502887547,2187.649169921875,74970000,0.0,0.0
2015-01-02,2158.9180654849647,2175.335693359375,2142.500437610554,2175.335693359375,58611000,0.0,0.0
2015-01-02,2175.3361063792295,2199.9625528665415,2175.3361063792295,2183.544921875,42836500,0.0,0.0
2015-01-02,2183.544625289352,2224.5886971932873,2183.544625289352,2216.3798828125,53040500,0.0,0.0
2015-01-02,2224.588549445657,2241.006177116843,2216.3797356100645,2232.79736328125,41833500,0.0,0.0
2015-01-02,2212.2754756221066,2216.3798828125,2199.962254050926,2216.3798828125,61445000,0.0,0.0
2015-01-02,2228.693519282605,2228.693519282605,2179.4406238288457,2224.589111328125,89975500,0.0,0.0
2015-01-02,2232.797386363636,2282.0502698863634,2220.4841654829543,2257.423828125,37129500,0.0,0.0
2015-01-02,2261.528884637551,2261.528884637551,2232.7980276639346,2253.320068359375,19026000,0.0,0.0
2015-01-02,2216.380447330971,2220.4848555667695,2167.127548501394,2208.171630859375,64015500,0.0,0.0
2015-01-02,2167.1270057091347,2171.231412916917,2117.874119215745,2134.291748046875,112963500,0.0,0.0
2015-01-02,2134.2919731882293,2158.918419032709,2076.830266217777,2109.66552734375,81937500,0.0,0.0
2015-01-02,2113.770010471344,2154.814088344574,2101.456787109375,2101.456787109375,46801000,0.0,0.0
2015-01-02,2126.0839936933444,2158.9192677272185,2109.6663566764073,2150.71044921875,115876500,0.0,0.0
2015-01-02,2121.978402767541,2175.335693359375,2121.978402767541,2175.335693359375,61213000,0.0,0.0
2015-01-02,2183.544921875,2199.9625528665415,2154.814067639803,2183.544921875,44712500,0.0,0.0
2015-01-02,2183.5450484004336,2273.8420240861656,2171.231824443288,2249.215576171875,73984500,0.0,0.0
2015-01-02,2249.215425795403,2282.050687485847,2249.215425795403,2265.633056640625,66426000,0.0,0.0
2015-01-02,2249.2150142045452,2265.6326420454543,2228.692979403409,2257.423828125,27262000,0.0,0.0
2015-01-02,2241.0067768854356,2273.842041015625,2228.6935528366143,2273.842041015625,25633500,0.0,0.0
2015-01-02,2273.8420067818843,2282.050822690844,2191.7538476922855,2224.589111328125,52619000,0.0,0.0
2015-01-02,2167.127027388308,2175.335841885991,2130.1873621487343,2158.918212890625,148795000,0.0,0.0
2015-01-02,2109.6657289447207,2171.231849439216,2109.6657289447207,2167.12744140625,102339000,0.0,0.0
2015-01-02,2175.335693359375,2179.4401003279777,2163.022472453567,2175.335693359375,31860000,0.0,0.0
2015-01-02,2175.3362319740486,2187.649455928619,2121.978928170912,2130.187744140625,102204500,0.0,0.0
2015-01-02,2109.6657551442545,2126.0833874800073,2076.8304904727484,2085.039306640625,82035000,0.0,0.0
2015-01-02,2085.0388377514,2085.0388377514,2011.159508854697,2015.263916015625,127105500,0.0,0.0
2015-01-02,1986.5331722861843,2002.9508018092106,1945.4890984786184,1949.593505859375,109838000,0.0,0.0
2015-01-02,1871.6096450670632,1945.4889731618155,1805.939131205061,1855.1920166015625,173094000,0.0,0.0
2015-01-02,1888.0274015036964,1966.011142000588,1871.6097719254033,1908.5494384765625,184156000,0.0,0.0
2015-01-02,1945.4888916015625,1953.6977054901768,1892.1316013255703,1945.4888916015625,104006500,0.0,0.0
2015-01-02,1994.7420043945315,2093.247782389323,1994.7420043945315,2068.621337890625,113488500,0.0,0.0
2015-01-02,2109.66552734375,2117.874342625243,2093.2478967807633,2109.66552734375,108531000,0.0,0.0
2015-01-02,2109.665452587512,2117.874267578125,2089.1434151109797,2117.874267578125,98327000,0.0,0.0
2015-01-02,2109.6660738692844,2109.6660738692844,2052.2043520129223,2064.517578125,51436500,0.0,0.0
2015-01-02,2002.9506945328412,2043.9947661421206,2002.9506945328412,2015.263916015625,106837000,0.0,0.0
2015-01-02,2039.8903215609914,2043.9947286466272,2011.159471961541,2019.3682861328125,44130500,0.0,0.0
2015-01-02,2015.2643200932716,2015.2643200932716,1998.8466881576849,2011.159912109375,50424000,0.0,0.0
2015-01-02,2002.9509753341194,2002.9509753341194,1957.8024902343748,1957.802490234375,35620000,0.0,0.0
2015-01-02,1941.3845584675419,1970.1154081700213,1929.0713371664792,1937.2801513671875,66183500,0.0,0.0
2015-01-02,1953.6980824980344,1974.2201211797365,1953.6980824980344,1957.802490234375,53327500,0.0,0.0
2015-01-02,1945.4892670253537,1974.2201211797365,1933.1760438163324,1957.802490234375,63130500,0.0,0.0
2015-01-02,1970.115713443396,1970.115713443396,1953.6980824980344,1957.802490234375,45032500,0.0,0.0
2015-01-02,1970.1156944085744,1990.637732891997,1957.8024713185207,1986.5333251953125,35836000,0.0,0.0
2015-01-02,1970.115798247908,1986.533429899974,1941.3849428567928,1961.906982421875,38335000,0.0,0.0
2015-01-02,1953.6977054901768,1957.802112434484,1937.2800777129485,1945.4888916015625,66782000,0.0,0.0
2015-01-02,1961.9070533175168,2007.0555419921875,1957.802645256183,2007.0555419921875,57698000,0.0,0.0
2015-01-02,1986.5330658891294,2015.263916015625,1978.3242515672734,2015.263916015625,99438000,0.0,0.0
2015-01-02,1986.5336984246665,2007.055740763764,1974.2204730212077,1998.846923828125,47211000,0.0,0.0
2015-01-02,1978.324435261542,2002.9508805137602,1978.324435261542,1994.7420654296875,58871000,0.0,0.0
2015-01-02,1957.8023206208882,1970.115542763158,1945.4890984786184,1949.593505859375,90731500,0.0,0.0
2015-01-02,1957.8021868689586,1966.0110010696671,1924.9669300661249,1937.2801513671875,71245500,0.0,0.0
2015-01-02,1929.0714544824007,1929.0714544824007,1879.8185662828498,1883.9229736328125,49442500,0.0,0.0
2015-01-02,1867.5053226246553,1966.0110978839778,1855.19210071724,1953.6978759765625,68056000,0.0,0.0
2015-01-02,1970.1154372454175,2043.9947661421206,1953.6978086017057,2015.263916015625,91292000,0.0,0.0
2015-01-02,2019.3683654785157,2052.203623453776,1970.115478515625,1970.115478515625,49868500,0.0,0.0
2015-01-02,1970.115542763158,2027.57724609375,1949.593505859375,1949.593505859375,43348000,0.0,0.0
2015-01-02,2019.368282728461,2101.456424302789,1998.8462473348793,2060.412353515625,110755500,0.0,0.0
2015-01-02,2068.6215424408783,2146.6052910646417,2068.6215424408783,2126.083251953125,141434500,0.0,0.0
2015-01-02,2134.291748046875,2167.1270057091347,2126.08293363131,2134.291748046875,121875500,0.0,0.0
2015-01-02,2150.71044921875,2191.7545417610927,2138.397221456047,2150.71044921875,80631000,0.0,0.0
2015-01-02,2187.6494815710817,2204.067113702947,2167.12744140625,2167.12744140625,148204000,0.0,0.0
2015-01-02,2175.335631753797,2232.7973276869157,2175.335631753797,2195.857666015625,154913500,0.0,0.0
2015-01-02,2199.962592754585,2199.962592754585,2121.978844130822,2126.083251953125,86162000,0.0,0.0
2015-01-02,2134.2921521254816,2158.9186000346217,2121.978928170912,2130.187744140625,112243500,0.0,0.0
2015-01-02,2134.292049407959,2134.292049407959,2093.247971534729,2101.456787109375,80741500,0.0,0.0
2015-01-02,2101.4564285714287,2179.4401632254467,2101.4564285714287,2154.813720703125,75688000,0.0,0.0
2015-01-02,2179.440665505149,2183.5450735381155,2158.9186253403172,2167.12744140625,76519500,0.0,0.0
2015-01-02,2183.544762473616,2216.380022059686,2183.544762473616,2187.649169921875,48500500,0.0,0.0
2015-01-02,2208.1714623294656,2216.3802781745567,2191.753830639284,2199.962646484375,41297500,0.0,0.0
2015-01-02,2261.5290237455065,2261.5290237455065,2204.0673062637698,2212.276123046875,54593500,0.0,0.0
2015-01-02,2241.0068359375,2253.320060310783,2228.693611564217,2241.0068359375,72511000,0.0,0.0
2015-01-02,2224.5892034397893,2249.2156521863553,2208.1715709420787,2241.0068359375,41899000,0.0,0.0
2015-01-02,2204.0669134150553,2253.3198053349447,2204.0669134150553,2228.693359375,51959500,0.0,0.0
2015-01-02,2236.9019506186132,2253.3195796139794,2134.291769397576,2158.918212890625,73029000,0.0,0.0
2015-01-02,2175.335972512415,2175.335972512415,2117.874267578125,2117.874267578125,66730000,0.0,0.0
2015-01-02,2101.456947162427,2117.874579562133,2080.9349066627938,2097.3525390625,85304000,0.0,0.0
2015-01-02,2117.87414040221,2171.2314346371495,2117.87414040221,2158.918212890625,61280000,0.0,0.0
2015-01-02,2175.3358001993133,2236.901907752124,2175.3358001993133,2204.066650390625,81950500,0.0,0.0
2015-01-02,2216.380295419165,2253.3199670094846,2187.6494397378056,2224.589111328125,58454500,0.0,0.0
2015-01-02,2257.4243749639645,2257.4243749639645,2208.1714795102052,2224.589111328125,28853500,0.0,0.0
2015-01-02,2216.3798270089287,2216.3798270089287,2138.3960923549107,2154.813720703125,37358000,0.0,0.0
2015-01-02,2134.2919827429882,2175.3360593341995,2121.978759765625,2121.978759765625,68137000,0.0,0.0
2015-01-02,2126.0833361557684,2154.814192049765,2121.978928170912,2130.187744140625,43298000,0.0,0.0
2015-01-02,2130.187744140625,2183.5450479437623,2130.187744140625,2130.187744140625,26996500,0.0,0.0
2015-01-02,2126.8900828850337,2147.4994829129896,2126.8900828850337,2131.011962890625,39106500,11.0,0.0
2015-01-02,2118.6461333045663,2126.889892578125,2085.671096210332,2126.889892578125,36399000,0.0,0.0
2015-01-02,2159.865424107143,2192.84046875,2159.865424107143,2163.9873046875,77918000,0.0,0.0
2015-01-02,2163.987168846349,2196.9622114192457,2151.621527881513,2155.743408203125,34843500,0.0,0.0
2015-01-02,2159.8655624095077,2180.4749666309726,2135.13427734375,2135.13427734375,85414000,0.0,0.0
2015-01-02,2135.133846616564,2176.3526467442966,2126.8900865910173,2168.10888671875,51167500,0.0,0.0
2015-01-02,2184.596814607319,2196.962456954153,2172.2311722604854,2192.840576171875,52341000,0.0,0.0
2015-01-02,2184.596678781598,2238.181125619637,2184.596678781598,2221.693603515625,94665500,0.0,0.0
2015-01-02,2221.693549262153,2246.4248318142363,2217.5716688368057,2225.8154296875,51458500,0.0,0.0
2015-01-02,2242.302651340111,2262.912050709046,2225.815131844963,2229.93701171875,84898500,0.0,0.0
2015-01-02,2242.3027269486693,2242.3027269486693,2159.8651266932034,2168.10888671875,23257500,0.0,0.0
2015-01-02,2159.8653428819443,2163.987223307292,2040.330810546875,2040.330810546875,356188000,0.0,0.0
2015-01-02,2093.9150740713444,2196.962075748084,2093.9150740713444,2184.596435546875,144760000,0.0,0.0
2015-01-02,2188.718695389597,2217.571860865543,2159.8655299136512,2192.840576171875,69710500,0.0,0.0
2015-01-02,2176.3530530427633,2201.084337736431,2163.987410695929,2192.840576171875,38554500,0.0,0.0
2015-01-02,2192.84046875,2192.84046875,2159.865424107143,2163.9873046875,45929500,0.0,0.0
2015-01-02,2176.352729206049,2201.084010219754,2172.2308490370983,2180.474609375,49197000,0.0,0.0
2015-01-02,2155.743026762686,2201.083702277771,2143.3773879858445,2147.499267578125,52757500,0.0,0.0
2015-01-02,2147.499267578125,2147.499267578125,2147.499267578125,2147.499267578125,0,0.0,0.0
2015-01-02,2126.890299479167,2225.8154296875,2126.890299479167,2225.8154296875,76059500,0.0,0.0
2015-01-02,2217.5710883863044,2217.5710883863044,2147.499139496774,2176.352294921875,59727500,0.0,0.0
2015-01-02,2143.3772601503315,2176.352294921875,2135.1335014574456,2176.352294921875,47580500,0.0,0.0
2015-01-02,2151.621473938454,2176.352755248092,2151.621473938454,2159.865234375,47291500,0.0,0.0
2015-01-02,2205.206081411613,2234.059245093634,2188.718559307601,2221.693603515625,70100000,0.0,0.0
2015-01-02,2275.2775268554688,2275.2775268554688,2238.1806106567383,2242.302490234375,114667500,0.0,0.0
2015-01-02,2217.5715308955578,2225.8152912334594,2180.474609375,2180.474609375,90887000,0.0,0.0
2015-01-02,2168.1090766573766,2205.206000022237,2168.1090766573766,2172.23095703125,34568000,0.0,0.0
2015-01-02,2176.352294921875,2192.8398123076468,2172.230415575432,2176.352294921875,61600500,0.0,0.0
2015-01-02,2168.1090766573766,2192.8403589006166,2163.987196283503,2172.23095703125,45442000,0.0,0.0
2015-01-02,2159.864996189024,2209.3275533536585,2159.864996189024,2196.9619140625,65440500,0.0,0.0
2015-01-02,2176.3526754127356,2209.3277159492923,2176.3526754127356,2184.596435546875,57153500,0.0,0.0
2015-01-02,2184.596814607319,2258.7906686883225,2184.596814607319,2192.840576171875,72863000,0.0,0.0
2015-01-02,2172.2308490370983,2213.4496507266067,2168.1089688681473,2180.474609375,77479500,0.0,0.0
2015-01-02,2176.352409462617,2234.058723349883,2176.352409462617,2205.20556640625,96609000,0.0,0.0
2015-01-02,2196.9616916540895,2225.8148470791903,2176.352294921875,2176.352294921875,105370000,0.0,0.0
2015-01-02,2159.865206204928,2168.1089665339546,2143.377685546875,2143.377685546875,146746500,0.0,0.0
2015-01-02,2135.1339252178486,2159.865206204928,2135.1339252178486,2143.377685546875,125820000,0.0,0.0
2015-01-02,2135.133481732537,2139.255361040901,2102.158447265625,2102.158447265625,75952000,0.0,0.0
2015-01-02,2126.8901926288167,2180.4746354663644,2126.8901926288167,2159.865234375,86093500,0.0,0.0
2015-01-02,2180.474717778997,2192.8403589006166,2168.1090766573766,2172.23095703125,76587000,0.0,0.0
2015-01-02,2143.3773879858445,2168.1086655395275,2139.255508393564,2147.499267578125,119213500,0.0,0.0
2015-01-02,2159.865206204928,2168.1089665339546,2143.377685546875,2143.377685546875,68326000,0.0,0.0
2015-01-02,2118.6464580322736,2159.8652607177264,2114.5245777637283,2139.255859375,81317000,0.0,0.0
2015-01-02,2151.621527881513,2159.865288524737,2135.1340065950644,2155.743408203125,54711000,0.0,0.0
2015-01-02,2143.3773879858445,2155.743026762686,2139.255508393564,2147.499267578125,75676000,0.0,0.0
2015-01-02,2151.621800720922,2151.621800720922,2135.13427734375,2135.13427734375,76938000,0.0,0.0
2015-01-02,2151.6214458759014,2159.865206204928,2135.1339252178486,2143.377685546875,71511000,0.0,0.0
2015-01-02,2176.3529464285716,2180.4748270089285,2147.4997823660715,2163.9873046875,56835500,0.0,0.0
2015-01-02,2151.6214458759014,2168.1089665339546,2139.255805382362,2143.377685546875,57143000,0.0,0.0
2015-01-02,2159.865234375,2176.352755248092,2155.743354156727,2159.865234375,122278500,0.0,0.0
2015-01-02,2159.8651266932034,2188.7182867826164,2159.8651266932034,2168.10888671875,126774000,0.0,0.0
2015-01-02,2176.352755248092,2180.4746354663644,2139.2558332836356,2159.865234375,175698000,0.0,0.0
2015-01-02,2159.8652085302456,2180.474609375,2139.2558076854916,2180.474609375,89371000,0.0,0.0
2015-01-02,2180.4746354663644,2180.4746354663644,2155.743354156727,2159.865234375,96631000,0.0,0.0
2015-01-02,2143.3775779753355,2159.865097805915,2139.2556980176905,2151.621337890625,65229000,0.0,0.0
2015-01-02,2143.3776066421105,2184.5964067698433,2143.3776066421105,2168.10888671875,82874000,0.0,0.0
2015-01-02,2159.8650252415036,2238.180741805604,2159.8650252415036,2213.449462890625,265133500,0.0,0.0
2015-01-02,2209.328099300987,2213.449980083265,2176.3530530427633,2192.840576171875,54516500,0.0,0.0
2015-01-02,2184.596138072328,2209.327415107109,2184.596138072328,2188.718017578125,69001500,0.0,0.0
2015-01-02,2176.3524622542136,2234.058777541257,2176.3524622542136,2201.083740234375,159586000,0.0,0.0
2015-01-02,2205.2055356013125,2234.0586921418903,2184.596138072328,2188.718017578125,121062500,0.0,0.0
2015-01-02,2209.3274995610955,2217.571258887816,2196.9618605710148,2201.083740234375,64452500,0.0,0.0
2015-01-02,2196.9619969609957,2229.937036315007,2196.9619969609957,2209.32763671875,100538500,0.0,0.0
2015-01-02,2209.32763671875,2221.6932764765043,2201.0838768802473,2209.32763671875,76406500,0.0,0.0
2015-01-02,2225.815156395756,2238.18079615351,2209.32763671875,2209.32763671875,146528500,0.0,0.0
2015-01-02,2192.840137467074,2192.840137467074,2131.0119381024006,2151.621337890625,147712000,0.0,0.0
2015-01-02,2147.49967478801,2184.59659815287,2143.3777944141366,2172.23095703125,55658000,0.0,0.0
2015-01-02,2176.352755248092,2188.7183959029103,2147.4995937201816,2159.865234375,92492000,0.0,0.0
2015-01-02,2147.499267578125,2168.1086655395275,2122.767990024442,2147.499267578125,84799500,0.0,0.0
2015-01-02,2159.865288524737,2176.3528098111856,2147.499647559901,2155.743408203125,74008000,0.0,0.0
2015-01-02,2168.108702927493,2225.8150182145364,2168.108702927493,2201.083740234375,141175000,0.0,0.0
2015-01-02,2225.815484041628,2229.937364567631,2205.206081411613,2221.693603515625,138837000,0.0,0.0
2015-01-02,2221.6932764765043,2234.0589162342585,2201.0838768802473,2209.32763671875,79590500,0.0,0.0
2015-01-02,2229.9371737228453,2234.059053896085,2196.962132336925,2217.571533203125,126069500,0.0,0.0
2015-01-02,2213.449492223602,2234.0588915925373,2213.449492223602,2229.93701171875,115057500,0.0,0.0
2015-01-02,2242.3022991482508,2258.7898160537525,2229.9366614691244,2238.180419921875,102347000,0.0,0.0
2015-01-02,2242.3022991482508,2250.5460576010014,2225.8147822427486,2238.180419921875,105623000,0.0,0.0
2015-01-02,2225.815156395756,2238.18079615351,2176.352597364739,2209.32763671875,110122000,0.0,0.0
2015-01-02,2196.9619969609957,2217.5713965572527,2168.108837526236,2209.32763671875,109073500,0.0,0.0
2015-01-02,2209.32763671875,2209.32763671875,2209.32763671875,2209.32763671875,0,0.0,0.0
2015-01-02,2209.32763671875,2209.32763671875,2209.32763671875,2209.32763671875,0,0.0,0.0
2015-01-02,2238.180419921875,2242.3022991482508,2225.8147822427486,2238.180419921875,70072000,0.0,0.0
2015-01-02,2242.302490234375,2246.4243698120117,2229.936851501465,2242.302490234375,72058000,0.0,0.0
2015-01-02,2254.6685926649307,2283.5217556423613,2246.4248318142363,2262.912353515625,125371000,0.0,0.0
2015-01-02,2250.5467662950505,2295.8874520628992,2234.0592441976505,2258.79052734375,120955000,0.0,0.0
2015-01-02,2258.7901223627496,2291.7651606454174,2250.5463627920826,2271.15576171875,46224000,0.0,0.0
2015-01-02,2267.034397893773,2267.034397893773,2238.1812328296705,2250.546875,47434000,0.0,0.0
2015-01-02,2250.5467122395835,2250.5467122395835,2213.4497884114585,2225.8154296875,52128000,0.0,0.0
2015-01-02,2209.3275533536585,2217.5713128810976,2184.5962747713415,2196.9619140625,73214500,0.0,0.0
2015-01-02,2196.96223927449,2196.96223927449,2151.6215551618834,2172.23095703125,59829500,0.0,0.0
2015-01-02,2172.2309294895736,2180.4746901327976,2155.743408203125,2155.743408203125,88822500,0.0,0.0
2015-01-02,2163.9873046875,2217.571752232143,2163.9873046875,2163.9873046875,137086000,0.0,0.0
2015-01-02,2188.718695389597,2196.962456954153,2172.2311722604854,2192.840576171875,107951000,0.0,0.0
2015-01-02,2192.840576171875,2196.962456954153,2176.3530530427633,2192.840576171875,73802500,0.0,0.0
2015-01-02,2213.449433117378,2213.449433117378,2192.84003429878,2196.9619140625,49630500,0.0,0.0
2015-01-02,2196.9619140625,2217.5713128810976,2192.84003429878,2196.9619140625,83700500,0.0,0.0
2015-01-02,2192.840137467074,2213.4495372552983,2151.621337890625,2151.621337890625,89264000,0.0,0.0
2015-01-02,2176.352755248092,2184.5965156846373,2159.865234375,2159.865234375,101318500,0.0,0.0
2015-01-02,2159.865288524737,2176.3528098111856,2155.743408203125,2155.743408203125,70473500,0.0,0.0
2015-01-02,2155.743408203125,2155.743408203125,2155.743408203125,2155.743408203125,0,0.0,0.0
2015-01-02,2143.3775779753355,2163.9869777635595,2139.2556980176905,2151.621337890625,56727000,0.0,0.0
2015-01-02,2151.621337890625,2151.621337890625,2151.621337890625,2151.621337890625,0,0.0,0.0
2015-01-02,2151.621337890625,2151.621337890625,2151.621337890625,2151.621337890625,0,0.0,0.0
2015-01-02,2169.073486328125,2169.073486328125,2169.073486328125,2169.073486328125,0,21.0,0.0
2015-01-02,2169.073486328125,2169.073486328125,2169.073486328125,2169.073486328125,0,0.0,0.0
2015-01-02,2169.073486328125,2169.073486328125,2169.073486328125,2169.073486328125,0,0.0,0.0
2015-01-02,2164.9183368246063,2185.6949043565123,2160.7630233182254,2177.38427734375,69313000,0.0,0.0
2015-01-02,2177.38427734375,2181.5395908501314,2160.7630233182254,2177.38427734375,62586000,0.0,0.0
2015-01-02,2177.384481026786,2185.6951088169644,2169.073853236607,2181.539794921875,39264000,0.0,0.0
2015-01-02,2177.38427734375,2181.5395908501314,2148.2970827990816,2177.38427734375,62079000,0.0,0.0
2015-01-02,2169.074138626629,2169.074138626629,2123.365679766681,2152.452880859375,129737500,0.0,0.0
2015-01-02,2152.452233559327,2169.073486328125,2148.2969203671273,2169.073486328125,64185500,0.0,0.0
2015-01-02,2181.5394659646413,2189.8500925016497,2160.762899622121,2164.918212890625,68854000,0.0,0.0
2015-01-02,2164.9181731359254,2181.5394259047234,2160.7628599437257,2169.073486328125,61001500,0.0,0.0
2015-01-02,2177.38427734375,2181.5395908501314,2156.607709811844,2177.38427734375,26048000,0.0,0.0
2015-01-02,2181.5394259047234,2189.8500522891222,2164.9181731359254,2169.073486328125,82224500,0.0,0.0
2015-01-02,2169.0736503309877,2177.38427734375,2164.9183368246063,2177.38427734375,75545000,0.0,0.0
2015-01-02,2177.384481026786,2194.005736607143,2169.073853236607,2181.539794921875,91446000,0.0,0.0
2015-01-02,2169.074014913425,2210.627156961575,2169.074014913425,2189.8505859375,158328000,0.0,0.0
2015-01-02,2185.69482421875,2210.6267043429184,2177.384197510694,2185.69482421875,91480000,0.0,0.0
2015-01-02,2177.384197510694,2194.005450926806,2177.384197510694,2185.69482421875,43259500,0.0,0.0
2015-01-02,2160.7629440945816,2194.005450926806,2160.7629440945816,2185.69482421875,75686000,0.0,0.0
2015-01-02,2177.3841526961373,2177.3841526961373,2152.4522730851127,2164.918212890625,84077000,0.0,0.0
2015-01-02,2164.9184974083532,2169.0738112229565,2144.1419283353366,2160.76318359375,64829000,0.0,0.0
2015-01-02,2144.1416465481047,2169.073526159129,2144.1416465481047,2164.918212890625,66771000,0.0,0.0
2015-01-02,2160.763224048651,2164.9185379410524,2152.4525962638486,2156.60791015625,105881500,0.0,0.0
2015-01-02,2152.4522730851127,2164.918212890625,2152.4522730851127,2164.918212890625,68004000,0.0,0.0
2015-01-02,2160.7630233182254,2177.38427734375,2148.2970827990816,2177.38427734375,31748500,0.0,0.0
2015-01-02,2169.073851833454,2173.2291657258547,2156.60791015625,2156.60791015625,69157000,0.0,0.0
2015-01-02,2160.76318359375,2164.9184974083532,2139.986614520733,2160.76318359375,84150500,0.0,0.0
2015-01-02,2173.2288394276334,2173.2288394276334,2144.1416465481047,2164.918212890625,42055000,0.0,0.0
2015-01-02,2160.76318359375,2164.9184974083532,2144.1419283353366,2160.76318359375,80811500,0.0,0.0
2015-01-02,2164.9179377700343,2210.6263779148912,2156.607312289151,2194.005126953125,99330000,0.0,0.0
2015-01-02,2210.62694936899,2210.62694936899,2160.76318359375,2160.76318359375,160724000,0.0,0.0
2015-01-02,2177.384643323055,2189.8505859375,2169.074014913425,2189.8505859375,82418000,0.0,0.0
2015-01-02,2177.384197510694,2194.005450926806,2173.228884156666,2185.69482421875,88747000,0.0,0.0
2015-01-02,2169.073853236607,2185.6951088169644,2164.9185393415178,2181.539794921875,53839500,0.0,0.0
2015-01-02,2181.539794921875,2194.005736607143,2173.2291671316966,2181.539794921875,105900000,0.0,0.0
2015-01-02,2185.6949043565123,2185.6949043565123,2173.228963837369,2177.38427734375,87665500,0.0,0.0
2015-01-02,2173.228963837369,2181.5395908501314,2160.7630233182254,2177.38427734375,89579500,0.0,0.0
2015-01-02,2164.9184974083532,2169.0738112229565,2152.452555964543,2160.76318359375,67474500,0.0,0.0
2015-01-02,2156.607746293974,2160.7630598706482,2144.1418055639506,2148.297119140625,77928000,0.0,0.0
2015-01-02,2135.8311750856165,2152.4524293664385,2119.2099208047944,2123.365234375,75798500,0.0,0.0
2015-01-02,2110.8986920902234,2135.83056640625,2106.7433797042195,2135.83056640625,78620500,0.0,0.0
2015-01-02,2135.831178410602,2152.4524327172994,2127.5205512572534,2148.297119140625,35512500,0.0,0.0
2015-01-02,2152.452555964543,2164.9184974083532,2148.29724214994,2160.76318359375,49661000,0.0,0.0
2015-01-02,2160.7628542877906,2164.9181674691135,2135.830975199855,2144.1416015625,60702000,0.0,0.0
2015-01-02,2144.141721491228,2152.4523483187136,2115.0545275950294,2131.67578125,46267000,0.0,0.0
2015-01-02,2131.67578125,2144.141721491228,2115.0545275950294,2131.67578125,89712000,0.0,0.0
2015-01-02,2131.675662018532,2173.2287938317586,2131.675662018532,2144.1416015625,60166000,0.0,0.0
2015-01-02,2144.142251975748,2164.9188241848155,2135.831623092121,2152.452880859375,30252000,0.0,0.0
2015-01-02,2139.986488655822,2152.4524293664385,2098.433352953767,2123.365234375,86883500,0.0,0.0
2015-01-02,2102.58838558197,2131.675576686859,2102.58838558197,2127.520263671875,44316000,0.0,0.0
2015-01-02,2131.6757067425924,2181.5394659646413,2131.6757067425924,2164.918212890625,121856000,0.0,0.0
2015-01-02,2185.6950701950186,2210.626953125,2185.6950701950186,2210.626953125,200147000,0.0,0.0
2015-01-02,2227.2481678001877,2235.558795291979,2206.471599070708,2214.7822265625,186770500,0.0,0.0
2015-01-02,2223.0927702069057,2239.714024563593,2194.005575082703,2198.160888671875,126695500,0.0,0.0
2015-01-02,2218.937744140625,2260.4908854166665,2202.3164876302085,2243.86962890625,197073000,0.0,0.0
2015-01-02,2260.4904829545453,2306.1989302201705,2252.1798561789774,2285.42236328125,190642000,0.0,0.0
2015-01-02,2293.732666015625,2297.887978816378,2285.4220404141192,2293.732666015625,138530500,0.0,0.0
2015-01-02,2310.354573273917,2318.665201235334,2297.8886313317917,2302.0439453125,148394000,0.0,0.0
2015-01-02,2297.888391113281,2331.130899483817,2297.888391113281,2326.9755859375,195893000,0.0,0.0
2015-01-02,2310.3539251512098,2326.9751764112902,2297.887986706149,2318.66455078125,116023000,0.0,0.0
2015-01-02,2326.975831785402,2380.994913594706,2326.975831785402,2376.839599609375,195665500,0.0,0.0
2015-01-02,2385.150228427768,2405.926798361808,2380.99491444096,2401.771484375,142149000,0.0,0.0
2015-01-02,2414.237020695742,2439.16890042754,2410.081707407109,2418.392333984375,202871500,0.0,0.0
2015-01-02,2410.081503469234,2426.7027552172976,2368.528374099075,2414.23681640625,111507000,0.0,0.0
2015-01-02,2414.2368559738684,2422.5474819841056,2389.304977943157,2410.08154296875,111434500,0.0,0.0
2015-01-02,2414.236602038872,2414.236602038872,2360.217538654181,2385.1494140625,138118000,0.0,0.0
2015-01-02,2397.6157675412105,2435.013587138907,2393.4604542525776,2418.392333984375,208198500,0.0,0.0
2015-01-02,2410.0819076987655,2410.0819076987655,2376.839398627058,2397.615966796875,94670000,0.0,0.0
2015-01-02,2410.082112348616,2430.858682282656,2401.771484375,2401.771484375,115674000,0.0,0.0
2015-01-02,2389.3048762473736,2489.032384125525,2389.3048762473736,2472.4111328125,221091000,0.0,0.0
2015-01-02,2472.412148030599,2493.188720703125,2464.1015189615887,2493.188720703125,158875000,0.0,0.0
2015-01-02,2493.188272772329,2501.4989003482365,2480.722331408467,2489.032958984375,115363500,0.0,0.0
2015-01-02,2493.188720703125,2505.654664306641,2489.03340616862,2493.188720703125,131859500,0.0,0.0
2015-01-02,2501.4989425962335,2534.7414534613,2493.188314879967,2509.8095703125,175943500,0.0,0.0
2015-01-02,2518.1201980287665,2543.0520811775664,2489.0330010218336,2509.8095703125,79174000,0.0,0.0
2015-01-02,2509.809978841146,2509.809978841146,2484.8780916341148,2493.188720703125,96702000,0.0,0.0
2015-01-02,2493.188068300585,2493.188068300585,2468.2561876175796,2484.87744140625,64883500,0.0,0.0
2015-01-02,2509.809322089256,2509.809322089256,2476.566814511915,2484.87744140625,107876500,0.0,0.0
2015-01-02,2497.34403523763,2530.586551513672,2484.8780916341148,2493.188720703125,131484500,0.0,0.0
2015-01-02,2518.119787881541,2530.5857274255086,2493.187908793605,2501.49853515625,104034500,0.0,0.0
2015-01-02,2526.430049070248,2526.430049070248,2509.8087987474173,2513.964111328125,60200500,0.0,0.0
2015-01-02,2513.9644803498923,2543.051672684519,2513.9644803498923,2526.430419921875,186254500,0.0,0.0
2015-01-02,2559.6727653952207,2567.9833912568934,2534.7408878102024,2543.051513671875,169403500,0.0,0.0
2015-01-02,2559.6727653952207,2559.6727653952207,2538.8962007410387,2543.051513671875,110468500,0.0,0.0
2015-01-02,2576.294800404051,2576.294800404051,2509.8097732968495,2538.89697265625,76704500,0.0,0.0
2015-01-02,2543.051513671875,2551.362139533548,2538.8962007410387,2543.051513671875,111416000,0.0,0.0
2015-01-02,2551.3624647797133,2551.3624647797133,2489.032762871414,2534.7412109375,71705000,0.0,0.0
2015-01-02,2534.741046303197,2534.741046303197,2518.119793540553,2526.430419921875,48785500,0.0,0.0
2015-01-02,2530.5855203079504,2530.5855203079504,2484.8770790544404,2497.343017578125,40904000,0.0,0.0
2015-01-02,2497.34403523763,2497.34403523763,2484.8780916341148,2493.188720703125,70749500,0.0,0.0
2015-01-02,2468.256029705669,2522.2751010628635,2468.256029705669,2501.49853515625,169155000,0.0,0.0
2015-01-02,2468.256833496094,2505.654664306641,2468.256833496094,2493.188720703125,56229500,0.0,0.0
2015-01-02,2501.4993497721352,2543.0524951171874,2489.03340616862,2493.188720703125,63478000,0.0,0.0
2015-01-02,2538.8971805826823,2538.8971805826823,2489.03340616862,2493.188720703125,74444000,0.0,0.0
2015-01-02,2501.4983304193534,2509.8089561018096,2484.8770790544404,2497.343017578125,70876500,0.0,0.0
2015-01-02,2543.051672684519,2543.051672684519,2509.809167159231,2526.430419921875,137103000,0.0,0.0
2015-01-02,2543.051466613468,2543.051466613468,2518.1195894898065,2522.27490234375,88467500,0.0,0.0
2015-01-02,2522.2751010628635,2522.2751010628635,2489.032595612282,2501.49853515625,86764000,0.0,0.0
2015-01-02,2501.4983304193534,2509.8089561018096,2468.255827689528,2497.343017578125,108835000,0.0,0.0
2015-01-02,2484.8776451964213,2493.188272772329,2459.945762468698,2489.032958984375,92904000,0.0,0.0
2015-01-02,2526.430825745033,2543.0520811775664,2489.0330010218336,2509.8095703125,159713000,0.0,0.0
2015-01-02,2509.8095703125,2530.5861396031664,2493.188314879967,2509.8095703125,151477000,0.0,0.0
2015-01-02,2534.7412109375,2538.8965243980533,2509.8093301741806,2534.7412109375,70684000,0.0,0.0
2015-01-02,2526.430825745033,2538.896767319433,2509.8095703125,2509.8095703125,74726500,0.0,0.0
2015-01-02,2509.8089637819194,2530.585528051637,2505.653650927976,2522.27490234375,93367000,0.0,0.0
2015-01-02,2551.3623046875,2592.915436685668,2547.2069914876834,2551.3623046875,112772500,0.0,0.0
2015-01-02,2572.138916015625,2592.9154823808562,2555.51766292344,2572.138916015625,111259000,0.0,0.0
2015-01-02,2572.1388706865837,2572.1388706865837,2534.741051888233,2551.3623046875,56087500,0.0,0.0
2015-01-02,2509.8093490600586,2659.400634765625,2493.1880950927734,2659.400634765625,121486000,0.0,0.0
2015-01-02,2588.7607425831898,2605.3819993573998,2559.6735432283226,2563.828857421875,104262000,0.0,0.0
2015-01-02,2576.2945585751195,2642.779579441574,2576.2945585751195,2613.6923828125,131983000,0.0,0.0
2015-01-02,2655.245561927747,2659.4008757961783,2576.294598427548,2609.537109375,146694500,0.0,0.0
2015-01-02,2651.090047773621,2692.643183318662,2651.090047773621,2655.245361328125,78715000,0.0,0.0
2015-01-02,2692.6429760971787,2692.6429760971787,2642.7792172805644,2651.08984375,81285000,0.0,0.0
2015-01-02,2617.848062635977,2659.401206487342,2617.848062635977,2626.15869140625,63367500,0.0,0.0
2015-01-02,2659.4005051505546,2667.71113172915,2617.8473722575773,2622.002685546875,58324500,0.0,0.0
2015-01-02,2659.401206487342,2659.401206487342,2617.848062635977,2626.15869140625,46006500,0.0,0.0
2015-01-02,2609.537109375,2646.9349341908837,2601.226481638137,2609.537109375,24959000,0.0,0.0
2015-01-02,2646.935263331932,2646.935263331932,2613.6927482508404,2626.15869140625,72176500,0.0,0.0
2015-01-02,2626.1582813752,2634.4689088479067,2555.5179478571963,2592.915771484375,78936000,0.0,0.0
2015-01-02,2592.9155226031553,2605.3814626156704,2551.362389228105,2567.983642578125,57745000,0.0,0.0
2015-01-02,2572.139604399476,2667.711835257615,2555.51834685893,2626.15869140625,107271500,0.0,0.0
2015-01-02,2626.158286040684,2646.9348547593604,2626.158286040684,2642.779541015625,114630500,0.0,0.0
2015-01-02,2659.4010416666665,2671.866984049479,2651.0904134114585,2667.711669921875,160526000,0.0,0.0
2015-01-02,2655.245361328125,2684.332556209654,2630.3134800011003,2655.245361328125,43748000,0.0,0.0
2015-01-02,2634.468419828869,2651.0896716889883,2617.84716796875,2617.84716796875,38996000,0.0,0.0
2015-01-02,2634.469320176523,2634.469320176523,2622.0033770211135,2626.15869140625,52681000,0.0,0.0
2015-01-02,2638.6238528895037,2638.6238528895037,2584.6047818854663,2605.38134765625,64539500,0.0,0.0
2015-01-02,2597.0710016066027,2609.5369424143146,2572.1391199911795,2576.29443359375,105666000,0.0,0.0
2015-01-02,2592.9156880040323,2592.9156880040323,2572.1391199911795,2576.29443359375,61653500,0.0,0.0
2015-01-02,2576.2943934933573,2588.760334107035,2572.139079955465,2580.44970703125,79667000,0.0,0.0
2015-01-02,2580.4498302753154,2592.915771484375,2563.828575329903,2592.915771484375,72105000,0.0,0.0
2015-01-02,2576.2943934933573,2592.9156476449275,2563.82845287968,2580.44970703125,65543500,0.0,0.0
2015-01-02,2576.294269253135,2601.2261492781654,2567.983642578125,2567.983642578125,77657500,0.0,0.0
2015-01-02,2567.9836027425786,2580.4495425617174,2547.2070363773473,2572.138916015625,101446000,0.0,0.0
2015-01-02,2576.2948000025326,2576.2948000025326,2543.0522864541126,2563.828857421875,68455000,0.0,0.0
2015-01-02,2551.362551978327,2576.29443359375,2543.0519247731854,2576.29443359375,62182500,0.0,0.0
2015-01-02,2534.74097313819,2580.4494169160916,2509.80909471388,2559.6728515625,110497000,0.0,0.0
2015-01-02,2559.6731791834677,2592.9156880040323,2559.6731791834677,2576.29443359375,106514500,0.0,0.0
2015-01-02,2576.2940171185664,2588.7599559110754,2534.7408878102024,2543.051513671875,126875000,0.0,0.0
2015-01-02,2543.052123422106,2563.8286930579075,2530.586181640625,2530.586181640625,69882500,0.0,0.0
2015-01-02,2493.188268606261,2493.188268606261,2410.0819929860522,2439.169189453125,222566500,0.0,0.0
2015-01-02,2393.460489130435,2393.460489130435,2318.6648488451087,2389.30517578125,156689000,0.0,0.0
2015-01-02,2376.8392010980456,2472.4114067366036,2343.596694788982,2418.392333984375,135474500,0.0,0.0
2015-01-02,2422.5478544640014,2480.7222454802895,2422.5478544640014,2447.479736328125,129035500,0.0,0.0
2015-01-02,2451.63525390625,2468.2565098649366,2443.3246259269067,2451.63525390625,120499000,0.0,0.0
2015-01-02,2443.3244226841043,2451.6350499721457,2430.8584817520427,2447.479736328125,80701500,0.0,0.0
2015-01-02,2443.3244226841043,2455.7903636161664,2430.8584817520427,2447.479736328125,87375000,0.0,0.0
2015-01-02,2410.082032916489,2447.479857565193,2410.082032916489,2435.013916015625,129317000,0.0,0.0
2015-01-02,2435.013835465827,2451.635090315423,2430.858521753428,2443.324462890625,51143500,0.0,0.0
2015-01-02,2410.081707407109,2443.324213716173,2393.4604542525776,2418.392333984375,83313000,0.0,0.0
2015-01-02,2410.081503469234,2418.392129343266,2401.7708775952024,2414.23681640625,71262500,0.0,0.0
2015-01-02,2401.7711158288043,2414.2370558763587,2380.9945490828804,2389.30517578125,75786000,0.0,0.0
2015-01-02,2380.994101494447,2397.6153517666594,2347.751600950022,2385.1494140625,101969000,0.0,0.0
2015-01-02,2385.150227580037,2393.4608555506993,2372.6842856240437,2376.839599609375,163078500,0.0,0.0
2015-01-02,2388.5312247440734,2434.464517527613,2384.355470854661,2421.937255859375,107127500,14.0,0.0
2015-01-02,2446.9917266689736,2526.3310488647253,2434.4644652696443,2451.16748046875,137411500,0.0,0.0
2015-01-02,2451.1681866434246,2476.222716660223,2421.9379016238267,2446.992431640625,64879000,0.0,0.0
2015-01-02,2455.3432342685264,2463.6947418680793,2438.6402190694207,2451.16748046875,59009500,0.0,0.0
2015-01-02,2455.3439416462243,2459.5196966490244,2438.6409216350257,2446.992431640625,69524500,0.0,0.0
2015-01-02,2421.9372309470664,2484.5735386439733,2421.9372309470664,2455.34326171875,121795500,0.0,0.0
2015-01-02,2472.046277104592,2472.046277104592,2446.9917540258293,2455.34326171875,86596000,0.0,0.0
2015-01-02,2451.1675078722897,2467.8705232581315,2421.9372309470664,2455.34326171875,121360000,0.0,0.0
2015-01-02,2455.3440462791314,2505.453108448093,2455.3440462791314,2463.695556640625,128356000,0.0,0.0
2015-01-02,2459.519340812051,2476.2223584066996,2455.3435864133885,2467.870849609375,125417000,0.0,0.0
2015-01-02,2455.3436130832984,2505.4526664115288,2446.99210419526,2472.046630859375,105628500,0.0,0.0
2015-01-02,2421.937498341999,2476.2223043393196,2421.937498341999,2459.519287109375,53658000,0.0,0.0
2015-01-02,2430.289060021415,2472.0466040080373,2430.289060021415,2467.870849609375,37145000,0.0,0.0
2015-01-02,2472.046249467632,2472.046249467632,2442.815972869197,2451.16748046875,97165000,0.0,0.0
2015-01-02,2421.937796995812,2434.4650614630314,2405.2347777061855,2430.289306640625,75773000,0.0,0.0
2015-01-02,2405.234185769896,2438.6402161278115,2384.3554167961993,2413.585693359375,73656500,0.0,0.0
2015-01-02,2388.531541978991,2480.3981397474136,2359.3012608708564,2472.046630859375,41749000,0.0,0.0
2015-01-02,2488.7495672617783,2509.6283387992094,2459.519287109375,2459.519287109375,70098000,0.0,0.0
2015-01-02,2472.0462578888437,2576.440103238879,2459.5189964468395,2563.912841796875,122316500,0.0,0.0
2015-01-02,2563.9132465977823,2597.3192823840727,2559.737492124496,2588.9677734375,235500500,0.0,0.0
2015-01-02,2588.9677734375,2588.9677734375,2588.9677734375,2588.9677734375,0,0.0,0.0
2015-01-02,2588.968062846672,2634.9013671875,2543.034758505844,2634.9013671875,46748000,0.0,0.0
2015-01-02,2647.428059377488,2651.603813414361,2614.022027082504,2622.37353515625,85216500,0.0,0.0
2015-01-02,2622.373507899721,2634.900769880134,2609.8462459193083,2618.19775390625,97909000,0.0,0.0
2015-01-02,2580.615886981671,2622.3734256059697,2580.615886981671,2605.67041015625,36603000,0.0,0.0
2015-01-02,2597.3188723088865,2605.6703799368893,2530.5068112848635,2563.912841796875,88087500,0.0,0.0
2015-01-02,2580.6159121030337,2588.9674199091924,2559.737142587637,2572.264404296875,52004500,0.0,0.0
2015-01-02,2597.31931279999,2601.4950673221765,2555.561767578125,2555.561767578125,43772500,0.0,0.0
2015-01-02,2555.5613067776303,2580.615829393097,2551.385553008386,2559.737060546875,30781000,0.0,0.0
2015-01-02,2538.8584799509,2601.494791133899,2538.8584799509,2551.3857421875,69512500,0.0,0.0
2015-01-02,2538.858615630148,2547.2101242341946,2505.4525812139623,2534.682861328125,62039500,0.0,0.0
2015-01-02,2534.682861328125,2547.2101242341946,2530.5071070261015,2534.682861328125,22368500,0.0,0.0
2015-01-02,2551.3860130559387,2555.561767578125,2530.507240445006,2555.561767578125,93410500,0.0,0.0
2015-01-02,2563.9131129319107,2572.2646214430897,2547.210095909553,2568.0888671875,34360500,0.0,0.0
2015-01-02,2547.2099609375,2551.3857149718237,2513.8039286629096,2547.2099609375,44242500,0.0,0.0
2015-01-02,2538.8587261212624,2555.561744056271,2513.80419921875,2513.80419921875,21962000,0.0,0.0
2015-01-02,2538.8587261212624,2547.2102350887667,2513.80419921875,2513.80419921875,36251000,0.0,0.0
2015-01-02,2551.386129628057,2551.386129628057,2497.101318359375,2497.101318359375,33161500,0.0,0.0
2015-01-02,2505.4527133118872,2576.4405401890576,2505.4527133118872,2555.561767578125,53606000,0.0,0.0
2015-01-02,2530.5068652660816,2597.318927715351,2530.5068652660816,2572.264404296875,37555500,0.0,0.0
2015-01-02,2601.494736754779,2601.494736754779,2559.7371968389716,2580.615966796875,33673000,0.0,0.0
2015-01-02,2555.561767578125,2597.31931279999,2547.210258533752,2555.561767578125,36946500,0.0,0.0
2015-01-02,2588.9674473890805,2588.9674473890805,2576.440185546875,2576.440185546875,43359000,0.0,0.0
2015-01-02,2559.7371968389716,2584.7917207884557,2551.3856888558103,2580.615966796875,61584000,0.0,0.0
2015-01-02,2580.6157502650444,2588.9672575474556,2576.439996623839,2584.79150390625,44754000,0.0,0.0
2015-01-02,2601.4946562938203,2618.1976717435396,2588.9673947065303,2605.67041015625,63275000,0.0,0.0
2015-01-02,2576.4396781250002,2609.845703125,2576.4396781250002,2609.845703125,47873500,0.0,0.0
2015-01-02,2609.84616401868,2614.02191788111,2593.1431485689604,2605.67041015625,73968000,0.0,0.0
2015-01-02,2605.66995,2614.02145625,2605.66995,2609.845703125,134806500,0.0,0.0
2015-01-02,2609.8464965820312,2622.373759765625,2505.45263671875,2505.45263671875,82921000,0.0,0.0
2015-01-02,2588.967312676127,2614.021835056864,2563.9127902953906,2593.14306640625,98775500,0.0,0.0
2015-01-02,2580.6162644909277,2597.3192823840727,2568.0890010710687,2588.9677734375,68492000,0.0,0.0
2015-01-02,2588.9677734375,2588.9677734375,2588.9677734375,2588.9677734375,0,0.0,0.0
2015-01-02,2605.6707913306454,2605.6707913306454,2568.0890010710687,2588.9677734375,109934500,0.0,0.0
2015-01-02,2580.6157502650444,2601.4945184710723,2563.912735700222,2584.79150390625,54111500,0.0,0.0
2015-01-02,2605.6704907463595,2605.6704907463595,2572.2644588137136,2580.615966796875,49225000,0.0,0.0
2015-01-02,2572.264755544355,2593.1435279107864,2572.264755544355,2588.9677734375,47016500,0.0,0.0
2015-01-02,2572.264755544355,2601.495036857359,2572.264755544355,2588.9677734375,47767500,0.0,0.0
2015-01-02,2572.264755544355,2601.495036857359,2572.264755544355,2588.9677734375,81655500,0.0,0.0
2015-01-02,2593.1435279107864,2605.6707913306454,2588.9677734375,2588.9677734375,33280500,0.0,0.0
2015-01-02,2588.9677734375,2593.1435279107864,2572.264755544355,2588.9677734375,28618000,0.0,0.0
2015-01-02,2588.9674747800364,2597.3189827631977,2572.2644588137136,2580.615966796875,110184500,0.0,0.0
2015-01-02,2572.264755544355,2593.1435279107864,2572.264755544355,2588.9677734375,102209000,0.0,0.0
2015-01-02,2614.0223002772177,2618.198054750504,2584.7920189642136,2588.9677734375,78309500,0.0,0.0
2015-01-02,2580.6157502650444,2597.3187648298667,2576.439996623839,2584.79150390625,88454000,0.0,0.0
2015-01-02,2572.2642429826333,2584.79150390625,2563.912735700222,2584.79150390625,44661500,0.0,0.0
2015-01-02,2572.2644588137136,2588.9674747800364,2572.2644588137136,2580.615966796875,52582000,0.0,0.0
2015-01-02,2588.9677734375,2593.1435279107864,2580.6162644909277,2588.9677734375,87391500,0.0,0.0
2015-01-02,2609.845703125,2622.3729625,2588.9669375000003,2609.845703125,47322000,0.0,0.0
2015-01-02,2622.3729625,2622.3729625,2584.7911843750003,2609.845703125,34386000,0.0,0.0
2015-01-02,2605.670355204984,2614.021862753718,2584.791586333149,2597.31884765625,24933000,0.0,0.0
2015-01-02,2622.373507899721,2655.779539847488,2614.021999912779,2618.19775390625,62225000,0.0,0.0
2015-01-02,2634.9009884965308,2634.9009884965308,2593.1434450972197,2614.022216796875,70286000,0.0,0.0
2015-01-02,2655.779513718012,2672.482529527559,2639.0764979084647,2651.603759765625,186021500,0.0,0.0
2015-01-02,2672.482611677116,2705.88864432308,2651.6038412733883,2664.131103515625,223808500,0.0,0.0
2015-01-02,2689.18576405764,2710.064535517715,2664.13123830555,2685.010009765625,191276500,0.0,0.0
2015-01-02,2710.0644801682693,2718.4159885817307,2697.5372175480766,2714.240234375,133231500,0.0,0.0
2015-01-02,2680.8342804843032,2730.9433324559723,2680.8342804843032,2726.767578125,178821000,0.0,0.0
2015-01-02,2739.2944100621235,2797.754961496376,2735.1186563882484,2772.700439453125,195774000,0.0,0.0
2015-01-02,2806.1064128587614,2806.1064128587614,2747.6458625908704,2764.348876953125,86403000,0.0,0.0
2015-01-02,2764.348876953125,2776.8761377248156,2755.9973697719975,2764.348876953125,74524000,0.0,0.0
2015-01-02,2785.228054389268,2810.2825796161583,2776.876545980305,2789.40380859375,112645500,0.0,0.0
2015-01-02,2810.28271484375,2818.6342236545784,2789.4039428166793,2810.28271484375,96488000,0.0,0.0
2015-01-02,2810.282166449325,2839.51244158327,2764.348876953125,2764.348876953125,81642500,0.0,0.0
2015-01-02,2768.5244140625,2831.16071302319,2768.5244140625,2768.5244140625,186889000,0.0,0.0
2015-01-02,2797.7548828125,2822.8094041511195,2781.0518685867537,2797.7548828125,74096500,0.0,0.0
2015-01-02,2797.7548828125,2797.7548828125,2797.7548828125,2797.7548828125,0,0.0,0.0
2015-01-02,2872.919079184704,2902.1493605136184,2872.919079184704,2893.7978515625,117034500,0.0,0.0
2015-01-02,2918.852159483632,2918.852159483632,2872.9188636977665,2897.973388671875,133337000,0.0,0.0
2015-01-02,2943.9066844577405,2964.7854552694976,2881.2703720224695,2897.973388671875,79805500,0.0,0.0
2015-01-02,2923.0280223070376,2939.731039577364,2881.270479131223,2914.676513671875,88702000,0.0,0.0
2015-01-02,2914.6764853155987,2956.434028085163,2910.5007310386422,2948.08251953125,56825500,0.0,0.0
2015-01-02,2956.4339469447946,2956.4339469447946,2872.9188636977665,2897.973388671875,52786000,0.0,0.0
2015-01-02,2919.8511232632477,2919.8511232632477,2810.461888097766,2848.327392578125,93984000,26.0,0.0
2015-01-02,2856.741949129316,2869.3637839561025,2835.705557751339,2848.327392578125,102219500,0.0,0.0
2015-01-02,2848.327392578125,2848.327392578125,2848.327392578125,2848.327392578125,0,0.0,0.0
2015-01-02,2894.607407783189,2970.3384155449585,2881.9855731562275,2915.643798828125,146846500,0.0,0.0
2015-01-02,2873.5712387674357,2945.0949738465665,2865.1566816993027,2940.8876953125,86655500,0.0,0.0
2015-01-02,2970.3384069683907,2970.3384069683907,2911.4365122126437,2928.265625,111180500,0.0,0.0
2015-01-02,2970.338819715712,3029.24072265625,2911.4369167751734,3029.24072265625,82166000,0.0,0.0
2015-01-02,2928.2658534682596,2966.1313601941424,2928.2658534682596,2949.30224609375,68316500,0.0,0.0
2015-01-02,2949.3017361493175,2991.37451412577,2949.3017361493175,2987.167236328125,68971000,0.0,0.0
2015-01-02,2987.1677061965343,3020.825933871988,2987.1677061965343,3012.411376953125,138473000,0.0,0.0
2015-01-02,2995.5817919234155,3003.996347518706,2987.167236328125,2987.167236328125,43521500,0.0,0.0
2015-01-02,2995.5820285106943,3029.2402535501406,2991.3747503807635,2999.789306640625,123050500,0.0,0.0
2015-01-02,2987.167965316236,2999.789801789403,2957.7170135455126,2991.375244140625,33583500,0.0,0.0
2015-01-02,3008.2038492611855,3054.4839084805885,2999.789293039476,3020.82568359375,64042500,0.0,0.0
2015-01-02,3079.728068033854,3088.142625596788,3003.9970499674478,3029.24072265625,50148500,0.0,0.0
2015-01-02,2987.1677031576883,3041.86232307466,2987.1677031576883,3016.61865234375,78922000,0.0,0.0
2015-01-02,3117.593577067057,3121.8008558485244,3003.9970499674478,3029.24072265625,141996500,0.0,0.0
2015-01-02,3029.2404484160957,3071.313232421875,3029.2404484160957,3071.313232421875,41290500,0.0,0.0
2015-01-02,3012.4111889367814,3020.8257453304595,2898.8146776221265,2928.265625,237774500,0.0,0.0
2015-01-02,2928.2651756084074,2932.472453159569,2848.3269021363385,2852.5341796875,166786000,0.0,0.0
2015-01-02,2827.290948275862,2936.680181393678,2827.290948275862,2928.265625,203136500,0.0,0.0
2015-01-02,2928.26580776449,3041.862326169147,2877.778466251309,3012.411376953125,182948000,0.0,0.0
2015-01-02,3054.4839420480703,3071.313054676434,2932.472875492431,2970.33837890625,81751500,0.0,0.0
2015-01-02,2970.3383733889477,2987.1674859860523,2915.6437574483584,2978.7529296875,87609500,0.0,0.0
2015-01-02,2936.6804167784335,2940.8876953125,2924.058581176234,2940.8876953125,97663500,0.0,0.0
2015-01-02,2945.0952044252313,2982.9607141964125,2936.6806466983016,2957.717041015625,126066500,0.0,0.0
2015-01-02,2974.546128843069,3020.8261959113483,2949.3024558967345,2991.375244140625,103340500,0.0,0.0
2015-01-02,2978.7534318403764,2995.5825472745028,2961.92431640625,2961.92431640625,56862000,0.0,0.0
2015-01-02,2961.9236288265306,2970.3381845902427,2886.192626953125,2886.192626953125,1062861500,0.0,0.0
2015-01-02,2886.192626953125,2886.192626953125,2886.192626953125,2886.192626953125,0,0.0,0.0
2015-01-02,2932.47312888121,2970.3386355669068,2915.6440147986777,2953.509521484375,241656500,0.0,0.0
2015-01-02,2995.582284687941,2999.789563177671,2940.8876643214476,2982.96044921875,102575000,0.0,0.0
2015-01-02,2945.094964443109,2974.54591408754,2945.094964443109,2953.509521484375,87003500,0.0,0.0
2015-01-02,2970.3388466138517,3003.997077170383,2961.9242889747193,2995.58251953125,74324000,0.0,0.0
2015-01-02,3003.9968169782946,3037.6550446195083,3003.9968169782946,3016.61865234375,92743000,0.0,0.0
2015-01-02,3046.069380075918,3046.069380075918,2949.301982642567,2978.7529296875,101066500,0.0,0.0
2015-01-02,2978.7526807328345,3012.4109031139965,2961.9235695422535,2987.167236328125,38489500,0.0,0.0
2015-01-02,2987.1677092438813,3020.8259369536713,2982.9604307801574,3008.2041015625,49797000,0.0,0.0
2015-01-02,2978.7531402121,3025.033203125,2978.7531402121,3025.033203125,79121500,0.0,0.0
2015-01-02,3029.2407158933515,3046.069830981648,3008.204322032981,3037.6552734375,116159000,0.0,0.0
2015-01-02,3054.484423005179,3054.484423005179,2995.58251953125,2995.58251953125,607322000,0.0,0.0
2015-01-02,3029.240487709205,3037.6550446195083,3008.2040954334466,3016.61865234375,56511500,0.0,0.0
2015-01-02,3016.6186310994694,3058.691415354692,3016.6186310994694,3046.069580078125,87824500,0.0,0.0
2015-01-02,3046.0695680052368,3067.105960049472,3037.6550111875426,3062.898681640625,68809000,0.0,0.0
2015-01-02,3071.3132445280216,3083.9350797795064,3025.033181939243,3054.484130859375,82107500,0.0,0.0
2015-01-02,3054.484130859375,3054.484130859375,3054.484130859375,3054.484130859375,0,0.0,0.0
2015-01-02,3054.484130859375,3054.484130859375,3054.484130859375,3054.484130859375,0,0.0,0.0
2015-01-02,3054.484130859375,3054.484130859375,3054.484130859375,3054.484130859375,0,0.0,0.0
2015-01-02,3054.484130859375,3054.484130859375,3054.484130859375,3054.484130859375,0,0.0,0.0
2015-01-02,3054.484130859375,3054.484130859375,3054.484130859375,3054.484130859375,0,0.0,0.0
2015-01-02,3054.484130859375,3054.484130859375,3054.484130859375,3054.484130859375,0,0.0,0.0
2015-01-02,3096.5568728885137,3113.385986328125,3041.8622542097764,3113.385986328125,213038500,0.0,0.0
2015-01-02,3113.3857369230122,3151.251239128833,3100.7639028544054,3121.80029296875,64599000,0.0,0.0
2015-01-02,3121.8005610577743,3142.8369529786487,3079.727777216025,3088.142333984375,56981000,0.0,0.0
2015-01-02,3062.8984348208164,3088.1421032396693,3046.069322541581,3067.105712890625,89306500,0.0,0.0
2015-01-02,3088.142316168708,3121.8005430479307,3083.935037808805,3113.385986328125,82260000,0.0,0.0
2015-01-02,3113.3862571507852,3138.629929506062,3071.313469891991,3079.72802734375,40506000,0.0,0.0
2015-01-02,3083.935302734375,3104.9716963410215,3071.313466570387,3083.935302734375,61603500,0.0,0.0
2015-01-02,3062.898654808345,3109.178716900229,3046.069541320387,3100.76416015625,89196500,0.0,0.0
2015-01-02,3113.385986328125,3117.593264688028,3075.520481088999,3113.385986328125,64456000,0.0,0.0
2015-01-02,3121.800555021867,3121.800555021867,3079.727771261464,3096.556884765625,41700000,0.0,0.0
2015-01-02,3071.313469891991,3096.5571422472676,3071.313469891991,3079.72802734375,61702000,0.0,0.0
2015-01-02,3062.8986636793256,3088.142333984375,3058.6913852951507,3088.142333984375,39056500,0.0,0.0
2015-01-02,3088.1420766291017,3109.178466796875,3079.7275205619926,3109.178466796875,45057500,0.0,0.0
2015-01-02,3109.1792028577024,3113.38648188728,3088.1428077098158,3104.971923828125,59790000,0.0,0.0
2015-01-02,3104.9712155189045,3109.178493588713,3067.105712890625,3067.105712890625,25438500,0.0,0.0
2015-01-02,3088.142307368775,3134.4223691958277,3062.898637281292,3126.0078125,91781000,0.0,0.0
2015-01-02,3138.6296475437416,3142.8369258916555,3096.556864064603,3126.0078125,64479500,0.0,0.0
2015-01-02,3138.6298665581307,3180.7026529731193,3121.8007519921357,3159.666259765625,118081000,0.0,0.0
2015-01-02,3159.6655250711647,3172.287358060796,3147.0436920815328,3163.872802734375,63409500,0.0,0.0
2015-01-02,3197.53102404006,3197.53102404006,3147.0436920815328,3163.872802734375,84735000,0.0,0.0
2015-01-02,3130.2150761405414,3168.0805810938546,3126.007797812396,3147.044189453125,65311000,0.0,0.0
2015-01-02,3176.495598373514,3193.324714126486,3151.2519247440555,3184.91015625,88810000,0.0,0.0
2015-01-02,3184.91015625,3193.324714126486,3168.081040497028,3184.91015625,62681500,0.0,0.0
2015-01-02,3205.9460800781253,3205.9460800781253,3121.8005136718753,3155.458740234375,43917500,0.0,0.0
2015-01-02,3155.458760935397,3155.458760935397,3121.800534152086,3126.0078125,70007000,0.0,0.0
2015-01-02,3155.459000760277,3155.459000760277,3126.0080500865142,3134.422607421875,57609000,0.0,0.0
2015-01-02,3147.04439504523,3205.9462954872533,3147.04439504523,3197.53173828125,58013000,0.0,0.0
2015-01-02,3201.739020105093,3201.739020105093,3155.458955425519,3193.324462890625,62335500,0.0,0.0
2015-01-02,3205.946071184014,3205.946071184014,3151.251453171688,3168.08056640625,38466500,0.0,0.0
2015-01-02,3151.2514707266564,3168.0805840549697,3126.0078007341867,3142.8369140625,68837000,0.0,0.0
2015-01-02,3142.836905273438,3168.0805751953126,3138.6296269531254,3155.458740234375,32254000,0.0,0.0
2015-01-02,3147.044192394578,3163.8733057228915,3113.3859657379517,3142.8369140625,42814000,0.0,0.0
2015-01-02,3151.2516863787614,3184.9099153387483,3138.6298505187665,3180.70263671875,54188500,0.0,0.0
2015-01-02,3180.70263671875,3180.70263671875,3180.70263671875,3180.70263671875,0,0.0,0.0
2015-01-02,3155.458746109417,3180.702416078292,3134.4223544686874,3147.044189453125,54443500,0.0,0.0
2015-01-02,3163.872802734375,3168.080080397586,3147.0436920815328,3163.872802734375,20734000,0.0,0.0
2015-01-02,3163.872802734375,3176.494635724007,3163.872802734375,3163.872802734375,35817000,0.0,0.0
2015-01-02,3180.702363893195,3222.775146484375,3172.2878073749594,3222.775146484375,48576500,0.0,0.0
2015-01-02,3222.7749229572064,3222.7749229572064,3176.494865316829,3189.11669921875,57641000,0.0,0.0
2015-01-02,3214.360107421875,3231.189217931937,3193.323719284297,3214.360107421875,43855500,0.0,0.0
2015-01-02,3180.7026143205276,3214.360843043496,3176.4953357301565,3210.153564453125,28840500,0.0,0.0
2015-01-02,3205.946285862754,3210.153564453125,3180.7026143205276,3210.153564453125,32155000,0.0,0.0
2015-01-02,3231.189217931937,3231.189217931937,3184.9091640292663,3214.360107421875,42254000,0.0,0.0
2015-01-02,3189.11669921875,3231.1894788918207,3189.11669921875,3189.11669921875,65610500,0.0,0.0
2015-01-02,3189.11669921875,3189.11669921875,3189.11669921875,3189.11669921875,0,0.0,0.0
2015-01-02,3193.3239849570573,3197.5312629346026,3147.043927204056,3176.494873046875,37213500,0.0,0.0
2015-01-02,3197.53173828125,3197.53173828125,3142.8371164422283,3197.53173828125,73701500,0.0,0.0
2015-01-02,3197.531751198743,3201.7390298187415,3163.8735222387563,3180.70263671875,59771000,0.0,0.0
2015-01-02,3214.3603670225925,3214.3603670225925,3155.4584754802936,3189.11669921875,44964000,0.0,0.0
2015-01-02,3151.251450273023,3201.7387899302676,3147.0441719682526,3172.287841796875,51583000,0.0,0.0
2015-01-02,3193.324472578745,3201.7390298187415,3180.70263671875,3180.70263671875,36496500,0.0,0.0
2015-01-02,3189.116934697355,3214.3606043651444,3184.9096564193906,3201.73876953125,52225000,0.0,0.0
2015-01-02,3172.2880603059384,3218.5681248462106,3172.2880603059384,3205.9462890625,29835000,0.0,0.0
2015-01-02,3218.5673850493904,3222.7746626769062,3205.9455521668438,3214.360107421875,37754000,0.0,0.0
2015-01-02,3197.5312629346026,3201.7385409121484,3168.080317091784,3176.494873046875,163473500,0.0,0.0
2015-01-02,3197.531741497859,3197.531741497859,3168.080791247221,3193.324462890625,30903500,0.0,0.0
2015-01-02,3172.2880571397855,3226.9826788146092,3168.0807785494144,3210.153564453125,59579500,0.0,0.0
2015-01-02,3214.3608462516404,3214.3608462516404,3193.3244532787894,3205.9462890625,76382000,0.0,0.0
2015-01-02,3205.9462890625,3205.9462890625,3205.9462890625,3205.9462890625,0,0.0,0.0
2015-01-02,3214.360510023585,3361.6152454304247,3201.7386755601415,3344.7861328125,125871000,0.0,0.0
2015-01-02,3323.750009306504,3332.1645662920905,3302.713616842539,3311.128173828125,97549500,0.0,0.0
2015-01-02,3311.12817693424,3327.9572909211993,3298.5063414440206,3306.9208984375,99934500,0.0,0.0
2015-01-02,3332.164801720728,3332.164801720728,3306.9211289804193,3323.750244140625,122173500,0.0,0.0
2015-01-02,3336.371826171875,3340.5791046411964,3306.920876886625,3336.371826171875,101703500,0.0,0.0
2015-01-02,3361.615679661041,3428.932138828221,3336.3720074733487,3416.310302734375,188602500,0.0,0.0
2015-01-02,3458.3830863699263,3466.7976437576876,3403.6884633494774,3420.517578125,52865500,0.0,0.0
2015-01-02,3420.517574825802,3449.968525654561,3399.481181376689,3424.724853515625,48209500,0.0,0.0
2015-01-02,3458.3830863699263,3458.3830863699263,3412.1030207372387,3420.517578125,101610500,0.0,0.0
2015-01-02,3420.5173400051053,3420.5173400051053,3378.444555995203,3412.102783203125,120569000,0.0,0.0
2015-01-02,3407.895967441549,3454.1760361352,3382.652293608649,3441.55419921875,100290500,0.0,0.0
2015-01-02,3416.3102961359796,3433.13941089527,3407.895738756334,3424.724853515625,65156500,0.0,0.0
2015-01-02,3399.480694018405,3433.1389187116565,3399.480694018405,3428.931640625,55606000,0.0,0.0
2015-01-02,3399.480694018405,3437.346196798313,3399.480694018405,3428.931640625,67298000,0.0,0.0
2015-01-02,3428.931834881122,3504.6628447312573,3428.931834881122,3500.45556640625,103676500,0.0,0.0
2015-01-02,3500.4555811668683,3525.69925122336,3458.382797739382,3479.419189453125,55690000,0.0,0.0
2015-01-02,3500.455575241255,3542.52835859752,3479.4191835631223,3487.833740234375,54328000,0.0,0.0
2015-01-02,3492.0410453982468,3492.0410453982468,3374.237251095655,3449.96826171875,115934500,0.0,0.0
2015-01-02,3483.6265252745975,3483.6265252745975,3378.444564970413,3399.48095703125,124576000,0.0,0.0
2015-01-02,3399.4811846555967,3424.7248568188807,3391.0666272678354,3420.517578125,68639000,0.0,0.0
2015-01-02,3449.968525654561,3525.699542071368,3424.724853515625,3424.724853515625,60758000,0.0,0.0
2015-01-02,3475.2121134440104,3597.223192487444,3475.2121134440104,3534.114013671875,62843500,0.0,0.0
2015-01-02,3534.1138169371966,3576.186600472163,3466.79736328125,3466.79736328125,65380000,0.0,0.0
2015-01-02,3466.797072168201,3542.528076171875,3433.1388481665676,3542.528076171875,69421500,0.0,0.0
2015-01-02,3500.455569344164,3534.113795972473,3466.7973427158545,3496.248291015625,41336000,0.0,0.0
2015-01-02,3492.041319297452,3492.041319297452,3399.4811879425797,3416.310302734375,101701000,0.0,0.0
2015-01-02,3420.5170790860234,3445.760747566363,3416.309801005967,3437.34619140625,55210500,0.0,0.0
2015-01-02,3504.6633195648924,3521.492435145036,3454.175972824462,3517.28515625,78009000,0.0,0.0
2015-01-02,3534.1137323234175,3597.222906114907,3534.1137323234175,3588.808349609375,103776500,0.0,0.0
2015-01-02,3618.2595246107394,3639.2959171956854,3601.4304105427823,3614.05224609375,95839000,0.0,0.0
2015-01-02,3618.2590828440843,3618.2590828440843,3483.626186738258,3538.32080078125,70070000,0.0,0.0
2015-01-02,3567.7722423735117,3567.7722423735117,3534.114013671875,3534.114013671875,38234000,0.0,0.0
2015-01-02,3508.869852170242,3546.735354172079,3492.0407401694256,3542.528076171875,49234500,0.0,0.0
2015-01-02,3517.28467970628,3555.1501846313477,3500.45556640625,3500.45556640625,61518000,0.0,0.0
2015-01-02,3525.699236356295,3542.528349656325,3496.248288081242,3500.45556640625,51541000,0.0,0.0
2015-01-02,3500.455830054479,3517.284944622049,3466.79760091934,3475.212158203125,79178500,0.0,0.0
2015-01-02,3454.175543071295,3483.62649167239,3433.13915121337,3445.760986328125,56963000,0.0,0.0
2015-01-02,3449.96826469971,3458.38282144288,3437.346429584955,3445.760986328125,54986000,0.0,0.0
2015-01-02,3466.7970747250297,3559.3571907977853,3449.9679627118016,3538.32080078125,94253500,0.0,0.0
2015-01-02,3567.7717468043998,3567.7717468043998,3525.6989667713287,3538.32080078125,61512500,0.0,0.0
2015-01-02,3559.3576628449678,3567.7722199675327,3504.6630415482955,3563.56494140625,126881500,0.0,0.0
2015-01-02,3563.5644688010925,3580.393580814321,3538.32080078125,3538.32080078125,90902500,0.0,0.0
2015-01-02,3571.979259603828,3571.979259603828,3513.0773636857434,3555.150146484375,63695000,0.0,0.0
2015-01-02,3534.113991477273,3571.979498528815,3534.113991477273,3563.56494140625,86719000,0.0,0.0
2015-01-02,3576.186799548921,3576.186799548921,3508.8703421456476,3534.114013671875,66003500,0.0,0.0
2015-01-02,3513.077620733352,3542.5285708472843,3496.2485063825334,3534.114013671875,60888000,0.0,0.0
2015-01-02,3504.6627873523694,3584.60107421875,3504.6627873523694,3584.60107421875,78146500,0.0,0.0
2015-01-02,3584.60107421875,3584.60107421875,3542.528291657497,3584.60107421875,77432000,0.0,0.0
2015-01-02,3598.11496573384,3602.338105364983,3534.767871266695,3576.999267578125,103370500,16.0,0.0
2015-01-02,3598.115307557202,3598.115307557202,3437.635986328125,3437.635986328125,205897500,0.0,0.0
2015-01-02,3437.635986328125,3437.635986328125,3437.635986328125,3437.635986328125,0,0.0,0.0
2015-01-02,3517.8757280203013,3572.7765497060923,3488.313747112568,3513.652587890625,128402500,0.0,0.0
2015-01-02,3555.884024483817,3568.553444998605,3530.545183454241,3547.437744140625,62670500,0.0,0.0
2015-01-02,3572.7763946963028,3610.784654214349,3547.4375550176055,3598.115234375,106299500,0.0,0.0
2015-01-02,3598.114678002086,3598.114678002086,3526.321310013781,3543.2138671875,69664000,0.0,0.0
2015-01-02,3564.330082747781,3585.4457822901254,3551.660663022374,3568.55322265625,40480000,0.0,0.0
2015-01-02,3589.6689128762605,3589.6689128762605,3547.4375139012454,3560.10693359375,32973500,0.0,0.0
2015-01-02,3576.999525505515,3589.6689453125,3522.098706341912,3589.6689453125,67854000,0.0,0.0
2015-01-02,3576.999959164053,3576.999959164053,3534.7685546875,3534.7685546875,61131000,0.0,0.0
2015-01-02,3534.768098804058,3572.7763579309835,3526.3218189980744,3564.330078125,75550000,0.0,0.0
2015-01-02,3530.5449589010664,3564.330078125,3530.5449589010664,3564.330078125,64630500,0.0,0.0
2015-01-02,3530.5449589010664,3564.330078125,3522.098679095083,3564.330078125,76474000,0.0,0.0
2015-01-02,3538.99123870705,3589.66891754295,3538.99123870705,3564.330078125,76553500,0.0,0.0
2015-01-02,3555.8842569257763,3555.8842569257763,3526.322273792189,3534.7685546875,102963500,0.0,0.0
2015-01-02,3538.99123870705,3572.7763579309835,3538.99123870705,3564.330078125,61100000,0.0,0.0
2015-01-02,3576.9990898664605,3661.4618782930593,3543.2139744958213,3631.89990234375,94573000,0.0,0.0
2015-01-02,3631.89990234375,3631.89990234375,3631.89990234375,3631.89990234375,0,0.0,0.0
2015-01-02,3631.89990234375,3631.89990234375,3631.89990234375,3631.89990234375,0,0.0,0.0
2015-01-02,3631.9003951618756,3665.68551511687,3615.0078351843786,3636.12353515625,86689000,0.0,0.0
2015-01-02,3631.900705752922,3716.363512863455,3627.677565397395,3703.694091796875,106501000,0.0,0.0
2015-01-02,3724.8100351830053,3843.0579728078624,3657.239785111658,3699.47119140625,81347000,0.0,0.0
2015-01-02,3699.47119140625,3699.47119140625,3699.47119140625,3699.47119140625,0,0.0,0.0
2015-01-02,3699.47119140625,3805.04970714273,3686.8017695178723,3699.47119140625,82303500,0.0,0.0
2015-01-02,3703.694332035709,3707.917472665168,3602.3389569286887,3699.47119140625,68214000,0.0,0.0
2015-01-02,3699.470760246766,3754.37158203125,3699.470760246766,3754.37158203125,76567000,0.0,0.0
2015-01-02,3767.04100684691,3783.9335674157305,3745.925306135885,3758.5947265625,65268000,0.0,0.0
2015-01-02,3758.5945009918555,3813.495319545669,3754.3713611031008,3775.487060546875,57928000,0.0,0.0
2015-01-02,3800.8264200801195,3809.272701013631,3792.380139146608,3805.049560546875,61213000,0.0,0.0
2015-01-02,3805.0493033564167,3838.8344248068624,3771.2641819059713,3792.3798828125,47292000,0.0,0.0
2015-01-02,3792.37920147732,3834.610595703125,3767.0403649418363,3834.610595703125,57569000,0.0,0.0
2015-01-02,3834.6110330877227,3838.8341729920044,3771.2639345234984,3788.156494140625,66590500,0.0,0.0
2015-01-02,3792.379155550438,3800.8254342933124,3767.0403193218162,3796.602294921875,41875000,0.0,0.0
2015-01-02,3792.379423698493,3830.387680728879,3792.379423698493,3817.71826171875,50055000,0.0,0.0
2015-01-02,3834.610480521656,3834.610480521656,3741.701416015625,3741.701416015625,183003000,0.0,0.0
2015-01-02,3758.595264050388,3817.719234496124,3758.595264050388,3813.49609375,84980500,0.0,0.0
2015-01-02,3821.9418640816393,3826.1650042629453,3783.9336024498884,3792.3798828125,50450500,0.0,0.0
2015-01-02,3809.271713036186,3813.494852407623,3788.156016179001,3796.602294921875,81367500,0.0,0.0
2015-01-02,3826.165283203125,3834.611564181498,3805.0495807571915,3826.165283203125,68752000,0.0,0.0
2015-01-02,3821.942375242248,3821.942375242248,3800.826671511628,3813.49609375,94254500,0.0,0.0
2015-01-02,3809.272953003876,3826.165515988372,3792.38039001938,3813.49609375,53653500,0.0,0.0
2015-01-02,3821.9411774353835,3859.949432238608,3805.0486197450614,3834.610595703125,58121000,0.0,0.0
2015-01-02,3851.50341796875,3855.7265576814348,3809.2720208418996,3851.50341796875,114814500,0.0,0.0
2015-01-02,3834.61085911801,3961.305050498561,3826.1645796926396,3851.50341796875,114055000,0.0,0.0
2015-01-02,3851.503648411716,3868.396208273171,3834.6110885502612,3838.834228515625,106803000,0.0,0.0
2015-01-02,3859.9500443892043,3957.082266512784,3859.9500443892043,3948.635986328125,138208000,0.0,0.0
2015-01-02,3990.867492230269,4172.462520977255,3986.644352026851,4049.991455078125,98474000,0.0,0.0
2015-01-02,4011.983650271632,4058.438197801093,3969.7522434266675,4020.429931640625,49501500,0.0,0.0
2015-01-02,3961.3049464291644,3999.313202844796,3935.966108818743,3973.974365234375,117589500,0.0,0.0
2015-01-02,3995.089812583112,4049.9906239611037,3965.527837225731,3969.7509765625,121947000,0.0,0.0
2015-01-02,3978.197781719739,4020.4291806764245,3969.751501928402,4003.53662109375,68461000,0.0,0.0
2015-01-02,3952.858677011532,4007.759491970026,3944.4123977871486,3982.420654296875,71076500,0.0,0.0
2015-01-02,4020.4286486037236,4020.4286486037236,3969.7509765625,3969.7509765625,38409500,0.0,0.0
2015-01-02,4020.429931640625,4041.545635063107,4011.983650271632,4020.429931640625,59406000,0.0,0.0
2015-01-02,4007.7597609894187,4033.09860036343,3978.197781719739,4003.53662109375,75553000,0.0,0.0
2015-01-02,4037.321693013726,4041.5448328599746,3961.30517578125,3961.30517578125,52958500,0.0,0.0
2015-01-02,3961.30517578125,3961.30517578125,3961.30517578125,3961.30517578125,0,0.0,0.0
2015-01-02,3999.313580762726,4096.44580078125,3995.0904407619205,4096.44580078125,50185500,0.0,0.0
2015-01-02,4071.106430069589,4087.9989878707074,4033.098175017072,4058.43701171875,34830000,0.0,0.0
2015-01-02,4045.767593367911,4083.775848420428,4007.759338315394,4058.43701171875,62499000,0.0,0.0
2015-01-02,4071.1073891867154,4083.7768105223586,4011.983422953713,4037.322265625,47217000,0.0,0.0
2015-01-02,4058.4375407740017,4134.454060788499,4045.7681207715855,4096.44580078125,82233000,0.0,0.0
2015-01-02,4079.552855277796,4092.2222740830066,3969.751225632638,3973.974365234375,85227500,0.0,0.0
2015-01-02,4007.759978924081,4016.2062591747117,3935.9665967937235,3978.197998046875,87429500,0.0,0.0
2015-01-02,3952.858844053398,3961.3051236347087,3897.9580267748784,3914.8505859375,132869000,0.0,0.0
2015-01-02,3902.181166565534,3923.2968655188106,3902.181166565534,3914.8505859375,125474500,0.0,0.0
2015-01-02,3897.9577231151807,3906.4040020385073,3843.0569101135584,3864.172607421875,151511000,0.0,0.0
2015-01-02,3910.6271415001706,3935.96597827015,3864.172607421875,3864.172607421875,87744000,0.0,0.0
2015-01-02,3914.850757184327,3919.0738971597148,3838.83423762735,3847.280517578125,75907000,0.0,0.0
2015-01-02,3902.1810551196077,3910.6273344596934,3805.0488427086216,3817.71826171875,106152000,0.0,0.0
2015-01-02,3885.288871797881,3952.8591130465397,3843.057471017469,3935.966552734375,102994500,0.0,0.0
2015-01-02,3935.966552734375,3935.966552734375,3881.0657317198397,3935.966552734375,66797000,0.0,0.0
2015-01-02,3952.859412202381,3995.090816178902,3944.413131407077,3990.86767578125,111180500,0.0,0.0
2015-01-02,3986.644014858742,4003.5365742437366,3931.7431968575092,3961.30517578125,80643000,0.0,0.0
2015-01-02,3965.52781638121,3986.6435129540596,3923.2964232355102,3952.8583984375,54505500,0.0,0.0
2015-01-02,3952.8591264204542,3957.082266512784,3927.520285866477,3948.635986328125,60774500,0.0,0.0
2015-01-02,3995.0892864611214,3999.312425241736,3885.28767816515,3944.41162109375,193122000,0.0,0.0
2015-01-02,3935.9653435325213,3948.634759874364,3919.0727884100643,3944.41162109375,74200000,0.0,0.0
2015-01-02,3931.7431640625,3935.966303873523,3885.288626141246,3931.7431640625,89683500,0.0,0.0
2015-01-02,3944.4128462357953,3973.974826882102,3931.7434259588067,3948.635986328125,67617500,0.0,0.0
2015-01-02,3965.5283156274986,3969.7514554737472,3944.4126163962555,3961.30517578125,60791500,0.0,0.0
2015-01-02,3885.2894297367384,4020.429931640625,3885.2894297367384,4020.429931640625,62978000,0.0,0.0
2015-01-02,3952.8588631176153,3961.3051427396617,3919.0737446294306,3931.7431640625,100407000,0.0,0.0
2015-01-02,3995.0902945512394,4016.205993782483,3957.0820359350014,3961.30517578125,66088000,0.0,0.0
2015-01-02,3961.305397679696,3961.305397679696,3910.627716685926,3940.189697265625,36212500,0.0,0.0
2015-01-02,3910.627712266128,3940.189692812416,3855.726891251593,3935.966552734375,77650500,0.0,0.0
2015-01-02,3935.966552734375,3935.966552734375,3935.966552734375,3935.966552734375,0,0.0,0.0
2015-01-02,3961.30467706664,3965.52781638121,3902.18072666266,3952.8583984375,37162500,0.0,0.0
2015-01-02,3948.63525912293,3969.75095569578,3940.18898049379,3952.8583984375,56261000,0.0,0.0
2015-01-02,3969.7516733587045,3969.7516733587045,3889.512011875922,3935.966552734375,49877000,0.0,0.0
2015-01-02,3969.751876864154,3969.751876864154,3893.7353515625,3893.7353515625,22521500,0.0,0.0
2015-01-02,3906.4044679614444,3906.4044679614444,3817.718528688806,3838.834228515625,47941500,0.0,0.0
2015-01-02,3859.949937504288,3868.3962174550634,3813.4953977750242,3847.280517578125,51013000,0.0,0.0
2015-01-02,3864.173171407675,3961.305393202622,3851.5037511735513,3935.966552734375,79533500,0.0,0.0
2015-01-02,3969.751677845324,3995.090518342209,3935.966557182811,3940.189697265625,41891500,0.0,0.0
2015-01-02,3940.189665891182,3940.189665891182,3893.7351253501283,3910.627685546875,45957000,0.0,0.0
2015-01-02,3931.904277684907,3940.4148930045712,3897.86181640625,3897.86181640625,70179500,35.0,0.0
2015-01-02,3897.86181640625,3897.86181640625,3897.86181640625,3897.86181640625,0,0.0,0.0
2015-01-02,3897.86181640625,3897.86181640625,3897.86181640625,3897.86181640625,0,0.0,0.0
2015-01-02,3885.095839939387,3910.627685546875,3868.074609534395,3910.627685546875,43716000,0.0,0.0
2015-01-02,3910.627685546875,3910.627685546875,3910.627685546875,3910.627685546875,0,0.0,0.0
2015-01-02,3910.627685546875,3910.627685546875,3910.627685546875,3910.627685546875,0,0.0,0.0
2015-01-02,3948.9260105298913,3948.9260105298913,3902.117620318869,3914.883544921875,46236000,0.0,0.0
2015-01-02,3931.9050796159354,3936.160388143658,3893.6073028664296,3902.117919921875,72223500,0.0,0.0
2015-01-02,3902.117919921875,3902.117919921875,3902.117919921875,3902.117919921875,0,0.0,0.0
2015-01-02,3902.117919921875,3902.117919921875,3902.117919921875,3902.117919921875,0,0.0,0.0
2015-01-02,3902.117919921875,3902.117919921875,3902.117919921875,3902.117919921875,0,0.0,0.0
2015-01-02,3659.5640377545246,3812.7550904977375,3651.053423713235,3761.69140625,90414000,0.0,0.0
2015-01-02,3761.69140625,3761.69140625,3761.69140625,3761.69140625,0,0.0,0.0
2015-01-02,3761.691971291621,3897.86181640625,3761.691971291621,3897.86181640625,82346000,0.0,0.0
2015-01-02,3880.8405269058294,3893.6064496917043,3795.734375,3795.734375,138704500,0.0,0.0
2015-01-02,3795.734409362585,3799.9897169963997,3744.6707177568105,3748.926025390625,74133500,0.0,0.0
2015-01-02,3753.1812990470853,3795.734375,3710.6282230941706,3795.734375,49054500,0.0,0.0
2015-01-02,3744.6707177568105,3748.926025390625,3693.607026151036,3748.926025390625,70739000,0.0,0.0
2015-01-02,3663.8198951154814,3897.86181640625,3663.8198951154814,3897.86181640625,72094000,0.0,0.0
2015-01-02,3897.86181640625,3897.86181640625,3897.86181640625,3897.86181640625,0,0.0,0.0
2015-01-02,3872.32958984375,3923.393276742788,3838.2871319110577,3872.32958984375,80000500,0.0,0.0
2015-01-02,3821.2662259206677,3910.627685546875,3799.989687914428,3910.627685546875,57370500,0.0,0.0
2015-01-02,3859.563729500985,3863.819036810248,3744.6704321509005,3778.712890625,130583000,0.0,0.0
2015-01-02,3727.6489230534216,3812.7550628491617,3727.6489230534216,3808.499755859375,87185000,0.0,0.0
2015-01-02,3778.713114790483,3791.479037475586,3744.670654296875,3744.670654296875,84030500,0.0,0.0
2015-01-02,3744.671118951613,3748.9264270413305,3693.607421875,3693.607421875,88681000,0.0,0.0
2015-01-02,3668.074961884743,3697.8621135473804,3655.309039743613,3685.09619140625,82237000,0.0,0.0
2015-01-02,3736.1600391734733,3761.691884543679,3693.606963556463,3744.670654296875,62761000,0.0,0.0
2015-01-02,3761.691884543679,3804.244960160689,3744.670654296875,3744.670654296875,79515500,0.0,0.0
2015-01-02,3795.7347534451555,3851.053757699401,3791.4794454255984,3821.2666015625,77697000,0.0,0.0
2015-01-02,3817.0103305046946,3859.5633999640554,3808.4997166128223,3838.286865234375,63913500,0.0,0.0
2015-01-02,3829.7767689243706,3914.8829193449124,3812.7555388402625,3889.35107421875,64104500,0.0,0.0
2015-01-02,3889.35107421875,3889.35107421875,3889.35107421875,3889.35107421875,0,0.0,0.0
2015-01-02,3889.350444508019,3910.6269786683474,3821.2655351949684,3863.818603515625,109761500,0.0,0.0
2015-01-02,3893.6057513400847,3906.3716718362816,3821.2655351949684,3863.818603515625,178023000,0.0,0.0
2015-01-02,3863.818603515625,3863.818603515625,3863.818603515625,3863.818603515625,0,0.0,0.0
2015-01-02,3906.373228449598,3910.628536977321,3880.8413772832605,3902.117919921875,89585000,0.0,0.0
2015-01-02,3880.8401402640266,3902.116676120737,3812.7552255225523,3868.07421875,77233000,0.0,0.0
2015-01-02,3868.073771026313,3940.413984565859,3851.052544311126,3919.137451171875,57913500,0.0,0.0
2015-01-02,3940.4148387556106,3940.4148387556106,3897.861762743131,3910.627685546875,40681500,0.0,0.0
2015-01-02,3889.350510226475,3914.8823516502807,3761.6913031074437,3787.22314453125,170845000,0.0,0.0
2015-01-02,3787.22314453125,3787.22314453125,3787.22314453125,3787.22314453125,0,0.0,0.0
2015-01-02,3787.22314453125,3787.22314453125,3787.22314453125,3787.22314453125,0,0.0,0.0
2015-01-02,3787.22314453125,3787.22314453125,3787.22314453125,3787.22314453125,0,0.0,0.0
2015-01-02,3787.22314453125,3787.22314453125,3787.22314453125,3787.22314453125,0,0.0,0.0
2015-01-02,3787.22314453125,3787.22314453125,3787.22314453125,3787.22314453125,0,0.0,0.0
2015-01-02,3787.22314453125,3787.22314453125,3787.22314453125,3787.22314453125,0,0.0,0.0
2015-01-02,3787.22314453125,3787.22314453125,3787.22314453125,3787.22314453125,0,0.0,0.0
2015-01-02,3744.67035337936,3748.9256605991095,3599.989907907885,3659.564208984375,253439000,0.0,0.0
2015-01-02,3680.840579634863,3736.159571005098,3599.98974609375,3599.98974609375,90593500,0.0,0.0
2015-01-02,3642.5435633730044,3731.905029296875,3591.479868559364,3731.905029296875,96509500,0.0,0.0
2015-01-02,3731.9045102231134,3825.521271026886,3714.883280986064,3778.712890625,62513000,0.0,0.0
2015-01-02,3761.6917568987574,3795.7342162372074,3638.287841796875,3638.287841796875,54763500,0.0,0.0
2015-01-02,3642.5430853886123,3693.6067735015367,3634.032470703125,3634.032470703125,67309500,0.0,0.0
2015-01-02,3638.2874846173927,3638.2874846173927,3561.6919586254476,3565.947265625,118098500,0.0,0.0
2015-01-02,3565.947864181643,3655.309326171875,3544.67132561254,3655.309326171875,119188000,0.0,0.0
2015-01-02,3685.0959233637454,3685.0959233637454,3646.7981597260164,3651.053466796875,59441500,0.0,0.0
2015-01-02,3676.585586695995,3680.8408940880045,3506.373291015625,3506.373291015625,73038000,0.0,0.0
2015-01-02,3570.2027868264136,3642.543010159011,3523.394407022968,3612.755859375,61994500,0.0,0.0
2015-01-02,3582.9687085909895,3625.521781139576,3574.458094081272,3612.755859375,34144000,0.0,0.0
2015-01-02,3570.2034872731856,3582.9694115423385,3561.69287109375,3561.69287109375,37609000,0.0,0.0
2015-01-02,3608.5010389911527,3744.670889519121,3587.224499846158,3727.649658203125,80049500,0.0,0.0
2015-01-02,3719.139042545127,3744.670889519121,3642.543501623145,3727.649658203125,116639500,0.0,0.0
2015-01-02,3659.564593102604,3821.266284425742,3659.564593102604,3799.98974609375,95570000,0.0,0.0
2015-01-02,3778.712779384584,3897.8613805363498,3774.4574722005923,3885.095458984375,79008000,0.0,0.0
2015-01-02,3914.882144493078,3927.6480645294687,3880.8396910627034,3919.137451171875,73936000,0.0,0.0
2015-01-02,3923.3939880701014,3936.159912109375,3897.862139991554,3936.159912109375,71571000,0.0,0.0
2015-01-02,3902.116676120737,3914.8825976347634,3834.031761379263,3868.07421875,30322000,0.0,0.0
2015-01-02,3906.3722186910695,3948.92529296875,3906.3722186910695,3948.92529296875,80090500,0.0,0.0
2015-01-02,3931.904063257678,3948.92529296875,3923.393448402142,3948.92529296875,76925500,0.0,0.0
2015-01-02,3940.415156905269,3940.415156905269,3902.1173854018703,3931.904541015625,57104000,0.0,0.0
2015-01-02,3948.9254299384365,3999.989120842813,3931.904199636978,3974.457275390625,70157500,0.0,0.0
2015-01-02,3999.9888333554727,4004.244140625,3965.946375199256,4004.244140625,88291000,0.0,0.0
2015-01-02,4004.2442680027175,4012.7548828125,3987.223038383152,4012.7548828125,50131500,0.0,0.0
2015-01-02,3953.180674267735,4021.2655943842947,3953.180674267735,3970.201904296875,54317500,0.0,0.0
2015-01-02,3965.946586551399,3974.4572015439985,3936.159434077301,3953.1806640625,46642500,0.0,0.0
2015-01-02,3982.9672080592104,3982.9672080592104,3914.8822985197367,3961.690673828125,40096500,0.0,0.0
2015-01-02,3948.9247532894733,3965.945980674342,3855.308002672697,3961.690673828125,66803000,0.0,0.0
2015-01-02,3982.967720397364,3995.7336425781245,3957.4358760358423,3995.733642578125,56594000,0.0,0.0
2015-01-02,4017.0101154384324,4068.073803346548,3991.478271484375,3991.478271484375,79333000,0.0,0.0
2015-01-02,3991.478271484375,4025.520730089785,3974.4570421816697,3991.478271484375,41404000,0.0,0.0
2015-01-02,3982.9670943572737,4051.052001953125,3982.9670943572737,4051.052001953125,63000500,0.0,0.0
2015-01-02,4034.030775054162,4063.8179221273467,4034.030775054162,4051.052001953125,114379000,0.0,0.0
2015-01-02,4068.073794246343,4076.5844088786575,4008.4994918201414,4072.3291015625,64702500,0.0,0.0
2015-01-02,4085.09546810166,4102.11669921875,4068.07423698457,4102.11669921875,65947500,0.0,0.0
2015-01-02,4085.0953861256544,4097.8613092072965,4034.0316937990833,4063.81884765625,80348000,0.0,0.0
2015-01-02,4004.2443643551546,4008.4996718624398,3923.3935217167405,3970.201904296875,80184000,0.0,0.0
2015-01-02,3991.4793732338762,4068.0749262383642,3919.139128729638,3999.989990234375,85527500,0.0,0.0
2015-01-02,4017.0101154384324,4017.0101154384324,3965.946427530317,3991.478271484375,57330500,0.0,0.0
2015-01-02,3991.478814338235,3995.734122242647,3948.9257352941177,3978.712890625,52903500,0.0,0.0
2015-01-02,3978.712890625,3978.712890625,3978.712890625,3978.712890625,0,0.0,0.0
2015-01-02,3999.9902548051778,4068.0751953124995,3987.2243284600545,4068.0751953125,96832000,0.0,0.0
2015-01-02,4059.563539962369,4080.8400784317732,4059.563539962369,4063.81884765625,67938000,0.0,0.0
2015-01-02,4063.8188476562495,4063.8188476562495,4063.8188476562495,4063.81884765625,0,0.0,0.0
2015-01-02,4051.052752257121,4195.733207694875,4046.797444744246,4182.96728515625,145868000,0.0,0.0
2015-01-02,4187.222882134845,4336.158655381511,4182.967574327798,4268.07373046875,103975000,0.0,0.0
2015-01-02,4272.328268872981,4314.881339280083,4199.988049180909,4217.00927734375,91285000,0.0,0.0
2015-01-02,4272.328783861987,4272.328783861987,4178.712017681744,4251.05224609375,63353500,0.0,0.0
2015-01-02,4170.201927923387,4221.265625,4165.9466198336695,4221.265625,87695500,0.0,0.0
2015-01-02,4251.052499240559,4280.839653889892,4242.541883626464,4268.07373046875,96273500,0.0,0.0
2015-01-02,4255.308089717742,4263.818705897177,4221.265625,4221.265625,111563000,0.0,0.0
2015-01-02,4263.817654791562,4268.072961832272,4187.222128058779,4217.00927734375,38489500,0.0,0.0
2015-01-02,4225.520316938921,4238.286239346591,4170.201319839015,4212.75439453125,42271500,0.0,0.0
2015-01-02,4170.202112833659,4170.202112833659,4025.521631368001,4085.095947265625,95608500,0.0,0.0
2015-01-02,4089.350829089701,4289.350297317814,4017.0105959008097,4204.244140625,95265000,0.0,0.0
2015-01-02,4225.519595600949,4229.77490234375,4148.924074230539,4229.77490234375,72551500,0.0,0.0
2015-01-02,4187.222549715909,4212.75439453125,4110.627015269886,4212.75439453125,66696500,0.0,0.0
2015-01-02,4212.75439453125,4212.75439453125,4212.75439453125,4212.75439453125,0,0.0,0.0
2015-01-02,4212.755693890559,4225.521620235682,4055.3092689673767,4068.0751953125,87900500,0.0,0.0
2015-01-02,4119.1384134928385,4148.92557144165,4068.0747141520183,4085.095947265625,94051000,0.0,0.0
2015-01-02,4068.0736780256125,4119.137364360662,4034.031220468913,4080.839599609375,72473500,0.0,0.0
2015-01-02,4042.5419503493995,4080.8397161948146,4042.5419503493995,4072.3291015625,39478000,0.0,0.0
2015-01-02,4034.032247924805,4127.649030049642,4034.032247924805,4085.095947265625,75119500,0.0,0.0
2015-01-02,4097.86187210083,4123.39372177124,4055.308789316813,4085.095947265625,111558500,0.0,0.0
2015-01-02,4119.137299794494,4123.392606922381,4068.073614259851,4076.584228515625,60786000,0.0,0.0
2015-01-02,4068.0737078059074,4110.626780063291,4034.03125,4034.03125,152052000,0.0,0.0
2015-01-02,4068.073794246343,4097.860945459443,4051.0525649817137,4072.3291015625,59902000,0.0,0.0
2015-01-02,4085.0950235109717,4085.0950235109717,4055.307872297871,4072.3291015625,42771000,0.0,0.0
2015-01-02,4051.0527747288224,4136.15892545842,4051.0527747288224,4119.1376953125,71715500,0.0,0.0
2015-01-02,4068.0747141520183,4106.372488657634,4059.5640975952147,4085.095947265625,71001000,0.0,0.0
2015-01-02,4068.073879076087,4110.626953125,4068.073879076087,4110.626953125,96975000,0.0,0.0
2015-01-02,4085.094842771399,4119.137299794494,4076.584228515625,4076.584228515625,36388000,0.0,0.0
2015-01-02,4097.86076415506,4119.137299794494,4042.54177149253,4076.584228515625,50639500,0.0,0.0
2015-01-02,4042.5419503493995,4080.8397161948146,4038.286643033242,4072.3291015625,33524500,0.0,0.0
2015-01-02,4072.3294985496395,4072.3294985496395,3999.9892671229477,4017.010498046875,67869500,0.0,0.0
2015-01-02,4008.4992066753657,4008.4992066753657,3910.6271453658824,3923.39306640625,98249500,0.0,0.0
2015-01-02,3927.6486615992303,4076.584417997901,3927.6486615992303,3991.478271484375,57250000,0.0,0.0
2015-01-02,3999.989401726974,4042.54248046875,3982.9681702302632,4042.54248046875,36940000,0.0,0.0
2015-01-02,4068.074356617647,4106.372127757353,3957.4363511029414,3978.712890625,59394500,0.0,0.0
2015-01-02,3914.8825976347634,3965.946283690869,3825.5211470365784,3868.07421875,102336000,0.0,0.0
2015-01-02,3914.8839255712364,3995.734789251512,3914.8839255712364,3957.43701171875,82574500,0.0,0.0
2015-01-02,3999.9894103364127,4059.5637207031255,3995.734102453076,4059.563720703125,65950000,0.0,0.0
2015-01-02,4059.5636214260244,4102.11669921875,3999.989312516209,4102.11669921875,47449000,0.0,0.0
2015-01-02,4110.628105489074,4114.8834140868885,4046.7984765218525,4089.3515625,38359000,0.0,0.0
2015-01-02,4051.05295989473,4063.8188830876757,4017.010498046875,4017.010498046875,29360500,0.0,0.0
2015-01-02,3965.946966911765,4025.5212775735295,3953.1810431985296,3978.712890625,45219500,0.0,0.0
2015-01-02,3978.7120698801127,4017.0098331196004,3940.4143066406255,3940.414306640625,63484000,0.0,0.0
2015-01-02,3982.9678500306372,3987.223157562721,3893.6063918568725,3906.372314453125,62162500,0.0,0.0
2015-01-02,3914.8824029042494,3940.4142446623205,3855.30810546875,3855.30810546875,59493500,0.0,0.0
2015-01-02,3774.4578942711173,3944.6702006644036,3774.4578942711173,3897.86181640625,87732500,0.0,0.0
2015-01-02,3931.904343427238,4017.010498046875,3914.8831125033107,4017.010498046875,83994000,0.0,0.0
2015-01-02,3965.9470682010137,4008.5001483319256,3936.159912109375,3936.159912109375,34553000,0.0,0.0
2015-01-02,3936.160362730635,4025.521841235871,3931.9050542303858,3999.989990234375,68882500,0.0,0.0
2015-01-02,4042.5424716941397,4063.8190110188457,3999.9893930447274,4025.521240234375,128908500,0.0,0.0
2015-01-02,4059.5626154026063,4093.6050692005315,4038.286081778903,4051.052001953125,117906500,0.0,0.0
2015-01-02,4085.095947265625,4114.883105214437,4051.0534810384115,4085.095947265625,114054500,0.0,0.0
2015-01-02,4085.0961414167527,4127.649226223177,4076.5855244554677,4114.88330078125,76754500,0.0,0.0
2015-01-02,4136.16040439293,4208.5006583792265,4127.649786276896,4153.181640625,94410500,0.0,0.0
2015-01-02,4187.222854804201,4187.222854804201,4068.07423698457,4102.11669921875,83875500,0.0,0.0
2015-01-02,4153.180879720052,4170.202112833659,4068.0747141520183,4085.095947265625,99739000,0.0,0.0
2015-01-02,4085.095947265625,4093.606563822428,4072.33002243042,4085.095947265625,62938500,0.0,0.0
2015-01-02,4110.626780063291,4114.882087289029,4034.03125,4034.03125,65125000,0.0,0.0
2015-01-02,4034.0317124221183,4102.116635838525,3974.4574044327624,4097.861328125,61231500,0.0,0.0
2015-01-02,4097.8612646788915,4127.648418212383,4068.0741111454,4093.60595703125,68511500,0.0,0.0
2015-01-02,4131.90453470382,4144.670460145747,4076.5855244554677,4114.88330078125,87085500,0.0,0.0
2015-01-02,4144.669662245091,4238.2864307968275,4136.159046922206,4225.5205078125,134145500,0.0,0.0
2015-01-02,4255.308356418078,4323.393290120767,4238.287122992406,4272.32958984375,103822500,0.0,0.0
2015-01-02,4272.32958984375,4272.32958984375,4272.32958984375,4272.32958984375,0,0.0,0.0
2015-01-02,4255.308089717742,4263.818705897177,4217.010316910282,4221.265625,107889000,0.0,0.0
2015-01-02,4204.244656141061,4289.350823269422,4204.244656141061,4272.32958984375,87270000,0.0,0.0
2015-01-02,4306.372056695094,4331.903906833603,4234.031814635988,4272.32958984375,57460000,0.0,0.0
2015-01-02,4221.265237859267,4323.3926226461845,4221.265237859267,4293.60546875,64336500,0.0,0.0
2015-01-02,4289.349885110294,4340.41357421875,4255.307425704657,4340.41357421875,73989000,0.0,0.0
2015-01-02,4361.690966413157,4361.690966413157,4323.39319207392,4331.90380859375,90687500,0.0,0.0
2015-01-02,4340.413883587787,4459.5625,4340.413883587787,4459.5625,113847500,0.0,0.0
2015-01-02,4459.562117622361,4459.562117622361,4387.221892431922,4434.0302734375,178034500,0.0,0.0
2015-01-02,4452.814639069313,4606.507186534793,4354.62217818859,4405.85302734375,100923000,17.0,0.0
2015-01-02,4405.852848431537,4521.122254349803,4401.583611175304,4474.16064453125,119232500,0.0,0.0
2015-01-02,4371.698852772466,4465.6220703125,4367.429615611556,4465.6220703125,74994000,0.0,0.0
2015-01-02,4414.39151894457,4491.23779296875,4371.699144486692,4491.23779296875,75450000,0.0,0.0
2015-01-02,4431.46875,4448.545700867052,4405.853323699422,4431.46875,71070000,0.0,0.0
2015-01-02,4371.699324324325,4444.2763638883025,4371.699324324325,4422.93017578125,81221000,0.0,0.0
2015-01-02,4380.237602766169,4440.006926780523,4375.968365336573,4405.85302734375,93017000,0.0,0.0
2015-01-02,4431.469728453231,4431.469728453231,4380.238864540477,4410.12353515625,121623000,0.0,0.0
2015-01-02,4440.008205772023,4444.277444431419,4393.046580518665,4410.12353515625,84280500,0.0,0.0
2015-01-02,4405.854296496854,4422.931251134439,4388.777341859269,4410.12353515625,184435000,0.0,0.0
2015-01-02,4427.200489793835,4440.008205772023,4397.315819178061,4410.12353515625,101438500,0.0,0.0
2015-01-02,4354.622948543929,4367.43066309847,4252.161232107601,4324.73828125,132039000,0.0,0.0
2015-01-02,4303.391058197896,4465.6220703125,4303.391058197896,4465.6220703125,102220500,0.0,0.0
2015-01-02,4371.69990224829,4414.392284106183,4329.007520390396,4367.4306640625,94455000,0.0,0.0
2015-01-02,4303.391901897969,4418.661327841664,4303.391901897969,4414.39208984375,89979500,0.0,0.0
2015-01-02,4414.39208984375,4414.39208984375,4414.39208984375,4414.39208984375,0,0.0,0.0
2015-01-02,4414.39208984375,4414.39208984375,4414.39208984375,4414.39208984375,0,0.0,0.0
2015-01-02,4414.391899671053,4461.353515625,4388.776472787082,4461.353515625,66511500,0.0,0.0
2015-01-02,4474.161423243503,4486.969137241338,4422.930567252166,4435.73828125,50265500,0.0,0.0
2015-01-02,4435.73857421875,4474.161718750001,4422.930859375,4440.0078125,54467500,0.0,0.0
2015-01-02,4440.0078125,4440.0078125,4440.0078125,4440.0078125,0,0.0,0.0
2015-01-02,4440.0078125,4440.0078125,4440.0078125,4440.0078125,0,0.0,0.0
2015-01-02,4440.006746481394,4478.429881787482,4440.006746481394,4474.16064453125,35956000,0.0,0.0
2015-01-02,4440.007126266893,4457.084076752534,4367.430086702914,4422.93017578125,72358000,0.0,0.0
2015-01-02,4418.660941440022,4444.2763671875,4375.9685651942245,4444.2763671875,51465000,0.0,0.0
2015-01-02,4495.507125927222,4546.737976365139,4478.43017578125,4478.43017578125,73438000,0.0,0.0
2015-01-02,4465.622170018786,4542.468440630964,4444.275983737625,4474.16064453125,66247500,0.0,0.0
2015-01-02,4525.39188867745,4542.468839200761,4461.353324215033,4486.96875,84871000,0.0,0.0
2015-01-02,4525.39188867745,4525.39188867745,4431.468660799239,4486.96875,114314500,0.0,0.0
2015-01-02,4508.315625,4525.392578125,4469.89248046875,4482.7001953125,84826500,0.0,0.0
2015-01-02,4457.084765625,4469.89248046875,4397.3154296875,4440.0078125,87547500,0.0,0.0
2015-01-02,4465.6223682940235,4491.23779296875,4431.468468727721,4491.23779296875,87763000,0.0,0.0
2015-01-02,4491.2382830978,4512.58447265625,4478.43056936273,4512.58447265625,94972500,0.0,0.0
2015-01-02,4516.85342309891,4551.00732421875,4512.58418545893,4551.00732421875,91654000,0.0,0.0
2015-01-02,4559.54600374424,4632.123046875,4538.199814588133,4632.123046875,100873500,0.0,0.0
2015-01-02,4632.123248527671,4781.546579125338,4602.2385824081375,4734.5849609375,87118000,0.0,0.0
2015-01-02,4781.54638671875,4798.623338099888,4653.469251360212,4781.54638671875,91907000,0.0,0.0
2015-01-02,4781.546875,4781.546875,4674.81591796875,4696.162109375,98512500,0.0,0.0
2015-01-02,4636.392870557177,4683.354492634644,4572.354294996995,4662.00830078125,106781000,0.0,0.0
2015-01-02,4610.77734375,4713.2390625,4610.77734375,4696.162109375,68944000,0.0,0.0
2015-01-02,4708.96953018369,4708.96953018369,4674.81562606631,4691.892578125,69704000,0.0,0.0
2015-01-02,4649.199912391415,4738.853905192351,4644.930674638989,4730.3154296875,77679000,0.0,0.0
2015-01-02,4747.392181838768,4747.392181838768,4691.89209338202,4713.23828125,76285000,0.0,0.0
2015-01-02,4713.237723214286,4815.699412849379,4713.237723214286,4811.43017578125,135904500,0.0,0.0
2015-01-02,4849.85330939441,4909.622628348215,4747.391619759317,4811.43017578125,57719500,0.0,0.0
2015-01-02,4811.43154296875,4811.43154296875,4696.162109375,4696.162109375,113846500,0.0,0.0
2015-01-02,4696.162109375,4696.162109375,4696.162109375,4696.162109375,0,0.0,0.0
2015-01-02,4696.161721220077,4730.315624647132,4691.8924832916955,4726.04638671875,121996500,0.0,0.0
2015-01-02,4726.046581854656,4726.046581854656,4700.4311532267175,4721.77734375,63697500,0.0,0.0
2015-01-02,4721.776756397192,4726.045993970788,4696.161330955616,4713.23828125,65268500,0.0,0.0
2015-01-02,4713.238768198362,4721.777244227707,4662.007912022293,4691.892578125,37639000,0.0,0.0
2015-01-02,4721.777637970754,4721.777637970754,4653.469824039893,4662.00830078125,95883500,0.0,0.0
2015-01-02,4662.007907994119,4687.623336060021,4619.315527884282,4627.85400390625,103115500,0.0,0.0
2015-01-02,4615.045895260949,4615.045895260949,4593.69970703125,4593.69970703125,108738500,0.0,0.0
2015-01-02,4576.623046875,4619.3154260436095,4555.276857290694,4576.623046875,81340000,0.0,0.0
2015-01-02,4619.315145450787,4696.161423286382,4619.315145450787,4679.08447265625,62991000,0.0,0.0
2015-01-02,4627.853608198769,4679.084459950047,4593.69970703125,4593.69970703125,64469000,0.0,0.0
2015-01-02,4653.4697265625,4777.27763671875,4644.931250000001,4696.162109375,89583000,0.0,0.0
2015-01-02,4730.315819070731,4747.392771486148,4670.546485616768,4700.43115234375,54561500,0.0,0.0
2015-01-02,4674.814359737876,4717.506728319957,4662.0066491632515,4687.6220703125,48271500,0.0,0.0
2015-01-02,4687.6220703125,4696.160544028917,4657.737412305043,4687.6220703125,47887000,0.0,0.0
2015-01-02,4696.1619159962875,4743.12353515625,4691.892677890836,4743.12353515625,98446000,0.0,0.0
2015-01-02,4751.6611328125,4755.9303701285935,4734.584183548124,4751.6611328125,78519500,0.0,0.0
2015-01-02,4755.930853531561,4764.469329031618,4704.700000531222,4708.96923828125,99366000,0.0,0.0
2015-01-02,4751.661618449628,4781.546282716607,4726.046191935075,4730.3154296875,72589500,0.0,0.0
2015-01-02,4713.238672933605,4730.315624647132,4708.969435005222,4726.04638671875,63910500,0.0,0.0
2015-01-02,4696.161816139673,4700.431054154345,4644.9309599636035,4691.892578125,46499500,0.0,0.0
2015-01-02,4743.122149469205,4743.122149469205,4687.6220703125,4687.6220703125,37777000,0.0,0.0
2015-01-02,4687.6220703125,4687.6220703125,4687.6220703125,4687.6220703125,0,0.0,0.0
2015-01-02,4734.583661247702,4755.929845473346,4644.9296875,4644.9296875,61126000,0.0,0.0
2015-01-02,4721.777342863022,4721.777342863022,4662.00800940906,4700.43115234375,32469000,0.0,0.0
2015-01-02,4730.316015625001,4730.316015625001,4653.4697265625,4696.162109375,40178500,0.0,0.0
2015-01-02,4653.4697265625,4700.43134765625,4653.4697265625,4696.162109375,17722000,0.0,0.0
2015-01-02,4653.469046711051,4691.892185628849,4653.469046711051,4679.08447265625,41096000,0.0,0.0
2015-01-02,4713.2384786777975,4734.584667439925,4683.353814410819,4730.3154296875,41759500,0.0,0.0
2015-01-02,4743.123241747607,4747.392479588964,4726.046290382179,4738.85400390625,42791000,0.0,0.0
2015-01-02,4730.314438894581,4734.5836757527895,4683.3528334542925,4687.6220703125,51527000,0.0,0.0
2015-01-02,4730.315224377285,4743.122937078668,4666.276660870372,4670.5458984375,42388500,0.0,0.0
2015-01-02,4687.623143193493,4713.238570205479,4666.276954016837,4674.8154296875,39866000,0.0,0.0
2015-01-02,4666.277538706415,4696.162207298314,4666.277538706415,4683.3544921875,29601000,0.0,0.0
2015-01-02,4644.930568285976,4696.161420142072,4644.930568285976,4657.73828125,23054500,0.0,0.0
2015-01-02,4679.084373571754,4704.69979897452,4657.738185736117,4670.5458984375,19895500,0.0,0.0
2015-01-02,4704.700684038856,4704.700684038856,4662.008300336143,4683.3544921875,17804500,0.0,0.0
2015-01-02,4662.007423303245,4683.353611138882,4632.122760333352,4670.5458984375,32187500,0.0,0.0
2015-01-02,4708.969433239281,4721.777147019623,4662.007816044691,4704.7001953125,36234000,0.0,0.0
2015-01-02,4738.8544921875,4738.8544921875,4679.08515625,4696.162109375,21786000,0.0,0.0
2015-01-02,4721.7775390625,4755.9314453125,4679.08515625,4696.162109375,36853000,0.0,0.0
2015-01-02,4696.162109375,4696.162109375,4696.162109375,4696.162109375,0,0.0,0.0
2015-01-02,4730.3154296875,4747.3923806972025,4687.623052163244,4730.3154296875,48112000,0.0,0.0
2015-01-02,4747.392772377938,4747.392772377938,4717.508105645344,4721.77734375,21913500,0.0,0.0
2015-01-02,4700.430660943915,4730.3153245466465,4653.469046711051,4679.08447265625,39910000,0.0,0.0
2015-01-02,4726.04638671875,4738.854100503896,4708.969435005222,4726.04638671875,29447000,0.0,0.0
2015-01-02,4738.8544921875,4743.12373046875,4708.969824218751,4717.50830078125,19508500,0.0,0.0
2015-01-02,4747.39227517678,4747.39227517678,4679.08447265625,4679.08447265625,25356000,0.0,0.0
2015-01-02,4662.008203125,4704.7005859375,4662.008203125,4696.162109375,18577000,0.0,0.0
2015-01-02,4747.392771486148,4755.931247693858,4687.623438032187,4700.43115234375,68152000,0.0,0.0
2015-01-02,4691.892578125,4700.431054154345,4674.81562606631,4691.892578125,71017000,0.0,0.0
2015-01-02,4691.892578125,4691.892578125,4691.892578125,4691.892578125,0,0.0,0.0
2015-01-02,4781.545902777778,4956.58463671875,4764.468953125,4802.89208984375,129332500,0.0,0.0
2015-01-02,4802.89208984375,4802.89208984375,4802.89208984375,4802.89208984375,0,0.0,0.0
2015-01-02,4802.89208984375,4849.853701388889,4768.738190538194,4802.89208984375,62837500,0.0,0.0
2015-01-02,4849.853997835257,4875.469423880162,4777.276957374695,4807.16162109375,48654000,0.0,0.0
2015-01-02,4859.7224862622115,4859.7224862622115,4825.256369338365,4851.10595703125,46975000,51.0,0.0
2015-01-02,4769.249548372571,4842.490056342158,4760.633018023207,4820.94873046875,61482500,0.0,0.0
2015-01-02,4812.33189180313,4864.03107058705,4799.407097107151,4842.48974609375,66204500,0.0,0.0
2015-01-02,4833.873098408641,4907.1135998996815,4820.948304027869,4898.4970703125,65480500,0.0,0.0
2015-01-02,4885.572159476902,4963.120923913044,4885.572159476902,4954.50439453125,107607500,0.0,0.0
2015-01-02,4954.50439453125,4954.50439453125,4954.50439453125,4954.50439453125,0,0.0,0.0
2015-01-02,4997.587160565084,5006.203690152265,4889.8805407253185,4898.4970703125,80879500,0.0,0.0
2015-01-02,4894.188635737885,4954.504340755782,4838.1811953641245,4889.88037109375,58244500,0.0,0.0
2015-01-02,4825.25668649911,4876.955865283029,4820.94842160045,4842.48974609375,36649500,0.0,0.0
2015-01-02,4889.880360310153,4920.038212752595,4868.3390371369815,4876.95556640625,59177000,0.0,0.0
2015-01-02,4825.255139802632,4911.42041015625,4820.94687628495,4911.42041015625,59062000,0.0,0.0
2015-01-02,4911.421661647979,4911.421661647979,4846.797692415769,4851.10595703125,126636500,0.0,0.0
2015-01-02,4833.873046875,4894.188753342246,4825.256517379679,4833.873046875,76130500,0.0,0.0
2015-01-02,4894.188753342246,4907.113547585228,4825.256517379679,4833.873046875,63720500,0.0,0.0
2015-01-02,4790.789659633758,4851.1053567874205,4734.7822265625,4734.7822265625,114800500,0.0,0.0
2015-01-02,4786.482028388279,4786.482028388279,4691.700206043956,4704.625,72065000,0.0,0.0
2015-01-02,4704.624361905185,4721.8574181758995,4549.52685546875,4549.52685546875,87939000,0.0,0.0
2015-01-02,4549.527102437259,4575.376688246562,4463.36181640625,4463.36181640625,74207000,0.0,0.0
2015-01-02,4463.361810960734,4644.308911405088,4428.895696590381,4635.6923828125,54764500,0.0,0.0
2015-01-02,4713.241529304029,4734.7828525641025,4652.925824175824,4704.625,97371000,0.0,0.0
2015-01-02,4764.940705128205,4764.940705128205,4652.925824175824,4704.625,38519000,0.0,0.0
2015-01-02,4687.391252230152,4829.56396484375,4601.225971858274,4829.56396484375,54926000,0.0,0.0
2015-01-02,4833.873046875,4851.106105865642,4829.56478212734,4833.873046875,37402000,0.0,0.0
2015-01-02,4769.249126504782,4911.421864693272,4764.940861711192,4898.4970703125,68564000,0.0,0.0
2015-01-02,4872.647354937472,4971.737442615246,4872.647354937472,4941.57958984375,209923000,0.0,0.0
2015-01-02,4997.586869827961,5079.443896144109,4937.271166226589,4945.8876953125,133044500,0.0,0.0
2015-01-02,4945.8876953125,4945.8876953125,4945.8876953125,4945.8876953125,0,0.0,0.0
2015-01-02,4945.887592958011,5057.902468756712,4941.579328504215,5014.81982421875,96875000,0.0,0.0
2015-01-02,5014.81982421875,5014.81982421875,5014.81982421875,5014.81982421875,0,0.0,0.0
2015-01-02,5014.81982421875,5014.81982421875,5014.81982421875,5014.81982421875,0,0.0,0.0
2015-01-02,5014.81982421875,5014.81982421875,5014.81982421875,5014.81982421875,0,0.0,0.0
2015-01-02,5014.81982421875,5014.81982421875,5014.81982421875,5014.81982421875,0,0.0,0.0
2015-01-02,5014.81982421875,5014.81982421875,5014.81982421875,5014.81982421875,0,0.0,0.0
2015-01-02,5169.917889030612,5333.631955516582,5006.203822544643,5066.51953125,179238000,0.0,0.0
2015-01-02,5083.751635866117,5135.4508050444165,5036.360730786008,5092.3681640625,72901000,0.0,0.0
2015-01-02,5032.054527106501,5083.7537174534855,5014.821463657507,5036.36279296875,69255500,0.0,0.0
2015-01-02,5070.827250635901,5070.827250635901,4988.970226199128,5001.89501953125,78802500,0.0,0.0
2015-01-02,5036.360803222656,5036.360803222656,4988.969897460937,4997.58642578125,57220500,0.0,0.0
2015-01-02,5006.204092294004,5032.0536831320105,4988.971031735333,4993.279296875,83624000,0.0,0.0
2015-01-02,4993.279360599841,5083.7529296875,4993.279360599841,5083.7529296875,78788000,0.0,0.0
2015-01-02,5083.753115464541,5135.452299689605,5075.136584760364,5118.21923828125,66944500,0.0,0.0
2015-01-02,5083.751635866117,5118.217748651649,5001.894618000476,5092.3681640625,59504500,0.0,0.0
2015-01-02,5092.3691206951535,5113.910445232781,5032.053411989796,5066.51953125,144149000,0.0,0.0
2015-01-02,5079.443996010638,5083.752260638297,5053.59440824468,5062.2109375,30084000,0.0,0.0
2015-01-02,5109.601220455266,5135.4508050444165,5062.210315375159,5092.3681640625,40561500,0.0,0.0
2015-01-02,5118.2187000479535,5118.2187000479535,5049.28646166347,5053.5947265625,59334500,0.0,0.0
2015-01-02,5040.669656960826,5113.91015625,5001.895274984204,5113.91015625,77525000,0.0,0.0
2015-01-02,5152.6831197221645,5165.60791015625,5135.450065810051,5165.60791015625,80919000,0.0,0.0
2015-01-02,5165.609534363914,5191.459123359897,5139.75994536793,5161.30126953125,56612500,0.0,0.0
2015-01-02,5161.301438802084,5169.91796875,5126.835319010417,5169.91796875,48563500,0.0,0.0
2015-01-02,5126.835319010417,5169.91796875,5118.2187890625,5169.91796875,43640000,0.0,0.0
2015-01-02,5169.917799196577,5178.534328861905,5139.75994536793,5161.30126953125,28224500,0.0,0.0
2015-01-02,5187.151008951006,5187.151008951006,5144.068359375,5144.068359375,32722500,0.0,0.0
2015-01-02,5113.910445232781,5135.451769770409,5053.594736527423,5066.51953125,38361000,0.0,0.0
2015-01-02,5057.903079427084,5169.91796875,5057.903079427084,5169.91796875,47740500,0.0,0.0
2015-01-02,5169.91796875,5204.384088541667,5165.609703776042,5169.91796875,52183500,0.0,0.0
2015-01-02,5187.150719657677,5191.458984375,5152.684601919087,5191.458984375,34279500,0.0,0.0
2015-01-02,5169.917650270383,5195.767238521735,5165.609385561824,5178.5341796875,29838000,0.0,0.0
2015-01-02,5221.617216292997,5269.00813162239,5200.075891143274,5260.3916015625,61453500,0.0,0.0
2015-01-02,5238.849450493015,5260.390772246687,5230.232921791547,5243.15771484375,38075000,0.0,0.0
2015-01-02,5238.850304878049,5299.166015625,5208.692449504573,5299.166015625,45487000,0.0,0.0
2015-01-02,5256.082554096318,5316.3982555367675,5217.308174598887,5294.85693359375,43625500,0.0,0.0
2015-01-02,5337.940270208544,5350.865065051663,5299.165885679184,5342.24853515625,43973500,0.0,0.0
2015-01-02,5393.947773313294,5419.79736328125,5342.248593377384,5419.79736328125,37314500,0.0,0.0
2015-01-02,5376.714514835606,5419.79716319166,5346.556660986367,5372.40625,39129500,0.0,0.0
2015-01-02,5393.9480734375,5398.256338671875,5312.091033984375,5385.33154296875,51343500,0.0,0.0
2015-01-02,5402.56460390625,5406.872869140625,5342.248890625,5385.33154296875,53477500,0.0,0.0
2015-01-02,5385.330360295601,5385.330360295601,5333.631188836764,5337.939453125,51797500,0.0,0.0
2015-01-02,5359.48142480311,5368.097954424979,5307.78224707189,5333.6318359375,68509500,0.0,0.0
2015-01-02,5346.556650830235,5385.33103427703,5333.631856347971,5359.4814453125,38225500,0.0,0.0
2015-01-02,5333.6318359375,5376.71448404685,5325.01530631563,5333.6318359375,64129000,0.0,0.0
2015-01-02,5333.6321740388485,5402.564415383455,5329.323908954811,5350.865234375,78228000,0.0,0.0
2015-01-02,5307.78255525142,5346.556940801146,5307.78255525142,5312.0908203125,62989500,0.0,0.0
2015-01-02,5355.173362630208,5355.173362630208,5169.91796875,5169.91796875,90924000,0.0,0.0
2015-01-02,5066.51953125,5131.143504862883,4967.429438376913,5066.51953125,183296000,0.0,0.0
2015-01-02,5148.37632672759,5213.000297355969,5088.060620807768,5178.5341796875,92102000,0.0,0.0
2015-01-02,5178.533361684274,5238.849058076603,5152.683777516132,5174.22509765625,58295500,0.0,0.0
2015-01-02,5217.3073007909115,5273.31472846249,5217.3073007909115,5225.923828125,48118500,0.0,0.0
2015-01-02,5230.233868125259,5238.850398385762,5169.918156301738,5204.38427734375,52705000,0.0,0.0
2015-01-02,5169.91700436409,5204.3831177265165,5169.91700436409,5182.841796875,84406000,0.0,0.0
2015-01-02,5204.383767938852,5221.616826773086,5152.684591436148,5178.5341796875,81942000,0.0,0.0
2015-01-02,5100.985729166667,5169.91796875,5049.286549479167,5169.91796875,52561500,0.0,0.0
2015-01-02,5204.3834023699665,5204.3834023699665,5135.451171875,5135.451171875,49821500,0.0,0.0
2015-01-02,5195.76658938591,5195.76658938591,5139.759155171966,5182.841796875,30619000,0.0,0.0
2015-01-02,5200.074828999583,5200.074828999583,5156.9921875,5156.9921875,58393500,0.0,0.0
2015-01-02,5169.917298640167,5174.225563055701,5148.3759765625,5148.3759765625,55927500,0.0,0.0
2015-01-02,5105.293994140625,5169.91796875,5100.985729166667,5169.91796875,65888000,0.0,0.0
2015-01-02,5100.983957985822,5165.60791015625,5088.059167551736,5165.60791015625,33083500,0.0,0.0
2015-01-02,5118.218621204612,5169.917799196577,5049.28638388199,5161.30126953125,41388500,0.0,0.0
2015-01-02,5204.382945852414,5204.382945852414,5126.834193347991,5174.22509765625,123780000,0.0,0.0
2015-01-02,5169.9161736342785,5187.149227546393,5156.991383200193,5165.60791015625,55688000,0.0,0.0
2015-01-02,5161.300305572179,5191.458153768343,5156.992041544156,5174.22509765625,51525500,0.0,0.0
2015-01-02,5238.849462090164,5256.08251953125,5174.225496686091,5256.08251953125,73650000,0.0,0.0
2015-01-02,5256.083268229167,5256.083268229167,5169.91796875,5169.91796875,42429000,0.0,0.0
2015-01-02,5169.918649360033,5217.3095703125,5169.918649360033,5217.3095703125,42743500,0.0,0.0
2015-01-02,5221.616997702969,5221.616997702969,5174.22608435748,5187.15087890625,41979000,0.0,0.0
2015-01-02,5243.158663516013,5243.158663516013,5182.8429516924925,5204.38427734375,53650500,0.0,0.0
2015-01-02,5221.6168373962655,5221.6168373962655,5191.458984375,5191.458984375,54349000,0.0,0.0
2015-01-02,5212.999988672846,5217.308253126294,5152.684286324565,5200.0751953125,25912000,0.0,0.0
2015-01-02,5187.151711524567,5217.3095703125,5156.993852736633,5217.3095703125,40291000,0.0,0.0
2015-01-02,5212.999875928535,5256.08251953125,5178.533761046363,5256.08251953125,45243500,0.0,0.0
2015-01-02,5256.083116499688,5260.391381349278,5178.53434920707,5187.15087890625,40034000,0.0,0.0
2015-01-02,5238.850228026534,5247.466758006841,5178.534518164387,5195.767578125,28419500,0.0,0.0
2015-01-02,5169.916833628226,5182.841625712297,5156.992041544156,5174.22509765625,77289000,0.0,0.0
2015-01-02,5161.301458203773,5200.0758431151535,5156.99319321362,5195.767578125,92037500,0.0,0.0
2015-01-02,5161.301626041235,5204.38427734375,5161.301626041235,5204.38427734375,28667000,0.0,0.0
2015-01-02,5182.84278315454,5208.69237309546,5169.91798818408,5195.767578125,61988500,0.0,0.0
2015-01-02,5213.000447523215,5213.000447523215,5161.30126953125,5161.30126953125,133433000,0.0,0.0
2015-01-02,5195.767249092324,5195.767249092324,5169.917660788382,5191.458984375,47231500,0.0,0.0
2015-01-02,5152.684217961522,5169.917275546678,5118.218102791211,5122.5263671875,79718500,0.0,0.0
2015-01-02,5083.752303601516,5113.91015625,4980.353951663858,5113.91015625,88620000,0.0,0.0
2015-01-02,5169.918490872525,5221.61767578125,5144.0688984181625,5221.61767578125,109859000,0.0,0.0
2015-01-02,5174.2259567738365,5234.541663180858,5169.917692030477,5230.2333984375,48010000,0.0,0.0
2015-01-02,5230.2333984375,5230.2333984375,5174.2259567738365,5230.2333984375,73391000,0.0,0.0
2015-01-02,5178.534686562241,5225.9256029950075,5178.534686562241,5204.38427734375,40057000,0.0,0.0
2015-01-02,5178.533884297521,5230.23305785124,5178.533884297521,5213.0,52376500,0.0,0.0
2015-01-02,5178.534686562241,5208.692542474001,5126.835504999223,5204.38427734375,50269000,0.0,0.0
2015-01-02,5152.684454805108,5225.924952908525,5152.684454805108,5208.69189453125,56890500,0.0,0.0
2015-01-02,5230.2333984375,5238.849927924217,5213.000339464064,5230.2333984375,56705500,0.0,0.0
2015-01-02,5238.849462090164,5256.08251953125,5182.842025406634,5256.08251953125,46997500,0.0,0.0
2015-01-02,5256.0829868976525,5256.0829868976525,5213.000339464064,5230.2333984375,41496500,0.0,0.0
2015-01-02,5187.151419931465,5264.7001953125,5187.151419931465,5264.7001953125,65806500,0.0,0.0
2015-01-02,5238.8496428571425,5303.473610491072,5238.8496428571425,5277.6240234375,40863500,0.0,0.0
2015-01-02,5281.932825888357,5342.24853515625,5281.932825888357,5342.24853515625,37514500,0.0,0.0
2015-01-02,5333.631336190536,5333.631336190536,5294.856956525177,5320.70654296875,40935000,0.0,0.0
2015-01-02,5342.24854497687,5355.17333984375,5320.707220198738,5355.17333984375,65776500,0.0,0.0
2015-01-02,5329.323519266149,5350.864843111202,5260.3912829619785,5269.0078125,45666500,0.0,0.0
2015-01-02,5307.78173828125,5316.398267077161,5290.548680689428,5307.78173828125,41008500,0.0,0.0
2015-01-02,5342.248386002813,5389.639299104451,5329.323591520549,5359.4814453125,59971500,0.0,0.0
2015-01-02,5402.563985770089,5428.41357421875,5363.789603097098,5428.41357421875,67259500,0.0,0.0
2015-01-02,5428.413883528387,5432.722148515314,5393.947763632968,5406.87255859375,62219000,0.0,0.0
2015-01-02,5419.797044735863,5445.646633184523,5402.563985770089,5428.41357421875,73101000,0.0,0.0
2015-01-02,5445.646893901209,5449.955158848917,5320.707210417717,5342.24853515625,61929500,0.0,0.0
2015-01-02,5342.2483758058015,5385.331023997784,5342.2483758058015,5346.556640625,43249500,0.0,0.0
2015-01-02,5346.556650830235,5376.714504622187,5299.165737728597,5359.4814453125,79861500,0.0,0.0
2015-01-02,5411.180653930566,5415.488918782422,5342.248416300878,5398.255859375,60738000,0.0,0.0
2015-01-02,5402.564303302614,5428.413893270568,5385.331243323976,5419.79736328125,58420500,0.0,0.0
2015-01-02,5428.413267354249,5449.95458984375,5406.871944864748,5449.95458984375,42080500,0.0,0.0
2015-01-02,5471.49653339766,5497.346123319223,5393.947763632968,5406.87255859375,43794500,0.0,0.0
2015-01-02,5471.4962634200565,5480.11279296875,5402.564027030513,5480.11279296875,66161500,0.0,0.0
2015-01-02,5497.345476630759,5497.345476630759,5424.10498046875,5424.10498046875,63393000,0.0,0.0
2015-01-02,5458.571416862445,5458.571416862445,5385.330916399414,5415.48876953125,61972000,0.0,0.0
2015-01-02,5441.338518081957,5441.338518081957,5385.331074902966,5411.1806640625,90040500,0.0,0.0
2015-01-02,5458.571096309695,5462.879360789813,5398.2553935880405,5424.10498046875,70207000,0.0,0.0
2015-01-02,5359.4814757083,5411.180653930566,5359.4814757083,5398.255859375,47635500,0.0,0.0
2015-01-02,5398.255869482733,5415.488928922423,5398.255869482733,5411.1806640625,40083500,0.0,0.0
2015-01-02,5398.255700118994,5411.180494293261,5350.86478814668,5402.56396484375,37862000,0.0,0.0
2015-01-02,5411.1808235806775,5419.7973535545325,5389.639498646041,5406.87255859375,47138000,0.0,0.0
2015-01-02,5381.022810043043,5415.488928922423,5350.864956023587,5411.1806640625,65599000,0.0,0.0
2015-01-02,5454.262683714371,5471.495741166865,5428.41309753563,5441.337890625,60115000,0.0,0.0
2015-01-02,5389.638584599533,5471.49560546875,5389.638584599533,5471.49560546875,43229500,0.0,0.0
2015-01-02,5471.496221633184,5471.496221633184,5428.41357421875,5428.41357421875,57523500,0.0,0.0
2015-01-02,5411.180356611816,5437.029944302636,5402.563827381542,5432.7216796875,56035000,0.0,0.0
2015-01-02,5454.263473449951,5458.571738436877,5406.87255859375,5406.87255859375,55133500,0.0,0.0
2015-01-02,5454.263152129326,5454.263152129326,5402.563975331891,5415.48876953125,192783500,0.0,0.0
2015-01-02,5402.563985770089,5428.41357421875,5376.714397321428,5428.41357421875,58833500,0.0,0.0
2015-01-02,5424.105930078125,5424.105930078125,5381.023277734375,5385.33154296875,44248000,0.0,0.0
2015-01-02,5368.098015463276,5424.105458642267,5363.789750603354,5411.1806640625,52954500,0.0,0.0
2015-01-02,5411.180918652723,5536.12060546875,5402.56438852748,5536.12060546875,49909000,0.0,0.0
2015-01-02,5531.8114889705885,5531.8114889705885,5467.187522977942,5493.037109375,42823000,0.0,0.0
2015-01-02,5480.112145890613,5514.578260015711,5475.8038816249755,5484.42041015625,37552000,0.0,0.0
2015-01-02,5480.111962736592,5501.653283344835,5454.262378006703,5462.87890625,54168000,0.0,0.0
2015-01-02,5480.167609888096,5527.70849609375,5462.880014904222,5527.70849609375,69920500,20.0,0.0
2015-01-02,5506.099002363907,5527.70849609375,5497.45520487197,5527.70849609375,51667500,0.0,0.0
2015-01-02,5527.7077561923115,5532.02965435978,5497.454469020031,5501.7763671875,57654000,0.0,0.0
2015-01-02,5501.776492701802,5519.064085766066,5488.810797903605,5514.7421875,48469000,0.0,0.0
2015-01-02,5532.029278391167,5536.3511762649105,5480.16650390625,5480.16650390625,79198500,0.0,0.0
2015-01-02,5527.70787768094,5549.317368993219,5488.8107933188385,5497.45458984375,70822500,0.0,0.0
2015-01-02,5480.166996793927,5527.70787768094,5480.166996793927,5497.45458984375,78684000,0.0,0.0
2015-01-02,5527.707909405048,5618.4677734375,5501.77651968149,5618.4677734375,102914500,0.0,0.0
2015-01-02,5618.467476348538,5877.781359872317,5566.604699643783,5838.88427734375,181804000,0.0,0.0
2015-01-02,5791.343232125947,5808.630823863637,5696.261477568655,5704.9052734375,74171000,0.0,0.0
2015-01-02,5774.05614794482,5825.918927716779,5713.5495715442,5756.7685546875,99453000,0.0,0.0
2015-01-02,5774.05614794482,5817.275131088119,5748.12475805884,5756.7685546875,46558500,0.0,0.0
2015-01-02,5756.76904589259,5812.953728772923,5756.76904589259,5774.056640625,38188500,0.0,0.0
2015-01-02,5765.411994142084,5791.343382421584,5765.411994142084,5787.021484375,29945000,0.0,0.0
2015-01-02,5774.056519376402,5808.631708115184,5765.412722191707,5778.37841796875,61168000,0.0,0.0
2015-01-02,5787.0216051680445,5860.493873493554,5774.055910757661,5782.69970703125,49445000,0.0,0.0
2015-01-02,5834.562754911535,5877.78173828125,5812.953263226677,5877.78173828125,47755500,0.0,0.0
2015-01-02,5808.630985523385,5834.562373851614,5782.699597195156,5821.5966796875,27300000,0.0,0.0
2015-01-02,5821.597046985116,5851.850335276798,5817.275148657734,5825.9189453125,45022500,0.0,0.0
2015-01-02,5765.412843258795,5830.241323505333,5765.412843258795,5774.056640625,53692500,0.0,0.0
2015-01-02,5825.9189453125,5838.884640294649,5817.275148657734,5825.9189453125,40363500,0.0,0.0
2015-01-02,5847.529293244656,5899.392080767891,5799.9884046816915,5812.9541015625,73362000,0.0,0.0
2015-01-02,5825.918336499259,5843.205928002223,5821.596438623517,5830.240234375,67855000,0.0,0.0
2015-01-02,5830.240631680996,5951.253780448281,5825.918733510735,5938.2880859375,93582000,0.0,0.0
2015-01-02,5938.287954490901,6102.520081325439,5877.781381446598,5908.03466796875,75623500,0.0,0.0
2015-01-02,5882.103889855155,5955.576164746806,5873.460092809079,5921.0009765625,88931500,0.0,0.0
2015-01-02,5912.356576704545,5955.575557528408,5877.781392045455,5942.60986328125,38249500,0.0,0.0
2015-01-02,6007.4383236843905,6029.047814057356,5903.712769894157,5908.03466796875,93554500,0.0,0.0
2015-01-02,5951.254754844207,5959.898552599972,5899.391968309617,5903.7138671875,103984500,0.0,0.0
2015-01-02,5925.322628623561,5959.8978153697235,5908.03503525048,5912.35693359375,94311500,0.0,0.0
2015-01-02,5951.254018683183,5959.8978153697235,5903.713136907209,5912.35693359375,87728000,0.0,0.0
2015-01-02,5895.06957828561,5946.932360499266,5886.42578125,5886.42578125,69653500,0.0,0.0
2015-01-02,5933.966425310102,5998.7949004591555,5890.747441877398,5912.35693359375,39679000,0.0,0.0
2015-01-02,5908.034778712951,5916.6785750241625,5838.88440822326,5869.1376953125,82615000,0.0,0.0
2015-01-02,5877.7821020633755,5916.6791895035,5851.8507104366245,5864.81640625,43821000,0.0,0.0
2015-01-02,5916.678810187546,5916.678810187546,5817.275148657734,5825.9189453125,71990000,0.0,0.0
2015-01-02,5877.781665943287,5882.103564227069,5601.18017578125,5601.18017578125,163136500,0.0,0.0
2015-01-02,5601.180657996894,5691.940529769992,5506.098887567935,5566.60546875,149797000,0.0,0.0
2015-01-02,5678.973885830966,5722.19286517519,5635.754906486743,5704.9052734375,113316500,0.0,0.0
2015-01-02,5860.493883787612,5860.493883787612,5748.124532033572,5817.27490234375,123002500,0.0,0.0
2015-01-02,5825.9189453125,5860.494131931565,5774.056165383902,5825.9189453125,154693500,0.0,0.0
2015-01-02,5799.987559662768,5860.494136291143,5795.66566133217,5843.20654296875,82609000,0.0,0.0
2015-01-02,5843.206913227708,5864.81640625,5730.837549511791,5864.81640625,66578500,0.0,0.0
2015-01-02,5864.816038958795,5864.816038958795,5830.240852288441,5860.494140625,77526500,0.0,0.0
2015-01-02,5877.78173828125,5877.78173828125,5843.206551585478,5877.78173828125,69971500,0.0,0.0
2015-01-02,5895.0690842461345,5895.0690842461345,5825.918713756443,5869.1376953125,49737000,0.0,0.0
2015-01-02,5860.49461428705,5873.460310336358,5769.7347419418975,5774.056640625,147028500,0.0,0.0
2015-01-02,5774.056161063058,5834.562737601144,5774.056161063058,5808.63134765625,115319000,0.0,0.0
2015-01-02,5778.377688281834,5808.630974607917,5765.411994142084,5787.021484375,98436500,0.0,0.0
2015-01-02,5761.0900960955005,5843.206158980583,5761.0900960955005,5787.021484375,74594000,0.0,0.0
2015-01-02,5782.700053899735,5787.021952295773,5674.652593998769,5700.583984375,136724500,0.0,0.0
2015-01-02,5704.905399659864,5756.768176020408,5700.583501629819,5717.87109375,98261000,0.0,0.0
2015-01-02,5674.652825296336,5704.906115301725,5627.111941002156,5640.07763671875,84910000,0.0,0.0
2015-01-02,5661.687007979996,5670.330804938744,5627.111820145004,5644.3994140625,86446500,0.0,0.0
2015-01-02,5618.467260818244,5648.720546068804,5549.31689453125,5549.31689453125,92824500,0.0,0.0
2015-01-02,5592.537088415392,5596.858987247242,5359.15455149543,5436.94873046875,129254500,0.0,0.0
2015-01-02,5359.15455149543,5436.94873046875,5216.531890044341,5436.94873046875,169946500,0.0,0.0
2015-01-02,5436.948452598171,5436.948452598171,5216.531623438785,5255.4287109375,144871500,0.0,0.0
2015-01-02,5359.1538364072385,5488.810784062252,5359.1538364072385,5462.87939453125,114663500,0.0,0.0
2015-01-02,5458.558002353455,5618.468252620341,5411.017117138975,5566.60546875,83025000,0.0,0.0
2015-01-02,5653.0435651587995,5653.0435651587995,5480.167615153943,5562.28369140625,77583000,0.0,0.0
2015-01-02,5488.810755575856,5488.810755575856,5359.15380859375,5359.15380859375,77835500,0.0,0.0
2015-01-02,5186.278663839672,5220.853854931936,5000.43701171875,5000.43701171875,140889500,0.0,0.0
2015-01-02,5047.977914029536,5194.922476595464,5047.977914029536,5121.4501953125,133667000,0.0,0.0
2015-01-02,5143.058564536592,5168.989952256945,5004.757830028045,5056.62060546875,93204500,0.0,0.0
2015-01-02,4840.526360161871,4875.101548448741,4719.5132011578235,4805.951171875,129845500,0.0,0.0
2015-01-02,4805.951171875,4805.951171875,4805.951171875,4805.951171875,0,0.0,0.0
2015-01-02,4805.951171875,4805.951171875,4805.951171875,4805.951171875,0,0.0,0.0
2015-01-02,4749.765883922577,4758.409679889679,4425.62353515625,4425.62353515625,212200000,0.0,0.0
2015-01-02,4425.6235,4650.362193359375,4118.768745605468,4321.89794921875,180053500,0.0,0.0
2015-01-02,4317.575941122732,4317.575941122732,4019.364990234375,4019.364990234375,264419000,0.0,0.0
2015-01-02,3976.146867987725,4654.684974807369,3738.4424356623713,4092.838134765625,335132000,0.0,0.0
2015-01-02,4114.446930551637,4321.898036293736,3807.5921699747814,3829.20166015625,217843500,0.0,0.0
2015-01-02,3846.4895128038197,4317.576430664063,3846.4895128038197,3889.70849609375,253971000,0.0,0.0
2015-01-02,4019.3655950372868,4663.328469941111,4019.3655950372868,4563.9248046875,331633000,0.0,0.0
2015-01-02,4633.0745094147005,5095.5175807835185,4628.752611551441,4762.7314453125,269683000,0.0,0.0
2015-01-02,4736.8004187045035,4801.628891588233,4455.877036208342,4749.76611328125,159964500,0.0,0.0
2015-01-02,4892.389011241516,4935.607995439763,4741.122566547653,4775.69775390625,182638500,0.0,0.0
2015-01-02,4805.950662209169,4970.182789155167,4689.259414115962,4736.80029296875,152831500,0.0,0.0
2015-01-02,4728.157218439522,4728.157218439522,4633.075446222273,4676.29443359375,136623500,0.0,0.0
2015-01-02,4719.51282593551,4780.01940062699,4637.396760282785,4749.76611328125,110506000,0.0,0.0
2015-01-02,4771.376130666958,4961.539672106583,4749.766637321545,4957.2177734375,78184000,0.0,0.0
2015-01-02,4957.216770971486,5272.715310013263,4823.237939323608,4888.06640625,149153500,0.0,0.0
2015-01-02,4888.0678697939775,4892.389768883097,4736.8014016748,4870.7802734375,106111500,0.0,0.0
2015-01-02,4840.527465929402,4922.643556869275,4754.089475466377,4836.20556640625,89997000,0.0,0.0
2015-01-02,4788.663567116478,4853.492045010654,4736.800784801137,4754.08837890625,58043000,0.0,0.0
2015-01-02,4758.409914544141,4831.882183887693,4706.547136183987,4767.0537109375,95796000,0.0,0.0
2015-01-02,4767.05444002108,4866.458113747721,4706.54785601356,4741.123046875,95342000,0.0,0.0
2015-01-02,4741.123146115368,4771.376438752386,4481.8092092266525,4529.35009765625,176990500,0.0,0.0
2015-01-02,4581.212305587557,4706.547359230991,4563.924711981566,4689.259765625,160935500,0.0,0.0
2015-01-02,4693.581402092087,4754.087976336367,4607.143438885971,4628.7529296875,90744000,0.0,0.0
2015-01-02,4708.771583734557,4708.771583734557,4537.3037109375,4537.3037109375,73431000,91.0,0.0
2015-01-02,4537.303605594024,4603.25278590789,4436.181529112761,4524.11376953125,107263500,0.0,0.0
2015-01-02,4554.890205383301,4612.04616355896,4502.130859375,4502.130859375,105419500,0.0,0.0
2015-01-02,4502.131097560976,4519.7175471608225,4326.2666015625,4326.2666015625,131149500,0.0,0.0
2015-01-02,4343.852517404864,4414.198307160408,4269.110115789598,4361.43896484375,151103500,0.0,0.0
2015-01-02,4361.439360119048,4374.629196893601,4225.144380115327,4247.12744140625,180488000,0.0,0.0
2015-01-02,4242.7308060164305,4264.7138671875,4220.747744845361,4264.7138671875,121161000,0.0,0.0
2015-01-02,4291.092729992746,4616.441973865148,4291.092729992746,4546.09619140625,174081000,0.0,0.0
2015-01-02,4528.510419472881,4660.4087812051,4396.612057740661,4590.06298828125,114497500,0.0,0.0
2015-01-02,4590.063277923959,4695.581973968188,4572.476828583254,4647.21923828125,118643500,0.0,0.0
2015-01-02,4673.599072767128,4721.961810114671,4660.409235308707,4708.77197265625,86395500,0.0,0.0
2015-01-02,4699.97763913921,4748.340365079838,4528.509792622438,4612.04541015625,123028000,0.0,0.0
2015-01-02,4612.04608609611,4682.391879592334,4612.04608609611,4656.01220703125,40615500,0.0,0.0
2015-01-02,4695.581677667026,4695.581677667026,4422.991730087105,4590.06298828125,118660000,0.0,0.0
2015-01-02,4537.30352174046,4546.096745619802,4471.354342645395,4493.33740234375,94973000,0.0,0.0
2015-01-02,4458.164973561356,4493.337872761052,4313.076764362614,4326.2666015625,131268000,0.0,0.0
2015-01-02,4326.265637245298,4392.214808544769,4115.228289086991,4207.55712890625,205790000,0.0,0.0
2015-01-02,4220.747966946485,4260.317479136608,4176.781842290792,4189.9716796875,139997500,0.0,0.0
2015-01-02,4255.920088808761,4361.438768696581,4115.228515625,4115.228515625,128504500,0.0,0.0
2015-01-02,4150.4021674973765,4220.747966946485,4124.022492703962,4189.9716796875,119158000,0.0,0.0
2015-01-02,4198.763611945108,4396.611111984406,4198.763611945108,4370.2314453125,176076500,0.0,0.0
2015-01-02,4370.232549723061,4396.61222306143,4269.110468592648,4365.8359375,151753500,0.0,0.0
2015-01-02,4396.612093513928,4677.995267498819,4396.612093513928,4656.01220703125,229233000,0.0,0.0
2015-01-02,4656.01195442332,4656.01195442332,4563.68310546875,4563.68310546875,399414000,0.0,0.0
2015-01-02,4625.236209698577,4836.2736032969915,4607.649760232043,4713.16845703125,181369500,0.0,0.0
2015-01-02,4757.1341151465185,5082.4833984375,4748.340891273789,5082.4833984375,279673500,0.0,0.0
2015-01-02,5082.484118631261,5267.141846124784,4924.2060664939545,5091.27734375,236158500,0.0,0.0
2015-01-02,5091.276559941321,5148.432514413892,4911.015472758597,5034.12060546875,88157500,0.0,0.0
2015-01-02,5060.5006864903335,5209.985502598649,5060.5006864903335,5188.00244140625,173557500,0.0,0.0
2015-01-02,5223.175327034884,5271.538061544466,5095.673572418712,5104.466796875,100110000,0.0,0.0
2015-01-02,5100.06982421875,5157.225779145339,4919.8087356041215,5100.06982421875,115382500,0.0,0.0
2015-01-02,5056.104332292584,5108.863681846941,4928.602570869553,4994.5517578125,85187500,0.0,0.0
2015-01-02,4994.550547012786,4994.550547012786,4818.686091132055,4985.75732421875,96044000,0.0,0.0
2015-01-02,4994.551477272727,5020.931150568182,4836.2734375,4836.2734375,100844500,0.0,0.0
2015-01-02,4906.618942260742,5095.673256344266,4906.618942260742,5064.89697265625,91518500,0.0,0.0
2015-01-02,5100.069912997159,5100.069912997159,4994.551225142046,5029.72412109375,79800000,0.0,0.0
2015-01-02,5029.72414950761,5047.310597582811,4911.015625,4911.015625,68032000,0.0,0.0
2015-01-02,4924.206207959642,4968.172334816424,4875.843468417181,4902.22314453125,110071000,0.0,0.0
2015-01-02,4919.809022979185,4976.964981244359,4862.653064714012,4871.4462890625,51590500,0.0,0.0
2015-01-02,4897.825871260565,4976.964888929048,4853.85975033363,4941.7919921875,69954000,0.0,0.0
2015-01-02,4968.1714487702675,5064.8969106047325,4959.378224967134,5016.5341796875,57333000,0.0,0.0
2015-01-02,5012.137546056222,5051.707052998771,4959.378203466157,5034.12060546875,51415000,0.0,0.0
2015-01-02,5029.725071274358,5064.897973870682,4959.37926608171,4963.77587890625,57467500,0.0,0.0
2015-01-02,4959.378500137665,5007.741233738298,4911.015766537032,4990.15478515625,48796500,0.0,0.0
2015-01-02,5012.13733435305,5047.310227927458,4976.964440778644,5007.74072265625,74474000,0.0,0.0
2015-01-02,5012.13758587015,5100.06982421875,4990.154526283,5100.06982421875,63959000,0.0,0.0
2015-01-02,5078.085488314523,5161.62109375,5064.8956558773425,5161.62109375,75585500,0.0,0.0
2015-01-02,5161.62109375,5192.397369436755,5135.241428875639,5161.62109375,52219000,0.0,0.0
2015-01-02,5152.829623986416,5218.77880859375,5144.036399372104,5218.77880859375,67800000,0.0,0.0
2015-01-02,5223.174993804779,5271.537725228897,5188.002098223602,5267.14111328125,74168000,0.0,0.0
2015-01-02,5267.141125882056,5508.954783581149,5258.347901965725,5451.798828125,106444500,0.0,0.0
2015-01-02,5460.592164286629,5486.971836577869,5302.314130539191,5363.86669921875,93543500,0.0,0.0
2015-01-02,5363.866588961693,5486.971723790322,5346.280141129032,5451.798828125,67224000,0.0,0.0
2015-01-02,5478.1781582110325,5486.971381578947,5399.039147899797,5429.8154296875,86006000,0.0,0.0
2015-01-02,5429.815768334173,5451.798828125,5372.659812878024,5451.798828125,45616500,0.0,0.0
2015-01-02,5451.799622078252,5486.9725228658535,5407.83349609375,5407.83349609375,61468000,0.0,0.0
2015-01-02,5407.832730487712,5451.798850247775,5399.0395065357,5434.21240234375,66520500,0.0,0.0
2015-01-02,5394.642961090686,5434.212469362745,5311.10733251634,5381.453125,73348000,0.0,0.0
2015-01-02,5381.45358942386,5416.62648870114,5328.69424050794,5399.0400390625,59794500,0.0,0.0
2015-01-02,5363.866588961693,5482.575111832157,5363.866588961693,5451.798828125,84159500,0.0,0.0
2015-01-02,5460.592074199787,5495.764970007837,5390.246282583687,5434.21240234375,44725500,0.0,0.0
2015-01-02,5434.212380292339,5464.988663999496,5399.039484627016,5451.798828125,84026500,0.0,0.0
2015-01-02,5451.798940189549,5451.798940189549,5363.86669921875,5363.86669921875,58366500,0.0,0.0
2015-01-02,5363.86669921875,5399.03959560707,5275.934458247951,5363.86669921875,41972500,0.0,0.0
2015-01-02,5381.453415521422,5451.799211802749,5328.6940683104285,5438.609375,65279000,0.0,0.0
2015-01-02,5438.609187566855,5438.609187566855,5363.866781593827,5394.64306640625,50262500,0.0,0.0
2015-01-02,5394.642349243164,5486.97119140625,5324.296564737956,5486.97119140625,80533500,0.0,0.0
2015-01-02,5469.385601995819,5482.575438656581,5122.053236595763,5390.24658203125,137079000,0.0,0.0
2015-01-02,5412.230035508504,5469.3859985154995,5390.2469728135065,5460.5927734375,79357000,0.0,0.0
2015-01-02,5451.800164308018,5469.386616450947,5363.867903593373,5456.19677734375,49393000,0.0,0.0
2015-01-02,5464.988113549571,5535.333897794779,5438.608444457618,5504.5576171875,55258500,0.0,0.0
2015-01-02,5508.954805935857,5526.541253839881,5416.625954439724,5434.21240234375,43621000,0.0,0.0
2015-01-02,5434.212469362745,5451.79891748366,5368.263288909314,5381.453125,37774500,0.0,0.0
2015-01-02,5399.039147899797,5451.798488107287,5390.245924531882,5429.8154296875,38795500,0.0,0.0
2015-01-02,5429.815221426967,5504.5576171875,5416.625386880991,5504.5576171875,35612000,0.0,0.0
2015-01-02,5504.558062065972,5539.73095703125,5434.212272135417,5539.73095703125,48581000,0.0,0.0
2015-01-02,5539.73120517418,5632.06005859375,5486.971860362998,5632.06005859375,57316000,0.0,0.0
2015-01-02,5632.060232486365,5649.64668129975,5539.731376216097,5592.49072265625,81563500,0.0,0.0
2015-01-02,5592.491493261256,5636.457621352933,5548.525365169579,5566.11181640625,58793500,0.0,0.0
2015-01-02,5574.90395820962,5610.076853845012,5522.144614756532,5552.9208984375,66882500,0.0,0.0
2015-01-02,5557.317213275726,5610.076553908091,5544.127378117635,5596.88671875,49211000,0.0,0.0
2015-01-02,5614.473315121624,5618.869926958055,5544.127525738738,5574.90380859375,42983000,0.0,0.0
2015-01-02,5596.886597419507,5803.52734375,5574.903539299242,5803.52734375,68326000,0.0,0.0
2015-01-02,5768.355177059277,5803.5280744803695,5649.646648263087,5711.19921875,52292500,0.0,0.0
2015-01-02,5715.595586404383,5750.768482320717,5517.748046875,5517.748046875,97032000,0.0,0.0
2015-01-02,5522.144279620398,5733.181640625,5486.9713861196315,5733.181640625,67446000,0.0,0.0
2015-01-02,5733.182349334693,5768.355247183372,5596.887370171061,5658.43994140625,66065000,0.0,0.0
2015-01-02,5684.819904221755,5715.59619140625,5539.731693209134,5715.59619140625,68208500,0.0,0.0
2015-01-02,5671.629719031642,5671.629719031642,5508.9550681756955,5610.0771484375,80613500,0.0,0.0
2015-01-02,5570.507625655703,5592.490686530429,5451.79909693218,5526.54150390625,64249500,0.0,0.0
2015-01-02,5526.542173703261,5592.491364320245,5526.542173703261,5570.50830078125,39649000,0.0,0.0
2015-01-02,5539.731386671838,5557.317835518415,5460.59236686224,5491.36865234375,49285000,0.0,0.0
2015-01-02,5469.3849521971815,5469.3849521971815,5108.86279296875,5108.86279296875,175735000,0.0,0.0
2015-01-02,5100.070071046783,5253.9514956042285,4941.792034359124,5192.39892578125,403032500,0.0,0.0
2015-01-02,5275.934271694215,5377.056345235021,5262.744436014979,5319.900390625,138115000,0.0,0.0
2015-01-02,5311.108135132253,5363.867487468004,5152.830078125,5152.830078125,170087000,0.0,0.0
2015-01-02,5152.829471807066,5161.622696161685,5051.70739172894,5056.10400390625,158565500,0.0,0.0
2015-01-02,5056.103388357949,5148.432232841008,4981.360990443093,5060.5,138796000,0.0,0.0
2015-01-02,5012.1380214115225,5042.914307507909,4897.826101624944,4950.58544921875,316912000,0.0,0.0
2015-01-02,4959.37833477364,5042.913962752983,4919.808826783425,4928.60205078125,112443000,0.0,0.0
2015-01-02,4853.8596975344035,4893.429205938217,4774.720680726778,4792.30712890625,163442500,0.0,0.0
2015-01-02,4792.306705374375,4911.015220094658,4770.323647092841,4840.66943359375,100517000,0.0,0.0
2015-01-02,4774.720808044938,4867.049663449122,4739.547910748106,4787.91064453125,88618500,0.0,0.0
2015-01-02,4818.686149175579,4946.187881224933,4801.0997033756685,4932.998046875,100705000,0.0,0.0
2015-01-02,4968.171911300147,5007.741422098114,4836.273541973595,4849.46337890625,93522000,0.0,0.0
2015-01-02,4902.221996782045,4954.9813366577255,4801.099928686989,4840.66943359375,117778500,0.0,0.0
2015-01-02,4893.429491106434,4893.429491106434,4765.927734375,4765.927734375,107377000,0.0,0.0
2015-01-02,4823.083280881817,4897.82568359375,4818.686668957585,4897.82568359375,56893000,0.0,0.0
2015-01-02,4889.032161813124,4893.428773469431,4783.513482061762,4840.66943359375,66848000,0.0,0.0
2015-01-02,4849.462275408316,4889.031777202219,4801.099550993546,4853.85888671875,58291000,0.0,0.0
2015-01-02,4950.585127124452,5025.327531352796,4924.20545504386,5012.1376953125,141955500,0.0,0.0
2015-01-02,4924.205039096438,5060.5,4906.618592528236,5060.5,89937500,0.0,0.0
2015-01-02,5091.276622310229,5100.069846182959,5020.9308313283955,5082.4833984375,77384500,0.0,0.0
2015-01-02,5056.104339995942,5078.08740234375,5029.724665178571,5078.08740234375,54250500,0.0,0.0
2015-01-02,5135.242294246371,5166.018575119422,5126.449071139784,5148.43212890625,82918500,0.0,0.0
2015-01-02,5135.242294246371,5152.828740459543,5073.6897325002665,5148.43212890625,48250500,0.0,0.0
2015-01-02,5135.243094544491,5188.00244140625,5108.863421113612,5188.00244140625,83117500,0.0,0.0
2015-01-02,5166.019391560204,5170.416003808341,5064.897309853069,5086.88037109375,82067000,0.0,0.0
2015-01-02,5086.880032433404,5091.276644388835,5038.517300923665,5064.89697265625,89051500,0.0,0.0
2015-01-02,5056.1040742518535,5188.00244140625,5020.931176344015,5188.00244140625,56871500,0.0,0.0
2015-01-02,5170.415980297157,5170.415980297157,5086.880347962425,5104.466796875,74995500,0.0,0.0
2015-01-02,5152.829189419334,5157.225801355698,5038.517279073854,5082.4833984375,77944000,0.0,0.0
2015-01-02,5047.310481209591,5100.06982421875,5016.5341977875805,5100.06982421875,96872500,0.0,0.0
2015-01-02,5135.24349409662,5135.24349409662,5056.104467646502,5073.69091796875,66328000,0.0,0.0
2015-01-02,5034.121230200049,5130.846703618739,5034.121230200049,5113.26025390625,70452500,0.0,0.0
2015-01-02,5113.260406546848,5126.450244224957,5060.501055834413,5091.27734375,89482000,0.0,0.0
2015-01-02,5064.896907216495,5122.052861898625,5029.724012027491,5117.65625,151006500,0.0,0.0
2015-01-02,5135.242863964347,5183.605596416066,5130.846251923282,5179.208984375,78152000,0.0,0.0
2015-01-02,5188.002040378006,5223.17493556701,5086.879966709622,5117.65625,78626000,0.0,0.0
2015-01-02,5188.0028661712395,5434.213171684451,5188.0028661712395,5407.83349609375,161090000,0.0,0.0
2015-01-02,5416.625824652778,5539.73095703125,5328.693587239583,5539.73095703125,137303500,0.0,0.0
2015-01-02,5539.731340431086,5627.6635839299925,5464.988933457016,5526.54150390625,82739500,0.0,0.0
2015-01-02,5623.26687169958,5803.527967664931,5610.077035409433,5698.00927734375,191073500,0.0,0.0
2015-01-02,5750.76904296875,5772.75210505961,5698.009693950688,5750.76904296875,131383500,0.0,0.0
2015-01-02,5636.4567757009345,5711.199182242991,5632.060163551402,5645.25,83082500,0.0,0.0
2015-01-02,5645.249789099179,5671.629461010857,5557.317549393584,5618.8701171875,82374500,0.0,0.0
2015-01-02,5702.405889440466,5702.405889440466,5614.473647506149,5698.00927734375,54905000,0.0,0.0
2015-01-02,5715.5949203840655,5772.750869587906,5706.801697429628,5759.56103515625,119784000,0.0,0.0
2015-01-02,5759.562475474458,5781.545538357948,5750.769250321062,5777.14892578125,99789000,0.0,0.0
2015-01-02,5733.182144038171,5838.700833805745,5728.785531964521,5816.7177734375,147346500,0.0,0.0
2015-01-02,5838.700236742424,5847.49345999053,5759.561227509469,5803.52734375,68468500,0.0,0.0
2015-01-02,5803.52734375,5812.320566998106,5759.561227509469,5803.52734375,75265500,0.0,0.0
2015-01-02,5803.5272574733435,5803.5272574733435,5755.164530327732,5772.7509765625,72349500,0.0,0.0
2015-01-02,5785.940848649571,5790.33746023669,5610.076385164782,5636.4560546875,170140500,0.0,0.0
2015-01-02,5583.697362829138,5706.802501537182,5539.7312418619795,5698.00927734375,64339000,0.0,0.0
2015-01-02,5698.00926243148,5706.802486601899,5610.077020727291,5614.4736328125,87361500,0.0,0.0
2015-01-02,5614.474846630112,5627.664685737309,5394.644194843499,5456.19677734375,393091500,0.0,0.0
2015-01-02,5469.385660489152,5658.439987981944,5469.385660489152,5623.26708984375,114563500,0.0,0.0
2015-01-02,5680.42261839874,5702.4056780674655,5574.903931988856,5671.62939453125,93897500,0.0,0.0
2015-01-02,5715.5957484762,5737.578809047262,5649.646566763013,5680.4228515625,98210000,0.0,0.0
2015-01-02,5680.422684981417,5684.819296966696,5592.490445275822,5618.8701171875,64995500,0.0,0.0
2015-01-02,5715.595193874617,5785.94098087615,5698.008747124233,5733.181640625,96636000,0.0,0.0
2015-01-02,5733.181917493259,5733.181917493259,5649.6462913948135,5706.80224609375,70561500,19.6,0.0
2015-01-02,5812.288385218631,5821.1082461977185,5768.1890803231945,5799.05859375,151420500,0.0,0.0
2015-01-02,5821.108626809577,5979.866134813475,5816.698696031691,5940.1767578125,214160000,0.0,0.0
2015-01-02,5997.505298066349,6023.9648802637,5993.0953677001235,6015.14501953125,179785500,0.0,0.0
2015-01-02,6023.964990450111,6085.704016706554,5825.518120340114,5988.685546875,164024500,0.0,0.0
2015-01-02,6050.423511971672,6129.80224609375,6032.7837932778775,6129.80224609375,138674000,0.0,0.0
2015-01-02,6143.032823624505,6173.90233530101,6015.144846678983,6116.5732421875,91920000,0.0,0.0
2015-01-02,6116.572496481503,6116.572496481503,5957.815027214499,5997.50439453125,147238500,0.0,0.0
2015-01-02,6076.884500394629,6076.884500394629,5997.505747849561,6023.96533203125,93692500,0.0,0.0
2015-01-02,5944.585783344192,6015.144665045607,5918.126202706162,5922.5361328125,61790500,0.0,0.0
2015-01-02,6090.113941246515,6090.113941246515,5838.747906017658,5931.3564453125,76948000,0.0,0.0
2015-01-02,5988.68558360412,6015.145166447732,5874.027391281803,5979.86572265625,60234000,0.0,0.0
2015-01-02,5975.455113852896,6006.324623666158,5944.585604039634,5966.63525390625,34212500,0.0,0.0
2015-01-02,5997.50548144387,5997.50548144387,5909.3068714226365,5971.0458984375,52675500,0.0,0.0
2015-01-02,5997.505486466715,6046.01472201902,5926.946598390637,6028.375,47937000,0.0,0.0
2015-01-02,6050.423981014193,6253.28076171875,6041.604120983559,6253.28076171875,104831000,0.0,0.0
2015-01-02,6218.001600887554,6240.051251954531,6068.063973632109,6125.39306640625,89753500,0.0,0.0
2015-01-02,6173.9022259736175,6218.001527587715,6094.523483068243,6143.03271484375,71360000,0.0,0.0
2015-01-02,6204.772161735373,6244.4615359042555,6151.852996176862,6218.001953125,75033500,0.0,0.0
2015-01-02,6306.200221238938,6491.417290673928,6301.790291014296,6478.1875,169034500,0.0,0.0
2015-01-02,6478.187436237015,6509.056947505674,6315.02001953125,6315.02001953125,95235000,0.0,0.0
2015-01-02,6389.988979725355,6416.448561421941,6235.641419828608,6279.74072265625,76581500,0.0,0.0
2015-01-02,6218.000592614851,6253.280028601318,6169.491368133458,6191.541015625,89319500,0.0,0.0
2015-01-02,6257.6914339812865,6262.101364519681,6032.784976523185,6134.21337890625,89853500,0.0,0.0
2015-01-02,6134.213023325031,6284.150652939014,6037.194557104218,6279.74072265625,86343000,0.0,0.0
2015-01-02,6279.741058844256,6279.741058844256,6178.312656910677,6257.69140625,73777000,0.0,0.0
2015-01-02,6319.430433513919,6434.088627004052,6235.641753655744,6257.69140625,107216000,0.0,0.0
2015-01-02,6420.8584087897525,6438.498129693022,6226.821478853799,6240.05126953125,66428000,0.0,0.0
2015-01-02,6240.0519833322305,6315.020805746823,6240.0519833322305,6244.4619140625,80829000,0.0,0.0
2015-01-02,6350.299173773987,6350.299173773987,6173.901974502487,6204.771484375,76836500,0.0,0.0
2015-01-02,6134.213139419332,6173.902512715359,6015.14501953125,6015.14501953125,98658000,0.0,0.0
2015-01-02,6015.145129556333,6112.163599387887,5913.71672927789,5988.685546875,97920000,0.0,0.0
2015-01-02,5988.686110875226,6107.7542441547785,5988.686110875226,6085.70458984375,104627000,0.0,0.0
2015-01-02,6085.703630616679,6173.90223395895,5962.2255859375,5962.2255859375,132762500,0.0,0.0
2015-01-02,5962.225855136547,6103.343626855755,5816.698153051113,6015.14501953125,113129000,0.0,0.0
2015-01-02,6143.03207469267,6156.261863798254,5997.50439453125,5997.50439453125,86741000,0.0,0.0
2015-01-02,6173.901742788462,6173.901742788462,6019.55419921875,6019.55419921875,67291000,0.0,0.0
2015-01-02,6103.3427584792125,6173.901634299781,6028.373952919857,6046.013671875,80950500,0.0,0.0
2015-01-02,6059.2447062262745,6129.803596546231,6046.014914291282,6098.93408203125,51602000,0.0,0.0
2015-01-02,6218.00194183526,6222.411872290462,6068.064306358381,6103.34375,45604000,0.0,0.0
2015-01-02,6173.902416502507,6200.361998287518,6134.213043824991,6156.2626953125,75574000,0.0,0.0
2015-01-02,6218.00194183526,6218.00194183526,6085.704028179191,6103.34375,44984500,0.0,0.0
2015-01-02,6160.672003457712,6160.672003457712,6032.784037745276,6068.0634765625,36926000,0.0,0.0
2015-01-02,6023.963972742417,6076.883129164752,5926.945519301471,5997.50439453125,83922000,0.0,0.0
2015-01-02,6068.063749549711,6125.392840206795,6023.964449044263,6120.98291015625,47221000,0.0,0.0
2015-01-02,6076.884728119339,6138.623760190218,6041.605281221694,6085.70458984375,66011500,0.0,0.0
2015-01-02,6041.605165703879,6085.70447348274,5940.1767578125,5940.1767578125,91204000,0.0,0.0
2015-01-02,5979.864830872253,6041.6038483001375,5962.225111607143,6019.55419921875,70487500,0.0,0.0
2015-01-02,6085.704016706554,6120.9834602816645,5988.685546875,5988.685546875,68913000,0.0,0.0
2015-01-02,6015.144269402473,6037.19391848386,5975.454901055975,6019.55419921875,58360000,0.0,0.0
2015-01-02,6019.555054164731,6028.374915049953,5931.3564453125,5931.3564453125,71869000,0.0,0.0
2015-01-02,5944.586310356078,5971.045893339859,5891.667144388516,5913.716796875,78688000,0.0,0.0
2015-01-02,5913.716534542078,6006.325070877189,5860.797370922015,5918.12646484375,173631500,0.0,0.0
2015-01-02,6023.964320467751,6213.59130859375,5997.50474072924,6213.59130859375,205539000,0.0,0.0
2015-01-02,6279.740862214897,6315.020305261048,6173.902533076443,6187.13232421875,81446500,0.0,0.0
2015-01-02,6231.231929757255,6248.871652134487,6173.90283203125,6173.90283203125,84470000,0.0,0.0
2015-01-02,6090.113709222703,6173.9023844401045,5926.9462890625,5926.9462890625,120802500,0.0,0.0
2015-01-02,5926.945519301471,6107.7526370777805,5926.945519301471,5997.50439453125,111871500,0.0,0.0
2015-01-02,6129.803081694104,6129.803081694104,5926.9462890625,5926.9462890625,90883000,0.0,0.0
2015-01-02,5909.306248817184,5922.536038926476,5821.1076480885695,5825.517578125,135582000,0.0,0.0
2015-01-02,5926.94658836689,5926.94658836689,5838.7479784209545,5913.716796875,50302000,0.0,0.0
2015-01-02,6063.65371331936,6068.063643292683,5922.535954173018,5966.63525390625,74328000,0.0,0.0
2015-01-02,6010.734419688907,6015.144349563953,5878.4365234375,5878.4365234375,57416000,0.0,0.0
2015-01-02,5918.126530807783,5918.126530807783,5838.747784492924,5843.15771484375,70755500,0.0,0.0
2015-01-02,5865.207176035363,5878.436966657999,5825.517804167454,5829.927734375,71474500,0.0,0.0
2015-01-02,5838.7479784209545,5926.94658836689,5829.928117426361,5913.716796875,70067500,0.0,0.0
2015-01-02,5971.045446271727,5971.045446271727,5843.157471425435,5962.2255859375,125853000,0.0,0.0
2015-01-02,5856.3872793145765,5891.666720756231,5829.927698233337,5838.74755859375,67523500,0.0,0.0
2015-01-02,5926.94661557502,5926.94661557502,5781.418908496168,5790.23876953125,127762500,0.0,0.0
2015-01-02,5746.139188967876,5777.008701111218,5662.3505131502325,5679.990234375,152050000,0.0,0.0
2015-01-02,5644.710066718995,5679.989504635989,5582.971050364256,5618.25048828125,119101500,0.0,0.0
2015-01-02,5618.251542862188,5684.400501373125,5556.512514918648,5657.94091796875,134467500,0.0,0.0
2015-01-02,5653.5309459758255,5746.139487212559,5609.431640625,5609.431640625,113370500,0.0,0.0
2015-01-02,5618.251130033229,5693.2199441702505,5618.251130033229,5640.30078125,83115500,0.0,0.0
2015-01-02,5635.891020181768,5640.300950557497,5419.804431771043,5481.54345703125,223390500,0.0,0.0
2015-01-02,5481.5429330603665,5530.052162556476,5428.623773610065,5490.36279296875,112286000,0.0,0.0
2015-01-02,5512.412200605453,5547.691638689328,5428.62353515625,5428.62353515625,73311500,0.0,0.0
2015-01-02,5410.985238699437,5441.8547551386355,5362.475998580698,5437.44482421875,80215000,0.0,0.0
2015-01-02,5428.623926171875,5534.462248046875,5410.984205859375,5512.41259765625,107908000,0.0,0.0
2015-01-02,5544.966206321312,5558.381447143057,5477.890002212586,5486.83349609375,123697500,86.4,0.0
2015-01-02,5647.816987462198,5652.288734879033,5495.777575289819,5544.966796875,116961000,0.0,0.0
2015-01-02,5629.929868643086,5629.929868643086,5419.757744873248,5424.2294921875,110411500,0.0,0.0
2015-01-02,5410.814644368489,5419.7581396484375,5348.210177408854,5366.09716796875,119211500,0.0,0.0
2015-01-02,5460.004109926398,5638.8740234375,5419.7583793864,5638.8740234375,135519500,0.0,0.0
2015-01-02,5638.873875320337,5643.345623040655,5527.0801823124,5616.51513671875,102686500,0.0,0.0
2015-01-02,5697.007160420817,5697.007160420817,5558.382967349353,5612.0439453125,79293500,0.0,0.0
2015-01-02,5612.043525172572,5616.515273001395,5571.797794713168,5607.57177734375,47095000,0.0,0.0
2015-01-02,5544.967296511628,5589.6847747093025,5531.552053052325,5576.26953125,72721000,0.0,0.0
2015-01-02,5544.9672736719385,5567.32601267868,5513.6650390625,5513.6650390625,68397000,0.0,0.0
2015-01-02,5544.967568382945,5612.0437889682225,5527.080576226871,5558.3828125,63758000,0.0,0.0
2015-01-02,5616.515585265062,5719.36579104619,5567.3263564132185,5714.89404296875,108498500,0.0,0.0
2015-01-02,5719.364768235381,5723.836515513126,5616.514580847255,5620.986328125,108742000,0.0,0.0
2015-01-02,5697.006360997268,5755.1390789666275,5683.591118388954,5728.30859375,132650000,0.0,0.0
2015-01-02,5723.836530854431,5728.30827814416,5647.81682692902,5652.28857421875,87660000,0.0,0.0
2015-01-02,5777.498240359302,5777.498240359302,5688.063283078198,5732.78076171875,57355000,0.0,0.0
2015-01-02,5768.554321574941,5768.554321574941,5705.9498560694765,5728.30859375,65829500,0.0,0.0
2015-01-02,5795.385508362676,5795.385508362676,5674.648310271787,5714.89404296875,42065500,0.0,0.0
2015-01-02,5679.119922637939,5750.667890167237,5670.1764266967775,5723.83740234375,50123500,0.0,0.0
2015-01-02,5741.724053076362,5750.667548486138,5723.837062256809,5746.19580078125,51685000,0.0,0.0
2015-01-02,5723.837062256809,5768.55453930569,5723.837062256809,5746.19580078125,38115500,0.0,0.0
2015-01-02,5777.4983779907225,5777.4983779907225,5710.422158432007,5723.83740234375,48864000,0.0,0.0
2015-01-02,5723.837130062305,5741.72412109375,5719.365382304444,5741.72412109375,68180500,0.0,0.0
2015-01-02,5723.836323302469,5795.38427734375,5638.873127878448,5795.38427734375,70680000,0.0,0.0
2015-01-02,5813.27197265625,5813.27197265625,5701.478280874399,5813.27197265625,129058500,0.0,0.0
2015-01-02,5723.83753912363,5773.026767975474,5692.535302581548,5714.89404296875,73563000,0.0,0.0
2015-01-02,5705.950674743893,5723.837667454689,5665.704941144601,5674.6484375,64912500,0.0,0.0
2015-01-02,5714.893201869857,5755.138928643588,5679.119222515429,5705.94970703125,64950000,0.0,0.0
2015-01-02,5768.554940853479,5768.554940853479,5598.6285162391905,5688.0634765625,92620000,0.0,0.0
2015-01-02,5683.590737323987,5705.949473505435,5625.458023252223,5656.76025390625,59210000,0.0,0.0
2015-01-02,5634.402084050453,5759.611019251574,5634.402084050453,5683.59130859375,87470000,0.0,0.0
2015-01-02,5759.611203523724,5795.385186154306,5607.57177734375,5607.57177734375,537971500,0.0,0.0
2015-01-02,5661.232286326893,5697.006266019322,5661.232286326893,5670.17578125,102108500,0.0,0.0
2015-01-02,5688.06278492647,5714.893269761029,5656.760552619485,5701.47802734375,101442000,0.0,0.0
2015-01-02,5813.271469269625,5826.686711121785,5741.723512724768,5781.96923828125,141732500,0.0,0.0
2015-01-02,5808.799847966974,5902.70654296875,5750.667132013495,5902.70654296875,133810500,0.0,0.0
2015-01-02,5920.594296162614,5920.594296162614,5813.272345174772,5884.8203125,62108500,0.0,0.0
2015-01-02,5866.9325349349165,5875.876029652804,5750.6671036023645,5840.10205078125,62576000,0.0,0.0
2015-01-02,5880.348661668934,5880.348661668934,5750.66796875,5750.66796875,64348000,0.0,0.0
2015-01-02,5688.0626405771445,5844.573798140194,5688.0626405771445,5840.10205078125,77198000,0.0,0.0
2015-01-02,5862.461031910876,5920.59375,5804.328313821752,5920.59375,73262500,0.0,0.0
2015-01-02,5875.876358433153,5884.819853651468,5777.497911031684,5786.44140625,72780500,0.0,0.0
2015-01-02,5831.159214727964,5831.159214727964,5723.83726599064,5732.78076171875,61478500,0.0,0.0
2015-01-02,5764.082668204212,5786.44140625,5728.30868733095,5786.44140625,87799000,0.0,0.0
2015-01-02,5741.724109240407,5755.139352486296,5688.063136256852,5710.421875,48984000,0.0,0.0
2015-01-02,5714.89339269846,5714.89339269846,5612.043198620162,5661.232421875,68448500,0.0,0.0
2015-01-02,5634.401517724802,5674.647242851408,5616.514528779644,5656.76025390625,118043000,0.0,0.0
2015-01-02,5634.4015546875,5634.4015546875,5553.91010390625,5589.68408203125,60823500,0.0,0.0
2015-01-02,5589.684326942035,5714.893255865536,5580.740832018928,5670.17578125,65824000,0.0,0.0
2015-01-02,5629.929587178973,5670.175310995184,5571.796875,5571.796875,52451000,0.0,0.0
2015-01-02,5643.345598549467,5643.345598549467,5544.967149129428,5553.91064453125,56010000,0.0,0.0
2015-01-02,5571.797417710016,5598.627902867528,5536.0234375,5536.0234375,68939500,0.0,0.0
2015-01-02,5455.532843466143,5500.250325789637,5415.287109375,5415.287109375,84420500,0.0,0.0
2015-01-02,5410.815009660619,5446.588993195564,5401.871513776882,5406.34326171875,53704000,0.0,0.0
2015-01-02,5366.0978021265555,5428.702276484699,5366.0978021265555,5388.45654296875,65795000,0.0,0.0
2015-01-02,5419.758780147821,5433.174024653138,5366.0978021265555,5388.45654296875,58153000,0.0,0.0
2015-01-02,5428.701740202357,5491.306208376024,5401.871253842213,5455.5322265625,67392500,0.0,0.0
2015-01-02,5455.532090706833,5482.362576398834,5428.701605014832,5464.4755859375,39710500,0.0,0.0
2015-01-02,5464.476339930842,5464.476339930842,5415.287109375,5415.287109375,34279500,0.0,0.0
2015-01-02,5527.079680415292,5527.079680415292,5392.927260987737,5424.2294921875,35595000,0.0,0.0
2015-01-02,5366.096964619701,5401.8709443838325,5348.209974737635,5379.51220703125,47297000,0.0,0.0
2015-01-02,5375.039904420161,5383.9833984375,5357.152916385486,5383.9833984375,40707500,0.0,0.0
2015-01-02,5428.702244194439,5527.080703314931,5383.984762776033,5518.13720703125,65981500,0.0,0.0
2015-01-02,5518.136960265458,5522.608708207325,5379.512774067541,5406.34326171875,65946500,0.0,0.0
2015-01-02,5383.984295114253,5392.927790621087,5348.210313086915,5357.15380859375,59321000,0.0,0.0
2015-01-02,5366.097071749796,5468.947265625,5361.625324190004,5468.947265625,49724000,0.0,0.0
2015-01-02,5518.136557321502,5518.136557321502,5415.286362168832,5464.4755859375,47998500,0.0,0.0
2015-01-02,5464.475546907525,5464.475546907525,5370.56884765625,5370.56884765625,47119000,0.0,0.0
2015-01-02,5410.813524496933,5473.417978499376,5375.03955078125,5375.03955078125,55009500,0.0,0.0
2015-01-02,5468.946726175366,5504.720703125,5410.81401363221,5504.720703125,60792000,0.0,0.0
2015-01-02,5527.079595911868,5536.023090403635,5388.455431289483,5397.39892578125,79938000,0.0,0.0
2015-01-02,5401.871080740008,5419.758071073585,5370.56884765625,5370.56884765625,48171500,0.0,0.0
2015-01-02,5370.56884765625,5419.758071073585,5366.097100072856,5370.56884765625,53107500,0.0,0.0
2015-01-02,5370.569188554949,5375.040936422189,5339.266953484271,5348.21044921875,74133000,0.0,0.0
2015-01-02,5415.285357544753,5442.115838259261,5348.209155758485,5401.8701171875,84605000,0.0,0.0
2015-01-02,5401.871067577471,5455.532038447445,5330.323106417504,5339.2666015625,105685000,0.0,0.0
2015-01-02,5419.758195915478,5424.229943601877,5281.134017637111,5330.3232421875,119981500,0.0,0.0
2015-01-02,5388.455889013553,5527.080065411412,5352.681908007654,5495.77783203125,110071500,0.0,0.0
2015-01-02,5495.778173110064,5500.249921013327,5419.758458754595,5473.41943359375,41112000,0.0,0.0
2015-01-02,5518.136420355902,5643.345350477431,5491.305935329861,5634.40185546875,93768000,0.0,0.0
2015-01-02,5688.062265371347,5688.062265371347,5486.833647492644,5509.1923828125,67285000,0.0,0.0
2015-01-02,5486.834080456149,5544.966796875,5460.0035959551415,5544.966796875,52858500,0.0,0.0
2015-01-02,5589.684380425347,5634.40185546875,5468.947197808159,5634.40185546875,60446000,0.0,0.0
2015-01-02,5473.4189453125,5652.288845486111,5473.4189453125,5634.40185546875,118325500,0.0,0.0
2015-01-02,5679.119787350088,5755.139501039026,5656.761048029812,5732.78076171875,86929000,0.0,0.0
2015-01-02,5741.72412109375,5741.72412109375,5638.873922662943,5741.72412109375,69282000,0.0,0.0
2015-01-02,5831.158584872159,6045.802459161931,5777.497616299716,5902.70654296875,186354500,0.0,0.0
2015-01-02,5902.70654296875,5902.70654296875,5840.102079634233,5902.70654296875,100926000,0.0,0.0
2015-01-02,5902.70654296875,5902.70654296875,5822.215090110085,5902.70654296875,120163500,0.0,0.0
2015-01-02,5826.687454061552,5893.763671875,5826.687454061552,5893.763671875,68253000,0.0,0.0
2015-01-02,5875.876058682528,5902.70654296875,5813.271595348011,5902.70654296875,59561500,0.0,0.0
2015-01-02,5902.70654296875,5907.178290349787,5889.291300825639,5902.70654296875,80751500,0.0,0.0
2015-01-02,5866.93310546875,5884.82009664396,5786.441645180306,5866.93310546875,74337000,0.0,0.0
2015-01-02,5804.328828545027,5840.102812079974,5804.328828545027,5822.2158203125,71572500,0.0,0.0
2015-01-02,5840.102550962728,5884.820028382044,5831.1590554788645,5871.40478515625,74564500,0.0,0.0
2015-01-02,5831.158772662214,5875.876247912691,5826.6870251371665,5857.9892578125,115373500,0.0,0.0
2015-01-02,5857.989541930455,5902.707019349771,5844.57429870466,5871.40478515625,67362500,0.0,0.0
2015-01-02,5835.630655551176,5880.348131838924,5773.0261887483275,5849.0458984375,53257000,0.0,0.0
2015-01-02,5866.932563920454,5902.70654296875,5826.686837491122,5902.70654296875,35764500,0.0,0.0
2015-01-02,5902.706882723384,5907.178630361811,5857.989406339116,5880.34814453125,36780000,0.0,0.0
2015-01-02,5898.235203294449,5907.178698674728,5875.87646484375,5875.87646484375,53902000,0.0,0.0
2015-01-02,5857.989285865926,5898.235013784089,5741.7238496579,5759.61083984375,77888000,0.0,0.0
2015-01-02,5732.780538759275,5875.87646484375,5732.780538759275,5875.87646484375,110074000,0.0,0.0
2015-01-02,5808.800440501582,5871.4049102221525,5808.800440501582,5831.1591796875,41483500,0.0,0.0
2015-01-02,5866.9326849733025,5866.9326849733025,5835.630452660183,5862.4609375,29929000,0.0,0.0
2015-01-02,5893.763306316845,5898.235053893717,5808.800102356284,5853.517578125,51990500,0.0,0.0
2015-01-02,5853.517770204845,5857.989517928454,5799.856797521531,5808.80029296875,44514000,0.0,0.0
2015-01-02,5884.819935396635,5884.819935396635,5795.384981971154,5813.27197265625,58672500,0.0,0.0
2015-01-02,5804.328692664398,5844.574423199051,5795.385196990031,5831.1591796875,117540000,0.0,0.0
2015-01-02,5875.876748469534,5893.763740093489,5822.215773597665,5889.2919921875,73157500,0.0,0.0
2015-01-02,5822.215604385353,5844.574343265481,5786.441622177147,5804.32861328125,57115500,0.0,0.0
2015-01-02,5813.271715293669,5884.819674866514,5813.271715293669,5862.4609375,68722000,0.0,0.0
2015-01-02,5862.461572710867,5893.763808415653,5853.518076795212,5884.8203125,60998500,0.0,0.0
2015-01-02,5813.272277785687,5889.2919921875,5813.272277785687,5889.2919921875,60539500,0.0,0.0
2015-01-02,5889.292060457827,5898.23555637348,5862.461572710867,5884.8203125,55052500,0.0,0.0
2015-01-02,5849.046171036234,5866.933162384969,5813.272188338765,5831.1591796875,80186000,0.0,0.0
2015-01-02,5831.159337006079,5884.8203125,5826.687589048252,5884.8203125,74079000,0.0,0.0
2015-01-02,5902.707421874999,6260.447265625,5898.235673828125,6260.447265625,156848000,0.0,0.0
2015-01-02,6171.012663530881,6171.012663530881,6001.086227868436,6045.8037109375,103954500,0.0,0.0
2015-01-02,6027.915478235004,6224.67236328125,6027.915478235004,6224.67236328125,74719000,0.0,0.0
2015-01-02,6179.9555773038155,6211.2578125,6135.238098452124,6211.2578125,54986500,0.0,0.0
2015-01-02,6242.559779770195,6421.4296875,6233.616284383705,6421.4296875,174312000,0.0,0.0
2015-01-02,6416.95772309543,6416.95772309543,6331.994519793121,6403.54248046875,107263500,0.0,0.0
2015-01-02,6439.316647376543,6528.751600812328,6416.957909017597,6519.80810546875,94643500,0.0,0.0
2015-01-02,6475.0911036569605,6519.8085836545915,6466.1476076574345,6488.50634765625,47201000,0.0,0.0
2015-01-02,6488.505467482603,6546.63818359375,6479.561972696273,6546.63818359375,91067000,0.0,0.0
2015-01-02,6618.185812915282,7378.382831966362,6618.185812915282,6729.9794921875,210893300,0.0,5.0
2015-01-02,6797.056552419355,7065.361416330646,6797.056552419355,6931.208984375,138811900,0.0,0.0
2015-01-02,6975.92635569853,7043.00257065717,6662.904019224878,6841.77392578125,142378200,0.0,0.0
2015-01-02,6841.773171459718,6864.131907314161,6685.262020478613,6729.9794921875,116644300,0.0,0.0
2015-01-02,6685.263330078124,6729.980810546875,6573.469628906249,6707.6220703125,134601200,0.0,0.0
2015-01-02,6707.621476456926,6752.338952966638,6573.4690469277875,6618.1865234375,106120100,0.0,0.0
2015-01-02,6662.903284624169,6752.338228041943,6640.544548769725,6729.9794921875,96730700,0.0,0.0
2015-01-02,6618.185812915282,6729.9794921875,6618.185812915282,6729.9794921875,60329800,0.0,0.0
2015-01-02,6797.05569975083,6797.05569975083,6707.620756333056,6729.9794921875,70103000,0.0,0.0
2015-01-02,6774.6974966574035,6774.6974966574035,6640.545070981019,6662.90380859375,57067000,0.0,0.0
2015-01-02,6573.468898967161,6640.545112221928,6573.468898967161,6595.82763671875,75271900,0.0,0.0
2015-01-02,6662.903957201087,6685.2626953125,6595.827742866848,6685.2626953125,60639200,0.0,0.0
2015-01-02,6752.338952966638,6752.338952966638,6618.1865234375,6618.1865234375,38593400,0.0,0.0
2015-01-02,6595.828171821489,6640.545650952483,6484.0344739940065,6528.751953125,90535400,0.0,0.0
2015-01-02,6528.751760469812,6618.186716092687,6484.034282658376,6573.46923828125,61621500,0.0,0.0
2015-01-02,6640.545112221928,6685.262587725106,6595.82763671875,6595.82763671875,61081400,0.0,0.0
2015-01-02,6685.262546206481,6685.262546206481,6595.827595755558,6662.90380859375,43120400,0.0,0.0
2015-01-02,6707.621055074257,6797.056002475248,6662.903581373762,6774.697265625,85441700,0.0,0.0
2015-01-02,6797.056112581434,6864.13232421875,6774.6973753689945,6864.13232421875,101785800,0.0,0.0
2015-01-02,6864.132664100797,6864.132664100797,6774.697710822611,6841.77392578125,47503900,0.0,0.0
2015-01-02,6886.491061431189,6931.208535856067,6797.056112581434,6864.13232421875,55790000,0.0,0.0
2015-01-02,6931.208114877491,6931.208114877491,6729.9794921875,6729.9794921875,52590100,0.0,0.0
2015-01-02,6819.415771484375,6819.415771484375,6707.6220703125,6707.6220703125,67344200,0.0,0.0
2015-01-02,6618.186480978261,6685.2626953125,6551.110266644022,6685.2626953125,98616900,0.0,0.0
2015-01-02,6730.130337252474,6797.431640625,6662.82903387995,6797.431640625,61968100,25.0,0.0
2015-01-02,6662.828786489126,6730.130087362753,6640.39501953125,6640.39501953125,78839600,0.0,0.0
2015-01-02,6662.8291015625,6685.262869581229,6617.961565525042,6662.8291015625,68203700,0.0,0.0
2015-01-02,6662.828755356396,6752.563822768604,6640.394988503344,6707.6962890625,66328300,0.0,0.0
2015-01-02,6640.394988503344,6730.130055915552,6640.394988503344,6707.6962890625,43477500,0.0,0.0
2015-01-02,6797.431356474707,6797.431356474707,6662.828755356396,6707.6962890625,35181400,0.0,0.0
2015-01-02,6685.262869581229,6752.5641736374155,6662.8291015625,6662.8291015625,40216100,0.0,0.0
2015-01-02,6640.395403780069,6685.262940292096,6505.792794243986,6528.2265625,113288400,0.0,0.0
2015-01-02,6528.22618474187,6662.828786489126,6438.491116910367,6640.39501953125,87907900,0.0,0.0
2015-01-02,6573.094099012027,6662.829172036082,6528.2265625,6528.2265625,144923700,0.0,0.0
2015-01-02,6528.226875200664,6685.263260514769,6528.226875200664,6550.66064453125,76538100,0.0,0.0
2015-01-02,6617.961531575521,6730.13037109375,6550.660227864583,6730.13037109375,66831000,0.0,0.0
2015-01-02,6752.564031051377,6752.564031051377,6595.5276582362285,6617.96142578125,63283700,0.0,0.0
2015-01-02,6685.262904575893,6707.696672712053,6595.52783203125,6595.52783203125,56944100,0.0,0.0
2015-01-02,6685.262904575893,6707.696672712053,6595.52783203125,6595.52783203125,51258200,0.0,0.0
2015-01-02,6685.262869581229,6707.696637599958,6640.395333543771,6662.8291015625,74775000,0.0,0.0
2015-01-02,6640.395368303572,6685.262904575893,6595.52783203125,6595.52783203125,54886400,0.0,0.0
2015-01-02,6573.093890691207,6617.96142578125,6528.226355601165,6617.96142578125,91092400,0.0,0.0
2015-01-02,6617.961952523009,6640.395721853596,6550.66064453125,6550.66064453125,59977100,0.0,0.0
2015-01-02,6550.66064453125,6617.961952523009,6528.226875200664,6550.66064453125,49763600,0.0,0.0
2015-01-02,6550.66064453125,6617.961952523009,6528.226875200664,6550.66064453125,52477600,0.0,0.0
2015-01-02,6617.961635524055,6640.395403780069,6528.2265625,6528.2265625,95171400,0.0,0.0
2015-01-02,6573.0939957682285,6730.13037109375,6550.660227864583,6730.13037109375,107096800,0.0,0.0
2015-01-02,6595.5276582362285,6640.395193326271,6573.093890691207,6617.96142578125,74753000,0.0,0.0
2015-01-02,6573.093890691207,6640.395193326271,6573.093890691207,6617.96142578125,52386100,0.0,0.0
2015-01-02,6662.82832331218,6662.82832331218,6573.09326171875,6573.09326171875,33232000,0.0,0.0
2015-01-02,6573.094413861836,6595.528183192423,6550.66064453125,6550.66064453125,37136400,0.0,0.0
2015-01-02,6550.66064453125,6595.528183192423,6550.66064453125,6550.66064453125,30802100,0.0,0.0
2015-01-02,6550.660295758928,6595.52783203125,6550.660295758928,6595.52783203125,20722100,0.0,0.0
2015-01-02,6617.96160016741,6640.395368303572,6573.09406389509,6595.52783203125,39343800,0.0,0.0
2015-01-02,6595.528183192423,6617.961952523009,6550.66064453125,6550.66064453125,42079500,0.0,0.0
2015-01-02,6595.528183192423,6595.528183192423,6550.66064453125,6550.66064453125,49954700,0.0,0.0
2015-01-02,6573.09326171875,6640.394557913823,6550.6594963203925,6573.09326171875,54287400,0.0,0.0
2015-01-02,6573.093718657623,6685.262553447002,6573.093718657623,6640.39501953125,70624000,0.0,0.0
2015-01-02,6685.2626953125,6752.563997614304,6617.961393010697,6685.2626953125,76164900,0.0,0.0
2015-01-02,6730.130055915552,6752.563822768604,6662.828755356396,6707.6962890625,63657100,0.0,0.0
2015-01-02,6774.998321333742,6909.600936989379,6730.130782781863,6864.7333984375,143433300,0.0,0.0
2015-01-02,6797.431467156661,6864.7327688116775,6774.9976999383225,6819.865234375,45351900,0.0,0.0
2015-01-02,6864.732079443994,6909.599609375,6842.29831447849,6909.599609375,110334600,0.0,0.0
2015-01-02,6909.599609375,6909.599609375,6864.732079443994,6909.599609375,62606000,0.0,0.0
2015-01-02,6909.599609375,6954.467139306007,6864.732079443994,6909.599609375,50025200,0.0,0.0
2015-01-02,6909.600038564889,7044.20263671875,6864.732505846935,7044.20263671875,65898700,0.0,0.0
2015-01-02,7089.070873235886,7089.070873235886,6909.600724546371,6954.46826171875,63902600,0.0,0.0
2015-01-02,6976.901572361055,6976.901572361055,6774.997668337744,6887.16650390625,71476300,0.0,0.0
2015-01-02,6864.732736792548,6932.034038133652,6797.431435451445,6887.16650390625,60389700,0.0,0.0
2015-01-02,6932.033834279542,6976.9013671875,6842.2987684636255,6976.9013671875,59925500,0.0,0.0
2015-01-02,6976.901617470027,7133.93798828125,6909.600315693789,7133.93798828125,63370500,0.0,0.0
2015-01-02,7021.769706530449,7044.2034755608975,6976.902168469552,6999.3359375,40278300,0.0,0.0
2015-01-02,6887.166301371584,6976.9013671875,6842.2987684636255,6976.9013671875,106796900,0.0,0.0
2015-01-02,6909.599609375,6954.467139306007,6864.732079443994,6909.599609375,53350200,0.0,0.0
2015-01-02,6842.299554286859,6999.3359375,6842.299554286859,6999.3359375,71945100,0.0,0.0
2015-01-02,6999.33513364148,7021.768900095459,6909.600067825563,6976.9013671875,70595000,0.0,0.0
2015-01-02,6976.901428022541,6976.901428022541,6842.298828125,6842.298828125,68122000,0.0,0.0
2015-01-02,6976.902168469552,6999.3359375,6887.167092347757,6999.3359375,65308100,0.0,0.0
2015-01-02,6999.335482402913,7021.769249974717,6909.600412115697,6932.0341796875,35100600,0.0,0.0
2015-01-02,6954.467947259304,6999.335482402913,6909.600412115697,6932.0341796875,39324700,0.0,0.0
2015-01-02,6976.902168469552,6999.3359375,6909.600861378205,6999.3359375,56813200,0.0,0.0
2015-01-02,6954.467947259304,7044.203017546522,6932.0341796875,6932.0341796875,61883100,0.0,0.0
2015-01-02,7044.202919246265,7133.93798828125,6999.3353847287735,7133.93798828125,108922200,0.0,0.0
2015-01-02,7133.938410408266,7133.938410408266,6954.46826171875,6954.46826171875,93277000,0.0,0.0
2015-01-02,6887.166920427317,7021.76953125,6864.733151956869,7021.76953125,71968800,0.0,0.0
2015-01-02,6954.467139306007,6976.90090427151,6909.599609375,6909.599609375,57710700,0.0,0.0
2015-01-02,6954.467881944444,7066.63671875,6932.034114583334,7066.63671875,55617000,0.0,0.0
2015-01-02,7044.202748457093,7156.37158203125,7021.768981742261,7156.37158203125,77055100,0.0,0.0
2015-01-02,7044.203264067444,7111.504569138153,6999.335727353639,7089.07080078125,48704600,0.0,0.0
2015-01-02,7133.938652158912,7133.938652158912,7044.203574773265,7111.5048828125,56813400,0.0,0.0
2015-01-02,7111.504221022504,7156.371755539995,7089.0704537637575,7133.93798828125,43821700,0.0,0.0
2015-01-02,7089.07080078125,7133.938337495055,7044.203264067444,7089.07080078125,80095500,0.0,0.0
2015-01-02,7089.070731026785,7268.540876116072,7066.636962890625,7223.67333984375,99240300,0.0,0.0
2015-01-02,7290.974502563477,7313.4082702636715,7111.504360961914,7178.8056640625,124947700,0.0,0.0
2015-01-02,7133.938267299107,7335.842180524553,7111.504499162947,7223.67333984375,135899900,0.0,0.0
2015-01-02,7178.805803571428,7335.842180524553,7178.805803571428,7223.67333984375,136616800,0.0,0.0
2015-01-02,7380.709249179565,7380.709249179565,7156.37158203125,7156.37158203125,100301000,0.0,0.0
2015-01-02,7156.372105851958,7201.2396425657635,7089.07080078125,7089.07080078125,132983400,0.0,0.0
2015-01-02,6999.334669237013,7044.202199168019,6909.599609375,6909.599609375,130990900,0.0,0.0
2015-01-02,6909.600936989379,7044.203552645016,6864.7333984375,6864.7333984375,119256500,0.0,0.0
2015-01-02,6909.600038564889,7133.937702154658,6864.732505846935,7044.20263671875,132814500,0.0,0.0
2015-01-02,7111.5048828125,7156.3724215053235,6999.336036080442,7111.5048828125,86484000,0.0,0.0
2015-01-02,6932.034082952535,7133.93798828125,6932.034082952535,7133.93798828125,61053900,0.0,0.0
2015-01-02,7223.673165997485,7268.540701190016,7133.938095612422,7246.10693359375,78432100,0.0,0.0
2015-01-02,7313.408203125,7358.275738113497,7246.106900642255,7313.408203125,111214500,0.0,0.0
2015-01-02,7425.577182676734,7425.577182676734,7246.107039288777,7358.27587890625,149761300,0.0,0.0
2015-01-02,7448.010876464844,7448.010876464844,7178.8056640625,7178.8056640625,132439400,0.0,0.0
2015-01-02,7178.805874208861,7268.540947636471,7089.07080078125,7089.07080078125,143981700,0.0,0.0
2015-01-02,6999.335727353639,7133.938337495055,6999.335727353639,7089.07080078125,85485500,0.0,0.0
2015-01-02,7089.071113466089,7133.938652158912,7066.6373441196765,7111.5048828125,60010900,0.0,0.0
2015-01-02,7111.504569138153,7133.938337495055,7021.769495710541,7089.07080078125,82208000,0.0,0.0
2015-01-02,7044.203574773265,7133.938652158912,6999.336036080442,7111.5048828125,95245100,0.0,0.0
2015-01-02,7089.0704537637575,7133.93798828125,7089.0704537637575,7133.93798828125,85101200,0.0,0.0
2015-01-02,7129.383075182951,7197.7158203125,7106.605493473102,7197.7158203125,83911500,120.0,0.0
2015-01-02,7174.937736365447,7197.715316480892,7129.382576134554,7152.16015625,62180600,0.0,0.0
2015-01-02,7197.715569196429,7197.715569196429,7129.382826450893,7174.93798828125,71430600,0.0,0.0
2015-01-02,7220.49317783846,7288.825920846395,7174.93801583317,7266.04833984375,112691900,0.0,0.0
2015-01-02,7357.158649817626,7357.158649817626,7152.160421184936,7220.4931640625,105575400,0.0,0.0
2015-01-02,7220.49340202235,7220.49340202235,7129.383075182951,7197.7158203125,57321200,0.0,0.0
2015-01-02,7197.7158203125,7197.7158203125,7152.160656892801,7197.7158203125,48528300,0.0,0.0
2015-01-02,7129.382544732863,7152.160124747984,7061.0498046875,7061.0498046875,119263000,0.0,0.0
2015-01-02,7038.272224672379,7129.382544732863,7015.4946446572585,7061.0498046875,68619400,0.0,0.0
2015-01-02,7106.6049960191085,7174.937736365447,7083.827415903663,7152.16015625,69791600,0.0,0.0
2015-01-02,7129.382784056432,7174.937945615898,7038.2724609375,7038.2724609375,62776200,0.0,0.0
2015-01-02,7038.272723858174,7106.60546875,7015.495142227564,7106.60546875,73471300,0.0,0.0
2015-01-02,7106.60546875,7152.160632011219,7061.050305488782,7106.60546875,57622100,0.0,0.0
2015-01-02,7106.604948762176,7106.604948762176,7015.49462890625,7015.49462890625,93342900,0.0,0.0
2015-01-02,7015.49462890625,7038.272208870231,6947.161889014306,7015.49462890625,68464700,0.0,0.0
2015-01-02,7015.49435835041,7015.49435835041,6947.16162109375,6947.16162109375,98632000,0.0,0.0
2015-01-02,7038.272192861519,7038.272192861519,6947.161873212826,6969.939453125,124388800,0.0,0.0
2015-01-02,7106.605259266561,7220.4931640625,7061.050097348186,7220.4931640625,129323400,0.0,0.0
2015-01-02,7152.160407366072,7220.493150111607,7106.605245535715,7174.93798828125,85956100,0.0,0.0
2015-01-02,7174.937782287598,7288.82568359375,7129.382621765137,7288.82568359375,91279600,0.0,0.0
2015-01-02,7220.492741887019,7402.71337890625,7220.492741887019,7402.71337890625,128360900,0.0,0.0
2015-01-02,7357.158484482184,7471.04638671875,7357.158484482184,7471.04638671875,89463100,0.0,0.0
2015-01-02,7516.601277043269,7516.601277043269,7357.158219651442,7402.71337890625,133730600,0.0,0.0
2015-01-02,7174.937655800268,7197.715235659951,6924.38427734375,6924.38427734375,456796600,0.0,0.0
2015-01-02,6605.498371314368,6924.384499584718,6605.498371314368,6856.0517578125,268445700,0.0,0.0
2015-01-02,6856.051553564133,7015.494612949346,6787.718813827614,6969.939453125,156535200,0.0,0.0
2015-01-02,6856.05168230509,6878.829262644975,6628.27587890625,6628.27587890625,240529600,0.0,0.0
2015-01-02,6605.498313513225,6810.49653703605,6605.498313513225,6673.8310546875,212968600,0.0,0.0
2015-01-02,6628.275676005595,6810.496313146643,6628.275676005595,6742.16357421875,159657600,0.0,0.0
2015-01-02,6833.273224783416,6901.60595703125,6719.385337703692,6901.60595703125,153514300,0.0,0.0
2015-01-02,6742.163590604027,6810.496329697987,6719.386010906041,6787.71875,140908900,0.0,0.0
2015-01-02,6764.941153861381,6810.496313146643,6742.16357421875,6742.16357421875,86520200,0.0,0.0
2015-01-02,6787.718971795551,6810.496552237818,6696.608650026483,6719.38623046875,71603500,0.0,0.0
2015-01-02,6673.831305471407,6810.496792955463,6673.831305471407,6696.60888671875,108710800,0.0,0.0
2015-01-02,6742.163810911016,6787.718971795551,6696.608650026483,6719.38623046875,76747400,0.0,0.0
2015-01-02,6856.05080219936,6901.60595703125,6810.495647367471,6901.60595703125,84336900,0.0,0.0
2015-01-02,6901.60595703125,6924.3835344471945,6810.495647367471,6901.60595703125,105411400,0.0,0.0
2015-01-02,6924.384324596775,7061.0498046875,6856.051584551412,7061.0498046875,286292700,0.0,0.0
2015-01-02,6947.161111863139,6992.716266695029,6856.05080219936,6901.60595703125,149226300,0.0,0.0
2015-01-02,6924.38427734375,6992.7170169228,6901.606697484067,6924.38427734375,80563100,0.0,0.0
2015-01-02,6878.829068791946,6901.606648489933,6764.941170302013,6787.71875,81140300,0.0,0.0
2015-01-02,6651.053489141949,6810.496552237818,6651.053489141949,6719.38623046875,129242500,0.0,0.0
2015-01-02,6833.273957905017,6924.38427734375,6764.9412183259665,6924.38427734375,108910500,0.0,0.0
2015-01-02,6833.2734375,6901.606171875,6833.2734375,6833.2734375,107828300,0.0,0.0
2015-01-02,6742.164049213436,6787.719211708121,6696.60888671875,6696.60888671875,111768600,0.0,0.0
2015-01-02,6651.053724224064,6742.164049213436,6628.276142976722,6696.60888671875,85539500,0.0,0.0
2015-01-02,6651.053255648227,6742.16357421875,6605.498096362965,6742.16357421875,80865100,0.0,0.0
2015-01-02,6651.053474296075,6719.38621547035,6651.053474296075,6673.8310546875,130367100,0.0,0.0
2015-01-02,6742.162915119637,6924.3835344471945,6719.385337703692,6901.60595703125,132666300,0.0,0.0
2015-01-02,6764.940703125,6878.82859375,6764.940703125,6833.2734375,117839400,0.0,0.0
2015-01-02,6924.384042008197,6969.939200179303,6833.273725665984,6947.16162109375,88138700,0.0,0.0
2015-01-02,6924.384293300654,6969.939453125,6878.829133476307,6969.939453125,44295700,0.0,0.0
2015-01-02,6947.161328125,6969.93890625,6833.2734375,6833.2734375,53041800,0.0,0.0
2015-01-02,6787.719016040282,6901.606918993978,6787.719016040282,6856.0517578125,60443000,0.0,0.0
2015-01-02,6924.383491847826,6924.383491847826,6810.49560546875,6810.49560546875,57956600,0.0,0.0
2015-01-02,6810.496792955463,6833.274374202806,6696.60888671875,6696.60888671875,76354100,0.0,0.0
2015-01-02,6651.05322265625,6742.163540774829,6651.05322265625,6651.05322265625,146078100,0.0,0.0
2015-01-02,6673.831039586018,6742.163780605671,6628.27587890625,6628.27587890625,98517800,0.0,0.0
2015-01-02,6651.0536974676725,6742.164022090517,6605.49853515625,6605.49853515625,101343900,0.0,0.0
2015-01-02,6651.0536974676725,6673.831278623384,6605.49853515625,6605.49853515625,68738800,0.0,0.0
2015-01-02,6605.4984797484485,6628.276060713099,6377.722670101951,6423.27783203125,102238600,0.0,0.0
2015-01-02,6468.833048221983,6673.831278623384,6468.833048221983,6605.49853515625,69172900,0.0,0.0
2015-01-02,6651.05322265625,6673.830802185895,6537.165325008027,6651.05322265625,66801100,0.0,0.0
2015-01-02,6582.720912879621,6605.498493893046,6468.8330078125,6468.8330078125,86126800,0.0,0.0
2015-01-02,6491.61011595826,6537.16527466674,6446.054957249781,6514.3876953125,64312400,0.0,0.0
2015-01-02,6559.943585526316,6559.943585526316,6491.61083984375,6491.61083984375,36830800,0.0,0.0
2015-01-02,6537.16552734375,6605.498268047691,6514.387947109103,6537.16552734375,34269000,0.0,0.0
2015-01-02,6468.832979910714,6491.610560825893,6377.72265625,6377.72265625,71988200,0.0,0.0
2015-01-02,6400.49951171875,6468.832246719306,6377.721933385232,6400.49951171875,83316300,0.0,0.0
2015-01-02,6468.832979910714,6468.832979910714,6377.72265625,6377.72265625,57419900,0.0,0.0
2015-01-02,6400.499798541303,6514.3876953125,6400.499798541303,6514.3876953125,60077700,0.0,0.0
2015-01-02,6468.832786639809,6537.16552734375,6468.832786639809,6537.16552734375,59641000,0.0,0.0
2015-01-02,6559.9429370777025,6742.16357421875,6537.165357435072,6742.16357421875,105792900,0.0,0.0
2015-01-02,6742.16357421875,6742.16357421875,6605.498096362965,6742.16357421875,64337100,0.0,0.0
2015-01-02,6742.163795861775,6742.163795861775,6651.053474296075,6673.8310546875,38956500,0.0,0.0
2015-01-02,6696.6083817155395,6719.385961245184,6651.05322265625,6651.05322265625,31247600,0.0,0.0
2015-01-02,6605.4980635969605,6719.385961245184,6605.4980635969605,6651.05322265625,44379900,0.0,0.0
2015-01-02,6673.8310546875,6696.608635078925,6628.27589390465,6673.8310546875,58465500,0.0,0.0
2015-01-02,6719.386467966093,6787.719211708121,6673.831305471407,6696.60888671875,86909700,0.0,0.0
2015-01-02,6742.164049213436,6810.496792955463,6696.60888671875,6696.60888671875,131553000,0.0,0.0
2015-01-02,6696.6079687500005,6833.2734375,6696.6079687500005,6833.2734375,104841600,0.0,0.0
2015-01-02,6924.38427734375,6947.161857203434,6833.273957905017,6924.38427734375,106466900,0.0,0.0
2015-01-02,6947.16162109375,6947.16162109375,6901.606462922644,6947.16162109375,60170600,0.0,0.0
2015-01-02,6992.717560596955,7106.60546875,6969.939978966347,7106.60546875,164221000,0.0,0.0
2015-01-02,7129.382826450893,7174.93798828125,7038.272502790179,7174.93798828125,118734200,0.0,0.0
2015-01-02,7174.93798828125,7220.493150111607,7061.050083705357,7174.93798828125,84328900,0.0,0.0
2015-01-02,7174.938238602651,7266.048565442049,7174.938238602651,7197.7158203125,92875800,0.0,0.0
2015-01-02,7106.605493473102,7197.7158203125,7038.272748343552,7197.7158203125,104376300,0.0,0.0
2015-01-02,7152.160186959513,7243.2705078125,7129.382606746266,7243.2705078125,73204700,0.0,0.0
2015-01-02,7220.4931640625,7266.048325980875,7152.160421184936,7220.4931640625,59381200,0.0,0.0
2015-01-02,7243.2705078125,7266.048088025747,7197.715347386006,7243.2705078125,81411000,0.0,0.0
2015-01-02,7243.270758841105,7266.04833984375,7152.1604348305245,7266.04833984375,83556700,0.0,0.0
2015-01-02,7197.715362548828,7311.6032638549805,7174.937782287598,7288.82568359375,86136900,0.0,0.0
2015-01-02,7334.381310571598,7334.381310571598,7197.7158203125,7197.7158203125,58194900,0.0,0.0
2015-01-02,7152.160202026367,7288.82568359375,7129.382621765137,7288.82568359375,97293300,0.0,0.0
2015-01-02,7288.826147151899,7288.826147151899,7197.7158203125,7197.7158203125,71671800,0.0,0.0
2015-01-02,7243.2705078125,7311.603248452241,7197.715347386006,7243.2705078125,108892400,0.0,0.0
2015-01-02,7288.825948142415,7379.936272494195,7197.715623790635,7357.15869140625,99503500,0.0,0.0
2015-01-02,7311.6032638549805,7402.713584899902,7288.82568359375,7288.82568359375,80472400,0.0,0.0
2015-01-02,7288.825728527608,7425.4912109375,7243.270567724309,7425.4912109375,57762100,0.0,0.0
2015-01-02,7379.935331852064,7539.378379145165,7357.157753667336,7448.26806640625,124467000,0.0,0.0
2015-01-02,7357.158484482184,7493.823967166063,7334.380904034871,7471.04638671875,137659900,0.0,0.0
2015-01-02,7425.4912109375,7516.601532544095,7402.713630535851,7425.4912109375,74960800,0.0,0.0
2015-01-02,7425.490991285144,7493.82373046875,7425.490991285144,7493.82373046875,71430600,0.0,0.0
2015-01-02,7493.823746695619,7562.15648602719,7471.046166918429,7539.37890625,62906000,0.0,0.0
2015-01-02,7562.15648602719,7607.711645581571,7516.60132647281,7539.37890625,67079900,0.0,0.0
2015-01-02,7516.600396455224,7630.48828125,7516.600396455224,7630.48828125,117931700,0.0,0.0
2015-01-02,7653.266584019461,7744.376900495884,7607.71142578125,7607.71142578125,132777400,0.0,0.0
2015-01-02,7744.376166044775,7744.376166044775,7539.377973414179,7630.48828125,91234600,0.0,0.0
2015-01-02,7584.9331273320895,7676.0434351679105,7584.9331273320895,7630.48828125,52395300,0.0,0.0
2015-01-02,7630.489305065525,7812.709945186492,7630.489305065525,7767.15478515625,124485200,0.0,0.0
2015-01-02,7630.489056755515,7881.042428768382,7630.489056755515,7744.376953125,116642400,0.0,0.0
2015-01-02,7744.3756138392855,8086.039243861607,7744.3756138392855,7972.1513671875,190404800,0.0,0.0
2015-01-02,7926.598072300296,7949.375652967825,7698.822265624999,7698.822265625,363127600,0.0,0.0
2015-01-02,7721.59942450551,7972.152798162031,7698.82184508219,7881.04248046875,102530600,0.0,0.0
2015-01-02,7789.93310546875,7881.0434341876835,7789.93310546875,7789.93310546875,89238400,0.0,0.0
2015-01-02,7767.154769312316,7835.487509218289,7676.044449437685,7721.599609375,90933700,0.0,0.0
2015-01-02,7630.4892895003695,7767.154769312316,7630.4892895003695,7721.599609375,61908500,0.0,0.0
2015-01-02,7630.48828125,7721.598589085821,7630.48828125,7630.48828125,60567600,0.0,0.0
2015-01-02,7471.046689540059,7744.377665986646,7471.046689540059,7676.044921875,106228200,0.0,0.0
2015-01-02,7630.488987198795,7698.8217243975905,7562.15625,7562.15625,89567100,0.0,0.0
2015-01-02,7516.601342553491,7676.044401334929,7516.601342553491,7584.93408203125,89153400,0.0,0.0
2015-01-02,7584.9331273320895,7698.821012126866,7584.9331273320895,7630.48828125,62643700,0.0,0.0
2015-01-02,7630.490030210618,7812.710687648484,7539.379701491685,7789.93310546875,176524800,0.0,0.0
2015-01-02,7698.821794577206,7767.154532398897,7698.821794577206,7744.376953125,115079600,0.0,0.0
2015-01-02,7767.155523289017,7858.26585200795,7767.155523289017,7789.93310546875,80524500,0.0,0.0
2015-01-02,7767.155007627588,7789.932588295118,7676.04468495747,7698.822265625,63788000,0.0,0.0
2015-01-02,7721.600084616098,7744.377665986646,7676.044921875,7676.044921875,43967400,0.0,0.0
2015-01-02,7584.934288955316,7630.4894498499425,7471.04638671875,7471.04638671875,112043400,0.0,0.0
2015-01-02,7425.4907756024095,7630.488987198795,7402.713196536145,7562.15625,80238200,0.0,0.0
2015-01-02,7471.045916193182,7562.156232244318,7425.490758167613,7516.60107421875,64060000,0.0,0.0
2015-01-02,7471.046182901651,7584.93408203125,7448.268603075732,7584.93408203125,47569700,0.0,0.0
2015-01-02,7539.37890625,7630.489225358761,7539.37890625,7539.37890625,62282800,0.0,0.0
2015-01-02,7562.156232244318,7607.711390269887,7516.60107421875,7516.60107421875,70642900,0.0,0.0
2015-01-02,7516.60107421875,7562.156232244318,7448.268337180398,7516.60107421875,56387500,0.0,0.0
2015-01-02,7539.3786709337355,7721.599303463856,7516.60109186747,7562.15625,85665300,0.0,0.0
2015-01-02,7516.60132647281,7607.711645581571,7493.823746695619,7539.37890625,66753500,0.0,0.0
2015-01-02,7516.601160386029,7744.376953125,7516.601160386029,7744.376953125,91812300,0.0,0.0
2015-01-02,7698.82184508219,7949.375218738711,7698.82184508219,7881.04248046875,122777800,0.0,0.0
2015-01-02,7972.1538415115865,8108.8193359375,7949.376259107268,8108.8193359375,89416500,0.0,0.0
2015-01-02,8040.486048906699,8086.041210656878,7926.59814453125,7926.59814453125,84696300,0.0,0.0
2015-01-02,7858.26585200795,7881.0434341876835,7789.93310546875,7789.93310546875,98962100,0.0,0.0
2015-01-02,7789.932659280711,7926.59814453125,7789.932659280711,7926.59814453125,77003400,0.0,0.0
2015-01-02,7881.041065848214,7972.1513671875,7881.041065848214,7972.1513671875,84980600,0.0,0.0
2015-01-02,8063.262675892222,8063.262675892222,7994.929941350763,8017.70751953125,138922800,0.0,0.0
2015-01-02,8199.928144975142,8199.928144975142,7949.37478498979,8017.70751953125,118118400,0.0,0.0
2015-01-02,8017.706517857143,8040.484093191964,7949.373791852679,7972.1513671875,68323600,0.0,0.0
2015-01-02,7926.597206809303,8040.485097711736,7926.597206809303,8017.70751953125,81856300,0.0,0.0
2015-01-02,7994.931152343751,8017.708733974359,7903.820825821314,7994.93115234375,84458300,0.0,0.0
2015-01-02,7949.376248289636,8063.26416015625,7903.821083542991,8063.26416015625,94794000,0.0,0.0
2015-01-02,8063.261668526786,8086.039243861607,7949.373791852679,7972.1513671875,42525500,0.0,0.0
2015-01-02,7903.820850297096,8086.04150390625,7903.820850297096,8086.04150390625,96599500,0.0,0.0
2015-01-02,7949.37478498979,8017.70751953125,7949.37478498979,8017.70751953125,89463000,0.0,0.0
2015-01-02,8108.8193249028955,8131.596907276218,8040.486577782927,8063.26416015625,59597900,0.0,0.0
2015-01-02,8086.039243861607,8108.816819196429,7972.1513671875,7972.1513671875,49208200,0.0,0.0
2015-01-02,7994.929941350763,8063.262675892222,7972.152363170277,8017.70751953125,59092900,0.0,0.0
2015-01-02,7858.264884061591,7903.820042809774,7789.932145939317,7835.4873046875,143424800,0.0,0.0
2015-01-02,7858.2661328684635,8040.4867968190365,7835.488549874642,7949.37646484375,72679800,0.0,0.0
2015-01-02,7949.375035964058,8108.8180882613315,7949.375035964058,8040.4853515625,83556900,0.0,0.0
2015-01-02,8086.041962806679,8108.819545800501,7949.37646484375,7949.37646484375,35901000,0.0,0.0
2015-01-02,8108.8193359375,8154.3745007461375,8063.264171128862,8108.8193359375,84684200,0.0,0.0
2015-01-02,8108.819085607394,8177.151830710828,8086.04150390625,8086.04150390625,84642100,0.0,0.0
2015-01-02,8177.151131184895,8199.9287109375,8154.373551432292,8199.9287109375,53520800,0.0,0.0
2015-01-02,8199.928947597493,8199.928947597493,8108.818625957521,8177.1513671875,75048300,0.0,0.0
2015-01-02,8245.484613054015,8291.03977666205,8177.151867641966,8222.70703125,96209700,0.0,0.0
2015-01-02,8177.1513671875,8268.261688827472,8131.596206367514,8177.1513671875,91562100,0.0,0.0
2015-01-02,8086.039041498656,8564.36811155914,8063.261466733871,8473.2578125,644359600,0.0,0.0
2015-01-02,8450.482088216146,8518.814827473958,8199.9287109375,8199.9287109375,155775400,0.0,0.0
2015-01-02,8140.47607421875,8209.075591698122,8140.47607421875,8140.47607421875,130982100,35.0,0.0
2015-01-02,8049.01103988604,8140.4770744301995,8026.14453125,8026.14453125,114656300,0.0,0.0
2015-01-02,7980.411238348794,8003.2777461950645,7843.212191271164,7934.67822265625,180553800,0.0,0.0
2015-01-02,7774.611917529586,7843.211434448965,7728.87890625,7728.87890625,229308700,0.0,0.0
2015-01-02,7660.278327493107,7843.210347254137,7637.4118250229785,7774.61083984375,172590100,0.0,0.0
2015-01-02,7774.6119089376825,7866.077931395773,7728.878897708637,7843.21142578125,90851300,0.0,0.0
2015-01-02,7797.478884642152,7957.54443359375,7751.745870655981,7957.54443359375,102851800,0.0,0.0
2015-01-02,7888.944912614494,7957.54443359375,7820.345391635237,7957.54443359375,104580200,0.0,0.0
2015-01-02,7866.0783174818835,7957.544344429348,7797.478797271286,7888.94482421875,118164300,0.0,0.0
2015-01-02,7843.210347254137,7866.076849724265,7774.61083984375,7774.61083984375,113255700,0.0,0.0
2015-01-02,7706.012581758721,7911.811137354652,7683.146075581396,7866.078125,181516700,0.0,0.0
2015-01-02,7911.8115234375,7957.544538023843,7866.078508851156,7911.8115234375,67482900,0.0,0.0
2015-01-02,7820.344920166727,7911.8109426248175,7820.344920166727,7843.21142578125,41243700,0.0,0.0
2015-01-02,7866.0786991174355,7957.544730502522,7843.212191271164,7934.67822265625,33617700,0.0,0.0
2015-01-02,7911.8109426248175,7934.67744823934,7843.21142578125,7843.21142578125,59591500,0.0,0.0
2015-01-02,7797.477342313879,7843.210347254137,7774.61083984375,7774.61083984375,47393000,0.0,0.0
2015-01-02,7774.6119089376825,7888.944437010296,7774.6119089376825,7843.21142578125,20495900,0.0,0.0
2015-01-02,7866.078125,7911.811137354652,7843.211618822675,7866.078125,27193800,0.0,0.0
2015-01-02,7911.8115234375,7911.8115234375,7820.345494264811,7911.8115234375,40420200,0.0,0.0
2015-01-02,7797.478414552204,7866.077931395773,7774.6119089376825,7843.21142578125,47020900,0.0,0.0
2015-01-02,7843.211231610928,7911.810746756213,7820.3447265625,7820.3447265625,44681400,0.0,0.0
2015-01-02,7843.211231610928,7866.077736659357,7774.611716465643,7820.3447265625,10653900,0.0,0.0
2015-01-02,7820.3447265625,7866.077736659357,7797.478221514071,7820.3447265625,27399100,0.0,0.0
2015-01-02,7797.478131140064,7843.211140706868,7637.412597656251,7637.41259765625,90918800,0.0,0.0
2015-01-02,7637.412798887311,7660.279304273201,7454.480755800189,7545.94677734375,128838500,0.0,0.0
2015-01-02,7408.74764683735,7614.546192582831,7408.74764683735,7591.6796875,69286600,0.0,0.0
2015-01-02,7614.546378051035,7728.87890625,7614.546378051035,7728.87890625,86916900,0.0,0.0
2015-01-02,7683.145713876147,7706.012218976969,7454.480662867928,7477.34716796875,101759100,0.0,0.0
2015-01-02,7363.0152253605775,7454.481253004808,7317.2822115384615,7431.61474609375,96069100,0.0,0.0
2015-01-02,7454.480662867928,7568.813188372037,7431.614157767106,7477.34716796875,103804600,0.0,0.0
2015-01-02,7454.48116326184,7477.347669897613,7340.148630082977,7363.01513671875,119748200,0.0,0.0
2015-01-02,7363.014933018597,7500.213969037577,7363.014933018597,7454.48095703125,105710700,0.0,0.0
2015-01-02,7477.347352723818,7660.279398050395,7454.480847057996,7614.54638671875,88695900,0.0,0.0
2015-01-02,7500.213667168675,7614.546192582831,7477.347162085844,7591.6796875,96814600,0.0,0.0
2015-01-02,7637.412892384573,7637.412892384573,7545.946869721284,7614.54638671875,66391800,0.0,0.0
2015-01-02,7568.813182417169,7614.546192582831,7545.946677334337,7591.6796875,96859500,0.0,0.0
2015-01-02,7591.680577982523,7637.413593512538,7523.0810546875,7523.0810546875,42474500,0.0,0.0
2015-01-02,7591.679889958079,7591.679889958079,7500.2138671875,7500.2138671875,66124500,0.0,0.0
2015-01-02,7523.080069482854,7751.7451171875,7523.080069482854,7751.7451171875,77582300,0.0,0.0
2015-01-02,7957.54443359375,8094.743475552264,7820.345391635237,7957.54443359375,196804700,0.0,0.0
2015-01-02,7980.410940586836,8026.143954573006,7843.211898628323,7957.54443359375,68544300,0.0,0.0
2015-01-02,7888.944145810287,7934.677155351217,7751.7451171875,7751.7451171875,200589000,0.0,0.0
2015-01-02,7843.210347254137,7843.210347254137,7728.877834903493,7774.61083984375,77396200,0.0,0.0
2015-01-02,7706.012400610207,7797.478423169379,7683.145894970415,7728.87890625,99109500,0.0,0.0
2015-01-02,7820.345391635237,7957.54443359375,7774.612377649067,7957.54443359375,71716700,0.0,0.0
2015-01-02,8003.277640356376,8003.277640356376,7911.811610180874,7980.4111328125,117757700,0.0,0.0
2015-01-02,8026.14412986626,8094.74365234375,8003.277622373764,8094.74365234375,116014700,0.0,0.0
2015-01-02,8071.875976562499,8094.742480745396,8049.009472379603,8071.8759765625,54495500,0.0,0.0
2015-01-02,8071.876556739378,8140.47607421875,8049.010050912921,8140.47607421875,72381700,0.0,0.0
2015-01-02,8117.608984928293,8140.47548911119,7957.543455648017,8071.8759765625,62060900,0.0,0.0
2015-01-02,8117.6103515625,8140.476859595071,8026.144319432218,8117.6103515625,63775000,0.0,0.0
2015-01-02,8094.742479377618,8186.20849609375,8071.875975198585,8186.20849609375,81678200,0.0,0.0
2015-01-02,8117.6103515625,8140.476859595071,8003.277811399648,8117.6103515625,38037000,0.0,0.0
2015-01-02,8071.876968559178,8094.743475552264,7957.54443359375,7957.54443359375,66040400,0.0,0.0
2015-01-02,8026.144147900251,8094.743670531877,7980.4111328125,7980.4111328125,43588900,0.0,0.0
2015-01-02,7980.410350167411,8071.876371372768,7957.543844866072,8003.27685546875,40077000,0.0,0.0
2015-01-02,8026.143954573006,8049.010461566092,7957.54443359375,7957.54443359375,25390500,0.0,0.0
2015-01-02,7957.544730502522,8003.2777461950645,7888.945206963706,7934.67822265625,38671900,0.0,0.0
2015-01-02,7888.945102636999,8003.277640356376,7888.945102636999,7980.4111328125,53412300,0.0,0.0
2015-01-02,8026.144254041336,8094.743777580151,7934.67822265625,7934.67822265625,44123400,0.0,0.0
2015-01-02,7934.678496705841,8026.14453125,7911.8119880698005,8026.14453125,59983900,0.0,0.0
2015-01-02,8026.143360770089,8026.143360770089,7934.6773395647315,8003.27685546875,106349400,0.0,0.0
2015-01-02,7980.410655886628,8003.277162063954,7866.078125,7866.078125,67034700,0.0,0.0
2015-01-02,7866.0783174818835,7957.544344429348,7866.0783174818835,7888.94482421875,56672000,0.0,0.0
2015-01-02,7911.810650580752,7934.677155351217,7751.7451171875,7751.7451171875,95376900,0.0,0.0
2015-01-02,7820.345031738281,7820.345031738281,7683.14599609375,7683.14599609375,92652000,0.0,0.0
2015-01-02,7637.413175769659,7751.745708341061,7637.413175769659,7706.0126953125,106115600,0.0,0.0
2015-01-02,7683.145886479592,7843.21142578125,7683.145886479592,7843.21142578125,79350900,0.0,0.0
2015-01-02,7911.8109426248175,7911.8109426248175,7820.344920166727,7843.21142578125,54201400,0.0,0.0
2015-01-02,7774.611917529586,7820.3449288091715,7728.87890625,7728.87890625,59580100,0.0,0.0
2015-01-02,7728.878706368786,7888.944241707785,7728.878706368786,7820.3447265625,82077700,0.0,0.0
2015-01-02,7706.012409382039,7751.7454207136825,7614.54638671875,7614.54638671875,90495300,0.0,0.0
2015-01-02,7728.878915047861,7751.7454207136825,7614.54638671875,7614.54638671875,86747400,0.0,0.0
2015-01-02,7591.6796875,7637.412697665663,7545.946677334337,7591.6796875,105894000,0.0,0.0
2015-01-02,7660.27880859375,7728.878320312499,7614.545800781249,7660.27880859375,198558600,0.0,0.0
2015-01-02,7683.14599609375,7751.745513916016,7660.279490152995,7683.14599609375,37277900,0.0,0.0
2015-01-02,7683.144829963236,7774.61083984375,7660.278327493107,7774.61083984375,91617400,0.0,0.0
2015-01-02,7957.543455648017,8071.875976562499,7888.943943099327,8071.8759765625,145603600,0.0,0.0
2015-01-02,8071.876968559178,8071.876968559178,7957.54443359375,7957.54443359375,110692800,0.0,0.0
2015-01-02,8049.010761887608,8049.010761887608,7934.67822265625,7934.67822265625,98296600,0.0,0.0
2015-01-02,8093.277673894709,8209.8955078125,8046.630540327593,8209.8955078125,101068200,170.0,0.0
2015-01-02,8303.189447592069,8303.189447592069,8209.895184135978,8233.21875,118912100,0.0,0.0
2015-01-02,8233.218744419642,8256.542310267858,8139.924481026786,8163.248046875,97146900,0.0,0.0
2015-01-02,8233.219074596058,8233.219074596058,8163.248374245383,8209.8955078125,60288900,0.0,0.0
2015-01-02,8233.218418914708,8233.218418914708,8069.953464431979,8186.5712890625,60975800,0.0,0.0
2015-01-02,8186.571938238718,8209.895505014327,8139.9248046875,8139.9248046875,36922100,0.0,0.0
2015-01-02,8116.600915178572,8186.5716127232145,8116.600915178572,8163.248046875,45489400,0.0,0.0
2015-01-02,8139.924807461825,8209.8955078125,8116.6012406782675,8209.8955078125,32996000,0.0,0.0
2015-01-02,8233.21875,8233.21875,8163.248052407932,8233.21875,44554300,0.0,0.0
2015-01-02,8303.189453125,8303.189453125,8233.218755486307,8303.189453125,91903600,0.0,0.0
2015-01-02,8349.837239583334,8349.837239583334,8279.866536458334,8326.513671875,51726500,0.0,0.0
2015-01-02,8396.4833984375,8396.4833984375,8349.83626844618,8396.4833984375,110354200,0.0,0.0
2015-01-02,8419.80859375,8443.132163261773,8303.190746191136,8419.80859375,83946900,0.0,0.0
2015-01-02,8443.130864726028,8559.748694349315,8419.80729880137,8513.1015625,91178700,0.0,0.0
2015-01-02,8513.100599206013,8583.0712890625,8396.482782778532,8583.0712890625,186928200,0.0,0.0
2015-01-02,8489.777674607241,8559.74836972763,8466.45410956711,8536.4248046875,54842400,0.0,0.0
2015-01-02,8489.777991194751,8513.101557104626,8443.130859375,8443.130859375,145775300,0.0,0.0
2015-01-02,8489.777991194751,8489.777991194751,8303.189463915745,8443.130859375,83645900,0.0,0.0
2015-01-02,8443.131510416668,8443.131510416668,8279.866536458334,8326.513671875,83728800,0.0,0.0
2015-01-02,8326.512703450522,8419.80696343316,8279.865573459201,8396.4833984375,67565000,0.0,0.0
2015-01-02,8396.4833984375,8443.13052842882,8349.83626844618,8396.4833984375,64815100,0.0,0.0
2015-01-02,8396.4833984375,8466.45409342448,8349.83626844618,8396.4833984375,84754500,0.0,0.0
2015-01-02,8349.837239583334,8373.160807291668,8303.190104166668,8326.513671875,40929600,0.0,0.0
2015-01-02,8326.513671875,8349.837239583334,8303.190104166668,8326.513671875,45322600,0.0,0.0
2015-01-02,8303.189447592069,8303.189447592069,8209.895184135978,8233.21875,81993900,0.0,0.0
2015-01-02,8163.248374245383,8279.866208163176,8139.924807461825,8209.8955078125,96525600,0.0,0.0
2015-01-02,8279.865548766915,8279.865548766915,8139.924159210292,8186.5712890625,64830300,0.0,0.0
2015-01-02,8209.894845545978,8233.218410448097,8116.6005859375,8116.6005859375,49497000,0.0,0.0
2015-01-02,8186.5712890625,8256.54198384081,8163.247724136396,8186.5712890625,69996100,0.0,0.0
2015-01-02,8303.189138454862,8396.4833984375,8233.218443467882,8396.4833984375,123592500,0.0,0.0
2015-01-02,8396.4833984375,8466.45409342448,8326.512703450522,8396.4833984375,91000000,0.0,0.0
2015-01-02,8443.130864726028,8536.425128424658,8419.80729880137,8513.1015625,102980500,0.0,0.0
2015-01-02,8583.07358033241,8583.07358033241,8419.80859375,8419.80859375,77392900,0.0,0.0
2015-01-02,8489.777991194751,8536.425123014502,8443.130859375,8443.130859375,76325700,0.0,0.0
2015-01-02,8559.74836972763,8583.07193476776,8489.777674607241,8536.4248046875,55675900,0.0,0.0
2015-01-02,8629.71906484802,8629.71906484802,8466.45410956711,8536.4248046875,79148200,0.0,0.0
2015-01-02,8583.072592905406,8699.690427048143,8536.425459248312,8629.7197265625,97189500,0.0,0.0
2015-01-02,8676.366518473757,8699.690084383632,8443.130859375,8443.130859375,722827900,0.0,0.0
2015-01-02,8536.424162491508,8699.689105489979,8489.777035920517,8583.0712890625,163535600,0.0,0.0
2015-01-02,8443.13054452698,8583.07193476776,8443.13054452698,8536.4248046875,74872200,0.0,0.0
2015-01-02,8513.101887126546,8559.749020754636,8466.454753498454,8489.7783203125,87492200,0.0,0.0
2015-01-02,8466.454430650685,8513.1015625,8466.454430650685,8513.1015625,53188400,0.0,0.0
2015-01-02,8559.749020754636,8559.749020754636,8489.7783203125,8489.7783203125,44632400,0.0,0.0
2015-01-02,8536.4248046875,8536.4248046875,8489.777674607241,8536.4248046875,38082300,0.0,0.0
2015-01-02,8559.74836972763,8559.74836972763,8489.777674607241,8536.4248046875,45552600,0.0,0.0
2015-01-02,8489.778645833334,8513.102213541668,8443.131510416668,8466.455078125,72223700,0.0,0.0
2015-01-02,8489.777991194751,8489.777991194751,8443.130859375,8443.130859375,59073000,0.0,0.0
2015-01-02,8489.777991194751,8489.777991194751,8373.160161645374,8443.130859375,112769400,0.0,0.0
2015-01-02,8396.4833984375,8443.13052842882,8396.4833984375,8396.4833984375,32330600,0.0,0.0
2015-01-02,8419.807293465125,8443.130859375,8349.836595735496,8443.130859375,54990100,0.0,0.0
2015-01-02,8443.130864726028,8513.1015625,8396.483732876713,8513.1015625,42676300,0.0,0.0
2015-01-02,8513.101557104626,8536.425123014502,8443.130859375,8443.130859375,48291100,0.0,0.0
2015-01-02,8419.807293465125,8536.425123014502,8419.807293465125,8443.130859375,47813500,0.0,0.0
2015-01-02,8419.807942708334,8513.102213541668,8419.807942708334,8466.455078125,36389900,0.0,0.0
2015-01-02,8443.13054452698,8536.4248046875,8443.13054452698,8536.4248046875,36225100,0.0,0.0
2015-01-02,8419.807942708334,8466.455078125,8419.807942708334,8466.455078125,108855900,0.0,0.0
2015-01-02,8536.425123014502,8536.425123014502,8443.130859375,8443.130859375,35049300,0.0,0.0
2015-01-02,8443.130859375,8466.454425284875,8419.807293465125,8443.130859375,44609200,0.0,0.0
2015-01-02,8443.131510416668,8489.778645833334,8419.807942708334,8466.455078125,52532400,0.0,0.0
2015-01-02,8419.80859375,8489.779302285318,8419.80859375,8419.80859375,37641300,0.0,0.0
2015-01-02,8489.777991194751,8489.777991194751,8443.130859375,8443.130859375,28981500,0.0,0.0
2015-01-02,8489.779302285318,8489.779302285318,8419.80859375,8419.80859375,43703500,0.0,0.0
2015-01-02,8466.454756152078,8559.7490234375,8443.131189330721,8559.7490234375,61566500,0.0,0.0
2015-01-02,8583.072260273973,8606.39582619863,8513.1015625,8513.1015625,65230900,0.0,0.0
2015-01-02,8559.747725777004,8583.0712890625,8513.100599206013,8583.0712890625,55554500,0.0,0.0
2015-01-02,8583.072590258855,8629.719723901566,8559.7490234375,8559.7490234375,62550100,0.0,0.0
2015-01-02,8583.07193476776,8629.71906484802,8489.777674607241,8536.4248046875,52924600,0.0,0.0
2015-01-02,8583.07193476776,8606.39549980789,8513.10123964737,8536.4248046875,83476600,0.0,0.0
2015-01-02,8536.4248046875,8559.74836972763,8513.10123964737,8536.4248046875,42667800,0.0,0.0
2015-01-02,8583.072587568682,8583.072587568682,8489.7783203125,8489.7783203125,62061200,0.0,0.0
2015-01-02,8559.74836972763,8676.36619492828,8536.4248046875,8536.4248046875,122802700,0.0,0.0
2015-01-02,8559.74871010194,8723.013671875,8513.10157816678,8723.013671875,113868700,0.0,0.0
2015-01-02,8769.661458333334,8769.661458333334,8606.396484375,8606.396484375,77848400,0.0,0.0
2015-01-02,8583.072260273973,8606.39582619863,8513.1015625,8513.1015625,74510200,0.0,0.0
2015-01-02,8559.748694349315,8583.072260273973,8489.777996575343,8513.1015625,80868000,0.0,0.0
2015-01-02,8559.748694349315,8559.748694349315,8489.777996575343,8513.1015625,49756400,0.0,0.0
2015-01-02,8513.100599206013,8583.0712890625,8513.100599206013,8583.0712890625,60629900,0.0,0.0
2015-01-02,8536.425459248312,8676.366860219596,8536.425459248312,8629.7197265625,64596100,0.0,0.0
2015-01-02,8629.71906484802,8653.042629888148,8513.10123964737,8536.4248046875,52675900,0.0,0.0
2015-01-02,8536.42610238376,8653.0439453125,8536.42610238376,8653.0439453125,55589300,0.0,0.0
2015-01-02,8653.041978918987,8676.365542204483,8583.0712890625,8583.0712890625,43373400,0.0,0.0
2015-01-02,8653.042335023272,8769.66015625,8629.718770777927,8769.66015625,77056800,0.0,0.0
2015-01-02,8769.66015625,8792.983720495346,8723.013027759309,8769.66015625,76738100,0.0,0.0
2015-01-02,8792.983720495346,8816.307284740691,8746.336592004654,8769.66015625,68898600,0.0,0.0
2015-01-02,8699.69010590742,8723.013671875,8606.3958420371,8723.013671875,75495400,0.0,0.0
2015-01-02,8699.689776020665,8746.336906186996,8676.3662109375,8676.3662109375,59303700,0.0,0.0
2015-01-02,8653.042645854335,8699.689776020665,8629.71908077117,8676.3662109375,53440000,0.0,0.0
2015-01-02,8629.7197265625,8723.01399387669,8629.7197265625,8629.7197265625,79328900,0.0,0.0
2015-01-02,8606.396157080211,8629.719723901566,8559.7490234375,8559.7490234375,73573000,0.0,0.0
2015-01-02,8536.424820438508,8699.689776020665,8536.424820438508,8676.3662109375,65664600,0.0,0.0
2015-01-02,8676.3662109375,8699.689776020665,8653.042645854335,8676.3662109375,63749800,0.0,0.0
2015-01-02,8629.718415633492,8699.689105489979,8583.0712890625,8583.0712890625,53725900,0.0,0.0
2015-01-02,8583.073239555255,8653.0439453125,8559.749670969508,8653.0439453125,50379000,0.0,0.0
2015-01-02,8629.718415633492,8629.718415633492,8583.0712890625,8583.0712890625,44423100,0.0,0.0
2015-01-02,8653.043293391047,8676.366860219596,8583.072592905406,8629.7197265625,45428500,0.0,0.0
2015-01-02,8676.365542204483,8676.365542204483,8583.0712890625,8583.0712890625,56227000,0.0,0.0
2015-01-02,8583.072590258855,8606.396157080211,8489.778322973432,8559.7490234375,136107200,0.0,0.0
2015-01-02,8583.072916666668,8653.043619791668,8559.749348958334,8606.396484375,42152700,0.0,0.0
2015-01-02,8606.396484375,8653.043619791668,8559.749348958334,8606.396484375,40610600,0.0,0.0
2015-01-02,8629.720052083334,8629.720052083334,8583.072916666668,8606.396484375,42007200,0.0,0.0
2015-01-02,8583.07193476776,8629.71906484802,8536.4248046875,8536.4248046875,49318400,0.0,0.0
2015-01-02,8513.101889794789,8559.7490234375,8489.778322973432,8559.7490234375,61405200,0.0,0.0
2015-01-02,8489.777996575343,8536.425128424658,8443.130864726028,8513.1015625,80732300,0.0,0.0
2015-01-02,8466.454430650685,8513.1015625,8466.454430650685,8513.1015625,53155900,0.0,0.0
2015-01-02,8489.7783203125,8513.101887126546,8466.454753498454,8489.7783203125,66479000,0.0,0.0
2015-01-02,8443.131510416668,8466.455078125,8396.484375,8466.455078125,69490200,0.0,0.0
2015-01-02,8396.484053056318,8513.101887126546,8396.484053056318,8489.7783203125,112757900,0.0,0.0
2015-01-02,8443.13052842882,8489.77765842014,8396.4833984375,8396.4833984375,121005300,0.0,0.0
2015-01-02,8443.13052842882,8466.45409342448,8396.4833984375,8396.4833984375,34272200,0.0,0.0
2015-01-02,8396.484375,8466.455078125,8373.160807291668,8466.455078125,33325800,0.0,0.0
2015-01-02,8513.10123964737,8559.74836972763,8466.45410956711,8536.4248046875,54305500,0.0,0.0
2015-01-02,8513.1015625,8536.425128424658,8466.454430650685,8513.1015625,40607000,0.0,0.0
2015-01-02,8513.102213541668,8536.42578125,8466.455078125,8466.455078125,42445300,0.0,0.0
2015-01-02,8466.45409342448,8466.45409342448,8396.4833984375,8396.4833984375,56132200,0.0,0.0
2015-01-02,8396.483065642458,8419.806629713687,8349.8359375,8349.8359375,73544700,0.0,0.0
2015-01-02,8303.189777728874,8396.484044894367,8279.8662109375,8279.8662109375,84345000,0.0,0.0
2015-01-02,8233.21875,8303.189447592069,8233.21875,8233.21875,118960000,0.0,0.0
2015-01-02,8303.190104166668,8489.778645833334,8279.866536458334,8466.455078125,93663000,0.0,0.0
2015-01-02,8466.453472635021,8583.0712890625,8419.806346064028,8583.0712890625,98380200,0.0,0.0
2015-01-02,8583.0712890625,8629.718415633492,8513.100599206013,8583.0712890625,112582800,0.0,0.0
2015-01-02,8583.072916666668,8583.072916666668,8466.455078125,8466.455078125,72855700,0.0,0.0
2015-01-02,8489.779302285318,8489.779302285318,8419.80859375,8419.80859375,53344400,0.0,0.0
2015-01-02,8419.807293465125,8513.101557104626,8419.807293465125,8443.130859375,43774500,0.0,0.0
2015-01-02,8396.484375,8396.484375,8326.513671875,8326.513671875,71966100,0.0,0.0
2015-01-02,8326.513671875,8419.807942708334,8326.513671875,8326.513671875,84305800,0.0,0.0
2015-01-02,8396.483727555249,8489.777991194751,8396.483727555249,8443.130859375,71064500,0.0,0.0
2015-01-02,8489.778645833334,8513.102213541668,8419.807942708334,8466.455078125,62941800,0.0,0.0
2015-01-02,8513.101887126546,8513.101887126546,8443.13118668441,8489.7783203125,29429200,0.0,0.0
2015-01-02,8443.130193784917,8466.453757856145,8349.8359375,8349.8359375,59606000,0.0,0.0
2015-01-02,8326.513671875,8349.837239583334,8256.54296875,8256.54296875,50919200,0.0,0.0
2015-01-02,8233.218744419642,8256.542310267858,8163.248046875,8163.248046875,89509700,0.0,0.0
2015-01-02,8139.924497301532,8419.807288039694,8139.924497301532,8373.16015625,64554500,0.0,0.0
2015-01-02,8279.866536458334,8326.513671875,8256.54296875,8256.54296875,50633500,0.0,0.0
2015-01-02,8186.5712890625,8279.865548766915,8186.5712890625,8186.5712890625,76963200,0.0,0.0
2015-01-02,8233.219077354754,8326.513344520246,8233.219077354754,8279.8662109375,54748400,0.0,0.0
2015-01-02,8326.513338892371,8349.83690566798,8139.9248046875,8139.9248046875,63199400,0.0,0.0
2015-01-02,8139.92415083962,8209.894845545978,8116.6005859375,8116.6005859375,52450700,0.0,0.0
2015-01-02,8116.6015625,8256.54296875,8116.6015625,8256.54296875,51958200,0.0,0.0
2015-01-02,8209.895178571429,8233.218744419642,8139.924481026786,8163.248046875,64907600,0.0,0.0
2015-01-02,8163.248532317406,8186.572099552598,8023.30712890625,8023.30712890625,67027600,0.0,0.0
2015-01-02,8139.925130208334,8303.190104166668,8139.925130208334,8256.54296875,56050900,0.0,0.0
2015-01-02,8326.513019004564,8349.83658488413,8256.54232136587,8303.189453125,60414100,0.0,0.0
2015-01-02,8373.160161645374,8443.130859375,8349.836595735496,8443.130859375,84994200,0.0,0.0
2015-01-02,8396.483722144847,8419.807288039694,8303.189458565459,8373.16015625,60648200,0.0,0.0
2015-01-02,8349.83626844618,8396.4833984375,8303.189138454862,8396.4833984375,31829300,0.0,0.0
2015-01-02,8303.189138454862,8443.13052842882,8303.189138454862,8396.4833984375,46076800,0.0,0.0
2015-01-02,8349.836579320114,8396.483711048159,8233.21875,8233.21875,50754600,0.0,0.0
2015-01-02,8279.8662109375,8326.513344520246,8256.542644146128,8279.8662109375,20827700,0.0,0.0
2015-01-02,8303.190104166668,8349.837239583334,8279.866536458334,8326.513671875,37195700,0.0,0.0
2015-01-02,8373.160161645374,8443.130859375,8349.836595735496,8443.130859375,84977900,0.0,0.0
2015-01-02,8443.131510416668,8466.455078125,8349.837239583334,8466.455078125,48714300,0.0,0.0
2015-01-02,8419.807942708334,8466.455078125,8373.160807291668,8466.455078125,57050500,0.0,0.0
2015-01-02,8373.160478102993,8419.80761168574,8279.8662109375,8279.8662109375,49216000,0.0,0.0
2015-01-02,8233.218418914708,8303.189113693019,8186.5712890625,8186.5712890625,107614800,0.0,0.0
2015-01-02,8186.571943772007,8279.8662109375,8186.571943772007,8279.8662109375,40364800,0.0,0.0
2015-01-02,8256.54296875,8373.160807291668,8256.54296875,8326.513671875,55542100,0.0,0.0
2015-01-02,8326.513671875,8373.160807291668,8303.190104166668,8326.513671875,43631900,0.0,0.0
2015-01-02,8303.189777728874,8349.83691131162,8279.8662109375,8279.8662109375,35679000,0.0,0.0
2015-01-02,8279.8662109375,8349.83691131162,8256.542644146128,8279.8662109375,69070600,0.0,0.0
2015-01-02,8303.189453125,8349.83658488413,8303.189453125,8303.189453125,54715600,0.0,0.0
2015-01-02,8326.513024460306,8373.16015625,8303.189458565459,8373.16015625,205312100,0.0,0.0
2015-01-02,8326.51237342877,8373.159501571228,8303.188809357542,8349.8359375,80566400,0.0,0.0
2015-01-02,8389.675080969888,8459.979620754551,8366.240234375,8366.240234375,54747400,42.5,0.0
2015-01-02,8389.675358804425,8389.675358804425,8272.501121949614,8342.8056640625,94363900,0.0,0.0
2015-01-02,8295.936101740057,8389.675492720171,8249.06640625,8249.06640625,81852800,0.0,0.0
2015-01-02,8202.196435685199,8272.5009765625,8178.761588726098,8272.5009765625,91322500,0.0,0.0
2015-01-02,8249.065982142858,8295.935675223214,8202.1962890625,8202.1962890625,43891600,0.0,0.0
2015-01-02,8131.891749441965,8225.631135602678,8131.891749441965,8202.1962890625,78642800,0.0,0.0
2015-01-02,8155.32666015625,8202.196353605425,8155.32666015625,8155.32666015625,87589300,0.0,0.0
2015-01-02,8155.326447676513,8202.19613990454,8131.8916015625,8131.8916015625,51560500,0.0,0.0
2015-01-02,8225.631709146237,8483.4150390625,8202.196860972032,8483.4150390625,115332800,0.0,0.0
2015-01-02,8553.719591590447,8647.458984375,8506.849895198171,8647.458984375,275013500,0.0,0.0
2015-01-02,8624.0234375,8647.458283797554,8577.153744904892,8624.0234375,111712200,0.0,0.0
2015-01-02,8553.718354096283,8670.892578125,8553.718354096283,8670.892578125,65174500,0.0,0.0
2015-01-02,8670.893974714381,8717.763671875,8647.459126134072,8717.763671875,72938100,0.0,0.0
2015-01-02,8717.763394353218,8741.1982421875,8670.893698684651,8741.1982421875,88116700,0.0,0.0
2015-01-02,8694.328546518935,8764.633090021784,8694.328546518935,8741.1982421875,64449600,0.0,0.0
2015-01-02,8788.0673828125,8811.502229166666,8741.197690104167,8788.0673828125,64464700,0.0,0.0
2015-01-02,8741.198385035737,8834.937777904754,8741.198385035737,8811.5029296875,70184600,0.0,0.0
2015-01-02,8834.937777904754,8858.372626122007,8764.633233252993,8811.5029296875,79903400,0.0,0.0
2015-01-02,8811.502652519894,8834.9375,8764.632957559681,8834.9375,30545200,0.0,0.0
2015-01-02,8834.937353776737,8834.937353776737,8741.197965407753,8764.6328125,34603300,0.0,0.0
2015-01-02,8811.503071405014,8881.8076171875,8788.06822281085,8881.8076171875,56501800,0.0,0.0
2015-01-02,8905.242330287207,8998.981723237597,8881.807482049608,8975.546875,85290100,0.0,0.0
2015-01-02,8998.981723237597,9022.416571475196,8881.807482049608,8975.546875,50896000,0.0,0.0
2015-01-02,8998.982142857143,9022.4169921875,8975.547293526786,9022.4169921875,59848600,0.0,0.0
2015-01-02,9045.851700548103,9045.851700548103,8952.1123046875,8952.1123046875,52774900,0.0,0.0
2015-01-02,9022.416571475196,9045.851419712793,8975.546875,8975.546875,39381500,0.0,0.0
2015-01-02,9045.851008778995,9092.720703125,8998.98131443299,9092.720703125,68253400,0.0,0.0
2015-01-02,9139.59011989878,9139.59011989878,9045.850734053663,9116.1552734375,88399500,0.0,0.0
2015-01-02,9092.720703125,9139.590397471005,9069.285855951997,9092.720703125,44869200,0.0,0.0
2015-01-02,9139.5908203125,9139.5908203125,9045.851427283653,9139.5908203125,107706100,0.0,0.0
2015-01-02,9069.287109375,9139.591660610466,9022.417408551357,9069.287109375,71048900,0.0,0.0
2015-01-02,9163.026088169643,9163.026088169643,8998.982142857143,9022.4169921875,63176500,0.0,0.0
2015-01-02,8998.982142857143,9045.851841517857,8928.677594866072,9022.4169921875,52868300,0.0,0.0
2015-01-02,8858.372360229492,8998.9814453125,8858.372360229492,8998.9814453125,92348600,0.0,0.0
2015-01-02,8998.981299212597,8998.981299212597,8881.807063545768,8928.6767578125,84906000,0.0,0.0
2015-01-02,8858.373463199014,8975.54771535773,8858.373463199014,8905.2431640625,63212700,0.0,0.0
2015-01-02,8811.502506684492,8858.372200868984,8717.763118315508,8764.6328125,78977300,0.0,0.0
2015-01-02,8811.503210896597,8952.1123046875,8788.068361931446,8952.1123046875,73452800,0.0,0.0
2015-01-02,8905.242470854922,9045.8515625,8881.80762224741,9045.8515625,73136400,0.0,0.0
2015-01-02,9092.721398478403,9092.721398478403,8952.1123046875,8952.1123046875,102581200,0.0,0.0
2015-01-02,9045.851008778995,9116.155550298003,8975.546467259986,9092.720703125,104208700,0.0,0.0
2015-01-02,9163.025244644008,9186.46009181701,9022.416161605992,9092.720703125,99324000,0.0,0.0
2015-01-02,9069.28626795039,9069.28626795039,8928.677178524804,8975.546875,57983300,0.0,0.0
2015-01-02,9139.591238839286,9139.591238839286,9022.4169921875,9022.4169921875,87651000,0.0,0.0
2015-01-02,9092.720703125,9116.155550298003,9045.851008778995,9092.720703125,92953500,0.0,0.0
2015-01-02,9139.590267259247,9186.4599609375,9092.720573580995,9186.4599609375,87949400,0.0,0.0
2015-01-02,9139.59011989878,9186.459812821337,9092.720426976222,9116.1552734375,66072400,0.0,0.0
2015-01-02,9327.069469781092,9350.504317695115,9233.330078125,9233.330078125,164748900,0.0,0.0
2015-01-02,9350.504183515233,9373.939031092965,9256.764793204304,9327.0693359375,142277200,0.0,0.0
2015-01-02,9280.199495648734,9350.504037282437,9209.894954015032,9256.7646484375,53341300,0.0,0.0
2015-01-02,9233.331047381547,9397.375,9233.331047381547,9397.375,63997700,0.0,0.0
2015-01-02,9327.069059367168,9373.938753132832,9233.32967183584,9350.50390625,75371600,0.0,0.0
2015-01-02,9350.504037282437,9350.504037282437,9256.7646484375,9256.7646484375,66913000,0.0,0.0
2015-01-02,9280.200053673665,9303.634902294052,9186.460659192113,9209.8955078125,55192300,0.0,0.0
2015-01-02,9139.590267259247,9256.764501454878,9116.15542042012,9186.4599609375,41356000,0.0,0.0
2015-01-02,9139.590412381329,9280.199495648734,9139.590412381329,9256.7646484375,43735800,0.0,0.0
2015-01-02,9350.504604492187,9373.939453125,9280.20005859375,9373.939453125,54043100,0.0,0.0
2015-01-02,9373.938884493671,9373.938884493671,9233.329801226266,9256.7646484375,126671200,0.0,0.0
2015-01-02,9280.200053673665,9303.634902294052,9186.460659192113,9209.8955078125,51520600,0.0,0.0
2015-01-02,9186.460516826923,9209.895365084134,9139.5908203125,9139.5908203125,43822900,0.0,0.0
2015-01-02,9280.199348294005,9280.199348294005,9163.025114098373,9186.4599609375,61952900,0.0,0.0
2015-01-02,9280.199640782035,9373.939031092965,9163.025402893372,9327.0693359375,70242200,0.0,0.0
2015-01-02,9420.808738425927,9537.98297646605,9373.939043209877,9491.11328125,118369300,0.0,0.0
2015-01-02,9608.28822544643,9655.157924107143,9491.113978794643,9514.548828125,100947200,0.0,0.0
2015-01-02,9748.89703125,9748.89703125,9373.939453125,9373.939453125,141622600,0.0,0.0
2015-01-02,9420.80848025121,9678.591796875,9397.373633285411,9678.591796875,110681100,0.0,0.0
2015-01-02,9561.418526785714,9655.157924107143,9420.809430803572,9514.548828125,154176800,0.0,0.0
2015-01-02,9537.983677455357,9631.723074776786,9514.548828125,9514.548828125,62444100,0.0,0.0
2015-01-02,9514.548549792691,9608.287944371928,9514.548549792691,9537.9833984375,55004800,0.0,0.0
2015-01-02,9467.678433641975,9514.548128858025,9444.24358603395,9491.11328125,66269700,0.0,0.0
2015-01-02,9537.98297646605,9584.8526716821,9420.808738425927,9491.11328125,90279400,0.0,0.0
2015-01-02,9373.940284653467,9491.114538211634,9327.0705832302,9467.6796875,91968200,0.0,0.0
2015-01-02,9661.8759765625,9661.8759765625,9518.026706439981,9661.8759765625,66971000,227.5,0.0
2015-01-02,9637.900390625,9637.900390625,9542.000884250621,9637.900390625,65742700,0.0,0.0
2015-01-02,9613.926219854993,9661.8759765625,9589.95134150124,9661.8759765625,39514100,0.0,0.0
2015-01-02,9613.926219854993,9685.850854916253,9565.976463147488,9661.8759765625,79229700,0.0,0.0
2015-01-02,9661.875456059644,9685.850333121827,9422.126685437817,9446.1015625,79248700,0.0,0.0
2015-01-02,9518.026635988794,9542.00151416509,9398.152245107323,9494.0517578125,76763100,0.0,0.0
2015-01-02,9350.201617864173,9398.151369750656,9134.427734375,9134.427734375,177418400,0.0,0.0
2015-01-02,9182.37791481599,9446.1015625,9182.37791481599,9446.1015625,75993500,0.0,0.0
2015-01-02,9542.001341841604,9542.001341841604,9422.126953125,9422.126953125,70428600,0.0,0.0
2015-01-02,8966.60412887533,9182.378025024736,8870.704619475593,9086.478515625,283265900,0.0,0.0
2015-01-02,9158.40261031824,9278.276990034448,9134.427734375,9134.427734375,95620700,0.0,0.0
2015-01-02,9134.428270324868,9182.378025024736,9062.503638275066,9086.478515625,127134000,0.0,0.0
2015-01-02,8966.60412887533,9110.453392974934,8918.654374175461,9086.478515625,147784300,0.0,0.0
2015-01-02,9014.553267045454,9038.528142755682,8966.603515625,8966.603515625,128908000,0.0,0.0
2015-01-02,9014.553181233934,9374.176313464011,9014.553181233934,9326.2265625,178833000,0.0,0.0
2015-01-02,9422.12659243483,9542.0009765625,9350.201961958228,9542.0009765625,132832700,0.0,0.0
2015-01-02,9589.950647378517,9589.950647378517,9302.252127957161,9374.1767578125,104874100,0.0,0.0
2015-01-02,9302.25275974026,9422.127150974027,9230.328125,9230.328125,100932900,0.0,0.0
2015-01-02,9134.427731883769,9446.101119060906,9134.427731883769,9398.1513671875,90063500,0.0,0.0
2015-01-02,9637.900126554528,9637.900126554528,9398.1513671875,9398.1513671875,109623000,0.0,0.0
2015-01-02,9494.051609538612,9494.051609538612,9110.453564708769,9158.4033203125,97079400,0.0,0.0
2015-01-02,9350.20205425127,9446.1015625,9278.277423064721,9446.1015625,81200400,0.0,0.0
2015-01-02,9446.101119060906,9470.075994997607,9374.176491250797,9398.1513671875,53076200,0.0,0.0
2015-01-02,9302.251953125,9350.201705460697,9230.327324621456,9302.251953125,66746800,0.0,0.0
2015-01-02,9206.353,9302.252510416667,8990.5791015625,8990.5791015625,112808900,0.0,0.0
2015-01-02,8822.754347112861,9134.427734375,8822.754347112861,9134.427734375,145469900,0.0,0.0
2015-01-02,9230.327953718095,9278.277709321826,9134.428442510634,9158.4033203125,95363500,0.0,0.0
2015-01-02,9110.4541015625,9206.353618421053,9038.529463918587,9110.4541015625,54741900,0.0,0.0
2015-01-02,9182.377662658691,9278.277168273926,9134.427909851074,9206.3525390625,61126000,0.0,0.0
2015-01-02,9206.352884615386,9446.101657652243,9182.3780073117,9350.2021484375,99848500,0.0,0.0
2015-01-02,9302.252411774407,9398.151921174143,9086.478515625,9086.478515625,87890100,0.0,0.0
2015-01-02,9062.503734375,9182.378122395834,8990.5791015625,8990.5791015625,75311400,0.0,0.0
2015-01-02,9086.478072674901,9182.377577399702,8942.6288155877,9038.5283203125,121712700,0.0,0.0
2015-01-02,8918.654296875,8990.578928301411,8894.679419732864,8918.654296875,128578500,0.0,0.0
2015-01-02,8918.654296875,9014.553805443547,8918.654296875,8918.654296875,73945700,0.0,0.0
2015-01-02,8894.680058380294,8942.629816107412,8774.8056640625,8774.8056640625,117351600,0.0,0.0
2015-01-02,8630.9560546875,8870.704833984375,8415.182153320313,8630.9560546875,207115100,0.0,0.0
2015-01-02,8726.854845861486,8870.7041015625,8654.93021801098,8870.7041015625,756431600,0.0,0.0
2015-01-02,8966.603336632412,8966.603336632412,8846.728960474225,8894.6787109375,72197700,0.0,0.0
2015-01-02,9134.42764559659,9134.42764559659,8966.603515625,8966.603515625,75353100,0.0,0.0
2015-01-02,9110.453662367725,9110.453662367725,8918.654637896825,9062.50390625,82087300,0.0,0.0
2015-01-02,9134.428270324868,9134.428270324868,9062.503638275066,9086.478515625,44991300,0.0,0.0
2015-01-02,9110.45403610925,9110.45403610925,8942.6298828125,8942.6298828125,51599800,0.0,0.0
2015-01-02,9110.452858431758,9134.427734375,9062.503106545275,9134.427734375,45584700,0.0,0.0
2015-01-02,9158.403068296371,9158.403068296371,8918.654296875,8918.654296875,68690900,0.0,0.0
2015-01-02,8918.653853462838,8942.628729413007,8870.7041015625,8870.7041015625,49785700,0.0,0.0
2015-01-02,9086.478534200918,9086.478534200918,8822.7548828125,8822.7548828125,84652200,0.0,0.0
2015-01-02,8822.7548828125,8870.704637610394,8726.855373216713,8822.7548828125,52986300,0.0,0.0
2015-01-02,8870.705283149171,8870.705283149171,8678.90625,8678.90625,100051000,0.0,0.0
2015-01-02,8774.804682319298,9038.5283203125,8726.854929956897,9038.5283203125,81474800,0.0,0.0
2015-01-02,9086.478157043457,9278.277168273926,9014.553527832031,9206.3525390625,166841200,0.0,0.0
2015-01-02,9206.3525390625,9350.201797485352,9182.377662658691,9206.3525390625,79592300,0.0,0.0
2015-01-02,9206.3525390625,9206.3525390625,9062.503280639648,9206.3525390625,80029000,0.0,0.0
2015-01-02,9134.428980777138,9254.30337685033,9062.504343133223,9110.4541015625,77913200,0.0,0.0
2015-01-02,9182.3780073117,9350.2021484375,9158.403130008013,9350.2021484375,89150700,0.0,0.0
2015-01-02,9398.151979691436,9565.976122185926,9374.177102192223,9518.0263671875,166172300,0.0,0.0
2015-01-02,9446.101295490505,9494.051048259493,9422.126419106013,9470.076171875,68634600,0.0,0.0
2015-01-02,9589.951270517677,9589.951270517677,9446.102001459913,9494.0517578125,78848500,0.0,0.0
2015-01-02,9565.976293945312,9589.951171875,9518.026538085936,9589.951171875,55860200,0.0,0.0
2015-01-02,9565.976219584923,9589.951097328245,9422.126953125,9422.126953125,67054000,0.0,0.0
2015-01-02,9518.026099736966,9565.975853388034,9470.076346085898,9542.0009765625,36946900,0.0,0.0
2015-01-02,9589.95063743781,9637.900390625,9542.000884250621,9637.900390625,72903600,0.0,0.0
2015-01-02,9685.850854916253,9733.80061162376,9661.8759765625,9661.8759765625,61853200,0.0,0.0
2015-01-02,9757.775219001393,9805.72497437732,9637.900830561572,9685.8505859375,62325900,0.0,0.0
2015-01-02,9589.95134150124,9709.825733270007,9589.95134150124,9661.8759765625,55908400,0.0,0.0
2015-01-02,9637.901098208747,9685.850854916253,9613.926219854993,9661.8759765625,62646500,0.0,0.0
2015-01-02,9637.900390625,9661.875267218595,9542.000884250621,9637.900390625,36682600,0.0,0.0
2015-01-02,9565.975853388034,9613.925607039102,9542.0009765625,9542.0009765625,37192700,0.0,0.0
2015-01-02,9494.05087093431,9542.000622807716,9398.1513671875,9398.1513671875,90666000,0.0,0.0
2015-01-02,9398.15205368193,9685.8505859375,9398.15205368193,9685.8505859375,65383200,0.0,0.0
2015-01-02,9637.900564236112,9709.8251953125,9565.975933159722,9709.8251953125,53880300,0.0,0.0
2015-01-02,9709.825463625464,9733.800341313428,9685.8505859375,9685.8505859375,31285300,0.0,0.0
2015-01-02,9781.750268734644,9781.750268734644,9709.825634405714,9757.775390625,39321100,0.0,0.0
2015-01-02,9709.825733270007,9757.775489977512,9661.8759765625,9661.8759765625,24658000,0.0,0.0
2015-01-02,9805.723812955097,9877.6484375,9781.748938106795,9877.6484375,98088100,0.0,0.0
2015-01-02,9949.573776577634,9973.5486531477,9877.649146867434,9901.6240234375,75565800,0.0,0.0
2015-01-02,9973.548475609756,9997.523351753049,9757.774590320123,9829.69921875,69092500,0.0,0.0
2015-01-02,9877.649781173219,9877.649781173219,9757.775390625,9757.775390625,32122900,0.0,0.0
2015-01-02,9925.599438298357,9925.599438298357,9805.725048946928,9853.6748046875,82519900,0.0,0.0
2015-01-02,9781.750075301205,9949.57421875,9781.750075301205,9949.57421875,61176200,0.0,0.0
2015-01-02,9853.675616096049,9925.600255629595,9781.7509765625,9781.7509765625,55699900,0.0,0.0
2015-01-02,9589.95055379747,9733.799812104431,9470.076171875,9470.076171875,126328300,0.0,0.0
2015-01-02,9661.875805664062,9661.875805664062,9542.001416015624,9589.951171875,78473900,0.0,0.0
2015-01-02,9589.951075185643,9685.8505859375,9589.951075185643,9685.8505859375,52327400,0.0,0.0
2015-01-02,9733.799978988387,9805.724609375,9661.875348601772,9805.724609375,54162100,0.0,0.0
2015-01-02,9805.725417564656,9829.700296336207,9685.851023706897,9733.80078125,47062400,0.0,0.0
2015-01-02,9685.851457184435,9781.7509765625,9661.876577339921,9781.7509765625,40364100,0.0,0.0
2015-01-02,9829.698687803399,9877.6484375,9757.774063258496,9877.6484375,55207100,0.0,0.0
2015-01-02,9877.650495940563,9877.650495940563,9781.7509765625,9781.7509765625,47999100,0.0,0.0
2015-01-02,9781.749732579463,9877.649239761613,9757.774855783924,9805.724609375,33396600,0.0,0.0
2015-01-02,9877.649146867434,9901.6240234375,9829.6993937273,9901.6240234375,40731400,0.0,0.0
2015-01-02,9901.624463478916,9997.523974021084,9853.674708207831,9949.57421875,51054400,0.0,0.0
2015-01-02,9901.623932104316,10021.49831384892,9877.649055755395,9997.5234375,60304400,0.0,0.0
2015-01-02,10069.448066546762,10069.448066546762,9997.5234375,9997.5234375,84848800,0.0,0.0
2015-01-02,9925.598900007566,9973.5486531477,9805.724517157234,9901.6240234375,56611600,0.0,0.0
2015-01-02,9901.6240234375,9949.573776577634,9877.649146867434,9901.6240234375,46651600,0.0,0.0
2015-01-02,9853.674270297366,9949.573776577634,9829.6993937273,9901.6240234375,35145600,0.0,0.0
2015-01-02,9853.675616096049,9877.650495940563,9757.776096717984,9781.7509765625,60448400,0.0,0.0
2015-01-02,9877.64985280797,9925.599609375,9829.700096240942,9925.599609375,38489900,0.0,0.0
2015-01-02,10069.448254125917,10069.448254125917,9805.724609375,9805.724609375,53004700,0.0,0.0
2015-01-02,9901.6240234375,9901.6240234375,9781.749640587168,9901.6240234375,158403700,0.0,0.0
2015-01-02,9949.574316168644,9949.574316168644,9781.750171076643,9853.6748046875,72008600,0.0,0.0
2015-01-02,9901.624659282863,9901.624659282863,9733.800512515356,9757.775390625,50950200,0.0,0.0
2015-01-02,9733.799188410194,9877.6484375,9709.824313561892,9877.6484375,44817000,0.0,0.0
2015-01-02,9925.598723323172,9925.598723323172,9829.69921875,9829.69921875,39332900,0.0,0.0
2015-01-02,9805.723812955097,9877.6484375,9805.723812955097,9877.6484375,31541800,0.0,0.0
2015-01-02,9877.649682557785,9925.599438298357,9781.750171076643,9853.6748046875,36185100,0.0,0.0
2015-01-02,9925.599609375,9925.599609375,9853.674974524456,9925.599609375,55093100,0.0,0.0
2015-01-02,9997.5234375,9997.5234375,9925.598808453236,9997.5234375,64621300,0.0,0.0
2015-01-02,10021.49875540722,10069.44851021778,9949.574123191378,10045.4736328125,70759100,0.0,0.0
2015-01-02,9973.54856115108,9997.5234375,9901.623932104316,9997.5234375,70057100,0.0,0.0
2015-01-02,10021.498488653275,10069.4482421875,9925.598981584822,10069.4482421875,89745000,0.0,0.0
2015-01-02,10069.448851102941,10189.3232421875,10021.499094669118,10189.3232421875,65420200,0.0,0.0
2015-01-02,10261.247849770642,10453.046875,10213.298093463301,10453.046875,140886600,0.0,0.0
2015-01-02,10453.046258700697,10453.046258700697,10333.171875,10333.171875,142194600,0.0,0.0
2015-01-02,10285.222201412671,10500.99609375,10285.222201412671,10500.99609375,72553800,0.0,0.0
2015-01-02,10333.17160825376,10500.99574110243,10333.17160825376,10357.146484375,105191100,0.0,0.0
2015-01-02,10237.27253969254,10405.0966796875,10093.423276839718,10405.0966796875,158369100,0.0,0.0
2015-01-02,10429.072197174357,10429.072197174357,10237.273168260806,10261.248046875,84960100,0.0,0.0
2015-01-02,10069.448586047534,10309.19736190581,9973.549075704224,10213.2978515625,93027400,0.0,0.0
2015-01-02,10045.4732828579,10117.3979125681,9901.6240234375,9901.6240234375,144692100,0.0,0.0
2015-01-02,9973.549170616114,10117.3984375,9949.574292802134,10117.3984375,59797700,0.0,0.0
2015-01-02,9901.624104817709,10117.397995721727,9901.624104817709,10069.4482421875,86746200,0.0,0.0
2015-01-02,10021.4990234375,10093.423657577005,9973.549267344499,10021.4990234375,60887000,0.0,0.0
2015-01-02,9973.549000596659,10045.4736328125,9925.599245786098,10045.4736328125,58500400,0.0,0.0
2015-01-02,9925.598187196601,9949.573062044903,9829.698687803399,9877.6484375,91867900,0.0,0.0
2015-01-02,9781.74981219952,10069.44833608774,9733.800058218148,9973.548828125,99622900,0.0,0.0
2015-01-02,9973.54856115108,10093.422942895682,9973.54856115108,9997.5234375,56835200,0.0,0.0
2015-01-02,9997.523611886161,10069.4482421875,9973.548735119048,10069.4482421875,51080000,0.0,0.0
2015-01-02,10141.373239834338,10141.373239834338,9949.57421875,9949.57421875,44632100,0.0,0.0
2015-01-02,9949.573858351934,10069.4482421875,9949.573858351934,10069.4482421875,31738600,0.0,0.0
2015-01-02,10117.398607536765,10189.3232421875,10021.499094669118,10189.3232421875,66635200,0.0,0.0
2015-01-02,10261.247529460023,10285.222406865303,10045.4736328125,10045.4736328125,63255900,0.0,0.0
2015-01-02,10117.399470971737,10357.148273601399,10069.449710445804,10285.2236328125,66993300,0.0,0.0
2015-01-02,10429.070664516716,10429.070664516716,10285.221413971656,10309.1962890625,56299600,0.0,0.0
2015-01-02,10405.096599641392,10405.096599641392,10237.2724609375,10237.2724609375,36472500,0.0,0.0
2015-01-02,10045.473365420386,10165.347749255952,10045.473365420386,10069.4482421875,94799500,0.0,0.0
2015-01-02,10045.473708461708,10213.2978515625,10045.473708461708,10213.2978515625,48903000,0.0,0.0
2015-01-02,10285.222925489194,10405.097318560163,10261.248046875,10261.248046875,85341200,0.0,0.0
2015-01-02,10213.296788699128,10309.1962890625,10189.321913608284,10309.1962890625,34847500,0.0,0.0
2015-01-02,10381.122542471256,10381.122542471256,10165.3486328125,10165.3486328125,39061500,0.0,0.0
2015-01-02,10093.423118954614,10141.372872488839,10069.4482421875,10069.4482421875,49680100,0.0,0.0
2015-01-02,9853.674974524456,9973.549365942028,9853.674974524456,9925.599609375,114484100,0.0,0.0
2015-01-02,9901.623847179879,10045.473104039635,9829.69921875,9829.69921875,97553400,0.0,0.0
2015-01-02,9853.674179406475,9997.5234375,9853.674179406475,9997.5234375,47710000,0.0,0.0
2015-01-02,9997.523974021084,10069.448606927712,9877.649585843374,9949.57421875,49275700,0.0,0.0
2015-01-02,9877.649228050595,10141.372872488839,9877.649228050595,10069.4482421875,50296500,0.0,0.0
2015-01-02,10045.473901484002,10069.448779530503,9949.574389297997,10021.4990234375,50324900,0.0,0.0
2015-01-02,9901.624659282863,10021.499049831082,9757.775390625,9757.775390625,131579100,0.0,0.0
2015-01-02,9781.750368331266,9805.725246685019,9637.901098208747,9661.8759765625,92166100,0.0,0.0
2015-01-02,9398.151624689055,9637.900390625,9398.151624689055,9637.900390625,128707600,0.0,0.0
2015-01-02,9685.851023706897,9805.725417564656,9589.95150862069,9733.80078125,80378500,0.0,0.0
2015-01-02,9805.725417564656,9829.700296336207,9733.80078125,9733.80078125,62933100,0.0,0.0
2015-01-02,9709.825463625464,9757.775219001393,9637.900830561572,9685.8505859375,56381400,0.0,0.0
2015-01-02,9637.901000076781,9853.674903063575,9637.901000076781,9757.775390625,63598200,0.0,0.0
2015-01-02,9661.875805664062,9709.825561523438,9589.951171875,9589.951171875,65716200,0.0,0.0
2015-01-02,9494.051489688287,9613.92587718435,9494.051489688287,9518.0263671875,85295300,0.0,0.0
2015-01-02,9613.926219854993,9733.80061162376,9589.95134150124,9661.8759765625,58584400,0.0,0.0
2015-01-02,9637.781567258882,9637.781567258882,9493.21484375,9493.21484375,93181200,50.0,0.0
2015-01-02,9565.498205504442,9589.59265942259,9493.21484375,9493.21484375,58396100,0.0,0.0
2015-01-02,9589.59230555129,9830.536835841523,9541.403399493243,9806.4423828125,165369400,0.0,0.0
2015-01-02,9878.725781250001,9878.725781250001,9637.78125,9637.78125,62310100,0.0,0.0
2015-01-02,9613.686796875001,9710.064609375,9565.497890625,9637.78125,57443500,0.0,0.0
2015-01-02,9637.78125,9734.1590625,9589.59234375,9637.78125,76886000,0.0,0.0
2015-01-02,9637.781450320514,9685.970357572116,9396.8369140625,9396.8369140625,87879600,0.0,0.0
2015-01-02,9661.87593347886,9854.631563074448,9541.403664981617,9830.537109375,126087100,0.0,0.0
2015-01-02,9806.442655675552,9878.726016773897,9685.970387178308,9830.537109375,97876300,0.0,0.0
2015-01-02,9878.7255859375,9975.103396532011,9854.63113328887,9878.7255859375,96904400,0.0,0.0
2015-01-02,9734.159884848015,9806.44325032956,9685.970974526985,9710.0654296875,68247200,0.0,0.0
2015-01-02,9661.8756274532,9975.103515625,9637.78117451691,9975.103515625,64458400,0.0,0.0
2015-01-02,9951.009062688709,9975.103515625,9902.820156816124,9975.103515625,61230400,0.0,0.0
2015-01-02,9854.631098246402,10047.38671875,9854.631098246402,10047.38671875,37934300,0.0,0.0
2015-01-02,9926.914647957616,9999.198007044686,9806.4423828125,9806.4423828125,44780100,0.0,0.0
2015-01-02,9758.254066581156,9854.6318845227,9661.876248639614,9685.970703125,75126400,0.0,0.0
2015-01-02,9637.781366027228,9758.25363310257,9637.781366027228,9734.1591796875,57746100,0.0,0.0
2015-01-02,9589.593207465277,9685.971028645834,9541.404296875,9541.404296875,99845900,0.0,0.0
2015-01-02,9541.403200733419,9661.875463368942,9445.025390625,9445.025390625,84868500,0.0,0.0
2015-01-02,9348.64816497093,9420.931527071221,9204.08144077035,9324.5537109375,104254100,0.0,0.0
2015-01-02,9300.458984375,9396.836797684586,9276.364531047604,9300.458984375,91576900,0.0,0.0
2015-01-02,9348.64730858376,9493.214019541241,9348.64730858376,9420.9306640625,43292100,0.0,0.0
2015-01-02,9493.214728565705,9541.403635817307,9396.8369140625,9396.8369140625,32415700,0.0,0.0
2015-01-02,9445.025390625,9469.119843152104,9372.742033043687,9445.025390625,24016700,0.0,0.0
2015-01-02,9445.02598110465,9469.120435138082,9324.5537109375,9324.5537109375,56350100,0.0,0.0
2015-01-02,9300.459743923611,9541.404296875,9300.459743923611,9541.404296875,38124800,0.0,0.0
2015-01-02,9493.21484375,9565.498205504442,9469.120389831853,9493.21484375,41916000,0.0,0.0
2015-01-02,9493.214889171511,9517.30934320494,9300.459256904069,9324.5537109375,41593900,0.0,0.0
2015-01-02,9324.55304195374,9372.74194656332,9179.986328125,9179.986328125,71318600,0.0,0.0
2015-01-02,9324.5537109375,9420.931527071221,9228.175894803779,9324.5537109375,55943100,0.0,0.0
2015-01-02,9396.83702807741,9517.309297668147,9372.742574159263,9493.21484375,42733800,0.0,0.0
2015-01-02,9445.025546272494,9565.497810893316,9372.7421875,9372.7421875,72531300,0.0,0.0
2015-01-02,9276.36480287064,9372.74261900436,9276.36480287064,9324.5537109375,88270100,0.0,0.0
2015-01-02,9252.26968503937,9372.74194656332,9179.986328125,9179.986328125,70942600,0.0,0.0
2015-01-02,9228.17531788106,9445.025390625,9204.080865353955,9445.025390625,77098000,0.0,0.0
2015-01-02,9493.214728565705,9565.498089443108,9396.8369140625,9396.8369140625,76979000,0.0,0.0
2015-01-02,9396.837565104166,9541.404296875,9300.459743923611,9541.404296875,71033100,0.0,0.0
2015-01-02,9493.214331371753,9517.308783989449,9276.3642578125,9276.3642578125,112111200,0.0,0.0
2015-01-02,9252.270234986945,9324.55359619778,9204.081327513055,9228.17578125,124547900,0.0,0.0
2015-01-02,9300.459416707356,9324.553871154785,9228.17605336507,9252.2705078125,90154800,0.0,0.0
2015-01-02,9252.2705078125,9396.83723449707,9252.2705078125,9252.2705078125,120515400,0.0,0.0
2015-01-02,9276.36417164522,9300.458624039104,9011.3251953125,9011.3251953125,152057000,0.0,0.0
2015-01-02,8818.5693359375,8939.04159462517,8818.5693359375,8818.5693359375,154645800,0.0,0.0
2015-01-02,8914.948459201389,9155.893012152777,8890.85400390625,9107.7041015625,112982800,0.0,0.0
2015-01-02,9059.514100100267,9059.514100100267,8890.852933343082,9011.3251953125,90439900,0.0,0.0
2015-01-02,9011.325229904633,9059.514134877385,8842.6640625,8842.6640625,94607700,0.0,0.0
2015-01-02,8770.381132277398,8842.664493257706,8770.381132277398,8794.4755859375,98229900,0.0,0.0
2015-01-02,8746.286722023393,8770.381175803073,8529.436638006286,8625.814453125,171477800,0.0,0.0
2015-01-02,8625.813957010361,9011.3251953125,8505.341695040943,9011.3251953125,131162200,0.0,0.0
2015-01-02,8698.09707724983,8914.947142887637,8698.09707724983,8818.5693359375,76209100,0.0,0.0
2015-01-02,8698.098199681473,8770.381564221763,8674.00374483471,8746.287109375,71188300,0.0,0.0
2015-01-02,8625.813722037226,8818.5693359375,8625.813722037226,8818.5693359375,121172600,0.0,0.0
2015-01-02,8770.380740017361,8818.569645182291,8674.0029296875,8674.0029296875,90439700,0.0,0.0
2015-01-02,8674.00363422702,8746.286997845578,8625.81472514798,8649.9091796875,116274500,0.0,0.0
2015-01-02,8649.90814552614,8987.23046875,8649.90814552614,8987.23046875,89096400,0.0,0.0
2015-01-02,8987.231172295027,9228.175707745295,8914.947811659946,8963.13671875,107318300,0.0,0.0
2015-01-02,8890.853444701466,8914.947898481145,8625.814453125,8625.814453125,154438200,0.0,0.0
2015-01-02,8649.908477105035,8698.097382269965,8625.81402452257,8674.0029296875,119260800,0.0,0.0
2015-01-02,8625.81402452257,8674.0029296875,8601.719571940104,8674.0029296875,106054700,0.0,0.0
2015-01-02,8601.7197265625,8649.908632593662,8553.530820531338,8601.7197265625,108530300,0.0,0.0
2015-01-02,8577.626139783995,8674.00396157932,8505.3427734375,8505.3427734375,101592700,0.0,0.0
2015-01-02,8481.247774216525,8577.62558983262,8408.96441250445,8457.1533203125,117843500,0.0,0.0
2015-01-02,8481.24697580645,8481.24697580645,8192.113556176686,8216.2080078125,199991600,0.0,0.0
2015-01-02,8216.208871360348,8360.775596369622,8119.8310546875,8119.8310546875,293095000,0.0,0.0
2015-01-02,8288.492409446022,8577.625865589489,8240.30350008878,8481.248046875,192944300,0.0,0.0
2015-01-02,8577.625430349577,8601.719883805616,8360.775349245234,8529.4365234375,125418500,0.0,0.0
2015-01-02,8505.341761610243,8842.664097764757,8505.341761610243,8674.0029296875,155207900,0.0,0.0
2015-01-02,8866.759270543176,8866.759270543176,8649.9091796875,8649.9091796875,96270100,0.0,0.0
2015-01-02,8674.003085609243,8674.003085609243,8601.7197265625,8601.7197265625,82295300,0.0,0.0
2015-01-02,8433.058555453432,8649.908632593662,8408.96410243785,8601.7197265625,97652100,0.0,0.0
2015-01-02,8625.814179578081,8722.191991640406,8553.530820531338,8601.7197265625,109295600,0.0,0.0
2015-01-02,8698.097771297089,8794.4755859375,8649.908863976883,8794.4755859375,87968900,0.0,0.0
2015-01-02,8818.570361464137,8842.664816003657,8649.9091796875,8649.9091796875,83030700,0.0,0.0
2015-01-02,8481.2475,8601.719765625001,8433.05859375,8433.05859375,111397800,0.0,0.0
2015-01-02,8433.058911700582,8457.153365734011,8240.30327943314,8288.4921875,151365700,0.0,0.0
2015-01-02,8192.114022496235,8240.302928510919,7782.508321371423,7999.3583984375,417305700,0.0,0.0
2015-01-02,7999.3581843562315,8095.735993806306,7927.074827268675,8023.45263671875,214108200,0.0,0.0
2015-01-02,8143.925451842351,8168.019905841885,8047.5476358442165,8071.64208984375,152917300,0.0,0.0
2015-01-02,8220.656441604035,8220.656441604035,7848.119140625,7848.119140625,377916400,250.0,0.0
2015-01-02,7773.611911605739,8046.805940448114,7574.925345174922,7897.791015625,331836800,0.0,0.0
2015-01-02,8021.970098080842,8096.477560292119,7947.462635869565,7997.13427734375,136341700,0.0,0.0
2015-01-02,8245.49226768695,8593.193748854472,8220.656447603555,8469.0146484375,283104600,0.0,0.0
2015-01-02,8369.671251723346,8518.686170151654,8319.999612247242,8444.1787109375,122943900,0.0,0.0
2015-01-02,7351.402645196946,7947.462319131832,7227.22354646051,7723.93994140625,533073600,0.0,0.0
2015-01-02,7649.43269420347,7897.7908985607255,7624.596873767745,7872.955078125,136753900,0.0,0.0
2015-01-02,8444.17888606573,8593.193807584537,8121.313222774981,8170.98486328125,144148600,0.0,0.0
2015-01-02,8146.148791540785,8270.32788897281,7997.133874622356,8220.65625,82603000,0.0,0.0
2015-01-02,8195.821010044643,8344.8359375,8195.821010044643,8344.8359375,83319300,0.0,0.0
2015-01-02,8518.6865234375,8543.52234420554,8394.507419597303,8518.6865234375,83431800,0.0,0.0
2015-01-02,8444.178592828172,8493.850231609513,8369.671134656157,8419.3427734375,76874900,0.0,0.0
2015-01-02,8394.507071461398,8444.1787109375,8295.16379250919,8444.1787109375,83540600,0.0,0.0
2015-01-02,8444.17874623494,8444.17874623494,8245.4921875,8245.4921875,40683800,0.0,0.0
2015-01-02,8270.32797277114,8444.1787109375,8270.32797277114,8444.1787109375,56537100,0.0,0.0
2015-01-02,8493.850432037965,8667.701171875,8493.850432037965,8667.701171875,92329600,0.0,0.0
2015-01-02,8791.880064297566,8791.880064297566,8419.3427734375,8419.3427734375,143675300,0.0,0.0
2015-01-02,8593.194103152253,8593.194103152253,8518.686639830124,8543.5224609375,58297000,0.0,0.0
2015-01-02,8692.537226228633,8717.373046875,8593.193943643162,8717.373046875,73235400,0.0,0.0
2015-01-02,8742.208631805157,8767.044451781876,8642.865351898281,8667.701171875,60315700,0.0,0.0
2015-01-02,8742.209100566572,8866.38820710871,8618.029994024433,8767.044921875,164597500,0.0,0.0
2015-01-02,8940.89539084262,8940.89539084262,8791.88046766191,8916.0595703125,92219000,0.0,0.0
2015-01-02,8940.89539084262,8990.567031902856,8916.0595703125,8916.0595703125,86385600,0.0,0.0
2015-01-02,8990.56726649065,8990.56726649065,8916.059802956197,8965.7314453125,48860500,0.0,0.0
2015-01-02,9015.4033203125,9040.239142131542,8940.895854855373,9015.4033203125,77382000,0.0,0.0
2015-01-02,9015.402852432973,9139.581955083566,8866.387929252263,8916.0595703125,99614500,0.0,0.0
2015-01-02,8990.567149522569,8990.567149522569,8916.059686957466,8940.8955078125,47167500,0.0,0.0
2015-01-02,9189.254022068733,9238.925665431267,9089.910735343665,9214.08984375,149002900,0.0,0.0
2015-01-02,9214.08984375,9338.268952156333,9189.254022068733,9214.08984375,101401300,0.0,0.0
2015-01-02,9238.9248046875,9263.76062405494,9164.417346585182,9238.9248046875,63007500,0.0,0.0
2015-01-02,9214.088954564144,9437.611328125,9189.253135279605,9437.611328125,111597200,0.0,0.0
2015-01-02,9437.612188736808,9611.46293958196,9412.7763671875,9412.7763671875,160614800,0.0,0.0
2015-01-02,9636.298828125,9661.134649846972,9487.28389779317,9636.298828125,169739200,0.0,0.0
2015-01-02,9735.641879857512,9735.641879857512,9586.626953125,9586.626953125,103113000,0.0,0.0
2015-01-02,9611.462890625,9636.298712047803,9561.791247779393,9611.462890625,48521800,0.0,0.0
2015-01-02,9536.955194805196,9586.626836444806,9437.611911525975,9561.791015625,56625300,0.0,0.0
2015-01-02,9487.283714657739,9536.955357142857,9387.9404296875,9387.9404296875,93212000,0.0,0.0
2015-01-02,9387.940195935838,9487.283478432513,9338.2685546875,9338.2685546875,236950800,0.0,0.0
2015-01-02,8965.730822888048,9114.74573961195,8965.730822888048,9040.23828125,264428700,0.0,0.0
2015-01-02,8990.5673828125,9065.074847310947,8891.224096814572,8990.5673828125,128318100,0.0,0.0
2015-01-02,9040.238672963093,9065.07449349321,8891.223749782383,8916.0595703125,93357200,0.0,0.0
2015-01-02,8940.895154936974,8990.566794686625,8841.551875437675,8866.3876953125,95529000,0.0,0.0
2015-01-02,8916.059183980082,9040.23828125,8891.223364526099,9040.23828125,80406400,0.0,0.0
2015-01-02,9040.239025811465,9065.074847310947,8990.5673828125,8990.5673828125,56632600,0.0,0.0
2015-01-02,8940.895119863015,9065.07421875,8940.895119863015,9065.07421875,41337300,0.0,0.0
2015-01-02,9040.238908846952,9065.074730025104,8916.059802956197,8965.7314453125,83318000,0.0,0.0
2015-01-02,8866.3876953125,8940.895154936974,8841.551875437675,8866.3876953125,57825000,0.0,0.0
2015-01-02,8916.060033036329,9040.239142131542,8916.060033036329,9015.4033203125,54927900,0.0,0.0
2015-01-02,8891.223396901334,8965.730855534586,8841.5517578125,8841.5517578125,86270200,0.0,0.0
2015-01-02,8841.552150106838,8866.387970753205,8692.537226228633,8717.373046875,78879500,0.0,0.0
2015-01-02,8642.865234375,8816.715971848062,8568.357775457975,8642.865234375,445915100,0.0,0.0
2015-01-02,8518.686755548008,8642.86586277174,8444.179291213768,8568.3583984375,87324500,0.0,0.0
2015-01-02,8667.701405582266,8791.880508814102,8642.865584935897,8717.373046875,110158900,0.0,0.0
2015-01-02,8667.701566474383,8717.373208689136,8419.343355400619,8543.5224609375,117561000,0.0,0.0
2015-01-02,8469.015227036669,8593.1943359375,8469.015227036669,8593.1943359375,117281700,0.0,0.0
2015-01-02,8518.686019677594,8767.04421267111,8493.850200378243,8618.029296875,185441800,0.0,0.0
2015-01-02,8692.536873653018,8717.372693292025,8543.521955818966,8642.865234375,82364500,0.0,0.0
2015-01-02,8518.686019677594,8618.029296875,8518.686019677594,8618.029296875,68545100,0.0,0.0
2015-01-02,8642.865745367006,8692.537387581759,8543.5224609375,8543.5224609375,50370800,0.0,0.0
2015-01-02,8593.1943359375,8642.865979497832,8493.851048816836,8593.1943359375,43593300,0.0,0.0
2015-01-02,8568.3583984375,8593.194219882245,8493.85093410326,8568.3583984375,49936900,0.0,0.0
2015-01-02,8493.850350413602,8543.521989889707,8369.671251723346,8444.1787109375,215611000,0.0,0.0
2015-01-02,8444.1787109375,8493.850350413602,8394.507071461398,8444.1787109375,94459300,0.0,0.0
2015-01-02,8469.014997615372,8593.194103152253,8444.179176507994,8543.5224609375,111769400,0.0,0.0
2015-01-02,8518.686755548008,8618.030041326992,8518.686755548008,8568.3583984375,135986500,0.0,0.0
2015-01-02,8593.193748854472,8618.029568937867,8394.507188187317,8469.0146484375,125196000,0.0,0.0
2015-01-02,8543.522226790936,8543.522226790936,8419.343124657347,8493.8505859375,77219300,0.0,0.0
2015-01-02,8493.850468520894,8543.522108687683,8444.178828354105,8469.0146484375,97475300,0.0,0.0
2015-01-02,8444.178828354105,8493.850468520894,8444.178828354105,8469.0146484375,86016400,0.0,0.0
2015-01-02,8493.850982937685,8518.686804525221,8369.671875,8369.671875,80432200,0.0,0.0
2015-01-02,8394.5078125,8444.179456360947,8320.00034670858,8394.5078125,95383500,0.0,0.0
2015-01-02,8394.50757998512,8419.34340122768,8344.8359375,8344.8359375,77981700,0.0,0.0
2015-01-02,8394.507696587536,8444.179339762612,8344.836053412462,8369.671875,70969500,0.0,0.0
2015-01-02,8419.342891199449,8493.850350413602,8394.507071461398,8444.1787109375,138256800,0.0,0.0
2015-01-02,8444.179456360947,8469.015278291421,8394.5078125,8394.5078125,58682800,0.0,0.0
2015-01-02,8568.357809627758,8568.357809627758,8419.342891199449,8444.1787109375,99484300,0.0,0.0
2015-01-02,8444.179222470239,8444.179222470239,8320.00011625744,8344.8359375,104240300,0.0,0.0
2015-01-02,8419.34328358209,8419.34328358209,8270.328358208955,8320.0,98098100,0.0,0.0
2015-01-02,8295.163708459215,8319.99952794562,8195.820430513595,8220.65625,206006300,0.0,0.0
2015-01-02,8344.835466867471,8369.671286709337,8245.4921875,8245.4921875,86196100,0.0,0.0
2015-01-02,8270.32788897281,8295.163708459215,8220.65625,8220.65625,49054500,0.0,0.0
2015-01-02,8295.164410237388,8394.507696587536,8270.32858864985,8369.671875,69475900,0.0,0.0
2015-01-02,8369.671286709337,8369.671286709337,8245.4921875,8245.4921875,56325400,0.0,0.0
2015-01-02,8270.328007341868,8295.163827183735,8245.4921875,8245.4921875,43621300,0.0,0.0
2015-01-02,8270.328007341868,8344.835466867471,8245.4921875,8245.4921875,68378700,0.0,0.0
2015-01-02,8444.178945084064,8493.8505859375,8369.671483803912,8493.8505859375,128561300,0.0,0.0
2015-01-02,8568.358464645127,8816.716681011652,8518.686821371823,8791.880859375,171015700,0.0,0.0
2015-01-02,8916.05933506215,8916.05933506215,8667.7011363139,8866.3876953125,129083900,0.0,0.0
2015-01-02,8866.387970753205,8891.223791399572,8692.537226228633,8717.373046875,122930900,0.0,0.0
2015-01-02,8767.044332570043,8791.880152209053,8642.865234375,8642.865234375,68754200,0.0,0.0
2015-01-02,8543.521989889707,8543.521989889707,8394.507071461398,8444.1787109375,128591700,0.0,0.0
2015-01-02,8319.999727937133,8543.522108687683,8295.16390785374,8469.0146484375,202260200,0.0,0.0
2015-01-02,8493.8505859375,8518.686406364217,8444.178945084064,8493.8505859375,69470200,0.0,0.0
2015-01-02,8518.686922152367,8518.686922152367,8394.5078125,8394.5078125,66394100,0.0,0.0
2015-01-02,8469.014412218841,8493.850231609513,8419.3427734375,8419.3427734375,64052700,0.0,0.0
2015-01-02,8394.506865530302,8419.34268465909,8195.8203125,8195.8203125,326794200,0.0,0.0
2015-01-02,8195.820547816265,8295.163827183735,8146.148908132531,8245.4921875,111915700,0.0,0.0
2015-01-02,8295.163945195196,8319.99976539039,8220.65648460961,8270.328125,81281400,0.0,0.0
2015-01-02,8195.820962533862,8220.656783632448,8021.97021484375,8021.97021484375,236499300,0.0,0.0
