Date,Open,High,Low,Close,Volume,Dividends,Stock Splits
2015-01-02,1285.7539934899073,1308.066293983937,1285.7539934899073,1299.69921875,49671357,0.0,0.0
2015-01-02,1294.120849609375,1305.2771477727545,1291.3317750685303,1294.120849609375,54526841,0.0,0.0
2015-01-02,1288.542464263265,1296.9096863516033,1282.9644660096164,1285.7535400390625,71601886,0.0,0.0
2015-01-02,1294.1207938988798,1313.6441650390625,1291.3317194781016,1313.6441650390625,160783727,0.0,0.0
2015-01-02,1316.4331728169154,1335.95654296875,1316.4331728169154,1335.95654296875,161332636,0.0,0.0
2015-01-02,1341.5347900390625,1349.901863686967,1333.1675665858897,1341.5347900390625,147933855,0.0,0.0
2015-01-02,1316.4331288415815,1333.1674241548237,1308.0659062823343,1310.85498046875,98847157,0.0,0.0
2015-01-02,1305.2771887723932,1322.0114867378265,1305.2771887723932,1319.222412109375,86738698,0.0,0.0
2015-01-02,1313.6440546551657,1327.5892757819922,1310.85498046875,1310.85498046875,88165422,0.0,0.0
2015-01-02,1305.2772216796875,1316.433370669475,1302.4881469809206,1305.2772216796875,163544774,0.0,0.0
2015-01-02,1299.6990108099285,1322.0114575394655,1288.5427125425238,1291.331787109375,160613224,0.0,0.0
2015-01-02,1294.120849609375,1305.2771477727545,1291.3317750685303,1294.120849609375,102499770,0.0,0.0
2015-01-02,1294.12099334722,1296.910068197847,1263.4414696008987,1282.96484375,305800881,0.0,0.0
2015-01-02,1296.9099816911269,1299.6990563557165,1269.0193848505082,1274.5975341796875,238037511,0.0,0.0
2015-01-02,1282.964733791272,1291.3318078207506,1269.0193607333495,1280.1756591796875,179535751,0.0,0.0
2015-01-02,1294.120866563424,1324.800537109375,1294.120866563424,1324.800537109375,185410952,0.0,0.0
2015-01-02,1316.433313377223,1333.167611036254,1299.6990157181922,1324.800537109375,200738617,0.0,0.0
2015-01-02,1330.378662109375,1341.5349614725922,1324.800662233054,1330.378662109375,136142751,0.0,0.0
2015-01-02,1330.3785943580292,1330.3785943580292,1302.4881469809206,1305.2772216796875,162863863,0.0,0.0
2015-01-02,1310.8552212719412,1310.8552212719412,1299.6990722821538,1305.2772216796875,102927127,0.0,0.0
2015-01-02,1305.276989241162,1313.6440620422077,1299.6988408369627,1302.4879150390625,147868954,0.0,0.0
2015-01-02,1302.48816245087,1308.066162109375,1294.1209382551901,1308.066162109375,74154480,0.0,0.0
2015-01-02,1310.85498046875,1319.2222030279972,1308.0659062823343,1310.85498046875,102041612,0.0,0.0
2015-01-02,1324.8004627221753,1330.378461758467,1308.066016197506,1313.6441650390625,214824910,0.0,0.0
2015-01-02,1310.8552212719412,1313.644295970708,1296.909997583387,1305.2772216796875,142598763,0.0,0.0
2015-01-02,1313.6444440100927,1313.6444440100927,1296.910143736922,1299.69921875,194154453,0.0,0.0
2015-01-02,1294.1206924327637,1316.4331362443074,1294.1206924327637,1302.4879150390625,143648731,0.0,0.0
2015-01-02,1296.910143736922,1316.4335190231704,1296.910143736922,1299.69921875,155653238,0.0,0.0
2015-01-02,1308.0661465731744,1310.8552212719412,1299.6990722821538,1305.2772216796875,115794600,0.0,0.0
2015-01-02,1305.2771648729602,1327.589461881486,1305.2771648729602,1324.800537109375,227360177,0.0,0.0
2015-01-02,1335.9568966616987,1341.535046697676,1330.3787466257213,1338.7459716796875,263997959,0.0,0.0
2015-01-02,1338.7457155546715,1344.3238645234535,1330.3784921014988,1341.5347900390625,296563472,0.0,0.0
2015-01-02,1335.9568966616987,1341.535046697676,1335.9568966616987,1338.7459716796875,138546843,0.0,0.0
2015-01-02,1366.6361804691678,1405.6829199222723,1363.8471062503384,1391.737548828125,546873345,0.0,0.0
2015-01-02,1397.3158495218197,1427.9953696613752,1394.5267749990837,1419.6282958984375,205554500,0.0,0.0
2015-01-02,1419.6281856342302,1422.4172599403357,1388.9485180723307,1416.839111328125,195699430,0.0,0.0
2015-01-02,1416.8393342241982,1450.3079315521984,1416.8393342241982,1427.9954833984375,238958777,0.0,0.0
2015-01-02,1439.1515994377826,1441.940673828125,1427.9953018764127,1441.940673828125,117731733,0.0,0.0
2015-01-02,1441.9409056300444,1450.3079803408737,1433.573681113928,1444.72998046875,116841818,0.0,0.0
2015-01-02,1455.8860438080121,1455.8860438080121,1436.3626708984375,1436.3626708984375,103315434,0.0,0.0
2015-01-02,1436.3627559526335,1444.72998046875,1433.573681113928,1444.72998046875,114639580,0.0,0.0
2015-01-02,1422.4174473359635,1447.5188197873608,1422.4174473359635,1436.3626708984375,92189292,0.0,0.0
2015-01-02,1433.5733760029123,1439.151524493112,1427.9952275127127,1430.7843017578125,117220774,0.0,0.0
2015-01-02,1433.5733642578125,1436.3624384800617,1425.2062913963189,1433.5733642578125,90490312,0.0,0.0
2015-01-02,1436.362722513524,1458.6751708984375,1430.7845729659746,1458.6751708984375,96560217,0.0,0.0
2015-01-02,1450.3077471938893,1450.3077471938893,1433.5734506570975,1441.940673828125,98470400,0.0,0.0
2015-01-02,1433.573596224887,1461.464193155113,1430.7845215513364,1436.3626708984375,91844436,0.0,0.0
2015-01-02,1427.995215813314,1436.3624384800617,1419.6281429518203,1433.5733642578125,150966057,0.0,0.0
2015-01-02,1433.5735840985212,1450.3078821929928,1430.784509448563,1439.1517333984375,75197298,0.0,0.0
2015-01-02,1450.307803779518,1453.0968782786797,1422.4173583984377,1422.4173583984375,135312787,0.0,0.0
2015-01-02,1411.2611367041334,1450.3078821929928,1411.2611367041334,1439.1517333984375,78571607,0.0,0.0
2015-01-02,1439.1515994377826,1450.3077471938893,1439.1515994377826,1441.940673828125,66427397,0.0,0.0
2015-01-02,1427.995305777345,1447.5186767578125,1405.6830102041797,1447.5186767578125,95450848,0.0,0.0
2015-01-02,1455.885986328125,1461.4641354549947,1444.729837879658,1455.885986328125,100387733,0.0,0.0
2015-01-02,1430.784509448563,1453.096956842951,1430.784509448563,1439.1517333984375,149571783,0.0,0.0
2015-01-02,1439.1517333984375,1447.5188075430347,1436.3626587484794,1439.1517333984375,118939004,0.0,0.0
2015-01-02,1444.7298619137337,1455.886010547791,1441.9407873039006,1450.307861328125,116933669,0.0,0.0
2015-01-02,1450.3078169165299,1478.1984123555146,1447.5187423921045,1467.0421142578125,121217143,0.0,0.0
2015-01-02,1455.8859503446236,1480.987470989859,1453.096875850123,1464.253173828125,117552430,0.0,0.0
2015-01-02,1472.2193202211993,1497.8976033813622,1472.2193202211993,1492.1912841796875,136639960,53.599255,0.0
2015-01-02,1483.6317038756092,1506.4568258733711,1480.7785444699687,1486.48486328125,144405544,0.0,0.0
2015-01-02,1506.4568789036425,1515.016357421875,1497.8975536327785,1515.016357421875,211002894,0.0,0.0
2015-01-02,1515.016563598384,1534.988529611515,1480.7787981134525,1483.6319580078125,212229965,0.0,0.0
2015-01-02,1503.6039240209436,1506.4570839153039,1480.7787981134525,1483.6319580078125,125102960,0.0,0.0
2015-01-02,1483.6317038756092,1495.0443414981717,1480.7785444699687,1486.48486328125,102198365,0.0,0.0
2015-01-02,1497.8977154546983,1512.1633612788735,1492.1913958260743,1503.6038818359375,126392733,0.0,0.0
2015-01-02,1500.7505995091713,1506.456918671965,1489.3381144309565,1495.04443359375,105140366,0.0,0.0
2015-01-02,1495.0444437805247,1503.6037693356634,1486.4849649780126,1492.1912841796875,43622903,0.0,0.0
2015-01-02,1486.48486328125,1500.7505070620898,1483.6317038756092,1486.48486328125,60428993,0.0,0.0
2015-01-02,1483.6319580078125,1489.3382777965328,1477.9257914664818,1483.6319580078125,136079500,0.0,0.0
2015-01-02,1480.7787981134525,1486.4851179021728,1477.9257914664818,1483.6319580078125,94192426,0.0,0.0
2015-01-02,1495.0444437805247,1495.0444437805247,1477.925639422874,1492.1912841796875,80791995,0.0,0.0
2015-01-02,1497.8975830078125,1500.7505893224713,1489.3381043217216,1497.8975830078125,75442053,0.0,0.0
2015-01-02,1497.897757479613,1503.6039240209436,1480.7787981134525,1483.6319580078125,99767323,0.0,0.0
2015-01-02,1472.2192010766191,1500.75048828125,1469.3660417066837,1500.75048828125,109599293,0.0,0.0
2015-01-02,1503.6036277771516,1506.456787109375,1495.0443030278407,1506.456787109375,48140131,0.0,0.0
2015-01-02,1489.3382360117623,1503.6038818359375,1483.6319163831383,1503.6038818359375,100332182,0.0,0.0
2015-01-02,1497.8974908548112,1497.8974908548112,1483.6316939223136,1489.3380126953125,207800189,0.0,0.0
2015-01-02,1492.1914273757966,1495.0445872504336,1475.072621375363,1477.92578125,164811446,0.0,0.0
2015-01-02,1472.21918566561,1472.21918566561,1369.5062156599313,1372.359375,497780047,0.0,0.0
2015-01-02,1346.681122386494,1378.0655692897278,1335.268638034599,1355.2406005859375,342672968,0.0,0.0
2015-01-02,1355.2405460479235,1363.7998706555572,1283.9120236650745,1326.7091064453125,376079995,0.0,0.0
2015-01-02,1323.8559471603157,1372.3593485105475,1315.296622552682,1326.7091064453125,258526465,0.0,0.0
2015-01-02,1301.0308261276984,1358.0935520855637,1301.0308261276984,1326.7091064453125,232215660,0.0,0.0
2015-01-02,1343.8280019581161,1366.6531245712051,1326.7091983101413,1335.2686767578125,234983858,0.0,0.0
2015-01-02,1332.415406953705,1343.827890691633,1323.855929214743,1340.9747314453125,178719536,0.0,0.0
2015-01-02,1332.415425015306,1338.121590337943,1321.002787875319,1326.7091064453125,163944631,0.0,0.0
2015-01-02,1326.7093402122748,1338.121826115792,1326.7093402122748,1329.5625,147337094,0.0,0.0
2015-01-02,1335.2686777231954,1346.6811624143072,1335.2686777231954,1343.8280029296875,94399780,0.0,0.0
2015-01-02,1340.9747755066028,1389.4781777930532,1338.121616166534,1372.359375,186576422,0.0,0.0
2015-01-02,1383.7719524194654,1389.478271484375,1369.5063080045609,1389.478271484375,81381055,0.0,0.0
2015-01-02,1398.037842913668,1400.8908493881972,1340.9749549702442,1346.6812744140625,146280526,0.0,0.0
2015-01-02,1335.2687387702404,1369.50634765625,1335.2687387702404,1369.50634765625,53435622,0.0,0.0
2015-01-02,1378.0657442908994,1400.890869140625,1363.800098727589,1400.890869140625,139255805,0.0,0.0
2015-01-02,1415.1563739811809,1432.2751757505446,1400.8905781339192,1423.7156982421875,130016195,0.0,0.0
2015-01-02,1432.2753411234917,1455.1004638671875,1409.450218379796,1455.1004638671875,217056849,0.0,0.0
2015-01-02,1455.1004935482433,1455.1004935482433,1418.0097258009253,1437.981689453125,134274919,0.0,0.0
2015-01-02,1423.715962631911,1429.422282030502,1403.7439979842216,1409.4503173828125,120460330,0.0,0.0
2015-01-02,1392.3313819505674,1426.5689886387406,1392.3313819505674,1412.3033447265625,81987166,0.0,0.0
2015-01-02,1372.3596506378115,1406.5972631005268,1363.8001708984375,1363.8001708984375,160967980,0.0,0.0
2015-01-02,1369.506388481562,1378.065714334533,1349.534423828125,1349.534423828125,160285968,0.0,0.0
2015-01-02,1335.2686777231954,1355.2406408681668,1335.2686777231954,1343.8280029296875,347453101,0.0,0.0
2015-01-02,1338.1217041015625,1343.8280231566923,1326.7092192386722,1338.1217041015625,180903074,0.0,0.0
2015-01-02,1329.5622280771076,1338.1215524423412,1283.9119873046875,1283.9119873046875,310101956,0.0,0.0
2015-01-02,1286.7652882383532,1292.4716072752603,1263.9401653380928,1269.646484375,208206646,0.0,0.0
2015-01-02,1255.3808437323382,1289.6185302734375,1255.3808437323382,1289.6185302734375,109962849,0.0,0.0
2015-01-02,1298.1778723050338,1298.1778723050338,1241.1151373158616,1255.380859375,183136663,0.0,0.0
2015-01-02,1241.1150117999255,1241.1150117999255,1175.4928808612171,1195.46484375,399282146,0.0,0.0
2015-01-02,1195.464919843326,1218.2900436329871,1172.639796053665,1186.905517578125,209898475,0.0,0.0
2015-01-02,1195.4646719917528,1198.3178310298467,1149.8144338769373,1155.520751953125,232668318,0.0,0.0
2015-01-02,1152.6679606731395,1189.758733507465,1146.9617174000496,1184.052490234375,166243671,0.0,0.0
2015-01-02,1181.1991925625532,1181.1991925625532,1158.3741455078125,1158.3741455078125,139372957,0.0,0.0
2015-01-02,1169.7866071640854,1209.7305344850283,1155.5209626201404,1204.0242919921875,181513585,0.0,0.0
2015-01-02,1215.4369295578413,1258.2340191115657,1209.73061008471,1255.380859375,191224552,0.0,0.0
2015-01-02,1243.9681584949283,1252.5275601275591,1215.4367941782648,1229.7025146484375,132440637,0.0,0.0
2015-01-02,1235.4085905511047,1261.0867919921875,1235.4085905511047,1261.0867919921875,142452460,0.0,0.0
2015-01-02,1272.4996075458905,1278.2059267634095,1235.4088391267642,1249.674560546875,104511705,0.0,0.0
2015-01-02,1249.67454487671,1255.3807873989892,1223.996261967238,1232.5556640625,154971226,0.0,0.0
2015-01-02,1226.8494085743764,1238.2619701220085,1172.6397603790456,1175.492919921875,322983178,0.0,0.0
2015-01-02,1169.7864418819036,1175.4927601921695,1149.8144810433225,1164.0802001953125,381805594,0.0,0.0
2015-01-02,1158.3740774204555,1195.46484375,1158.3740774204555,1195.46484375,216146583,0.0,0.0
2015-01-02,1175.493087012892,1189.758733507465,1164.0805238430157,1184.052490234375,105070514,0.0,0.0
2015-01-02,1178.346013919246,1192.6116575924962,1172.6396951510012,1181.1990966796875,216465588,0.0,0.0
2015-01-02,1181.1991687734528,1209.7305344850283,1181.1991687734528,1204.0242919921875,149727986,0.0,0.0
2015-01-02,1215.436905064139,1241.1151123046875,1204.0243429715545,1241.1151123046875,179726054,0.0,0.0
2015-01-02,1243.9682155014395,1243.9682155014395,1215.4368498772878,1235.4088134765625,124158044,0.0,0.0
2015-01-02,1209.7305647440985,1223.9962862685586,1181.199198318866,1186.905517578125,115791299,0.0,0.0
2015-01-02,1186.905442029619,1204.0242454703807,1186.905442029619,1195.46484375,114379425,0.0,0.0
2015-01-02,1181.199239143826,1204.0243637223757,1164.0804340217587,1166.93359375,138749796,0.0,0.0
2015-01-02,1155.5209563694402,1181.1991623838483,1155.5209563694402,1175.492919921875,104666807,0.0,0.0
2015-01-02,1186.905442029619,1206.877404918402,1181.1991231335767,1195.46484375,104557905,0.0,0.0
2015-01-02,1175.4928808612171,1201.1710860223595,1175.4928808612171,1195.46484375,68977791,0.0,0.0
2015-01-02,1186.905432091222,1201.1710759645111,1184.0522726670913,1198.3179931640625,136384205,0.0,0.0
2015-01-02,1195.4646719917528,1195.4646719917528,1155.520751953125,1155.520751953125,194819965,0.0,0.0
2015-01-02,1178.346013919246,1184.0522560638099,1161.2271342381925,1181.1990966796875,264081011,0.0,0.0
2015-01-02,1181.1994293615035,1186.9057497369188,1169.786865234375,1169.786865234375,129274782,0.0,0.0
2015-01-02,1164.0802854419842,1175.4928462745936,1144.1083231408381,1152.667724609375,249506859,0.0,0.0
2015-01-02,1152.6677938328953,1152.6677938328953,1115.5770263671875,1115.5770263671875,186627573,0.0,0.0
2015-01-02,1107.0175907399796,1118.430075287436,1072.7799072265625,1072.7799072265625,198727232,0.0,0.0
2015-01-02,1087.045587803847,1095.6050664380057,1078.4861857933734,1084.1925048828125,198551779,0.0,0.0
2015-01-02,1098.4582587140392,1107.0177382003212,1061.3674874349215,1067.07373046875,189127366,0.0,0.0
2015-01-02,1069.9269104003906,1144.1085309761188,1069.9269104003906,1141.25537109375,245988448,0.0,0.0
2015-01-02,1155.5210459682025,1192.61181640625,1141.2553237715813,1192.61181640625,275629010,0.0,0.0
2015-01-02,1184.0523579484955,1195.464919843326,1164.0803937884639,1186.905517578125,185481353,0.0,0.0
2015-01-02,1175.492932344963,1232.5556640625,1175.492932344963,1232.5556640625,134355770,0.0,0.0
2015-01-02,1232.5555974435265,1241.1149990761573,1221.1430363921247,1229.7025146484375,195384824,0.0,0.0
2015-01-02,1218.290013159818,1221.1430960943958,1201.1711324339242,1204.0242919921875,58920317,0.0,0.0
2015-01-02,1181.1991588450865,1206.87744140625,1175.4929164002083,1206.87744140625,61042804,0.0,0.0
2015-01-02,1226.849439919409,1229.7025995351341,1158.3741455078125,1158.3741455078125,89054788,0.0,0.0
2015-01-02,1124.1365053327854,1144.1084702010673,1101.3113807336947,1107.0177001953125,255966171,0.0,0.0
2015-01-02,1107.017630758243,1172.6397640849043,1107.017630758243,1144.1083984375,227895886,0.0,0.0
2015-01-02,1155.521031460725,1166.93359375,1146.9616288996915,1166.93359375,77277434,0.0,0.0
2015-01-02,1158.3741817811494,1164.0804245675981,1118.43017578125,1118.43017578125,128873275,0.0,0.0
2015-01-02,1135.5490930267288,1149.814738752417,1118.4302108827342,1129.8427734375,85629879,0.0,0.0
2015-01-02,1118.4302526894753,1129.8428156708408,1104.1646064305398,1109.870849609375,139306956,0.0,0.0
2015-01-02,1084.1925048828125,1089.8987473485665,1075.6331028723391,1084.1925048828125,177506215,0.0,0.0
2015-01-02,1049.9547773892446,1064.2204979072542,1029.9828146382406,1044.24853515625,248510242,0.0,0.0
2015-01-02,1055.6611393066723,1112.723870458953,1055.6611393066723,1084.1925048828125,258717318,0.0,0.0
2015-01-02,1112.7237548828125,1115.5769141311807,1061.3672715305695,1112.7237548828125,239235982,0.0,0.0
2015-01-02,1146.9615066481215,1198.3179931640625,1144.108347223991,1198.3179931640625,247086817,0.0,0.0
2015-01-02,1215.4368840033576,1232.5556885337596,1186.905517578125,1186.905517578125,234548251,0.0,0.0
2015-01-02,1175.4929710587926,1218.290059568273,1175.4929710587926,1212.583740234375,204396730,0.0,0.0
2015-01-02,1186.9054071072028,1204.0242100442765,1152.667724609375,1152.667724609375,128265515,0.0,0.0
2015-01-02,1141.2550802015985,1172.6396010370365,1126.9894376732834,1164.0802001953125,120962489,0.0,0.0
2015-01-02,1172.6397903390646,1175.4929499547898,1152.667826276362,1158.3741455078125,94235877,0.0,0.0
2015-01-02,1141.2551736527062,1164.0802955154438,1135.5489314988622,1149.8145751953125,106662242,0.0,0.0
2015-01-02,1146.9615513857423,1149.8146342974762,1115.5770263671875,1115.5770263671875,88421727,0.0,0.0
2015-01-02,1112.7240776376175,1141.2554485260282,1107.0178341094152,1132.696044921875,87639063,0.0,0.0
2015-01-02,1146.9617686779302,1152.6680122061325,1126.9898013936727,1132.696044921875,186908078,0.0,0.0
2015-01-02,1115.5771236648156,1118.430206825388,1098.4582415829236,1101.3114013671875,136625659,0.0,0.0
2015-01-02,1112.7239071240879,1115.5770667628212,1095.6051025390625,1095.6051025390625,69257196,0.0,0.0
2015-01-02,1109.8708145742316,1109.8708145742316,1087.0456893320184,1098.458251953125,81844163,0.0,0.0
2015-01-02,1092.752008954418,1098.458251953125,1087.0456893320184,1098.458251953125,83015683,0.0,0.0
2015-01-02,1101.3113451928416,1109.8707474853543,1092.7519429003291,1095.6051025390625,55606510,0.0,0.0
2015-01-02,1109.8707136864036,1146.961557989346,1095.6050691745443,1144.1083984375,114613729,0.0,0.0
2015-01-02,1146.9615513857423,1149.8146342974762,1115.5770263671875,1115.5770263671875,126506585,0.0,0.0
2015-01-02,1095.6050104231017,1101.311252597113,1084.1924494513976,1087.0455322265625,132395536,0.0,0.0
2015-01-02,1087.0456960226893,1095.6051755089713,1058.5143276061608,1067.07373046875,175062523,0.0,0.0
2015-01-02,1049.9547949639639,1049.9547949639639,1001.4514669887476,1004.3046264648438,379040696,0.0,0.0
2015-01-02,992.8920737397796,992.8920737397796,950.0949877242945,975.773193359375,456977593,0.0,0.0
2015-01-02,970.0672564094685,972.9204168084736,947.2421264648438,947.2421264648438,230983639,0.0,0.0
2015-01-02,918.7104957962707,955.8012641309182,910.1510936131741,952.9481811523438,333299706,0.0,0.0
2015-01-02,964.3609229142758,992.8922943905742,955.8014425100552,987.1859741210938,412974083,0.0,0.0
2015-01-02,995.7451171875,1004.3045953506081,981.4794734963486,995.7451171875,169041569,0.0,0.0
2015-01-02,987.1856591350061,995.745060184436,975.773098861207,990.038818359375,124785605,0.0,0.0
2015-01-02,992.8921744972766,1044.2486676027165,992.8921744972766,1041.3955078125,182334199,0.0,0.0
2015-01-02,1058.5142421138112,1098.4581699955636,1058.5142421138112,1078.4862060546875,327137950,0.0,0.0
2015-01-02,1098.4581909812803,1124.136474609375,1078.4862266588457,1124.136474609375,258875171,0.0,0.0
2015-01-02,1141.2555039645483,1144.1086641790966,1124.136695924665,1138.40234375,219113334,0.0,0.0
2015-01-02,1152.667803061877,1206.8774515504508,1149.814643503614,1204.0242919921875,275471158,0.0,0.0
2015-01-02,1212.5837002989933,1238.2619832084654,1209.7305407260108,1232.5556640625,189487072,0.0,0.0
2015-01-02,1221.14309334786,1221.14309334786,1144.1083984375,1144.1083984375,224369225,0.0,0.0
2015-01-02,1181.198953424955,1204.0240724823627,1152.6675929150313,1155.520751953125,147112140,0.0,0.0
2015-01-02,1164.080358374243,1189.7585643886512,1161.2271988314137,1175.492919921875,95461298,0.0,0.0
2015-01-02,1189.758544921875,1195.464863914167,1181.1991430571209,1189.758544921875,84685512,0.0,0.0
2015-01-02,1184.052373435951,1218.290059568273,1178.3461307257417,1212.583740234375,107579108,0.0,0.0
2015-01-02,1221.1430960943958,1232.555657703763,1204.0242919921875,1204.0242919921875,101230348,0.0,0.0
2015-01-02,1221.1431884765625,1221.1431884765625,1204.024383079279,1221.1431884765625,77972646,0.0,0.0
2015-01-02,1243.968247026336,1278.2059326171875,1238.262004406371,1278.2059326171875,151021608,0.0,0.0
2015-01-02,1318.1497599628526,1335.2687173789827,1315.2967536408694,1323.8560791015625,239808542,0.0,0.0
2015-01-02,1312.4435940715143,1323.8560791015625,1295.324789902756,1323.8560791015625,130301100,0.0,0.0
2015-01-02,1306.7372620431574,1312.4435811255805,1249.674530961039,1266.7933349609375,152041876,0.0,0.0
2015-01-02,1255.3808546928612,1261.08709752102,1212.5837652987555,1226.8494873046875,212824525,0.0,0.0
2015-01-02,1198.3180596194525,1232.5556681130145,1192.6117404547347,1201.171142578125,193973500,0.0,0.0
2015-01-02,1181.1992955478831,1198.3181781110932,1164.0804896083669,1172.639892578125,164033733,0.0,0.0
2015-01-02,1204.024383079279,1241.1151536479572,1192.6118206065262,1221.1431884765625,230369279,0.0,0.0
2015-01-02,1255.380550546504,1266.7931100615426,1252.5273915118266,1261.0867919921875,164273537,0.0,0.0
2015-01-02,1243.9681788308392,1252.5275806033958,1221.1430563548993,1223.9962158203125,112339440,0.0,0.0
2015-01-02,1246.821473196179,1252.5277161207098,1218.2901053261428,1221.1431884765625,62716483,0.0,0.0
2015-01-02,1221.1430858302874,1226.8494048988505,1204.0242818719685,1206.87744140625,60820600,0.0,0.0
2015-01-02,1186.9055735018162,1215.4369412713677,1181.1992539736914,1192.61181640625,112798148,0.0,0.0
2015-01-02,1186.905442029619,1204.0242454703807,1172.639721413196,1195.46484375,91353277,0.0,0.0
2015-01-02,1192.6117404547347,1215.4368638662334,1192.6117404547347,1201.171142578125,106905896,0.0,0.0
2015-01-02,1195.4649000370935,1218.2900234485924,1192.6117404547347,1201.171142578125,91799335,0.0,0.0
2015-01-02,1175.4929362079536,1204.024302160484,1166.933534084563,1201.171142578125,112637545,0.0,0.0
2015-01-02,1215.4367757640327,1246.8212990239822,1215.4367757640327,1243.9681396484375,109649893,0.0,0.0
2015-01-02,1263.9402053432987,1263.9402053432987,1229.702596532932,1249.674560546875,141030685,0.0,0.0
2015-01-02,1249.6745050322957,1258.233906854651,1235.4087842459141,1252.527587890625,118788301,0.0,0.0
2015-01-02,1198.3181243858278,1255.380859375,1198.3181243858278,1255.380859375,82598226,0.0,0.0
2015-01-02,1252.5276996384341,1272.4996645470135,1249.6746165255588,1255.380859375,57231788,0.0,0.0
2015-01-02,1241.114831996788,1263.9399510268652,1241.114831996788,1261.0867919921875,44904425,0.0,0.0
2015-01-02,1275.3527686279567,1309.5904541015625,1266.793366415477,1309.5904541015625,115113688,0.0,0.0
2015-01-02,1312.4436137136179,1323.8560989144662,1295.3248092886588,1309.5904541015625,129617438,0.0,0.0
2015-01-02,1301.0310158301143,1309.5904949331562,1283.9122108714096,1289.6185302734375,106859145,0.0,0.0
2015-01-02,1263.940121178961,1295.3247215380773,1229.7025146484375,1229.7025146484375,385544559,0.0,0.0
2015-01-02,1258.2337843379585,1289.6183057130781,1258.2337843379585,1283.9119873046875,204488582,0.0,0.0
2015-01-02,1286.765380859375,1292.4717003070216,1278.2059783115951,1286.765380859375,111897232,0.0,0.0
2015-01-02,1275.3528185877717,1289.6185405831984,1275.3528185877717,1286.765380859375,77578839,0.0,0.0
2015-01-02,1272.4996486910431,1289.6185302734375,1269.6465656137186,1289.6185302734375,113487310,0.0,0.0
2015-01-02,1278.2056695765812,1298.177552948309,1258.2337095811815,1261.0867919921875,88164322,0.0,0.0
2015-01-02,1243.9681396484375,1255.3807005269355,1238.2618975210287,1243.9681396484375,129087229,0.0,0.0
2015-01-02,1243.9681396484375,1243.9681396484375,1243.9681396484375,1243.9681396484375,0,0.0,0.0
2015-01-02,1232.5557098911713,1249.6745913418924,1229.7026268357918,1241.1151123046875,114144021,0.0,0.0
2015-01-02,1241.1150559519187,1246.8213750509601,1232.5556539270417,1235.4088134765625,114291424,0.0,0.0
2015-01-02,1212.5837198246486,1223.9962816766642,1189.7585961206173,1218.2900390625,160776577,0.0,0.0
2015-01-02,1215.4369250246798,1226.8494873046875,1206.8775224705967,1226.8494873046875,99525869,0.0,0.0
2015-01-02,1241.114985176445,1295.32470703125,1238.261902413309,1295.32470703125,163196068,0.0,0.0
2015-01-02,1318.1497802734375,1323.8560995000728,1312.4436142941763,1318.1497802734375,161731393,0.0,0.0
2015-01-02,1281.0590413168889,1292.471680033162,1241.1151123046875,1241.1151123046875,144885702,0.0,0.0
2015-01-02,1241.1150523374044,1269.646494502149,1241.1150523374044,1266.7933349609375,60442193,0.0,0.0
2015-01-02,1261.0867919921875,1266.7931100615426,1246.8211500661432,1261.0867919921875,80111633,0.0,0.0
2015-01-02,1261.0870158785144,1269.646494502149,1252.5276138785653,1266.7933349609375,35937620,0.0,0.0
2015-01-02,1255.380834111449,1306.7373252176712,1252.527674432301,1301.031005859375,110588210,0.0,0.0
2015-01-02,1295.3248397484565,1303.8841655385231,1292.4716800693084,1301.031005859375,64666266,0.0,0.0
2015-01-02,1306.7373149301236,1315.2967939001817,1303.8841552734375,1303.8841552734375,145578164,0.0,0.0
2015-01-02,1301.0309752653957,1323.8560989144662,1278.2059282400123,1309.5904541015625,110418807,0.0,0.0
2015-01-02,1321.0028076171875,1349.5342476461897,1321.0028076171875,1321.0028076171875,118849352,0.0,0.0
2015-01-02,1301.0308343442962,1343.8279173948174,1301.0308343442962,1315.296630859375,115640047,0.0,0.0
2015-01-02,1295.3246241214688,1315.2965853034834,1283.9119873046875,1283.9119873046875,78404404,0.0,0.0
2015-01-02,1283.9121516253358,1335.2687173789827,1283.9121516253358,1323.8560791015625,117153123,0.0,0.0
2015-01-02,1301.0308938084204,1315.296690975523,1286.7652498886823,1298.177734375,124503450,0.0,0.0
2015-01-02,1309.5904345021593,1338.121723700966,1303.8841153634492,1323.8560791015625,128978327,0.0,0.0
2015-01-02,1332.4155578096277,1335.2687173789827,1321.0029195322074,1323.8560791015625,75355151,0.0,0.0
2015-01-02,1295.3247709301972,1343.8280231566923,1295.3247709301972,1338.1217041015625,175249526,0.0,0.0
2015-01-02,1312.4437465595188,1329.562552717248,1306.7374267578125,1306.7374267578125,112145287,0.0,0.0
2015-01-02,1306.7373252176712,1315.2968042551156,1295.3248397484565,1301.031005859375,68989341,0.0,0.0
2015-01-02,1292.4717598465181,1312.4437255859375,1292.4717598465181,1312.4437255859375,67445464,0.0,0.0
2015-01-02,1301.0310320415995,1309.5905112512967,1255.380859375,1255.380859375,101954711,0.0,0.0
2015-01-02,1278.2059002246326,1286.7653022495094,1226.8494114516857,1235.4088134765625,169901784,0.0,0.0
2015-01-02,1266.7934160399918,1286.765380859375,1246.8214512206087,1286.765380859375,142360058,0.0,0.0
2015-01-02,1301.0309956167514,1303.8841552734375,1286.7653505806975,1303.8841552734375,101288099,0.0,0.0
2015-01-02,1301.0310158301143,1301.0310158301143,1278.205968093071,1289.6185302734375,72482451,0.0,0.0
2015-01-02,1301.0308938084204,1306.7372126752614,1289.618409322103,1298.177734375,89068538,0.0,0.0
2015-01-02,1286.765146508883,1295.3246241214688,1281.0588281004923,1283.9119873046875,97870340,0.0,0.0
2015-01-02,1283.9123641431831,1295.3250043096648,1258.2341536396948,1281.0592041015625,256297276,0.0,0.0
2015-01-02,1295.3250043096648,1295.3250043096648,1269.646717182478,1281.0592041015625,91888437,0.0,0.0
2015-01-02,1266.7934113048482,1278.2059735337925,1258.2340087890625,1258.2340087890625,66356996,0.0,0.0
2015-01-02,1255.3805675887454,1258.2337266621555,1241.114848845367,1246.8211669921875,169675730,0.0,0.0
2015-01-02,1261.0870768460566,1301.031005859375,1261.0870768460566,1301.031005859375,165717312,0.0,0.0
2015-01-02,1326.7090877916896,1403.7437744140625,1323.8559285468084,1403.7437744140625,512537352,0.0,0.0
2015-01-02,1380.9185964875535,1380.9185964875535,1346.6809934622358,1366.6529541015625,135980498,0.0,0.0
2015-01-02,1349.5343218989271,1369.5062850438985,1340.9748434450676,1343.8280029296875,101815558,0.0,0.0
2015-01-02,1338.1216441870506,1366.6530849378328,1338.1216441870506,1355.2406005859375,173954254,0.0,0.0
2015-01-02,1352.387593857881,1369.5063989419561,1338.1217952483348,1346.6812744140625,158189332,0.0,0.0
2015-01-02,1358.0936067383893,1363.7999255380182,1346.681122386494,1355.2406005859375,107813962,0.0,0.0
2015-01-02,1355.2408548614958,1366.653341354646,1355.2408548614958,1360.947021484375,83554143,0.0,0.0
2015-01-02,1360.947010985313,1363.8001708984375,1352.3876844933293,1363.8001708984375,84647562,0.0,0.0
2015-01-02,1369.50634765625,1375.2126668863764,1355.2407028283085,1369.50634765625,135121933,0.0,0.0
2015-01-02,1295.3249404017895,1326.709392816395,1283.9123007983767,1306.7374267578125,366381128,0.0,0.0
2015-01-02,1306.7372349304542,1306.7372349304542,1249.6745050322957,1252.527587890625,284593615,0.0,0.0
2015-01-02,1255.3809660603865,1258.234126039421,1201.1713095772188,1209.730712890625,300350287,0.0,0.0
2015-01-02,1209.730560205723,1229.7026009145156,1201.171157972633,1218.2900390625,284699217,0.0,0.0
2015-01-02,1221.1431841758015,1223.996343939864,1189.7586566421876,1192.61181640625,195037218,0.0,0.0
2015-01-02,1201.1712373353319,1238.2620849609375,1198.3181541515871,1238.2620849609375,217515007,0.0,0.0
2015-01-02,1238.2620989316163,1263.9403076171875,1235.4089390919885,1263.9403076171875,204357679,0.0,0.0
2015-01-02,1255.380875894821,1266.7934383675738,1215.4369455520318,1221.1431884765625,162947464,0.0,0.0
2015-01-02,1243.9681860682697,1263.9401491949934,1243.9681860682697,1252.527587890625,177538116,0.0,0.0
2015-01-02,1272.49951171875,1278.205830506548,1246.8213070447039,1272.49951171875,145946120,0.0,0.0
2015-01-02,1275.3526887786827,1298.177734375,1263.9401276686829,1298.177734375,105861428,0.0,0.0
2015-01-02,1312.4436445759675,1312.4436445759675,1298.1778461802269,1301.031005859375,110993017,0.0,0.0
2015-01-02,1306.7373248316487,1312.4436441882592,1272.4996385630518,1292.4716796875,151970924,0.0,0.0
2015-01-02,1283.912226869586,1283.912226869586,1246.8214567889931,1255.380859375,262774188,0.0,0.0
2015-01-02,1255.380859375,1255.380859375,1255.380859375,1255.380859375,0,0.0,0.0
2015-01-02,1255.380859375,1255.380859375,1255.380859375,1255.380859375,0,0.0,0.0
2015-01-02,1269.646627296443,1275.3528703520058,1258.234064561625,1263.9403076171875,119004455,0.0,0.0
2015-01-02,1255.380550546504,1263.9399510268652,1246.8211500661432,1261.0867919921875,132047380,0.0,0.0
2015-01-02,1266.7934216975725,1275.3528242835791,1255.380859375,1255.380859375,162228602,0.0,0.0
2015-01-02,1266.7933248565464,1278.2058863066766,1261.087005819639,1269.646484375,259153476,0.0,0.0
2015-01-02,1266.7932695546335,1283.9120726706644,1263.9401101607345,1272.49951171875,130951761,0.0,0.0
2015-01-02,1275.3529052734375,1278.20606519119,1266.7935021438755,1275.3529052734375,151479216,0.0,0.0
2015-01-02,1275.3528185877717,1286.765380859375,1272.4996588639485,1286.765380859375,140720480,0.0,0.0
2015-01-02,1292.4717003070216,1292.4717003070216,1283.9122211355516,1286.765380859375,112620495,0.0,0.0
2015-01-02,1289.618458043259,1289.618458043259,1261.0870158785144,1266.7933349609375,54560392,0.0,0.0
2015-01-02,1266.7933086770065,1269.6464681590194,1246.8213455502826,1252.527587890625,104528755,0.0,0.0
2015-01-02,1252.5275492088203,1278.205830506548,1252.5275492088203,1272.49951171875,162989815,0.0,0.0
2015-01-02,1261.0870669178994,1303.8841552734375,1261.0870669178994,1303.8841552734375,174889820,0.0,0.0
2015-01-02,1325.7844433790774,1325.7844433790774,1290.5865991112425,1302.3192138671875,133941613,56.664707,0.0
2015-01-02,1290.5865991112425,1305.2523872493025,1290.5865991112425,1302.3192138671875,65779486,0.0,0.0
2015-01-02,1302.3192138671875,1311.1186552410172,1296.4528671029573,1302.3192138671875,87672614,0.0,0.0
2015-01-02,1308.1854248046875,1311.1185980588773,1302.3191570688198,1308.1854248046875,92484097,0.0,0.0
2015-01-02,1305.2523872493025,1311.1186552410172,1290.5865991112425,1302.3192138671875,107075849,0.0,0.0
2015-01-02,1290.5865668153158,1299.3860079689464,1264.1882433544238,1267.121337890625,196905601,0.0,0.0
2015-01-02,1267.121337890625,1267.121337890625,1267.121337890625,1267.121337890625,0,0.0,0.0
2015-01-02,1231.9235249749033,1255.3886742070601,1220.1909109725696,1246.5892333984375,133667708,0.0,0.0
2015-01-02,1246.5892333984375,1246.5892333984375,1246.5892333984375,1246.5892333984375,0,0.0,0.0
2015-01-02,1246.5892333984375,1246.5892333984375,1246.5892333984375,1246.5892333984375,0,0.0,0.0
2015-01-02,1246.5892333984375,1246.5892333984375,1246.5892333984375,1246.5892333984375,0,0.0,0.0
2015-01-02,1246.5892333984375,1246.5892333984375,1246.5892333984375,1246.5892333984375,0,0.0,0.0
2015-01-02,1246.5892333984375,1246.5892333984375,1246.5892333984375,1246.5892333984375,0,0.0,0.0
2015-01-02,1190.8595381553318,1231.923652011807,1193.7926328789956,1228.990478515625,263211446,0.0,0.0
2015-01-02,1258.3219674187878,1258.3219674187878,1231.9236424750632,1255.3887939453125,227710533,0.0,0.0
2015-01-02,1255.3886542051382,1281.7870549829147,1249.522386683693,1278.8538818359375,221574077,0.0,0.0
2015-01-02,1272.9876955732693,1275.920790134966,1220.1909694200458,1231.923583984375,296180665,0.0,0.0
2015-01-02,1226.0570791788841,1226.0570791788841,1179.1267057471705,1196.7255859375,185677707,0.0,0.0
2015-01-02,1190.8593187982249,1211.391371944444,1187.9261458423352,1196.7255859375,156014044,0.0,0.0
2015-01-02,1208.4582499633475,1228.9903039756432,1199.6588094970075,1217.2576904296875,171253157,0.0,0.0
2015-01-02,1211.3916122659832,1217.2578805690362,1202.5920916526245,1214.32470703125,86244789,0.0,0.0
2015-01-02,1226.057201682083,1226.057201682083,1193.7925322610404,1205.525146484375,66241494,0.0,0.0
2015-01-02,1220.1909801975623,1237.7898628132434,1208.4583655296033,1234.856689453125,160901979,0.0,0.0
2015-01-02,1231.923669485448,1234.8567642507148,1196.7258233495713,1214.32470703125,126440583,0.0,0.0
2015-01-02,1214.3246651726824,1217.2578386093603,1176.1937255859375,1176.1937255859375,170279091,0.0,0.0
2015-01-02,1173.2606059824761,1187.9263950662653,1170.3274324112144,1179.126953125,133962513,0.0,0.0
2015-01-02,1173.2606201171875,1187.926409377661,1170.3274465105885,1173.2606201171875,175368879,0.0,0.0
2015-01-02,1170.3273957673102,1179.1269162055758,1155.6616859152368,1161.5279541015625,158341134,0.0,0.0
2015-01-02,1161.5280656918171,1167.3944132142522,1143.9291806695628,1158.594970703125,140777131,0.0,0.0
2015-01-02,1155.6617929478912,1167.3944091796875,1149.7954454457304,1167.3944091796875,90902820,0.0,0.0
2015-01-02,1161.5278944534364,1167.3942411110247,1132.196397483037,1138.062744140625,111727279,0.0,0.0
2015-01-02,1126.3301598713324,1143.92904277209,1117.5306396484375,1117.5306396484375,238519869,0.0,0.0
2015-01-02,1123.397023427816,1138.0628121760194,1120.4638499236717,1135.129638671875,182234647,0.0,0.0
2015-01-02,1126.3300180271985,1155.6615120921113,1126.3300180271985,1149.795166015625,183107512,0.0,0.0
2015-01-02,1149.7953923351804,1164.461181640625,1149.7953923351804,1164.461181640625,75637306,0.0,0.0
2015-01-02,1167.394180666793,1176.1936214250525,1152.7283935546875,1152.7283935546875,106542340,0.0,0.0
2015-01-02,1164.461181640625,1167.3943552562182,1158.5949131819602,1164.461181640625,78334003,0.0,0.0
2015-01-02,1173.260529772167,1208.4583740234375,1170.3273563914324,1208.4583740234375,180724321,0.0,0.0
2015-01-02,1202.5919574780876,1220.19091796875,1193.7925166190118,1220.19091796875,108998682,0.0,0.0
2015-01-02,1226.0571785874813,1252.4555797858595,1220.1909109725696,1246.5892333984375,237301048,0.0,0.0
2015-01-02,1246.5893796293403,1246.5893796293403,1211.3916122659832,1214.32470703125,208615303,0.0,0.0
2015-01-02,1214.3246362815098,1231.9235977103463,1211.391541687133,1226.0572509765625,133323952,0.0,0.0
2015-01-02,1214.3245874587483,1220.1909339566714,1196.725705510002,1205.525146484375,97257629,0.0,0.0
2015-01-02,1211.3914771096743,1226.057185617297,1202.5919574780876,1220.19091796875,67912423,0.0,0.0
2015-01-02,1226.0572453540715,1243.6561279296875,1217.2578040662636,1243.6561279296875,107442705,0.0,0.0
2015-01-02,1246.589287616217,1252.4556342587832,1240.7230197461643,1249.5224609375,128565820,0.0,0.0
2015-01-02,1243.6561142949338,1249.5224609375,1234.8566731035978,1249.5224609375,124220195,0.0,0.0
2015-01-02,1249.5223579879387,1249.5223579879387,1217.2576904296875,1217.2576904296875,78021597,0.0,0.0
2015-01-02,1214.3245739359743,1226.057188028654,1211.3914794921875,1211.3914794921875,63123490,0.0,0.0
2015-01-02,1211.3914425896726,1211.3914425896726,1182.0598688652428,1184.9930419921875,106356987,0.0,0.0
2015-01-02,1179.1271589686942,1187.9266024461042,1164.4613673246547,1170.32763671875,110417707,0.0,0.0
2015-01-02,1161.527990469949,1187.9263950662653,1161.527990469949,1179.126953125,96543167,0.0,0.0
2015-01-02,1193.7924129816106,1199.6587588933896,1187.9261458423352,1196.7255859375,161866695,0.0,0.0
2015-01-02,1202.5921630859375,1208.458510509968,1173.2606622833584,1202.5921630859375,124721804,0.0,0.0
2015-01-02,1220.1909203685698,1223.1240148123566,1193.7925189669124,1211.3914794921875,81492707,0.0,0.0
2015-01-02,1208.4583038991454,1220.19091796875,1205.5251306886164,1220.19091796875,104446804,0.0,0.0
2015-01-02,1220.1909694200458,1231.923583984375,1214.3246227516245,1231.923583984375,72391150,0.0,0.0
2015-01-02,1231.9235431484449,1231.9235431484449,1208.4583147976148,1223.1240234375,52309753,0.0,0.0
2015-01-02,1208.4583740234375,1223.1240833820805,1173.260529772167,1208.4583740234375,124718504,0.0,0.0
2015-01-02,1179.126759396157,1205.5250808827466,1179.126759396157,1199.6588134765625,39102925,0.0,0.0
2015-01-02,1190.8593690306677,1220.1908635093032,1187.926195951052,1217.2576904296875,168497610,0.0,0.0
2015-01-02,1223.1241115390183,1252.4556884765625,1223.1241115390183,1252.4556884765625,206998275,0.0,0.0
2015-01-02,1267.121337890625,1281.7871256616852,1258.3218967369944,1267.121337890625,285078724,0.0,0.0
2015-01-02,1278.8540100544421,1284.7203569365593,1255.3887800710081,1261.255126953125,112926300,0.0,0.0
2015-01-02,1284.7202989859868,1337.5169459084113,1278.8539523684863,1331.6507568359375,370975907,0.0,0.0
2015-01-02,1349.249755859375,1360.9822925642648,1340.4502351719275,1349.249755859375,175051523,0.0,0.0
2015-01-02,1355.1158447265625,1355.1158447265625,1337.5169622046635,1355.1158447265625,118839452,0.0,0.0
2015-01-02,1360.9822663128011,1360.9822663128011,1328.7176728379136,1334.5838623046875,117699282,0.0,0.0
2015-01-02,1343.38340873441,1352.1829294218576,1343.38340873441,1349.249755859375,88819384,0.0,0.0
2015-01-02,1325.7843515424731,1360.9821145996561,1325.7843515424731,1346.31640625,119466463,0.0,0.0
2015-01-02,1328.7176852672128,1390.3138568323122,1328.7176852672128,1384.447509765625,275160952,0.0,0.0
2015-01-02,1384.447428160835,1407.912657499412,1384.447428160835,1393.2469482421875,152558335,0.0,0.0
2015-01-02,1381.514349956602,1393.247044206532,1349.249755859375,1349.249755859375,115988753,0.0,0.0
2015-01-02,1340.4500732421875,1346.316419658483,1319.918018330174,1340.4500732421875,107461406,0.0,0.0
2015-01-02,1331.6507568359375,1343.3832925259119,1311.118622447199,1331.6507568359375,89527246,0.0,0.0
2015-01-02,1325.7844263717404,1355.1158447265625,1319.9180796827645,1355.1158447265625,69135644,0.0,0.0
2015-01-02,1360.9822998046875,1378.5811837281683,1355.1159526485135,1360.9822998046875,304479759,0.0,0.0
2015-01-02,1337.51708984375,1349.2497843413512,1322.851379266792,1337.51708984375,132776693,0.0,0.0
2015-01-02,1343.3830985319614,1366.8483240683936,1343.3830985319614,1352.1826171875,256196075,0.0,0.0
2015-01-02,1360.9821187540144,1381.5141735242148,1358.048945566126,1375.6478271484375,324829010,0.0,0.0
2015-01-02,1375.6477595733832,1387.3804517486003,1372.7147440745914,1378.5809326171875,134250718,0.0,0.0
2015-01-02,1384.447516553813,1384.447516553813,1355.115938621598,1366.8486328125,77617340,0.0,0.0
2015-01-02,1384.447509765625,1393.2470303656557,1375.647989165594,1384.447509765625,186287117,0.0,0.0
2015-01-02,1393.2468351725734,1410.845716362003,1390.3136620501655,1404.9793701171875,282299525,0.0,0.0
2015-01-02,1419.6451281580544,1437.244167512016,1413.7789392517561,1425.511474609375,227839785,0.0,0.0
2015-01-02,1425.5116031220762,1434.3111235923511,1404.9795462364707,1407.9127197265625,154562019,0.0,0.0
2015-01-02,1413.7790667067459,1428.4447766121677,1381.5143158607739,1407.9127197265625,102617472,0.0,0.0
2015-01-02,1419.6452845562944,1419.6452845562944,1390.313864158378,1396.1800537109375,124912657,0.0,0.0
2015-01-02,1378.5811561092057,1425.5116173282945,1378.5811561092057,1402.04638671875,148782519,0.0,0.0
2015-01-02,1407.9127197265625,1422.5784296319844,1399.1131992562873,1407.9127197265625,101972311,0.0,0.0
2015-01-02,1425.511488108435,1428.4446613618716,1413.7789526397137,1419.6451416015625,197105254,0.0,0.0
2015-01-02,1425.511488108435,1428.4446613618716,1413.7789526397137,1419.6451416015625,252765665,0.0,0.0
2015-01-02,1407.9127197265625,1422.5784296319844,1396.1800257661957,1407.9127197265625,144417094,0.0,0.0
2015-01-02,1402.046256142698,1402.046256142698,1375.6478544723795,1390.313720703125,151063409,0.0,0.0
2015-01-02,1360.9821914155384,1372.71488479349,1349.2496555826153,1355.1158447265625,204825187,0.0,0.0
2015-01-02,1363.9154592647744,1381.5143430060878,1352.182922618912,1366.8486328125,98438500,0.0,0.0
2015-01-02,1378.5810277185287,1396.1799096503998,1375.6478544723795,1390.313720703125,140641279,0.0,0.0
2015-01-02,1378.5809326171875,1387.3804517486003,1369.781571030787,1378.5809326171875,101596654,0.0,0.0
2015-01-02,1360.9822925642648,1363.9154661267473,1346.3165822968926,1349.249755859375,160667675,0.0,0.0
2015-01-02,1360.9819782980346,1363.915151183214,1346.316271417141,1352.1826171875,139547310,0.0,0.0
2015-01-02,1366.8486328125,1381.5143430060878,1363.9154592647744,1366.8486328125,170538145,0.0,0.0
2015-01-02,1355.1159247145715,1375.6479817928978,1352.1829087419862,1372.7149658203125,116693315,0.0,0.0
2015-01-02,1349.2494541449344,1372.7146798525425,1349.2494541449344,1363.9151611328125,122769820,0.0,0.0
2015-01-02,1384.447509765625,1387.3806832989685,1375.647989165594,1384.447509765625,137726778,0.0,0.0
2015-01-02,1390.3137748817367,1393.2469482421875,1378.5810814399333,1393.2469482421875,80130334,0.0,0.0
2015-01-02,1399.113023872372,1404.9793701171875,1387.3804889277578,1404.9793701171875,129184031,0.0,0.0
2015-01-02,1396.1798507499643,1407.9125432395954,1396.1798507499643,1404.9793701171875,64527664,0.0,0.0
2015-01-02,1402.0461594226092,1404.9793324664136,1375.6477595733832,1378.5809326171875,109550342,0.0,0.0
2015-01-02,1369.7816162109375,1381.5141512281218,1360.9820967892858,1369.7816162109375,119633116,0.0,0.0
2015-01-02,1358.049098232195,1375.6479817928978,1349.2497352243627,1372.7149658203125,100627538,0.0,0.0
2015-01-02,1372.7147808607358,1413.7788894844107,1369.7816077383281,1404.9793701171875,155214880,0.0,0.0
2015-01-02,1407.9128022359628,1413.7791495599379,1396.1801075880126,1399.11328125,151791071,0.0,0.0
2015-01-02,1407.9126026349961,1416.71196482842,1390.313720703125,1390.313720703125,75104897,0.0,0.0
2015-01-02,1407.9127197265625,1410.845893216654,1399.1131992562873,1407.9127197265625,135471189,0.0,0.0
2015-01-02,1402.0463727463791,1413.7790667067459,1396.1800257661957,1407.9127197265625,171153606,0.0,0.0
2015-01-02,1419.6452095265909,1431.3779031017043,1413.7790202840656,1416.7120361328125,148067507,0.0,0.0
2015-01-02,1416.7120361328125,1422.5783829203692,1404.9795001027305,1416.7120361328125,122425514,0.0,0.0
2015-01-02,1413.7788762198877,1422.5782379595357,1410.845703125,1410.845703125,79398821,0.0,0.0
2015-01-02,1393.2468974106832,1425.511488108435,1381.5142043969379,1419.6451416015625,132320735,0.0,0.0
2015-01-02,1419.6451416015625,1428.4446613618716,1413.7789526397137,1419.6451416015625,228429395,0.0,0.0
2015-01-02,1431.3778618470108,1437.2442084654895,1422.5783419192924,1434.31103515625,142713715,0.0,0.0
2015-01-02,1419.6449937550112,1437.244031442807,1416.7118208070453,1431.377685546875,123068475,0.0,0.0
2015-01-02,1431.377883577471,1446.0435928012887,1431.377883577471,1440.17724609375,153450450,0.0,0.0
2015-01-02,1440.17724609375,1446.0435928012887,1425.5115368699323,1440.17724609375,75091147,0.0,0.0
2015-01-02,1446.043402459866,1446.043402459866,1434.3108681341607,1443.1102294921875,151006208,0.0,0.0
2015-01-02,1443.1103249314765,1454.843017578125,1440.1771517698144,1454.843017578125,115097738,0.0,0.0
2015-01-02,1454.8429981080858,1454.8429981080858,1402.0461969947798,1404.9793701171875,142339158,0.0,0.0
2015-01-02,1396.1799096503998,1410.8457758811453,1387.3805474569758,1390.313720703125,66738702,0.0,0.0
2015-01-02,1396.1800396801045,1407.9127337573957,1396.1800396801045,1402.04638671875,174577415,0.0,0.0
2015-01-02,1399.1131992562873,1422.5784296319844,1387.3806628409573,1407.9127197265625,70169662,0.0,0.0
2015-01-02,1413.7788894844107,1425.511424429025,1390.3136620501655,1404.9793701171875,98899408,0.0,0.0
2015-01-02,1396.1799396811646,1446.043570848181,1390.3137506077126,1434.31103515625,96902873,0.0,0.0
2015-01-02,1425.5114746093748,1440.177183192654,1425.5114746093748,1425.511474609375,110866514,0.0,0.0
2015-01-02,1440.1770468457655,1440.1770468457655,1425.5113396509432,1431.377685546875,75698907,0.0,0.0
2015-01-02,1440.177183192654,1440.177183192654,1419.6451281580544,1425.511474609375,41200111,0.0,0.0
2015-01-02,1416.7120224098924,1431.3778892367238,1416.7120224098924,1422.578369140625,67079708,0.0,0.0
2015-01-02,1428.4446885377713,1434.31103515625,1422.5783419192924,1434.31103515625,48630189,0.0,0.0
2015-01-02,1434.3108584948409,1440.1770468457655,1425.5113396509432,1431.377685546875,55387606,0.0,0.0
2015-01-02,1443.1103564183143,1443.1103564183143,1425.5114746093748,1425.511474609375,60999353,0.0,0.0
2015-01-02,1407.912673496509,1434.3110764954827,1407.912673496509,1416.7120361328125,124992408,0.0,0.0
2015-01-02,1416.7118208070453,1431.377685546875,1410.845632456121,1431.377685546875,77750442,0.0,0.0
2015-01-02,1407.9124595081548,1437.244031442807,1407.9124595081548,1431.377685546875,73928426,0.0,0.0
2015-01-02,1443.1102197937314,1443.1102197937314,1416.7118208070453,1431.377685546875,106301436,0.0,0.0
2015-01-02,1437.2442084654895,1443.1103975389415,1431.3778618470108,1434.31103515625,77841744,0.0,0.0
2015-01-02,1434.3109629915089,1460.7092063564305,1428.4446166681846,1454.843017578125,107751261,0.0,0.0
2015-01-02,1454.843221892644,1454.843221892644,1437.244337996147,1446.043701171875,79249218,0.0,0.0
2015-01-02,1431.3777898298467,1454.843017578125,1425.5114435065225,1454.843017578125,52651309,0.0,0.0
2015-01-02,1454.8429180682488,1469.5086253284203,1443.1102262241052,1460.7091064453125,107605508,0.0,0.0
2015-01-02,1466.5757109634674,1522.305534414767,1466.5757109634674,1510.572998046875,141713797,0.0,0.0
2015-01-02,1510.5730663081722,1522.305603206246,1460.7094300150125,1478.3084716796875,154245214,0.0,0.0
2015-01-02,1495.9068726706719,1504.7062331160628,1484.174182016828,1490.04052734375,96667469,0.0,0.0
2015-01-02,1454.8429981080858,1454.8429981080858,1399.113023872372,1404.9793701171875,327442105,0.0,0.0
2015-01-02,1372.7148309793613,1375.6478466638384,1305.2523193359375,1305.2523193359375,418181573,0.0,0.0
2015-01-02,1314.0517075584519,1337.5168561359626,1293.5196533203125,1293.5196533203125,245969198,0.0,0.0
2015-01-02,1314.0519094271453,1355.1159454392998,1314.0519094271453,1349.249755859375,199883902,0.0,0.0
2015-01-02,1349.249755859375,1360.9822925642648,1334.5838880469626,1349.249755859375,105917529,0.0,0.0
2015-01-02,1360.9822925642648,1360.9822925642648,1340.4502351719275,1349.249755859375,106213984,0.0,0.0
2015-01-02,1340.450127454475,1346.3164741080252,1331.6507650191772,1343.38330078125,80737544,0.0,0.0
2015-01-02,1331.6506979003436,1349.2495794289352,1331.6506979003436,1346.31640625,112346590,0.0,0.0
2015-01-02,1346.3165822968926,1355.1159454392998,1337.517061609445,1349.249755859375,96602568,0.0,0.0
2015-01-02,1331.6508931162966,1343.3834300069716,1316.985025071649,1325.7845458984375,124643702,0.0,0.0
2015-01-02,1296.4526947202073,1311.118480908232,1275.9206413204756,1281.7869873046875,212318517,0.0,0.0
2015-01-02,1261.2551506560724,1272.9877658682822,1223.1241315232608,1228.990478515625,321262748,0.0,0.0
2015-01-02,1223.1241283221782,1252.455705662197,1223.1241283221782,1237.7899169921875,187128632,0.0,0.0
2015-01-02,1252.4555598306702,1287.65332250436,1249.522386683693,1278.8538818359375,312543448,0.0,0.0
2015-01-02,1278.8537570984734,1302.31898244051,1275.9205842375934,1296.45263671875,138604594,0.0,0.0
2015-01-02,1296.4529673541854,1334.5839091801831,1290.5866989088477,1325.7845458984375,122104309,0.0,0.0
2015-01-02,1314.051760251925,1328.717547626912,1305.2523193359375,1305.2523193359375,98347198,0.0,0.0
2015-01-02,1308.1853957461353,1337.5168913189616,1302.3191281405743,1328.717529296875,110179553,0.0,0.0
2015-01-02,1331.6507111627654,1340.4500732421875,1322.851191538322,1340.4500732421875,55707712,0.0,0.0
2015-01-02,1334.5838880469626,1349.249755859375,1325.7845249045554,1349.249755859375,80500490,0.0,0.0
2015-01-02,1346.31640625,1349.2495794289352,1337.5168867131943,1346.31640625,92402146,0.0,0.0
2015-01-02,1343.3832371717028,1375.6478271484375,1337.5168907959255,1375.6478271484375,102773125,0.0,0.0
2015-01-02,1375.648002831637,1378.5811763941194,1346.3165822968926,1349.249755859375,114209472,0.0,0.0
2015-01-02,1308.1855899173122,1346.316610716951,1290.586705715954,1337.51708984375,108499274,0.0,0.0
2015-01-02,1337.5170282610866,1337.5170282610866,1316.9849713806757,1322.851318359375,193178186,0.0,0.0
2015-01-02,1322.8511418479688,1334.5836766948287,1319.91796875,1319.91796875,78321352,0.0,0.0
2015-01-02,1319.918158872028,1325.7845059129588,1308.1855435626853,1316.9849853515625,83385290,0.0,0.0
2015-01-02,1340.4500995044552,1343.38327277007,1290.5865478515625,1290.5865478515625,104368702,0.0,0.0
2015-01-02,1293.5197374100371,1299.3860052426448,1272.9876818371404,1275.9207763671875,143815934,0.0,0.0
2015-01-02,1272.9876818371404,1293.5197374100371,1264.188240701972,1275.9207763671875,110680611,0.0,0.0
2015-01-02,1272.9876658028975,1299.3859888758952,1270.0544925372826,1290.5865478515625,56481575,0.0,0.0
2015-01-02,1302.3192688298,1343.3833828224044,1302.3192688298,1334.5838623046875,89001987,0.0,0.0
2015-01-02,1346.316575523461,1375.6479959106366,1340.4502284280102,1366.8486328125,146719984,0.0,0.0
2015-01-02,1375.6478049470206,1393.2468437903237,1363.9152699298363,1369.7816162109375,213082480,0.0,0.0
2015-01-02,1369.7816162109375,1369.7816162109375,1369.7816162109375,1369.7816162109375,0,0.0,0.0
2015-01-02,1378.5811699631797,1396.1800537109375,1358.0491126666225,1396.1800537109375,74339834,0.0,0.0
2015-01-02,1396.179767716291,1431.377685546875,1378.5808875735029,1431.377685546875,87881617,0.0,0.0
2015-01-02,1443.1103700840292,1446.0435433374655,1410.8457793862774,1419.6451416015625,159895461,0.0,0.0
2015-01-02,1419.6451416015625,1425.511488108435,1404.9794328794046,1419.6451416015625,80566491,0.0,0.0
2015-01-02,1407.912505510218,1425.511386228031,1378.5809326171875,1378.5809326171875,79011614,0.0,0.0
2015-01-02,1390.3138568323122,1402.0463934206477,1381.5143362322813,1384.447509765625,69075143,0.0,0.0
2015-01-02,1378.5811626989378,1399.1132198873042,1378.5811626989378,1384.447509765625,75141197,0.0,0.0
2015-01-02,1396.1799640576087,1399.1131374180595,1393.2469482421875,1393.2469482421875,72817407,0.0,0.0
2015-01-02,1402.04638671875,1407.9127337573957,1393.2470237058199,1402.04638671875,110485908,0.0,0.0
2015-01-02,1407.9127479061358,1407.9127479061358,1396.1800537109375,1396.1800537109375,101515803,0.0,0.0
2015-01-02,1393.2470914710707,1404.979628573975,1393.2470914710707,1399.11328125,43271447,0.0,0.0
2015-01-02,1396.1800396801045,1404.979560238073,1390.313850186497,1402.04638671875,70248313,0.0,0.0
2015-01-02,1402.0463727463791,1407.9127197265625,1399.1131992562873,1407.9127197265625,92075440,0.0,0.0
2015-01-02,1404.9795669539915,1404.9795669539915,1384.447509765625,1384.447509765625,40153443,0.0,0.0
2015-01-02,1378.5811626989378,1396.1800463539605,1378.5811626989378,1384.447509765625,51390687,0.0,0.0
2015-01-02,1387.3804931640625,1396.1798550131375,1384.4473200326984,1387.3804931640625,66106191,0.0,0.0
2015-01-02,1393.2470228986388,1393.2470228986388,1372.7149658203125,1372.7149658203125,125776722,0.0,0.0
2015-01-02,1381.5141056609918,1387.3804517486003,1375.6477595733832,1378.5809326171875,94049974,0.0,0.0
2015-01-02,1372.714811505569,1378.581000336326,1369.7816383176805,1375.6478271484375,54107184,0.0,0.0
2015-01-02,1387.3804517486003,1390.3136247924047,1378.5809326171875,1378.5809326171875,65218476,0.0,0.0
2015-01-02,1375.6478271484375,1387.3805198999921,1372.714811505569,1375.6478271484375,75222599,0.0,0.0
2015-01-02,1384.4475031478514,1404.979560238073,1381.5143296285285,1402.04638671875,178441232,0.0,0.0
2015-01-02,1407.9125432395954,1410.845716362003,1399.113023872372,1404.9793701171875,129157080,0.0,0.0
2015-01-02,1407.9127197265625,1413.7790667067459,1404.9795462364707,1407.9127197265625,135167034,0.0,0.0
2015-01-02,1416.7120686504431,1422.5784155726494,1407.9127058121687,1413.779052734375,250986935,0.0,0.0
2015-01-02,1413.7788762198877,1416.7118917697603,1407.9125300301123,1410.845703125,85484676,0.0,0.0
2015-01-02,1404.979560238073,1407.9127337573957,1387.3806766671742,1402.04638671875,147025239,0.0,0.0
2015-01-02,1404.9793701171875,1410.845716362003,1399.113023872372,1404.9793701171875,127802407,0.0,0.0
2015-01-02,1404.9793569352244,1413.7788762198877,1404.9793569352244,1410.845703125,95515199,0.0,0.0
2015-01-02,1416.7120361328125,1422.5783829203692,1407.912673496509,1416.7120361328125,96346814,0.0,0.0
2015-01-02,1407.9127197265625,1416.712082651801,1396.1800257661957,1407.9127197265625,69135094,0.0,0.0
2015-01-02,1407.9127197265625,1407.9127197265625,1407.9127197265625,1407.9127197265625,0,0.0,0.0
2015-01-02,1407.9127197265625,1407.9127197265625,1381.5143158607739,1407.9127197265625,128769324,0.0,0.0
2015-01-02,1390.3138493810152,1399.1132123888476,1372.7149658203125,1372.7149658203125,98121144,0.0,0.0
2015-01-02,1384.447278704796,1390.3136247924047,1366.848397986983,1378.5809326171875,83084435,0.0,0.0
2015-01-02,1390.313864158378,1407.9127479061358,1387.3806906095783,1396.1800537109375,86270090,0.0,0.0
2015-01-02,1407.9127197265625,1407.9127197265625,1396.1800257661957,1407.9127197265625,103578889,0.0,0.0
2015-01-02,1399.11328125,1407.9128022359628,1399.11328125,1399.11328125,65381829,0.0,0.0
2015-01-02,1393.2470237058199,1407.9127337573957,1390.313850186497,1402.04638671875,83788997,0.0,0.0
2015-01-02,1407.912657499412,1407.912657499412,1393.2469482421875,1393.2469482421875,58183854,0.0,0.0
2015-01-02,1399.1132131994273,1410.8459072767184,1396.1800396801045,1402.04638671875,149039374,0.0,0.0
2015-01-02,1390.313850186497,1402.04638671875,1390.313850186497,1402.04638671875,58873566,0.0,0.0
2015-01-02,1404.9794293888472,1407.9126026349961,1390.313720703125,1390.313720703125,87007102,0.0,0.0
2015-01-02,1396.1799096503998,1404.9794293888472,1390.313720703125,1390.313720703125,47146264,0.0,0.0
2015-01-02,1396.1800396801045,1402.04638671875,1393.2470237058199,1402.04638671875,54321138,0.0,0.0
2015-01-02,1407.9127197265625,1407.9127197265625,1399.1131992562873,1407.9127197265625,103532138,0.0,0.0
2015-01-02,1413.7790667067459,1422.5784296319844,1407.9127197265625,1407.9127197265625,89386993,0.0,0.0
2015-01-02,1416.7120361328125,1425.5115563141476,1410.8458468902872,1416.7120361328125,80096233,0.0,0.0
2015-01-02,1425.5115563141476,1425.5115563141476,1410.8458468902872,1416.7120361328125,83685045,0.0,0.0
2015-01-02,1425.5115563141476,1425.5115563141476,1410.8458468902872,1416.7120361328125,107761711,0.0,0.0
2015-01-02,1407.9127058121687,1422.5784155726494,1407.9127058121687,1413.779052734375,59510477,0.0,0.0
2015-01-02,1413.7789392517561,1434.3109942863557,1413.7789392517561,1425.511474609375,133583557,0.0,0.0
2015-01-02,1443.1105068942788,1472.4420846643204,1443.1105068942788,1469.5089111328125,297074431,0.0,0.0
2015-01-02,1490.0408822068098,1525.2386474609375,1490.0408822068098,1525.2386474609375,408559706,0.0,0.0
2015-01-02,1536.971340909,1554.5702235360636,1513.506111557905,1525.2386474609375,119646316,0.0,0.0
2015-01-02,1525.2386474609375,1536.971340909,1519.3724582819361,1525.2386474609375,117868135,0.0,0.0
2015-01-02,1519.372439259015,1548.703857421875,1501.773399307266,1548.703857421875,261472316,0.0,0.0
2015-01-02,1576.4252496596775,1597.646355971462,1564.2989729810286,1594.61474609375,127782607,77.926926,0.0
2015-01-02,1591.583299048237,1597.646355971462,1585.520079292813,1594.61474609375,54328838,0.0,0.0
2015-01-02,1549.141357421875,1594.6150250458393,1540.0465261977456,1549.141357421875,79188167,0.0,0.0
2015-01-02,1564.2991765196334,1573.393844503922,1552.1727354309553,1555.204345703125,152638636,0.0,0.0
2015-01-02,1570.3623046875002,1570.3623046875002,1524.8884789443925,1570.3623046875,97370381,0.0,0.0
2015-01-02,1558.2359107395325,1582.4886293806096,1558.2359107395325,1573.393798828125,81472907,0.0,0.0
2015-01-02,1573.393567631988,1594.6146729706516,1570.3621207254857,1579.456787109375,132470888,0.0,0.0
2015-01-02,1552.1724622933243,1591.5832260641494,1552.1724622933243,1579.456787109375,64004605,0.0,0.0
2015-01-02,1579.456787109375,1579.456787109375,1579.456787109375,1579.456787109375,0,0.0,0.0
2015-01-02,1576.4254968065513,1600.6782167983104,1567.3308285797818,1597.6466064453125,69225295,0.0,0.0
2015-01-02,1597.6462892435834,1603.7095087457685,1579.4567935692198,1582.4884033203125,155016877,0.0,0.0
2015-01-02,1588.5517578125,1606.7412550325485,1567.3306505837427,1588.5517578125,112550094,0.0,0.0
2015-01-02,1588.5517899944186,1588.5517899944186,1555.2042420552489,1564.299072265625,43567352,0.0,0.0
2015-01-02,1564.299246629863,1570.3624674459493,1549.141357421875,1549.141357421875,41581818,0.0,0.0
2015-01-02,1579.4568675953572,1585.520087381714,1540.0462646484377,1540.0462646484375,62858935,0.0,0.0
2015-01-02,1546.109705255362,1546.109705255362,1506.6990966796875,1506.6990966796875,49219250,0.0,0.0
2015-01-02,1530.9515183048823,1570.3622862292916,1527.9200710788896,1561.2674560546875,69504150,0.0,0.0
2015-01-02,1561.2674560546875,1561.2674560546875,1561.2674560546875,1561.2674560546875,0,0.0,0.0
2015-01-02,1576.4253950492916,1576.4253950492916,1543.0780089833156,1546.109619140625,125882874,0.0,0.0
2015-01-02,1546.109339899703,1573.3935007233013,1546.109339899703,1567.3304443359375,93732618,0.0,0.0
2015-01-02,1576.4254448285524,1594.6149435145703,1576.4254448285524,1591.58349609375,209825324,0.0,0.0
2015-01-02,1594.6147649856773,1603.7095947265625,1585.520098076993,1603.7095947265625,174112107,0.0,0.0
2015-01-02,1594.614789902542,1600.6780098245404,1567.3306259179556,1576.42529296875,74987745,0.0,0.0
2015-01-02,1594.6148473024602,1594.6148473024602,1564.299072265625,1564.299072265625,55645011,0.0,0.0
2015-01-02,1591.5832325735903,1591.5832325735903,1576.4251838181274,1582.4884033203125,146474679,0.0,0.0
2015-01-02,1591.5834330194589,1609.7729309846288,1585.5202127536645,1600.6781005859375,168168154,0.0,0.0
2015-01-02,1609.7727889678843,1688.593994140625,1609.7727889678843,1688.593994140625,221305122,0.0,0.0
2015-01-02,1697.6888237369558,1697.6888237369558,1664.3412780492745,1688.593994140625,90490862,0.0,0.0
2015-01-02,1679.4992911405982,1721.9415026767037,1679.4992911405982,1709.8150634765625,200488362,0.0,0.0
2015-01-02,1709.8151195389878,1740.1310557011636,1697.6888427734375,1697.6888427734375,153557152,0.0,0.0
2015-01-02,1721.9416767592909,1728.004734140122,1691.6257385262913,1694.6573486328125,113189205,0.0,0.0
2015-01-02,1700.720458984375,1715.878345705615,1664.3413028883185,1700.720458984375,132790993,0.0,0.0
2015-01-02,1728.004772815317,1734.0679931640625,1715.8784949500405,1734.0679931640625,134878279,0.0,0.0
2015-01-02,1740.1310621589191,1764.3837786122233,1700.720458984375,1700.720458984375,125902674,0.0,0.0
2015-01-02,1715.8782830766331,1734.0677790446507,1685.5623479084743,1709.8150634765625,139094102,0.0,0.0
2015-01-02,1667.3728519404567,1712.8466732765978,1658.2781853725453,1709.8150634765625,158054579,0.0,0.0
2015-01-02,1679.4994669861253,1855.3313883082285,1673.4362467512285,1758.3206787109375,199162840,0.0,0.0
2015-01-02,1794.6996230065738,1849.2682778918822,1770.4469055944598,1773.478515625,178052925,0.0,0.0
2015-01-02,1843.2051042719568,1843.2051042719568,1743.1627849045144,1755.2890625,110151502,0.0,0.0
2015-01-02,1743.1628694931674,1743.1628694931674,1709.8153195309906,1715.8785400390625,124781205,0.0,0.0
2015-01-02,1715.8783555091125,1734.0678522449641,1712.8467455811035,1724.9730224609375,151350514,0.0,0.0
2015-01-02,1734.0676819388893,1734.0676819388893,1709.8149677289248,1721.94140625,48242983,0.0,0.0
2015-01-02,1700.720301670304,1734.0676819388893,1700.720301670304,1721.94140625,46155147,0.0,0.0
2015-01-02,1728.0047343698934,1764.3838928207726,1724.9731242629693,1755.2890625,182778607,0.0,0.0
2015-01-02,1755.2890625,1755.2890625,1755.2890625,1755.2890625,0,0.0,0.0
2015-01-02,1764.3838788485632,1788.6365966796875,1764.3838788485632,1788.6365966796875,97643186,0.0,0.0
2015-01-02,1791.6677102275892,1821.983642578125,1773.4782159501392,1821.983642578125,98219596,0.0,0.0
2015-01-02,1800.762732049846,1818.9522282794892,1770.4467964456423,1779.5416259765625,90498013,0.0,0.0
2015-01-02,1800.7629574167918,1809.8577880859375,1788.636679356815,1809.8577880859375,95703303,0.0,0.0
2015-01-02,1818.9522217600722,1818.9522217600722,1776.510009765625,1776.510009765625,73026411,0.0,0.0
2015-01-02,1758.3206068622094,1764.38382684935,1734.0678897458515,1743.1627197265625,159540705,0.0,0.0
2015-01-02,1721.9416336024387,1800.762843067654,1721.9416336024387,1773.478515625,50916029,0.0,0.0
2015-01-02,1758.3206726069243,1767.4155029276967,1752.257452393076,1755.2890625,64995172,0.0,0.0
2015-01-02,1758.3204840317965,1800.7626953125002,1758.3204840317965,1800.7626953125,88024620,0.0,0.0
2015-01-02,1770.4467964456423,1788.6364555074827,1770.4467964456423,1779.5416259765625,60059387,0.0,0.0
2015-01-02,1782.5732358202026,1788.6364555074827,1764.3837395905591,1779.5416259765625,182217047,0.0,0.0
2015-01-02,1770.4466272215295,1794.6993408203127,1770.4466272215295,1794.6993408203125,49042147,0.0,0.0
2015-01-02,1794.699668448296,1815.9207763671875,1782.5733908513057,1815.9207763671875,65427480,0.0,0.0
2015-01-02,1809.8576377561667,1855.331298828125,1794.6995878999767,1855.331298828125,125778922,0.0,0.0
2015-01-02,1837.1419914804274,1849.2684326171877,1825.0157131758876,1849.2684326171875,142911718,0.0,0.0
2015-01-02,1849.2684326171877,1849.2684326171877,1849.2684326171877,1849.2684326171875,0,0.0,0.0
2015-01-02,1849.2684326171877,1849.2684326171877,1849.2684326171877,1849.2684326171875,0,0.0,0.0
2015-01-02,1849.2684326171877,1849.2684326171877,1849.2684326171877,1849.2684326171875,0,0.0,0.0
2015-01-02,1849.2684326171877,1849.2684326171877,1849.2684326171877,1849.2684326171875,0,0.0,0.0
2015-01-02,1849.2684326171877,1849.2684326171877,1849.2684326171877,1849.2684326171875,0,0.0,0.0
2015-01-02,1849.2684326171877,1849.2684326171877,1849.2684326171877,1849.2684326171875,0,0.0,0.0
2015-01-02,1818.9525107245831,1879.5842285156248,1815.9209004101979,1879.584228515625,244610675,0.0,0.0
2015-01-02,1849.268241717853,1870.489348684315,1849.268241717853,1855.331298828125,160913529,0.0,0.0
2015-01-02,1849.268298252838,1855.3313555484672,1834.110247933243,1843.205078125,130771358,0.0,0.0
2015-01-02,1831.0788452754348,1843.2051229940914,1825.015625,1825.015625,129686189,0.0,0.0
2015-01-02,1818.9524047245652,1849.2683432695264,1818.9524047245652,1825.015625,112193137,0.0,0.0
2015-01-02,1828.047320791321,1831.0789310710852,1785.6051025390625,1785.6051025390625,107130300,0.0,0.0
2015-01-02,1773.478515625,1803.7944530981943,1773.478515625,1773.478515625,125045759,0.0,0.0
2015-01-02,1773.4786046131408,1806.8261537901608,1770.446994430483,1797.7313232421875,81526258,0.0,0.0
2015-01-02,1806.826171875,1806.826171875,1791.6681208099915,1806.826171875,91359878,0.0,0.0
2015-01-02,1794.6993408203127,1803.7941694819244,1773.4782367754,1794.6993408203125,172757433,0.0,0.0
2015-01-02,1794.6995540278444,1818.9522705078125,1791.6679441138233,1818.9522705078125,74671489,0.0,0.0
2015-01-02,1788.6366734292067,1806.826171875,1776.5102325772,1806.826171875,112101286,0.0,0.0
2015-01-02,1806.8262116651917,1806.8262116651917,1782.5734922592983,1785.6051025390625,76411169,0.0,0.0
2015-01-02,1785.6051025390625,1791.6681602663705,1779.541881979534,1785.6051025390625,102125213,0.0,0.0
2015-01-02,1800.762732049846,1800.762732049846,1779.5416259765625,1779.5416259765625,43555802,0.0,0.0
2015-01-02,1758.320519903279,1794.6995123625657,1758.320519903279,1779.5416259765625,106487889,0.0,0.0
2015-01-02,1788.636284544753,1800.7625599280539,1782.5730654370118,1794.6993408203125,95088392,0.0,0.0
2015-01-02,1797.7313111448273,1806.826141631599,1782.5734231657545,1791.6680908203125,134958581,0.0,0.0
2015-01-02,1791.6676635324816,1791.6676635324816,1782.572998046875,1782.572998046875,84358807,0.0,0.0
2015-01-02,1776.5101765834163,1785.6050069357616,1734.0679606035617,1758.3206787109375,250806532,0.0,0.0
2015-01-02,1749.225874213138,1818.9524194484143,1749.225874213138,1791.6680908203125,246660010,0.0,0.0
2015-01-02,1806.8257790357948,1806.8257790357948,1791.6677312664422,1794.6993408203125,95166493,0.0,0.0
2015-01-02,1812.8890380859375,1812.8890380859375,1791.6679316674097,1812.8890380859375,58345007,0.0,0.0
2015-01-02,1815.9205813892675,1815.9205813892675,1794.6994757489158,1800.7626953125,111998984,0.0,0.0
2015-01-02,1800.7629574167918,1812.8892354767686,1800.7629574167918,1809.8577880859375,63645449,0.0,0.0
2015-01-02,1809.8577820880016,1815.920839681788,1800.7629514489965,1806.826171875,77243334,0.0,0.0
2015-01-02,1812.8890380859375,1818.9522578718595,1809.857591025176,1812.8890380859375,83898999,0.0,0.0
2015-01-02,1818.9520330598536,1831.0784711329397,1812.8888140233105,1821.983642578125,109413939,0.0,0.0
2015-01-02,1818.9522705078125,1825.0154903358548,1812.8890506797704,1818.9522705078125,92427996,0.0,0.0
2015-01-02,1815.9206605937916,1831.078710163897,1806.8259936839288,1818.9522705078125,165214053,0.0,0.0
2015-01-02,1818.952167841584,1831.078606813222,1815.9205580986745,1828.0469970703125,89218141,0.0,0.0
2015-01-02,1821.9840148622825,1831.0788452754348,1818.9524047245652,1825.015625,94434981,0.0,0.0
2015-01-02,1818.9524926075076,1849.2684326171877,1818.9524926075076,1849.2684326171875,78198700,0.0,0.0
2015-01-02,1849.2684326171877,1849.2684326171877,1849.2684326171877,1849.2684326171875,0,0.0,0.0
2015-01-02,1831.0789101155174,1849.2684087537148,1812.8892486451014,1837.1419677734375,87112154,0.0,0.0
2015-01-02,1818.952738172837,1852.30029296875,1818.952738172837,1852.30029296875,105929629,0.0,0.0
2015-01-02,1837.141801832901,1861.394518770601,1837.141801832901,1855.331298828125,126503835,0.0,0.0
2015-01-02,1861.394518770601,1861.394518770601,1846.2366317466149,1855.331298828125,64812019,0.0,0.0
2015-01-02,1852.3001594263694,1861.3948280188488,1837.1421070518522,1846.2369384765625,55936516,0.0,0.0
2015-01-02,1861.394518770601,1861.394518770601,1846.2366317466149,1855.331298828125,69625152,0.0,0.0
2015-01-02,1855.3316070690419,1855.3316070690419,1837.1421070518522,1846.2369384765625,37006289,0.0,0.0
2015-01-02,1837.141884286079,1840.1734943933793,1806.8261088774975,1815.9207763671875,87108854,0.0,0.0
2015-01-02,1815.9205580986745,1834.1100537239397,1809.8575014450473,1828.0469970703125,59839933,0.0,0.0
2015-01-02,1834.1102294921875,1840.1734495590629,1825.0155622240816,1834.1102294921875,63930904,0.0,0.0
2015-01-02,1834.1102294921875,1834.1102294921875,1834.1102294921875,1834.1102294921875,0,0.0,0.0
2015-01-02,1815.9203420797367,1831.0783889911074,1803.7940673828125,1803.7940673828125,71365932,0.0,0.0
2015-01-02,1834.1101572457176,1834.1101572457176,1794.6995540278444,1818.9522705078125,34966853,0.0,0.0
2015-01-02,1791.6678659671236,1809.8575246578769,1785.6048092357328,1800.7626953125,100974044,0.0,0.0
2015-01-02,1797.7311639418656,1818.9522705078125,1797.7311639418656,1818.9522705078125,64340661,0.0,0.0
2015-01-02,1800.7627738558865,1818.9522705078125,1800.7627738558865,1818.9522705078125,57494143,0.0,0.0
2015-01-02,1821.9838677648206,1825.0154776577817,1809.857591025176,1812.8890380859375,91614532,0.0,0.0
2015-01-02,1794.6997369706946,1818.9524559228657,1794.6997369706946,1809.8577880859375,108926631,0.0,0.0
2015-01-02,1794.6997310229933,1815.920839681788,1794.6997310229933,1806.826171875,47172664,0.0,0.0
2015-01-02,1794.6997130595298,1806.8261537901608,1794.6997130595298,1797.7313232421875,53380622,0.0,0.0
2015-01-02,1806.8259148760847,1818.9521911710597,1794.6994757489158,1800.7626953125,168131304,0.0,0.0
2015-01-02,1806.8259936839288,1818.9522705078125,1803.7943837699077,1818.9522705078125,93380612,0.0,0.0
2015-01-02,1818.9520330598536,1825.0152520963966,1812.8888140233105,1821.983642578125,90070105,0.0,0.0
2015-01-02,1818.9520330598536,1821.983642578125,1812.8888140233105,1821.983642578125,64475413,0.0,0.0
2015-01-02,1821.983642578125,1821.983642578125,1821.983642578125,1821.983642578125,0,0.0,0.0
2015-01-02,1831.0787958256203,1903.8367858370964,1828.0471857697742,1900.80517578125,200934970,0.0,0.0
2015-01-02,1900.8051757812502,1909.900005948789,1897.7737285576122,1900.80517578125,90188907,0.0,0.0
2015-01-02,1900.8049806172585,1906.8682001064137,1882.615484981985,1885.6470947265625,135448639,0.0,0.0
2015-01-02,1885.647430363027,1885.647430363027,1837.1419914804274,1849.2684326171875,110312105,0.0,0.0
2015-01-02,1821.9835950929125,1843.2046983355617,1779.5413886076144,1782.572998046875,143143272,0.0,0.0
2015-01-02,1812.8895167858996,1858.3633515234446,1803.7948475377361,1852.30029296875,181632387,0.0,0.0
2015-01-02,1852.3000429013778,1879.584209794647,1849.2684326171877,1849.2684326171875,76614673,0.0,0.0
2015-01-02,1861.3946472899295,1870.4894778315927,1849.2683693999268,1858.363037109375,55486608,0.0,0.0
2015-01-02,1867.4581836038508,1873.5214049907881,1852.30029296875,1852.30029296875,54583492,0.0,0.0
2015-01-02,1867.4578676510382,1867.4578676510382,1834.1103184971546,1858.363037109375,75609255,0.0,0.0
2015-01-02,1879.584034637111,1879.584034637111,1837.141820278061,1864.4261474609375,100901442,0.0,0.0
2015-01-02,1879.584034637111,1879.584034637111,1855.3313174559103,1864.4261474609375,110383056,0.0,0.0
2015-01-02,1849.2686822752812,1864.4265729103822,1849.2686822752812,1852.30029296875,75044946,0.0,0.0
2015-01-02,1849.2686822752812,1867.4581836038508,1840.173850194875,1852.30029296875,69635052,0.0,0.0
2015-01-02,1855.3313174559103,1876.5524246354353,1849.2682602847642,1864.4261474609375,179268446,0.0,0.0
2015-01-02,1855.3314329395605,1876.5525414399767,1855.3314329395605,1861.3946533203125,136602009,0.0,0.0
2015-01-02,1855.3314329395605,1879.5841516303526,1855.3314329395605,1861.3946533203125,63029988,0.0,0.0
2015-01-02,1858.3630551124174,1873.5211061620344,1849.2683873148637,1867.4578857421875,79215118,0.0,0.0
2015-01-02,1867.4578857421877,1876.5525535397412,1855.331444902494,1867.4578857421875,134680276,0.0,0.0
2015-01-02,1879.5842285156248,1879.5842285156248,1858.363119147149,1879.584228515625,150718553,0.0,0.0
2015-01-02,1879.5838944812936,1900.8050000784144,1876.5522847056773,1894.741943359375,118719550,0.0,0.0
2015-01-02,1903.8366098540307,1906.868219629647,1885.6471140325261,1894.741943359375,90630565,0.0,0.0
2015-01-02,1903.836818371034,1903.836818371034,1873.521042958934,1876.552490234375,63772501,0.0,0.0
2015-01-02,1876.5526415984546,1903.8369719358873,1873.5211940784948,1891.710693359375,87973469,0.0,0.0
2015-01-02,1903.8366098540307,1909.8998294052633,1891.7103335837587,1894.741943359375,124320297,0.0,0.0
2015-01-02,1894.7423037115593,1903.8369719358873,1888.679083007191,1891.710693359375,148027906,0.0,0.0
2015-01-02,1897.7735337048728,1903.836590361836,1882.615484981985,1885.6470947265625,127284848,0.0,0.0
2015-01-02,1903.8369719358873,1903.8369719358873,1885.6474726550068,1891.710693359375,136784612,0.0,0.0
2015-01-02,1888.6789044961592,1903.8367919921875,1888.6789044961592,1903.8367919921875,53466423,0.0,0.0
2015-01-02,1903.8367724478878,1934.1527099609375,1900.8051624133623,1934.1527099609375,133842061,0.0,0.0
2015-01-02,1934.1527222751583,1946.2789996582585,1928.0895021675042,1940.2159423828125,81419556,0.0,0.0
2015-01-02,1949.310388998831,1991.7525992824185,1943.247169577693,1970.531494140625,174081306,0.0,0.0
2015-01-02,1970.5318484409888,1985.689736887023,1958.4055702506053,1964.4686279296875,87061553,0.0,0.0
2015-01-02,1976.595289309553,2040.2586232789547,1970.532068122304,1994.7847900390625,218007815,0.0,0.0
2015-01-02,1994.7847900390625,2009.9426801749476,1991.753179445438,1994.7847900390625,205777254,0.0,0.0
2015-01-02,2012.9736616020577,2043.2895952306453,1982.6578908056565,1988.720947265625,110164042,0.0,5.0
2015-01-02,1988.721371109962,2019.0373111996055,1976.5950927734375,1976.5950927734375,61585773,0.0,0.0
2015-01-02,1970.531679381697,2000.8476165050665,1922.0262451171875,1922.0262451171875,115708028,0.0,0.0
2015-01-02,1928.0895096851577,1946.2790072468333,1891.7105145618068,1903.8367919921875,86956171,0.0,0.0
2015-01-02,1909.8998171835353,1964.4683042988572,1909.8998171835353,1946.27880859375,85818202,0.0,0.0
2015-01-02,1970.532068122304,2006.911069581323,1946.2793462055458,1994.7847900390625,125462337,0.0,0.0
2015-01-02,2000.847383350118,2049.352811962382,1994.7841640655386,2025.10009765625,101541653,0.0,0.0
2015-01-02,2006.910442309903,2019.0368808942126,1982.6578908056565,1988.720947265625,120809256,0.0,0.0
2015-01-02,1994.7845554673002,2067.5427126617597,1988.7213349930407,2061.4794921875,162404055,0.0,0.0
2015-01-02,2031.1633426525984,2061.4792790574047,2031.1633426525984,2037.2265625,54675014,0.0,0.0
2015-01-02,2037.2264274532863,2037.2264274532863,2025.1001513945291,2031.1632080078125,90988291,0.0,0.0
2015-01-02,2006.910468648916,2031.1631833036454,1988.7209733659163,2000.847412109375,117102632,0.0,0.0
2015-01-02,2012.9741104518644,2049.353271484375,1988.7213907075982,2049.353271484375,151327083,0.0,0.0
2015-01-02,2055.4158979583744,2061.479117330104,2000.847412109375,2000.847412109375,114279873,0.0,0.0
2015-01-02,2000.8474585412641,2031.1632304390455,1946.2788085937498,1946.27880859375,221839511,0.0,0.0
2015-01-02,1946.2788085937498,1946.2788085937498,1946.2788085937498,1946.27880859375,0,0.0,0.0
2015-01-02,2019.036907392375,2031.1631833036454,1976.594697454646,2000.847412109375,146562241,0.0,0.0
2015-01-02,2025.1001513945291,2037.2264274532863,2006.910493058108,2031.1632080078125,71912862,0.0,0.0
2015-01-02,2031.1634646081743,2103.9216186489507,2025.1004072289347,2097.8583984375,183323556,0.0,0.0
2015-01-02,2097.8585481406844,2103.9217687848068,2049.353271484375,2049.353271484375,62940997,0.0,0.0
2015-01-02,2061.479661214788,2079.6691612967634,2043.2901611328125,2043.2901611328125,72219767,0.0,0.0
2015-01-02,2079.6689573575522,2085.732177734375,2067.542679436122,2085.732177734375,73592811,0.0,0.0
2015-01-02,2091.795654296875,2097.858712584035,2067.542932651528,2091.795654296875,67555576,0.0,0.0
2015-01-02,2091.795654296875,2091.795654296875,2073.605990938688,2091.795654296875,47317867,0.0,0.0
2015-01-02,2079.6689006353586,2097.8583984375,2055.4161826217664,2097.8583984375,105853068,0.0,0.0
2015-01-02,2097.8587263561753,2097.8587263561753,2049.353445579287,2055.41650390625,125414486,0.0,0.0
2015-01-02,2055.41650390625,2061.4797250654497,2031.1637821016875,2055.41650390625,76208216,0.0,0.0
2015-01-02,2079.6689573575522,2085.732177734375,2055.416238682476,2085.732177734375,99956306,0.0,0.0
2015-01-02,2097.8584893686207,2097.8584893686207,2055.4162717132403,2061.4794921875,82864651,0.0,0.0
2015-01-02,2085.731907935033,2097.858184287872,2067.542411989678,2073.60546875,75601775,0.0,0.0
2015-01-02,2079.6689006353586,2103.9216186489507,2067.5426230446683,2097.8583984375,72740626,0.0,0.0
2015-01-02,2097.8583984375,2097.8583984375,2097.8583984375,2097.8583984375,0,0.0,0.0
2015-01-02,2097.8583984375,2097.8583984375,2097.8583984375,2097.8583984375,0,0.0,0.0
2015-01-02,2103.921328475206,2152.4267578125,2097.858109099997,2152.4267578125,92024509,0.0,0.0
2015-01-02,2170.616677220247,2213.0588954750688,2158.490236100458,2200.9326171875,102250066,0.0,0.0
2015-01-02,2213.05858102651,2255.5007932508124,2170.6163688022075,2206.995361328125,118481396,0.0,0.0
2015-01-02,2206.995361328125,2206.995361328125,2206.995361328125,2206.995361328125,0,0.0,0.0
2015-01-02,2237.311614882427,2255.5011137298907,2188.8061760677106,2200.9326171875,100241541,0.0,0.0
2015-01-02,2200.932593332104,2200.932593332104,2158.4902127050846,2188.80615234375,77164902,0.0,0.0
2015-01-02,2188.805748399376,2188.805748399376,2097.858109099997,2152.4267578125,172049901,0.0,0.0
2015-01-02,2152.4269704355975,2176.6796875,2134.237473345347,2176.6796875,95806814,0.0,0.0
2015-01-02,2176.6796875,2176.6796875,2158.490027577545,2176.6796875,60016046,0.0,0.0
2015-01-02,2182.7424733450716,2182.7424733450716,2140.3002644656353,2164.552978515625,99669091,0.0,0.0
2015-01-02,2170.616721840441,2176.679942524974,2122.111282028625,2140.30078125,128052221,0.0,0.0
2015-01-02,2146.363525390625,2146.363525390625,2109.9845350248784,2146.363525390625,125818963,0.0,0.0
2015-01-02,2152.4267447289785,2170.616239911852,2122.110810869398,2146.363525390625,146792365,0.0,0.0
2015-01-02,2146.363538437291,2164.553033730729,2146.363538437291,2152.4267578125,95279025,0.0,0.0
2015-01-02,2140.3007140547725,2188.80615234375,2140.3007140547725,2188.80615234375,101318790,0.0,0.0
2015-01-02,2194.869396627605,2200.9326171875,2170.616677220247,2200.9326171875,89613597,0.0,0.0
2015-01-02,2200.9323604777,2213.058637350898,2176.679643899102,2194.869140625,87056383,0.0,0.0
2015-01-02,2194.869140625,2200.9323604777,2170.6164240464022,2194.869140625,87535331,0.0,0.0
2015-01-02,2194.8690973824646,2225.1848703842907,2188.8058776492203,2213.05859375,128524019,0.0,0.0
2015-01-02,2231.2482594790813,2376.764404296875,2225.1850392856118,2376.764404296875,186238386,0.0,0.0
2015-01-02,2364.638511661167,2364.638511661167,2316.133067882051,2322.1962890625,165077211,0.0,0.0
2015-01-02,2340.385637242837,2340.385637242837,2255.501197577634,2285.817138671875,155403974,0.0,0.0
2015-01-02,2297.943028592484,2340.3852412437564,2291.8798088331027,2334.322021484375,149193706,0.0,0.0
2015-01-02,2334.322122095392,2334.322122095392,2279.753630405613,2304.00634765625,134887519,0.0,0.0
2015-01-02,2304.0064124273777,2304.0064124273777,2249.4377563713374,2255.5009765625,197268607,0.0,0.0
2015-01-02,2243.375,2255.5012791770646,2200.9327786319254,2243.375,289533250,0.0,0.0
2015-01-02,2261.5645001817134,2279.7540003634263,2243.375,2243.375,160147366,0.0,0.0
2015-01-02,2267.62744140625,2273.6906620982013,2249.4379421626204,2267.62744140625,125526688,0.0,0.0
2015-01-02,2213.0586747250736,2297.9431027675955,2213.0586747250736,2291.8798828125,123946840,0.0,0.0
2015-01-02,2237.3115112947926,2255.5010093000815,2219.1220132895037,2231.248291015625,286316245,0.0,0.0
2015-01-02,2249.4380581724163,2273.690779358778,2243.375,2243.375,151721770,0.0,0.0
2015-01-02,2231.248258630061,2261.564196753662,2231.248258630061,2255.5009765625,122222231,0.0,0.0
2015-01-02,2237.3114666564443,2261.5641844570155,2231.248246498249,2249.437744140625,102455989,0.0,0.0
2015-01-02,2243.3746359457605,2304.00634765625,2243.3746359457605,2304.00634765625,89670248,0.0,0.0
2015-01-02,2310.069582317195,2358.5750205449276,2310.069582317195,2352.511962890625,119062096,0.0,0.0
2015-01-02,2364.6379702427944,2370.7011900349808,2322.1957573618915,2340.38525390625,74433005,0.0,0.0
2015-01-02,2340.3853102472176,2346.448530185366,2316.1325933268286,2328.259033203125,58183854,0.0,0.0
2015-01-02,2328.259033203125,2328.259033203125,2328.259033203125,2328.259033203125,0,0.0,0.0
2015-01-02,2334.322034114064,2340.38525390625,2316.1325375697056,2340.38525390625,69751104,0.0,0.0
2015-01-02,2328.259064906887,2340.385342116103,2291.879907614829,2304.00634765625,100658888,0.0,0.0
2015-01-02,2304.00634765625,2304.00634765625,2273.6904103849024,2304.00634765625,120299507,0.0,0.0
2015-01-02,2291.880196624942,2297.9434174102353,2279.7539178865813,2285.817138671875,114220142,0.0,0.0
2015-01-02,2279.753860310727,2310.069637807108,2279.753860310727,2297.943359375,118526277,0.0,0.0
2015-01-02,2273.6906620982013,2297.943382033782,2261.5643835465225,2267.62744140625,107300693,0.0,0.0
2015-01-02,2267.627476315994,2297.9434174102353,2261.5644183629274,2285.817138671875,84161903,0.0,0.0
2015-01-02,2291.8798828125,2297.9431027675955,2267.6271658243218,2291.8798828125,138929979,0.0,0.0
2015-01-02,2304.006580007165,2316.1328584392727,2291.880138742835,2297.943359375,118792591,0.0,0.0
2015-01-02,2297.943359375,2297.943359375,2267.627419046397,2297.943359375,68018134,0.0,0.0
2015-01-02,2304.006638195529,2304.006638195529,2285.817138671875,2285.817138671875,60785289,0.0,0.0
2015-01-02,2291.8797370264388,2310.069232902491,2243.374468967698,2261.56396484375,100183130,0.0,0.0
2015-01-02,2255.500819114955,2261.5640388828683,2213.0586064039617,2219.121826171875,155776220,0.0,0.0
2015-01-02,2261.5644183629274,2285.817138671875,2237.31169805398,2285.817138671875,143707692,0.0,0.0
2015-01-02,2255.5007754160047,2273.6902715351343,2231.2480596464334,2237.311279296875,109099004,0.0,0.0
2015-01-02,2243.374907388382,2279.75390625,2243.374907388382,2279.75390625,158650900,0.0,0.0
2015-01-02,2279.75390625,2285.817127004345,2255.501186064846,2279.75390625,140515107,0.0,0.0
2015-01-02,2273.6904296875,2273.6904296875,2243.374654990991,2273.6904296875,64433502,0.0,0.0
2015-01-02,2243.3745166862395,2255.5007932508124,2206.995361328125,2206.995361328125,165019570,0.0,0.0
2015-01-02,2206.995572731169,2231.248291015625,2152.4270787153023,2231.248291015625,249097762,0.0,0.0
2015-01-02,2237.311279296875,2255.5007754160047,2225.1848399959913,2237.311279296875,99120072,0.0,0.0
2015-01-02,2255.5011628545712,2267.62744140625,2219.122164367312,2267.62744140625,115814840,0.0,0.0
2015-01-02,2273.6903425627993,2316.1325557773503,2267.627122722949,2310.0693359375,147523988,0.0,0.0
2015-01-02,2304.0061805074924,2304.0061805074924,2219.1217577044767,2225.184814453125,159015446,0.0,0.0
2015-01-02,2158.4902009099164,2182.742919921875,2091.7954271673025,2182.742919921875,216369227,0.0,0.0
2015-01-02,2170.6166418320045,2188.8061403829192,2146.363922820046,2182.742919921875,98906118,0.0,0.0
2015-01-02,2219.1220798559216,2225.185137484748,2164.5534213709607,2182.742919921875,112691006,0.0,0.0
2015-01-02,2206.9952436928147,2213.0584630680237,2122.110823768644,2152.4267578125,108206998,0.0,0.0
2015-01-02,2176.6798622930487,2182.742919921875,2134.237644730176,2182.742919921875,143949036,0.0,0.0
2015-01-02,2182.742919921875,2182.742919921875,2182.742919921875,2182.742919921875,0,0.0,0.0
2015-01-02,2186.9586168849833,2249.443115234375,2180.710116707632,2249.443115234375,76216686,97.04093,0.0
2015-01-02,2205.703949608997,2249.443115234375,2205.703949608997,2249.443115234375,50078034,0.0,0.0
2015-01-02,2249.4432063901845,2249.4432063901845,2161.964871594481,2180.710205078125,97768588,0.0,0.0
2015-01-02,2193.2069659448516,2211.9522973772646,2168.213134765625,2168.213134765625,88018240,0.0,0.0
2015-01-02,2168.2131700733094,2180.7100019624095,2155.716338184209,2174.461669921875,74313983,0.0,0.0
2015-01-02,2205.703857421875,2205.703857421875,2174.4616934569617,2205.703857421875,53455753,0.0,0.0
2015-01-02,2211.9524560899085,2268.188622230249,2205.703955894751,2236.9462890625,94237087,0.0,0.0
2015-01-02,2280.685546875,2293.182379961724,2268.1887137882754,2280.685546875,96474306,0.0,0.0
2015-01-02,2293.182073553897,2293.182073553897,2230.6975808531633,2243.194580078125,68189737,0.0,0.0
2015-01-02,2274.436675012759,2280.6851744397673,2218.20068359375,2218.20068359375,64579915,0.0,0.0
2015-01-02,2218.20068359375,2218.20068359375,2218.20068359375,2218.20068359375,0,0.0,0.0
2015-01-02,2218.20068359375,2218.20068359375,2218.20068359375,2218.20068359375,0,0.0,0.0
2015-01-02,2274.4365953337847,2286.93359375,2261.9397647255832,2286.93359375,74694590,0.0,0.0
2015-01-02,2286.93359375,2286.93359375,2286.93359375,2286.93359375,0,0.0,0.0
2015-01-02,2286.93359375,2286.93359375,2286.93359375,2286.93359375,0,0.0,0.0
2015-01-02,2268.188622230249,2274.4369546173666,2236.9462890625,2236.9462890625,96494986,0.0,0.0
2015-01-02,2230.6978729065404,2236.946373337104,2174.461872455608,2180.710205078125,111607927,0.0,0.0
2015-01-02,2180.710205078125,2180.710205078125,2180.710205078125,2180.710205078125,0,0.0,0.0
2015-01-02,2180.710205078125,2180.710205078125,2180.710205078125,2180.710205078125,0,0.0,0.0
2015-01-02,2180.710205078125,2180.710205078125,2180.710205078125,2180.710205078125,0,0.0,0.0
2015-01-02,1993.2564994796985,2049.492494204666,1974.5111679047093,2012.0018310546875,143226213,0.0,0.0
2015-01-02,2012.0018310546875,2012.0018310546875,2012.0018310546875,2012.0018310546875,0,0.0,0.0
2015-01-02,2018.25,2024.4983309620295,1993.256172727876,2018.25,130874320,0.0,0.0
2015-01-02,1999.5051509158898,1999.5051509158898,1962.0143171145885,1968.2628173828125,159331482,0.0,0.0
2015-01-02,1968.2628740225796,1980.7597071106006,1880.7845389822915,1893.2813720703125,200761167,0.0,0.0
2015-01-02,1924.5235300596464,1937.0203620019417,1868.2873667992378,1905.7781982421875,202507337,0.0,0.0
2015-01-02,1930.772024126797,1930.772024126797,1887.0328607482886,1918.2750244140625,121509198,0.0,0.0
2015-01-02,1949.5170648693534,2018.2500496050297,1918.2747380593164,2005.7530517578125,203973553,0.0,0.0
2015-01-02,2005.7530517578125,2005.7530517578125,2005.7530517578125,2005.7530517578125,0,0.0,0.0
2015-01-02,2036.9959788345204,2061.9898140861897,1974.511474609375,1974.511474609375,177597297,0.0,0.0
2015-01-02,1968.2628798096123,1993.2567138671877,1937.0205452856312,1993.2567138671875,105848998,0.0,0.0
2015-01-02,2012.0018510274463,2012.0018510274463,1912.026524557695,1918.2750244140625,118834392,0.0,0.0
2015-01-02,1880.7843608919213,1918.2750244140623,1843.2936973697804,1918.2750244140625,328823179,0.0,0.0
2015-01-02,1918.2748912090447,1937.0202216684393,1868.2872314453123,1868.2872314453125,190119473,0.0,0.0
2015-01-02,1874.5357043334152,1899.5295338614894,1824.5480452772665,1837.0450439453125,236572616,0.0,0.0
2015-01-02,1812.0515792440785,1824.5484126201393,1718.3247415954443,1724.5732421875,569723380,0.0,0.0
2015-01-02,1730.8215554027818,1774.5607191959189,1699.5792236328127,1699.5792236328125,365772377,0.0,0.0
2015-01-02,1737.0698277083086,1824.5481522829696,1730.8214958158521,1799.5543212890625,450918248,0.0,0.0
2015-01-02,1830.7968976254754,1918.275233937296,1824.548397086617,1912.0267333984375,277046605,0.0,0.0
2015-01-02,1930.7723651235983,1955.7662011552377,1887.033194020245,1949.5177001953125,211478322,0.0,0.0
2015-01-02,1955.7657474211728,2055.7409005456166,1949.517247910888,2030.7470703125,204653144,0.0,0.0
2015-01-02,2030.7470703125002,2030.7470703125002,2030.7470703125002,2030.7470703125,0,0.0,0.0
2015-01-02,2030.7472805307066,2049.4926131940115,1962.0142822265625,1962.0142822265625,336856508,0.0,0.0
2015-01-02,1980.7593046104187,1993.2563029670343,1918.2748162513797,1924.5233154296875,343554524,0.0,0.0
2015-01-02,1924.5233154296875,1924.5233154296875,1924.5233154296875,1924.5233154296875,0,0.0,0.0
2015-01-02,1968.2628239812375,1980.7596567515375,1937.020490343423,1955.7659912109375,233134066,0.0,0.0
2015-01-02,1968.2626297098275,1974.5111293822597,1930.771967291287,1943.268798828125,149580143,0.0,0.0
2015-01-02,1949.517484386183,1974.5113176510365,1930.7721513895538,1968.2628173828125,109462340,0.0,0.0
2015-01-02,1987.0079786863162,2043.244140625,1974.511147037735,2043.244140625,202124311,0.0,0.0
2015-01-02,2005.753447710287,2030.7472805307066,1943.2689495632576,1962.0142822265625,289274526,0.0,0.0
2015-01-02,1962.0142822265625,1962.0142822265625,1962.0142822265625,1962.0142822265625,0,0.0,0.0
2015-01-02,1962.0142822265625,1962.0142822265625,1962.0142822265625,1962.0142822265625,0,0.0,0.0
2015-01-02,1962.0142822265625,1962.0142822265625,1962.0142822265625,1962.0142822265625,0,0.0,0.0
2015-01-02,1962.0142822265625,1962.0142822265625,1962.0142822265625,1962.0142822265625,0,0.0,0.0
2015-01-02,1962.0142822265625,1962.0142822265625,1962.0142822265625,1962.0142822265625,0,0.0,0.0
2015-01-02,1962.0142822265625,1962.0142822265625,1962.0142822265625,1962.0142822265625,0,0.0,0.0
2015-01-02,1962.0142822265625,1962.0142822265625,1962.0142822265625,1962.0142822265625,0,0.0,0.0
2015-01-02,1887.0328227629955,1893.2811546855546,1843.2936602649409,1849.5419921875,391042344,0.0,0.0
2015-01-02,1843.2935117173015,1868.2871730094014,1818.2996826171875,1818.2996826171875,149165766,0.0,0.0
2015-01-02,1812.0512795760528,1862.0389404296875,1793.3059487079458,1862.0389404296875,232759070,0.0,0.0
2015-01-02,1862.039270981403,1874.5361045092545,1793.306267058086,1805.8031005859375,157345947,0.0,0.0
2015-01-02,1755.8150991453426,1818.2997584039986,1755.8150991453426,1762.0635986328125,204397610,0.0,0.0
2015-01-02,1799.5542084942952,1799.5542084942952,1768.312047566168,1774.560546875,146981678,0.0,0.0
2015-01-02,1762.0638746797235,1780.809208270777,1712.076206564883,1718.32470703125,217214701,0.0,0.0
2015-01-02,1749.5667174476885,1812.0512071119595,1737.0697188300242,1774.560546875,238570030,0.0,0.0
2015-01-02,1805.802914316886,1818.2999143637219,1762.063749769032,1780.80908203125,166470935,0.0,0.0
2015-01-02,1780.8090881410506,1787.0575881859065,1730.8215912063117,1768.312255859375,97720407,0.0,0.0
2015-01-02,1768.3122559036715,1843.2937530197125,1743.3184235316576,1830.7967529296875,141800039,0.0,0.0
2015-01-02,1805.802684163123,1824.5480140362051,1787.057354290041,1818.2996826171875,69844936,0.0,0.0
2015-01-02,1818.2997064207914,1818.2997064207914,1774.560546875,1774.560546875,84006801,0.0,0.0
2015-01-02,1787.0577100654566,1893.2813790324126,1787.0577100654566,1880.7845458984375,140680769,0.0,0.0
2015-01-02,1899.529698367024,1924.5235300596464,1862.039034732106,1905.7781982421875,144808151,0.0,0.0
2015-01-02,1874.5357308677837,1874.5357308677837,1843.293569371466,1868.2872314453125,146347957,0.0,0.0
2015-01-02,1849.5420274938836,1874.5358590853182,1843.2936954520483,1855.79052734375,100852711,0.0,0.0
2015-01-02,1849.5420274938836,1893.2811908268864,1849.5420274938836,1855.79052734375,112109646,0.0,0.0
2015-01-02,1874.5358590853182,1880.7843589351846,1805.8028641608805,1855.79052734375,95277155,0.0,0.0
2015-01-02,1830.7964444702484,1837.0449434624904,1787.0572871405705,1793.3057861328125,150798524,0.0,0.0
2015-01-02,1793.306082078086,1812.051414340304,1780.80908203125,1780.80908203125,125471907,0.0,0.0
2015-01-02,1812.05160125389,1849.542269645498,1793.306267058086,1805.8031005859375,156549643,0.0,0.0
2015-01-02,1805.8027800173427,1862.0389404296875,1793.3059487079458,1862.0389404296875,79807478,0.0,0.0
2015-01-02,1874.5359523216632,1905.7782853169067,1868.2874521610065,1899.52978515625,97874520,0.0,0.0
2015-01-02,1912.0267126373992,1918.2752131084108,1880.7845458984375,1880.7845458984375,80259146,0.0,0.0
2015-01-02,1862.0388998308606,1887.0327297127267,1843.293569371466,1868.2872314453125,79152417,0.0,0.0
2015-01-02,1905.7782853169067,1918.2751178301805,1893.2812849955935,1899.52978515625,93167319,0.0,0.0
2015-01-02,1912.0265944720209,1930.7720947265625,1887.032929748707,1930.7720947265625,60176759,0.0,0.0
2015-01-02,1937.02014597829,1943.268645156598,1918.2748162513797,1924.5233154296875,73543200,0.0,0.0
2015-01-02,1924.5235242704296,1924.5235242704296,1874.535861035554,1918.2750244140625,118206281,0.0,0.0
2015-01-02,1918.2752116944619,1999.5052143335934,1905.778378569698,1993.2567138671875,161810924,0.0,0.0
2015-01-02,1999.5049083771212,2036.9955698227848,1993.2564088668364,2030.7470703125,174250489,0.0,0.0
2015-01-02,2043.2439597064556,2093.231449682677,2018.2501308143385,2080.734619140625,110650581,0.0,0.0
2015-01-02,2093.231822333455,2136.9709887293884,2086.9834898540666,2130.72265625,157644712,0.0,0.0
2015-01-02,2093.231689453125,2124.4740210989457,2080.734857479616,2093.231689453125,98346098,0.0,0.0
2015-01-02,2124.4737777498267,2124.4737777498267,2068.23762079056,2080.734619140625,99782943,0.0,0.0
2015-01-02,2080.734619140625,2093.231449682677,2061.9892894235404,2080.734619140625,76621053,0.0,0.0
2015-01-02,2093.2317534186814,2168.2132509751373,2093.2317534186814,2118.2255859375,127559853,0.0,0.0
2015-01-02,2061.989613508241,2074.486446014431,1955.7659498774872,1962.0142822265625,197264867,0.0,0.0
2015-01-02,1930.7721578622945,1968.2628239812375,1899.52982422448,1955.7659912109375,170317811,0.0,0.0
2015-01-02,1968.262393832173,2012.0015506814211,1887.0325790572858,2005.7530517578125,152206658,0.0,0.0
2015-01-02,1987.0080253871868,1987.0080253871868,1905.7781982421875,1905.7781982421875,180034939,0.0,0.0
2015-01-02,1905.7781982421875,1905.7781982421875,1905.7781982421875,1905.7781982421875,0,0.0,0.0
2015-01-02,1924.5237967935236,1993.256801522439,1924.5237967935236,1987.00830078125,111516626,0.0,0.0
2015-01-02,1955.765984654407,1987.008150379442,1949.517484386183,1968.2628173828125,65465430,0.0,0.0
2015-01-02,1968.2628173828125,1968.2628173828125,1968.2628173828125,1968.2628173828125,0,0.0,0.0
2015-01-02,1987.0079786863162,2043.244140625,1955.76581566085,2043.244140625,171421680,0.0,0.0
2015-01-02,2043.244140625,2055.7409722735806,2018.2503095198101,2043.244140625,106494709,0.0,0.0
2015-01-02,2074.4862217004797,2111.97705078125,2055.740891064105,2111.97705078125,123606274,0.0,0.0
2015-01-02,2080.734619140625,2111.9769472077746,2061.9892894235404,2080.734619140625,109603913,0.0,0.0
2015-01-02,2036.9958773843512,2061.989711391232,2030.7473769306189,2055.7412109375,87007762,0.0,0.0
2015-01-02,2055.741215107102,2068.238048231866,1993.2567138671877,1993.2567138671875,91898887,0.0,0.0
2015-01-02,1987.00830078125,1987.00830078125,1943.269131209036,1987.00830078125,156934320,0.0,0.0
2015-01-02,1987.0083887130186,2012.002224975781,1974.5115544856687,1980.7598876953125,70837593,0.0,0.0
2015-01-02,1999.5049602639622,1999.5049602639622,1930.771967291287,1943.268798828125,83758086,0.0,0.0
2015-01-02,1918.2750823277174,1918.2750823277174,1812.0514206026862,1830.7967529296875,233835878,0.0,0.0
2015-01-02,1818.2998291506199,1868.2873235712336,1818.2998291506199,1849.5419921875,226602703,0.0,0.0
2015-01-02,1862.0392054462363,1893.2813720703123,1849.5422045501682,1893.2813720703125,155714509,0.0,0.0
2015-01-02,1893.2811908268864,1893.2811908268864,1849.5420274938836,1855.79052734375,95204004,0.0,0.0
2015-01-02,1855.79052734375,1855.79052734375,1855.79052734375,1855.79052734375,0,0.0,0.0
2015-01-02,1862.0388415903835,1880.7841714634656,1818.2996826171875,1818.2996826171875,129887933,0.0,0.0
2015-01-02,1849.5416953578317,1880.7840211887144,1849.5416953578317,1874.5355224609375,138077684,0.0,0.0
2015-01-02,1893.2811927966245,1918.2750244140623,1874.535861035554,1918.2750244140625,115639387,0.0,0.0
2015-01-02,1912.0265225684545,1912.0265225684545,1843.2936954520483,1855.79052734375,100504005,0.0,0.0
2015-01-02,1855.7903741393638,1862.0388734733867,1824.5480452772665,1837.0450439453125,152222609,0.0,0.0
2015-01-02,1855.7901940856084,1887.032519916491,1855.7901940856084,1874.5355224609375,115947612,0.0,0.0
2015-01-02,1905.778262195211,1949.5174271730666,1887.032929748707,1930.7720947265625,170051827,0.0,0.0
2015-01-02,1968.2630352670267,1993.256871298666,1949.5177001953125,1949.5177001953125,223538491,0.0,0.0
2015-01-02,1949.5175476554202,1949.5175476554202,1874.536045427426,1880.7845458984375,104783739,0.0,0.0
2015-01-02,1880.7845389822915,1893.2813720703123,1862.0392054462363,1893.2813720703125,121129032,0.0,0.0
2015-01-02,1893.2810613271786,1912.0263917865732,1868.2872314453123,1868.2872314453125,73480719,0.0,0.0
2015-01-02,1874.535861035554,1924.5235242704296,1874.535861035554,1918.2750244140625,135712644,0.0,0.0
2015-01-02,1930.7721513895538,1980.759650111218,1924.5236511213297,1968.2628173828125,170043797,0.0,0.0
2015-01-02,1968.2629663657376,1993.256801522439,1968.2629663657376,1987.00830078125,100581667,0.0,0.0
2015-01-02,1968.2626297098275,1987.0079609190977,1924.5234676188547,1943.268798828125,145599614,0.0,0.0
2015-01-02,1968.2629657712673,1968.2629657712673,1924.5237962122637,1937.0206298828125,77064031,0.0,0.0
2015-01-02,1912.026179211596,1912.026179211596,1862.0386928133853,1874.5355224609375,161892546,0.0,0.0
2015-01-02,1874.5357717390843,1899.5296021659017,1849.541941312267,1862.0389404296875,160008103,0.0,0.0
2015-01-02,1855.79052734375,1880.7843589351846,1849.5420274938836,1855.79052734375,71328312,0.0,0.0
2015-01-02,1855.7907459334178,1893.2814138325007,1855.7907459334178,1887.0330810546875,56325372,0.0,0.0
2015-01-02,1893.2813790324126,1899.5298795034241,1880.7845458984375,1880.7845458984375,67385623,0.0,0.0
2015-01-02,1830.7965132632373,1843.2935117173015,1793.3058535170733,1818.2996826171875,193058944,0.0,0.0
2015-01-02,1830.7969439187852,1868.2876124838217,1824.548443221928,1843.2939453125,130162058,0.0,0.0
2015-01-02,1849.5416953578317,1893.2808508362668,1849.5416953578317,1874.5355224609375,94319479,0.0,0.0
2015-01-02,1874.5355224609377,1887.032519916491,1849.5416953578317,1874.5355224609375,71567346,0.0,0.0
2015-01-02,1912.026524557695,1924.5235242704296,1893.2811927966245,1918.2750244140625,88091831,0.0,0.0
2015-01-02,1918.275094556868,1937.020427003372,1905.778262195211,1930.7720947265625,71647977,0.0,0.0
2015-01-02,1918.2752483679062,1930.7722495396345,1887.0330810546875,1887.0330810546875,89090208,0.0,0.0
2015-01-02,1880.784366549565,1924.5235300596464,1880.784366549565,1905.7781982421875,53687637,0.0,0.0
2015-01-02,1899.5299144183648,1918.2752483679062,1880.7845804688234,1887.0330810546875,64410732,0.0,0.0
2015-01-02,1874.536113180679,1899.5299481600546,1843.2939453125,1843.2939453125,93019806,0.0,0.0
2015-01-02,1818.29953733495,1874.5355224609377,1818.29953733495,1874.5355224609375,144333712,0.0,0.0
2015-01-02,1874.5357308677837,1887.0327297127267,1862.0388998308606,1868.2872314453125,72852718,0.0,0.0
2015-01-02,1874.536113180679,1887.0331145743937,1843.2939453125,1843.2939453125,56418764,0.0,0.0
2015-01-02,1849.5422045501682,1893.2813720703123,1843.2938719101815,1893.2813720703125,79624985,0.0,0.0
2015-01-02,1905.7783181247003,1968.2628173828125,1893.2813175882523,1968.2628173828125,240391992,0.0,0.0
2015-01-02,1993.2566267597854,2030.747292303743,1974.5112939878065,1999.505126953125,216901746,0.0,0.0
2015-01-02,2024.498601034273,2055.740931244219,1993.2564386323513,2049.492431640625,184006228,0.0,0.0
2015-01-02,2036.9956408966955,2049.4924725452765,2012.0018097915058,2043.244140625,87555902,0.0,0.0
2015-01-02,2049.4922910734754,2080.734619140625,2036.995460531423,2080.734619140625,153414589,0.0,0.0
2015-01-02,2086.9834272734743,2105.728759765625,2068.2379269732855,2105.728759765625,178995971,0.0,0.0
2015-01-02,2124.4739775878,2180.709972028875,2118.2254778250044,2155.71630859375,220276054,0.0,0.0
2015-01-02,2143.219395136936,2143.219395136936,2080.734898423773,2086.9833984375,126597116,0.0,0.0
2015-01-02,2074.4862622469773,2099.480092853329,2049.492431640625,2049.492431640625,84809154,0.0,0.0
2015-01-02,2049.4925258337953,2099.4801893438957,2018.2503619960066,2093.231689453125,112074555,0.0,0.0
2015-01-02,2093.231689453125,2136.9708530724547,2093.231689453125,2093.231689453125,125174682,0.0,0.0
2015-01-02,2105.7288229083174,2136.9709887293884,2080.7349895666352,2130.72265625,117577840,0.0,0.0
2015-01-02,2143.2195381108368,2218.20103985346,2136.971037680273,2180.710205078125,191148871,0.0,0.0
2015-01-02,2211.9523986640875,2211.9523986640875,2155.716401791764,2199.45556640625,86540804,0.0,0.0
2015-01-02,2199.45556640625,2199.45556640625,2199.45556640625,2199.45556640625,0,0.0,0.0
2015-01-02,2136.970982153671,2168.213315686648,2093.2318158923285,2143.219482421875,151878633,0.0,0.0
2015-01-02,2143.219193893718,2218.20068359375,2143.219193893718,2218.20068359375,130140277,0.0,0.0
2015-01-02,2205.703833548642,2236.9461649834393,2168.2131700733094,2174.461669921875,85703360,0.0,0.0
2015-01-02,2155.71615792686,2218.200647763577,2155.71615792686,2211.9521484375,90217398,0.0,0.0
2015-01-02,2174.461784338321,2261.9401155890773,2174.461784338321,2249.443115234375,190169964,0.0,0.0
2015-01-02,2280.685546875,2286.9340473223856,2236.9463793593936,2280.685546875,105678495,0.0,0.0
2015-01-02,2311.927449776928,2349.418109847424,2299.430451214752,2318.17578125,152003595,0.0,0.0
2015-01-02,2286.9335255446276,2305.678854801877,2255.6911982438723,2261.939697265625,233078735,0.0,0.0
2015-01-02,2324.424777401638,2361.9154454861637,2305.679443359375,2305.679443359375,150413738,0.0,0.0
2015-01-02,2305.6789504958397,2343.169610566336,2299.430451214752,2318.17578125,147855643,0.0,0.0
2015-01-02,2274.437046427614,2299.43088040911,2255.691712893504,2280.685546875,154153142,0.0,0.0
2015-01-02,2274.437046427614,2299.43088040911,2255.691712893504,2280.685546875,119712097,0.0,0.0
2015-01-02,2274.436527501122,2286.9335255446276,2255.6911982438723,2261.939697265625,122365123,0.0,0.0
2015-01-02,2255.691650390625,2268.188650939118,2230.6978171016826,2255.691650390625,102384708,0.0,0.0
2015-01-02,2255.6911982438723,2268.188196287378,2236.945868986623,2261.939697265625,123936060,0.0,0.0
2015-01-02,2261.939697265625,2274.436527501122,2243.1943680083755,2261.939697265625,97374011,0.0,0.0
2015-01-02,2305.6794087260387,2305.6794087260387,2280.6855744424333,2299.430908203125,116914199,0.0,0.0
2015-01-02,2293.1824076802113,2305.6794087260387,2274.43707391952,2299.430908203125,135202785,0.0,0.0
2015-01-02,2280.6854483130905,2299.430781037104,2249.443115234375,2249.443115234375,137139148,0.0,0.0
2015-01-02,2218.2010525877395,2274.4370533615124,2218.2010525877395,2268.188720703125,130615046,0.0,0.0
2015-01-02,2249.4432056631595,2293.182373046875,2249.4432056631595,2293.182373046875,146409778,0.0,0.0
2015-01-02,2255.691712893504,2286.9340473223856,2255.691712893504,2280.685546875,74063179,0.0,0.0
2015-01-02,2255.6911982438723,2268.188196287378,2249.4426992221192,2261.939697265625,191917014,0.0,0.0
2015-01-02,2261.939697265625,2261.939697265625,2261.939697265625,2261.939697265625,0,0.0,0.0
2015-01-02,2261.939697265625,2261.939697265625,2261.939697265625,2261.939697265625,0,0.0,0.0
2015-01-02,2218.2009499636993,2268.1886157664285,2199.4556172396856,2249.443115234375,91749064,0.0,0.0
2015-01-02,2280.6850945418923,2293.181925150094,2261.9397647255832,2286.93359375,78890942,0.0,0.0
2015-01-02,2299.4304243582014,2299.4304243582014,2280.6850945418923,2286.93359375,135242605,0.0,0.0
2015-01-02,2286.93359375,2286.93359375,2286.93359375,2286.93359375,0,0.0,0.0
2015-01-02,2286.93359375,2286.93359375,2286.93359375,2286.93359375,0,0.0,0.0
2015-01-02,2255.691650390625,2274.4369834053214,2243.194817650175,2255.691650390625,82441033,0.0,0.0
2015-01-02,2236.945868986623,2274.436527501122,2236.945868986623,2261.939697265625,102805905,0.0,0.0
2015-01-02,2261.9397647255832,2286.93359375,2255.6912655174756,2286.93359375,125907734,0.0,0.0
2015-01-02,2311.927422774417,2318.175754174511,2286.93359375,2286.93359375,82106628,0.0,0.0
2015-01-02,2286.934074965347,2299.430908203125,2268.188741204656,2299.430908203125,89499635,0.0,0.0
2015-01-02,2318.1760605130507,2336.9213928064873,2305.6792282534384,2324.424560546875,131331598,0.0,0.0
2015-01-02,2336.921421763749,2343.169921875,2318.1760892380353,2343.169921875,156122176,0.0,0.0
2015-01-02,2349.418182174828,2355.6666816482775,2311.9275209501725,2330.6728515625,118649479,0.0,0.0
2015-01-02,2330.672912021564,2368.16357421875,2330.672912021564,2368.16357421875,126576436,0.0,0.0
2015-01-02,2355.6669508237173,2368.1637833905734,2336.9214502613727,2361.915283203125,154948896,0.0,0.0
2015-01-02,2368.1637833905734,2374.4122835780213,2349.418450636269,2361.915283203125,114151831,0.0,0.0
2015-01-02,2368.163811814401,2399.406145318587,2361.9153115519553,2380.66064453125,131847617,0.0,0.0
2015-01-02,2405.654512940829,2405.654512940829,2368.163846434171,2386.9091796875,105708085,0.0,0.0
2015-01-02,2374.412109375,2393.1574407540193,2374.412109375,2374.412109375,89020137,0.0,0.0
2015-01-02,2355.6669921875,2368.163824973791,2336.9214912959983,2355.6669921875,131658634,0.0,0.0
2015-01-02,2349.418491890333,2380.6606577600824,2330.6731588068747,2355.6669921875,179807675,0.0,0.0
2015-01-02,2343.169743484618,2380.6604056818032,2343.169743484618,2368.16357421875,193786497,0.0,0.0
2015-01-02,2386.9091161448773,2386.9091161448773,2361.915283203125,2361.915283203125,139857845,0.0,0.0
2015-01-02,2343.169950448821,2368.1637833905734,2343.169950448821,2361.915283203125,102940988,0.0,0.0
2015-01-02,2361.9154454861637,2386.9092801451984,2280.6856087003407,2305.679443359375,206378414,0.0,0.0
2015-01-02,2311.927756934823,2349.4184219862505,2311.927756934823,2343.169921875,159225000,0.0,0.0
2015-01-02,2374.4121335281734,2418.1512964601543,2374.4121335281734,2405.654296875,277698146,0.0,0.0
2015-01-02,2424.4001318144965,2455.6422994855584,2418.151631157063,2449.393798828125,154119152,0.0,0.0
2015-01-02,2468.139060958763,2468.139060958763,2430.6482284653903,2436.896728515625,83552603,0.0,0.0
2015-01-02,2436.896728515625,2436.896728515625,2436.896728515625,2436.896728515625,0,0.0,0.0
2015-01-02,2449.393798828125,2461.890800142992,2443.145465978744,2449.393798828125,85882773,0.0,0.0
2015-01-02,2455.6416015625,2455.6416015625,2430.647773844367,2455.6416015625,91233705,0.0,0.0
2015-01-02,2411.902861287447,2443.1451932793498,2405.65436132746,2430.648193359375,86321790,0.0,0.0
2015-01-02,2430.6481993301386,2449.393531448113,2411.9028672121635,2418.1513671875,61147416,0.0,0.0
2015-01-02,2436.896628029856,2436.896628029856,2386.9089653052984,2405.654296875,104459344,0.0,0.0
2015-01-02,2430.648067150068,2430.648067150068,2361.9150745832103,2368.16357421875,119001265,0.0,0.0
2015-01-02,2386.9089410250035,2405.6542724040223,2343.1697785379497,2374.412109375,131498911,0.0,0.0
2015-01-02,2399.406158651584,2399.406158651584,2343.169991593166,2355.6669921875,96513687,0.0,0.0
2015-01-02,2368.163674171068,2411.902837849878,2368.163674171068,2399.406005859375,103030419,0.0,0.0
2015-01-02,2436.8965200156345,2499.381011747723,2424.3996887924254,2443.14501953125,153943258,0.0,0.0
2015-01-02,2443.1451932793498,2461.890525351278,2411.902861287447,2430.648193359375,136475507,0.0,0.0
2015-01-02,2393.15735902237,2461.890350270074,2393.15735902237,2443.14501953125,125997166,0.0,0.0
2015-01-02,2411.902896122722,2443.1452285658597,2411.902896122722,2436.896728515625,89872212,0.0,0.0
2015-01-02,2461.8903756790623,2480.635706611356,2436.896545166663,2474.38720703125,117405577,0.0,0.0
2015-01-02,2474.387702997679,2480.6362038302345,2443.1455344510155,2461.890869140625,67561846,0.0,0.0
2015-01-02,2443.1451992808115,2449.393531448113,2405.654367236827,2418.1513671875,96869983,0.0,0.0
2015-01-02,2405.654296875,2418.1512964601543,2399.4059648904527,2405.654296875,117143553,0.0,0.0
2015-01-02,2418.1513671875,2430.6481993301386,2411.9028672121635,2418.1513671875,78576447,0.0,0.0
2015-01-02,2436.8967346677323,2449.3935669917146,2424.39990234375,2424.39990234375,62730673,0.0,0.0
2015-01-02,2436.8961704188287,2436.8961704188287,2411.90234375,2411.90234375,77678611,0.0,0.0
2015-01-02,2430.6482284653903,2449.3935608080583,2411.902896122722,2436.896728515625,62160643,0.0,0.0
2015-01-02,2436.896728515625,2436.896728515625,2436.896728515625,2436.896728515625,0,0.0,0.0
2015-01-02,2386.9089653052984,2424.3997962527314,2380.660465512721,2405.654296875,142765635,0.0,0.0
2015-01-02,2436.8961704188287,2436.8961704188287,2393.157015700378,2411.90234375,51418628,0.0,0.0
2015-01-02,2424.3998376484137,2430.648169739649,2380.6605061615714,2399.406005859375,69851316,0.0,0.0
2015-01-02,2374.4120738542892,2380.6604056818032,2361.9150745832103,2368.16357421875,51432598,0.0,0.0
2015-01-02,2361.9151742718004,2405.65433795061,2361.9151742718004,2399.406005859375,99175072,0.0,0.0
2015-01-02,2436.8965854072144,2468.138916015625,2430.6480857239267,2468.138916015625,106867285,0.0,0.0
2015-01-02,2493.132603770588,2518.1264349427074,2486.8842718335795,2499.381103515625,102196275,0.0,0.0
2015-01-02,2524.374940280983,2530.623440039865,2480.6357775848683,2486.88427734375,63741150,0.0,0.0
2015-01-02,2474.3872371985417,2505.629567671948,2474.3872371985417,2493.132568359375,94567643,0.0,0.0
2015-01-02,2505.629567671948,2524.374898832781,2480.6357368548283,2493.132568359375,121229463,0.0,0.0
2015-01-02,2518.126535168772,2543.120367335692,2499.381202995591,2530.62353515625,104102388,0.0,0.0
2015-01-02,2518.126961247088,2524.375462298101,2493.133124851099,2505.630126953125,90384491,0.0,0.0
2015-01-02,2530.623813771442,2549.3691480084367,2505.629978852765,2536.872314453125,75475383,0.0,0.0
2015-01-02,2549.368867329431,2549.368867329431,2524.375035162511,2530.62353515625,56170270,0.0,0.0
2015-01-02,2543.120361328125,2549.368861307103,2518.1265292202474,2543.120361328125,67263631,0.0,0.0
2015-01-02,2530.623833191433,2586.859836333971,2530.623833191433,2568.114501953125,71215890,0.0,0.0
2015-01-02,2586.8596540076464,2599.3566545861036,2580.611321526461,2593.108154296875,73530330,0.0,0.0
2015-01-02,2605.604987067289,2605.604987067289,2580.611321526461,2593.108154296875,48845023,0.0,0.0
2015-01-02,2593.108154296875,2593.108154296875,2593.108154296875,2593.108154296875,0,0.0,0.0
2015-01-02,2611.8533360676206,2674.3378319164276,2586.8595041664908,2636.84716796875,69303837,0.0,0.0
2015-01-02,2661.8406123106047,2680.5859415551568,2655.5921132930844,2668.089111328125,54041183,0.0,0.0
2015-01-02,2680.5866079127013,2680.5866079127013,2630.5989389622987,2655.5927734375,82999953,0.0,0.0
2015-01-02,2674.3379604821394,2718.077126459818,2661.841127834821,2686.8349609375,80659003,0.0,0.0
2015-01-02,2686.8349957850282,2699.331828594428,2661.841162358186,2693.08349609375,116840608,0.0,0.0
2015-01-02,2686.8349609375,2699.3317935848186,2674.3379604821394,2686.8349609375,188618827,0.0,0.0
2015-01-02,2686.8349957850282,2699.331828594428,2674.337995167585,2693.08349609375,84244625,0.0,0.0
2015-01-02,2718.0771484375,2724.325648715704,2693.08348294077,2718.0771484375,70577659,0.0,0.0
2015-01-02,2705.5798698919834,2724.325199829893,2699.331370643342,2711.828369140625,99923195,0.0,0.0
2015-01-02,2711.828369140625,2711.828369140625,2711.828369140625,2711.828369140625,0,0.0,0.0
2015-01-02,2780.561726324212,2955.5183860320117,2736.8225613972622,2786.81005859375,200241958,0.0,0.0
2015-01-02,2786.81005859375,2786.81005859375,2786.81005859375,2786.81005859375,0,0.0,0.0
2015-01-02,2786.809819556453,2786.809819556453,2755.5676574644344,2774.31298828125,112161787,0.0,0.0
2015-01-02,2755.5678650490013,2780.561697290284,2755.5678650490013,2768.064697265625,60325921,0.0,0.0
2015-01-02,2755.568080579189,2768.064913773268,2749.319580078125,2749.319580078125,190094393,0.0,0.0
2015-01-02,2736.8224089647365,2743.0707408862613,2661.840915634186,2705.580078125,202913024,0.0,0.0
2015-01-02,2649.3439161750803,2724.3254095056304,2630.59858479445,2705.580078125,146163924,0.0,0.0
2015-01-02,2680.586040705432,2718.0767005812513,2674.3375414567904,2711.828369140625,84609831,0.0,0.0
2015-01-02,2743.071051817613,2755.5680526932733,2711.8288852445567,2730.57421875,140586828,0.0,0.0
2015-01-02,2730.57421875,2730.57421875,2730.57421875,2730.57421875,0,0.0,0.0
2015-01-02,2761.8163853230562,2761.8163853230562,2711.8288852445567,2730.57421875,139594281,0.0,0.0
2015-01-02,2705.580419128817,2749.3195871323937,2693.0835859026733,2736.82275390625,120435690,0.0,0.0
2015-01-02,2686.834619402177,2686.834619402177,2618.1016290587713,2643.095458984375,157313497,0.0,0.0
2015-01-02,2630.5989389622987,2674.3381073418886,2630.5989389622987,2655.5927734375,124070152,0.0,0.0
2015-01-02,2655.592499942589,2655.592499942589,2611.8533360676206,2636.84716796875,132170032,0.0,0.0
2015-01-02,2586.8598709277057,2599.356872554094,2574.363037109375,2574.363037109375,179677103,0.0,0.0
2015-01-02,2561.8660354829867,2599.356872554094,2555.61770247785,2574.363037109375,132313475,0.0,0.0
2015-01-02,2580.6112228068387,2586.859555048998,2561.86572265625,2561.86572265625,79066285,0.0,0.0
2015-01-02,2499.381202995591,2555.61736732317,2480.6358708224097,2530.62353515625,126601626,0.0,0.0
2015-01-02,2530.6235214870367,2536.872021447024,2430.648193359375,2430.648193359375,184137240,0.0,0.0
2015-01-02,2461.8899970876573,2493.1321545676947,2386.9085170811713,2411.90234375,158507017,0.0,0.0
2015-01-02,2443.145066421147,2443.145066421147,2355.6667427556963,2368.16357421875,170721848,0.0,0.0
2015-01-02,2374.412254623215,2405.6544195633924,2286.933924297858,2343.169921875,181806520,0.0,0.0
2015-01-02,2374.412254623215,2399.40608726018,2318.1760892380353,2343.169921875,227189674,0.0,0.0
2015-01-02,2318.17615821254,2393.157658354417,2318.17615821254,2355.6669921875,130499434,0.0,0.0
2015-01-02,2386.9089653052984,2430.648128237279,2374.4121335281734,2405.654296875,230153565,0.0,0.0
2015-01-02,2445.884558875867,2542.9435058004638,2439.4140898483784,2491.1787109375,165441097,120.15633,0.0
2015-01-02,2523.53203126605,2568.8261883550417,2497.649630961789,2536.47314453125,135938587,0.0,0.0
2015-01-02,2542.9435813191108,2555.8848673060947,2465.29638671875,2465.29638671875,414291135,0.0,0.0
2015-01-02,2517.0612644022385,2555.884949843073,2497.6495085687484,2549.414306640625,153687174,0.0,0.0
2015-01-02,2549.414306640625,2549.414306640625,2549.414306640625,2549.414306640625,0,0.0,0.0
2015-01-02,2581.7670529771945,2665.884889308346,2575.296583854679,2652.943603515625,287219580,0.0,0.0
2015-01-02,2652.943603515625,2652.943603515625,2652.943603515625,2652.943603515625,0,0.0,0.0
2015-01-02,2652.943603515625,2652.943603515625,2652.943603515625,2652.943603515625,0,0.0,0.0
2015-01-02,2652.943603515625,2652.943603515625,2652.943603515625,2652.943603515625,0,0.0,0.0
2015-01-02,2652.943603515625,2652.943603515625,2652.943603515625,2652.943603515625,0,0.0,0.0
2015-01-02,2652.943603515625,2652.943603515625,2652.943603515625,2652.943603515625,0,0.0,0.0
2015-01-02,2730.59112390698,2762.944168488839,2717.650010338556,2737.061767578125,216423568,0.0,0.0
2015-01-02,2750.002881146549,2750.002881146549,2685.2969657566973,2737.061767578125,127900199,0.0,0.0
2015-01-02,2698.237961547177,2724.120361328125,2698.237961547177,2724.120361328125,102196275,0.0,0.0
2015-01-02,2750.0027718660945,2750.0027718660945,2704.708615515725,2717.64990234375,128510489,0.0,0.0
2015-01-02,2698.2380793251214,2743.532237475404,2698.2380793251214,2737.061767578125,79530053,0.0,0.0
2015-01-02,2750.0027718660945,2750.0027718660945,2717.64990234375,2717.64990234375,60714008,0.0,0.0
2015-01-02,2704.7085894071784,2756.473388671875,2704.7085894071784,2756.473388671875,174179428,0.0,0.0
2015-01-02,2795.296765101059,2808.2380511739143,2769.414366729197,2775.885009765625,183945837,0.0,0.0
2015-01-02,2801.7672835987732,2801.7672835987732,2769.414243628578,2788.826171875,118489316,0.0,0.0
2015-01-02,2775.885044937553,2821.17919921875,2756.473289356162,2821.17919921875,187213443,0.0,0.0
2015-01-02,2788.826171875,2814.7083953225465,2775.884886377385,2788.826171875,90828128,0.0,0.0
2015-01-02,2814.7084459408748,2814.7084459408748,2775.8849362975307,2801.767333984375,65402729,0.0,0.0
2015-01-02,2801.7674436373586,2827.6498423371645,2795.2968005189446,2821.17919921875,113137174,0.0,0.0
2015-01-02,2834.120849609375,2840.5913197853233,2814.7089177599096,2834.120849609375,89922813,0.0,0.0
2015-01-02,2827.6498423371645,2847.061597918556,2814.708556100336,2821.17919921875,112840719,0.0,0.0
2015-01-02,2847.061573196271,2860.002685546875,2834.120460845667,2860.002685546875,115331382,0.0,0.0
2015-01-02,2860.0026958742415,2860.0026958742415,2821.17918490839,2853.5322265625,147886774,0.0,0.0
2015-01-02,2840.591124074118,2860.0028808122775,2821.1793673359584,2847.061767578125,81810503,0.0,0.0
2015-01-02,2821.1790656501576,2847.061463124562,2821.1790656501576,2840.5908203125,42557425,0.0,0.0
2015-01-02,2860.0028808122775,2860.0028808122775,2834.120654343972,2847.061767578125,59149341,0.0,0.0
2015-01-02,2834.120654343972,2853.532411082132,2827.6500108399655,2847.061767578125,50857398,0.0,0.0
2015-01-02,2827.649827993982,2853.5322265625,2827.649827993982,2853.5322265625,71191359,0.0,0.0
2015-01-02,2853.5324431190547,2898.8266006079034,2847.0617995424013,2892.35595703125,89077008,0.0,0.0
2015-01-02,2905.2969944351166,2937.6502114723253,2898.8265248015337,2918.23828125,100559886,0.0,0.0
2015-01-02,2918.23828125,2937.6502114723253,2905.2969944351166,2918.23828125,71034166,0.0,0.0
2015-01-02,2937.6503311710976,2950.5912709655604,2924.709043828903,2931.1796875,75851590,0.0,0.0
2015-01-02,2911.7674934430675,2944.120361328125,2911.7674934430675,2944.120361328125,92926745,0.0,0.0
2015-01-02,2924.708740234375,2944.1203216849485,2911.767454235529,2924.708740234375,71834980,0.0,0.0
2015-01-02,2911.767664709891,2918.2383081770386,2872.944151454728,2879.414794921875,84732483,0.0,0.0
2015-01-02,2879.4149028013917,2905.297130091958,2872.944259091817,2898.82666015625,70769832,0.0,0.0
2015-01-02,2911.767578125,2918.2382213997353,2885.885178799915,2911.767578125,46139636,0.0,0.0
2015-01-02,2911.7677628258093,2911.7677628258093,2892.3560055441226,2905.297119140625,47649853,0.0,0.0
2015-01-02,2924.7089516441856,2924.7089516441856,2872.944151454728,2879.414794921875,58359418,0.0,0.0
2015-01-02,2892.3556526613565,2898.826295557088,2879.4145406437387,2885.885009765625,66445547,0.0,0.0
2015-01-02,2853.5320930813577,2892.3556022311423,2847.0614502984463,2872.94384765625,85121120,0.0,0.0
2015-01-02,2898.826295557088,2898.826295557088,2872.943897748007,2885.885009765625,101066445,0.0,0.0
2015-01-02,2911.767578125,2911.767578125,2885.885178799915,2911.767578125,75632686,0.0,0.0
2015-01-02,2911.767773801533,2918.2384175111083,2879.4149028013917,2898.82666015625,116420070,0.0,0.0
2015-01-02,2905.2970212427435,2918.2383081770386,2853.532394827146,2879.414794921875,157991988,0.0,0.0
2015-01-02,2847.0617513599987,2892.3559080823093,2840.5911078928516,2879.414794921875,131279017,0.0,0.0
2015-01-02,2853.532153437716,2860.002622583645,2762.94384765625,2762.94384765625,165923785,0.0,0.0
2015-01-02,2652.943603515625,2724.120154054055,2601.178981666276,2652.943603515625,272405185,0.0,0.0
2015-01-02,2678.826131548459,2775.8850846166492,2678.826131548459,2750.002685546875,161676832,0.0,0.0
2015-01-02,2750.002611393763,2795.296765101059,2750.002611393763,2775.885009765625,102671923,0.0,0.0
2015-01-02,2801.767333984375,2814.7084459408748,2782.3555791627027,2801.767333984375,90719996,0.0,0.0
2015-01-02,2834.1207594350562,2834.1207594350562,2775.8853132873073,2782.35595703125,56163890,0.0,0.0
2015-01-02,2801.7673473469436,2801.7673473469436,2750.0025517263716,2769.414306640625,88148482,0.0,0.0
2015-01-02,2801.767333984375,2814.7084459408748,2788.826222027875,2801.767333984375,102602292,0.0,0.0
2015-01-02,2724.1202864771008,2769.4144414057423,2704.7085306182335,2750.002685546875,126758709,0.0,0.0
2015-01-02,2750.0027611090736,2756.473404497775,2717.6498917132817,2724.120361328125,102969368,0.0,0.0
2015-01-02,2672.3553867796013,2730.5906483562453,2672.3553867796013,2704.708251953125,66407047,0.0,0.0
2015-01-02,2704.7083991388185,2717.64968493154,2646.4731343931094,2652.943603515625,112883069,0.0,0.0
2015-01-02,2652.944182589719,2698.238345203182,2614.120664285003,2620.59130859375,92826643,0.0,0.0
2015-01-02,2627.0615129705666,2678.8261374503063,2588.237827393444,2633.531982421875,136489697,0.0,0.0
2015-01-02,2607.6494013121483,2652.9435531795857,2601.1789323124012,2640.00244140625,64061696,0.0,0.0
2015-01-02,2601.1791138437693,2633.531982421875,2588.237827393444,2633.531982421875,71268030,0.0,0.0
2015-01-02,2672.3557459933804,2724.1203719839036,2640.002702697177,2717.64990234375,196025365,0.0,0.0
2015-01-02,2730.59120114805,2743.5323150825434,2711.179443359375,2711.179443359375,109954819,0.0,0.0
2015-01-02,2730.591015397916,2730.591015397916,2691.767502461559,2717.64990234375,74831102,0.0,0.0
2015-01-02,2711.179051845742,2762.94384765625,2665.884898955009,2762.94384765625,119899980,0.0,0.0
2015-01-02,2762.944108330553,2769.4145780869485,2724.120420922867,2730.591064453125,75321490,0.0,0.0
2015-01-02,2704.708631583497,2762.944075107849,2672.355761868955,2685.296875,83772936,0.0,0.0
2015-01-02,2704.708200914188,2704.708200914188,2652.9434090847703,2691.76708984375,84356057,0.0,0.0
2015-01-02,2730.591064453125,2737.061707983383,2704.7086641059554,2730.591064453125,84846225,0.0,0.0
2015-01-02,2756.473204736475,2775.884959721954,2750.0025618167,2762.94384765625,125869894,0.0,0.0
2015-01-02,2775.885238626674,2775.885238626674,2698.238037109375,2698.238037109375,75150988,0.0,0.0
2015-01-02,2704.708799505193,2711.179443359375,2685.2970417165175,2711.179443359375,76217016,0.0,0.0
2015-01-02,2685.296774759366,2756.473328757782,2685.296774759366,2750.002685546875,125741191,0.0,0.0
2015-01-02,2782.3555924326906,2814.7084593651643,2762.9438375184372,2769.414306640625,95813194,0.0,0.0
2015-01-02,2795.296640849966,2795.296640849966,2769.414243628578,2788.826171875,61703145,0.0,0.0
2015-01-02,2775.8853605795825,2775.8853605795825,2652.9439962194783,2711.179443359375,145880779,0.0,0.0
2015-01-02,2691.767417970273,2750.002685546875,2672.3556621114058,2750.002685546875,117840195,0.0,0.0
2015-01-02,2743.5322265625,2756.4735138533133,2724.120469400145,2743.5322265625,84048931,0.0,0.0
2015-01-02,2717.649951166471,2737.061707983383,2717.649951166471,2730.591064453125,101320660,0.0,0.0
2015-01-02,2717.649485758459,2730.590596828897,2672.3553363511764,2691.76708984375,239258752,0.0,0.0
2015-01-02,2691.7671406384825,2717.649537041603,2691.7671406384825,2704.708251953125,93391943,0.0,0.0
2015-01-02,2691.7675951920046,2691.7675951920046,2659.41455078125,2659.41455078125,104585626,0.0,0.0
2015-01-02,2633.5317986326613,2665.8848387267635,2601.1789323124012,2640.00244140625,91472409,0.0,0.0
2015-01-02,2659.414448762683,2724.120361328125,2652.9438053739814,2724.120361328125,88134402,0.0,0.0
2015-01-02,2724.120005812006,2724.120005812006,2691.7671406384825,2704.708251953125,63434135,0.0,0.0
2015-01-02,2717.649807727797,2717.649807727797,2659.41436657689,2665.885009765625,83981500,0.0,0.0
2015-01-02,2665.8850247738346,2672.3556679989974,2633.531982421875,2633.531982421875,87507501,0.0,0.0
2015-01-02,2620.5907987937426,2646.473197219782,2536.4729604656527,2542.943603515625,182983980,0.0,0.0
2015-01-02,2504.1200709058544,2517.061183118991,2465.29638671875,2465.29638671875,195391424,0.0,0.0
2015-01-02,2510.590853834278,2562.3554793459193,2497.649567125974,2555.885009765625,103236563,0.0,0.0
2015-01-02,2568.8261386341765,2581.7672516488947,2497.64958261858,2523.531982421875,139378677,0.0,0.0
2015-01-02,2562.355358891692,2562.355358891692,2517.0612050895857,2542.943603515625,131777876,0.0,0.0
2015-01-02,2555.884755672342,2581.766978968153,2536.4728275397238,2562.355224609375,129617548,0.0,0.0
2015-01-02,2568.8263268365845,2581.76744079942,2510.591053343018,2517.0615234375,118644859,0.0,0.0
2015-01-02,2555.8850750898423,2562.355544835511,2530.002674785581,2536.47314453125,112429201,0.0,0.0
2015-01-02,2555.8850750898423,2575.2968318745725,2530.002674785581,2536.47314453125,120763165,0.0,0.0
2015-01-02,2568.8260624741156,2568.8260624741156,2517.0612644022385,2549.414306640625,140902423,0.0,0.0
2015-01-02,2562.3555769563054,2581.767333984375,2549.414463528881,2581.767333984375,90212558,0.0,0.0
2015-01-02,2588.238260823898,2620.59130859375,2581.767616515151,2620.59130859375,115003686,0.0,0.0
2015-01-02,2620.5910093659395,2711.17932424919,2620.5910093659395,2698.238037109375,113976708,0.0,0.0
2015-01-02,2698.2378781615926,2711.179164539062,2659.41436657689,2665.885009765625,89234971,0.0,0.0
2015-01-02,2640.0024189704636,2678.825927734375,2633.531776251865,2678.825927734375,90846609,0.0,0.0
2015-01-02,2685.2964980942434,2704.708251953125,2640.002347832242,2704.708251953125,139892606,0.0,0.0
2015-01-02,2704.70875342554,2782.35595703125,2704.70875342554,2782.35595703125,172727403,0.0,0.0
2015-01-02,2782.355925728408,2795.2970392968314,2730.59112390698,2737.061767578125,123528393,0.0,0.0
2015-01-02,2737.061767578125,2756.473524817694,2730.59112390698,2737.061767578125,42188588,0.0,0.0
2015-01-02,2743.532237475404,2750.002881146549,2704.7087229962663,2737.061767578125,90745077,0.0,0.0
2015-01-02,2756.473328757782,2756.473328757782,2711.1791738291404,2750.002685546875,52187101,0.0,0.0
2015-01-02,2724.120361328125,2743.532117720372,2691.767491932333,2724.120361328125,83146256,0.0,0.0
2015-01-02,2730.5906483562453,2730.5906483562453,2685.2964980942434,2704.708251953125,69610742,0.0,0.0
2015-01-02,2704.708200914188,2724.119954406762,2685.2964474216146,2691.76708984375,55300375,0.0,0.0
2015-01-02,2711.179397169483,2782.35595703125,2698.2381096815975,2782.35595703125,145802018,0.0,0.0
2015-01-02,2801.767142150889,2801.767142150889,2691.76708984375,2691.76708984375,145752957,0.0,0.0
2015-01-02,2691.7678959114646,2691.7678959114646,2562.3558775846336,2588.23828125,321561514,0.0,0.0
2015-01-02,2594.708621185664,2607.6497346130886,2575.2968641575944,2581.767333984375,148082467,0.0,0.0
2015-01-02,2555.8854069987055,2588.23828125,2555.8854069987055,2588.23828125,125489617,0.0,0.0
2015-01-02,2588.23828125,2607.6500405555535,2575.297166304259,2588.23828125,120754695,0.0,0.0
2015-01-02,2588.237621679026,2594.708264389899,2536.4728275397238,2562.355224609375,165100201,0.0,0.0
2015-01-02,2555.884949843073,2568.8260624741156,2523.5319076046867,2549.414306640625,129874843,0.0,0.0
2015-01-02,2588.237944556936,2652.9438584160866,2562.355544258503,2646.473388671875,134210348,0.0,0.0
2015-01-02,2646.4732539732736,2678.826122369241,2620.5908549921874,2665.885009765625,102464019,0.0,0.0
2015-01-02,2685.2970417165175,2711.179443359375,2640.0028822849854,2711.179443359375,155302002,0.0,0.0
2015-01-02,2698.238020575697,2756.4734648002946,2685.2969072890437,2730.591064453125,170292181,0.0,0.0
2015-01-02,2717.649951166471,2737.061707983383,2678.8262637587854,2730.591064453125,125613039,0.0,0.0
2015-01-02,2737.0616481055285,2750.0027611090736,2691.767491932333,2724.120361328125,82167459,0.0,0.0
2015-01-02,2685.297071107385,2704.708829108524,2665.885313106246,2672.35595703125,62254255,0.0,0.0
2015-01-02,2685.296875,2704.708631583497,2652.9438315115976,2685.296875,244288809,0.0,0.0
2015-01-02,2652.94387966775,2724.1204376151413,2652.94387966775,2698.238037109375,72910799,0.0,0.0
2015-01-02,2672.35611551596,2698.238345203182,2620.59130859375,2620.59130859375,67893172,0.0,0.0
2015-01-02,2627.061631891516,2665.885145452234,2594.708588075009,2646.473388671875,70620339,0.0,0.0
2015-01-02,2685.2968485436318,2724.120361328125,2665.885092151385,2724.120361328125,60937642,0.0,0.0
2015-01-02,2724.1204376151413,2730.5910811850486,2691.767567313331,2698.238037109375,48090300,0.0,0.0
2015-01-02,2717.6501169585317,2717.6501169585317,2665.885313106246,2672.35595703125,55684281,0.0,0.0
2015-01-02,2717.649951166471,2737.061707983383,2698.238020575697,2730.591064453125,80063892,0.0,0.0
2015-01-02,2750.0028381209077,2750.0028381209077,2698.238037109375,2698.238037109375,73924136,0.0,0.0
2015-01-02,2711.1788944973637,2724.120005812006,2685.2964980942434,2704.708251953125,52623808,0.0,0.0
2015-01-02,2678.8262801735164,2704.7086806792827,2672.355810377472,2698.238037109375,88013950,0.0,0.0
2015-01-02,2711.17924832458,2724.120361328125,2691.767491932333,2724.120361328125,69260056,0.0,0.0
2015-01-02,2737.0615728989146,2762.943971968689,2724.1202864771008,2750.002685546875,138108485,0.0,0.0
2015-01-02,2769.414306640625,2775.8849495366576,2743.5319088303386,2769.414306640625,184381444,0.0,0.0
2015-01-02,2782.3555791627027,2814.7084459408748,2775.8849362975307,2801.767333984375,196854450,0.0,0.0
2015-01-02,2821.1793837760893,2821.1793837760893,2782.35587007353,2814.708740234375,155154269,0.0,0.0
2015-01-02,2834.120654343972,2847.061767578125,2814.7087238319514,2847.061767578125,174183278,0.0,0.0
2015-01-02,2814.708740234375,2827.650027317803,2795.2969833830957,2814.708740234375,103421146,0.0,0.0
2015-01-02,2814.708556100336,2827.6498423371645,2795.2968005189446,2821.17919921875,171838258,0.0,0.0
2015-01-02,2879.414794921875,2892.3559080823093,2821.17935126527,2879.414794921875,135606712,0.0,0.0
2015-01-02,2860.0026958742415,2879.4146251310176,2847.061583476908,2853.5322265625,55258354,0.0,0.0
2015-01-02,2834.1207616156294,2872.9442765614212,2834.1207616156294,2866.4736328125,62113562,0.0,0.0
2015-01-02,2879.4148113242986,2879.4148113242986,2821.1793673359584,2847.061767578125,73085482,0.0,0.0
2015-01-02,2847.061583476908,2853.5322265625,2821.17918490839,2853.5322265625,45886302,0.0,0.0
2015-01-02,2860.002685546875,2872.943971671328,2840.5909301340444,2860.002685546875,91189705,0.0,0.0
2015-01-02,2821.179502669967,2840.591260339322,2795.297101186203,2827.650146484375,48648450,0.0,0.0
2015-01-02,2853.532411082132,2853.532411082132,2834.120654343972,2847.061767578125,114344885,0.0,0.0
2015-01-02,2834.120849609375,2847.061963735145,2808.2384475839613,2834.120849609375,188929583,0.0,0.0
2015-01-02,2847.061767578125,2860.0028808122775,2827.6500108399655,2847.061767578125,79280569,0.0,0.0
2015-01-02,2866.4733389598337,2866.4733389598337,2840.590940391316,2853.5322265625,137292491,0.0,0.0
2015-01-02,2866.473481538184,2918.23828125,2860.0028381307425,2918.23828125,122488655,0.0,0.0
2015-01-02,2937.650185077928,2976.4736976260365,2924.7088983793205,2957.061767578125,174258629,0.0,0.0
2015-01-02,2957.0615836157426,2963.5322265625,2931.1793593764064,2963.5322265625,112825318,0.0,0.0
2015-01-02,2957.061767578125,2970.0030542767327,2918.2382550300167,2957.061767578125,147387255,0.0,0.0
2015-01-02,2989.4148542268968,3002.3561418668532,2976.47391413468,2995.885498046875,133295352,0.0,0.0
2015-01-02,3034.7087010547752,3034.7087010547752,2995.8851896787705,3015.297119140625,90022804,0.0,0.0
2015-01-02,3021.767822265625,3028.238465547995,3002.3558924185145,3021.767822265625,81224962,0.0,0.0
2015-01-02,3028.238320971116,3047.64990234375,3021.767677997673,3047.64990234375,90609115,0.0,0.0
2015-01-02,3054.1207250104467,3080.002950879339,3034.7087949479915,3067.06201171875,153849977,0.0,0.0
2015-01-02,3060.5913683645986,3073.532655072902,3028.2384991415547,3067.06201171875,105620964,0.0,0.0
2015-01-02,3041.179530358615,3041.179530358615,3002.356016606232,3008.82666015625,103076840,0.0,0.0
2015-01-02,2963.532567703162,3002.356082305098,2957.06192401155,2989.414794921875,104935872,0.0,0.0
2015-01-02,2989.414794921875,3015.297369688321,2976.473855086385,2989.414794921875,214362682,0.0,0.0
2015-01-02,3041.179246828202,3041.179246828202,2963.5322265625,2963.5322265625,96500596,0.0,0.0
2015-01-02,2957.0615602971366,2963.532203192868,2885.885009765625,2885.885009765625,150763654,0.0,0.0
2015-01-02,2885.885009765625,2905.296764678975,2879.4145406437387,2885.885009765625,144745560,0.0,0.0
2015-01-02,3034.7087311945156,3034.7087311945156,2924.7088391279694,2950.591064453125,123617275,0.0,0.0
2015-01-02,2957.061707671341,2963.5323508895567,2918.238195909754,2950.591064453125,100395764,0.0,0.0
2015-01-02,2970.002933674331,2970.002933674331,2931.179422702722,2944.120361328125,104342852,0.0,0.0
2015-01-02,2963.5322905877797,2963.5322905877797,2937.650065789274,2944.120361328125,146349277,0.0,0.0
2015-01-02,2911.767578125,2931.1795079492053,2847.0616666992155,2911.767578125,187982906,0.0,0.0
2015-01-02,2937.6502114723253,2937.6502114723253,2898.8265248015337,2918.23828125,93666727,0.0,0.0
2015-01-02,2924.709043828903,2950.5912709655604,2924.709043828903,2931.1796875,143167912,0.0,0.0
2015-01-02,2963.532410927429,2970.0030542767327,2937.650185077928,2957.061767578125,87683284,0.0,0.0
2015-01-02,2931.179422702722,2970.002933674331,2931.179422702722,2944.120361328125,139707803,0.0,0.0
2015-01-02,2898.8266006079034,2937.650288293962,2892.35595703125,2892.35595703125,131738165,0.0,0.0
2015-01-02,2892.355924558451,2911.7676812966106,2847.061767578125,2847.061767578125,97565635,0.0,0.0
2015-01-02,2885.8853727370997,2898.82666015625,2879.4149028013917,2898.82666015625,110893685,0.0,0.0
2015-01-02,2924.7088391279694,2963.5323508895567,2918.238195909754,2950.591064453125,108000305,0.0,0.0
2015-01-02,2950.591150739491,2950.591150739491,2918.23828125,2918.23828125,117658802,0.0,0.0
2015-01-02,2937.650337566547,2937.650337566547,2892.3560055441226,2905.297119140625,113200755,0.0,0.0
2015-01-02,2885.885178799915,2944.120446950965,2885.885178799915,2911.767578125,125324724,0.0,0.0
2015-01-02,2911.767773801533,2918.2384175111083,2892.356016446675,2898.82666015625,164120194,0.0,0.0
2015-01-02,2944.679299811364,2944.679299811364,2769.880941515274,2776.60400390625,227877075,152.90845,0.0
2015-01-02,2682.4815553282715,2816.94189453125,2628.6976001998273,2816.94189453125,211162617,0.0,0.0
2015-01-02,2816.9420158936696,2823.665078281655,2675.7587890625,2675.7587890625,206428685,0.0,0.0
2015-01-02,2722.8196224682524,2810.2187035265824,2689.2044940712663,2756.4345703125,218258509,0.0,0.0
2015-01-02,2783.3264657957843,2850.556537903596,2776.6035849719124,2837.110595703125,127937929,0.0,0.0
2015-01-02,2884.171951110937,2890.8950131562524,2776.6038611496147,2790.0498046875,146949558,0.0,0.0
2015-01-02,2716.0967405276087,2722.819802762729,2689.20467213988,2695.927734375,175334118,0.0,0.0
2015-01-02,2621.9746064230503,2655.589737237901,2521.12939453125,2521.12939453125,163934401,0.0,0.0
2015-01-02,2541.2980111288625,2709.373278325774,2541.2980111288625,2628.697265625,182576203,0.0,0.0
2015-01-02,2655.589330042833,2709.373278325774,2608.528262449807,2628.697265625,195275262,0.0,0.0
2015-01-02,2568.1902949168157,2581.6364185506372,2420.284018261214,2427.007080078125,167137546,0.0,0.0
2015-01-02,2427.0073040658376,2534.5755808528943,2258.932007000629,2500.96044921875,295725807,0.0,0.0
2015-01-02,2521.1292375837056,2521.1292375837056,2326.1618882109033,2353.053955078125,196265939,0.0,0.0
2015-01-02,2353.053875339017,2400.114945623688,2191.70166015625,2191.70166015625,229429422,0.0,0.0
2015-01-02,2198.4246471529495,2312.715788171176,2077.4104447357895,2111.025390625,272919333,0.0,0.0
2015-01-02,2104.3024868348994,2111.0253676078028,1969.8421630859375,1969.8421630859375,151744210,0.0,0.0
2015-01-02,1969.8422118724618,1996.7342772882826,1835.38206534609,1889.166015625,658210668,0.0,0.0
2015-01-02,1781.598082750259,1815.2132124551254,1761.4290771484375,1761.4290771484375,180848183,0.0,0.0
2015-01-02,1734.5368084526135,1848.8279473177863,1640.4146728515625,1640.4146728515625,544651637,0.0,0.0
2015-01-02,1680.7525558670873,2016.9030670405048,1680.7525558670873,1976.5650634765625,698059077,0.0,0.0
2015-01-02,2016.9033765330137,2467.345087292729,2016.9033765330137,2171.53271484375,529032687,0.0,0.0
2015-01-02,2117.7486092036693,2117.7486092036693,2023.62646484375,2023.62646484375,239264252,0.0,0.0
2015-01-02,2084.13343978514,2151.3636963529984,1996.7343590207586,2030.3494873046875,346502244,0.0,0.0
2015-01-02,2023.6262925855224,2070.6873607594775,1949.673159661775,1969.8421630859375,298923123,0.0,0.0
2015-01-02,1916.0583914390372,1949.6735237925905,1882.4434396382446,1929.5045166015625,329876337,0.0,0.0
2015-01-02,1969.8425089242637,1983.2886339362121,1902.6124255227965,1942.950439453125,322467159,0.0,0.0
2015-01-02,1983.28841603883,2037.0723685192827,1956.3963495222345,2030.3494873046875,313615306,0.0,0.0
2015-01-02,2084.1333345137623,2178.255472291287,1983.288315861221,2037.072265625,445935822,0.0,0.0
2015-01-02,2016.9032396894113,2043.7953045515974,1895.8890380859377,1895.8890380859375,322246825,0.0,0.0
2015-01-02,1922.7812877372028,1956.3964171837024,1848.8281473970992,1875.72021484375,292370749,0.0,0.0
2015-01-02,1875.7204814912056,1909.3356157163437,1815.2134565492813,1862.2745361328125,136106890,0.0,0.0
2015-01-02,1875.7202000855125,1949.67333984375,1862.2742567443527,1949.67333984375,241711574,0.0,0.0
2015-01-02,1949.6734183684455,2010.1804366697497,1835.3822634308153,1855.55126953125,351010672,0.0,0.0
2015-01-02,1862.274327727887,1862.274327727887,1734.537048630615,1754.7060546875,404530667,0.0,0.0
2015-01-02,1795.0441488034342,1909.3354892681507,1788.321266845854,1902.6124267578125,442565694,0.0,0.0
2015-01-02,1936.2272721453294,1949.673396429482,1855.5512486514085,1868.9971923828125,244213568,0.0,0.0
2015-01-02,1848.828062133846,1875.720128340303,1808.4900531005287,1828.6590576171875,146163154,0.0,0.0
2015-01-02,1815.2131985033443,1902.6122822904008,1781.5980690568447,1875.72021484375,197501041,0.0,0.0
2015-01-02,1902.6119955714453,1936.226939399511,1875.7199321773626,1882.4429931640625,237791877,0.0,0.0
2015-01-02,1882.4431814643099,1882.4431814643099,1768.15185546875,1768.15185546875,323088010,0.0,0.0
2015-01-02,1801.766864733073,1815.2129871673067,1754.7057973187013,1788.3209228515625,200872709,0.0,0.0
2015-01-02,1801.767024424263,1808.490086237247,1727.813886139657,1741.260009765625,295130807,0.0,0.0
2015-01-02,1747.9828076663805,1761.428930651117,1721.0907422496384,1734.536865234375,230054013,0.0,0.0
2015-01-02,1761.4289447292026,1842.1049610714942,1754.7058831831007,1835.382080078125,475289499,0.0,0.0
2015-01-02,1795.0439215528384,1801.7669832120444,1747.9828510438674,1768.15185546875,220673601,0.0,0.0
2015-01-02,1768.15185546875,1801.7669832120444,1754.7059127030734,1768.15185546875,203241160,0.0,0.0
2015-01-02,1768.1519586472139,1781.598082750259,1747.9829530453924,1761.4290771484375,190361478,0.0,0.0
2015-01-02,1774.8749577250662,1788.3210813510343,1734.536947952641,1741.260009765625,226345299,0.0,0.0
2015-01-02,1768.1519586472139,1774.8750206987365,1747.9829530453924,1761.4290771484375,170062057,0.0,0.0
2015-01-02,1761.4289203157052,1768.1518012158951,1660.5837207328277,1674.0296630859375,405546974,0.0,0.0
2015-01-02,1653.8605571264038,1694.1987427996364,1640.4146156038055,1660.5836181640625,372457853,0.0,0.0
2015-01-02,1640.4147873415243,1667.3068537548143,1566.4616498431612,1579.9075927734375,517300545,0.0,0.0
2015-01-02,1600.0766445057932,1613.522768384277,1485.7854943023958,1505.95458984375,654135428,0.0,0.0
2015-01-02,1512.677473624573,1526.1235967218772,1452.1703710685354,1458.8934326171875,501017513,0.0,0.0
2015-01-02,1512.6775583227572,1626.9687082855962,1512.6775583227572,1593.353759765625,584451204,0.0,0.0
2015-01-02,1586.6308001889108,1680.7529510007314,1559.7387313065685,1667.3070068359375,433842983,0.0,0.0
2015-01-02,1714.3679799292672,1714.3679799292672,1660.5838453743918,1694.198974609375,444514707,0.0,0.0
2015-01-02,1707.6448421941025,1768.15185546875,1694.198899428426,1768.15185546875,476102523,0.0,0.0
2015-01-02,1774.8748872686738,1868.997026703169,1774.8748872686738,1835.382080078125,498739044,0.0,0.0
2015-01-02,1815.2130570487616,1983.288330078125,1815.2130570487616,1983.288330078125,959884609,0.0,0.0
2015-01-02,1983.2881038859496,2211.870362470978,1983.2881038859496,2137.917236328125,514215761,0.0,0.0
2015-01-02,2151.3635528651016,2205.1475017583666,2023.6262905690548,2084.13330078125,481917223,0.0,0.0
2015-01-02,2097.579397805791,2151.3635265950297,2037.0722077797166,2057.2412109375,275162272,0.0,0.0
2015-01-02,2063.9641385186987,2104.3023227748195,1990.0110113606418,2090.856201171875,294137820,0.0,0.0
2015-01-02,2137.9175512636,2265.6548207913825,2131.194489564049,2218.59375,422772612,0.0,0.0
2015-01-02,2252.2085616930012,2258.931622987476,2158.08642578125,2158.08642578125,279951975,0.0,0.0
2015-01-02,2137.9174648302705,2137.9174648302705,2016.9032618944916,2037.072265625,487562851,0.0,0.0
2015-01-02,2104.3025132807215,2104.3025132807215,1949.6731841642925,1996.7342529296875,409589324,0.0,0.0
2015-01-02,1949.6731892752211,2043.7953270527457,1882.4431166559507,2037.072265625,519350210,0.0,0.0
2015-01-02,2043.7954848900988,2050.5185468370505,1942.9502778967985,1949.67333984375,253847754,0.0,0.0
2015-01-02,1996.7342310614301,2117.7484323546296,1990.0111697249395,2104.302490234375,372556634,0.0,0.0
2015-01-02,2151.3635528651016,2151.3635528651016,2070.6873586961156,2084.13330078125,240003025,0.0,0.0
2015-01-02,2050.518310546875,2097.5793776469973,2043.7952493746511,2050.518310546875,144039347,0.0,0.0
2015-01-02,2070.6873586961156,2090.8563621001804,2057.2412360582543,2084.13330078125,183669732,0.0,0.0
2015-01-02,2084.1332753321194,2090.856336568955,2037.0722077797166,2057.2412109375,104916512,0.0,0.0
2015-01-02,2030.3495267416704,2057.2414132278686,2003.4574597027304,2023.62646484375,188566907,0.0,0.0
2015-01-02,2050.518517982804,2111.025532995703,2023.6264511261577,2097.57958984375,339338591,0.0,0.0
2015-01-02,2084.1332753321194,2090.856336568955,2043.7952690165523,2057.2412109375,174033235,0.0,0.0
2015-01-02,2084.1333345137623,2097.5794573692538,2030.3493847499833,2037.072265625,162039618,0.0,0.0
2015-01-02,2043.7952880859375,2057.2412301323407,2003.4572813940015,2043.7952880859375,130693147,0.0,0.0
2015-01-02,2063.964330783254,2090.8563959415083,2037.072265625,2037.072265625,147418716,0.0,0.0
2015-01-02,2043.7952690165523,2063.9642721743357,2037.0722077797166,2057.2412109375,111421694,0.0,0.0
2015-01-02,2077.4103946480077,2077.4103946480077,2043.7952690165523,2057.2412109375,186436280,0.0,0.0
2015-01-02,2057.2411911663767,2077.4103746830483,2043.7952493746511,2050.518310546875,54421019,0.0,0.0
2015-01-02,2063.964291431905,2084.1332947778733,2037.0722267863728,2043.7952880859375,148148028,0.0,0.0
2015-01-02,2063.964330783254,2070.687392211,2037.072265625,2037.072265625,228112810,0.0,0.0
2015-01-02,2043.7951884910335,2151.3634418313222,2037.072127519086,2144.640380859375,373640813,0.0,0.0
2015-01-02,2144.6405170669386,2171.532582109944,2111.025390625,2111.025390625,211404181,0.0,0.0
2015-01-02,2104.3023227748195,2117.7482638250517,2084.133140370403,2090.856201171875,117829855,0.0,0.0
2015-01-02,2104.3024326421314,2137.9173772991303,2050.5183045276663,2124.471435546875,105451891,0.0,0.0
2015-01-02,2124.4714552753026,2184.978464551419,2104.302452183264,2131.1943359375,232365483,0.0,0.0
2015-01-02,2151.363558484357,2178.255442724866,2104.302490234375,2104.302490234375,182296468,0.0,0.0
2015-01-02,2104.302509778795,2124.471513422867,2104.302509778795,2111.025390625,128809144,0.0,0.0
2015-01-02,2111.025365504245,2117.748426823176,2084.13330078125,2084.13330078125,131548742,0.0,0.0
2015-01-02,2084.1332553025495,2104.302438819221,2037.0721882024272,2050.518310546875,150206164,0.0,0.0
2015-01-02,2050.518460185981,2137.917539592057,2050.518460185981,2117.74853515625,224576578,0.0,0.0
2015-01-02,2124.4714881421064,2131.1943689083105,2077.410420015046,2084.13330078125,190916547,0.0,0.0
2015-01-02,2097.5794483798613,2124.471513422867,2084.1333255819945,2111.025390625,162646279,0.0,0.0
2015-01-02,2104.3024648595824,2111.0253455622783,2077.410400390625,2077.410400390625,104287961,0.0,0.0
2015-01-02,2077.4105262846356,2117.74853515625,2077.4105262846356,2117.74853515625,103970385,0.0,0.0
2015-01-02,2124.471513422867,2131.194394269072,2084.1333255819945,2111.025390625,113763744,0.0,0.0
2015-01-02,2111.025532995703,2117.74859484805,2084.1334661390565,2097.57958984375,73895646,0.0,0.0
2015-01-02,2104.3024326421314,2131.194316146642,2090.856310337154,2124.471435546875,86328061,0.0,0.0
2015-01-02,2131.1942478119176,2137.9173087488375,1996.7341123898134,2010.1800537109375,373214336,0.0,0.0
2015-01-02,2016.9036046830804,2070.687744140625,2016.9036046830804,2070.687744140625,171919769,0.0,0.0
2015-01-02,2084.133688728631,2090.8567512990144,2043.7956744118526,2070.687744140625,177648668,0.0,0.0
2015-01-02,2084.133140370403,2104.3023227748195,2077.410260121643,2090.856201171875,126064817,0.0,0.0
2015-01-02,2090.856201171875,2104.3023227748195,2057.2410777172267,2090.856201171875,98910738,0.0,0.0
2015-01-02,2090.8563675613937,2117.7484323546296,2084.1333062249028,2104.302490234375,100613457,0.0,0.0
2015-01-02,2104.302376133125,2164.8093832225,2104.302376133125,2144.640380859375,189708286,0.0,0.0
2015-01-02,2144.6406537590574,2265.6548638892523,2144.6406537590574,2252.208740234375,505369848,0.0,0.0
2015-01-02,2252.2083921961844,2319.4386389758683,2218.5934493590544,2238.762451171875,235648930,0.0,0.0
2015-01-02,2238.762778073545,2252.2087210612167,2205.147649775259,2245.48583984375,109069303,0.0,0.0
2015-01-02,2245.4857934028096,2373.222881078424,2245.4857934028096,2366.5,288206078,0.0,0.0
2015-01-02,2366.500202127691,2447.176226381368,2366.500202127691,2393.39208984375,239290433,0.0,0.0
2015-01-02,2373.2231256262326,2453.8993318551843,2366.5002438550514,2447.17626953125,214473234,0.0,0.0
2015-01-02,2467.345121677452,2554.744384765625,2447.1761165194866,2554.744384765625,197233406,0.0,0.0
2015-01-02,2554.7444417687248,2568.1903853231356,2487.5143628911783,2514.40625,178162157,0.0,0.0
2015-01-02,2514.4062918533227,2541.29835996252,2460.622336187678,2487.514404296875,206786961,0.0,0.0
2015-01-02,2494.2372030974248,2514.4062083714957,2453.8991925492824,2480.791259765625,85678499,0.0,0.0
2015-01-02,2487.514376565848,2514.406263822503,2353.054037518838,2359.777099609375,292651694,0.0,0.0
2015-01-02,2386.669070282139,2440.4532037119466,2339.607998669242,2427.007080078125,216658972,0.0,0.0
2015-01-02,2433.7300051090447,2460.6220703125,2413.5610013446358,2460.6220703125,117619091,0.0,0.0
2015-01-02,2460.6220199306676,2480.7910232821114,2386.6688872735563,2406.837890625,197577052,0.0,0.0
2015-01-02,2427.006952996326,2427.006952996326,2339.6078761637928,2386.6689453125,148013826,0.0,0.0
2015-01-02,2386.6691674187773,2400.1151110471046,2353.054037518838,2359.777099609375,104297421,0.0,0.0
2015-01-02,2359.776938368841,2400.114947050326,2359.776938368841,2366.5,89521636,0.0,0.0
2015-01-02,2339.607696391983,2346.3305767875586,2272.3776285672166,2292.546630859375,196282440,0.0,0.0
2015-01-02,2218.593423180158,2218.593423180158,2137.917236328125,2137.917236328125,305637969,0.0,0.0
2015-01-02,2030.3493679364506,2225.316522751973,2023.626306564379,2184.978515625,641858446,0.0,0.0
2015-01-02,2218.593447425598,2319.438636954527,2218.593447425598,2312.715576171875,303482811,0.0,0.0
2015-01-02,2312.7155781873576,2326.161519211667,2225.3163295948534,2238.762451171875,215087925,0.0,0.0
2015-01-02,2265.654796396838,2279.100739098429,2178.255536901924,2191.70166015625,152384862,0.0,0.0
2015-01-02,2198.4248423978815,2225.3167292764615,2131.1945835431984,2151.36376953125,184375724,0.0,0.0
2015-01-02,2151.363385135047,2198.4244495930134,2144.640324340277,2164.809326171875,223172404,0.0,0.0
2015-01-02,2151.3634418313222,2184.9783855856244,2117.748317524303,2144.640380859375,125587849,0.0,0.0
2015-01-02,2090.8563675613937,2144.640497147866,2084.1333062249028,2104.302490234375,148046607,0.0,0.0
2015-01-02,2131.1947656157927,2137.9178281861755,2050.5187369822356,2070.687744140625,132670981,0.0,0.0
2015-01-02,2037.072265625,2070.687392211,2023.6263233222376,2037.072265625,180569548,0.0,0.0
2015-01-02,2057.241185127433,2137.9173772991303,2043.7952433751775,2124.471435546875,186363128,0.0,0.0
2015-01-02,2137.9174100312357,2171.532535755614,2070.6873391352046,2077.410400390625,149014953,0.0,0.0
2015-01-02,2097.5794173770023,2124.471482022535,2030.349346039534,2043.7952880859375,200970281,0.0,0.0
2015-01-02,2057.2412301323407,2070.6873527314697,2016.9032234404049,2043.7952880859375,184622458,0.0,0.0
2015-01-02,2077.4103685848986,2131.194316146642,2057.241185127433,2124.471435546875,143036570,0.0,0.0
2015-01-02,2137.917430227241,2158.0864336313057,2057.2412360582543,2084.13330078125,172772944,0.0,0.0
2015-01-02,2124.471435546875,2131.194316146642,2090.856310337154,2124.471435546875,101996951,0.0,0.0
2015-01-02,2164.8093832225,2178.255324613677,2137.9173198874278,2144.640380859375,132900775,0.0,0.0
2015-01-02,2124.4716567003966,2131.1945380000025,2070.687522987104,2097.57958984375,317619596,0.0,0.0
2015-01-02,2117.74853515625,2131.1944779292094,2090.8564690575954,2117.74853515625,136318754,0.0,0.0
2015-01-02,2117.74853515625,2131.1944779292094,2097.579530720443,2117.74853515625,89241681,0.0,0.0
2015-01-02,2124.47137849625,2158.0863222505523,2117.748317524303,2144.640380859375,172174643,0.0,0.0
2015-01-02,2144.6406892870423,2218.59382895575,2117.7486220845353,2205.147705078125,224885904,0.0,0.0
2015-01-02,2218.5936336486443,2272.3777633189366,2211.870572301676,2258.931640625,213271353,0.0,0.0
2015-01-02,2258.931530797777,2272.3776528379753,2225.31640625,2225.31640625,201627762,0.0,0.0
2015-01-02,2245.4857068681877,2258.931649059603,2158.086450689442,2184.978515625,154490628,0.0,0.0
2015-01-02,2191.7017617532433,2211.8707670169374,2171.532756489549,2205.147705078125,105821057,0.0,0.0
2015-01-02,2205.1475191884865,2211.870580560558,2158.086450689442,2184.978515625,147444676,0.0,0.0
2015-01-02,2205.147435002651,2225.316437796146,2171.532490531066,2178.25537109375,128682202,0.0,0.0
2015-01-02,2164.809617509067,2218.59375,2151.3636746627017,2218.59375,176153302,0.0,0.0
2015-01-02,2252.208115863913,2252.208115863913,2198.424177812926,2211.8701171875,128973377,0.0,0.0
2015-01-02,2218.5937733156693,2258.9317828314215,2211.870711545464,2245.48583984375,111346673,0.0,0.0
2015-01-02,2245.4856984837907,2285.823705460146,2238.7626371368224,2258.931640625,201640192,0.0,0.0
2015-01-02,2258.932048705122,2279.101055836867,2218.5940344416317,2272.378173828125,172465378,0.0,0.0
2015-01-02,2279.101055836867,2285.8241183983687,2258.932048705122,2272.378173828125,133604017,0.0,0.0
2015-01-02,2299.2691745039583,2299.2691745039583,2211.8701171875,2211.8701171875,152055736,0.0,0.0
2015-01-02,2265.654793340683,2346.330810546875,2258.931731722589,2346.330810546875,258276321,0.0,0.0
2015-01-02,2359.7771399223016,2420.284158112559,2332.8850716534926,2393.39208984375,295649686,0.0,0.0
2015-01-02,2474.0681978233533,2480.791259765625,2406.8381200588683,2480.791259765625,283205831,0.0,0.0
2015-01-02,2554.744664506261,2695.927896624109,2534.5756571398197,2689.204833984375,622129055,0.0,0.0
2015-01-02,2669.0354134599183,2816.94168532209,2655.5894708145997,2769.880615234375,392814584,0.0,0.0
2015-01-02,2756.434372310257,2756.434372310257,2635.4201715477225,2655.58935546875,366633582,0.0,0.0
2015-01-02,2669.0358266179337,2742.9889739967252,2662.3127639781997,2689.204833984375,261115910,0.0,0.0
2015-01-02,2722.8194469632863,2736.2653891237514,2642.1432523423136,2662.312255859375,212327977,0.0,0.0
2015-01-02,2689.2043207330325,2702.650443446225,2642.1432523423136,2662.312255859375,198939646,0.0,0.0
2015-01-02,2675.758427771067,2722.8194970270865,2669.0353662908556,2716.096435546875,200926500,0.0,0.0
2015-01-02,2695.927431658971,2776.603627763317,2675.758427771067,2716.096435546875,219674674,0.0,0.0
2015-01-02,2716.0968232331697,2742.9888924397665,2682.481691586735,2702.65087890625,137266310,0.0,0.0
2015-01-02,2695.927455714681,2756.434467918295,2695.927455714681,2742.988525390625,135864336,0.0,0.0
2015-01-02,2769.880662320833,2843.8337995090815,2742.9885960203114,2823.664794921875,226784757,0.0,0.0
2015-01-02,2904.340576171875,2951.4016432177245,2857.279509126026,2904.340576171875,311676963,0.0,0.0
2015-01-02,2837.1105628732057,2904.340634203058,2837.1105628732057,2884.171630859375,150181303,0.0,0.0
2015-01-02,2911.0635911792897,2937.9556548580563,2870.7255859375,2870.7255859375,126437063,0.0,0.0
2015-01-02,2857.279755048024,2877.4487597246307,2682.481413596202,2749.711669921875,493687757,0.0,0.0
2015-01-02,2776.6036850283804,2864.002763862738,2736.265495867902,2850.556640625,251258199,0.0,0.0
2015-01-02,2904.3407178226307,2917.786840807367,2857.279648481515,2890.894775390625,149985830,0.0,0.0
2015-01-02,2924.5096300047753,2958.124755859375,2890.894684702901,2958.124755859375,218887830,0.0,0.0
2015-01-02,2958.1248486561144,2958.1248486561144,2870.7257714662514,2890.894775390625,165420527,0.0,0.0
2015-01-02,2924.5096300047753,2971.57069786958,2924.5096300047753,2958.124755859375,154937236,0.0,0.0
2015-01-02,2958.124755859375,2958.124755859375,2917.7867492760356,2958.124755859375,89400744,0.0,0.0
2015-01-02,2991.739915329002,2991.739915329002,2911.063720703125,2911.063720703125,212997338,0.0,0.0
2015-01-02,2958.1246779219614,2958.1246779219614,2864.0025446721793,2877.448486328125,191894904,0.0,0.0
2015-01-02,2890.8946085367916,2897.617669641125,2870.7256057765126,2877.448486328125,140126140,0.0,0.0
2015-01-02,2877.448486328125,2884.1715474324583,2850.556422463513,2877.448486328125,147085740,0.0,0.0
2015-01-02,2917.7866985008163,2924.5095791125646,2890.8946343956563,2904.340576171875,143051750,0.0,0.0
2015-01-02,2931.2327242214124,2931.2327242214124,2897.6177785418427,2911.063720703125,155902502,0.0,0.0
2015-01-02,2870.7256057765126,2890.8946085367916,2870.7256057765126,2877.448486328125,228155710,0.0,0.0
2015-01-02,2911.0638947621887,2917.786956521181,2830.3876953125,2830.3876953125,240869950,0.0,0.0
2015-01-02,2850.5569679959654,2877.4490370071144,2769.880941515274,2776.60400390625,188635658,0.0,0.0
2015-01-02,2790.049399867661,2810.2184025244583,2655.5892617872014,2796.7724609375,187175822,0.0,0.0
2015-01-02,2857.27978515625,2864.0028469702083,2796.7727704888443,2857.27978515625,94730336,0.0,0.0
2015-01-02,2857.279573973297,2877.448577371731,2803.4954445423214,2810.218505859375,82725388,0.0,0.0
2015-01-02,2816.9417288746918,2830.3876717278977,2776.6037197623386,2803.49560546875,99024700,0.0,0.0
2015-01-02,2790.049655172255,2904.3408010541743,2790.049655172255,2897.617919921875,106226854,0.0,0.0
2015-01-02,2890.894588558395,2890.894588558395,2850.5564027638857,2870.7255859375,106964857,0.0,0.0
2015-01-02,2877.4487469701803,2890.8948703968094,2796.772728621354,2823.664794921875,128299616,0.0,0.0
2015-01-02,2864.0025446721793,2884.1715474324583,2830.387419703234,2877.448486328125,141798389,0.0,0.0
2015-01-02,2911.0638466864502,2951.40185546875,2890.8948422953004,2951.40185546875,205011531,0.0,0.0
2015-01-02,2971.5708606829635,3132.923256962324,2964.847979585875,3126.2001953125,422093240,0.0,0.0
2015-01-02,3146.369587345615,3206.8764239654483,3139.646525253301,3173.261474609375,260390447,0.0,0.0
2015-01-02,3206.876385741268,3253.9374587210273,3193.430622822402,3220.322509765625,231181533,0.0,0.0
2015-01-02,3240.4915290340446,3247.214229594757,3173.261273477677,3206.876220703125,146980798,0.0,0.0
2015-01-02,3206.8759953816434,3206.8759953816434,3058.9697324342,3079.138916015625,225189839,0.0,0.0
2015-01-02,3079.1393624314082,3126.2004365055677,3052.247474862817,3106.03125,182568723,0.0,0.0
2015-01-02,3159.8153862426816,3159.8153862426816,3099.308548936976,3106.03125,152430182,0.0,0.0
2015-01-02,3139.646221814713,3307.7213134565573,3126.200098929619,3287.552490234375,277723446,0.0,0.0
2015-01-02,3307.7215937129645,3327.8907797495,3206.876385741268,3220.322509765625,177275431,0.0,0.0
2015-01-02,3267.383621690776,3267.383621690776,3146.369587345615,3173.261474609375,183332136,0.0,0.0
2015-01-02,3220.3224270739183,3220.3224270739183,3099.3083972785853,3213.599365234375,165278734,0.0,0.0
2015-01-02,3213.599274549269,3220.3223361990927,3106.0310103630286,3126.2001953125,163850580,0.0,0.0
2015-01-02,3126.2004365055677,3173.2615105797267,3025.3552261887266,3106.03125,198692361,0.0,0.0
2015-01-02,3079.139172797216,3126.200243973037,2971.5709069366335,3005.18603515625,176270344,0.0,0.0
2015-01-02,3072.4159111444715,3099.308156412685,2810.218505859375,2810.218505859375,308226863,0.0,0.0
2015-01-02,2810.2184909834973,2985.0168204325096,2662.31222610762,2958.124755859375,355113743,0.0,0.0
2015-01-02,3018.6319911303294,3018.6319911303294,2864.0028339798246,2931.23291015625,167527833,0.0,0.0
2015-01-02,3011.9095288882195,3011.9095288882195,2931.2333179219477,2944.679443359375,124241205,0.0,0.0
2015-01-02,2991.7401932573425,3079.139276806746,2937.9560585102895,3018.632080078125,162519997,0.0,0.0
2015-01-02,3052.2472868848085,3052.2472868848085,2971.5709069366335,3005.18603515625,99005120,0.0,0.0
2015-01-02,3045.5241410543667,3045.5241410543667,2991.740009608862,2998.462890625,120218986,0.0,0.0
2015-01-02,3025.3552261887266,3206.8764603168406,3025.3552261887266,3106.03125,464366860,0.0,0.0
2015-01-02,3112.7540720128527,3166.5382041059725,3092.5852481688516,3126.2001953125,202155881,0.0,0.0
2015-01-02,3159.815146979048,3166.5382086384952,3112.7540764683895,3146.369384765625,99681961,0.0,0.0
2015-01-02,3166.5380859375,3213.5991546245773,3159.8150245385664,3166.5380859375,93158189,0.0,0.0
2015-01-02,3186.707309502844,3186.707309502844,3132.923178752385,3139.646240234375,71623667,0.0,0.0
2015-01-02,3166.538283838006,3179.984407476221,3106.0310885715176,3112.754150390625,101529553,0.0,0.0
2015-01-02,3159.8150635748834,3206.876132843353,3126.200117270395,3139.646240234375,152089286,0.0,0.0
2015-01-02,3092.5854148507055,3220.322509765625,3092.5854148507055,3220.322509765625,109884637,0.0,0.0
2015-01-02,3260.6605207332054,3274.106644757562,3200.15332372909,3220.322509765625,157619632,0.0,0.0
2015-01-02,3233.768633789982,3247.2143967088487,3186.707560810223,3220.322509765625,107810772,0.0,0.0
2015-01-02,3220.322137159664,3240.4913208625326,3166.5380083907958,3179.984130859375,105582023,0.0,0.0
2015-01-02,3206.876014691085,3206.876014691085,3139.646124559086,3179.984130859375,131635423,0.0,0.0
2015-01-02,3179.984208735367,3193.4303315332336,3159.8150245385664,3166.5380859375,161796404,0.0,0.0
2015-01-02,3227.0452881696124,3247.214111328125,3173.2611579044824,3247.214111328125,127020403,0.0,0.0
2015-01-02,3274.1064807790285,3280.8295424544926,3227.04541015625,3227.04541015625,75195758,0.0,0.0
2015-01-02,3227.0456942995834,3260.66064453125,3186.707681800483,3260.66064453125,85026738,0.0,0.0
2015-01-02,3260.660019738543,3260.660019738543,3179.9840101991085,3200.15283203125,117897176,0.0,0.0
2015-01-02,3186.707396810045,3206.876220703125,3159.8151501453094,3206.876220703125,71188389,0.0,0.0
2015-01-02,3227.045198393954,3240.4913208625326,3179.984130859375,3179.984130859375,69917647,0.0,0.0
2015-01-02,3193.4302340994727,3193.4302340994727,3065.6927936280085,3079.138916015625,165527119,0.0,0.0
2015-01-02,3126.20027402884,3132.923335847948,3085.862264219674,3112.754150390625,77405916,0.0,0.0
2015-01-02,3153.0918669366233,3153.0918669366233,3052.247032345838,3079.138916015625,152360111,0.0,0.0
2015-01-02,3079.139077170678,3112.7540237936023,3065.6929540793226,3072.416015625,95483079,0.0,0.0
2015-01-02,3132.923463160988,3206.8764239654483,3099.308513804914,3173.261474609375,151028868,0.0,0.0
2015-01-02,3146.369301716365,3159.8150635748834,3092.585170965906,3139.646240234375,116245827,0.0,0.0
2015-01-02,3166.537888240725,3206.875893010442,3153.091766282341,3200.15283203125,95635541,0.0,0.0
2015-01-02,3193.430370984834,3193.430370984834,3139.646240234375,3139.646240234375,166398004,0.0,0.0
2015-01-02,3159.815222018898,3159.815222018898,3106.0310885715176,3112.754150390625,67100278,0.0,0.0
2015-01-02,3173.261186538864,3173.261186538864,3126.200117270395,3139.646240234375,115036356,0.0,0.0
2015-01-02,3179.984248020854,3179.984248020854,3126.200117270395,3139.646240234375,120514341,0.0,0.0
2015-01-02,3159.8153862426816,3159.8153862426816,3079.1393624314082,3106.03125,95145043,0.0,0.0
2015-01-02,3112.754276884047,3173.261474609375,3106.0312147917334,3173.261474609375,106978057,0.0,0.0
2015-01-02,3213.599486057762,3213.599486057762,3173.261474609375,3173.261474609375,106807554,0.0,0.0
2015-01-02,3159.8151296018227,3159.8151296018227,3011.9090377765365,3025.35498046875,214898061,0.0,0.0
2015-01-02,2991.7398817139747,3011.908885005644,2864.0026201297665,2958.124755859375,323139711,0.0,0.0
2015-01-02,2924.509637546741,2937.955760144347,2830.387501574403,2884.171630859375,340183845,0.0,0.0
2015-01-02,2904.3408132707013,2911.063874984016,2796.772728621354,2823.664794921875,345533898,0.0,0.0
2015-01-02,2871.1070929593343,2912.4181127585657,2857.336876297657,2891.7626953125,167319270,89.91268,0.0
2015-01-02,2912.4181127585657,2919.303128635854,2864.222077082046,2891.7626953125,116953800,0.0,0.0
2015-01-02,2926.1883415147136,3001.9249957347215,2912.418124796122,2995.039794921875,158572578,0.0,0.0
2015-01-02,3015.695397360414,3029.465614079006,2995.039794921875,2995.039794921875,125277643,0.0,0.0
2015-01-02,3022.5809035581974,3022.5809035581974,2891.7631763368126,2898.648193359375,115119078,0.0,0.0
2015-01-02,2898.6478031688775,2933.073623276111,2836.6815488643842,2864.22216796875,120186645,0.0,0.0
2015-01-02,2946.843759046152,2995.039794921875,2905.5329239832754,2995.039794921875,113531640,0.0,0.0
2015-01-02,3022.5804283835596,3036.350830078125,2946.8437737847557,3036.350830078125,86272180,0.0,0.0
2015-01-02,3063.891439531883,3070.7764554517757,2967.4993675823684,2988.15478515625,74495706,0.0,0.0
2015-01-02,3001.9249112618004,3015.6953125,2967.4992779804934,3015.6953125,62185614,0.0,0.0
2015-01-02,2953.7288663881964,2981.2694838609577,2905.532832037638,2967.499267578125,98216076,0.0,0.0
2015-01-02,2919.302984286849,2953.7288015994595,2912.41796875,2912.41796875,51954007,0.0,0.0
2015-01-02,2912.4181127585657,2933.0735302046314,2891.7626953125,2891.7626953125,118813822,0.0,0.0
2015-01-02,2891.762599455286,2946.843649183247,2884.87739889913,2926.188232421875,120513461,0.0,0.0
2015-01-02,2919.302862870155,2926.1880630277333,2843.5664007651303,2850.451416015625,157367288,0.0,0.0
2015-01-02,2891.762534800392,2891.762534800392,2857.3367176964116,2871.10693359375,146082083,0.0,0.0
2015-01-02,2871.1073301296055,2905.533151988223,2843.56689453125,2843.56689453125,126586116,0.0,0.0
2015-01-02,2884.8775860702476,2891.7627870731158,2850.451765963014,2864.22216796875,124711354,0.0,0.0
2015-01-02,2857.3370530856605,2864.2222542960476,2788.485595703125,2788.485595703125,257497837,0.0,0.0
2015-01-02,2795.3706434739192,2802.2556593992717,2754.0596233862957,2760.94482421875,124235705,0.0,0.0
2015-01-02,2767.830229155767,2802.2558660424406,2760.9450278155864,2795.370849609375,84287635,0.0,0.0
2015-01-02,2829.796340107774,2843.5667420757786,2809.140922062873,2816.026123046875,117321536,0.0,0.0
2015-01-02,2843.5667889135734,2843.5667889135734,2802.2557672362113,2829.79638671875,86226199,0.0,0.0
2015-01-02,2850.4518518752734,2850.4518518752734,2781.6003944927384,2788.485595703125,83358229,0.0,0.0
2015-01-02,2788.485595703125,2816.0262156375616,2788.485595703125,2788.485595703125,81377755,0.0,0.0
2015-01-02,2774.714933764828,2781.600134331246,2740.289300746926,2747.17431640625,167031505,0.0,0.0
2015-01-02,2726.5190883978003,2754.0597076632857,2685.208251953125,2685.208251953125,214824800,0.0,0.0
2015-01-02,2726.5190883978003,2726.5190883978003,2678.3230509099767,2685.208251953125,127276708,0.0,0.0
2015-01-02,2650.7823328021736,2712.74877006569,2650.7823328021736,2664.552734375,135307947,0.0,0.0
2015-01-02,2643.897369495071,2705.8636230836464,2630.1269676484294,2671.43798828125,164832677,0.0,0.0
2015-01-02,2698.9784158615284,2719.6340185832855,2657.6675802322216,2678.322998046875,121124632,0.0,0.0
2015-01-02,2733.40406414097,2795.3704986075254,2692.0932311013275,2781.60009765625,147190132,0.0,0.0
2015-01-02,2802.2558660424406,2850.4519056094755,2781.6004469290133,2795.370849609375,168676803,0.0,0.0
2015-01-02,2850.4517417015304,2884.87756151575,2719.634033203125,2719.634033203125,622692705,0.0,0.0
2015-01-02,2781.6004403107186,2871.107317891643,2767.830222570236,2802.255859375,274099434,0.0,0.0
2015-01-02,2843.5666170984273,2946.8437027838104,2829.796215735644,2933.073486328125,326538660,0.0,0.0
2015-01-02,2995.039737739355,3015.695339783529,2912.4180691910483,2933.073486328125,312257333,0.0,0.0
2015-01-02,2939.959034238879,3001.92529296875,2905.5332116730933,3001.92529296875,173444725,0.0,0.0
2015-01-02,3015.6954035571257,3022.5804194770185,2953.7289659283797,2988.15478515625,138144236,0.0,0.0
2015-01-02,2988.154667613086,2995.0396832621473,2898.647615104347,2926.188232421875,152755788,0.0,0.0
2015-01-02,2946.8437468663087,2946.8437468663087,2884.8774945281116,2891.7626953125,108888570,0.0,0.0
2015-01-02,2822.91134015446,2939.9590255895046,2822.91134015446,2905.533203125,107433795,0.0,0.0
2015-01-02,2946.843855734987,2974.3844749829063,2933.0736385645805,2960.6142578125,106984877,0.0,0.0
2015-01-02,2995.039537594193,2995.039537594193,2946.843505859375,2946.843505859375,57809408,0.0,0.0
2015-01-02,2981.2695782032833,2995.039794921875,2946.843759046152,2995.039794921875,133363443,0.0,0.0
2015-01-02,2995.039634448919,2995.039634448919,2898.647567862119,2912.41796875,200713646,0.0,0.0
2015-01-02,2857.336896244702,2871.107113002509,2760.94482421875,2760.94482421875,481002668,0.0,0.0
2015-01-02,2740.2894529604987,2802.255706778989,2705.863633123268,2774.715087890625,336253477,0.0,0.0
2015-01-02,2795.3707839061663,2795.3707839061663,2692.093505859375,2692.093505859375,325605954,0.0,0.0
2015-01-02,2671.437944252021,2733.404196819302,2657.6675426323363,2712.748779296875,159544775,0.0,0.0
2015-01-02,2712.748647621149,2802.2555141760713,2698.9782466698734,2781.60009765625,132832794,0.0,0.0
2015-01-02,2788.4854334838406,2802.255650196425,2712.748779296875,2712.748779296875,178751767,0.0,0.0
2015-01-02,2754.059516972668,2760.944717539086,2726.51889961409,2747.17431640625,55421157,0.0,0.0
2015-01-02,2774.714933764828,2781.600134331246,2747.17431640625,2747.17431640625,83150216,0.0,0.0
2015-01-02,2740.2890966104624,2747.17411175689,2705.86328125,2705.86328125,155357663,0.0,0.0
2015-01-02,2657.6676326876395,2692.0934529962733,2657.6676326876395,2685.208251953125,133952393,0.0,0.0
2015-01-02,2685.2081609646057,2733.404196819302,2678.322960154763,2712.748779296875,124133954,0.0,0.0
2015-01-02,2712.748779296875,2733.404196819302,2692.093361774448,2712.748779296875,105240907,0.0,0.0
2015-01-02,2754.059516972668,2774.714933764828,2733.404100180508,2747.17431640625,93832940,0.0,0.0
2015-01-02,2705.8636701754626,2726.5190883978003,2671.4380347739357,2685.208251953125,93466744,0.0,0.0
2015-01-02,2719.6340185832855,2719.6340185832855,2678.322998046875,2678.322998046875,60849751,0.0,0.0
2015-01-02,2698.978407256702,2712.748809027304,2623.241752239699,2630.126953125,163599005,0.0,0.0
2015-01-02,2678.3229510407255,2685.2081518271384,2630.1269153500352,2664.552734375,162349164,0.0,0.0
2015-01-02,2657.667276216176,2664.552476335816,2602.58604507322,2616.3564453125,140611578,0.0,0.0
2015-01-02,2616.357027954557,2630.1272463532737,2581.9312045970796,2588.81640625,131702194,0.0,0.0
2015-01-02,2616.356582602489,2616.356582602489,2588.8159655858526,2602.586181640625,175683484,0.0,0.0
2015-01-02,2602.5864188036235,2616.356821020328,2547.505364658132,2554.390380859375,115704508,0.0,0.0
2015-01-02,2581.9308645561237,2643.897301457162,2568.160647970948,2623.24169921875,139855425,0.0,0.0
2015-01-02,2650.7822324154477,2657.6674329411144,2623.241615219876,2643.897216796875,108336691,0.0,0.0
2015-01-02,2650.7822151929663,2650.7822151929663,2602.586181640625,2602.586181640625,69326497,0.0,0.0
2015-01-02,2650.7823708738006,2671.437973529704,2623.241752239699,2630.126953125,111008747,0.0,0.0
2015-01-02,2664.552833730788,2692.0934529962733,2643.89741550845,2685.208251953125,93842180,0.0,0.0
2015-01-02,2712.74877006569,2719.633970852103,2637.012116136448,2664.552734375,95960267,0.0,0.0
2015-01-02,2685.207747177754,2685.207747177754,2630.1265190011572,2637.01171875,90198037,0.0,0.0
2015-01-02,2657.667276216176,2657.667276216176,2595.7010298606624,2616.3564453125,99741692,0.0,0.0
2015-01-02,2616.3569285978133,2623.24194508215,2561.275687280422,2568.160888671875,77777283,0.0,0.0
2015-01-02,2588.816458364726,2643.897702882665,2581.9312565732016,2595.70166015625,102817895,0.0,0.0
2015-01-02,2637.0122394382756,2637.0122394382756,2554.390380859375,2554.390380859375,113633172,0.0,0.0
2015-01-02,2595.7017486569525,2595.7017486569525,2547.505704287289,2575.046142578125,105807637,0.0,0.0
2015-01-02,2575.045950830173,2602.5865719773606,2561.275732710139,2581.93115234375,87862477,0.0,0.0
2015-01-02,2609.471633649745,2650.782470703125,2595.701416267655,2650.782470703125,91847406,0.0,0.0
2015-01-02,2685.2083171757668,2816.0262156375616,2685.2083171757668,2788.485595703125,294149590,0.0,0.0
2015-01-02,2788.485127170861,2795.3703272243692,2685.207865996555,2705.86328125,152456913,0.0,0.0
2015-01-02,2712.748911190305,2719.6341123349052,2630.127052176435,2650.782470703125,102404178,0.0,0.0
2015-01-02,2678.3229895079016,2678.3229895079016,2623.241752239699,2630.126953125,94349949,0.0,0.0
2015-01-02,2650.7823172962003,2650.7823172962003,2616.3566833797117,2623.24169921875,94464021,0.0,0.0
2015-01-02,2630.1269153500352,2671.437935161413,2630.1269153500352,2664.552734375,104829940,0.0,0.0
2015-01-02,2664.5524507431096,2705.86328125,2643.8970354896646,2705.86328125,70083530,0.0,0.0
2015-01-02,2747.17461859884,2816.0262620225976,2705.863780470277,2802.255859375,247351372,0.0,0.0
2015-01-02,2754.0596597326844,2767.830061579326,2657.6675864346084,2671.43798828125,218214729,0.0,0.0
2015-01-02,2671.437650796618,2712.7484813035085,2637.011835436156,2705.86328125,88330535,0.0,0.0
2015-01-02,2740.2894448256047,2747.1744608469285,2705.8636250905715,2726.51904296875,68133856,0.0,0.0
2015-01-02,2719.6340185832855,2726.519034583434,2637.0121624175677,2678.322998046875,150882016,0.0,0.0
2015-01-02,2650.782379324969,2685.208198954127,2650.782379324969,2678.322998046875,86571495,0.0,0.0
2015-01-02,2678.3229510407255,2685.2081518271384,2643.897316922861,2664.552734375,69144334,0.0,0.0
2015-01-02,2678.3228496110196,2678.3228496110196,2637.0120162712087,2643.897216796875,79498923,0.0,0.0
2015-01-02,2650.782341822494,2712.748779296875,2643.897325919752,2712.748779296875,128539860,0.0,0.0
2015-01-02,2712.7484813035085,2719.633681357017,2664.5524507431096,2705.86328125,134879489,0.0,0.0
2015-01-02,2705.8636167687805,2705.8636167687805,2671.437982046726,2678.322998046875,97691477,0.0,0.0
2015-01-02,2657.667533588587,2678.3229510407255,2643.897316922861,2664.552734375,81242343,0.0,0.0
2015-01-02,2650.7820506360927,2705.86328125,2623.2414353291388,2705.86328125,165056860,0.0,0.0
2015-01-02,2719.6341123349052,2740.2895308615953,2650.782470703125,2650.782470703125,188929693,0.0,0.0
2015-01-02,2678.323103502677,2698.978522130613,2664.55288605309,2692.093505859375,140380354,0.0,0.0
2015-01-02,2893.190042204256,2938.63281773626,2817.4520829842495,2825.02587890625,228087900,0.0,0.0
2015-01-02,2802.304491140248,2855.3210625942525,2764.4355115302446,2825.02587890625,306319600,0.0,0.0
2015-01-02,2809.877726236979,2870.468081519717,2779.58254859561,2862.894287109375,177033000,0.0,0.0
2015-01-02,2809.877994351774,2840.1731748838683,2772.0090186866555,2802.30419921875,169825000,0.0,0.0
2015-01-02,2817.4517894847972,2825.025584617821,2772.0090186866555,2802.30419921875,216363400,0.0,0.0
2015-01-02,2779.583073183487,2779.583073183487,2741.714093984802,2772.00927734375,263544000,0.0,0.0
2015-01-02,2764.435122982486,2772.0089178399726,2734.139943552541,2756.861328125,194782800,0.0,0.0
2015-01-02,2749.2877275038954,2756.861522896468,2703.844955148459,2734.14013671875,346529100,0.0,0.0
2015-01-02,2718.992431640625,2718.992431640625,2658.4020710469617,2718.992431640625,357971300,0.0,0.0
2015-01-02,2658.401958048845,2711.418521314776,2650.8281632965686,2703.8447265625,410533900,0.0,0.0
2015-01-02,2665.9759781855955,2764.435318289041,2665.9759781855955,2734.14013671875,416087300,0.0,0.0
2015-01-02,2726.56628191313,2855.32080078125,2718.992486685593,2855.32080078125,432390800,0.0,0.0
2015-01-02,2870.4683122085653,2923.4848773417048,2855.320722170525,2893.189697265625,634549600,0.0,0.0
2015-01-02,2855.3209309895833,2878.042317708333,2825.0257486979167,2840.17333984375,380151200,0.0,0.0
2015-01-02,2855.320386660996,2855.320386660996,2794.730033628402,2817.451416015625,306827400,0.0,0.0
2015-01-02,2817.4515322108955,2840.172915535177,2794.730148886614,2832.59912109375,143081800,0.0,0.0
2015-01-02,2847.7467380275975,2931.0584777039367,2840.1729435115667,2915.910888671875,416099000,0.0,0.0
2015-01-02,2915.9112955729165,2968.9278645833333,2900.763704427083,2953.7802734375,359864700,0.0,0.0
2015-01-02,2953.780305415617,3037.0920576196477,2946.2065097607056,3006.796875,335762600,0.0,0.0
2015-01-02,2991.6490549956266,3014.3704402234416,2961.3538746918734,2976.50146484375,236562700,0.0,0.0
2015-01-02,2968.9274309769417,3143.1247037128337,2968.9274309769417,3120.4033203125,446708800,0.0,0.0
2015-01-02,3143.1247037128337,3158.2722926463894,3082.53434797861,3120.4033203125,264905400,0.0,0.0
2015-01-02,3173.4201155442456,3211.289090670072,3127.977345393254,3150.69873046875,196631600,0.0,0.0
2015-01-02,3150.6988449461724,3180.9940261475776,3127.9774590451184,3165.846435546875,146720100,0.0,0.0
2015-01-02,3165.8464205050354,3211.289192091232,3165.8464205050354,3196.1416015625,241196000,0.0,0.0
2015-01-02,3203.715253883433,3256.731818368502,3196.141458956995,3241.584228515625,264629400,0.0,0.0
2015-01-02,3241.584669117647,3294.6012408088236,3203.7156893382353,3218.86328125,196989500,0.0,0.0
2015-01-02,3218.8623498987267,3279.4527000144676,3196.140968605324,3271.87890625,318189600,0.0,0.0
2015-01-02,3294.60092972736,3340.043701171875,3287.0271344866073,3340.043701171875,286829000,0.0,0.0
2015-01-02,3370.3384538130326,3370.3384538130326,3302.1743053089485,3332.469482421875,161256300,0.0,0.0
2015-01-02,3370.3389634998566,3377.9127589234517,3271.879622993119,3302.1748046875,319230200,0.0,0.0
2015-01-02,3287.0267167524858,3332.469482421875,3271.8791281960225,3332.469482421875,160459300,0.0,0.0
2015-01-02,3279.4530733330303,3309.748251839571,3256.731689453125,3256.731689453125,128240100,0.0,0.0
2015-01-02,3241.584505208333,3309.7486653645833,3234.0107096354163,3294.60107421875,108782400,0.0,0.0
2015-01-02,3279.4533845061187,3287.0271798513986,3226.4368170891607,3249.158203125,258038300,0.0,0.0
2015-01-02,3188.5679200370355,3256.7320798478036,3180.9941245025057,3211.289306640625,159645200,0.0,0.0
2015-01-02,3256.732261029412,3256.732261029412,3196.141893382353,3218.86328125,155011100,0.0,0.0
2015-01-02,3279.453033230829,3279.453033230829,3196.141293356605,3203.715087890625,102079300,0.0,0.0
2015-01-02,3234.010395983336,3234.010395983336,3188.567626953125,3188.567626953125,124799700,0.0,0.0
2015-01-02,3218.8630217438813,3256.73199847028,3188.567840362762,3249.158203125,100486300,0.0,0.0
2015-01-02,3279.453648897059,3287.0274448529412,3218.86328125,3218.86328125,119591100,0.0,0.0
2015-01-02,3234.010693244214,3234.010693244214,3188.5679200370355,3211.289306640625,74347000,0.0,0.0
2015-01-02,3218.862676958666,3226.4364714926865,3196.141293356605,3203.715087890625,79465600,0.0,0.0
2015-01-02,3203.7156893382353,3218.86328125,3196.141893382353,3218.86328125,92453200,0.0,0.0
2015-01-02,3203.7156893382353,3226.4370772058824,3188.5680974264706,3218.86328125,69475400,0.0,0.0
2015-01-02,3249.1584650735294,3256.732261029412,3203.7156893382353,3218.86328125,149637700,0.0,0.0
2015-01-02,3234.0105778843304,3249.1581684130624,3188.5678062981337,3196.1416015625,80234400,0.0,0.0
2015-01-02,3196.1415006197417,3196.1415006197417,3135.5511404184194,3150.69873046875,220142300,0.0,0.0
2015-01-02,3120.4035000189165,3158.272474533709,3120.4035000189165,3127.977294921875,163555000,0.0,0.0
2015-01-02,3158.272511509487,3180.993896484375,3150.698716517857,3180.993896484375,126523700,0.0,0.0
2015-01-02,3143.125049645821,3173.4202308472263,3135.5512543454697,3165.846435546875,114881200,0.0,0.0
2015-01-02,3196.141458956995,3249.1580234420635,3196.141458956995,3241.584228515625,182167700,0.0,0.0
2015-01-02,3264.30561329494,3264.30561329494,3218.86284373631,3241.584228515625,151514000,0.0,0.0
2015-01-02,3241.5841908217044,3241.5841908217044,3180.9938321147565,3188.567626953125,104294200,0.0,0.0
2015-01-02,3180.9938321147565,3203.715216629862,3173.420037276388,3188.567626953125,111072800,0.0,0.0
2015-01-02,3165.8464205050354,3218.8629873555983,3165.8464205050354,3196.1416015625,123609400,0.0,0.0
2015-01-02,3173.4201155442456,3196.1415006197417,3143.1249354435845,3150.69873046875,148652500,0.0,0.0
2015-01-02,3143.124871196793,3173.4200506782076,3090.1083071043167,3158.2724609375,164312800,0.0,0.0
2015-01-02,3143.1253939677567,3196.141966878056,3097.6826171875,3097.6826171875,316653200,0.0,0.0
2015-01-02,3097.682438270718,3165.846599504059,3082.5348468855314,3090.108642578125,163457900,0.0,0.0
2015-01-02,3074.9607666015627,3196.141486467634,3074.9607666015627,3180.993896484375,139281800,0.0,0.0
2015-01-02,3188.567640418915,3196.141435289269,3158.2724609375,3158.2724609375,93227100,0.0,0.0
2015-01-02,3180.993741446168,3196.1413306911495,3112.82958984375,3112.82958984375,106610000,0.0,0.0
2015-01-02,3173.419909754544,3203.715087890625,3150.6985261524824,3203.715087890625,182048000,0.0,0.0
2015-01-02,3218.862806306599,3218.862806306599,3158.2724475996515,3188.567626953125,143230200,0.0,0.0
2015-01-02,3196.1413055638427,3196.1413055638427,3150.6985381861577,3173.419921875,90471500,0.0,0.0
2015-01-02,3127.977294921875,3150.6986796307506,3127.977294921875,3127.977294921875,122999200,0.0,0.0
2015-01-02,3158.272525493915,3180.993910569411,3150.69873046875,3150.69873046875,86848900,0.0,0.0
2015-01-02,3143.124884727792,3150.6986796307506,3127.977294921875,3127.977294921875,100110000,0.0,0.0
2015-01-02,3143.124921526228,3203.7152814592637,3135.551126534598,3180.993896484375,124522800,0.0,0.0
2015-01-02,3196.141632227506,3196.141632227506,3120.4036788571857,3135.55126953125,136646600,0.0,0.0
2015-01-02,3097.6820005987684,3135.5509737112225,3097.6820005987684,3112.82958984375,153165400,0.0,0.0
2015-01-02,3082.53434797861,3127.9771147792776,3074.9605535118326,3120.4033203125,89198900,0.0,0.0
2015-01-02,3105.256233963312,3120.4038253484987,3090.108642578125,3090.108642578125,109561800,0.0,0.0
2015-01-02,3105.255937741126,3112.829732711227,3067.386962890625,3067.386962890625,104738000,0.0,0.0
2015-01-02,3097.6820645960365,3112.829654153963,3074.960680259146,3105.255859375,72736800,0.0,0.0
2015-01-02,3105.2560537277336,3120.4036442337224,3067.387077462761,3082.53466796875,59795000,0.0,0.0
2015-01-02,3082.534488170605,3112.829667415525,3074.960693359375,3074.960693359375,65491200,0.0,0.0
2015-01-02,3097.6826171875,3112.8302094475853,3082.5350249274143,3097.6826171875,52952500,0.0,0.0
2015-01-02,3097.682438270718,3105.256233963312,3082.5348468855314,3090.108642578125,27676500,0.0,0.0
2015-01-02,3090.1082059762775,3135.5509737112225,3074.9606167312954,3112.82958984375,146989400,0.0,0.0
2015-01-02,3120.4036637447666,3173.4202308472263,3097.6822778437127,3165.846435546875,90842500,0.0,0.0
2015-01-02,3180.993910569411,3188.567705594576,3150.69873046875,3150.69873046875,93950000,0.0,0.0
2015-01-02,3165.8462424380195,3203.715216629862,3127.9772682461776,3188.567626953125,174376400,0.0,0.0
2015-01-02,3211.289090670072,3211.289090670072,3135.5511404184194,3150.69873046875,137280000,0.0,0.0
2015-01-02,3158.2723327491053,3180.9937164379476,3143.12474362321,3173.419921875,101275000,0.0,0.0
2015-01-02,3173.4202308472263,3188.5678214479294,3165.846435546875,3165.846435546875,70722600,0.0,0.0
2015-01-02,3165.8463855421687,3165.8463855421687,3127.9774096385545,3143.125,99404900,0.0,0.0
2015-01-02,3158.272525493915,3165.8463205190806,3127.977345393254,3150.69873046875,65907000,0.0,0.0
2015-01-02,3165.846127312053,3173.419921875,3158.2723327491053,3173.419921875,103522400,0.0,0.0
2015-01-02,3173.4202308472263,3188.5678214479294,3150.6988449461724,3165.846435546875,110213800,0.0,0.0
2015-01-02,3180.9938321147565,3188.567626953125,3165.8462424380195,3188.567626953125,102957100,0.0,0.0
2015-01-02,3211.288894689738,3211.288894689738,3135.5509490602626,3173.419921875,120275000,0.0,0.0
2015-01-02,3188.567654145543,3188.567654145543,3127.977294921875,3127.977294921875,109954700,0.0,0.0
2015-01-02,3127.977294921875,3150.6986796307506,3112.829705115958,3127.977294921875,86394600,0.0,0.0
2015-01-02,3127.977281456085,3158.2724609375,3112.829691715378,3158.2724609375,84972500,0.0,0.0
2015-01-02,3135.5509092460557,3150.6984981796113,3105.255731378944,3120.4033203125,76709900,0.0,0.0
2015-01-02,3105.2560537277336,3112.829848980728,3029.518101197789,3082.53466796875,185007800,0.0,0.0
2015-01-02,3052.2398404072433,3105.256413317543,3052.2398404072433,3097.6826171875,97589500,0.0,0.0
2015-01-02,3082.534702172026,3135.55126953125,3074.9609068349937,3135.55126953125,80682900,0.0,0.0
2015-01-02,3158.272655542346,3158.272655542346,3097.6822928460897,3135.55126953125,84812100,0.0,0.0
2015-01-02,3158.272620498695,3158.272620498695,3082.53466796875,3082.53466796875,78498500,0.0,0.0
2015-01-02,3120.4036442337224,3120.4036442337224,3074.9608727157556,3082.53466796875,81546300,0.0,0.0
2015-01-02,3165.8462694366676,3165.8462694366676,3127.977294921875,3127.977294921875,157898800,0.0,0.0
2015-01-02,3158.2724475996515,3188.567626953125,3143.1248579229145,3188.567626953125,236602900,0.0,0.0
2015-01-02,3211.2887739701705,3340.043276700106,3196.1411854137073,3332.469482421875,468016600,0.0,0.0
2015-01-02,3370.3386873812287,3446.0766354122675,3332.469713365709,3362.764892578125,310878100,0.0,0.0
2015-01-02,3332.4698911516853,3408.2078432233143,3317.3223007373595,3370.3388671875,149000100,0.0,0.0
2015-01-02,3408.2074670983643,3408.2074670983643,3370.338495241716,3385.486083984375,112521600,0.0,0.0
2015-01-02,3347.617481566011,3370.3388671875,3317.3223007373595,3370.3388671875,103418200,0.0,0.0
2015-01-02,3370.3388821348854,3370.3388821348854,3317.3223154496172,3340.043701171875,105260000,0.0,0.0
2015-01-02,3362.7652017494356,3370.3389972488712,3324.8962242522575,3355.19140625,96658500,0.0,0.0
2015-01-02,3385.4866540140697,3385.4866540140697,3340.0438801346863,3347.61767578125,89636300,0.0,0.0
2015-01-02,3324.8956881436434,3340.043276700106,3287.0267167524858,3332.469482421875,118305100,0.0,0.0
2015-01-02,3332.470019751693,3362.7652017494356,3309.748633253386,3355.19140625,127058000,0.0,0.0
2015-01-02,3377.9126476806096,3400.634033203125,3362.7650573322658,3400.634033203125,133717300,0.0,0.0
2015-01-02,3362.7652017494356,3385.4865882477425,3347.6176107505644,3355.19140625,109060900,0.0,0.0
2015-01-02,3423.355237688337,3423.355237688337,3377.9124690464564,3393.06005859375,160827800,0.0,0.0
2015-01-02,3385.486107341793,3385.486107341793,3309.748163105958,3324.895751953125,217523600,0.0,0.0
2015-01-02,3370.3391891311812,3446.0771484375,3340.044005408654,3446.0771484375,301346400,0.0,0.0
2015-01-02,3673.290989259922,3680.864785114066,3506.66748046875,3506.66748046875,494657800,0.0,0.0
2015-01-02,3544.5359272203946,3552.1097219366775,3446.076595908717,3453.650390625,186635200,0.0,0.0
2015-01-02,3574.8311320596895,3582.4049268310023,3491.5193895752477,3536.962158203125,292022600,0.0,0.0
2015-01-02,3468.797745696211,3506.6667167190953,3423.35498046875,3423.35498046875,224515800,0.0,0.0
2015-01-02,3408.20797474605,3453.6507477426635,3355.19140625,3355.19140625,214870200,0.0,0.0
2015-01-02,3430.9291847946865,3476.371955454219,3408.2077994649208,3461.224365234375,191967100,0.0,0.0
2015-01-02,3514.2409310038292,3514.2409310038292,3415.7815945748425,3461.224365234375,225575800,0.0,0.0
2015-01-02,3464.57177734375,3496.0678844105114,3440.949697043679,3464.57177734375,275965300,174.2515,0.0
2015-01-02,3496.0678451673116,3574.8081119503595,3472.4457651323974,3559.06005859375,212052100,0.0,0.0
2015-01-02,3582.6821098410383,3653.5483493763554,3566.9340566109677,3629.92626953125,357755700,0.0,0.0
2015-01-02,3661.4228515625,3669.2968792002684,3629.9267410114244,3661.4228515625,226817000,0.0,0.0
2015-01-02,3692.918962113575,3700.792989751344,3629.9267410114244,3661.4228515625,224068000,0.0,0.0
2015-01-02,3700.792769386258,3700.792769386258,3606.304443359375,3606.304443359375,257863400,0.0,0.0
2015-01-02,3622.0524939576526,3645.6745754399853,3590.5563853145427,3614.178466796875,118791900,0.0,0.0
2015-01-02,3692.9192131305563,3708.667269476529,3653.549072265625,3653.549072265625,177758500,0.0,0.0
2015-01-02,3685.0449344758063,3692.918962113575,3637.8007686491933,3661.4228515625,146545100,0.0,0.0
2015-01-02,3653.549269952431,3724.41552734375,3637.80121275436,3724.41552734375,206271600,0.0,0.0
2015-01-02,3748.0368833764596,3748.0368833764596,3661.4225856513735,3708.666748046875,137104800,0.0,0.0
2015-01-02,3724.41552734375,3732.2895559427852,3677.1713557495373,3724.41552734375,106801800,0.0,0.0
2015-01-02,3740.1626163962555,3740.1626163962555,3677.1704039095816,3692.91845703125,93155100,0.0,0.0
2015-01-02,3732.288829244626,3732.288829244626,3692.9186939150413,3708.666748046875,83364400,0.0,0.0
2015-01-02,3700.7927392787687,3740.162874803011,3669.296630859375,3669.296630859375,158650000,0.0,0.0
2015-01-02,3692.919412947608,3724.41552734375,3645.675241353396,3724.41552734375,145105000,0.0,0.0
2015-01-02,3724.4150515292554,3724.4150515292554,3669.2968583776596,3700.79296875,103902000,0.0,0.0
2015-01-02,3724.4150515292554,3732.2890791223404,3677.1708859707446,3700.79296875,76154300,0.0,0.0
2015-01-02,3692.918734608526,3692.918734608526,3622.052490234375,3622.052490234375,111009800,0.0,0.0
2015-01-02,3677.171161560981,3677.171161560981,3637.8010206449107,3645.675048828125,91942500,0.0,0.0
2015-01-02,3645.67432276132,3661.4223759913907,3622.0522429162147,3629.92626953125,125657900,0.0,0.0
2015-01-02,3622.052501453091,3637.8005558072346,3598.430419921875,3598.430419921875,109861100,0.0,0.0
2015-01-02,3582.6821098410383,3629.9262695312495,3582.6821098410383,3629.92626953125,96961200,0.0,0.0
2015-01-02,3653.5483493763554,3653.5483493763554,3614.1782163011794,3629.92626953125,112327600,0.0,0.0
2015-01-02,3622.052265452918,3629.926292116946,3566.9340788047216,3574.80810546875,150659600,0.0,0.0
2015-01-02,3582.682861328125,3606.3049461280907,3574.8088330614696,3582.682861328125,82795100,0.0,0.0
2015-01-02,3582.682365567731,3622.052501453091,3574.808338390659,3598.430419921875,148475600,0.0,0.0
2015-01-02,3629.9266611630155,3834.6513752416236,3622.0526336984535,3818.9033203125,404383100,0.0,0.0
2015-01-02,3818.903587341309,3818.903587341309,3748.0373352050783,3779.533447265625,208253300,0.0,0.0
2015-01-02,3740.162841796875,3818.9031121504936,3716.5407606907897,3740.162841796875,174349500,0.0,0.0
2015-01-02,3700.792912254649,3818.903324347882,3677.170829836002,3811.029296875,235752400,0.0,0.0
2015-01-02,3811.0290181395494,3921.265394697305,3803.1549912425667,3889.769287109375,262734300,0.0,0.0
2015-01-02,3858.273457635309,3881.8955400289947,3818.9033203125,3818.9033203125,191955100,0.0,0.0
2015-01-02,3834.651123046875,3881.895284727124,3826.777096100167,3834.651123046875,193821200,0.0,0.0
2015-01-02,3740.1631807912527,3748.037208540287,3566.9345703125,3566.9345703125,561600400,0.0,0.0
2015-01-02,3354.335821088576,3566.9345703125,3354.335821088576,3566.9345703125,435782800,0.0,0.0
2015-01-02,3582.682395884083,3606.3044776151864,3527.564205178174,3535.438232421875,205233800,0.0,0.0
2015-01-02,3535.437792177553,3535.437792177553,3385.8312931767214,3401.579345703125,207373600,0.0,0.0
2015-01-02,3346.4619140625,3433.0762224264704,3346.4619140625,3346.4619140625,336711300,0.0,0.0
2015-01-02,3362.2096476694173,3559.0603296172753,3362.2096476694173,3503.942138671875,272650400,0.0,0.0
2015-01-02,3543.3122750614466,3566.93435689519,3488.1940841160463,3503.942138671875,129716500,0.0,0.0
2015-01-02,3425.2018696552996,3511.816169807503,3385.83173322248,3496.068115234375,132614900,0.0,0.0
2015-01-02,3496.06836378386,3535.4385030156604,3472.44628024478,3488.1943359375,122101000,0.0,0.0
2015-01-02,3472.446076496644,3496.0681586496826,3401.579830037529,3409.453857421875,175709000,0.0,0.0
2015-01-02,3401.5802532931616,3543.3127638470432,3401.5802532931616,3511.816650390625,165758600,0.0,0.0
2015-01-02,3488.19437185704,3503.942427711925,3425.2021484375,3425.2021484375,138961700,0.0,0.0
2015-01-02,3543.3119988126373,3574.8081054687495,3496.067838828469,3574.80810546875,209962100,0.0,0.0
2015-01-02,3574.8086422474607,3574.8086422474607,3456.69822455206,3488.1943359375,193724500,0.0,0.0
2015-01-02,3519.6905978966993,3645.6750488281245,3503.9425415302712,3645.675048828125,379626500,0.0,0.0
2015-01-02,3574.8083724975586,3622.052536010742,3527.564208984375,3527.564208984375,225697500,0.0,0.0
2015-01-02,3566.9340852720547,3598.4301919852737,3551.1860319154453,3559.06005859375,117643300,0.0,0.0
2015-01-02,3519.69044732294,3551.1865587083803,3464.57225239842,3488.1943359375,157277700,0.0,0.0
2015-01-02,3511.815937943892,3511.815937943892,3464.57177734375,3464.57177734375,133318000,0.0,0.0
2015-01-02,3464.5717544043623,3519.68994140625,3448.8237009752515,3519.68994140625,150604000,0.0,0.0
2015-01-02,3543.312259665576,3559.0603141529787,3527.564205178174,3535.438232421875,161768800,0.0,0.0
2015-01-02,3519.6899647105824,3519.6899647105824,3433.0756702769886,3464.57177734375,222410400,0.0,0.0
2015-01-02,3354.335422217022,3425.2016635314662,3354.335422217022,3417.32763671875,164017200,0.0,0.0
2015-01-02,3385.832004372133,3472.4463114607224,3385.832004372133,3433.076171875,150381800,0.0,0.0
2015-01-02,3433.0758931706464,3503.942138671875,3433.0758931706464,3503.942138671875,160729900,0.0,0.0
2015-01-02,3480.3203080911403,3566.9346144011006,3472.44628024478,3488.1943359375,240023000,0.0,0.0
2015-01-02,3440.949951171875,3464.5720332165333,3425.201896475436,3440.949951171875,185763100,0.0,0.0
2015-01-02,3464.57177734375,3472.4458041104403,3417.327616743608,3464.57177734375,95058800,0.0,0.0
2015-01-02,3488.1941113058288,3488.1941113058288,3448.823974609375,3448.823974609375,103964600,0.0,0.0
2015-01-02,3472.44558207194,3472.44558207194,3393.705319439923,3401.579345703125,106208500,0.0,0.0
2015-01-02,3385.8320267183876,3433.076194533063,3385.8320267183876,3393.7060546875,127600700,0.0,0.0
2015-01-02,3401.579583093318,3425.2016635314662,3393.705556280602,3417.32763671875,66083900,0.0,0.0
2015-01-02,3393.7058225257374,3409.4538773866457,3362.209712803921,3370.083740234375,152306100,0.0,0.0
2015-01-02,3401.5795966569767,3409.45362350109,3370.0834892805233,3385.83154296875,178535800,0.0,0.0
2015-01-02,3370.0837811191686,3393.7058636971065,3291.343505859375,3291.343505859375,228536100,0.0,0.0
2015-01-02,3244.099352880271,3322.839628435617,3244.099352880271,3267.721435546875,239939100,0.0,0.0
2015-01-02,3267.7214396748564,3307.0915775022645,3236.22532941293,3259.847412109375,154659500,0.0,0.0
2015-01-02,3220.477316072672,3244.09939907565,3118.1149563931003,3181.107177734375,246853600,0.0,0.0
2015-01-02,3181.107397998166,3275.5957365525674,3181.107397998166,3220.4775390625,180648400,0.0,0.0
2015-01-02,3188.9814309512867,3228.351572074142,3165.3593462775734,3212.603515625,125309100,0.0,0.0
2015-01-02,3181.106929976852,3236.225119357639,3181.106929976852,3188.98095703125,172127500,0.0,0.0
2015-01-02,3220.4772501627604,3307.091552734375,3188.9811401367188,3307.091552734375,112914000,0.0,0.0
2015-01-02,3267.721202072588,3283.46925605848,3228.351067107858,3244.09912109375,80867700,0.0,0.0
2015-01-02,3244.0991246578465,3259.84717866104,3228.351070654653,3236.22509765625,56085200,0.0,0.0
2015-01-02,3236.225115696198,3251.9731697871766,3173.2328993322817,3196.85498046875,165745200,0.0,0.0
2015-01-02,3157.4850822280023,3220.4773033198326,3157.4850822280023,3204.729248046875,188729700,0.0,0.0
2015-01-02,3196.8549626482663,3244.0991246578465,3188.9809356466694,3236.22509765625,91362800,0.0,0.0
2015-01-02,3236.22532941293,3259.847412109375,3212.6032467164855,3259.847412109375,135284500,0.0,0.0
2015-01-02,3267.7212056626367,3267.7212056626367,3236.22509765625,3236.22509765625,122905900,0.0,0.0
2015-01-02,3291.3432208393897,3385.83154296875,3275.595167151163,3385.83154296875,220223600,0.0,0.0
2015-01-02,3385.8320267183876,3393.7060546875,3330.7138309346,3393.7060546875,130405400,0.0,0.0
2015-01-02,3409.453881435707,3409.453881435707,3362.209716796875,3362.209716796875,86561100,0.0,0.0
2015-01-02,3346.4619140625,3385.832054227941,3346.4619140625,3346.4619140625,60952800,0.0,0.0
2015-01-02,3362.209693115798,3425.2019121905673,3354.335665731452,3409.453857421875,97709800,0.0,0.0
2015-01-02,3448.823503282335,3448.823503282335,3385.8312931767214,3401.579345703125,88570800,0.0,0.0
2015-01-02,3417.328116040711,3464.5722835435777,3417.328116040711,3433.076171875,136421400,0.0,0.0
2015-01-02,3456.6982556264334,3488.194367295011,3417.328116040711,3433.076171875,228669400,0.0,0.0
2015-01-02,3456.6982556264334,3472.4463114607224,3409.454088123566,3433.076171875,200791700,0.0,0.0
2015-01-02,3433.0756702769886,3464.57177734375,3385.8315096768465,3464.57177734375,173931000,0.0,0.0
2015-01-02,3472.4460566272473,3480.320083966538,3425.201892591502,3448.823974609375,103412300,0.0,0.0
2015-01-02,3448.8242277092886,3456.6982556264334,3425.2021439578552,3433.076171875,120175700,0.0,0.0
2015-01-02,3433.076171875,3464.5722835435777,3401.580060206422,3433.076171875,168879400,0.0,0.0
2015-01-02,3433.0759238236556,3464.5720332165333,3417.3278691272167,3440.949951171875,107242600,0.0,0.0
2015-01-02,3464.5720176091268,3519.690208798363,3456.697990296379,3472.446044921875,181747100,0.0,0.0
2015-01-02,3425.2021665639504,3440.950222502175,3385.8320267183876,3393.7060546875,205341100,0.0,0.0
2015-01-02,3448.8242322198275,3472.446316002155,3417.3281205100575,3425.2021484375,193329000,0.0,0.0
2015-01-02,3417.327398229528,3425.20142449273,3401.579345703125,3401.579345703125,103916700,0.0,0.0
2015-01-02,3409.45362350109,3425.201677189317,3385.83154296875,3385.83154296875,135099400,0.0,0.0
2015-01-02,3425.201932247554,3425.201932247554,3362.209712803921,3370.083740234375,205432400,0.0,0.0
2015-01-02,3409.453857421875,3417.327884806221,3393.7058026531827,3409.453857421875,138795300,0.0,0.0
2015-01-02,3417.3276503452034,3417.3276503452034,3385.83154296875,3385.83154296875,84552100,0.0,0.0
2015-01-02,3401.5798539959014,3409.453881435707,3362.209716796875,3362.209716796875,121124400,0.0,0.0
2015-01-02,3354.3354355922966,3393.7055698128634,3354.3354355922966,3385.83154296875,107799500,0.0,0.0
2015-01-02,3385.831791093022,3409.4538733564614,3370.0837362507286,3377.957763671875,75055900,0.0,0.0
2015-01-02,3370.08374423668,3385.8317991162908,3362.209716796875,3362.209716796875,117653800,0.0,0.0
2015-01-02,3370.08374423668,3377.9577716764857,3362.209716796875,3362.209716796875,87375200,0.0,0.0
2015-01-02,3346.4619140625,3362.2099701286766,3322.8398299632354,3346.4619140625,88409800,0.0,0.0
2015-01-02,3346.4616659101744,3385.8318031561766,3346.4616659101744,3354.335693359375,157219500,0.0,0.0
2015-01-02,3346.461395404306,3425.2016635314662,3338.58736859159,3417.32763671875,191475700,0.0,0.0
2015-01-02,3401.5795664863326,3456.69775390625,3393.7055397120585,3456.69775390625,139929300,0.0,0.0
2015-01-02,3472.446029560218,3503.942138671875,3448.8239477264747,3503.942138671875,220616600,0.0,0.0
2015-01-02,3488.194032224435,3622.0524939576526,3480.3200050636574,3614.178466796875,261126600,0.0,0.0
2015-01-02,3677.170695522375,3692.9187498929205,3582.682369299102,3590.556396484375,188042700,0.0,0.0
2015-01-02,3551.186792211148,3582.682905667566,3511.816650390625,3511.816650390625,231936700,0.0,0.0
2015-01-02,3527.564164402174,3637.8005445397416,3527.564164402174,3622.052490234375,250373200,0.0,0.0
2015-01-02,3653.5483493763554,3653.5483493763554,3598.430163071109,3629.92626953125,119286700,0.0,0.0
2015-01-02,3629.9265324107387,3645.6745867812842,3590.556396484375,3590.556396484375,97988000,0.0,0.0
2015-01-02,3590.556389021561,3653.5486063728163,3590.556389021561,3606.304443359375,141828800,0.0,0.0
2015-01-02,3559.0602803459333,3629.9265248660954,3551.186253177026,3606.304443359375,149960600,0.0,0.0
2015-01-02,3622.0522429162147,3700.792509066567,3614.1782163011794,3629.92626953125,295664100,0.0,0.0
2015-01-02,3629.926805555556,3637.8008333333332,3543.3125,3543.3125,282492200,0.0,0.0
2015-01-02,3559.060284036515,3622.052501453091,3543.3122296823713,3598.430419921875,134432000,0.0,0.0
2015-01-02,3598.430450371485,3622.052532102589,3535.438232421875,3535.438232421875,138695500,0.0,0.0
2015-01-02,3535.4386917281936,3582.682861328125,3519.6906351948833,3582.682861328125,159976900,0.0,0.0
2015-01-02,3543.3122333727383,3606.30445085492,3543.3122333727383,3590.556396484375,100425300,0.0,0.0
2015-01-02,3574.8083724975586,3590.556427001953,3527.564208984375,3527.564208984375,139074000,0.0,0.0
2015-01-02,3527.5639454845814,3574.8081054687495,3472.445758836385,3574.80810546875,280747500,0.0,0.0
2015-01-02,3543.3124870653974,3582.6826258105684,3527.564431567329,3566.9345703125,213704600,0.0,0.0
2015-01-02,3551.1860319154453,3590.556165306969,3527.563951880531,3559.06005859375,161815300,0.0,0.0
2015-01-02,3559.060317993164,3574.8083724975586,3511.8161544799805,3527.564208984375,169368600,0.0,0.0
2015-01-02,3503.9421234470697,3551.1862869092774,3472.446014472265,3535.438232421875,224229200,0.0,0.0
2015-01-02,3543.3124870653974,3582.6826258105684,3527.564431567329,3566.9345703125,159559600,0.0,0.0
2015-01-02,3590.5568468817346,3661.423100438611,3590.5568468817346,3653.549072265625,256367100,0.0,0.0
2015-01-02,3669.296425437087,3669.296425437087,3574.8081054687495,3574.80810546875,182246200,0.0,0.0
2015-01-02,3574.8083609773416,3598.4304426578087,3551.186279296875,3551.186279296875,123346200,0.0,0.0
2015-01-02,3527.5642243806305,3535.4382516671944,3488.1940879478107,3496.068115234375,133678600,0.0,0.0
2015-01-02,3480.3200879129718,3488.194115261191,3417.3278691272167,3440.949951171875,193923600,0.0,0.0
2015-01-02,3456.69822455206,3488.1943359375,3440.95016885934,3488.1943359375,133742200,0.0,0.0
2015-01-02,3519.6899647105824,3519.6899647105824,3464.57177734375,3464.57177734375,128741800,0.0,0.0
2015-01-02,3456.69826014727,3480.3203439295976,3425.2021484375,3425.2021484375,104269900,0.0,0.0
2015-01-02,3448.8240186347334,3456.698046074539,3362.209716796875,3362.209716796875,180841100,0.0,0.0
2015-01-02,3362.20946243641,3401.5795966569767,3354.3354355922966,3385.83154296875,145506000,0.0,0.0
2015-01-02,3370.0837362507286,3417.327900777608,3370.0837362507286,3377.957763671875,161444100,0.0,0.0
2015-01-02,3370.0834892805233,3417.3276503452034,3370.0834892805233,3385.83154296875,81682300,0.0,0.0
2015-01-02,3370.083459389237,3464.5717806805237,3370.083459389237,3456.69775390625,149521700,0.0,0.0
2015-01-02,3433.07614101298,3511.8164194765804,3433.07614101298,3488.1943359375,165052200,0.0,0.0
2015-01-02,3488.1943055555557,3574.808611111111,3488.1943055555557,3543.3125,186997700,0.0,0.0
2015-01-02,3590.5563853145427,3629.92652111843,3582.682358153765,3614.178466796875,233948800,0.0,0.0
2015-01-02,3622.0527645557395,3629.9267923047737,3543.3124870653974,3566.9345703125,178298500,0.0,0.0
2015-01-02,3582.6823544709578,3622.052490234375,3566.934300165591,3622.052490234375,131385300,0.0,0.0
2015-01-02,3622.0529642784827,3645.6750488281245,3590.556851545626,3645.675048828125,227256400,0.0,0.0
2015-01-02,3645.674796286962,3685.0449344758063,3645.674796286962,3661.4228515625,275184000,0.0,0.0
2015-01-02,3692.9187121739205,3700.7927392787687,3645.67454954483,3669.296630859375,230590200,0.0,0.0
2015-01-02,3685.0444558364966,3685.0444558364966,3598.430163071109,3629.92626953125,163816900,0.0,0.0
2015-01-02,3645.674796286962,3669.2968792002684,3614.178685735887,3661.4228515625,174423000,0.0,0.0
2015-01-02,3661.4228515625,3669.2968792002684,3629.9267410114244,3661.4228515625,85292300,0.0,0.0
2015-01-02,3661.4223507879133,3692.91845703125,3629.926244544576,3692.91845703125,112070500,0.0,0.0
2015-01-02,3692.9189749053035,3692.9189749053035,3629.926753584957,3637.80078125,80916300,0.0,0.0
2015-01-02,3622.052713373656,3661.4228515625,3622.052713373656,3661.4228515625,126493900,0.0,0.0
2015-01-02,3590.5566535596026,3606.304709057671,3559.060542563466,3566.9345703125,196277400,0.0,0.0
2015-01-02,3637.8007686491933,3661.4228515625,3614.178685735887,3661.4228515625,153238500,0.0,0.0
2015-01-02,3637.8005520350025,3653.5486063728163,3582.682361852654,3606.304443359375,140187600,0.0,0.0
2015-01-02,3606.304443359375,3629.9265248660954,3590.556389021561,3606.304443359375,87986300,0.0,0.0
2015-01-02,3614.178245341883,3629.9262986984927,3535.4379785588358,3559.06005859375,245789200,0.0,0.0
2015-01-02,3559.0602478419432,3677.170654296875,3543.3121936479524,3677.170654296875,214514600,0.0,0.0
2015-01-02,3677.1704292214613,3685.0444558364966,3629.9262695312495,3629.92626953125,105313200,0.0,0.0
2015-01-02,3637.8005482792078,3645.6745754399853,3590.5563853145427,3614.178466796875,82279300,0.0,0.0
2015-01-02,3598.4304124753203,3677.1706840830952,3598.4304124753203,3614.178466796875,154866000,0.0,0.0
2015-01-02,3653.5485730058886,3677.170654296875,3645.674545908893,3677.170654296875,147280600,0.0,0.0
2015-01-02,3700.792717367916,3732.288825600834,3677.170636193227,3716.540771484375,156735700,0.0,0.0
2015-01-02,3700.792706620066,3740.162841796875,3692.918679584704,3740.162841796875,177861100,0.0,0.0
2015-01-02,3724.4154817573262,3803.155766783908,3724.4154817573262,3795.28173828125,214611600,0.0,0.0
2015-01-02,3795.2812379188144,3826.777347777062,3771.659155525129,3818.9033203125,184916300,0.0,0.0
2015-01-02,3787.4066882765433,3921.2651367187495,3779.53266189759,3921.26513671875,560639800,0.0,0.0
2015-01-02,3937.01344849127,3956.6985157337263,3858.2731795214445,3889.769287109375,267382600,0.0,0.0
2015-01-02,3858.2731968542303,3881.895277651297,3826.7770891248083,3850.399169921875,199981400,0.0,0.0
2015-01-02,3866.147223786586,3881.895277651297,3826.7770891248083,3850.399169921875,88463000,0.0,0.0
2015-01-02,3826.7773437500005,3850.3994261188273,3779.533179012346,3826.77734375,151325300,0.0,0.0
2015-01-02,3811.0290814568016,3811.0290814568016,3732.2888111787684,3748.036865234375,253330100,0.0,0.0
2015-01-02,3748.037077091942,3811.029296875,3708.666939727531,3811.029296875,154313900,0.0,0.0
2015-01-02,3803.1555313110352,3811.029559326172,3748.0373352050783,3779.533447265625,203573100,0.0,0.0
2015-01-02,3779.533182989691,3818.9033203125,3748.0370731314433,3818.9033203125,139582400,0.0,0.0
2015-01-02,3834.6513278892103,3921.265628929829,3811.0292457872233,3913.3916015625,194233200,0.0,0.0
2015-01-02,3937.0131894766564,3937.0131894766564,3834.6508465502634,3921.26513671875,201275800,0.0,0.0
2015-01-02,3858.2739208089356,3889.7700344481923,3842.5258639893073,3866.14794921875,170702300,0.0,0.0
2015-01-02,3795.280714655497,3921.2651367187495,3795.280714655497,3921.26513671875,594601900,0.0,0.0
2015-01-02,3913.3916015625,3921.265628929829,3874.0214647258554,3913.3916015625,82959800,0.0,0.0
2015-01-02,3881.8960060383783,3913.3921196776346,3850.3998923991217,3866.14794921875,78671600,0.0,0.0
2015-01-02,3866.147223786586,3889.7693045836527,3834.6511160571636,3850.399169921875,71277800,0.0,0.0
2015-01-02,3866.14719956921,3913.391360867408,3858.273172686177,3905.517333984375,87321400,0.0,0.0
2015-01-02,3874.020761958888,3889.76881383677,3842.524658203125,3842.524658203125,53350600,0.0,0.0
2015-01-02,3858.273182959876,3881.895263671875,3850.399156055876,3881.895263671875,43581100,0.0,0.0
2015-01-02,3881.895284727124,3897.6433386205404,3826.777096100167,3834.651123046875,74123800,0.0,0.0
2015-01-02,3834.651880794541,3842.525909297199,3787.4077097785917,3795.28173828125,117912500,0.0,0.0
2015-01-02,3795.2809883133345,3834.651123046875,3779.532934419918,3834.651123046875,106690700,0.0,0.0
2015-01-02,3834.651098830497,3897.6433140063573,3834.651098830497,3889.769287109375,182091500,0.0,0.0
2015-01-02,3866.147230833708,3874.021257780416,3795.2809883133345,3834.651123046875,100200100,0.0,0.0
2015-01-02,3803.1552653833764,3858.273457635309,3803.1552653833764,3818.9033203125,95136500,0.0,0.0
2015-01-02,3818.9033530693137,3818.9033530693137,3755.9111328125,3755.9111328125,188071000,0.0,0.0
2015-01-02,3740.1633821684736,3748.03741034146,3598.430875054721,3653.549072265625,292142000,0.0,0.0
2015-01-02,3582.682587594697,3653.548836580087,3582.682587594697,3637.80078125,175932000,0.0,0.0
2015-01-02,3606.304439636098,3653.548602600763,3582.682358153765,3614.178466796875,166164900,0.0,0.0
2015-01-02,3627.733118474887,3643.6791981165347,3516.110560983352,3532.056640625,282510000,57.0,0.0
2015-01-02,3516.1102796580694,3532.0563580238654,3476.2450837435786,3492.191162109375,211610100,0.0,0.0
2015-01-02,3571.921840277778,3603.813999565972,3516.1105615234374,3587.867919921875,210887800,0.0,0.0
2015-01-02,3595.8407489231654,3611.7868276323593,3524.083394731794,3571.921630859375,134592100,0.0,0.0
2015-01-02,3532.056128577848,3611.786515227461,3524.083089912887,3603.8134765625,172170900,0.0,0.0
2015-01-02,3603.8136543140076,3651.6518886633085,3595.840615255791,3635.705810546875,150577400,0.0,0.0
2015-01-02,3635.7057447350544,3683.5439782184103,3635.7057447350544,3667.597900390625,178026000,0.0,0.0
2015-01-02,3659.6247235544333,3691.516878008067,3651.651684941025,3675.57080078125,117204100,0.0,0.0
2015-01-02,3691.517299857191,3723.4094579553093,3683.5442603326615,3707.46337890625,116038300,0.0,0.0
2015-01-02,3715.436346937568,3731.3824256797893,3659.625071339793,3683.544189453125,81964700,0.0,0.0
2015-01-02,3683.544044896176,3683.544044896176,3627.7327714886583,3635.705810546875,84009300,0.0,0.0
2015-01-02,3635.7058823529414,3683.544117647059,3627.7328431372553,3659.625,113840400,0.0,0.0
2015-01-02,3667.5983192180765,3731.3826378131735,3667.5983192180765,3699.490478515625,178282600,0.0,0.0
2015-01-02,3707.462955234884,3731.382071075109,3643.6786463276167,3675.57080078125,185972400,0.0,0.0
2015-01-02,3675.570972425969,3683.5440114117087,3643.6788164830105,3651.65185546875,280039200,0.0,0.0
2015-01-02,3691.517369979467,3739.3556080353565,3683.5443303034854,3731.382568359375,181849300,0.0,0.0
2015-01-02,3707.4630949600883,3731.382211701766,3667.597900390625,3667.597900390625,145413400,0.0,0.0
2015-01-02,3707.462972861842,3811.1124753289473,3691.5168955592103,3787.193359375,198479900,0.0,0.0
2015-01-02,3811.1123685555117,3835.031483839333,3731.3819842761077,3779.22021484375,141366300,0.0,0.0
2015-01-02,3779.220320723684,3819.085513980263,3763.2742434210527,3787.193359375,140923100,0.0,0.0
2015-01-02,3755.3016212160755,3819.0859375,3755.3016212160755,3819.0859375,168599500,0.0,0.0
2015-01-02,3819.0856603673988,3858.950855152027,3803.139582453547,3835.03173828125,177400700,0.0,0.0
2015-01-02,3858.9511377154063,3890.8432958783433,3803.139860930266,3874.897216796875,181146600,0.0,0.0
2015-01-02,3906.789479573568,3906.789479573568,3827.05908203125,3827.05908203125,144569400,0.0,0.0
2015-01-02,3843.0046792784265,3882.869873046875,3835.0316405247368,3882.869873046875,120995200,0.0,0.0
2015-01-02,3898.8159505542544,3898.8159505542544,3835.0316405247368,3882.869873046875,84568100,0.0,0.0
2015-01-02,3898.8159505542544,3898.8159505542544,3866.9237955394956,3882.869873046875,69966200,0.0,0.0
2015-01-02,3898.815567266746,3898.815567266746,3850.977339447522,3890.842529296875,104019300,0.0,0.0
2015-01-02,3906.788605236616,3906.788605236616,3858.9503774173922,3890.842529296875,88432500,0.0,0.0
2015-01-02,3890.843612227697,3890.843612227697,3843.00537109375,3843.00537109375,59319100,0.0,0.0
2015-01-02,3819.0856205275077,3835.0316982750132,3771.247387284992,3795.16650390625,107327900,0.0,0.0
2015-01-02,3835.0321217854816,3835.0321217854816,3771.2478037516275,3827.05908203125,139144500,0.0,0.0
2015-01-02,3827.0586594012602,3858.950814896271,3795.16650390625,3795.16650390625,46409300,0.0,0.0
2015-01-02,3811.112621410473,3835.03173828125,3795.1665434966217,3835.03173828125,89918800,0.0,0.0
2015-01-02,3795.166530045503,3819.085646831504,3723.4091796875,3723.4091796875,273125500,0.0,0.0
2015-01-02,3771.2474530753443,3787.193531101033,3747.3283360368114,3763.2744140625,115578600,0.0,0.0
2015-01-02,3787.193189804524,3811.1123046875,3763.274074921548,3811.1123046875,59377900,0.0,0.0
2015-01-02,3827.0586594012602,3827.0586594012602,3771.247387284992,3795.16650390625,84777000,0.0,0.0
2015-01-02,3819.0859375,3827.058977035491,3811.1128979645096,3819.0859375,78292000,0.0,0.0
2015-01-02,3803.1396539861507,3866.9239668412642,3803.1396539861507,3858.950927734375,111953700,0.0,0.0
2015-01-02,3866.9239668412642,3866.9239668412642,3843.0048495205965,3858.950927734375,125766100,0.0,0.0
2015-01-02,3874.8969330658783,3882.8699720228037,3835.03173828125,3835.03173828125,79549800,0.0,0.0
2015-01-02,3843.00537109375,3850.9784112827415,3827.059290715768,3843.00537109375,125140500,0.0,0.0
2015-01-02,3835.0317054258862,3882.869938757602,3803.139549871409,3850.977783203125,106769300,0.0,0.0
2015-01-02,3803.1395022641323,3819.0855798417597,3739.3551919536226,3755.30126953125,192444400,0.0,0.0
2015-01-02,3795.1668508976068,3803.1398905003325,3747.32861328125,3747.32861328125,107761200,0.0,0.0
2015-01-02,3747.328926070296,3787.1941274114693,3699.490684460888,3771.248046875,155984500,0.0,0.0
2015-01-02,3803.1405074139034,3906.7900390625,3787.194425621811,3906.7900390625,267753300,0.0,0.0
2015-01-02,3858.9503774173922,3890.842529296875,3843.004301477651,3890.842529296875,113829400,0.0,0.0
2015-01-02,3882.8709163743624,3922.736120854592,3858.951793686225,3906.7900390625,214639300,0.0,0.0
2015-01-02,3974.7546693813874,4033.3300013512185,3949.650955680031,3991.490478515625,266103900,231.22139,0.0
2015-01-02,3974.754378564247,4008.2259943837353,3949.6506666996306,3966.386474609375,144925200,0.0,0.0
2015-01-02,3966.3867648142686,3999.8583830827433,3966.3867648142686,3991.490478515625,105217100,0.0,0.0
2015-01-02,4016.594253508316,4033.330062897934,3991.490539423889,4024.962158203125,141800500,0.0,0.0
2015-01-02,4024.9618184621713,4024.9618184621713,3966.386490542763,3974.75439453125,98847200,0.0,0.0
2015-01-02,3958.018798828125,3974.7546077026623,3941.2829899535873,3958.018798828125,161561800,0.0,0.0
2015-01-02,3991.490281677246,4016.593994140625,3983.1223775227863,4016.593994140625,133511700,0.0,0.0
2015-01-02,4016.594268672199,4033.330078125,3983.1226497665975,4033.330078125,88097800,0.0,0.0
2015-01-02,4024.9624316608433,4083.537768504141,4016.5945263975154,4041.6982421875,119316500,0.0,0.0
2015-01-02,4066.801972696604,4066.801972696604,4033.3303515221464,4050.066162109375,88012300,0.0,0.0
2015-01-02,4066.80126953125,4066.80126953125,4033.3296541441614,4066.80126953125,58886800,0.0,0.0
2015-01-02,4066.800815269595,4091.904524005827,4041.6971065333632,4083.53662109375,67275600,0.0,0.0
2015-01-02,4142.112272003359,4142.112272003359,4091.9048505245305,4125.37646484375,194839900,0.0,0.0
2015-01-02,4142.113081231175,4183.952607304217,4125.377270801958,4167.216796875,141279800,0.0,0.0
2015-01-02,4225.791665063116,4267.631186499384,4183.952143626847,4246.71142578125,190097200,0.0,0.0
2015-01-02,4246.7116630722385,4246.7116630722385,4150.480758391784,4175.58447265625,121231300,0.0,0.0
2015-01-02,4175.583919270834,4204.87158203125,4142.1123046875,4142.1123046875,95747700,0.0,0.0
2015-01-02,4309.470878031717,4309.470878031717,4125.376976445896,4204.8720703125,273336000,0.0,0.0
2015-01-02,4175.584234678398,4309.470703125,4175.584234678398,4309.470703125,125947200,0.0,0.0
2015-01-02,4330.39013671875,4414.069173177083,4267.630859375,4267.630859375,251912000,0.0,0.0
2015-01-02,4330.390463819782,4330.390463819782,4225.791660345873,4309.470703125,84246100,0.0,0.0
2015-01-02,4372.229654947917,4372.229654947917,4225.791341145833,4267.630859375,183524700,0.0,0.0
2015-01-02,4309.470703125,4330.390463819782,4246.711421040655,4309.470703125,140482000,0.0,0.0
2015-01-02,4372.22998046875,4393.149741140849,4288.550937780353,4372.22998046875,182599600,0.0,0.0
2015-01-02,4393.1494140625,4393.1494140625,4225.791341145833,4267.630859375,107804200,0.0,0.0
2015-01-02,4225.791501524391,4288.55078125,4204.871741615854,4288.55078125,102987300,0.0,0.0
2015-01-02,4246.711421040655,4309.470703125,4225.791660345873,4309.470703125,108369600,0.0,0.0
2015-01-02,4330.390463819782,4330.390463819782,4267.631181735437,4309.470703125,85618800,0.0,0.0
2015-01-02,4267.631181735437,4330.390463819782,4267.631181735437,4309.470703125,92625800,0.0,0.0
2015-01-02,4309.470703125,4330.390463819782,4204.8718996510925,4309.470703125,163732600,0.0,0.0
2015-01-02,4330.390298696664,4351.31005859375,4267.631019005408,4351.31005859375,73611200,0.0,0.0
2015-01-02,4393.149578387921,4393.149578387921,4330.390298696664,4351.31005859375,115834500,0.0,0.0
2015-01-02,4372.229654947917,4560.507486979167,4351.309895833333,4518.66796875,185672200,0.0,0.0
2015-01-02,4434.9890913018435,4602.3471702188945,4434.9890913018435,4539.587890625,162655900,0.0,0.0
2015-01-02,4581.427894176137,4686.026704545455,4581.427894176137,4602.34765625,255251600,0.0,0.0
2015-01-02,4623.267567225865,4686.02685546875,4560.50827898298,4686.02685546875,187436100,0.0,0.0
2015-01-02,4602.347005208333,4665.106282552083,4560.507486979167,4581.42724609375,224391900,0.0,0.0
2015-01-02,4539.588516235352,4686.02685546875,4539.588516235352,4686.02685546875,154003100,0.0,0.0
2015-01-02,4686.026041666667,4706.94580078125,4581.42724609375,4644.1865234375,125049100,0.0,0.0
2015-01-02,4602.34765625,4686.026704545455,4602.34765625,4602.34765625,67363200,0.0,0.0
2015-01-02,4665.1064453125,4665.1064453125,4497.748366556894,4665.1064453125,898453700,0.0,0.0
2015-01-02,4686.0262096774195,4686.0262096774195,4539.587890625,4539.587890625,255472600,0.0,0.0
2015-01-02,4518.6682912844035,4602.3473337155965,4476.828770068808,4560.5078125,92019300,0.0,0.0
2015-01-02,4581.42724609375,4581.42724609375,4476.828450520833,4518.66796875,150377000,0.0,0.0
2015-01-02,4497.748209635417,4581.42724609375,4476.828450520833,4581.42724609375,92794100,0.0,0.0
2015-01-02,4539.587890625,4560.5076504896315,4497.748370895738,4539.587890625,77251000,0.0,0.0
2015-01-02,4518.66796875,4518.66796875,4497.748209635417,4518.66796875,92314200,0.0,0.0
2015-01-02,4518.66796875,4644.1865234375,4518.66796875,4644.1865234375,108831400,0.0,0.0
2015-01-02,4665.106282552083,4665.106282552083,4581.42724609375,4644.1865234375,79137600,0.0,0.0
2015-01-02,4581.427568668693,4623.26708984375,4560.507808081165,4623.26708984375,74388400,0.0,0.0
2015-01-02,4581.42724609375,4644.1865234375,4518.66796875,4644.1865234375,189062600,0.0,0.0
2015-01-02,4602.347329256221,4623.26708984375,4560.507808081165,4623.26708984375,55144200,0.0,0.0
2015-01-02,4581.42724609375,4644.1865234375,4581.42724609375,4644.1865234375,102926800,0.0,0.0
2015-01-02,4602.347165779148,4665.1064453125,4602.347165779148,4665.1064453125,84605400,0.0,0.0
2015-01-02,4644.1865234375,4686.026041666667,4581.42724609375,4581.42724609375,94143200,0.0,0.0
2015-01-02,4539.587727864583,4581.42724609375,4518.66796875,4518.66796875,123350300,0.0,0.0
2015-01-02,4539.588051892202,4581.427573107799,4497.748530676606,4560.5078125,85472100,0.0,0.0
2015-01-02,4560.5076504896315,4602.3471702188945,4539.587890625,4539.587890625,110716500,0.0,0.0
2015-01-02,4602.347005208333,4644.1865234375,4560.507486979167,4581.42724609375,168559800,0.0,0.0
2015-01-02,4602.3473337155965,4602.3473337155965,4539.588051892202,4560.5078125,94462600,0.0,0.0
2015-01-02,4518.6682912844035,4560.5078125,4518.6682912844035,4560.5078125,109632800,0.0,0.0
2015-01-02,4560.5076504896315,4581.427410354263,4518.6681307603685,4539.587890625,109446200,0.0,0.0
2015-01-02,4518.668786337209,4539.588549236919,4497.7490234375,4497.7490234375,114043800,0.0,0.0
2015-01-02,4539.587727864583,4602.347005208333,4518.66796875,4518.66796875,78972100,0.0,0.0
2015-01-02,4497.748370895738,4560.5076504896315,4497.748370895738,4539.587890625,122094700,0.0,0.0
2015-01-02,4560.5078125,4581.427573107799,4539.588051892202,4560.5078125,104993700,0.0,0.0
2015-01-02,4539.588051892202,4581.427573107799,4539.588051892202,4560.5078125,134905700,0.0,0.0
2015-01-02,4560.507808081165,4623.26708984375,4539.588047493637,4623.26708984375,127814200,0.0,0.0
2015-01-02,4644.186685468049,4706.945965001401,4623.266925623599,4665.1064453125,166951300,0.0,0.0
2015-01-02,4706.94580078125,4769.705078125,4686.026041666667,4706.94580078125,120810300,0.0,0.0
2015-01-02,4665.106282552083,4727.865559895833,4644.1865234375,4706.94580078125,111117300,0.0,0.0
2015-01-02,4686.026041666667,4706.94580078125,4665.106282552083,4706.94580078125,63094600,0.0,0.0
2015-01-02,4686.02685546875,4727.866380964007,4686.02685546875,4686.02685546875,62962500,0.0,0.0
2015-01-02,4706.945476700775,4769.704749723452,4706.945476700775,4727.865234375,111248100,0.0,0.0
2015-01-02,4769.705405079846,4769.705405079846,4727.865883982654,4748.78564453125,76200300,0.0,0.0
2015-01-02,4748.784992049225,4811.544265071902,4727.865234375,4727.865234375,109859200,0.0,0.0
2015-01-02,4706.946282637747,4769.70556640625,4706.946282637747,4769.70556640625,74036700,0.0,0.0
2015-01-02,4769.704749723452,4769.704749723452,4727.865234375,4727.865234375,186727400,0.0,0.0
2015-01-02,4727.866043893914,4811.545088918585,4727.866043893914,4769.70556640625,100137500,0.0,0.0
2015-01-02,4727.866043893914,4790.6253276624175,4727.866043893914,4769.70556640625,90611300,0.0,0.0
2015-01-02,4748.7858051500825,4811.545088918585,4727.866043893914,4769.70556640625,82775000,0.0,0.0
2015-01-02,4769.705244534754,4790.625004379204,4665.1064453125,4665.1064453125,150738500,0.0,0.0
2015-01-02,4686.026521381579,4790.6253276624175,4665.106760125411,4769.70556640625,88104900,0.0,0.0
2015-01-02,4769.705078125,4811.544596354167,4686.026041666667,4706.94580078125,89189600,0.0,0.0
2015-01-02,4727.866043893914,4790.6253276624175,4706.946282637747,4769.70556640625,91930000,0.0,0.0
2015-01-02,4748.7858051500825,4790.6253276624175,4748.7858051500825,4769.70556640625,85474200,0.0,0.0
2015-01-02,4748.784992049225,4769.704749723452,4727.865234375,4727.865234375,74321000,0.0,0.0
2015-01-02,4727.865234375,4748.784992049225,4665.105961352323,4727.865234375,127358400,0.0,0.0
2015-01-02,4727.865724845852,4748.785484690303,4665.1064453125,4665.1064453125,89597300,0.0,0.0
2015-01-02,4644.186850431278,4665.106611018807,4560.507808081165,4623.26708984375,188191900,0.0,0.0
2015-01-02,4602.347165779148,4686.026205156951,4602.347165779148,4665.1064453125,121561200,0.0,0.0
2015-01-02,4644.187180397727,4665.1069424715915,4602.34765625,4602.34765625,91640000,0.0,0.0
2015-01-02,4602.347165779148,4706.945965001401,4602.347165779148,4665.1064453125,101221500,0.0,0.0
2015-01-02,4686.02685546875,4706.946618216379,4665.107092721121,4686.02685546875,78686900,0.0,0.0
2015-01-02,4706.94580078125,4706.94580078125,4644.1865234375,4644.1865234375,74407500,0.0,0.0
2015-01-02,4644.187329973493,4686.02685546875,4623.267567225865,4686.02685546875,65096500,0.0,0.0
2015-01-02,4686.026041666667,4706.94580078125,4644.1865234375,4644.1865234375,37126600,0.0,0.0
2015-01-02,4623.267567225865,4686.02685546875,4623.267567225865,4686.02685546875,57547200,0.0,0.0
2015-01-02,4686.026371606335,4686.026371606335,4602.347329256221,4623.26708984375,171282700,0.0,0.0
2015-01-02,4623.266764322917,4644.1865234375,4581.42724609375,4644.1865234375,175088200,0.0,0.0
2015-01-02,4686.026205156951,4686.026205156951,4623.266925623599,4665.1064453125,87366100,0.0,0.0
2015-01-02,4686.026041666667,4706.94580078125,4665.106282552083,4706.94580078125,43898200,0.0,0.0
2015-01-02,4706.94580078125,4727.865559895833,4686.026041666667,4706.94580078125,72464300,0.0,0.0
2015-01-02,4706.945965001401,4727.865724845852,4665.1064453125,4665.1064453125,106367800,0.0,0.0
2015-01-02,4623.267094323394,4644.186854931193,4560.5078125,4560.5078125,157998600,0.0,0.0
2015-01-02,4539.587892906688,4560.507652781834,4434.989093530958,4476.82861328125,243324500,0.0,0.0
2015-01-02,4476.828611031106,4539.587890625,4434.9890913018435,4539.587890625,80474100,0.0,0.0
2015-01-02,4560.508312136628,4581.428075036337,4497.7490234375,4497.7490234375,121654400,0.0,0.0
2015-01-02,4476.828450520833,4539.587727864583,4476.828450520833,4518.66796875,59408000,0.0,0.0
2015-01-02,4455.908851166475,4539.587890625,4455.908851166475,4539.587890625,76831700,0.0,0.0
2015-01-02,4518.668786337209,4560.508312136628,4497.7490234375,4497.7490234375,141455400,0.0,0.0
2015-01-02,4476.8289410944835,4518.668463908451,4434.9894182805165,4455.9091796875,61329000,0.0,0.0
2015-01-02,4455.909497638081,4497.7490234375,4434.989734738372,4497.7490234375,50612700,0.0,0.0
2015-01-02,4476.82926053779,4560.508312136628,4476.82926053779,4497.7490234375,98710100,0.0,0.0
2015-01-02,4539.587892906688,4539.587892906688,4476.82861328125,4476.82861328125,68584900,0.0,0.0
2015-01-02,4476.82861328125,4539.587892906688,4476.82861328125,4476.82861328125,83184100,0.0,0.0
2015-01-02,4455.909018462559,4476.828779112619,4351.310215212265,4434.9892578125,120196700,0.0,0.0
2015-01-02,4393.149578387921,4414.069338285006,4351.31005859375,4351.31005859375,180280600,0.0,0.0
2015-01-02,4330.390459124552,4434.989262485048,4330.390459124552,4372.22998046875,119774700,0.0,0.0
2015-01-02,4434.989262485048,4455.909023157147,4372.22998046875,4372.22998046875,140331100,0.0,0.0
2015-01-02,4393.14990234375,4434.989425223214,4393.14990234375,4393.14990234375,81674600,0.0,0.0
2015-01-02,4393.149090084419,4434.988605228081,4393.149090084419,4414.06884765625,54462700,0.0,0.0
2015-01-02,4393.14990234375,4414.069663783483,4351.310379464286,4393.14990234375,121445000,0.0,0.0
2015-01-02,4393.14990942029,4414.069670893719,4330.390625,4330.390625,116814800,0.0,0.0
2015-01-02,4351.31038647343,4393.14990942029,4330.390625,4330.390625,70202300,0.0,0.0
2015-01-02,4351.31006097561,4372.229820884147,4288.55078125,4288.55078125,144477000,0.0,0.0
2015-01-02,4288.55110205314,4393.14990942029,4288.55110205314,4330.390625,98457000,0.0,0.0
2015-01-02,4309.470856584821,4414.069663783483,4309.470856584821,4393.14990234375,100394800,0.0,0.0
2015-01-02,4434.9892578125,4497.748539762677,4414.069497162442,4434.9892578125,174022400,0.0,0.0
2015-01-02,4414.06884765625,4455.908362799912,4393.149090084419,4414.06884765625,84648800,0.0,0.0
2015-01-02,4455.909186662946,4455.909186662946,4393.14990234375,4393.14990234375,45782300,0.0,0.0
2015-01-02,4393.149745904126,4414.0695065989075,4309.470703125,4309.470703125,127287200,0.0,0.0
2015-01-02,4288.550942430218,4372.229985209345,4288.550942430218,4309.470703125,77217600,0.0,0.0
2015-01-02,4267.631689453126,4309.471215820313,4183.95263671875,4183.95263671875,195831400,0.0,0.0
2015-01-02,4167.216176129332,4267.631023746906,4150.48036819307,4225.79150390625,173353600,0.0,0.0
2015-01-02,4183.95263671875,4246.711926269531,4175.584731445313,4183.95263671875,82756100,0.0,0.0
2015-01-02,4183.951822916667,4267.630859375,4142.1123046875,4267.630859375,104021500,0.0,0.0
2015-01-02,4267.63134057971,4351.31038647343,4267.63134057971,4330.390625,142215000,0.0,0.0
2015-01-02,4330.390342154154,4330.390342154154,4117.0087890625,4117.0087890625,330618800,0.0,0.0
2015-01-02,4142.113110351563,4225.792163085937,4133.745205078125,4183.95263671875,129599800,0.0,0.0
2015-01-02,4167.216826171875,4204.872399902344,4158.848920898437,4183.95263671875,108523700,0.0,0.0
2015-01-02,4167.216277091734,4183.952085433468,4150.48046875,4150.48046875,106760300,0.0,0.0
2015-01-02,4117.009389557454,4150.481010610766,4041.6982421875,4041.6982421875,191567200,0.0,0.0
2015-01-02,4133.745205078125,4246.711926269531,4108.641489257812,4183.95263671875,208075400,0.0,0.0
2015-01-02,4204.87158203125,4330.39013671875,4204.87158203125,4267.630859375,125504000,0.0,0.0
2015-01-02,4267.631019005408,4351.31005859375,4267.631019005408,4351.31005859375,122333800,0.0,0.0
2015-01-02,4372.230140904018,4414.069663783483,4330.390618024554,4393.14990234375,137039400,0.0,0.0
2015-01-02,4351.310219796651,4393.149741140849,4330.390459124552,4372.22998046875,86713700,0.0,0.0
2015-01-02,4372.229818490835,4414.069338285006,4351.31005859375,4351.31005859375,66236400,0.0,0.0
2015-01-02,4309.470707935653,4309.470707935653,4225.791665063116,4246.71142578125,113811900,0.0,0.0
2015-01-02,4246.711593400187,4288.5511164878735,4204.8720703125,4204.8720703125,63126900,0.0,0.0
2015-01-02,4246.71142578125,4288.550947217518,4225.791665063116,4246.71142578125,85419500,0.0,0.0
2015-01-02,4351.310379464286,4434.989425223214,4330.390618024554,4393.14990234375,193790400,0.0,0.0
2015-01-02,4414.069663783483,4414.069663783483,4330.390618024554,4393.14990234375,99488800,0.0,0.0
2015-01-02,4330.390459124552,4393.149741140849,4330.390459124552,4372.22998046875,70727500,0.0,0.0
2015-01-02,4330.390618024554,4414.069663783483,4330.390618024554,4393.14990234375,54123600,0.0,0.0
2015-01-02,4372.229818490835,4393.149578387921,4330.390298696664,4351.31005859375,104110500,0.0,0.0
2015-01-02,4330.389817368928,4434.988605228081,4330.389817368928,4414.06884765625,103585500,0.0,0.0
2015-01-02,4455.908853406104,4518.668133031541,4434.989093530958,4476.82861328125,174572400,0.0,0.0
2015-01-02,4518.66796875,4560.507486979167,4497.748209635417,4518.66796875,92571400,0.0,0.0
2015-01-02,4539.587892906688,4560.507652781834,4476.82861328125,4476.82861328125,76019100,0.0,0.0
2015-01-02,4455.908853406104,4539.587892906688,4455.908853406104,4476.82861328125,147993400,0.0,0.0
2015-01-02,4476.828779112619,4497.748539762677,4434.9892578125,4434.9892578125,106197800,0.0,0.0
2015-01-02,4497.747877943572,4497.747877943572,4414.06884765625,4414.06884765625,224426400,0.0,0.0
2015-01-02,4414.0693336558115,4497.748373156396,4414.0693336558115,4476.82861328125,99499500,0.0,0.0
2015-01-02,4560.508132102273,4665.1069424715915,4560.508132102273,4602.34765625,235595700,0.0,0.0
2015-01-02,4539.588051892202,4602.3473337155965,4539.588051892202,4560.5078125,114689900,0.0,0.0
2015-01-02,4539.587890625,4560.5076504896315,4518.6681307603685,4539.587890625,119716700,0.0,0.0
2015-01-02,4518.66796875,4581.42724609375,4518.66796875,4581.42724609375,102126600,0.0,0.0
2015-01-02,4539.588549236919,4560.508312136628,4497.7490234375,4497.7490234375,130542600,0.0,0.0
2015-01-02,4455.909018462559,4497.748539762677,4434.9892578125,4434.9892578125,124468600,0.0,0.0
2015-01-02,4497.748702501467,4518.668463908451,4455.9091796875,4455.9091796875,134501600,0.0,0.0
2015-01-02,4434.9892578125,4476.828779112619,4414.069497162442,4434.9892578125,98881600,0.0,0.0
2015-01-02,4560.507486979167,4644.1865234375,4539.587727864583,4644.1865234375,239261700,0.0,0.0
2015-01-02,4665.106282552083,4686.026041666667,4644.1865234375,4644.1865234375,252448800,0.0,0.0
2015-01-02,4665.1069424715915,4665.1069424715915,4602.34765625,4602.34765625,102780900,0.0,0.0
2015-01-02,4560.507486979167,4644.1865234375,4560.507486979167,4644.1865234375,135207300,0.0,0.0
2015-01-02,4769.705078125,4769.705078125,4644.1865234375,4644.1865234375,138470900,0.0,0.0
2015-01-02,4644.186685468049,4686.026205156951,4623.266925623599,4665.1064453125,99049600,0.0,0.0
2015-01-02,4727.865883982654,4769.705405079846,4686.026362885463,4748.78564453125,109411300,0.0,0.0
2015-01-02,4769.705078125,4790.624837239583,4706.94580078125,4706.94580078125,122236700,0.0,0.0
2015-01-02,4769.705240174672,4811.544759825328,4748.785480349345,4790.625,121434600,0.0,0.0
2015-01-02,4811.544759825328,4811.544759825328,4748.785480349345,4790.625,93126000,0.0,0.0
2015-01-02,4798.269208597192,4819.50048828125,4777.037928913133,4819.50048828125,91143100,84.0,0.0
2015-01-02,4777.03742980957,4798.268707275391,4755.80615234375,4755.80615234375,83659700,0.0,0.0
2015-01-02,4755.805852521929,4840.73095703125,4734.5745763946,4840.73095703125,92683500,0.0,0.0
2015-01-02,4861.962083899457,4968.118461277174,4840.730808423913,4883.193359375,134929600,0.0,0.0
2015-01-02,4883.193988715278,4925.656545138889,4777.03759765625,4777.03759765625,152015000,0.0,0.0
2015-01-02,4777.03712864926,4840.73095703125,4777.03712864926,4840.73095703125,105666200,0.0,0.0
2015-01-02,4777.03712864926,4840.73095703125,4777.03712864926,4840.73095703125,82626400,0.0,0.0
2015-01-02,4883.193359375,4925.655910326087,4840.730808423913,4883.193359375,116804400,0.0,0.0
2015-01-02,4925.6565838675215,4968.119140625,4904.425305488782,4968.119140625,109715700,0.0,0.0
2015-01-02,4968.118482597908,5010.581033731223,4904.424655897935,4946.88720703125,115126700,0.0,0.0
2015-01-02,4946.88720703125,4989.349758164565,4904.424655897935,4946.88720703125,97074300,0.0,0.0
2015-01-02,4946.887357109037,4946.887357109037,4883.193528476731,4904.4248046875,107941600,0.0,0.0
2015-01-02,4925.655910326087,4925.655910326087,4840.730808423913,4883.193359375,87259100,0.0,0.0
2015-01-02,4883.193696120689,4925.65625,4840.7311422413795,4925.65625,75370700,0.0,0.0
2015-01-02,4904.4248046875,4925.656080898269,4840.730976055195,4904.4248046875,97545600,0.0,0.0
2015-01-02,4840.73095703125,4883.193509285909,4798.26840477659,4840.73095703125,122999700,0.0,0.0
2015-01-02,4819.499341036366,4840.730615666483,4734.5742425159015,4798.26806640625,104225000,0.0,0.0
2015-01-02,4734.574859481052,4798.26869167138,4692.1123046875,4692.1123046875,120478800,0.0,0.0
2015-01-02,4628.418288270449,4649.649564822148,4585.95573516705,4607.18701171875,185244400,0.0,0.0
2015-01-02,4585.955770039238,4734.57470703125,4585.955770039238,4734.57470703125,145629600,0.0,0.0
2015-01-02,4692.112484809028,4798.268875868055,4649.649928385416,4777.03759765625,150513700,0.0,0.0
2015-01-02,4861.96223315858,4904.42478541324,4819.499680903919,4840.73095703125,245117200,0.0,0.0
2015-01-02,4904.424634850544,4925.655910326087,4861.962083899457,4883.193359375,156633900,0.0,0.0
2015-01-02,4925.6565838675215,4968.119140625,4883.194027110043,4968.119140625,177209700,0.0,0.0
2015-01-02,4925.656080898269,4946.887357109037,4883.193528476731,4904.4248046875,113760000,0.0,0.0
2015-01-02,5010.581033731223,5010.581033731223,4925.655931464592,4946.88720703125,126704300,0.0,0.0
2015-01-02,4968.119140625,5010.5816973824785,4946.887862246261,4968.119140625,147005300,0.0,0.0
2015-01-02,4989.349653948392,5116.7373046875,4968.118378825207,5116.7373046875,171514600,0.0,0.0
2015-01-02,5137.9689005533855,5137.9689005533855,5053.0437947591145,5095.50634765625,145852200,0.0,0.0
2015-01-02,5329.050753348214,5329.050753348214,5180.431808035714,5201.6630859375,308685100,0.0,0.0
2015-01-02,5222.89404296875,5265.356596163618,5201.662766371316,5222.89404296875,130814400,0.0,0.0
2015-01-02,5201.6629178406765,5244.125472272029,5159.200363409324,5180.431640625,111382900,0.0,0.0
2015-01-02,5244.125354585194,5350.28173828125,5244.125354585194,5350.28173828125,160872600,0.0,0.0
2015-01-02,5371.513015020461,5413.975568498884,5286.587908063616,5350.28173828125,168423000,0.0,0.0
2015-01-02,5307.8193359375,5350.2818906249995,5286.588058593749,5307.8193359375,100256000,0.0,0.0
2015-01-02,5201.6630859375,5244.125641741071,5137.969252232143,5201.6630859375,148643000,0.0,0.0
2015-01-02,5180.431656439777,5265.356765561741,5159.200379159286,5244.12548828125,98920800,0.0,0.0
2015-01-02,5201.6630859375,5265.356919642857,5201.6630859375,5201.6630859375,99187500,0.0,0.0
2015-01-02,5180.431507279117,5286.587890625,5180.431507279117,5286.587890625,97236700,0.0,0.0
2015-01-02,5222.894363839286,5265.356919642857,5201.6630859375,5201.6630859375,173774600,0.0,0.0
2015-01-02,5244.125641741071,5244.125641741071,5159.200530133929,5201.6630859375,76286400,0.0,0.0
2015-01-02,5201.663071813662,5201.663071813662,5137.96923828125,5137.96923828125,70354900,0.0,0.0
2015-01-02,5180.431808035714,5244.125641741071,5159.200530133929,5201.6630859375,115084600,0.0,0.0
2015-01-02,5180.431821761593,5265.35693359375,5180.431821761593,5265.35693359375,84108800,0.0,0.0
2015-01-02,5265.356613955823,5329.050443963353,5265.356613955823,5286.587890625,117724700,0.0,0.0
2015-01-02,5329.05079470657,5435.2071850393695,5307.81951664001,5392.74462890625,163060000,0.0,0.0
2015-01-02,5392.744960784912,5477.670078277588,5392.744960784912,5435.20751953125,195173100,0.0,0.0
2015-01-02,5444.023000825711,5466.063579776423,5333.820106072154,5421.982421875,271254000,235.0,0.0
2015-01-02,5289.738820606695,5355.8605558642785,5245.657663768306,5267.6982421875,305995800,0.0,0.0
2015-01-02,5289.73876953125,5377.901082356771,5267.69819132487,5289.73876953125,110564700,0.0,0.0
2015-01-02,5289.73876953125,5333.819925944011,5267.69819132487,5289.73876953125,114338600,0.0,0.0
2015-01-02,5289.739049692623,5377.9013671875,5289.739049692623,5377.9013671875,120885400,0.0,0.0
2015-01-02,5444.023105308658,5466.063684682377,5377.9013671875,5377.9013671875,136020000,0.0,0.0
2015-01-02,5333.820157047194,5399.94189453125,5333.820157047194,5399.94189453125,46529200,0.0,0.0
2015-01-02,5510.14501953125,5510.14501953125,5399.9421191406245,5510.14501953125,115729600,0.0,0.0
2015-01-02,5554.22607421875,5554.22607421875,5466.063755580357,5554.22607421875,120748400,0.0,0.0
2015-01-02,5554.2261796875,5576.266759765625,5488.1044394531245,5510.14501953125,73308900,0.0,0.0
2015-01-02,5377.901472107438,5466.063791322314,5311.779732696281,5333.8203125,288926900,0.0,0.0
2015-01-02,5289.738429588608,5311.779006378561,5135.45439205894,5223.61669921875,217207800,0.0,0.0
2015-01-02,5157.4959818970265,5245.658306373899,4959.130751824064,5003.2119140625,412180900,0.0,0.0
2015-01-02,4915.0492122395835,5003.2115299479165,4870.968053385417,4959.13037109375,333518700,0.0,0.0
2015-01-02,4981.1707956414475,5069.3331106085525,4981.1707956414475,5025.251953125,131936100,0.0,0.0
2015-01-02,4959.129833120161,5025.251564228429,4959.129833120161,4981.17041015625,178817800,0.0,0.0
2015-01-02,4738.724171290888,4915.048791617991,4716.68359375,4716.68359375,600717500,0.0,0.0
2015-01-02,4826.88658516362,4848.927163178066,4672.6025390625,4672.6025390625,244002000,0.0,0.0
2015-01-02,4672.602668378996,4848.927297374429,4672.602668378996,4826.88671875,247410700,0.0,0.0
2015-01-02,4716.683746482523,4738.724324737114,4628.521433464159,4650.56201171875,258211500,0.0,0.0
2015-01-02,4584.440227004717,4694.643117076946,4540.3590709758255,4672.6025390625,342282800,0.0,0.0
2015-01-02,4716.683695091391,4760.764851120283,4606.480805019163,4672.6025390625,281403100,0.0,0.0
2015-01-02,4628.521535773026,4716.683850740132,4540.359220805921,4606.48095703125,471241400,0.0,0.0
2015-01-02,4518.318795509709,4584.440533980583,4452.197057038835,4540.359375,479170900,0.0,0.0
2015-01-02,4452.197346499741,4496.278508346273,4258.240234375,4258.240234375,782589900,0.0,0.0
2015-01-02,4143.629147831499,4311.137560190645,4125.996683372641,4205.3427734375,700644800,0.0,0.0
2015-01-02,4275.872659412956,4452.197305161943,4249.423962550607,4355.21875,565609200,0.0,0.0
2015-01-02,4328.76984514509,4337.586077008928,4143.628976004465,4196.5263671875,636922100,0.0,0.0
2015-01-02,4196.52619243421,4258.239812911184,4152.445034950658,4187.7099609375,321697200,0.0,0.0
2015-01-02,4231.791329592902,4267.05625733951,4170.077706036339,4222.97509765625,262707400,0.0,0.0
2015-01-02,4205.342492179136,4214.158723818924,4117.18017578125,4117.18017578125,304013600,0.0,0.0
2015-01-02,4099.547885992588,4178.893974108573,4029.0180298894898,4125.99658203125,572275800,0.0,0.0
2015-01-02,4099.547885992588,4143.629046057024,4081.9154219668135,4125.99658203125,320067100,0.0,0.0
2015-01-02,4161.261404928647,4240.607491039575,4143.628941348441,4170.07763671875,341458900,0.0,0.0
2015-01-02,4214.158900090768,4293.5049881677905,4196.526436073652,4249.423828125,298990300,0.0,0.0
2015-01-02,4346.402735182077,4372.851433367769,4267.056640625,4267.056640625,371295000,0.0,0.0
2015-01-02,4267.056084857723,4372.850863821138,4249.423621697154,4337.5859375,208991800,0.0,0.0
2015-01-02,4399.299772270488,4452.197164321836,4249.423828125,4249.423828125,335150700,0.0,0.0
2015-01-02,4240.607598198784,4293.504990276108,4125.99658203125,4125.99658203125,271568800,0.0,0.0
2015-01-02,4099.547610525357,4205.342387571173,4099.547610525357,4161.26123046875,215066000,0.0,0.0
2015-01-02,4143.629228193681,4161.261692994506,4011.3857421875005,4011.3857421875,363719300,0.0,0.0
2015-01-02,4037.8340878518216,4081.9152460161426,3984.936698054636,3993.7529296875,258070200,0.0,0.0
2015-01-02,3949.671875,3967.3043387276784,3879.142020089286,3887.958251953125,465008500,0.0,0.0
2015-01-02,3879.141985052797,3949.671839326484,3799.795898994899,3861.509521484375,502927800,0.0,0.0
2015-01-02,3905.5907156808034,3940.855643136161,3817.428397042411,3826.24462890625,655144100,0.0,0.0
2015-01-02,3905.590613358858,4020.2016245860927,3879.141918460265,3993.7529296875,345770100,0.0,0.0
2015-01-02,4020.201694171348,4046.6503895277388,3923.22314453125,3923.22314453125,332902200,0.0,0.0
2015-01-02,3967.304160378196,3967.304160378196,3879.141845703125,3879.141845703125,240788500,0.0,0.0
2015-01-02,3923.223041449653,3967.30419921875,3870.3256521267363,3967.30419921875,281534200,0.0,0.0
2015-01-02,3958.488286862428,3967.3045191271553,3835.06103515625,3835.06103515625,375439600,0.0,0.0
2015-01-02,3835.060688365589,3905.590540105646,3808.611993963068,3879.141845703125,181387000,0.0,0.0
2015-01-02,3861.509556361607,3914.4069475446427,3826.24462890625,3826.24462890625,197854400,0.0,0.0
2015-01-02,3826.2448028915232,3843.877267420977,3799.796106097342,3835.06103515625,187332500,0.0,0.0
2015-01-02,3879.1419844837583,3896.774448049594,3790.979666654582,3799.7958984375,238349600,0.0,0.0
2015-01-02,3790.9795938154157,3808.612057042464,3676.3685828396005,3685.184814453125,358893200,0.0,0.0
2015-01-02,3614.65478515625,3738.082021722561,3605.838553972942,3614.65478515625,410338400,0.0,0.0
2015-01-02,3641.103759765625,3764.531005859375,3641.103759765625,3764.531005859375,387133400,0.0,0.0
2015-01-02,3773.347271343609,3958.488142133833,3755.714807458826,3914.406982421875,532713300,0.0,0.0
2015-01-02,3914.406771573153,3976.120391845703,3879.141845703125,3879.141845703125,303830800,0.0,0.0
2015-01-02,3808.6121307791095,3879.141985052797,3773.347203642266,3861.509521484375,383572500,0.0,0.0
2015-01-02,3870.3255780043264,3905.5905035442293,3835.0606524644236,3852.693115234375,150303400,0.0,0.0
2015-01-02,3887.957907090807,3967.303986827354,3861.5092138452915,3932.0390625,299430600,0.0,0.0
2015-01-02,4046.6500774881115,4090.731233016304,4037.8338463824725,4055.46630859375,581319300,0.0,0.0
2015-01-02,4081.915283203125,4117.180210055852,4020.201661210853,4081.915283203125,261421200,0.0,0.0
2015-01-02,4064.282502222374,4081.9149642710613,4029.017578125,4029.017578125,234403100,0.0,0.0
2015-01-02,4081.9150019106655,4090.731233016304,4020.2013841711955,4055.46630859375,176310400,0.0,0.0
2015-01-02,4125.99654635308,4258.240025402858,4108.364082479776,4222.97509765625,422261500,0.0,0.0
2015-01-02,4275.872665405273,4293.505130004883,4222.975271606445,4231.79150390625,218278000,0.0,0.0
2015-01-02,4231.7911184210525,4258.239812911184,4178.89372944079,4187.7099609375,222042100,0.0,0.0
2015-01-02,4214.1587966824945,4346.402273565837,4187.710101305826,4293.5048828125,291320400,0.0,0.0
2015-01-02,4293.505022752899,4337.586183150773,4267.056326514175,4275.87255859375,167619700,0.0,0.0
2015-01-02,4328.770269724949,4337.586502453512,4267.056640625,4267.056640625,170461300,0.0,0.0
2015-01-02,4381.667236328125,4390.483468191965,4302.321149553572,4319.95361328125,301125400,0.0,0.0
2015-01-02,4337.586148210581,4346.402380219139,4240.6075961164415,4249.423828125,188713000,0.0,0.0
2015-01-02,4249.423722829677,4267.056186409884,4170.07763671875,4170.07763671875,189271400,0.0,0.0
2015-01-02,4187.71013532366,4240.607526506697,4161.261439732143,4196.5263671875,263325400,0.0,0.0
2015-01-02,4196.5261974373725,4311.13720703125,4187.709965930151,4311.13720703125,296614900,0.0,0.0
2015-01-02,4293.504917689732,4328.76984514509,4275.872453962053,4319.95361328125,135104800,0.0,0.0
2015-01-02,4337.586251750255,4355.218716188264,4302.321322874236,4328.77001953125,140128300,0.0,0.0
2015-01-02,4319.953648959421,4328.769880896073,4214.158865719598,4222.97509765625,170919500,0.0,0.0
2015-01-02,4205.342459834271,4231.791154550209,4196.526228262291,4214.15869140625,116037600,0.0,0.0
2015-01-02,4196.526791057181,4196.526791057181,4108.364463513963,4143.62939453125,274397700,0.0,0.0
2015-01-02,4196.5263671875,4240.607526506697,4178.893903459822,4196.5263671875,192267300,0.0,0.0
2015-01-02,4231.791154550209,4231.791154550209,4196.526228262291,4214.15869140625,126109900,0.0,0.0
2015-01-02,4161.261333980193,4178.89379725977,4117.18017578125,4117.18017578125,201835700,0.0,0.0
2015-01-02,4099.547712501673,4152.445102340404,4099.547712501673,4117.18017578125,168490300,0.0,0.0
2015-01-02,4152.445034950658,4187.7099609375,4134.812571957236,4187.7099609375,169636700,0.0,0.0
2015-01-02,4170.077776671975,4187.710240843949,4134.812848328025,4152.4453125,113328400,0.0,0.0
2015-01-02,4108.363940914735,4117.1801725476,3976.1204664217717,3993.7529296875,329430900,0.0,0.0
2015-01-02,4011.385153065557,4099.5474641219425,3984.936459748641,4055.46630859375,238051800,0.0,0.0
2015-01-02,4090.7315848214284,4090.7315848214284,4046.650425502232,4073.09912109375,125937500,0.0,0.0
2015-01-02,4055.4668639350857,4134.812954751207,4046.6506316221835,4108.3642578125,131343400,0.0,0.0
2015-01-02,4143.628870700616,4170.077565619981,4117.18017578125,4117.18017578125,98730900,0.0,0.0
2015-01-02,4161.261510082799,4161.261510082799,4099.547885992588,4125.99658203125,83552800,0.0,0.0
2015-01-02,4143.628767627781,4187.709924730204,4134.812536207296,4161.26123046875,109533400,0.0,0.0
2015-01-02,4205.3426680822095,4267.056292142116,4196.526436073652,4249.423828125,262716500,0.0,0.0
2015-01-02,4275.872699113613,4293.505163852225,4222.975304897775,4258.240234375,214394900,0.0,0.0
2015-01-02,4275.872699113613,4293.505163852225,4258.240234375,4258.240234375,149701700,0.0,0.0
2015-01-02,4249.423828125,4249.423828125,4187.710204065093,4249.423828125,196203200,0.0,0.0
2015-01-02,4284.688583096591,4364.03466796875,4267.056119791667,4364.03466796875,310085500,0.0,0.0
2015-01-02,4399.299290556066,4496.27783203125,4390.483059512868,4496.27783203125,390307000,0.0,0.0
2015-01-02,4518.3185116607365,4540.359089766399,4430.1561992380875,4452.19677734375,474043100,0.0,0.0
2015-01-02,4540.359375,4584.440533980583,4518.318795509709,4540.359375,217759300,0.0,0.0
2015-01-02,4584.440227004717,4694.643117076946,4584.440227004717,4672.6025390625,361169800,0.0,0.0
2015-01-02,4628.521640058877,4650.562219297252,4496.278164628623,4562.39990234375,271088700,0.0,0.0
2015-01-02,4496.278216019417,4562.399954490291,4430.156477548544,4540.359375,277561700,0.0,0.0
2015-01-02,4518.318359375,4562.39951410061,4496.2777820121955,4518.318359375,160041900,0.0,0.0
2015-01-02,4562.399954490291,4562.399954490291,4518.318795509709,4540.359375,275298000,0.0,0.0
2015-01-02,4540.359323105375,4606.481060820502,4540.359323105375,4562.39990234375,136717200,0.0,0.0
2015-01-02,4606.481060820502,4628.521640058877,4540.359323105375,4562.39990234375,166033900,0.0,0.0
2015-01-02,4496.27783203125,4562.399564855239,4496.27783203125,4496.27783203125,141890400,0.0,0.0
2015-01-02,4518.318795509709,4540.359375,4474.237636529127,4540.359375,166436800,0.0,0.0
2015-01-02,4584.440378289473,4628.521535773026,4540.359220805921,4606.48095703125,170520700,0.0,0.0
2015-01-02,4650.562219297252,4672.602798535628,4540.359323105375,4562.39990234375,201448700,0.0,0.0
2015-01-02,4584.440327380953,4628.521484375,4518.318591889881,4628.521484375,202326400,0.0,0.0
2015-01-02,4606.481060820502,4628.521640058877,4518.318743866999,4562.39990234375,165284900,0.0,0.0
2015-01-02,4562.39990234375,4606.481060820502,4540.359323105375,4562.39990234375,138542100,0.0,0.0
2015-01-02,4584.440227004717,4672.6025390625,4562.399648990271,4672.6025390625,259722600,0.0,0.0
2015-01-02,4716.683695091391,4716.683695091391,4628.521383033609,4672.6025390625,201331600,0.0,0.0
2015-01-02,4716.68359375,4738.724171290888,4694.643016209112,4716.68359375,186877300,0.0,0.0
2015-01-02,4782.8052255136,4848.926956741899,4760.7646484375,4760.7646484375,332941100,0.0,0.0
2015-01-02,4760.765188953488,4804.846348110465,4738.724609375,4738.724609375,260437400,0.0,0.0
2015-01-02,4716.683775745739,4848.92724609375,4716.683775745739,4848.92724609375,245292000,0.0,0.0
2015-01-02,4893.008842088519,4915.049422458286,4870.96826171875,4870.96826171875,195415700,0.0,0.0
2015-01-02,4760.765294894366,4782.805874963321,4584.440654342723,4694.6435546875,607065900,0.0,0.0
2015-01-02,4540.359089766399,4584.440245977723,4430.1561992380875,4452.19677734375,855266800,0.0,0.0
2015-01-02,4452.196676815257,4540.358987247242,4408.115521599265,4496.27783203125,304694300,0.0,0.0
2015-01-02,4452.196984493371,4452.196984493371,4364.03466796875,4364.03466796875,539169900,0.0,0.0
2015-01-02,4381.667355872845,4474.23779296875,4381.667355872845,4474.23779296875,197069300,0.0,0.0
2015-01-02,4408.1161437246965,4474.237885880567,4319.953820850203,4355.21875,307487600,0.0,0.0
2015-01-02,4319.953474339431,4372.850863821138,4284.688548018293,4337.5859375,354814800,0.0,0.0
2015-01-02,4293.5051972817,4337.586359471451,4275.8727324058,4284.68896484375,289960700,0.0,0.0
2015-01-02,4284.688756159232,4346.402380219139,4240.6075961164415,4249.423828125,308452200,0.0,0.0
2015-01-02,4231.79109375,4452.196879882813,4196.52616796875,4408.11572265625,527474400,0.0,0.0
2015-01-02,4408.115967292089,4474.237706801471,4346.40234375,4346.40234375,309336600,0.0,0.0
2015-01-02,4337.586359471451,4381.667521661201,4284.68896484375,4284.68896484375,226564700,0.0,0.0
2015-01-02,4328.76984514509,4355.218540736607,4311.13738141741,4319.95361328125,104875300,0.0,0.0
2015-01-02,4319.95361328125,4346.402308872768,4293.504917689732,4319.95361328125,125414400,0.0,0.0
2015-01-02,4346.402169080285,4399.299558561992,4337.5859375,4337.5859375,142372200,0.0,0.0
2015-01-02,4364.03466796875,4381.667131273674,4337.585973011363,4364.03466796875,118014300,0.0,0.0
2015-01-02,4372.85093498996,4452.197020503891,4355.21847154242,4390.4833984375,188127700,0.0,0.0
2015-01-02,4430.156758421624,4452.197339309293,4372.851248113682,4381.66748046875,157113000,0.0,0.0
2015-01-02,4390.483572613978,4430.156616944827,4381.667340540456,4399.2998046875,110708200,0.0,0.0
2015-01-02,4372.851004464285,4381.667236328125,4319.95361328125,4319.95361328125,199707500,0.0,0.0
2015-01-02,4258.2402675299,4311.137662157601,4240.607802654,4284.68896484375,222147300,0.0,0.0
2015-01-02,4249.423828125,4319.953684193465,4240.6075961164415,4249.423828125,218162100,0.0,0.0
2015-01-02,4249.423934584644,4284.688863502359,4205.3427734375,4205.3427734375,195647800,0.0,0.0
2015-01-02,4205.34259905134,4231.791294642857,4152.445207868303,4196.5263671875,191211000,0.0,0.0
2015-01-02,4170.078092794216,4214.159256565825,4143.62939453125,4143.62939453125,203658600,0.0,0.0
2015-01-02,4081.9154558121018,4187.710240843949,4081.9154558121018,4152.4453125,296314500,0.0,0.0
2015-01-02,4152.445413208007,4293.505130004883,4152.445413208007,4231.79150390625,307110400,0.0,0.0
2015-01-02,4205.3430238115025,4249.424187583112,4143.62939453125,4143.62939453125,235656400,0.0,0.0
2015-01-02,4152.444999048265,4205.342387571173,4099.547610525357,4161.26123046875,209831500,0.0,0.0
2015-01-02,4134.812848328025,4178.894008757962,4125.996616242038,4152.4453125,199499300,0.0,0.0
2015-01-02,4152.4448507557745,4170.0773129670515,4055.46630859375,4055.46630859375,249059500,0.0,0.0
2015-01-02,4064.283136589973,4090.731833791209,4011.3857421875005,4011.3857421875,296218600,0.0,0.0
2015-01-02,4055.4668703332413,4090.7317996404868,3984.93701171875,3984.93701171875,198589900,0.0,0.0
2015-01-02,3940.8552935818384,4002.5689111547085,3852.6929827634526,3932.0390625,507192300,0.0,0.0
2015-01-02,3905.590578342014,3984.936662326389,3905.590578342014,3967.30419921875,252380100,0.0,0.0
2015-01-02,3940.8554388987445,4064.282678595797,3932.0392074918122,4037.833984375,209627200,0.0,0.0
2015-01-02,4029.017820095486,4046.650283203125,3967.30419921875,3967.30419921875,159871800,0.0,0.0
2015-01-02,3923.2230058025725,3976.1203946448545,3923.2230058025725,3940.85546875,106365600,0.0,0.0
2015-01-02,3914.4071255387935,3932.0395900682474,3835.06103515625,3835.06103515625,253272300,0.0,0.0
2015-01-02,3835.060721581135,3887.9581108443235,3835.060721581135,3843.876953125,294838700,0.0,0.0
2015-01-02,3879.1418428839493,3914.406768728349,3817.42822265625,3817.42822265625,298734600,0.0,0.0
2015-01-02,3773.3468864889705,3808.6118106617646,3746.898193359375,3746.898193359375,376788400,0.0,0.0
2015-01-02,3746.8983736905184,3896.774308638139,3746.8983736905184,3879.141845703125,280188100,0.0,0.0
2015-01-02,3896.7743113814317,3993.7528575922815,3896.7743113814317,3940.85546875,401446400,0.0,0.0
2015-01-02,3923.2230030406604,3940.8554659756746,3861.5093827681108,3879.141845703125,266677500,0.0,0.0
2015-01-02,3835.06068557845,3870.3256114228493,3817.42822265625,3817.42822265625,277081800,0.0,0.0
2015-01-02,3773.3468864889705,3790.9793485753676,3746.898193359375,3746.898193359375,412519800,0.0,0.0
2015-01-02,3764.5307201504424,3773.346951345174,3667.5521770083933,3676.368408203125,337188900,0.0,0.0
2015-01-02,3738.082275390625,3746.898507172207,3711.63358004588,3738.082275390625,384146700,0.0,0.0
2015-01-02,3738.082480244253,3852.6934996857044,3720.450015714799,3835.06103515625,345762200,0.0,0.0
2015-01-02,3799.7957568817856,3826.2444512452316,3746.898368154893,3755.714599609375,183249300,0.0,0.0
2015-01-02,3746.898507739994,3799.7958984374995,3720.4498123912413,3799.7958984375,151433000,0.0,0.0
2015-01-02,3799.7955908981708,3870.3254394531255,3790.9793598288015,3870.325439453125,158897200,0.0,0.0
2015-01-02,3843.876953125,3861.5094162127293,3782.163332317947,3843.876953125,196160900,0.0,0.0
2015-01-02,3826.2445943475313,3905.5906804054293,3826.2445943475313,3861.509521484375,203980300,0.0,0.0
2015-01-02,3826.2444512452316,3843.876914154196,3755.714599609375,3755.714599609375,226698900,0.0,0.0
2015-01-02,3729.2657953715157,3773.346951345174,3676.368408203125,3676.368408203125,287838100,0.0,0.0
2015-01-02,3658.7358829273894,3773.3468864889705,3658.7358829273894,3746.898193359375,325441900,0.0,0.0
2015-01-02,3746.898399261107,3782.1633253717996,3658.736083984375,3658.736083984375,327919000,0.0,0.0
2015-01-02,3676.3685470397213,3711.6334731504144,3641.1036209290287,3658.736083984375,205055500,0.0,0.0
2015-01-02,3605.838623046875,3623.4710857512605,3570.5736976381036,3605.838623046875,381986300,0.0,0.0
2015-01-02,3588.2061238406327,3632.287280153171,3570.5736613156173,3579.389892578125,252689600,0.0,0.0
2015-01-02,3641.103691336661,3711.633544921875,3623.4712279403575,3711.633544921875,167689800,0.0,0.0
2015-01-02,3720.4498465401784,3746.8985421316966,3676.368687220982,3702.8173828125,199536100,0.0,0.0
2015-01-02,3734.69873046875,3752.9167730564022,3716.4806878810973,3734.69873046875,143104400,135.0,0.0
2015-01-02,3716.480712890625,3752.916798311121,3707.3716915355008,3716.480712890625,153934700,0.0,0.0
2015-01-02,3734.6989531528357,3844.007215196333,3725.5899313158775,3834.898193359375,181361700,0.0,0.0
2015-01-02,3844.007294804217,3862.225338855422,3780.244140625,3780.244140625,134632300,0.0,0.0
2015-01-02,3807.57090081936,3807.57090081936,3734.69873046875,3734.69873046875,153048700,0.0,0.0
2015-01-02,3716.480900085298,3725.589921899232,3670.935791015625,3670.935791015625,171997400,0.0,0.0
2015-01-02,3670.9356061150047,3734.698755600873,3670.9356061150047,3716.480712890625,133655700,0.0,0.0
2015-01-02,3707.371878271363,3734.698943713167,3670.935791015625,3670.935791015625,99300400,0.0,0.0
2015-01-02,3670.9355718370093,3698.26263564721,3652.717529296875,3652.717529296875,132774300,0.0,0.0
2015-01-02,3634.499693714489,3634.499693714489,3506.973388671875,3506.973388671875,413408100,0.0,0.0
2015-01-02,3479.6462659333883,3570.736482319079,3461.42822265625,3461.42822265625,293621700,0.0,0.0
2015-01-02,3497.864303178484,3725.58984375,3497.864303178484,3725.58984375,407813500,0.0,0.0
2015-01-02,3834.898135845478,3862.2252009465146,3762.0259622427134,3789.35302734375,349387500,0.0,0.0
2015-01-02,3780.2439734871637,3816.6800599786066,3716.4808221271396,3725.58984375,268758600,0.0,0.0
2015-01-02,3762.02588642717,3844.007080078125,3762.02588642717,3844.007080078125,167348600,0.0,0.0
2015-01-02,3889.552136631639,3989.7513720015404,3871.334093837111,3880.443115234375,345223800,0.0,0.0
2015-01-02,3925.988222220694,3935.0972436179577,3853.116051042584,3880.443115234375,193218900,0.0,0.0
2015-01-02,3880.443307140262,3953.315481922238,3880.443307140262,3916.87939453125,216018100,0.0,0.0
2015-01-02,3962.4242727056608,3962.4242727056608,3816.679931640625,3816.679931640625,276421900,0.0,0.0
2015-01-02,3762.0260140131977,3798.462101315989,3725.5899267104064,3752.9169921875,220222400,0.0,0.0
2015-01-02,3798.461972494261,3898.661209178762,3780.2439294607157,3844.007080078125,192622700,0.0,0.0
2015-01-02,3825.7891199448527,3889.5522719439336,3780.244011374081,3871.334228515625,220285800,0.0,0.0
2015-01-02,3880.443115234375,3916.8792008234304,3825.7889868507923,3880.443115234375,231917500,0.0,0.0
2015-01-02,3871.3342491555327,3871.3342491555327,3771.135009765625,3771.135009765625,209834400,0.0,0.0
2015-01-02,3752.91706844301,3789.353156486146,3588.954672248898,3616.28173828125,378545500,0.0,0.0
2015-01-02,3616.281660132018,3670.935791015625,3588.954594690214,3670.935791015625,259636200,0.0,0.0
2015-01-02,3643.608804313602,3689.153914367522,3598.063694259682,3616.28173828125,201999400,0.0,0.0
2015-01-02,3616.2814442166073,3680.0445931070763,3552.518295326138,3652.717529296875,276382800,0.0,0.0
2015-01-02,3607.172638318083,3698.262856457429,3598.0636165041487,3670.935791015625,362571900,0.0,0.0
2015-01-02,3643.6085330513783,3670.935597049264,3607.172447720865,3634.49951171875,341640600,0.0,0.0
2015-01-02,3643.6085755343265,3652.717596973162,3506.973253951789,3516.082275390625,524909600,0.0,0.0
2015-01-02,3525.191441992672,3670.935791015625,3525.191441992672,3670.935791015625,265737100,0.0,0.0
2015-01-02,3670.935876317771,3807.5712067018076,3670.935876317771,3780.244140625,374350700,0.0,0.0
2015-01-02,3789.3529617537315,3807.571004839086,3652.717638613573,3661.82666015625,348358600,0.0,0.0
2015-01-02,3616.2815709418956,3661.826678888267,3561.62744140625,3561.62744140625,312753300,0.0,0.0
2015-01-02,3561.6274671382953,3579.8455104484656,3525.1913805179547,3543.409423828125,205268800,0.0,0.0
2015-01-02,3552.518285634566,3588.9543706154336,3525.1912218989155,3570.736328125,138610800,0.0,0.0
2015-01-02,3534.300395764803,3570.736482319079,3461.42822265625,3461.42822265625,404555100,0.0,0.0
2015-01-02,3461.428197091787,3516.0823265195518,3424.99211080661,3479.646240234375,242834100,0.0,0.0
2015-01-02,3452.319301636751,3461.4283235408056,3288.3569073637655,3306.574951171875,410928000,0.0,0.0
2015-01-02,3188.1576538085938,3224.593741280692,3060.63134765625,3060.63134765625,1000597600,0.0,0.0
2015-01-02,3206.375659911444,3406.7741386559096,3160.830551105884,3343.010986328125,744626800,0.0,0.0
2015-01-02,3352.120008089237,3388.556095133685,3279.2478340003404,3343.010986328125,338434700,0.0,0.0
2015-01-02,3379.446978251139,3552.5183868408203,3379.446978251139,3497.8642578125,441151000,0.0,0.0
2015-01-02,3525.191304885285,3634.4995624011076,3525.191304885285,3598.0634765625,434485100,0.0,0.0
2015-01-02,3579.8456166184797,3579.8456166184797,3470.537353515625,3470.537353515625,243793600,0.0,0.0
2015-01-02,3452.319252825798,3470.53729637633,3397.665122174202,3424.9921875,232192200,0.0,0.0
2015-01-02,3370.3381379864777,3452.3193359375,3333.902050008245,3452.3193359375,273961800,0.0,0.0
2015-01-02,3470.537250587444,3570.7364887933804,3470.537250587444,3543.409423828125,271631200,0.0,0.0
2015-01-02,3607.1725688733554,3616.2815905119246,3461.42822265625,3461.42822265625,209225700,0.0,0.0
2015-01-02,3415.883056640625,3497.8642499999996,3415.883056640625,3415.883056640625,156131900,0.0,0.0
2015-01-02,3443.210020857131,3497.864148172324,3397.6649147611374,3488.755126953125,162467700,0.0,0.0
2015-01-02,3497.864215353261,3516.082258141559,3188.157487952191,3352.119873046875,416894600,0.0,0.0
2015-01-02,3379.447021484375,3443.2101728331368,3352.11995662062,3379.447021484375,352217700,0.0,0.0
2015-01-02,3397.665005709956,3424.9920700990438,3315.6838125426916,3333.90185546875,313033000,0.0,0.0
2015-01-02,3279.2479149070946,3370.338134765625,3233.7028049778296,3370.338134765625,627645600,0.0,0.0
2015-01-02,3324.793021500606,3406.774219291032,3206.375735803324,3288.35693359375,342883200,0.0,0.0
2015-01-02,3333.901919716283,3497.8643092105262,3333.901919716283,3461.42822265625,331285900,0.0,0.0
2015-01-02,3525.1913616943357,3661.8266857910157,3516.0823400878903,3643.608642578125,540888800,0.0,0.0
2015-01-02,3643.608699845679,3689.15380859375,3579.8455475983797,3689.15380859375,322553200,0.0,0.0
2015-01-02,3151.721450302627,3415.8830747499574,3142.6124287699604,3315.683837890625,734807100,0.0,0.0
2015-01-02,3288.3569073637655,3379.4471264043127,3279.2478854597107,3306.574951171875,366649900,0.0,0.0
2015-01-02,3570.736482319079,3579.845503957648,3434.101157740543,3461.42822265625,417562900,0.0,0.0
2015-01-02,3469.5238248966944,3517.711655798037,3459.886258716426,3498.4365234375,301200600,208.4,0.0
2015-01-02,3498.4365651200455,3556.261962890625,3488.798998824949,3556.261962890625,169458300,0.0,0.0
2015-01-02,3594.8122280710113,3643.000059546494,3546.624396595528,3556.261962890625,254224400,0.0,0.0
2015-01-02,3556.261934797731,3565.899501016695,3469.5238388270545,3517.711669921875,233772400,0.0,0.0
2015-01-02,3536.9869183550827,3536.9869183550827,3479.1615191449177,3508.07421875,121059300,0.0,0.0
2015-01-02,3488.799072265625,3527.34933825751,3440.6112397757684,3488.799072265625,107470200,0.0,0.0
2015-01-02,3469.5238248966944,3517.711655798037,3469.5238248966944,3498.4365234375,147116900,0.0,0.0
2015-01-02,3527.349192517869,3652.6375518149516,3508.074060318318,3623.724853515625,432999900,0.0,0.0
2015-01-02,3652.637654076952,3700.825485924933,3585.1746894897788,3594.812255859375,272537300,0.0,0.0
2015-01-02,3633.3624052159926,3652.6375373391543,3594.812140969669,3604.44970703125,136517100,0.0,0.0
2015-01-02,3652.6376082102456,3710.4630057017007,3643.00004196167,3700.825439453125,212945800,0.0,0.0
2015-01-02,3720.1004565746757,3729.738022524351,3681.550192775974,3710.462890625,160631400,0.0,0.0
2015-01-02,3671.912626826299,3710.462890625,3633.3623630275974,3710.462890625,226832200,0.0,0.0
2015-01-02,3777.9259977045745,3777.9259977045745,3710.46303345985,3739.375732421875,205628100,0.0,0.0
2015-01-02,3758.6508510767485,3777.925983646373,3720.1005859375,3720.1005859375,196917100,0.0,0.0
2015-01-02,3700.825467139175,3758.6508650632245,3700.825467139175,3739.375732421875,111333800,0.0,0.0
2015-01-02,3758.650764016544,3768.288330078125,3729.7380658318016,3768.288330078125,119763100,0.0,0.0
2015-01-02,3768.288493053265,3816.4763254452505,3643.0001288341027,3652.6376953125,224121900,0.0,0.0
2015-01-02,3671.9127407073975,3700.825439453125,3623.724909464518,3700.825439453125,147638100,0.0,0.0
2015-01-02,3855.0265510391196,3941.7646484375,3816.4762855287286,3941.7646484375,461642400,0.0,0.0
2015-01-02,3989.9523634184716,4153.790987037105,3980.314797323258,4115.24072265625,537151700,0.0,0.0
2015-01-02,4153.79097254136,4173.066104664522,4009.227481617647,4095.965576171875,289337600,0.0,0.0
2015-01-02,4076.6904296875,4105.60312777039,4047.77773160461,4076.6904296875,145935500,0.0,0.0
2015-01-02,4076.6904151898384,4124.878245156621,4018.8650192296986,4057.415283203125,209576900,0.0,0.0
2015-01-02,4057.4151983843167,4153.790856303184,4057.4151983843167,4105.60302734375,256020200,0.0,0.0
2015-01-02,4124.878188590116,4153.790886173691,4086.3279251453487,4144.1533203125,208291800,0.0,0.0
2015-01-02,4192.34130859375,4211.616441047055,4173.066176140445,4192.34130859375,108182800,0.0,0.0
2015-01-02,4192.341410319011,4192.341410319011,4105.6033121744795,4163.4287109375,149418600,0.0,0.0
2015-01-02,4163.428382437071,4211.6162109375,4124.878119636728,4211.6162109375,180028000,0.0,0.0
2015-01-02,4201.978704353933,4288.716796875,4163.428441011236,4288.716796875,466133500,0.0,0.0
2015-01-02,4201.978892299107,4230.89159109933,4047.77783203125,4047.77783203125,389541100,0.0,0.0
2015-01-02,4057.415398297991,4076.690530831473,3970.6773018973213,4047.77783203125,277902300,0.0,0.0
2015-01-02,4076.6904440487133,4076.6904440487133,3932.126953125,3932.126953125,279755300,0.0,0.0
2015-01-02,3961.039665705983,3989.952363995808,3903.214269126334,3951.402099609375,230129500,0.0,0.0
2015-01-02,3951.4022555064007,4009.22765436747,3951.4022555064007,3999.590087890625,179827500,0.0,0.0
2015-01-02,3980.3149000163157,3989.952466360181,3912.8519356092597,3922.489501953125,196558700,0.0,0.0
2015-01-02,3922.489501953125,3951.4022009847204,3912.8519356092597,3922.489501953125,113850500,0.0,0.0
2015-01-02,3874.3014990234374,3903.2141967773437,3835.7512353515626,3855.0263671875,283826000,0.0,0.0
2015-01-02,3835.7513498100725,3864.664048426731,3816.4762173989666,3845.388916015625,155450700,0.0,0.0
2015-01-02,3864.6641506618926,3883.9392835828994,3816.476318359375,3816.476318359375,125769400,0.0,0.0
2015-01-02,3806.8387383010786,3816.476304727157,3758.650906170685,3797.201171875,140882100,0.0,0.0
2015-01-02,3758.6508082339637,3777.9259405838816,3662.275146484375,3662.275146484375,355413000,0.0,0.0
2015-01-02,3604.4498629205145,3700.8255277044855,3604.4498629205145,3652.6376953125,516177900,0.0,0.0
2015-01-02,3594.8121265698505,3614.087258615801,3527.3491644090223,3585.174560546875,222067700,0.0,0.0
2015-01-02,3681.5502645502647,3758.6507936507937,3633.362433862434,3643.0,281594300,0.0,0.0
2015-01-02,3691.1878162140542,3691.1878162140542,3594.8121552162984,3623.724853515625,164257700,0.0,0.0
2015-01-02,3642.9999145826537,3691.187744140625,3614.0872168478704,3691.187744140625,171427000,0.0,0.0
2015-01-02,3700.8253676470586,3700.8253676470586,3594.812140969669,3604.44970703125,271933200,0.0,0.0
2015-01-02,3642.9999419341216,3652.6375079180743,3536.9867161106417,3565.8994140625,212288800,0.0,0.0
2015-01-02,3517.711569744608,3565.899399467137,3508.074003800102,3546.624267578125,220273500,0.0,0.0
2015-01-02,3575.5369654116425,3594.812097300654,3546.624267578125,3546.624267578125,119674300,0.0,0.0
2015-01-02,3546.6243826634877,3575.537081435201,3517.7116838917746,3536.98681640625,91141200,0.0,0.0
2015-01-02,3536.9867161106417,3565.8994140625,3517.7115841427367,3565.8994140625,78783800,0.0,0.0
2015-01-02,3556.2619489207254,3565.899515177963,3517.7116838917746,3536.98681640625,115551200,0.0,0.0
2015-01-02,3517.711569744608,3565.899399467137,3517.711569744608,3546.624267578125,92437900,0.0,0.0
2015-01-02,3556.261849336846,3739.375603096738,3546.6242833494834,3729.738037109375,290117200,0.0,0.0
2015-01-02,3777.9259977045745,3777.9259977045745,3729.7381661012,3739.375732421875,255634700,0.0,0.0
2015-01-02,3739.3756613756614,3749.013227513228,3614.0873015873017,3643.0,167151400,0.0,0.0
2015-01-02,3662.275201856475,3739.375732421875,3643.0000692151257,3739.375732421875,183209300,0.0,0.0
2015-01-02,3806.8386966665994,3816.4762629872744,3739.375732421875,3739.375732421875,241966800,0.0,0.0
2015-01-02,3787.5634476924,3787.5634476924,3739.3756175690874,3749.01318359375,111359500,0.0,0.0
2015-01-02,3768.2884173615607,3797.2011162159974,3720.1005859375,3720.1005859375,111030000,0.0,0.0
2015-01-02,3749.013139610191,3758.6507055217853,3691.187744140625,3691.187744140625,89765800,0.0,0.0
2015-01-02,3720.100571950277,3739.3757044474282,3691.1878732045493,3700.825439453125,84902800,0.0,0.0
2015-01-02,3700.8254111842107,3720.100543534128,3652.637580309416,3662.275146484375,132305000,0.0,0.0
2015-01-02,3691.1878294353246,3806.838623046875,3681.5502633010287,3806.838623046875,206654200,0.0,0.0
2015-01-02,3806.8386966665994,3806.8386966665994,3729.7381661012,3739.375732421875,86263700,0.0,0.0
2015-01-02,3797.201171875,3806.8387383010786,3777.9260390228424,3797.201171875,94898300,0.0,0.0
2015-01-02,3787.5635917819272,3787.5635917819272,3758.6508926080196,3777.926025390625,98887100,0.0,0.0
2015-01-02,3768.28835978836,3768.28835978836,3633.362433862434,3643.0,206358500,0.0,0.0
2015-01-02,3643.00007370283,3652.637640035377,3565.8995430424525,3575.537109375,163371700,0.0,0.0
2015-01-02,3662.275103400735,3662.275103400735,3604.44970703125,3604.44970703125,134100500,0.0,0.0
2015-01-02,3585.174675707547,3604.449808372641,3556.2619767099054,3575.537109375,104446300,0.0,0.0
2015-01-02,3565.8994427849266,3652.6375373391543,3565.8994427849266,3604.44970703125,184822600,0.0,0.0
2015-01-02,3633.362507370283,3643.00007370283,3575.537109375,3575.537109375,100168200,0.0,0.0
2015-01-02,3594.812242040094,3614.0873747051887,3565.8995430424525,3575.537109375,92746000,0.0,0.0
2015-01-02,3575.5369800464528,3594.8121120143583,3565.8994140625,3565.8994140625,133180100,0.0,0.0
2015-01-02,3585.1747431717517,3671.912841796875,3585.1747431717517,3671.912841796875,143167900,0.0,0.0
2015-01-02,3720.1005955825617,3903.21435546875,3691.1878966531635,3903.21435546875,404797800,0.0,0.0
2015-01-02,3912.8518210018383,3951.4020852481617,3845.388858570772,3932.126953125,292104000,0.0,0.0
2015-01-02,3932.126938693042,3951.402070745459,3893.5766745882083,3912.851806640625,164408100,0.0,0.0
2015-01-02,3951.402113831159,3999.5899444876363,3922.4894154372723,3970.67724609375,269255400,0.0,0.0
2015-01-02,3941.7644901086787,3951.4020560991644,3864.6639621847926,3893.57666015625,208409700,0.0,0.0
2015-01-02,3903.2144231221764,3999.590087890625,3903.2144231221764,3999.590087890625,173260400,0.0,0.0
2015-01-02,4009.22765436747,4018.865220844315,3941.764689029556,3999.590087890625,112477700,0.0,0.0
2015-01-02,4018.865062285633,4018.865062285633,3951.402099609375,3951.402099609375,71971500,0.0,0.0
2015-01-02,4028.502585223055,4115.240679163265,4018.8650192296986,4057.415283203125,195322200,0.0,0.0
2015-01-02,4067.052819853492,4067.052819853492,4018.864990234375,4018.864990234375,267465600,0.0,0.0
2015-01-02,3980.31494140625,3999.590074294416,3922.4895427417528,3980.31494140625,123874000,0.0,0.0
2015-01-02,3980.3148264124775,3999.589958743773,3961.039694081182,3989.952392578125,60838200,0.0,0.0
2015-01-02,3951.4021870177467,3970.6773196373456,3874.301656539352,3903.21435546875,217276600,0.0,0.0
