Date,Open,High,Low,Close,Volume,Dividends,Stock Splits
2015-01-02,837.937534746753,851.84521484375,830.9836946982546,851.84521484375,10525063,0.0,0.0
2015-01-02,848.3683471679688,851.8452674067609,837.9375864515922,848.3683471679688,10605995,0.0,0.0
2015-01-02,841.4145255992211,841.4145255992211,820.5530036976538,830.9837646484375,15733960,0.0,0.0
2015-01-02,841.4144198800718,844.8913397601436,834.4605801199282,837.9375,5320107,0.0,0.0
2015-01-02,844.8914099148682,855.3221704211915,837.9375695773193,841.4144897460938,21869575,0.0,0.0
2015-01-02,844.8914269291765,851.8452674067609,837.9375864515922,848.3683471679688,16751741,0.0,0.0
2015-01-02,844.8913397601436,851.8451795202872,830.9836602398564,837.9375,13149435,0.0,0.0
2015-01-02,830.9837217815933,837.9375620567306,803.168360681044,813.59912109375,22882178,0.0,0.0
2015-01-02,810.1222525463845,813.5991729053704,778.8300170898438,778.8300170898438,67667701,0.0,0.0
2015-01-02,782.306884765625,785.7838048904632,761.4453640165952,782.306884765625,49458626,0.0,0.0
2015-01-02,775.35302734375,785.7837874872487,771.8761072959171,775.35302734375,13154613,0.0,0.0
2015-01-02,778.8299830746225,782.3069032817548,764.9223022460938,764.9223022460938,15109243,0.0,0.0
2015-01-02,768.3992224532259,771.8761426603581,751.014621417565,764.9223022460938,23231569,0.0,0.0
2015-01-02,757.9684942479695,757.9684942479695,691.9070074871971,702.3377685546875,246463328,0.0,0.0
2015-01-02,705.8146616979471,716.2454223632812,681.476220145501,716.2454223632812,200363988,0.0,0.0
2015-01-02,719.7223872897913,730.1531486030202,705.8147055388195,709.2916259765625,168653722,0.0,0.0
2015-01-02,705.8146546461377,709.2915748331777,684.9531335238975,688.4300537109375,151083208,0.0,0.0
2015-01-02,695.3837890625,702.3376283863547,688.4299497386453,695.3837890625,62549529,0.0,0.0
2015-01-02,698.8608481988574,712.7685296221779,695.3839278430273,702.3377685546875,96452268,0.0,0.0
2015-01-02,702.3376283863547,705.8145480482821,695.3837890625,695.3837890625,28732000,0.0,0.0
2015-01-02,698.8607612330475,702.3376811562117,691.9069213867188,691.9069213867188,76094844,0.0,0.0
2015-01-02,695.3837890625,698.8607087244274,688.4299497386453,695.3837890625,21930809,0.0,0.0
2015-01-02,695.3837890625,705.8145480482821,695.3837890625,695.3837890625,69705065,0.0,0.0
2015-01-02,702.3376283863547,705.8145480482821,691.9068694005726,695.3837890625,76253105,0.0,0.0
2015-01-02,698.8607612330475,702.3376811562117,691.9069213867188,691.9069213867188,35925018,0.0,0.0
2015-01-02,691.9069465582206,754.491507451998,691.9069465582206,751.0145874023438,400336937,0.0,0.0
2015-01-02,754.49139068238,761.4452297054708,730.1529541015625,730.1529541015625,180594697,0.0,0.0
2015-01-02,723.1991666662179,737.1068457044715,719.7222469066545,726.6760864257812,70170957,0.0,0.0
2015-01-02,726.6761743738136,730.153094554181,712.7684936523438,712.7684936523438,73599243,0.0,0.0
2015-01-02,712.7685021415032,730.1531032503933,712.7685021415032,716.2454223632812,58517689,0.0,0.0
2015-01-02,723.1992541934461,726.6761743738136,712.7684936523438,712.7684936523438,47804309,0.0,0.0
2015-01-02,719.7222360151213,723.1991557220687,698.8607177734375,698.8607177734375,74200546,0.0,0.0
2015-01-02,702.3377685546875,709.2916092663478,702.3377685546875,702.3377685546875,27002380,0.0,0.0
2015-01-02,712.7684073875276,733.6299259449081,712.7684073875276,726.6760864257812,145871160,0.0,0.0
2015-01-02,730.1530847491357,744.0607652838428,726.6761646154589,733.6300048828125,75274833,0.0,0.0
2015-01-02,733.6299259449081,737.1068457044715,719.7222469066545,726.6760864257812,28662550,0.0,0.0
2015-01-02,730.1529541015625,740.5837126361986,723.1991150784718,730.1529541015625,66513383,0.0,0.0
2015-01-02,733.6298736131079,737.1067931246532,726.6760345900171,730.1529541015625,45853956,0.0,0.0
2015-01-02,737.1069946289062,744.0608355529808,730.1531537048317,737.1069946289062,69273279,0.0,0.0
2015-01-02,737.1068900430533,744.0607299804688,733.6299700743456,744.0607299804688,52259494,0.0,0.0
2015-01-02,744.0608438406083,744.0608438406083,737.1070028390792,740.5839233398438,24547976,0.0,0.0
2015-01-02,747.5376669610869,782.3068674394158,747.5376669610869,775.35302734375,192517212,0.0,0.0
2015-01-02,775.3530697093711,799.691511374064,768.3992292337444,792.7376708984375,114447026,0.0,0.0
2015-01-02,803.1683349609375,810.1221750133899,789.2607026303606,803.1683349609375,75678254,0.0,0.0
2015-01-02,803.1683349609375,810.1221750133899,799.6914627090391,803.1683349609375,25449706,0.0,0.0
2015-01-02,799.6915392437592,803.1684118284128,778.8300170898438,778.8300170898438,49250387,0.0,0.0
2015-01-02,782.3068670545445,806.6452596030729,775.3530269622997,799.6914672851562,41823016,0.0,0.0
2015-01-02,792.7376538022222,796.2145739650521,782.3068933137325,785.7838134765625,53603028,0.0,0.0
2015-01-02,785.7837785493646,799.6914585825035,785.7837785493646,796.2145385742188,22300010,0.0,0.0
2015-01-02,799.6914409471718,803.1683131044548,789.2606811523438,789.2606811523438,12092933,0.0,0.0
2015-01-02,782.3068933137325,792.7376538022222,782.3068933137325,785.7838134765625,15355303,0.0,0.0
2015-01-02,789.2607336393924,792.7376538022222,782.3068933137325,785.7838134765625,15344947,0.0,0.0
2015-01-02,782.3068586592422,785.783778668052,764.9222586151927,771.8760986328125,51687456,0.0,0.0
2015-01-02,782.3069101849976,796.2145911362508,782.3069101849976,792.7376708984375,44862289,0.0,0.0
2015-01-02,778.8299731509027,789.2607336393924,778.8299731509027,785.7838134765625,12088768,0.0,0.0
2015-01-02,792.7376708984375,796.2145911362508,785.7838304228109,792.7376708984375,22113271,0.0,0.0
2015-01-02,796.214559754049,813.5991124835856,792.7376396532759,810.1221923828125,66379660,0.0,0.0
2015-01-02,817.0759807195692,841.4144198800718,817.0759807195692,837.9375,103410820,0.0,0.0
2015-01-02,834.4605801199282,855.322099400359,830.9836602398564,837.9375,107941646,0.0,0.0
2015-01-02,844.8914269291765,851.8452674067609,837.9375864515922,848.3683471679688,27211069,0.0,0.0
2015-01-02,851.84521484375,855.3221348679992,844.8913747952515,851.84521484375,29541655,0.0,0.0
2015-01-02,862.2760264136774,883.1375478050726,855.3221859498791,872.706787109375,129099608,0.0,0.0
2015-01-02,877.0304936544472,884.103321783654,866.4212514606369,873.4940795898438,45360824,18.757034,0.0
2015-01-02,873.4940928852999,880.5669211221623,862.8848505300062,866.4212646484375,52033470,0.0,0.0
2015-01-02,866.4213584410105,866.4213584410105,827.5207989271712,834.5936279296875,68524407,0.0,0.0
2015-01-02,841.6664569322037,852.275700435978,827.5207989271712,834.5936279296875,53948367,0.0,0.0
2015-01-02,838.1299438476562,841.6663579329511,823.9842875064772,838.1299438476562,18324000,0.0,0.0
2015-01-02,841.6663713310176,848.739199614196,823.9843006230717,831.05712890625,20592002,0.0,0.0
2015-01-02,827.5207281636938,834.5935565613938,813.3751199600962,823.9843139648438,25923253,0.0,0.0
2015-01-02,813.3751220703125,827.5207303106095,809.8387078622877,813.3751220703125,13997248,0.0,0.0
2015-01-02,820.4479777115447,827.5208067811892,806.3023681640625,806.3023681640625,13853957,0.0,0.0
2015-01-02,813.3751594878975,820.4479396375128,799.2295020050573,809.8387451171875,31733115,0.0,0.0
2015-01-02,816.9115090515822,834.5935805541536,809.8387290423575,827.520751953125,29726031,0.0,0.0
2015-01-02,831.0571858920891,855.8120865806643,831.0571858920891,848.7392578125,38506391,0.0,0.0
2015-01-02,848.7392377562107,848.7392377562107,820.4479233520965,827.520751953125,24138703,0.0,0.0
2015-01-02,827.5207989271712,838.1300424309455,820.447969924655,834.5936279296875,17812971,0.0,0.0
2015-01-02,838.1299845660518,838.1299845660518,809.838719101036,816.9114990234375,44203805,0.0,0.0
2015-01-02,816.9114990234375,823.9843275376422,809.838719101036,816.9114990234375,27029845,0.0,0.0
2015-01-02,816.9114990234375,827.5207417947447,816.9114990234375,816.9114990234375,11553313,0.0,0.0
2015-01-02,813.3751178650733,816.9114834630122,767.4017333984375,767.4017333984375,52467620,0.0,0.0
2015-01-02,778.0110196921382,799.2295060230715,763.8653621381827,792.1566772460938,53235065,0.0,0.0
2015-01-02,799.2294821057931,806.3023106711134,770.9381678445114,788.6202392578125,48534496,0.0,0.0
2015-01-02,785.0838249751523,795.6930678231329,778.0109964098318,788.6202392578125,21876329,0.0,0.0
2015-01-02,788.6202257549999,806.3022968655471,785.0838115328904,795.6930541992188,21949156,0.0,0.0
2015-01-02,799.229558453983,802.7659730744672,774.4746561105943,781.5474853515625,26916833,0.0,0.0
2015-01-02,774.4745821271716,792.1566535404727,770.9381678445114,788.6202392578125,8930517,0.0,0.0
2015-01-02,781.5474478538762,799.2295201079326,781.5474478538762,785.0838623046875,15654266,0.0,0.0
2015-01-02,785.0837907249842,795.6930331101246,774.4745483398438,774.4745483398438,21871939,0.0,0.0
2015-01-02,785.0837664272866,785.0837664272866,770.9381103515625,770.9381103515625,13941868,0.0,0.0
2015-01-02,763.865389306214,781.5474618775481,763.865389306214,778.0110473632812,29668624,0.0,0.0
2015-01-02,778.011015780797,813.3751594878975,774.474601410087,809.8387451171875,62823617,0.0,0.0
2015-01-02,820.4479437621998,820.4479437621998,788.6202628576049,792.1566772460938,27478853,0.0,0.0
2015-01-02,795.6930876343472,813.3751594878975,792.1566732636372,809.8387451171875,22593120,0.0,0.0
2015-01-02,816.9115090515822,831.0571662536394,802.765900441329,827.520751953125,32600064,0.0,0.0
2015-01-02,831.0572134284293,848.7392859347199,823.9843844259132,834.5936279296875,59808094,0.0,0.0
2015-01-02,834.5935735293281,869.9577162368087,831.05715925858,862.8848876953125,112059034,0.0,0.0
2015-01-02,869.9577162368087,869.9577162368087,855.8120591538163,862.8848876953125,21460527,0.0,0.0
2015-01-02,852.2756483948584,855.8120626801782,838.1299912535792,845.2028198242188,11264930,0.0,0.0
2015-01-02,845.2028297730659,866.4213157347466,845.2028297730659,855.8120727539062,26316430,0.0,0.0
2015-01-02,855.8120092668266,877.0304936544472,852.2755952022233,873.4940795898438,32460150,0.0,0.0
2015-01-02,873.4941305075566,880.5669590490528,859.3484734245644,862.8848876953125,23521303,0.0,0.0
2015-01-02,862.8848774519258,862.8848774519258,852.275634765625,852.275634765625,7272824,0.0,0.0
2015-01-02,845.2027854726067,848.739199614196,827.5207147646609,831.05712890625,11249397,0.0,0.0
2015-01-02,820.4479777115447,831.0572213160116,806.3023681640625,806.3023681640625,16011536,0.0,0.0
2015-01-02,806.3022968655471,816.9114909400727,795.6930541992188,795.6930541992188,13189619,0.0,0.0
2015-01-02,795.6930510301881,820.4479018945597,792.1566368221634,813.3751220703125,12971138,0.0,0.0
2015-01-02,813.375125309766,813.375125309766,785.0838115328904,795.6930541992188,5874134,0.0,0.0
2015-01-02,795.6930084840797,795.6930084840797,756.7924542758384,770.9381103515625,33071696,0.0,0.0
2015-01-02,770.9381909151605,802.7659204115604,770.9381909151605,792.1566772460938,37806146,0.0,0.0
2015-01-02,795.6930541992188,806.3022968655471,781.547397310781,795.6930541992188,17376232,0.0,0.0
2015-01-02,795.6930541992188,806.3022968655471,792.1566399771093,795.6930541992188,10932649,0.0,0.0
2015-01-02,799.2294225030107,799.2294225030107,770.9381103515625,770.9381103515625,9440983,0.0,0.0
2015-01-02,770.9382183347476,792.1567054203485,756.7925602776803,778.0110473632812,9390218,0.0,0.0
2015-01-02,785.083834878422,806.3023208420391,785.083834878422,799.2294921875,25308779,0.0,0.0
2015-01-02,799.2294821057931,806.3023106711134,788.6202392578125,788.6202392578125,9425900,0.0,0.0
2015-01-02,799.2294921875,806.3023208420391,795.6930778602306,799.2294921875,7531490,0.0,0.0
2015-01-02,799.2294684213282,820.4479051621821,788.6202257549999,795.6930541992188,22186323,0.0,0.0
2015-01-02,802.7659536292402,813.3751972337071,792.1567100247734,806.3023681640625,16590215,0.0,0.0
2015-01-02,813.375125309766,813.375125309766,795.6930541992188,795.6930541992188,10365789,0.0,0.0
2015-01-02,785.0837811600356,848.7391861035405,785.0837811600356,838.1299438476562,48967745,0.0,0.0
2015-01-02,838.1299948546679,841.6664091551821,823.9843376526107,827.520751953125,13138967,0.0,0.0
2015-01-02,813.3750938423938,841.6663579329511,802.7658515865095,838.1299438476562,31495723,0.0,0.0
2015-01-02,834.5936139867381,848.7392717554493,827.5207851023825,841.6664428710938,25919763,0.0,0.0
2015-01-02,845.2028573132716,848.7392717554493,834.5936139867381,841.6664428710938,8198192,0.0,0.0
2015-01-02,838.1300146602536,855.8120865806643,834.5936002761714,848.7392578125,26719850,0.0,0.0
2015-01-02,848.7392071875962,862.8848638801762,838.129964668161,859.3484497070312,23299894,0.0,0.0
2015-01-02,841.6664091551821,848.7392377562107,827.520751953125,827.520751953125,10869051,0.0,0.0
2015-01-02,834.5936139867381,845.2028573132716,834.5936139867381,841.6664428710938,7633358,0.0,0.0
2015-01-02,845.2028714334618,845.2028714334618,820.447969924655,834.5936279296875,12053874,0.0,0.0
2015-01-02,834.5935769682594,845.2028198242188,816.9115055416604,845.2028198242188,13210781,0.0,0.0
2015-01-02,845.2028714334618,848.7392859347199,834.5936279296875,834.5936279296875,11906081,0.0,0.0
2015-01-02,838.1299845660518,845.2028130802565,813.3751333581383,816.9114990234375,17117453,0.0,0.0
2015-01-02,831.0571182654904,834.5935323617998,816.9114618802531,820.4478759765625,8277885,0.0,0.0
2015-01-02,831.0571423625438,831.0571423625438,820.4478997659937,823.9843139648438,3795461,0.0,0.0
2015-01-02,834.5935769682594,845.2028198242188,820.4479198269802,845.2028198242188,21293373,0.0,0.0
2015-01-02,845.2028714334618,845.2028714334618,834.5936279296875,834.5936279296875,5029248,0.0,0.0
2015-01-02,841.6664428710938,845.2028573132716,831.0571995445603,841.6664428710938,14825026,0.0,0.0
2015-01-02,841.6664569322037,855.8121149372362,827.5207989271712,834.5936279296875,20417419,0.0,0.0
2015-01-02,848.7392578125,869.957744116993,838.1300146602536,848.7392578125,45181401,0.0,0.0
2015-01-02,852.2756001888354,862.8848424447197,834.5935297623615,838.1299438476562,14849339,0.0,0.0
2015-01-02,845.2027854726067,848.739199614196,820.4478864814824,831.05712890625,22058228,0.0,0.0
2015-01-02,834.5935805541536,838.1299948546679,823.9843376526107,827.520751953125,12859139,0.0,0.0
2015-01-02,831.0571662536394,841.6664091551821,827.520751953125,827.520751953125,10017186,0.0,0.0
2015-01-02,834.5935805541536,834.5935805541536,823.9843376526107,827.520751953125,5037240,0.0,0.0
2015-01-02,834.593524879206,877.0304936544472,827.5206967499993,873.4940795898438,63390476,0.0,0.0
2015-01-02,880.5669347459013,887.6397630921914,852.2756213607412,859.3484497070312,17392666,0.0,0.0
2015-01-02,859.348476965498,859.348476965498,838.1299912535792,845.2028198242188,5589016,0.0,0.0
2015-01-02,845.2028198242188,845.2028198242188,831.0571626829395,845.2028198242188,8157895,0.0,0.0
2015-01-02,845.2028234556964,852.275652056725,816.9115090515822,827.520751953125,13355535,0.0,0.0
2015-01-02,806.3023634774158,806.3023634774158,770.9382183347476,778.0110473632812,22578262,0.0,0.0
2015-01-02,785.0838193013193,820.4479132805399,785.0838193013193,816.9114990234375,16791137,0.0,0.0
2015-01-02,813.3751594878975,820.4479396375128,802.7659163757673,809.8387451171875,6841150,0.0,0.0
2015-01-02,806.3023681640625,813.3751972337071,795.6931245595956,806.3023681640625,8183334,0.0,0.0
2015-01-02,806.3023208420391,816.9115152320435,795.6930778602306,799.2294921875,12851034,0.0,0.0
2015-01-02,785.0837664272866,792.1565944651486,767.4016963326314,770.9381103515625,20328270,0.0,0.0
2015-01-02,753.2561359765925,753.2561359765925,710.8191623567609,721.4284057617188,35870201,0.0,0.0
2015-01-02,693.1370406276772,693.1370406276772,661.3093612723993,668.3821411132812,39998507,0.0,0.0
2015-01-02,675.4549992975744,721.428386135003,675.4549992975744,700.2098999023438,63881132,0.0,0.0
2015-01-02,689.6006469726562,700.2098899380112,664.8457953119656,689.6006469726562,79614417,0.0,0.0
2015-01-02,707.2825916446245,749.7195558898252,707.2825916446245,742.646728515625,61734809,0.0,0.0
2015-01-02,763.86538453114,770.93821351546,742.64689757818,749.7197265625,38974197,0.0,0.0
2015-01-02,749.7196891997046,756.7925178315453,735.5740319360232,753.256103515625,18488790,0.0,0.0
2015-01-02,746.1832329696252,749.7196470869002,710.819091796875,710.819091796875,23270290,0.0,0.0
2015-01-02,700.2098827176155,732.0376112854804,696.6734684322972,724.9647827148438,24520173,0.0,0.0
2015-01-02,732.0376112854804,735.5740255707987,717.8919541442071,724.9647827148438,17224612,0.0,0.0
2015-01-02,732.0376351035063,735.5740495038875,724.9648063027438,728.501220703125,11663848,0.0,0.0
2015-01-02,724.9646732053764,728.501086956502,707.282604449748,717.891845703125,11808152,0.0,0.0
2015-01-02,717.8919775019813,739.1104639042688,710.8191487012188,728.501220703125,10389877,0.0,0.0
2015-01-02,739.1104260952033,746.1832545341564,724.9647692172967,732.03759765625,14211228,0.0,0.0
2015-01-02,728.5011244831761,732.0375384164702,710.819054816706,714.35546875,16144134,0.0,0.0
2015-01-02,721.428296616588,724.964710549882,710.819054816706,714.35546875,7469919,0.0,0.0
2015-01-02,721.428296616588,724.964710549882,714.35546875,714.35546875,7920503,0.0,0.0
2015-01-02,710.8191052236183,717.8919335917677,703.7462768554688,703.7462768554688,14540808,0.0,0.0
2015-01-02,714.35546875,717.891882683294,707.2826408834119,714.35546875,10068739,0.0,0.0
2015-01-02,717.8919249141439,760.3288946100779,714.3555107728162,756.79248046875,41550505,0.0,0.0
2015-01-02,763.8652106382253,770.9380380124255,735.5739011414249,742.646728515625,20945445,0.0,0.0
2015-01-02,721.4283549978202,742.6468403146798,721.4283549978202,732.03759765625,6290162,0.0,0.0
2015-01-02,746.1832927050314,746.1832927050314,728.501220703125,728.501220703125,6872668,0.0,0.0
2015-01-02,728.501197000162,735.5740255707987,710.8191255735704,724.9647827148438,13552630,0.0,0.0
2015-01-02,721.4282822481963,739.1103515625,717.8918683853356,739.1103515625,17034045,0.0,0.0
2015-01-02,739.1103797898734,739.1103797898734,707.2826538085938,707.2826538085938,15879952,0.0,0.0
2015-01-02,693.1370343032445,710.8191052236183,686.0642059350951,703.7462768554688,46544183,0.0,0.0
2015-01-02,707.2826910395435,714.355519407693,700.209862671394,703.7462768554688,39189527,0.0,0.0
2015-01-02,707.282604449748,728.501086956502,703.7461906986223,717.891845703125,22729995,0.0,0.0
2015-01-02,707.2826538085938,717.8918958023536,703.7462398106737,707.2826538085938,11904280,0.0,0.0
2015-01-02,710.8191123393904,732.03759765625,710.8191123393904,732.03759765625,37913530,0.0,0.0
2015-01-02,739.1104830860199,760.32897003898,739.1104830860199,749.7197265625,82204457,0.0,0.0
2015-01-02,749.7196416306003,760.3288839052135,739.110399355987,746.1832275390625,45035521,0.0,0.0
2015-01-02,753.2560899525434,774.474575466007,749.7196757002996,760.3289184570312,32605467,0.0,0.0
2015-01-02,770.9381342114636,792.1566189817444,770.9381342114636,774.4745483398438,41470924,0.0,0.0
2015-01-02,781.5473841648708,806.3022833032506,778.0109700022451,802.765869140625,41762008,0.0,0.0
2015-01-02,802.7659345587439,802.7659345587439,770.9382045014423,785.0838623046875,34914103,0.0,0.0
2015-01-02,795.6930258941982,820.4478759765625,795.6930258941982,820.4478759765625,27790085,0.0,0.0
2015-01-02,827.5207683789329,838.1300114910631,809.8387451171875,809.8387451171875,43886606,0.0,0.0
2015-01-02,816.911555423397,834.5936279296875,816.911555423397,834.5936279296875,17870715,0.0,0.0
2015-01-02,834.5935323617998,834.5935323617998,816.9114618802531,820.4478759765625,10593163,0.0,0.0
2015-01-02,820.4478759765625,838.1299464581092,816.9114618802531,820.4478759765625,12042955,0.0,0.0
2015-01-02,827.5207281636938,838.1299707602439,820.4478997659937,823.9843139648438,24284019,0.0,0.0
2015-01-02,838.1299438476562,845.2027720182458,831.0571156770667,838.1299438476562,23839176,0.0,0.0
2015-01-02,845.2027720182458,852.2756001888354,838.1299438476562,838.1299438476562,27913903,0.0,0.0
2015-01-02,855.8120727539062,869.9577300616934,852.2756584269595,855.8120727539062,42862184,0.0,0.0
2015-01-02,862.8848638801762,862.8848638801762,841.6663788413061,859.3484497070312,24167068,0.0,0.0
2015-01-02,855.8121149372362,855.8121149372362,831.0572134284293,834.5936279296875,24045164,0.0,0.0
2015-01-02,834.5935297623615,848.7391861035405,827.520701591772,838.1299438476562,15640646,0.0,0.0
2015-01-02,838.1299948546679,841.6664091551821,816.9115090515822,827.520751953125,15880402,0.0,0.0
2015-01-02,831.0571858920891,855.8120865806643,831.0571858920891,848.7392578125,21838058,0.0,0.0
2015-01-02,855.8120865806643,859.3485009647466,845.2028434284179,848.7392578125,9534522,0.0,0.0
2015-01-02,845.2027991579438,845.2027991579438,823.9843139648438,823.9843139648438,9491524,0.0,0.0
2015-01-02,831.057182749643,834.593597120353,809.8387451171875,809.8387451171875,16660116,0.0,0.0
2015-01-02,809.8387634603664,809.8387634603664,781.5474478538762,785.0838623046875,16185782,0.0,0.0
2015-01-02,778.0110196921382,799.2295060230715,767.4017765266716,792.1566772460938,8932768,0.0,0.0
2015-01-02,785.083848469116,795.6930916345826,781.5474340806271,792.1566772460938,11623776,0.0,0.0
2015-01-02,795.6930684215451,852.2756483948584,795.6930684215451,845.2028198242188,44121297,0.0,0.0
2015-01-02,838.1300284289159,855.812100639805,827.5207851023825,841.6664428710938,27719397,0.0,0.0
2015-01-02,834.5935430478391,834.5935430478391,820.4478864814824,831.05712890625,5178279,0.0,0.0
2015-01-02,838.1299912535792,852.2756483948584,834.5935769682594,845.2028198242188,10127496,0.0,0.0
2015-01-02,845.2028297730659,869.9577300616934,845.2028297730659,855.8120727539062,36926590,0.0,0.0
2015-01-02,869.9575076271738,884.1031613181386,859.3482673589501,877.0303344726562,22678555,0.0,0.0
2015-01-02,877.030507003731,884.1033352405934,859.3484364115751,866.4212646484375,11229136,0.0,0.0
2015-01-02,877.0305447783047,877.0305447783047,862.8848876953125,862.8848876953125,6872105,0.0,0.0
2015-01-02,862.8848136668572,877.0304695362679,859.3483996995045,869.9576416015625,9288913,0.0,0.0
2015-01-02,873.493921049915,898.2488150091035,873.493921049915,877.0303344726562,33461947,0.0,0.0
2015-01-02,877.0305379775461,901.7854376808256,862.8848810042435,898.2490234375,47734972,0.0,0.0
2015-01-02,912.3945681049064,912.3945681049064,898.2489128727808,908.858154296875,13249840,0.0,0.0
2015-01-02,898.2490234375,908.8582661674768,887.6397807075231,898.2490234375,17182064,0.0,0.0
2015-01-02,901.7853266808122,923.0038095290005,894.7124990647495,908.858154296875,21505101,0.0,0.0
2015-01-02,912.3947282717287,915.9311427005618,901.7854849852293,905.3218994140625,4748744,0.0,0.0
2015-01-02,901.7853266808122,908.858154296875,891.1760852567181,908.858154296875,5253583,0.0,0.0
2015-01-02,898.2490234375,912.3946804108025,891.1761949508486,898.2490234375,6330459,0.0,0.0
2015-01-02,894.7125696524786,919.4674682617188,894.7125696524786,919.4674682617188,11727333,0.0,0.0
2015-01-02,912.3947282717287,919.467557129395,905.3218994140625,905.3218994140625,8270569,0.0,0.0
2015-01-02,905.3218994140625,905.3218994140625,905.3218994140625,905.3218994140625,0,0.0,0.0
2015-01-02,908.8583138428957,919.467557129395,901.7854849852293,905.3218994140625,10573690,0.0,0.0
2015-01-02,905.3218994140625,912.3947282717287,891.1762416987299,905.3218994140625,8884592,0.0,0.0
2015-01-02,891.1762084960938,905.3218656844002,884.1033799019405,891.1762084960938,6050293,0.0,0.0
2015-01-02,898.2490705563962,908.8583138428957,891.1762416987299,905.3218994140625,6073706,0.0,0.0
2015-01-02,912.3945554791868,923.0037967564703,905.3217279609979,915.9309692382812,14194794,0.0,0.0
2015-01-02,926.5402964357874,930.0767105228217,912.3946400876501,919.4674682617188,20620142,0.0,0.0
2015-01-02,905.3218119135815,919.4674682617188,905.3218119135815,919.4674682617188,12198178,0.0,0.0
2015-01-02,912.3945554791868,926.5402105155647,912.3945554791868,915.9309692382812,4831815,0.0,0.0
2015-01-02,919.4676136740001,923.0040283203125,912.3947843813752,923.0040283203125,5618282,0.0,0.0
2015-01-02,923.0038823487531,923.0038823487531,915.9310541746845,919.4674682617188,3925357,0.0,0.0
2015-01-02,919.4674551300691,930.076697239653,915.9310410935411,926.540283203125,7507402,0.0,0.0
2015-01-02,923.0038823487531,930.0767105228217,915.9310541746845,919.4674682617188,12927464,0.0,0.0
2015-01-02,919.4673829973758,919.4673829973758,912.3945554791868,915.9309692382812,9443572,0.0,0.0
2015-01-02,919.4673829973758,923.0037967564703,905.3217279609979,915.9309692382812,8290943,0.0,0.0
2015-01-02,912.3946270570132,930.076697239653,912.3946270570132,926.540283203125,15362619,0.0,0.0
2015-01-02,933.613343749079,961.9046630859375,926.5405139148644,961.9046630859375,59395669,0.0,0.0
2015-01-02,958.3679939738616,958.3679939738616,940.6859240782701,951.295166015625,20527279,0.0,0.0
2015-01-02,947.7588263658416,951.2952406223083,933.6131693399751,944.222412109375,12010988,0.0,0.0
2015-01-02,937.1495253127089,940.6859393492368,919.4674551300691,926.540283203125,6733542,0.0,0.0
2015-01-02,940.6859978529084,947.7588263658416,933.6131693399751,944.222412109375,24465469,0.0,0.0
2015-01-02,947.758750056341,972.5136478584483,944.2223360846114,968.9772338867188,37455292,0.0,0.0
2015-01-02,951.2951265542968,990.1956787109375,944.222298889453,990.1956787109375,55111578,0.0,0.0
2015-01-02,1000.8050955998006,1004.3415100519809,979.5866088867188,979.5866088867188,10880870,0.0,0.0
2015-01-02,958.3681548510965,965.4409839966193,944.2224965600511,947.7589111328125,18837506,0.0,0.0
2015-01-02,951.2952108429428,976.0501098632812,947.7587966971801,976.0501098632812,17187241,0.0,0.0
2015-01-02,965.4408199149891,976.0500618301779,954.8315779998002,968.9772338867188,22179907,0.0,0.0
2015-01-02,968.977281571756,976.0501098632812,958.3680391344681,976.0501098632812,20469985,0.0,0.0
2015-01-02,972.5136366813741,976.0500506124598,947.7587391637742,958.3679809570312,55911777,0.0,0.0
2015-01-02,965.4410313480041,968.9774460942137,954.831787109375,954.831787109375,7092275,0.0,0.0
2015-01-02,954.8315779998002,968.9772338867188,954.8315779998002,968.9772338867188,5551421,0.0,0.0
2015-01-02,968.9772359112166,979.5864778485715,951.295166015625,951.295166015625,15620723,0.0,0.0
2015-01-02,958.3681221736371,979.5866088867188,933.6132210083749,979.5866088867188,30966909,0.0,0.0
2015-01-02,990.1958182850568,990.1958182850568,961.904503637849,965.44091796875,14401907,0.0,0.0
2015-01-02,968.9772338867188,986.6593037453667,961.9044059432595,968.9772338867188,20432502,0.0,0.0
2015-01-02,968.9773186291477,993.732218596208,958.3680757861218,972.5137329101562,52752401,0.0,0.0
2015-01-02,954.8315779998002,976.0500618301779,954.8315779998002,968.9772338867188,8484773,0.0,0.0
2015-01-02,983.1229381548064,986.6593523005691,965.4408674259932,976.0501098632812,17840886,0.0,0.0
2015-01-02,990.1956787109375,1011.4141617054688,983.1228510460937,990.1956787109375,88461526,0.0,0.0
2015-01-02,986.6594706646738,1000.8051289447011,976.0502269546533,993.7322998046875,26485610,0.0,0.0
2015-01-02,993.7321038949867,1007.8777593862633,993.7321038949867,1000.804931640625,17372630,0.0,0.0
2015-01-02,1000.8050636230603,1025.5599639973782,997.268649283872,1011.414306640625,42301740,0.0,0.0
2015-01-02,1018.487137498196,1057.3876953125,1018.487137498196,1057.3876953125,89646574,0.0,0.0
2015-01-02,1064.4604760861482,1064.4604760861482,1043.2419909608323,1050.3148193359375,21650193,0.0,0.0
2015-01-02,1060.9239366181546,1092.7516605477147,1057.3875228482034,1085.6788330078125,73508293,0.0,0.0
2015-01-02,1096.288218234899,1113.9702894059008,1089.2153897664982,1106.8974609375,33461609,0.0,0.0
2015-01-02,1128.1159638844733,1170.552935354756,1078.6061638358099,1082.142578125,139797454,0.0,0.0
2015-01-02,1064.4605712890625,1145.7981048774168,1050.3149132736964,1064.4605712890625,101030482,0.0,0.0
2015-01-02,1082.142575083379,1106.897475038131,1029.0963608946242,1036.169189453125,63629782,0.0,0.0
2015-01-02,1039.7055935012395,1050.3148362345912,1011.4142795456354,1025.5599365234375,40078875,0.0,0.0
2015-01-02,1046.778324666511,1128.1158447265625,1046.778324666511,1128.1158447265625,57053826,0.0,0.0
2015-01-02,1145.7980483855301,1149.3344627150138,1106.8974907612085,1138.7252197265625,20277167,0.0,0.0
2015-01-02,1145.797850128883,1191.7712284574288,1138.7250226937222,1181.1619873046875,56072853,0.0,0.0
2015-01-02,1181.1620612765437,1195.3077170327563,1156.407163703172,1174.0892333984375,25566658,0.0,0.0
2015-01-02,1188.2349706558605,1188.2349706558605,1131.65234375,1131.65234375,11645501,0.0,0.0
2015-01-02,1159.943678100029,1167.0165065906829,1138.7251926280674,1152.870849609375,34924009,0.0,0.0
2015-01-02,1167.0163324343657,1184.698401022268,1152.870677564044,1181.1619873046875,24439129,0.0,0.0
2015-01-02,1191.771399576916,1191.771399576916,1163.4800857740881,1188.2349853515625,19838515,0.0,0.0
2015-01-02,1188.2349853515625,1205.91705647833,1188.2349853515625,1188.2349853515625,28904894,0.0,0.0
2015-01-02,1188.2349003003499,1191.7713142725747,1170.5528304392255,1184.698486328125,19724715,0.0,0.0
2015-01-02,1216.5262006670748,1216.5262006670748,1149.3343358250656,1174.0892333984375,25227735,0.0,0.0
2015-01-02,1174.0892333984375,1174.0892333984375,1174.0892333984375,1174.0892333984375,0,0.0,0.0
2015-01-02,1174.0892333984375,1174.0892333984375,1174.0892333984375,1174.0892333984375,0,0.0,0.0
2015-01-02,1209.4533186600001,1237.74462890625,1198.8440773176562,1237.74462890625,29616733,0.0,0.0
2015-01-02,1234.2082998824117,1244.8175419533254,1230.671885858774,1241.2811279296875,6434353,0.0,0.0
2015-01-02,1248.353870248594,1251.8902840293752,1237.74462890625,1237.74462890625,7664425,0.0,0.0
2015-01-02,1251.8905782472482,1266.0362366948693,1230.6720905758164,1244.8177490234375,23106513,0.0,0.0
2015-01-02,1269.572791956813,1269.572791956813,1241.2814719273074,1266.036376953125,14808479,0.0,0.0
2015-01-02,1273.108834726732,1319.082216332902,1273.108834726732,1301.400146484375,58338378,0.0,0.0
2015-01-02,1308.4732107372652,1312.0096253456556,1280.1818938701408,1290.7911376953125,13828969,0.0,0.0
2015-01-02,1290.7911389782066,1294.3275535901118,1241.2813344115323,1244.8177490234375,19206482,0.0,0.0
2015-01-02,1234.20849609375,1255.4269836088386,1227.1356669220538,1234.20849609375,7129758,0.0,0.0
2015-01-02,1220.0628098292743,1241.281296858779,1202.3807373046875,1202.3807373046875,5139108,0.0,0.0
2015-01-02,1237.7447779198883,1237.7447779198883,1216.5262926806809,1223.59912109375,17008719,0.0,0.0
2015-01-02,1244.8177398512942,1269.5726419522307,1212.9900085786614,1234.20849609375,33790852,0.0,0.0
2015-01-02,1230.6719495068191,1234.2083637133537,1205.9170500610771,1223.59912109375,7938400,0.0,0.0
2015-01-02,1244.8177210256708,1244.8177210256708,1191.7715030401778,1212.989990234375,25660984,0.0,0.0
2015-01-02,1220.0627068872154,1237.7447779198883,1212.9898784741463,1223.59912109375,15060504,0.0,0.0
2015-01-02,1234.20849609375,1241.2813252654462,1227.1356669220538,1234.20849609375,9566039,0.0,0.0
2015-01-02,1248.3539449621724,1248.3539449621724,1230.671875,1230.671875,22275922,0.0,0.0
2015-01-02,1223.5990134795125,1227.1354273750233,1152.8707355692982,1198.8441162109375,46474058,0.0,0.0
2015-01-02,1198.8441162109375,1198.8441162109375,1198.8441162109375,1198.8441162109375,0,0.0,0.0
2015-01-02,1184.6985711262091,1198.844228027623,1167.0164999994415,1188.2349853515625,23901198,0.0,0.0
2015-01-02,1188.2349853515625,1188.2349853515625,1188.2349853515625,1188.2349853515625,0,0.0,0.0
2015-01-02,1188.2349853515625,1188.2349853515625,1188.2349853515625,1188.2349853515625,0,0.0,0.0
2015-01-02,1188.2349853515625,1188.2349853515625,1188.2349853515625,1188.2349853515625,0,0.0,0.0
2015-01-02,1188.2349853515625,1188.2349853515625,1188.2349853515625,1188.2349853515625,0,0.0,0.0
2015-01-02,1188.2349853515625,1188.2349853515625,1188.2349853515625,1188.2349853515625,0,0.0,0.0
2015-01-02,1242.3765869140625,1249.599707759478,1227.9303452232318,1242.3765869140625,30044242,31.054808,0.0
2015-01-02,1242.3765869140625,1249.599707759478,1235.1534660686473,1242.3765869140625,16541701,0.0,0.0
2015-01-02,1242.3764890982811,1253.2111695133594,1242.3764890982811,1249.599609375,8932543,0.0,0.0
2015-01-02,1260.434289790078,1264.0458499284375,1249.599609375,1249.599609375,17938364,0.0,0.0
2015-01-02,1260.4341792133537,1260.4341792133537,1245.9879399272713,1253.2110595703125,21872727,0.0,0.0
2015-01-02,1253.2112176066298,1274.8805792683702,1253.2112176066298,1264.0458984375,19011976,0.0,0.0
2015-01-02,1278.4919307809769,1278.4919307809769,1264.0456920320694,1274.88037109375,18983836,0.0,0.0
2015-01-02,1274.8806033138242,1285.715284349047,1256.8228015884533,1271.26904296875,17608559,0.0,0.0
2015-01-02,1260.4343619335275,1278.4921636588983,1256.8228015884533,1271.26904296875,4994354,0.0,0.0
2015-01-02,1282.1036738805433,1292.9383544921875,1271.268993268899,1292.9383544921875,17177223,0.0,0.0
2015-01-02,1285.7152092068688,1336.2770510828775,1285.7152092068688,1321.830810546875,23717610,0.0,0.0
2015-01-02,1336.2771353212343,1361.5580578529375,1285.7152902578277,1347.11181640625,44783609,0.0,0.0
2015-01-02,1347.1117066217153,1357.9463868237451,1303.7729858135951,1314.607666015625,14786417,0.0,0.0
2015-01-02,1318.21923828125,1329.0539185835398,1310.9961180797234,1318.21923828125,6847904,0.0,0.0
2015-01-02,1325.4423706808757,1325.4423706808757,1318.2192504128745,1321.830810546875,5687733,0.0,0.0
2015-01-02,1321.830896930376,1329.0540176704183,1303.7730950802702,1310.9962158203125,10260319,0.0,0.0
2015-01-02,1300.1612889043379,1310.9959679660185,1267.6572517192963,1274.88037109375,7893713,0.0,0.0
2015-01-02,1267.6573476522774,1278.4920275338982,1231.541748046875,1231.541748046875,10014710,0.0,0.0
2015-01-02,1224.3187375681832,1242.3765389850794,1217.095617001425,1227.9302978515625,28318674,0.0,0.0
2015-01-02,1227.9301488041137,1227.9301488041137,1173.7567511290497,1184.5914306640625,12741287,0.0,0.0
2015-01-02,1177.3685651958351,1206.2610501944416,1148.4760801972286,1188.2032470703125,24451286,0.0,0.0
2015-01-02,1188.2032470703125,1206.2610501944416,1184.5916864454866,1188.2032470703125,25041896,0.0,0.0
2015-01-02,1199.03759765625,1202.6491572832185,1188.2029187753442,1199.03759765625,12747253,0.0,0.0
2015-01-02,1213.483911547353,1227.930150952647,1209.8723516960295,1220.70703125,17889175,0.0,0.0
2015-01-02,1227.930150952647,1235.153270655294,1217.0954713986764,1220.70703125,9891004,0.0,0.0
2015-01-02,1227.9302978515625,1235.1534184183208,1220.7071772848042,1227.9302978515625,15572209,0.0,0.0
2015-01-02,1227.930212481255,1260.4342527718652,1227.930212481255,1238.764892578125,28167504,0.0,0.0
2015-01-02,1242.3764279284958,1245.987987889036,1227.9301880863347,1231.541748046875,13143694,0.0,0.0
2015-01-02,1231.5419056459396,1256.8228286048932,1231.5419056459396,1242.3765869140625,17229339,0.0,0.0
2015-01-02,1242.3764029553442,1242.3764029553442,1217.0954837397373,1224.318603515625,22550234,0.0,0.0
2015-01-02,1235.1534184183208,1238.7649787017,1224.3187375681832,1227.9302978515625,8975429,0.0,0.0
2015-01-02,1238.764892578125,1242.376452610415,1227.930212481255,1238.764892578125,16309937,0.0,0.0
2015-01-02,1242.3765630897142,1260.4343648569682,1227.9303216759108,1235.1534423828125,23399399,0.0,0.0
2015-01-02,1242.3765784413545,1242.3765784413545,1199.0378536644223,1202.6494140625,28066987,0.0,0.0
2015-01-02,1202.6491572832185,1217.095395791093,1195.4260380292815,1199.03759765625,15414285,0.0,0.0
2015-01-02,1199.0377441215542,1213.483984394071,1195.4261840534248,1206.2608642578125,4998406,0.0,0.0
2015-01-02,1199.037695035874,1202.649254956155,1188.2030152750317,1191.8145751953125,5591042,0.0,0.0
2015-01-02,1191.8145252080292,1202.6492045144414,1159.3104872887918,1177.3682861328125,12004910,0.0,0.0
2015-01-02,1177.3683109740539,1191.8145503540711,1166.533631439041,1184.5914306640625,9755931,0.0,0.0
2015-01-02,1184.5916864454866,1199.03792894479,1177.3685651958351,1188.2032470703125,13689393,0.0,0.0
2015-01-02,1206.2609505103612,1220.707191815843,1191.8147092048796,1195.42626953125,18333005,0.0,0.0
2015-01-02,1199.03759765625,1202.6491572832185,1177.3682398944384,1199.03759765625,15220229,0.0,0.0
2015-01-02,1199.037657433541,1202.6492172405617,1180.9798583984375,1180.9798583984375,14912598,0.0,0.0
2015-01-02,1191.814552439412,1227.930150952647,1188.2029925880886,1220.70703125,41905974,0.0,0.0
2015-01-02,1227.930150952647,1231.5417108039703,1213.483911547353,1220.70703125,12729468,0.0,0.0
2015-01-02,1217.0956556548108,1224.318776450966,1126.8066457028685,1202.6494140625,30888228,0.0,0.0
2015-01-02,1202.649254956155,1206.2608148764357,1173.7567755939085,1191.8145751953125,20152112,0.0,0.0
2015-01-02,1191.8146950177706,1235.1534184183208,1191.8146950177706,1227.9302978515625,36012478,0.0,0.0
2015-01-02,1242.376452610415,1249.599572674995,1227.930212481255,1238.764892578125,23996312,0.0,0.0
2015-01-02,1242.376452610415,1253.211132707285,1224.318652448965,1238.764892578125,31845339,0.0,0.0
2015-01-02,1227.930150952647,1249.5995100605878,1220.70703125,1220.70703125,17735866,0.0,0.0
2015-01-02,1227.9303452232318,1245.9881473367702,1227.9303452232318,1242.3765869140625,16879836,0.0,0.0
2015-01-02,1253.2111214851323,1321.8307614841729,1249.5995614851827,1307.384521484375,70510442,0.0,0.0
2015-01-02,1314.607666015625,1332.6654663523418,1296.5498656789084,1314.607666015625,30642394,0.0,0.0
2015-01-02,1318.2192260829684,1336.2770264196852,1310.9961059482816,1314.607666015625,23331186,0.0,0.0
2015-01-02,1321.830822645443,1343.500183647784,1321.830822645443,1325.4423828125,17293274,0.0,0.0
2015-01-02,1343.500096134807,1343.500096134807,1300.161376953125,1300.161376953125,9913179,0.0,0.0
2015-01-02,1285.715149388887,1336.2769889125032,1285.715149388887,1303.77294921875,23220989,0.0,0.0
2015-01-02,1314.6076781804866,1329.0539185835398,1300.1614377774335,1318.21923828125,13889527,0.0,0.0
2015-01-02,1325.4424188139149,1350.7233406699884,1318.2192982836082,1336.277099609375,31662877,0.0,0.0
2015-01-02,1321.830749962342,1347.1116697416257,1314.6076300254038,1339.8885498046875,8893147,0.0,0.0
2015-01-02,1354.3349844928025,1372.392687683984,1339.8887425409073,1361.55810546875,22685196,0.0,0.0
2015-01-02,1372.3925767505023,1419.342859299068,1372.3925767505023,1408.5081787109375,53085245,0.0,0.0
2015-01-02,1419.3428220944984,1441.0121827027508,1401.2850215876215,1433.7890625,40058840,0.0,0.0
2015-01-02,1433.7889775642682,1466.2930165511511,1412.1196182396795,1444.6236572265625,18788091,0.0,0.0
2015-01-02,1466.292952936637,1466.292952936637,1415.7311167062012,1426.5657958984375,15900776,0.0,0.0
2015-01-02,1408.5082922117012,1516.8551068238369,1408.5082922117012,1480.739501953125,24491020,0.0,0.0
2015-01-02,1502.4086915239168,1509.6318116646378,1451.8468505388707,1466.2930908203125,21036057,0.0,0.0
2015-01-02,1451.8468257731583,1459.0699457906667,1419.3427856943708,1422.954345703125,20985404,0.0,0.0
2015-01-02,1386.8387451171875,1473.516185296138,1361.5579243136679,1386.8387451171875,71765165,0.0,0.0
2015-01-02,1372.3925660271993,1394.0619270341451,1350.723304268932,1368.781005859375,115288086,0.0,0.0
2015-01-02,1372.39258848053,1415.7313112034744,1372.39258848053,1412.1197509765625,57158396,0.0,0.0
2015-01-02,1415.7313112034744,1430.1775521111226,1408.5081907496506,1412.1197509765625,32347588,0.0,0.0
2015-01-02,1415.7312869403615,1419.3428471053778,1390.4503657852472,1404.8966064453125,18101353,0.0,0.0
2015-01-02,1408.5080675187296,1408.5080675187296,1365.1693485875066,1376.0040283203125,19774130,0.0,0.0
2015-01-02,1379.615427412904,1386.8385463927934,1357.9461697218956,1365.169189453125,17899756,0.0,0.0
2015-01-02,1365.1695667080364,1368.7811271960102,1325.442500589012,1361.55810546875,18879941,0.0,0.0
2015-01-02,1361.5579243136679,1394.0618651321,1361.5579243136679,1386.8387451171875,18406733,0.0,0.0
2015-01-02,1390.4503173828125,1408.508117579291,1386.8387573435168,1390.4503173828125,27344117,0.0,0.0
2015-01-02,1404.8965943135165,1430.1775152503208,1394.061913912029,1401.2850341796875,31604119,0.0,0.0
2015-01-02,1404.8965821190243,1408.508142221505,1386.83878160662,1397.6734619140625,5442348,0.0,0.0
2015-01-02,1397.6735100689143,1412.1197509765625,1372.39258848053,1412.1197509765625,33330475,0.0,0.0
2015-01-02,1415.731261993123,1441.0121827027508,1401.2850215876215,1433.7890625,37842278,0.0,0.0
2015-01-02,1441.0121462391232,1473.5161863290139,1437.4005862291353,1459.0699462890625,52820613,0.0,0.0
2015-01-02,1459.070119467827,1466.2932403451234,1430.177635958641,1437.4007568359375,14132547,0.0,0.0
2015-01-02,1437.4007330625195,1444.6238538203515,1401.2851292733594,1430.1776123046875,14813657,0.0,0.0
2015-01-02,1430.1775276004269,1430.1775276004269,1394.0619259502635,1404.8966064453125,22753971,0.0,0.0
2015-01-02,1386.8387226755515,1451.8468017578125,1386.8387226755515,1451.8468017578125,28760478,0.0,0.0
2015-01-02,1459.0699216558414,1466.2930415538706,1430.1774420637255,1451.8468017578125,31466907,0.0,0.0
2015-01-02,1451.846863006877,1459.0699832096277,1433.7890625,1433.7890625,6026205,0.0,0.0
2015-01-02,1451.8469381014122,1466.2931792541233,1408.5082146432792,1419.3428955078125,14638173,0.0,0.0
2015-01-02,1426.5660755199929,1451.8469985905306,1426.5660755199929,1437.4007568359375,7686487,0.0,0.0
2015-01-02,1437.4005619617544,1451.8468017578125,1437.4005619617544,1451.8468017578125,15672951,0.0,0.0
2015-01-02,1459.0698967762883,1459.0698967762883,1444.6236572265625,1444.6236572265625,15623312,0.0,0.0
2015-01-02,1451.8467770014254,1466.2930165511511,1437.4005374516996,1444.6236572265625,31823502,0.0,0.0
2015-01-02,1441.012097339131,1444.6236572265625,1419.3427380145424,1444.6236572265625,15836278,0.0,0.0
2015-01-02,1437.4005852215753,1437.4005852215753,1365.1693850724498,1386.8387451171875,47874323,0.0,0.0
2015-01-02,1386.8387573435168,1408.508117579291,1379.6156372649255,1390.4503173828125,29813041,0.0,0.0
2015-01-02,1401.2850583188506,1419.342859299068,1401.2850583188506,1408.5081787109375,25033679,0.0,0.0
2015-01-02,1408.5081907496506,1419.3428714303866,1404.8966305227384,1412.1197509765625,11217992,0.0,0.0
2015-01-02,1415.7311745957622,1419.3427344741851,1372.3924560546875,1372.3924560546875,6750989,0.0,0.0
2015-01-02,1390.4504711335105,1444.6238777132342,1372.3926689402695,1437.4007568359375,24627895,0.0,0.0
2015-01-02,1444.6236572265625,1459.0698967762883,1430.1774176768367,1444.6236572265625,16621620,0.0,0.0
2015-01-02,1441.01220703125,1451.846887518297,1430.1775265442027,1441.01220703125,8810526,0.0,0.0
2015-01-02,1441.012120795409,1441.012120795409,1401.2849613869985,1415.731201171875,9517863,0.0,0.0
2015-01-02,1415.7312022676674,1451.8468017578125,1401.2849624716093,1451.8468017578125,14718880,0.0,0.0
2015-01-02,1437.4004750906736,1441.012034821419,1426.5657958984375,1426.5657958984375,11382782,0.0,0.0
2015-01-02,1426.566016084168,1437.4006969487011,1419.3428955078125,1419.3428955078125,7730499,0.0,0.0
2015-01-02,1419.342785184294,1419.342785184294,1383.2271851097312,1386.8387451171875,25749683,0.0,0.0
2015-01-02,1415.7312500742582,1415.7312500742582,1386.8387695064973,1394.0618896484375,15621736,0.0,0.0
2015-01-02,1394.0620085155274,1441.0122934414355,1394.0620085155274,1430.1776123046875,19433969,0.0,0.0
2015-01-02,1422.9543702161984,1430.1774903581386,1394.0618896484375,1394.0618896484375,8897874,0.0,0.0
2015-01-02,1397.673498122807,1419.342859299068,1386.8388175346763,1408.5081787109375,14625792,0.0,0.0
2015-01-02,1390.4503173828125,1415.7312376578823,1390.4503173828125,1390.4503173828125,10311309,0.0,0.0
2015-01-02,1394.0618651321,1404.8965451544689,1386.8387451171875,1386.8387451171875,7695267,0.0,0.0
2015-01-02,1390.4502928024638,1408.5080926797168,1383.2271728515625,1383.2271728515625,8501320,0.0,0.0
2015-01-02,1383.2271728515625,1390.4502928024638,1376.0040529006612,1383.2271728515625,9350371,0.0,0.0
2015-01-02,1372.3924560546875,1397.6733752036478,1372.3924560546875,1372.3924560546875,17561846,0.0,0.0
2015-01-02,1376.0041369465457,1415.7312991030246,1376.0041369465457,1408.5081787109375,20246100,0.0,0.0
2015-01-02,1412.119714581175,1426.5659551164918,1401.2850341796875,1401.2850341796875,13038337,0.0,0.0
2015-01-02,1397.6734251395562,1412.1196651693815,1386.8387451171875,1386.8387451171875,9717660,0.0,0.0
2015-01-02,1401.2849851470125,1401.2849851470125,1383.2271851097312,1386.8387451171875,5701127,0.0,0.0
2015-01-02,1401.2849851470125,1401.2849851470125,1386.8387451171875,1386.8387451171875,9560861,0.0,0.0
2015-01-02,1401.2849602456017,1401.2849602456017,1379.6156005859375,1379.6156005859375,8133469,0.0,0.0
2015-01-02,1397.6734740458583,1408.5081544473458,1394.061913912029,1401.2850341796875,6204953,0.0,0.0
2015-01-02,1415.7312747150042,1430.1775152503208,1390.4503537782,1401.2850341796875,22686546,0.0,0.0
2015-01-02,1408.508142221505,1408.508142221505,1390.4503417091007,1397.6734619140625,7456524,0.0,0.0
2015-01-02,1397.6734740458583,1408.5081544473458,1386.8387936443708,1401.2850341796875,7371428,0.0,0.0
2015-01-02,1401.2849851470125,1408.5081051619252,1386.8387451171875,1386.8387451171875,8018431,0.0,0.0
2015-01-02,1386.8387204724922,1390.4502804157696,1379.6156005859375,1379.6156005859375,5911505,0.0,0.0
2015-01-02,1386.8387204724922,1401.2849602456017,1376.0040406426601,1379.6156005859375,9429615,0.0,0.0
2015-01-02,1379.615427412904,1386.8385463927934,1357.9461697218956,1365.169189453125,15805549,0.0,0.0
2015-01-02,1365.1692587916143,1383.227057158514,1336.2768806532401,1343.5,14986889,0.0,0.0
2015-01-02,1339.8885864002343,1368.7809676884335,1332.6654662660155,1350.7232666015625,12116345,0.0,0.0
2015-01-02,1350.7234005123403,1357.9465213626597,1336.2771588117016,1354.3349609375,14115438,0.0,0.0
2015-01-02,1372.3925050873625,1390.4503051246438,1365.1693850724498,1386.8387451171875,16046093,0.0,0.0
2015-01-02,1386.8387929400958,1394.061913204086,1336.2770503408417,1357.9464111328125,21154359,0.0,0.0
2015-01-02,1365.1695667080364,1379.6158086599316,1361.55810546875,1361.55810546875,9208094,0.0,0.0
2015-01-02,1307.384646419492,1307.384646419492,1260.4343619335275,1271.26904296875,31849278,0.0,0.0
2015-01-02,1235.153193925936,1245.9878728068418,1155.6988821326267,1199.03759765625,60084883,0.0,0.0
2015-01-02,1206.2608768910807,1220.7071173148943,1170.1452758315465,1173.7568359375,58005646,0.0,0.0
2015-01-02,1206.2607795409176,1238.7648178712898,1199.037659911946,1217.095458984375,39344412,0.0,0.0
2015-01-02,1220.7070062736077,1231.5416856058941,1213.48388671875,1213.48388671875,15130405,0.0,0.0
2015-01-02,1213.4838361641243,1220.7069554180616,1191.8144784023127,1199.03759765625,9535197,0.0,0.0
2015-01-02,1188.2031488785092,1206.2609505103612,1180.9800282257681,1195.42626953125,18011079,0.0,0.0
2015-01-02,1184.591574451012,1227.9302978515625,1184.591574451012,1227.9302978515625,9124686,0.0,0.0
2015-01-02,1227.9303452232318,1256.8228286048932,1217.0956639551089,1242.3765869140625,16747464,0.0,0.0
2015-01-02,1220.7070545575586,1231.541734318401,1191.8145751953125,1191.8145751953125,9828645,0.0,0.0
2015-01-02,1191.8145378194995,1206.2607770475825,1173.756738784396,1180.9798583984375,12122761,0.0,0.0
2015-01-02,1180.9797692804834,1191.8144478839495,1155.6988525390625,1155.6988525390625,6211256,0.0,0.0
2015-01-02,1152.0874633297572,1195.4261841508396,1148.4759032613338,1170.145263671875,14475972,0.0,0.0
2015-01-02,1170.1452156736277,1199.037695035874,1170.1452156736277,1191.8145751953125,20657400,0.0,0.0
2015-01-02,1184.5914182054582,1199.037657433541,1170.1451789773753,1180.9798583984375,25858080,0.0,0.0
2015-01-02,1177.3683837127787,1213.483984394071,1173.7568236446493,1206.2608642578125,16664393,0.0,0.0
2015-01-02,1206.2607169101873,1224.3185150450302,1199.03759765625,1199.03759765625,15086619,0.0,0.0
2015-01-02,1199.0378360672662,1289.326844694121,1199.0378360672662,1271.26904296875,38939078,0.0,0.0
2015-01-02,1282.1035894229146,1325.4423090145854,1274.8804694909695,1303.77294921875,48341791,0.0,0.0
2015-01-02,1310.9959936897287,1314.6075534478198,1271.2688363507268,1282.103515625,16954239,0.0,0.0
2015-01-02,1282.1036506202347,1285.715210758594,1245.9880492366406,1249.599609375,13869266,0.0,0.0
2015-01-02,1249.599572674995,1260.4342527718652,1217.095532384385,1238.764892578125,24631947,0.0,0.0
2015-01-02,1260.434289790078,1282.1036506202347,1249.599609375,1249.599609375,13112402,0.0,0.0
2015-01-02,1227.930212481255,1267.6573728364451,1224.318652448965,1238.764892578125,9237697,0.0,0.0
2015-01-02,1238.7649787017,1249.5996595518377,1224.3187375681832,1227.9302978515625,11984761,0.0,0.0
2015-01-02,1227.9301258284654,1231.5416856058941,1202.6492073864636,1213.48388671875,10458427,0.0,0.0
2015-01-02,1213.4840711631023,1213.4840711631023,1191.8147092048796,1195.42626953125,4459236,0.0,0.0
2015-01-02,1195.4261351155933,1213.483934716997,1180.97989543447,1191.8145751953125,6221049,0.0,0.0
2015-01-02,1188.202965439225,1199.0376447456374,1166.5336068264,1177.3682861328125,6645293,0.0,0.0
2015-01-02,1177.3682861328125,1195.4260849768332,1162.922047057596,1177.3682861328125,7125593,0.0,0.0
2015-01-02,1195.4263683199642,1199.03792894479,1180.980125820661,1188.2032470703125,5912630,0.0,0.0
2015-01-02,1191.8145661377253,1274.8804436728965,1191.8145661377253,1260.4342041015625,18274360,0.0,0.0
2015-01-02,1264.0458251593254,1289.326745632459,1256.8227050241444,1278.4920654296875,18096851,0.0,0.0
2015-01-02,1285.7151106941737,1292.9382304087328,1256.8226318359375,1256.8226318359375,14184325,0.0,0.0
2015-01-02,1256.8226318359375,1256.8226318359375,1256.8226318359375,1256.8226318359375,0,0.0,0.0
2015-01-02,1260.4343404019753,1264.0459006853544,1224.3187375681832,1227.9302978515625,6334286,0.0,0.0
2015-01-02,1235.1532627338304,1292.9382199844113,1231.5417029056691,1289.32666015625,22204783,0.0,0.0
2015-01-02,1300.1614258352306,1310.996106038002,1278.4920654296875,1278.4920654296875,27062375,0.0,0.0
2015-01-02,1292.938317575907,1332.6654786843033,1289.3267574751435,1318.21923828125,32811342,0.0,0.0
2015-01-02,1329.0539062849984,1336.2770264196852,1310.9961059482816,1314.607666015625,12071546,0.0,0.0
2015-01-02,1318.2192624783863,1329.0539429795567,1310.9961421442727,1325.4423828125,18978208,0.0,0.0
2015-01-02,1329.0538330078125,1336.2769527442535,1321.8307132713715,1329.0538330078125,19325460,0.0,0.0
2015-01-02,1336.2771820529333,1372.392687683984,1332.6656215649596,1361.55810546875,32442252,0.0,0.0
2015-01-02,1361.5578756680895,1379.6155758115333,1357.9463157896666,1372.3924560546875,22867320,0.0,0.0
2015-01-02,1372.3925524121153,1372.3925524121153,1339.8886104728367,1357.9464111328125,14718092,0.0,0.0
2015-01-02,1347.111636154398,1383.2271356899562,1329.0538367622835,1372.3924560546875,17360924,0.0,0.0
2015-01-02,1372.3925524121153,1383.2272328081008,1343.500170604832,1357.9464111328125,17257142,0.0,0.0
2015-01-02,1357.9464111328125,1379.6156726761055,1354.3348510008173,1357.9464111328125,14828965,0.0,0.0
2015-01-02,1357.9461697218956,1365.169189453125,1321.8305748224484,1365.169189453125,12246804,0.0,0.0
2015-01-02,1365.1694456915507,1376.0041261950234,1343.5001839332836,1368.781005859375,16885914,0.0,0.0
2015-01-02,1372.3924684093772,1386.8387080531181,1368.780908498442,1376.0040283203125,23392307,0.0,0.0
2015-01-02,1394.0618651321,1394.0618651321,1372.3925050873625,1386.8387451171875,17443882,0.0,0.0
2015-01-02,1386.8387080531181,1394.0618278749887,1376.0040283203125,1376.0040283203125,4553900,0.0,0.0
2015-01-02,1376.0040772256298,1394.0618774221082,1376.0040772256298,1390.4503173828125,10010432,0.0,0.0
2015-01-02,1376.0040406426601,1390.4502804157696,1376.0040406426601,1379.6156005859375,6334961,0.0,0.0
2015-01-02,1376.0040283203125,1379.6155882312476,1368.780908498442,1376.0040283203125,7350153,0.0,0.0
2015-01-02,1368.7807489430697,1383.2269869028487,1354.3346102319508,1365.169189453125,17916527,0.0,0.0
2015-01-02,1365.1694456915507,1379.6156863628478,1361.557984772405,1368.781005859375,15416086,0.0,0.0
2015-01-02,1365.169189453125,1376.0038679229592,1361.5577292118403,1365.169189453125,16372184,0.0,0.0
2015-01-02,1372.3924684093772,1386.8387080531181,1368.780908498442,1376.0040283203125,15154381,0.0,0.0
2015-01-02,1376.0040650948185,1394.0618651321,1365.1693850724498,1386.8387451171875,19643896,0.0,0.0
2015-01-02,1386.838695568379,1394.0618153252249,1368.7808961762646,1372.3924560546875,9824368,0.0,0.0
2015-01-02,1372.3924929252107,1390.4502928024638,1372.3924929252107,1383.2271728515625,17583233,0.0,0.0
2015-01-02,1386.838732827013,1394.0618527779143,1379.615612876112,1383.2271728515625,15453344,0.0,0.0
2015-01-02,1383.227161655903,1419.3427611180941,1376.0040417634648,1415.731201171875,31159952,0.0,0.0
2015-01-02,1444.6237303981497,1502.4086915239168,1433.7890501870684,1466.2930908203125,85589632,0.0,0.0
2015-01-02,1466.2930908203125,1466.2930908203125,1466.2930908203125,1466.2930908203125,0,0.0,0.0
2015-01-02,1473.5161155032356,1574.6397909223012,1451.8467564848643,1509.6317138671875,64028813,0.0,0.0
2015-01-02,1509.6316702632882,1574.6397454407218,1509.6316702632882,1567.4166259765625,47892107,0.0,0.0
2015-01-02,1574.63991753782,1581.8630377914158,1524.0780757626505,1545.7474365234375,16340103,0.0,0.0
2015-01-02,1545.7474606881724,1567.4168217877175,1524.0780995886273,1552.9705810546875,20153462,0.0,0.0
2015-01-02,1552.9704383020578,1646.8709944351967,1552.9704383020578,1617.978515625,48460093,0.0,0.0
2015-01-02,1625.2016837730118,1646.871043526599,1581.8629642658377,1596.3092041015625,17745321,0.0,0.0
2015-01-02,1610.7555439868074,1610.7555439868074,1524.0780995886273,1552.9705810546875,14868474,0.0,0.0
2015-01-02,1574.6397909223012,1574.6397909223012,1502.4085941943972,1509.6317138671875,18321749,0.0,0.0
2015-01-02,1531.3011960162462,1589.0861580450114,1516.854955509055,1545.7474365234375,31537033,0.0,0.0
2015-01-02,1545.7473615705371,1552.9704814738855,1480.7392824404017,1487.96240234375,23045393,0.0,0.0
2015-01-02,1516.854907411815,1545.7473875100598,1495.1855473381318,1531.3011474609375,23268377,0.0,0.0
2015-01-02,1531.301245486948,1567.4168479216883,1516.8550045130519,1524.078125,23656376,0.0,0.0
2015-01-02,1524.078026964295,1538.5242670089426,1487.9624268526761,1495.185546875,11899102,0.0,0.0
2015-01-02,1502.4086915239168,1509.6318116646378,1444.6237303981497,1466.2930908203125,28812819,0.0,0.0
2015-01-02,1466.2932600048402,1495.1857439014098,1459.0701390306979,1480.739501953125,24684401,0.0,0.0
2015-01-02,1502.40869140625,1509.631811546405,1473.5162108456293,1502.40869140625,22403567,0.0,0.0
2015-01-02,1509.6318352554592,1545.7474365234375,1509.6318352554592,1545.7474365234375,34151274,0.0,0.0
2015-01-02,1552.9705075346208,1567.416747583743,1531.3011474609375,1531.3011474609375,16898409,0.0,0.0
2015-01-02,1545.7474812089354,1639.6480472202188,1545.7474812089354,1632.4249267578125,44422737,0.0,0.0
2015-01-02,1625.201904296875,1690.209893129906,1617.9787833989064,1625.201904296875,29492240,0.0,0.0
2015-01-02,1625.2017810612274,1675.76352426433,1625.2017810612274,1661.3173828125,13719672,0.0,0.0
2015-01-02,1682.986670745977,1690.2097912083834,1610.755565370593,1632.4249267578125,19050810,0.0,0.0
2015-01-02,1596.3094246266512,1625.2019082895056,1589.0863037109375,1589.0863037109375,25120239,0.0,0.0
2015-01-02,1625.201904296875,1632.4250251948436,1603.5325416029693,1625.201904296875,15922725,0.0,0.0
2015-01-02,1574.6397974097051,1617.978515625,1487.9623609791154,1617.978515625,85606854,0.0,0.0
2015-01-02,1617.978567509632,1690.209667602729,1603.532327641278,1675.763427734375,43711010,0.0,0.0
2015-01-02,1675.7634277343752,1704.655907471083,1654.0941671805172,1675.763427734375,30815626,0.0,0.0
2015-01-02,1682.74560546875,1697.5065345012124,1667.9846764362876,1682.74560546875,18453333,43.940395,0.0
2015-01-02,1704.8868408203125,1712.2673050907147,1682.7455494197557,1704.8868408203125,15931505,0.0,0.0
2015-01-02,1682.74560546875,1704.8868976067904,1645.8432828875941,1682.74560546875,14847088,0.0,0.0
2015-01-02,1682.7454540866495,1690.125917938924,1653.2235986775515,1675.364990234375,27913565,0.0,0.0
2015-01-02,1697.5065345012124,1697.5065345012124,1667.9846764362876,1682.74560546875,10151134,0.0,0.0
2015-01-02,1697.5065345012124,1704.8868976067904,1682.74560546875,1682.74560546875,9936704,0.0,0.0
2015-01-02,1682.74560546875,1682.74560546875,1682.74560546875,1682.74560546875,0,0.0,0.0
2015-01-02,1660.604156608549,1712.2673050907147,1660.604156608549,1704.8868408203125,22708158,0.0,0.0
2015-01-02,1704.886748045284,1749.1695312579557,1682.7454578495924,1712.2672119140625,23849870,0.0,0.0
2015-01-02,1734.408633067144,1763.930489045182,1712.2672410836155,1719.647705078125,19101012,0.0,0.0
2015-01-02,1719.6476757828411,1734.4086035203984,1704.886748045284,1712.2672119140625,19498692,0.0,0.0
2015-01-02,1712.2672119140625,1727.0281396516198,1712.2672119140625,1712.2672119140625,12897522,0.0,0.0
2015-01-02,1727.0282911554839,1727.0282911554839,1675.365140952519,1682.74560546875,17901557,0.0,0.0
2015-01-02,1682.7454540866495,1690.125917938924,1579.4189601548067,1675.364990234375,9079548,0.0,0.0
2015-01-02,1682.7455124542273,1712.2672674766704,1667.984584237682,1690.1259765625,27497876,0.0,0.0
2015-01-02,1690.1259765625,1690.1259765625,1690.1259765625,1690.1259765625,0,0.0,0.0
2015-01-02,1660.6040662432565,1712.2672119140625,1660.6040662432565,1712.2672119140625,8405868,0.0,0.0
2015-01-02,1734.408633067144,1741.7890970616534,1712.2672410836155,1719.647705078125,16919570,0.0,0.0
2015-01-02,1741.789155649011,1741.789155649011,1697.506471603094,1734.40869140625,20165394,0.0,0.0
2015-01-02,1734.408633067144,1741.7890970616534,1719.647705078125,1719.647705078125,8802760,0.0,0.0
2015-01-02,1719.647705078125,1727.0281690726345,1704.886777089106,1719.647705078125,10983414,0.0,0.0
2015-01-02,1697.5064697265625,1712.2672967851177,1645.843220084347,1697.5064697265625,10450660,0.0,0.0
2015-01-02,1704.8868325505155,1712.2672967851177,1690.1260054919603,1697.5064697265625,6738157,0.0,0.0
2015-01-02,1682.7455412573581,1697.5064697265625,1675.3650770227557,1697.5064697265625,10143705,0.0,0.0
2015-01-02,1712.267298677967,1734.40869140625,1697.506471603094,1734.40869140625,9711356,0.0,0.0
2015-01-02,1734.4086623613532,1749.1695905996846,1712.267270003856,1727.0281982421875,6740858,0.0,0.0
2015-01-02,1727.0281255852174,1808.2132274805408,1727.0281255852174,1800.832763671875,25747657,0.0,0.0
2015-01-02,1808.2133789062498,1837.73523661317,1771.3110567725998,1808.21337890625,29309891,0.0,0.0
2015-01-02,1808.2133338338606,1822.9742623193827,1734.40869140625,1734.40869140625,15075475,0.0,0.0
2015-01-02,1763.93055498353,1771.3110192539323,1697.50647796056,1704.8868408203125,15153593,0.0,0.0
2015-01-02,1704.8868408203125,1719.6477693611168,1697.50647796056,1704.8868408203125,9027995,0.0,0.0
2015-01-02,1712.267270003856,1734.4086623613532,1712.267270003856,1727.0281982421875,11808152,0.0,0.0
2015-01-02,1741.789143246664,1808.2133209585425,1719.6477506760377,1793.452392578125,26364606,0.0,0.0
2015-01-02,1771.3111572265625,1778.6916220718508,1734.408833000121,1771.3111572265625,13518862,0.0,0.0
2015-01-02,1786.0718552404041,1955.8225246631669,1749.169535800673,1867.2569580078125,42951670,0.0,0.0
2015-01-02,1882.0177001953125,1911.5395528359063,1845.1153843945704,1882.0177001953125,30964320,0.0,0.0
2015-01-02,1852.4960352376538,1867.2569630534324,1800.8327878824282,1837.735107421875,21932159,0.0,0.0
2015-01-02,1815.5936574227528,1845.1155121067418,1800.8327300807584,1822.97412109375,10396518,0.0,0.0
2015-01-02,1800.832816436453,1852.4960646108516,1786.0718883866248,1845.1156005859375,12123437,0.0,0.0
2015-01-02,1822.9743366138612,1852.496194788055,1815.5938720703127,1815.5938720703125,6363327,0.0,0.0
2015-01-02,1800.8329144795198,1830.35477218644,1800.8329144795198,1808.21337890625,9711356,0.0,0.0
2015-01-02,1793.4523524115389,1859.8765286357657,1793.4523524115389,1845.1156005859375,14260530,0.0,0.0
2015-01-02,1845.1156005859375,1845.1156005859375,1845.1156005859375,1845.1156005859375,0,0.0,0.0
2015-01-02,1845.1155121067418,1852.495975777739,1808.2131937517556,1822.97412109375,11613083,0.0,0.0
2015-01-02,1808.2131937517556,1852.495975777739,1808.2131937517556,1822.97412109375,8688622,0.0,0.0
2015-01-02,1815.5938797839947,1830.3548089338044,1771.311092334565,1786.072021484375,16904487,0.0,0.0
2015-01-02,1786.0718360545436,1815.5936912892066,1786.0718360545436,1800.832763671875,11850588,0.0,0.0
2015-01-02,1800.8327260969952,1882.0178262983688,1800.8327260969952,1852.4959716796875,15169689,0.0,0.0
2015-01-02,1852.4962360309974,1911.5399536939017,1852.4962360309974,1889.3985595703125,14155960,0.0,0.0
2015-01-02,1889.3982231297957,1911.5396133107215,1882.0177597361537,1896.7786865234375,6660151,0.0,0.0
2015-01-02,1874.6374910167465,1985.3444534178886,1874.6374910167465,1977.9639892578125,13923183,0.0,0.0
2015-01-02,1985.344632829217,2000.105562483283,1970.5837031751512,1992.72509765625,21309356,0.0,0.0
2015-01-02,2000.105562483283,2000.105562483283,1911.5399845588881,1992.72509765625,5752568,0.0,0.0
2015-01-02,1992.7246740806545,1992.7246740806545,1896.7786517236116,1948.44189453125,24037285,0.0,0.0
2015-01-02,1948.442196198176,1963.203125,1918.9203385945277,1963.203125,7149119,0.0,0.0
2015-01-02,1963.203125,1992.7249826036484,1941.061731797264,1963.203125,11670039,0.0,0.0
2015-01-02,1941.0615196464187,1970.5833740234375,1941.0615196464187,1970.5833740234375,11307816,0.0,0.0
2015-01-02,1985.3445922415956,1985.3445922415956,1918.92041015625,1918.92041015625,16973037,0.0,0.0
2015-01-02,1918.92041015625,1918.92041015625,1918.92041015625,1918.92041015625,0,0.0,0.0
2015-01-02,1918.92041015625,1918.92041015625,1918.92041015625,1918.92041015625,0,0.0,0.0
2015-01-02,1918.92041015625,1918.92041015625,1918.92041015625,1918.92041015625,0,0.0,0.0
2015-01-02,1918.92041015625,1918.92041015625,1918.92041015625,1918.92041015625,0,0.0,0.0
2015-01-02,1918.92041015625,1918.92041015625,1918.92041015625,1918.92041015625,0,0.0,0.0
2015-01-02,1918.92041015625,1918.92041015625,1918.92041015625,1918.92041015625,0,0.0,0.0
2015-01-02,1918.92041015625,1941.0618041846985,1889.398551451652,1918.92041015625,20851456,0.0,0.0
2015-01-02,1918.9200414983138,1955.8223577894842,1911.53957824008,1948.44189453125,16315340,0.0,0.0
2015-01-02,1948.4422688608481,1955.8227335369977,1859.876692747054,1918.92041015625,18486201,0.0,0.0
2015-01-02,1896.7786865234375,1918.9200767043635,1874.6372963425117,1896.7786865234375,30100635,0.0,0.0
2015-01-02,1896.7788487603361,1896.7788487603361,1822.9742085111952,1845.1156005859375,19179805,0.0,0.0
2015-01-02,1771.3108836271656,1837.7350569747805,1756.5499562165844,1763.930419921875,26791327,0.0,0.0
2015-01-02,1771.3111572265625,1778.6916220718508,1712.267438464256,1771.3111572265625,42610046,0.0,0.0
2015-01-02,1771.3109322508706,1845.1155713297644,1771.3109322508706,1837.735107421875,31980750,0.0,0.0
2015-01-02,1852.4961654666301,1867.2570943200901,1800.8329144795198,1808.21337890625,25970866,0.0,0.0
2015-01-02,1808.2131937517556,1852.495975777739,1800.8327300807584,1822.97412109375,14992855,0.0,0.0
2015-01-02,1830.35477218644,1837.73523661317,1800.8329144795198,1808.21337890625,11170153,0.0,0.0
2015-01-02,1822.97424933896,1822.97424933896,1778.6914641977075,1793.452392578125,14448507,0.0,0.0
2015-01-02,1793.4525517624274,1808.213481453004,1771.3111572265625,1771.3111572265625,20256231,0.0,0.0
2015-01-02,1793.4522998632094,1808.2132274805408,1771.310908437212,1800.832763671875,9341254,0.0,0.0
2015-01-02,1800.832674509425,1808.2131379526709,1771.3108207364419,1778.6912841796875,8574372,0.0,0.0
2015-01-02,1771.310908437212,1815.5936912892066,1771.310908437212,1800.832763671875,10127158,0.0,0.0
2015-01-02,1822.9741796060962,1852.4960352376538,1800.8327878824282,1837.735107421875,22142874,0.0,0.0
2015-01-02,1837.7352735087095,1845.1157380836144,1786.072021484375,1786.072021484375,13622981,0.0,0.0
2015-01-02,1793.4524086084673,1867.2570511702397,1793.4524086084673,1859.8765869140625,18967627,0.0,0.0
2015-01-02,1859.876783800199,1918.9205040999716,1830.3549236503127,1911.5400390625,22822296,0.0,0.0
2015-01-02,1911.5399454801006,1918.92041015625,1889.398551451652,1918.92041015625,16779994,0.0,0.0
2015-01-02,1918.9202244201902,1948.4420802673096,1904.1592964966303,1933.68115234375,23215023,0.0,0.0
2015-01-02,1948.4418945312502,1955.8223577894842,1911.53957824008,1948.44189453125,10719570,0.0,0.0
2015-01-02,1948.4419272559487,1948.4419272559487,1911.5396103449923,1926.300537109375,7271586,0.0,0.0
2015-01-02,1918.9200414983138,1948.4418945312502,1896.7786517236116,1948.44189453125,14219332,0.0,0.0
2015-01-02,1955.8224506548388,1970.5833778721776,1918.9201326114917,1941.0615234375,11166551,0.0,0.0
2015-01-02,1955.822446834928,1985.344301211947,1933.6810560521642,1970.5833740234375,12060402,0.0,0.0
2015-01-02,1970.583603700198,2051.7687126993396,1963.2031392457304,2029.6273193359375,25034242,0.0,0.0
2015-01-02,2037.007631909914,2037.007631909914,2014.8662401973868,2022.2467041015625,4697304,0.0,0.0
2015-01-02,2022.2468621934606,2022.2468621934606,1985.3445397876928,2000.10546875,5398562,0.0,0.0
2015-01-02,2000.1053123890354,2029.6271680057382,2000.1053123890354,2022.2467041015625,5036114,0.0,0.0
2015-01-02,2022.2468621934606,2029.627326674614,1985.3445397876928,2000.10546875,12339893,0.0,0.0
2015-01-02,1985.3444534178886,2014.8663100581932,1970.5835250977364,1977.9639892578125,10684901,0.0,0.0
2015-01-02,1977.9639892578125,1977.9639892578125,1977.9639892578125,1977.9639892578125,0,0.0,0.0
2015-01-02,1977.9639718731303,2066.529541015625,1955.8225795875064,2066.529541015625,25105043,0.0,0.0
2015-01-02,2081.2901911875483,2110.8120436248546,2081.2901911875483,2088.670654296875,12764362,0.0,0.0
2015-01-02,2088.670978725599,2140.334228515625,2088.670978725599,2140.334228515625,22877901,0.0,0.0
2015-01-02,2184.617014049933,2236.2802638399594,2132.953764259907,2140.334228515625,27377885,0.0,0.0
2015-01-02,2155.0947276732486,2177.2361160292326,2066.529174249313,2096.051025390625,11819408,0.0,0.0
2015-01-02,2096.051236368501,2140.334017537749,2088.6707728402935,2118.192626953125,11160248,0.0,0.0
2015-01-02,2132.9537293971575,2184.6169783427567,2132.9537293971575,2162.4755859375,16868580,0.0,0.0
2015-01-02,2169.8558646207034,2214.138645646484,2155.09493761211,2177.236328125,13264811,0.0,0.0
2015-01-02,2177.236328125,2191.9972551335936,2155.09493761211,2177.236328125,11341697,0.0,0.0
2015-01-02,2199.3778948228105,2221.519287109375,2177.236502536246,2221.519287109375,29405568,0.0,0.0
2015-01-02,2221.519287109375,2221.519287109375,2221.519287109375,2221.519287109375,0,0.0,0.0
2015-01-02,2206.7582335672773,2273.182406653861,2177.236378862129,2251.041015625,15917548,0.0,0.0
2015-01-02,2258.4216751947556,2346.987246992299,2258.4216751947556,2332.226318359375,25694190,0.0,0.0
2015-01-02,2324.8457726292854,2324.8457726292854,2251.0411320492262,2280.56298828125,15190513,0.0,0.0
2015-01-02,2273.182689919638,2287.9436191116006,2184.617114767862,2228.89990234375,17079858,0.0,0.0
2015-01-02,2258.42170244879,2258.42170244879,2206.7584516100974,2214.138916015625,17032357,0.0,0.0
2015-01-02,2214.138916015625,2236.2803092322074,2191.9975227990426,2214.138916015625,11554664,0.0,0.0
2015-01-02,2214.138973151787,2287.9436191116006,2206.7585085558057,2228.89990234375,23770064,0.0,0.0
2015-01-02,2228.8997741730745,2265.80209503095,2228.8997741730745,2258.421630859375,26721764,0.0,0.0
2015-01-02,2258.4213810490155,2317.465087890625,2251.040917693814,2317.465087890625,20097069,0.0,0.0
2015-01-02,2317.46530940445,2435.552734375,2317.46530940445,2435.552734375,27684390,0.0,0.0
2015-01-02,2435.552523073555,2465.074376754963,2413.4111328125,2413.4111328125,16161356,0.0,0.0
2015-01-02,2383.889345218665,2442.9330542183234,2354.367490718835,2369.12841796875,15005687,0.0,0.0
2015-01-02,2376.5088815937074,2406.0307360935367,2369.12841796875,2369.12841796875,14035744,0.0,0.0
2015-01-02,2369.12841796875,2369.12841796875,2369.12841796875,2369.12841796875,0,0.0,0.0
2015-01-02,2361.747979497376,2428.172152829437,2324.8456609795644,2406.03076171875,27513184,0.0,0.0
2015-01-02,2420.7915962328516,2435.552523073555,2398.6502059717964,2413.4111328125,23273555,0.0,0.0
2015-01-02,2406.0312885368317,2406.0312885368317,2376.5094272585557,2383.889892578125,11784739,0.0,0.0
2015-01-02,2398.650057143173,2398.650057143173,2324.8454275189974,2346.98681640625,18343811,0.0,0.0
2015-01-02,2324.8458084035506,2324.8458084035506,2228.8997741730745,2258.421630859375,30906463,0.0,0.0
2015-01-02,2287.943383938213,2324.845703125,2258.4215285887835,2324.845703125,22709396,0.0,0.0
2015-01-02,2339.606773461003,2339.606773461003,2236.2802734375,2236.2802734375,24241133,0.0,0.0
2015-01-02,2236.2802272883564,2251.041155558528,2140.3341935322433,2162.4755859375,42501424,0.0,0.0
2015-01-02,2162.475736522846,2214.1389890660485,2162.475736522846,2169.856201171875,25725707,0.0,0.0
2015-01-02,2169.856257816604,2191.997652341698,2155.0953281332077,2184.6171875,19132304,0.0,0.0
2015-01-02,2184.616966631768,2251.041143491461,2184.616966631768,2221.519287109375,22877901,0.0,0.0
2015-01-02,2221.519228583416,2251.0410841877483,2199.377836880167,2206.75830078125,11594060,0.0,0.0
2015-01-02,2206.7585820250943,2221.5195117084904,2184.6171875,2184.6171875,12047570,0.0,0.0
2015-01-02,2184.616966631768,2236.280215300418,2169.8560384407247,2221.519287109375,20143782,0.0,0.0
2015-01-02,2221.5190642730095,2324.8455512458263,2214.138600917808,2317.465087890625,37216099,0.0,0.0
2015-01-02,2324.8456523878713,2339.6065797404453,2251.041015625,2251.041015625,31024315,0.0,0.0
2015-01-02,2287.94314703193,2310.0845362513605,2258.4212947393567,2265.8017578125,30284111,0.0,0.0
2015-01-02,2280.563081547338,2317.465403346528,2243.660759748148,2273.1826171875,16442872,0.0,0.0
2015-01-02,2287.943487545675,2295.32395171725,2236.2802383446497,2258.421630859375,8341933,0.0,0.0
2015-01-02,2280.5629538632625,2302.704345703125,2265.8020259700206,2302.704345703125,26238650,0.0,0.0
2015-01-02,2317.4653442319755,2317.4653442319755,2251.0411666878,2258.421630859375,17393679,0.0,0.0
2015-01-02,2280.5630233741,2295.32395171725,2243.660702516225,2258.421630859375,18904367,0.0,0.0
2015-01-02,2265.801942977574,2280.5628703301486,2243.660551948713,2251.041015625,10091927,0.0,0.0
2015-01-02,2258.42170244879,2265.802166854317,2206.7584516100974,2214.138916015625,18713688,0.0,0.0
2015-01-02,2228.8996329732545,2251.041024085332,2191.997314453125,2191.997314453125,18340096,0.0,0.0
2015-01-02,2214.1385271554263,2221.5189902647526,2073.909728078222,2088.670654296875,67248747,0.0,0.0
2015-01-02,2088.671064409414,2103.4319935263898,1985.3445605905858,2037.0078125,124642172,0.0,0.0
2015-01-02,2037.0078125,2081.2905998509264,2022.2468833830246,2037.0078125,49427221,0.0,0.0
2015-01-02,2044.3882058368997,2081.29052734375,2022.2468129327897,2081.29052734375,22676078,0.0,0.0
2015-01-02,2096.0510857232166,2132.95340071205,2081.290159727683,2110.81201171875,46591572,0.0,0.0
2015-01-02,2118.1927781325344,2125.5732421875,2081.2904578577068,2125.5732421875,20310711,0.0,0.0
2015-01-02,2125.5733570288685,2155.09521484375,2118.192892575148,2155.09521484375,21186777,0.0,0.0
2015-01-02,2162.4756212827792,2169.856085538497,2140.334228515625,2140.334228515625,12513237,0.0,0.0
2015-01-02,2147.7145407478506,2184.616859414353,2125.5731495479495,2132.95361328125,24082985,0.0,0.0
2015-01-02,2125.573090481333,2155.0949445941646,2059.1489187274615,2118.192626953125,34662866,0.0,0.0
2015-01-02,2118.1929846518196,2162.47577329909,2118.1929846518196,2147.71484375,11531138,0.0,0.0
2015-01-02,2155.095308524545,2155.095308524545,2125.5734494263647,2147.71484375,14644589,0.0,0.0
2015-01-02,2191.9972551335936,2243.660499663671,2177.236328125,2177.236328125,110256586,0.0,0.0
2015-01-02,2214.1387055652026,2214.1387055652026,2177.236387045073,2191.997314453125,27411316,0.0,0.0
2015-01-02,2199.3780597679906,2199.3780597679906,2162.475736522846,2169.856201171875,29721191,0.0,0.0
2015-01-02,2169.8560728374314,2221.5193223250512,2169.8560728374314,2199.3779296875,38909924,0.0,0.0
2015-01-02,2214.1388581125343,2236.2802507500855,2191.997465474983,2199.3779296875,28393528,0.0,0.0
2015-01-02,2206.75830078125,2214.138764682333,2191.997372979084,2206.75830078125,21436326,0.0,0.0
2015-01-02,2206.7580532273523,2265.8017578125,2199.377590154209,2265.8017578125,43318733,0.0,0.0
2015-01-02,2265.80209503095,2295.32395171725,2251.0411666878,2258.421630859375,21895352,0.0,0.0
2015-01-02,2280.5626839587867,2287.94314703193,2251.040831666213,2265.8017578125,18600339,0.0,0.0
2015-01-02,2280.563382323028,2302.7047783226944,2273.1829169898056,2287.94384765625,40219577,0.0,0.0
2015-01-02,2295.323575669327,2361.747742331085,2295.323575669327,2346.98681640625,59660188,0.0,0.0
2015-01-02,2361.7481756252228,2391.2700328910705,2332.226318359375,2332.226318359375,45194796,0.0,0.0
2015-01-02,2354.367339583197,2361.747802734375,2295.3236343737744,2361.747802734375,391384695,0.0,0.0
2015-01-02,2361.747802734375,2361.747802734375,2361.747802734375,2361.747802734375,0,0.0,0.0
2015-01-02,2361.748421654153,2428.172607421875,2339.607026398245,2428.172607421875,57626314,0.0,0.0
2015-01-02,2435.552779889188,2509.357421875,2435.552779889188,2509.357421875,65582499,0.0,0.0
2015-01-02,2494.59619140625,2546.2594345403963,2457.6938748818593,2494.59619140625,44330549,0.0,0.0
2015-01-02,2509.3572534367577,2620.064208984375,2487.2158623272344,2620.064208984375,26321383,0.0,0.0
2015-01-02,2620.064301855408,2620.064301855408,2561.0205901371432,2612.683837890625,17961327,0.0,0.0
2015-01-02,2597.9232645710103,2605.303729543208,2494.59675496024,2546.260009765625,29904216,0.0,0.0
2015-01-02,2516.737520713849,2561.020299476718,2465.0742788238354,2479.835205078125,38240521,0.0,0.0
2015-01-02,2479.835205078125,2516.737520713849,2450.3133525695457,2479.835205078125,17324004,0.0,0.0
2015-01-02,2501.976747469503,2509.357211048005,2472.4548931554964,2487.2158203125,20689143,0.0,0.0
2015-01-02,2509.357211048005,2509.357211048005,2465.074429576995,2487.2158203125,17975059,0.0,0.0
2015-01-02,2494.596458816708,2553.640171584975,2494.596458816708,2531.498779296875,20992158,0.0,0.0
2015-01-02,2553.639951983556,2583.1618058289446,2538.8790250608617,2568.40087890625,24673145,0.0,0.0
2015-01-02,2583.161898995109,2597.922826450181,2553.640044084964,2561.0205078125,30753942,0.0,0.0
2015-01-02,2575.7815523427594,2597.9229445317455,2568.4010882797643,2590.54248046875,24717719,0.0,0.0
2015-01-02,2590.5425737036217,2605.303502360865,2575.7816450463783,2583.162109375,14686125,0.0,0.0
2015-01-02,2583.162109375,2583.162109375,2583.162109375,2583.162109375,0,0.0,0.0
2015-01-02,2583.162109375,2583.162109375,2583.162109375,2583.162109375,0,0.0,0.0
2015-01-02,2605.303349725533,2605.303349725533,2575.781494140625,2575.781494140625,19384780,0.0,0.0
2015-01-02,2583.162166718206,2605.3035601955844,2568.401237733287,2597.923095703125,17049466,0.0,0.0
2015-01-02,2605.3033398396137,2664.347050785386,2597.9228759713924,2634.8251953125,19567917,0.0,0.0
2015-01-02,2634.8251953125,2634.8251953125,2634.8251953125,2634.8251953125,0,0.0,0.0
2015-01-02,2627.4447895463363,2671.7275737349137,2627.4447895463363,2649.586181640625,9333037,0.0,0.0
2015-01-02,2649.586181640625,2656.9666456720543,2597.922933420618,2649.586181640625,15388734,0.0,0.0
2015-01-02,2642.205704661918,2649.5861686571816,2487.2159607613744,2553.64013671875,20805193,0.0,0.0
2015-01-02,2553.6403236020283,2597.923110814363,2516.738000925083,2538.87939453125,22873961,0.0,0.0
2015-01-02,2561.0207300429747,2561.0207300429747,2524.118408203125,2524.118408203125,28694292,0.0,0.0
2015-01-02,2546.2597877318913,2597.9230380322433,2531.498859074648,2583.162109375,42477674,0.0,0.0
2015-01-02,2590.5422886627325,2716.0101684439,2590.5422886627325,2664.346923828125,33918722,0.0,0.0
2015-01-02,2701.2493948050974,2701.2493948050974,2649.5861472555516,2671.7275390625,17734065,0.0,0.0
2015-01-02,2701.249547354226,2708.630011706676,2671.7276899444246,2679.108154296875,12644822,0.0,0.0
2015-01-02,2693.8689894868703,2693.8689894868703,2656.9666690056447,2686.488525390625,6950785,0.0,0.0
2015-01-02,2679.1079688014875,2701.2493603258185,2671.727504960044,2693.868896484375,8785876,0.0,0.0
2015-01-02,2701.24941881126,2716.01034681374,2693.86895481002,2708.6298828125,14415752,0.0,0.0
2015-01-02,2708.6296980046473,2723.390625,2671.727380516266,2723.390625,20180702,0.0,0.0
2015-01-02,2723.3909044840066,2730.7713687390924,2671.727654698407,2701.24951171875,11783501,0.0,0.0
2015-01-02,2708.6299176793605,2723.3908458718506,2686.488525390625,2686.488525390625,11400004,0.0,0.0
2015-01-02,2701.2492345069713,2723.390625,2686.4883075116186,2723.390625,21645915,0.0,0.0
2015-01-02,2730.771181403798,2730.771181403798,2679.10793516238,2716.01025390625,24450498,0.0,0.0
2015-01-02,2716.0104760591266,2723.390940411577,2656.9667612395237,2679.108154296875,13031020,0.0,0.0
2015-01-02,2656.966552734375,2686.488407827452,2656.966552734375,2656.966552734375,16959304,0.0,0.0
2015-01-02,2656.9666690056447,2686.488525390625,2649.5862049093994,2686.488525390625,14490155,0.0,0.0
2015-01-02,2656.966552734375,2686.488407827452,2649.586088961106,2656.966552734375,17537645,0.0,0.0
2015-01-02,2590.542547892465,2708.6299759738354,2590.542547892465,2701.24951171875,19998015,0.0,0.0
2015-01-02,2701.2492414108215,2716.0101684439,2664.346923828125,2664.346923828125,14351142,0.0,0.0
2015-01-02,2679.10802680754,2708.6298828125,2671.7275628063,2708.6298828125,19079625,0.0,0.0
2015-01-02,2656.9665772771564,2708.629824167262,2642.205649594269,2693.868896484375,15390647,0.0,0.0
2015-01-02,2656.966552734375,2671.727480280914,2627.444697641298,2656.966552734375,37219926,0.0,0.0
2015-01-02,2686.488407827452,2686.488407827452,2649.586088961106,2656.966552734375,17663377,0.0,0.0
2015-01-02,2679.1080612943797,2693.8689894868703,2649.5862049093994,2686.488525390625,10188279,0.0,0.0
2015-01-02,2656.966552734375,2656.966552734375,2627.444697641298,2656.966552734375,13866227,0.0,0.0
2015-01-02,2671.7273483341214,2752.91244583065,2656.966421516571,2745.531982421875,26441936,0.0,0.0
2015-01-02,2760.293270469487,2775.05419921875,2730.7714129709625,2775.05419921875,34508206,0.0,0.0
2015-01-02,2775.053939094724,2826.7169820531235,2775.053939094724,2811.9560546875,22467277,0.0,0.0
2015-01-02,2834.09786505534,2834.09786505534,2767.6738849035455,2782.434814453125,18954119,0.0,0.0
2015-01-02,2782.434814453125,2782.434814453125,2782.434814453125,2782.434814453125,0,0.0,0.0
2015-01-02,2811.956021323647,2841.477875704618,2782.4343697639565,2834.097412109375,20085137,0.0,0.0
2015-01-02,2811.956147520217,2834.0975392996197,2782.4344946356377,2804.57568359375,10975197,0.0,0.0
2015-01-02,2797.1952196672823,2826.717075373152,2789.814755740815,2804.57568359375,21669891,0.0,0.0
2015-01-02,2752.912730292845,2819.336705014226,2745.5322661214364,2797.1953125,10351606,0.0,0.0
2015-01-02,2819.336877667353,2819.336877667353,2752.9128988782395,2767.673828125,18694553,0.0,0.0
2015-01-02,2767.67359482242,2789.814784004848,2693.86895481002,2708.6298828125,12198740,0.0,0.0
2015-01-02,2708.630054974792,2752.912841796875,2708.630054974792,2752.912841796875,12429829,0.0,0.0
2015-01-02,2693.8690349045314,2760.293212890625,2693.8690349045314,2760.293212890625,27081398,0.0,0.0
2015-01-02,2760.293270469487,2775.05419921875,2730.7714129709625,2775.05419921875,13341690,0.0,0.0
2015-01-02,2789.8150764066013,2789.8150764066013,2752.912955353966,2782.434814453125,24622042,0.0,0.0
2015-01-02,2767.673566782703,2811.956147520217,2767.673566782703,2804.57568359375,13340902,0.0,0.0
2015-01-02,2819.3364136883524,2819.3364136883524,2723.390592195549,2745.531982421875,19816341,0.0,0.0
2015-01-02,2745.532074985728,2789.8146541100627,2693.868829382507,2738.151611328125,26805510,0.0,0.0
2015-01-02,2738.151711076833,2804.57568359375,2738.151711076833,2804.57568359375,20291800,0.0,0.0
2015-01-02,2811.9564130439726,2811.9564130439726,2752.9128988782395,2767.673828125,9255144,0.0,0.0
2015-01-02,2738.151948942615,2767.673807213076,2708.6300906721544,2730.771484375,20441057,0.0,0.0
2015-01-02,2730.7715050080983,2767.673828125,2716.010575761338,2767.673828125,9059963,0.0,0.0
2015-01-02,2775.0539638964415,2775.0539638964415,2701.249326408702,2716.01025390625,9821667,0.0,0.0
2015-01-02,2716.0102978629366,2716.0102978629366,2634.8251953125,2634.8251953125,12716974,0.0,0.0
2015-01-02,2656.966453520913,2723.390625,2531.498574060416,2723.390625,26578023,0.0,0.0
2015-01-02,2723.39089178724,2760.293212890625,2664.3471780218233,2760.293212890625,7789031,0.0,0.0
2015-01-02,2730.771250547695,2730.771250547695,2649.5861472555516,2671.7275390625,11943113,0.0,0.0
2015-01-02,2693.868771009295,2723.390625,2679.107844013942,2723.390625,7273274,0.0,0.0
2015-01-02,2760.2930117291,2870.9997641499954,2745.532084363476,2811.9560546875,24392304,0.0,0.0
2015-01-02,2804.5759484205923,2804.5759484205923,2693.8691818911966,2767.673828125,6462268,0.0,0.0
2015-01-02,2767.673734844119,2804.5758538959726,2745.532341720225,2775.05419921875,8008526,0.0,0.0
2015-01-02,2775.0540588236604,2789.814784004848,2708.6298828125,2708.6298828125,11449756,0.0,0.0
2015-01-02,2693.868771009295,2745.532015493029,2693.868771009295,2723.390625,12273031,0.0,0.0
2015-01-02,2730.771247150366,2804.57568359375,2620.0642882533543,2804.57568359375,10414415,0.0,0.0
2015-01-02,2804.57568359375,2804.57568359375,2804.57568359375,2804.57568359375,0,0.0,0.0
2015-01-02,2760.2933062672223,2782.4346996782638,2723.3909839154862,2752.912841796875,4247508,0.0,0.0
2015-01-02,2795.768307716535,2810.759024712106,2765.7868737253943,2788.27294921875,11438162,50.795288,0.0
2015-01-02,2788.2726274782162,2795.7679851111075,2593.393329023044,2630.8701171875,25460512,0.0,0.0
2015-01-02,2668.3469165002884,2683.3376318287023,2623.3747705150477,2653.356201171875,14196707,0.0,0.0
2015-01-02,2660.851558836082,2660.851558836082,2623.3747705150477,2653.356201171875,10632334,0.0,0.0
2015-01-02,2668.3469382395365,2705.8237268658972,2653.3562227889925,2698.328369140625,11100140,0.0,0.0
2015-01-02,2683.3376678639415,2750.7958877477167,2683.3376678639415,2728.309814453125,12944010,0.0,0.0
2015-01-02,2743.30078125,2758.2914981527724,2690.833272090296,2743.30078125,18874088,0.0,0.0
2015-01-02,2743.3002887463726,2743.3002887463726,2705.823503217634,2735.804931640625,4618398,0.0,0.0
2015-01-02,2750.7958658306748,2750.7958658306748,2683.337646484375,2683.337646484375,3379659,0.0,0.0
2015-01-02,2683.337646484375,2683.337646484375,2683.337646484375,2683.337646484375,0,0.0,0.0
2015-01-02,2683.337646484375,2683.337646484375,2683.337646484375,2683.337646484375,0,0.0,0.0
2015-01-02,2720.814449542052,2743.3005227775843,2668.346945325811,2713.319091796875,18095500,0.0,0.0
2015-01-02,2713.319091796875,2713.319091796875,2713.319091796875,2713.319091796875,0,0.0,0.0
2015-01-02,2713.319091796875,2713.319091796875,2713.319091796875,2713.319091796875,0,0.0,0.0
2015-01-02,2773.2822322231796,2788.27294921875,2750.796156729824,2788.27294921875,8906879,0.0,0.0
2015-01-02,2773.282215055545,2780.7775735069313,2728.310064347227,2743.30078125,6527329,0.0,0.0
2015-01-02,2743.30078125,2743.30078125,2743.30078125,2743.30078125,0,0.0,0.0
2015-01-02,2743.30078125,2743.30078125,2743.30078125,2743.30078125,0,0.0,0.0
2015-01-02,2743.30078125,2743.30078125,2743.30078125,2743.30078125,0,0.0,0.0
2015-01-02,2301.0742354320205,2368.5324498505997,2286.0835211167805,2331.0556640625,25924041,0.0,0.0
2015-01-02,2331.0556640625,2331.0556640625,2331.0556640625,2331.0556640625,0,0.0,0.0
2015-01-02,2331.0556640625,2361.03709269298,2301.0742354320205,2331.0556640625,18934534,0.0,0.0
2015-01-02,2301.0744088039937,2323.560481971043,2181.1486852464004,2188.64404296875,17963691,0.0,0.0
2015-01-02,2173.6534881563553,2181.1488464326094,1986.2695312500002,1986.26953125,54974703,0.0,0.0
2015-01-02,2023.745934881052,2188.643785364176,1993.7645075204841,2166.15771484375,55676636,0.0,0.0
2015-01-02,2166.1579173234013,2181.148632404929,2061.2229117527086,2083.708984375,18630167,0.0,0.0
2015-01-02,2061.222706135657,2166.1577012385706,2053.727349342592,2143.671630859375,30726027,0.0,0.0
2015-01-02,2143.671630859375,2143.671630859375,2143.671630859375,2143.671630859375,0,0.0,0.0
2015-01-02,2173.653143990284,2346.0463570481957,2158.662429811335,2293.578857421875,42616687,0.0,0.0
2015-01-02,2278.5883648677645,2323.5605117787863,2211.130144501232,2248.60693359375,17306669,0.0,0.0
2015-01-02,2248.60716122936,2248.60716122936,2151.167499724601,2203.635009765625,19891644,0.0,0.0
2015-01-02,2173.6530580316357,2181.148414824701,2098.6994901009834,2143.671630859375,44697387,0.0,0.0
2015-01-02,2158.662330599952,2158.662330599952,2113.69019013001,2121.185546875,30333413,0.0,0.0
2015-01-02,2098.6999364674066,2121.186011629101,2031.2417109823245,2061.22314453125,42853629,0.0,0.0
2015-01-02,2061.2229079926933,2076.213623046875,1971.2786176676016,2076.213623046875,30174363,0.0,0.0
2015-01-02,2083.7089881487864,2113.6904183661404,2046.2322003770937,2091.204345703125,39286442,0.0,0.0
2015-01-02,2083.708776514853,2158.6623444455054,2083.708776514853,2143.671630859375,49901781,0.0,0.0
2015-01-02,2151.1672819532027,2256.1022914122536,2151.1672819532027,2248.60693359375,28906245,0.0,0.0
2015-01-02,2248.60693359375,2248.60693359375,2181.1487132272173,2248.60693359375,23687669,0.0,0.0
2015-01-02,2248.607011585335,2435.990963547226,2226.120937349908,2428.49560546875,60936298,0.0,0.0
2015-01-02,2428.49560546875,2428.49560546875,2428.49560546875,2428.49560546875,0,0.0,0.0
2015-01-02,2398.513903740921,2413.504618214035,2316.0649741387942,2376.02783203125,47314104,0.0,0.0
2015-01-02,2368.5326768707973,2406.0094662509896,2286.083740234375,2286.083740234375,51720437,0.0,0.0
2015-01-02,2286.083740234375,2286.083740234375,2286.083740234375,2286.083740234375,0,0.0,0.0
2015-01-02,2308.5698310115654,2338.5512627384346,2308.5698310115654,2323.560546875,33749879,0.0,0.0
2015-01-02,2338.5512274157936,2338.5512274157936,2218.6255023197355,2248.60693359375,54207596,0.0,0.0
2015-01-02,2248.606676351841,2263.5973902739024,2203.6345345856585,2226.12060546875,41294202,0.0,0.0
2015-01-02,2256.1023154994596,2323.5605365862075,2248.6069576009318,2301.074462890625,40381103,0.0,0.0
2015-01-02,2316.0649157225453,2316.0649157225453,2271.0927734375,2271.0927734375,30130802,0.0,0.0
2015-01-02,2271.0927734375,2271.0927734375,2271.0927734375,2271.0927734375,0,0.0,0.0
2015-01-02,2271.0927734375,2271.0927734375,2271.0927734375,2271.0927734375,0,0.0,0.0
2015-01-02,2271.0927734375,2271.0927734375,2271.0927734375,2271.0927734375,0,0.0,0.0
2015-01-02,2271.0927734375,2271.0927734375,2271.0927734375,2271.0927734375,0,0.0,0.0
2015-01-02,2271.0927734375,2271.0927734375,2271.0927734375,2271.0927734375,0,0.0,0.0
2015-01-02,2271.0927734375,2271.0927734375,2271.0927734375,2271.0927734375,0,0.0,0.0
2015-01-02,2271.0927734375,2271.0927734375,2271.0927734375,2271.0927734375,0,0.0,0.0
2015-01-02,2211.129841996962,2226.1205555830925,2106.1948468940486,2143.671630859375,49662700,0.0,0.0
2015-01-02,2181.14864027723,2188.643997845046,2098.69970703125,2098.69970703125,18891760,0.0,0.0
2015-01-02,2061.2228769061694,2106.1950213904634,1993.764660179728,2016.250732421875,54698814,0.0,0.0
2015-01-02,2016.250712480844,2076.213571200194,1978.7739257812498,1978.77392578125,28862796,0.0,0.0
2015-01-02,1986.269266861559,2001.2599814186824,1933.8017659116265,1948.79248046875,23003745,0.0,0.0
2015-01-02,1948.7926989349062,1963.783415172539,1881.3344758655585,1888.829833984375,24502614,0.0,0.0
2015-01-02,1873.8390669665423,1911.3158565450199,1776.3994140625,1776.3994140625,31963979,0.0,0.0
2015-01-02,1813.8762306061344,1858.8483787688654,1798.8855145518908,1836.3623046875,35285106,0.0,0.0
2015-01-02,1836.3624005710374,1888.8299095004204,1768.9041748046875,1768.9041748046875,23474815,0.0,0.0
2015-01-02,1806.3808387261715,1806.3808387261715,1723.932004962318,1761.40869140625,17913488,0.0,0.0
2015-01-02,1768.9039721174115,1881.3343355119923,1738.9225418788567,1851.3529052734375,23064190,0.0,0.0
2015-01-02,1836.36225357605,1836.36225357605,1671.4644845583052,1686.4552001953125,71182547,0.0,0.0
2015-01-02,1663.9692165456158,1686.455291214719,1581.5202760922373,1611.501708984375,47474955,0.0,0.0
2015-01-02,1648.9784195968657,1761.408684464226,1604.0062724541874,1746.41796875,56113600,0.0,0.0
2015-01-02,1761.4085685965922,1776.3992833247105,1686.455097945329,1723.931884765625,46411586,0.0,0.0
2015-01-02,1686.4552071527116,1708.9412807009878,1648.9784179055846,1701.4459228515625,45218772,0.0,0.0
2015-01-02,1686.455182248385,1708.9412554646035,1633.9876780772086,1648.9783935546875,54131842,0.0,0.0
2015-01-02,1663.969048443486,1851.3528820995923,1663.969048443486,1806.3807373046875,121590517,0.0,0.0
2015-01-02,1836.36219387706,1866.3436241763968,1768.9039757035519,1858.8482666015625,55616416,0.0,0.0
2015-01-02,1843.8576593865612,1858.8483754137476,1798.8855113050024,1828.866943359375,53603704,0.0,0.0
2015-01-02,1843.8575588383703,1918.8111348869759,1828.8668436286491,1873.8389892578125,55193297,0.0,0.0
2015-01-02,1888.8297754793612,1903.8204912526683,1746.417975632943,1761.40869140625,133980162,0.0,0.0
2015-01-02,1746.4179597540065,1753.91331757251,1663.9691267398016,1686.4552001953125,115255668,0.0,0.0
2015-01-02,1686.4552021207192,1746.4179617478721,1678.959844293658,1731.42724609375,141442765,0.0,0.0
2015-01-02,1753.913457967721,1776.399533223171,1716.4367688646475,1768.9041748046875,89481559,0.0,0.0
2015-01-02,1776.3994001784522,1783.8947580355652,1723.9319981679964,1746.41796875,40204719,0.0,0.0
2015-01-02,1761.40869140625,1806.3808387261715,1753.9133335195966,1761.40869140625,54069708,0.0,0.0
2015-01-02,1776.3993074414177,1828.86680970214,1746.417877578148,1806.3807373046875,45270100,0.0,0.0
2015-01-02,1806.3808491807256,1813.876207110759,1776.3994174605916,1783.894775390625,29126528,0.0,0.0
2015-01-02,1783.894891641654,1791.3902500601375,1746.4180995492377,1768.9041748046875,30951938,0.0,0.0
2015-01-02,1776.39944365076,1851.3530240561656,1776.39944365076,1843.857666015625,53722231,0.0,0.0
2015-01-02,1843.8575246337748,1858.8482395654098,1806.3807373046875,1806.3807373046875,28470294,0.0,0.0
2015-01-02,1813.8762306061344,1858.8483787688654,1813.8762306061344,1836.3623046875,35716892,0.0,0.0
2015-01-02,1858.8483295891178,1993.7647705078125,1851.3529717603014,1993.7647705078125,107772804,0.0,0.0
2015-01-02,1993.7647705078125,2016.2508439942615,1956.2879813637308,1993.7647705078125,30190685,0.0,0.0
2015-01-02,1993.7647562968796,2001.2601140722713,1918.8111785429617,1963.7833251953125,41388641,0.0,0.0
2015-01-02,1986.269094661859,2128.6808706081365,1956.2876681468533,2068.718017578125,90220863,0.0,0.0
2015-01-02,2098.6999540499737,2158.6628216501836,2091.2045955999474,2106.1953125,67898452,0.0,0.0
2015-01-02,2068.718081570726,2068.718081570726,1956.287728661595,1971.2784423828125,40189974,0.0,0.0
2015-01-02,1963.7832920832773,1993.764722679317,1881.3343579441678,1896.3250732421875,106847323,0.0,0.0
2015-01-02,1911.3159273727706,1963.783434726931,1806.3809126644496,1933.802001953125,36901602,0.0,0.0
2015-01-02,1896.3250582893183,1911.3157734691338,1821.3714823902415,1866.3436279296875,41810747,0.0,0.0
2015-01-02,1866.3436279296877,1866.3436279296877,1866.3436279296877,1866.3436279296875,0,0.0,0.0
2015-01-02,1866.3436353465488,1918.811138684409,1866.3436353465488,1881.3343505859375,53461201,0.0,0.0
2015-01-02,1888.829966783991,1941.2974773045848,1843.8578149091963,1918.8114013671875,49821637,0.0,0.0
2015-01-02,1918.8114013671875,1918.8114013671875,1918.8114013671875,1918.8114013671875,0,0.0,0.0
2015-01-02,1933.8017817417372,1978.7739257812498,1918.8110670618994,1978.77392578125,55913916,0.0,0.0
2015-01-02,1971.2784423828127,1993.764512964639,1948.7923718009863,1971.2784423828125,41640779,0.0,0.0
2015-01-02,1993.7646902488743,2121.185768209421,1993.7646902488743,2076.213623046875,67969366,0.0,0.0
2015-01-02,2098.6999540499737,2128.681387850079,2083.709237149921,2106.1953125,47638619,0.0,0.0
2015-01-02,2106.1948468940486,2158.6623444455054,2076.213419721788,2143.671630859375,43319859,0.0,0.0
2015-01-02,2151.16698765244,2188.643771617766,2121.185560480179,2143.671630859375,63595676,0.0,0.0
2015-01-02,2106.195294854638,2106.195294854638,2038.737069369556,2061.22314453125,54863042,0.0,0.0
2015-01-02,2061.22314453125,2098.6999364674066,2031.2417109823245,2061.22314453125,23622721,0.0,0.0
2015-01-02,2053.727755736288,2053.727755736288,1948.792739868729,1986.26953125,30777243,0.0,0.0
2015-01-02,1926.3064847750707,1933.801842349905,1806.380763577723,1858.8482666015625,61040868,0.0,0.0
2015-01-02,1821.371617055673,1926.3066310728846,1813.8762589115863,1903.820556640625,32880229,0.0,0.0
2015-01-02,1911.31582076757,1993.7647562968796,1873.8390318906108,1963.7833251953125,32480298,0.0,0.0
2015-01-02,1948.792835950384,1956.288194596183,1896.3253254297902,1918.8114013671875,33577098,0.0,0.0
2015-01-02,1918.8114013671875,1918.8114013671875,1918.8114013671875,1918.8114013671875,0,0.0,0.0
2015-01-02,1926.3065038382274,1948.7925767852573,1881.3343579441678,1896.3250732421875,22064194,0.0,0.0
2015-01-02,1911.315694075941,1971.2785523044352,1911.315694075941,1948.79248046875,31123707,0.0,0.0
2015-01-02,1986.2695403031241,2008.755615234375,1956.2881070614562,2008.755615234375,27764759,0.0,0.0
2015-01-02,2001.2601030848612,2001.2601030848612,1903.8204525397355,1941.2972412109375,19228094,0.0,0.0
2015-01-02,1896.325094805495,1956.2879566794186,1888.8297370712546,1941.2972412109375,21189591,0.0,0.0
2015-01-02,1948.792598945178,1971.2786721478994,1918.8111680082163,1941.2972412109375,19036627,0.0,0.0
2015-01-02,1948.7926096445287,1986.2693985214878,1941.297251869137,1963.7833251953125,26850759,0.0,0.0
2015-01-02,1986.2695403031241,2031.2416901656259,1978.774181992707,2008.755615234375,45670594,0.0,0.0
2015-01-02,2001.2599978010062,2001.2599978010062,1971.2785684413311,1978.77392578125,9537224,0.0,0.0
2015-01-02,1963.7834564212376,2001.2602478025085,1948.792739868729,1986.26953125,10703023,0.0,0.0
2015-01-02,1986.2692831211687,1993.7646404610875,1956.2878537614936,1978.77392578125,21901317,0.0,0.0
2015-01-02,1956.2880981449832,2023.7463226312711,1956.2880981449832,1986.26953125,27211294,0.0,0.0
2015-01-02,1978.7737992434213,2008.7552266858563,1971.2784423828127,1971.2784423828125,29106605,0.0,0.0
2015-01-02,1971.2784423828127,2001.2598698252475,1971.2784423828127,1971.2784423828125,14978109,0.0,0.0
2015-01-02,1971.278779937404,1993.7648543696635,1881.3344822083652,1903.820556640625,44672511,0.0,0.0
2015-01-02,1918.811272928798,1933.8019892169712,1888.8298403524518,1903.820556640625,13994547,0.0,0.0
2015-01-02,1888.829793547086,1888.829793547086,1783.894782130173,1798.885498046875,79275494,0.0,0.0
2015-01-02,1768.9039499756002,1821.3714522363225,1761.408592509783,1806.3807373046875,22481347,0.0,0.0
2015-01-02,1821.3714522363225,1828.86680970214,1791.3900223730527,1806.3807373046875,10832131,0.0,0.0
2015-01-02,1798.8853798388702,1828.86680970214,1791.3900223730527,1806.3807373046875,13853620,0.0,0.0
2015-01-02,1813.8763427734373,1828.8670597546839,1806.380984282814,1813.8763427734375,10500187,0.0,0.0
2015-01-02,1761.4085685965922,1783.8946406887696,1716.4365274015656,1723.931884765625,36877626,0.0,0.0
2015-01-02,1723.932001579675,1791.3901194378573,1723.932001579675,1753.913330078125,29481322,0.0,0.0
2015-01-02,1753.913330078125,1776.3994036939644,1738.922614334232,1753.913330078125,19215487,0.0,0.0
2015-01-02,1753.913330078125,1761.4086879500715,1738.922614334232,1753.913330078125,18193541,0.0,0.0
2015-01-02,1783.8949088109446,1821.3717012640607,1783.8949088109446,1813.8763427734375,31367965,0.0,0.0
2015-01-02,1806.380984282814,1821.3717012640607,1783.8949088109446,1813.8763427734375,13117355,0.0,0.0
2015-01-02,1798.8854878095867,1813.8762036409778,1768.9040561468046,1776.3994140625,20546865,0.0,0.0
2015-01-02,1791.3901194378573,1798.8854773098037,1753.913330078125,1753.913330078125,26906815,0.0,0.0
2015-01-02,1753.9132112325328,1768.9039259606513,1716.4365274015656,1723.931884765625,30236947,0.0,0.0
2015-01-02,1731.427084282802,1746.4177985359631,1611.501473246839,1626.4921875,78609918,0.0,0.0
2015-01-02,1596.5107630988566,1648.9782631198325,1574.0246916612957,1633.987548828125,54018268,0.0,0.0
2015-01-02,1648.9783714145524,1656.4737290526548,1596.5108679478349,1604.0062255859375,49711552,0.0,0.0
2015-01-02,1618.997034490357,1618.997034490357,1536.548095703125,1536.548095703125,34985917,0.0,0.0
2015-01-02,1544.0433500021722,1596.5108529768866,1506.5665621630906,1574.0247802734375,43961122,0.0,0.0
2015-01-02,1589.015625,1596.5109831790944,1559.0341922836224,1589.015625,47800933,0.0,0.0
2015-01-02,1611.5015014759656,1686.4550740547538,1611.5015014759656,1678.959716796875,89256999,0.0,0.0
2015-01-02,1716.4366470756645,1761.40869140625,1671.464499755743,1761.40869140625,83538311,0.0,0.0
2015-01-02,1746.41796875,1753.913326607113,1701.4459245966573,1746.41796875,30473101,0.0,0.0
2015-01-02,1761.4086879500715,1806.3808351817502,1746.4179722061785,1753.913330078125,34957890,0.0,0.0
2015-01-02,1776.3994174605916,1791.3901333206586,1746.4179857404577,1783.894775390625,26139371,0.0,0.0
2015-01-02,1813.876094770505,1858.8482395654098,1798.8853798388702,1806.3807373046875,61429542,0.0,0.0
2015-01-02,1798.885480839518,1798.885480839518,1753.9133335195966,1761.40869140625,15359805,0.0,0.0
2015-01-02,1761.4086642455952,1761.4086642455952,1641.4830428977086,1663.9691162109375,31583633,0.0,0.0
2015-01-02,1633.987573249602,1693.9504313126326,1618.9968587338444,1678.959716796875,50891759,0.0,0.0
2015-01-02,1686.4552001953125,1731.4272441169992,1678.9598423768089,1686.4552001953125,29107055,0.0,0.0
2015-01-02,1686.455097945329,1723.931884765625,1663.9690258531514,1723.931884765625,27423360,0.0,0.0
2015-01-02,1738.9226343800676,1821.3715719219276,1731.4272764217167,1798.885498046875,88169542,0.0,0.0
2015-01-02,1798.885491250692,1813.876207110759,1761.4087016005246,1783.894775390625,25176407,0.0,0.0
2015-01-02,1783.894775390625,1783.894775390625,1783.894775390625,1783.894775390625,0,0.0,0.0
2015-01-02,1761.4087016005246,1791.3901333206586,1716.4366570096602,1783.894775390625,20248464,0.0,0.0
2015-01-02,1798.8854238050583,1926.3065038382274,1783.8947085070383,1896.3250732421875,86758809,0.0,0.0
2015-01-02,1911.3157885402074,1911.3157885402074,1858.8482849971379,1896.3250732421875,38236581,0.0,0.0
2015-01-02,1896.325094805495,1948.792598945178,1866.3436638685332,1941.2972412109375,35263832,0.0,0.0
2015-01-02,1948.7924964215747,2008.755355140925,1926.3064244018183,1978.77392578125,65710369,0.0,0.0
2015-01-02,1978.774007381297,1986.269365030307,1888.8297155931778,1896.3250732421875,51644120,0.0,0.0
2015-01-02,1941.2971657629023,2053.7275274069307,1941.2971657629023,2031.241455078125,103390109,0.0,0.0
2015-01-02,2031.241563203627,2038.7369210455493,1993.764773994015,2001.2601318359375,63537932,0.0,0.0
2015-01-02,2061.222915485771,2113.6904183661404,2046.2322003770937,2091.204345703125,53732249,0.0,0.0
2015-01-02,2091.2045780801755,2098.6999364674066,2046.2324277567873,2061.22314453125,41012686,0.0,0.0
2015-01-02,2023.745859146339,2053.727285384911,1986.269076348124,2038.736572265625,28344000,0.0,0.0
2015-01-02,2023.7461091206048,2053.7275390625,2008.7553941496571,2053.7275390625,23623846,0.0,0.0
2015-01-02,2053.7275390625,2076.2136115189214,2038.7368240915523,2053.7275390625,15184097,0.0,0.0
2015-01-02,2023.7463318552088,2061.2231234072938,1993.7648986135412,2008.755615234375,19622285,0.0,0.0
2015-01-02,2001.260256923958,2038.7370484760427,1948.7927487510394,2008.755615234375,15460660,0.0,0.0
2015-01-02,2038.736572265625,2053.727285384911,2008.755146027053,2038.736572265625,16450977,0.0,0.0
2015-01-02,2046.2325439453125,2061.223261570973,2023.746467506821,2046.2325439453125,41356449,0.0,0.0
2015-01-02,2046.2323974600338,2046.2323974600338,1978.7741729737459,1986.26953125,40471265,0.0,0.0
2015-01-02,1963.7829337503842,1986.269002594365,1918.8107960624232,1926.30615234375,46013906,0.0,0.0
2015-01-02,1911.3159365606066,1971.2788023964645,1896.3252201016421,1956.2880859375,30675487,0.0,0.0
2015-01-02,1978.7740548501797,2016.2508439942615,1978.7740548501797,1993.7647705078125,31085211,0.0,0.0
2015-01-02,1978.773909582997,2001.2599814186824,1941.2971231901881,1948.79248046875,32030390,0.0,0.0
2015-01-02,1926.3066437596735,1956.2880765334796,1926.3066437596735,1933.802001953125,25279288,0.0,0.0
2015-01-02,1933.8020019531252,1933.8020019531252,1933.8020019531252,1933.802001953125,0,0.0,0.0
2015-01-02,1933.8020019531252,1933.8020019531252,1933.8020019531252,1933.802001953125,0,0.0,0.0
2015-01-02,1918.811272928798,1941.2973473610577,1903.820556640625,1903.820556640625,13070754,0.0,0.0
2015-01-02,1948.7922211877305,1963.7829337503842,1918.8107960624232,1926.30615234375,17307119,0.0,0.0
2015-01-02,1941.2973473610577,1956.2880636492307,1903.820556640625,1903.820556640625,21889611,0.0,0.0
2015-01-02,1903.820556640625,1903.820556640625,1903.820556640625,1903.820556640625,0,0.0,0.0
2015-01-02,1903.820556640625,1903.820556640625,1903.820556640625,1903.820556640625,0,0.0,0.0
2015-01-02,1918.8111535763032,1933.8018689320347,1896.325080542706,1911.3157958984375,10918578,0.0,0.0
2015-01-02,1911.3157885402074,1933.8018614872374,1881.3343579441678,1896.3250732421875,21307443,0.0,0.0
2015-01-02,1888.8298527924162,1986.2695093072855,1873.8391364055133,1933.802001953125,53624190,0.0,0.0
2015-01-02,1986.2692831211687,2031.2414271606815,1963.7832111014122,1978.77392578125,61074636,0.0,0.0
2015-01-02,2001.26039106833,2061.223261570973,1986.269673442669,2046.2325439453125,67133259,0.0,0.0
2015-01-02,2068.7184817177103,2068.7184817177103,2008.755615234375,2008.755615234375,28763630,0.0,0.0
2015-01-02,2008.755615234375,2031.2416901656259,1986.2695403031241,2008.755615234375,26427416,0.0,0.0
2015-01-02,2031.2418263196516,2061.223261570973,2016.2511086939908,2046.2325439453125,26565416,0.0,0.0
2015-01-02,2046.2321815770263,2076.2136115189214,2023.7461091206048,2053.7275390625,17827154,0.0,0.0
2015-01-02,2068.718017578125,2076.2133742068763,2038.7365910631192,2068.718017578125,17154711,0.0,0.0
2015-01-02,2068.718502918481,2091.2045780801755,2053.7277861440184,2061.22314453125,32731873,0.0,0.0
2015-01-02,2068.718017578125,2113.690157350634,2053.727304320622,2068.718017578125,35238280,0.0,0.0
2015-01-02,2068.718017578125,2098.6994440931308,2061.2226609493737,2068.718017578125,30113130,0.0,0.0
2015-01-02,2098.699695628148,2098.699695628148,2061.2229079926933,2076.213623046875,27270839,0.0,0.0
2015-01-02,2076.213623046875,2083.708980573966,2053.7275504656022,2076.213623046875,19074898,0.0,0.0
2015-01-02,2068.717998504197,2083.708711623483,2031.241215705982,2038.736572265625,36638433,0.0,0.0
2015-01-02,2038.7370484760427,2046.2324067864597,2008.755615234375,2008.755615234375,30998876,0.0,0.0
2015-01-02,2031.2415737009705,2053.7276473429447,2001.2601421783386,2023.7462158203125,23273667,0.0,0.0
2015-01-02,2031.2416809075253,2046.2323974600338,1963.7834564212376,1986.26953125,30446537,0.0,0.0
2015-01-02,1971.2784423828127,2001.2598698252475,1963.783085522204,1971.2784423828125,17372855,0.0,0.0
2015-01-02,1986.2694161520926,2016.2508475197822,1963.7833426263255,2001.2601318359375,12858576,0.0,0.0
2015-01-02,2023.7461091206048,2061.222896547974,2016.2507516351309,2053.7275390625,40223742,0.0,0.0
2015-01-02,2076.2136305944477,2143.6718485834945,2068.718273040109,2091.204345703125,83759832,0.0,0.0
2015-01-02,2098.6994440931308,2113.690157350634,2061.2226609493737,2068.718017578125,27854245,0.0,0.0
2015-01-02,2068.718017578125,2068.718017578125,2068.718017578125,2068.718017578125,0,0.0,0.0
2015-01-02,2076.2136115189214,2091.204326489869,2046.2321815770263,2053.7275390625,26318456,0.0,0.0
2015-01-02,2053.727285384911,2061.222641944554,2023.745859146339,2038.736572265625,21966716,0.0,0.0
2015-01-02,2023.7462158203127,2053.7276473429447,2008.7555000589966,2023.7462158203125,23495188,0.0,0.0
2015-01-02,2031.2416809075253,2038.7370391837796,1963.7834564212376,1986.26953125,37801081,0.0,0.0
2015-01-02,2001.2599814186824,2008.755338697244,1918.8110513545028,1948.79248046875,41882111,0.0,0.0
2015-01-02,1971.2786721478994,1978.7740298821398,1926.3065257424566,1941.2972412109375,23986182,0.0,0.0
2015-01-02,1941.2972191362473,1941.2972191362473,1881.3343579441678,1896.3250732421875,34281170,0.0,0.0
2015-01-02,1888.8296969008995,1896.3250544757339,1858.8482666015625,1858.8482666015625,30506194,0.0,0.0
2015-01-02,1881.334608138192,1918.8114013671875,1881.334608138192,1918.8114013671875,24851104,0.0,0.0
2015-01-02,1933.8019826972734,1956.2880570537225,1888.829833984375,1888.829833984375,25656707,0.0,0.0
2015-01-02,1911.3157772821153,1933.801850096697,1858.8482740480913,1873.8389892578125,35180199,0.0,0.0
2015-01-02,1873.8391240642788,1911.3159147847116,1858.8484077761057,1903.820556640625,28139926,0.0,0.0
2015-01-02,1903.8204196772547,1911.3157772821153,1866.343631652952,1873.8389892578125,25959385,0.0,0.0
2015-01-02,1888.8297155931778,1903.8204308911975,1866.3436426461478,1896.3250732421875,33187635,0.0,0.0
2015-01-02,1903.8205502220078,1903.8205502220078,1866.3437596279257,1888.829833984375,21392089,0.0,0.0
2015-01-02,1903.8204196772547,1903.8204196772547,1866.343631652952,1873.8389892578125,23861576,0.0,0.0
2015-01-02,1873.8390880309216,1873.8390880309216,1806.3808660313439,1821.37158203125,36279024,0.0,0.0
2015-01-02,1813.8761966128252,1836.362270272786,1753.9133335195966,1761.40869140625,85499470,0.0,0.0
2015-01-02,1776.399299781444,1806.3807295154313,1761.40858491445,1791.3900146484375,30951038,0.0,0.0
2015-01-02,1783.8947650662108,1791.3901229528644,1738.9226177462892,1761.40869140625,36638095,0.0,0.0
2015-01-02,1761.40869140625,1791.3901229528644,1753.9133335195966,1761.40869140625,14386261,0.0,0.0
2015-01-02,1761.40869140625,1761.40869140625,1761.40869140625,1761.40869140625,0,0.0,0.0
2015-01-02,1731.4272512599287,1753.913324808205,1686.4552071527116,1701.4459228515625,46963925,0.0,0.0
2015-01-02,1701.4459228515625,1716.4366385504134,1686.4552071527116,1701.4459228515625,8784075,0.0,0.0
2015-01-02,1716.4366385504134,1738.9226091093542,1693.950565002137,1701.4459228515625,19089193,0.0,0.0
2015-01-02,1693.9505718683913,1716.4366455078125,1686.455213988584,1716.4366455078125,4239178,0.0,0.0
2015-01-02,1738.9225201123304,1806.3807373046875,1731.427162646513,1806.3807373046875,33951815,0.0,0.0
2015-01-02,1798.8855113050024,1851.3530174001544,1783.8947952778162,1828.866943359375,36828662,0.0,0.0
2015-01-02,1821.3714522363225,1843.8575246337748,1791.3900223730527,1806.3807373046875,15893910,0.0,0.0
2015-01-02,1821.3715853457818,1858.8483754137476,1798.8855113050024,1828.866943359375,24155812,0.0,0.0
2015-01-02,1821.3715719219276,1836.3622878386295,1791.390140088524,1798.885498046875,13747137,0.0,0.0
2015-01-02,1828.8669690338438,1896.3251921031913,1806.3808946773947,1888.829833984375,64887094,0.0,0.0
2015-01-02,1888.8297155931778,1896.3250732421875,1866.3436426461478,1896.3250732421875,19498354,0.0,0.0
2015-01-02,1858.8482395654098,1858.8482395654098,1798.8853798388702,1806.3807373046875,26502832,0.0,0.0
2015-01-02,1843.857551451894,1866.3436241763968,1828.8668363022257,1858.8482666015625,11850588,0.0,0.0
2015-01-02,1858.8483754137476,1873.8390914409338,1821.3715853457818,1828.866943359375,14529101,0.0,0.0
2015-01-02,1806.380767210426,1866.3436279296877,1806.380767210426,1866.3436279296875,16744312,0.0,0.0
2015-01-02,1866.3437367959873,1866.3437367959873,1813.8762306061344,1836.3623046875,29146001,0.0,0.0
2015-01-02,1828.866922970826,1836.3622809008596,1768.904059530558,1783.894775390625,34188869,0.0,0.0
2015-01-02,1783.8947650662108,1806.3808387261715,1746.417975632943,1761.40869140625,22107755,0.0,0.0
2015-01-02,1761.40869140625,1761.40869140625,1761.40869140625,1761.40869140625,0,0.0,0.0
2015-01-02,1753.9133403154135,1791.390129893891,1746.4179823997179,1776.3994140625,22273671,0.0,0.0
2015-01-02,1791.3900146484375,1813.8760869489283,1783.8946572149407,1791.3900146484375,12652814,0.0,0.0
2015-01-02,1776.3994001784522,1783.8947580355652,1708.9412824537703,1746.41796875,20821627,0.0,0.0
2015-01-02,1746.4179722061785,1768.904045822018,1731.4272564622856,1753.913330078125,19746665,0.0,0.0
2015-01-02,1761.4087082551202,1798.885498046875,1746.4179923384183,1798.885498046875,16605073,0.0,0.0
2015-01-02,1813.8761966128252,1813.8761966128252,1761.40869140625,1761.40869140625,10462817,0.0,0.0
2015-01-02,1768.9040662134712,1821.3715719219276,1761.4087082551202,1798.885498046875,25086921,0.0,0.0
2015-01-02,1806.3808693185956,1828.866943359375,1798.8855113050024,1828.866943359375,25305965,0.0,0.0
2015-01-02,1828.8669872448042,1933.8020019531252,1821.3716290513528,1933.802001953125,87581633,0.0,0.0
2015-01-02,1933.8020019531252,1933.8020019531252,1933.8020019531252,1933.802001953125,0,0.0,0.0
2015-01-02,1986.2693985214878,2023.7461873984466,1941.297251869137,1963.7833251953125,122797514,0.0,0.0
2015-01-02,1963.7833251953123,1963.7833251953123,1963.7833251953123,1963.7833251953125,0,0.0,0.0
2015-01-02,1963.7831950258735,1963.7831950258735,1903.8203367973792,1948.79248046875,34911852,0.0,0.0
2015-01-02,1941.2970149403777,1971.2784423828127,1918.8109443585515,1971.2784423828125,36208448,0.0,0.0
2015-01-02,1948.7925842877664,1978.7740149992294,1888.8297228648403,1911.3157958984375,41546452,0.0,0.0
2015-01-02,1918.8112429858402,1918.8112429858402,1813.8762306061344,1836.3623046875,45466857,0.0,0.0
2015-01-02,1836.3622048677717,1888.8297082056317,1813.876132008689,1881.3343505859375,24702748,0.0,0.0
2015-01-02,1888.8297155931778,1911.3157885402074,1858.8482849971379,1896.3250732421875,17675533,0.0,0.0
2015-01-02,1896.3250732421875,1911.3157885402074,1881.3343579441678,1896.3250732421875,14947155,0.0,0.0
2015-01-02,1896.3250732421875,1896.3250732421875,1896.3250732421875,1896.3250732421875,0,0.0,0.0
2015-01-02,1896.3250582893183,1896.3250582893183,1851.3529127498723,1866.3436279296875,9673198,0.0,0.0
2015-01-02,1873.8389817512311,1873.8389817512311,1821.3714787273914,1858.8482666015625,22127904,0.0,0.0
2015-01-02,1836.3622809008596,1836.3622809008596,1776.3994174605916,1783.894775390625,23191047,0.0,0.0
2015-01-02,1798.8855177723817,1858.848382096706,1798.8855177723817,1843.857666015625,16280446,0.0,0.0
2015-01-02,1821.3717012640607,1828.8670597546839,1798.885625792191,1813.8763427734375,15616446,0.0,0.0
2015-01-02,1798.885480839518,1813.8761966128252,1761.40869140625,1761.40869140625,18036293,0.0,0.0
2015-01-02,1768.903942347947,1813.8760869489283,1753.913227480953,1791.3900146484375,26755645,0.0,0.0
2015-01-02,1791.390108710238,1806.38082436436,1708.9412756019021,1731.42724609375,20703663,0.0,0.0
2015-01-02,1723.931991256024,1753.913319574933,1686.4552021207192,1731.42724609375,20304745,0.0,0.0
2015-01-02,1746.4179705137662,1761.408686243132,1701.4459263150047,1708.9412841796875,14253101,0.0,0.0
2015-01-02,1723.9319892878304,1738.9226019355028,1671.4644845583052,1686.4552001953125,18532914,0.0,0.0
2015-01-02,1708.9411458283903,1723.931860344148,1678.959716796875,1678.959716796875,10203137,0.0,0.0
2015-01-02,1678.9598510253181,1753.913326607113,1618.9969881684135,1746.41796875,23182155,0.0,0.0
2015-01-02,1761.4086879500715,1798.8854773098037,1738.922614334232,1753.913330078125,20167195,0.0,0.0
2015-01-02,1723.9319981679964,1776.3994001784522,1723.9319981679964,1746.41796875,5987934,0.0,0.0
2015-01-02,1746.4179823997179,1783.8947719781956,1746.4179823997179,1776.3994140625,12866118,0.0,0.0
2015-01-02,1776.3994174605916,1813.876207110759,1761.4087016005246,1783.894775390625,16866891,0.0,0.0
2015-01-02,1798.8855177723817,1851.3530240561656,1798.8855177723817,1843.857666015625,32752697,0.0,0.0
2015-01-02,1861.4995474992465,1861.4995474992465,1830.8575727085845,1838.51806640625,47702441,47.11173,0.0
2015-01-02,1838.518002395901,1869.159976119724,1838.518002395901,1853.8389892578125,10889988,0.0,0.0
2015-01-02,1853.8389892578125,1853.8389892578125,1853.8389892578125,1853.8389892578125,0,0.0,0.0
2015-01-02,1853.8390118702107,1907.4624665409783,1853.8390118702107,1892.1414794921875,34298167,0.0,0.0
2015-01-02,1892.1414794921875,1892.1414794921875,1892.1414794921875,1892.1414794921875,0,0.0,0.0
2015-01-02,1892.1414794921875,1892.1414794921875,1892.1414794921875,1892.1414794921875,0,0.0,0.0
2015-01-02,1892.1414794921875,1892.1414794921875,1892.1414794921875,1892.1414794921875,0,0.0,0.0
2015-01-02,1892.1414794921875,1892.1414794921875,1892.1414794921875,1892.1414794921875,0,0.0,0.0
2015-01-02,1892.1414794921875,1892.1414794921875,1892.1414794921875,1892.1414794921875,0,0.0,0.0
2015-01-02,1953.4253803354575,1984.067353690264,1915.1229136419493,1976.4068603515625,39073926,0.0,0.0
2015-01-02,1945.7649503239572,1976.4069246760428,1945.7649503239572,1961.0859375,19043381,0.0,0.0
2015-01-02,1961.0858736741593,1984.067353690264,1945.7648869967559,1976.4068603515625,16297330,0.0,0.0
2015-01-02,1976.40682113072,2053.0117529975487,1968.7463279440371,2030.0302734375,55927536,0.0,0.0
2015-01-02,2030.0302734375,2037.6907666241827,1976.40682113072,2030.0302734375,23419434,0.0,0.0
2015-01-02,2030.030313722474,2030.030313722474,1953.4253803354575,1976.4068603515625,22852124,0.0,0.0
2015-01-02,1991.7278361180188,2053.0117824919103,1968.7463562278094,2037.6907958984375,34026218,0.0,0.0
2015-01-02,2060.672145316452,2106.6351021867094,2045.3511596930327,2098.974609375,52678110,0.0,0.0
2015-01-02,2098.9746428643,2098.9746428643,2053.0116852607002,2075.9931640625,21375543,0.0,0.0
2015-01-02,2091.314153981703,2098.9746469304764,2014.7092244939688,2045.3511962890625,29638570,0.0,0.0
2015-01-02,2045.3513760372741,2091.3143377692013,2037.6908824152863,2060.67236328125,14181849,0.0,0.0
2015-01-02,2060.672275788647,2091.314248975593,2022.3698093049645,2037.6907958984375,10323128,0.0,0.0
2015-01-02,2022.3700034726307,2022.3700034726307,1976.4070392793096,1991.72802734375,25135435,0.0,0.0
2015-01-02,1991.7279634369993,2014.709444796274,1869.1600628542,1876.820556640625,114324897,0.0,0.0
2015-01-02,1907.4624372515514,1938.10441087862,1876.8204636244827,1884.48095703125,57946889,0.0,0.0
2015-01-02,1907.462368267087,1938.104340785971,1907.462368267087,1930.44384765625,33920973,0.0,0.0
2015-01-02,1938.1045573070087,1953.4255452780799,1915.1230753504017,1922.7835693359375,15646499,0.0,0.0
2015-01-02,1922.7835193591748,1930.4440131455997,1869.1600628542,1876.820556640625,33957555,0.0,0.0
2015-01-02,1876.820556640625,1892.1415442134748,1861.4995690677752,1876.820556640625,17019075,0.0,0.0
2015-01-02,1876.8203757445847,1892.1413618407319,1853.838896600364,1861.4993896484375,14273362,0.0,0.0
2015-01-02,1876.8204695506795,1884.4809629816352,1846.1784958268568,1853.8389892578125,9703589,0.0,0.0
2015-01-02,1853.8389892578125,1869.159976119724,1838.518002395901,1853.8389892578125,24953760,0.0,0.0
2015-01-02,1861.4995690677752,1892.1415442134748,1853.8390752813502,1876.820556640625,40157106,0.0,0.0
2015-01-02,1892.141450438017,1915.1229306583184,1861.4994768109484,1884.48095703125,34314601,0.0,0.0
2015-01-02,1892.1413618407319,1892.1413618407319,1861.4993896484375,1861.4993896484375,10547238,0.0,0.0
2015-01-02,1876.820492443397,1907.4624665409783,1869.1599989190015,1892.1414794921875,42853854,0.0,0.0
2015-01-02,1899.8018847838475,1907.4623779524657,1861.4994189407569,1869.159912109375,19519178,0.0,0.0
2015-01-02,1869.1600628542,1884.48105042705,1861.4995690677752,1876.820556640625,24561258,0.0,0.0
2015-01-02,1884.4809629816352,1884.4809629816352,1853.8389892578125,1853.8389892578125,18094262,0.0,0.0
2015-01-02,1853.838896600364,1869.1598826965112,1853.838896600364,1861.4993896484375,18563644,0.0,0.0
2015-01-02,1861.4994189407569,1884.4808984466113,1853.8389257721387,1869.159912109375,15363970,0.0,0.0
2015-01-02,1876.820492443397,1892.1414794921875,1869.1599989190015,1892.1414794921875,18017383,0.0,0.0
2015-01-02,1892.141456412591,1899.8019498435467,1853.8389892578125,1853.8389892578125,19709632,0.0,0.0
2015-01-02,1869.159976119724,1876.8204695506795,1846.1784958268568,1853.8389892578125,9299381,0.0,0.0
2015-01-02,1846.1785601039155,1853.839053801581,1807.8760916155877,1838.51806640625,24783905,0.0,0.0
2015-01-02,1838.5179149415626,1846.178408008125,1807.8759426753122,1830.857421875,16262323,0.0,0.0
2015-01-02,1823.1971001356503,1884.48105042705,1823.1971001356503,1876.820556640625,16729566,0.0,0.0
2015-01-02,1876.8204636244827,1884.48095703125,1853.8389834041814,1884.48095703125,20170347,0.0,0.0
2015-01-02,1869.1600411969123,1876.8205348945778,1823.197079010919,1838.51806640625,22153230,0.0,0.0
2015-01-02,1823.1970934083283,1823.1970934083283,1777.234130859375,1777.234130859375,29137447,0.0,0.0
2015-01-02,1769.5735734096975,1777.2340668921354,1715.9502242909994,1723.6107177734375,19353825,0.0,0.0
2015-01-02,1685.3082851795318,1738.9317406644523,1662.326804257423,1700.6292724609375,25938786,0.0,0.0
2015-01-02,1715.9502465178234,1769.5735963311083,1715.9502465178234,1761.9132080078125,20542250,0.0,0.0
2015-01-02,1761.913035937448,1792.55490201322,1746.5920502703825,1784.8944091796875,13754566,0.0,0.0
2015-01-02,1784.8944091796875,1800.2153948467528,1769.573423512622,1784.8944091796875,14808141,0.0,0.0
2015-01-02,1784.8945834944382,1800.2155706577678,1754.2527144261476,1761.9132080078125,8029124,0.0,0.0
2015-01-02,1746.5921920913206,1761.9131790024294,1731.2712051802116,1754.252685546875,12611841,0.0,0.0
2015-01-02,1777.234060655171,1784.8945541107257,1738.931698635766,1754.252685546875,15195691,0.0,0.0
2015-01-02,1723.610775219802,1754.2527501708228,1692.9688002687813,1738.9317626953125,12084040,0.0,0.0
2015-01-02,1754.2527263889983,1784.8945956662462,1723.6107518533806,1769.5736083984375,8379303,0.0,0.0
2015-01-02,1792.5550770761029,1800.2155706577678,1754.2527144261476,1761.9132080078125,13254680,0.0,0.0
2015-01-02,1761.9132513114666,1777.2341335929784,1700.6293011519333,1708.289794921875,15092247,0.0,0.0
2015-01-02,1700.6291250394604,1715.9501109927446,1662.32666015625,1662.32666015625,24278616,0.0,0.0
2015-01-02,1669.9873046875,1738.9317477341215,1624.0243426564189,1669.9873046875,34888214,0.0,0.0
2015-01-02,1677.647705078125,1700.6291848158403,1654.6662253404095,1677.647705078125,17669005,0.0,0.0
2015-01-02,1647.005859375,1654.6663532129076,1624.0243778612773,1647.005859375,20980564,0.0,0.0
2015-01-02,1647.005712852346,1662.3266991651594,1608.7032470703125,1608.7032470703125,46130970,0.0,0.0
2015-01-02,1616.3638046032768,1631.6847915262945,1585.7218307572412,1593.38232421875,18946915,0.0,0.0
2015-01-02,1608.7032874243569,1608.7032874243569,1547.4193406358063,1555.079833984375,31421320,0.0,0.0
2015-01-02,1562.7403627608146,1601.042830371989,1524.43789514964,1532.098388671875,50951079,0.0,0.0
2015-01-02,1532.0985389296013,1578.0615045707434,1532.0985389296013,1539.759033203125,29694626,0.0,0.0
2015-01-02,1547.419189453125,1578.0611598536832,1539.7586968529854,1547.419189453125,21986414,0.0,0.0
2015-01-02,1539.75881339707,1585.721772476836,1539.75881339707,1578.061279296875,32085883,0.0,0.0
2015-01-02,1593.3822607574994,1624.0242333831259,1585.7217676010926,1608.7032470703125,36688635,0.0,0.0
2015-01-02,1608.7032470703125,1631.6847265395327,1593.3822607574994,1608.7032470703125,19382529,0.0,0.0
2015-01-02,1601.0428176802588,1608.703311141768,1585.7218307572412,1593.38232421875,12237574,0.0,0.0
2015-01-02,1593.38232421875,1608.703311141768,1585.7218307572412,1593.38232421875,13303081,0.0,0.0
2015-01-02,1593.3823679690315,1669.9873046875,1593.3823679690315,1669.9873046875,42263469,0.0,0.0
2015-01-02,1685.3081349717472,1738.9315856773283,1677.6476420138072,1692.9686279296875,47952328,0.0,0.0
2015-01-02,1692.9686915699351,1708.2896780617452,1662.3267185863147,1677.647705078125,19909541,0.0,0.0
2015-01-02,1662.326847050815,1677.64783472663,1616.3638840233698,1647.005859375,27279169,0.0,0.0
2015-01-02,1654.6661631399868,1700.6291208876276,1647.0056701820467,1692.9686279296875,25682709,0.0,0.0
2015-01-02,1700.6292940065364,1738.9317626953125,1685.3083065310261,1738.9317626953125,29107280,0.0,0.0
2015-01-02,1746.5922274556979,1754.2527210663593,1715.9502530130521,1731.271240234375,23047531,0.0,0.0
2015-01-02,1738.9317338450364,1746.5922274556979,1708.2897594023907,1731.271240234375,19574108,0.0,0.0
2015-01-02,1723.6107177734375,1731.2712112558754,1692.9687438436856,1723.6107177734375,14261768,0.0,0.0
2015-01-02,1723.6108192772044,1723.6108192772044,1662.3268678086774,1685.308349609375,21334908,0.0,0.0
2015-01-02,1685.308349609375,1723.6108192772044,1662.3268678086774,1685.308349609375,15299472,0.0,0.0
2015-01-02,1685.3082333867496,1715.950207007874,1608.7032993339383,1654.666259765625,64075301,0.0,0.0
2015-01-02,1639.3452849878036,1647.0057784493124,1578.0613372957323,1593.38232421875,39838219,0.0,0.0
2015-01-02,1593.3823435519198,1593.3823435519198,1493.7959273439806,1501.4564208984375,92695415,0.0,0.0
2015-01-02,1509.116971973871,1524.437959666754,1509.116971973871,1516.7774658203125,24435977,0.0,0.0
2015-01-02,1516.7773667230385,1520.6076133960137,1470.8144066473374,1474.6446533203125,22888820,0.0,0.0
2015-01-02,1455.4935015880958,1466.9842422514896,1436.3423724074778,1447.8330078125,32738514,0.0,0.0
2015-01-02,1444.0029576936604,1470.814582349003,1378.8887564746228,1401.8702392578125,39315934,0.0,0.0
2015-01-02,1409.530505008839,1432.5119840663212,1378.8885329321965,1390.3792724609375,26898373,0.0,0.0
2015-01-02,1390.3793480088611,1417.1910750327706,1390.3793480088611,1394.2095947265625,19994300,0.0,0.0
2015-01-02,1390.3794597821548,1401.870200859005,1363.567730602837,1375.0584716796875,17671368,0.0,0.0
2015-01-02,1378.8885498046875,1390.3792894740327,1375.058303248239,1378.8885498046875,9350259,0.0,0.0
2015-01-02,1398.0399035294986,1455.4935015880958,1386.5491628661048,1447.8330078125,32361771,0.0,0.0
2015-01-02,1463.1539773092852,1486.1354583524956,1451.6632367876798,1459.32373046875,24398494,0.0,0.0
2015-01-02,1459.32373046875,1466.9842241498202,1432.512107843375,1459.32373046875,22699604,0.0,0.0
2015-01-02,1466.9840549926214,1478.4747941892351,1447.8328229982649,1463.15380859375,21294161,0.0,0.0
2015-01-02,1447.8329899471448,1478.4749646714254,1447.8329899471448,1459.32373046875,16612840,0.0,0.0
2015-01-02,1463.1538842624182,1482.3051172472024,1455.4933910685045,1466.984130859375,21246547,0.0,0.0
2015-01-02,1478.4749467130214,1489.9656870950535,1466.9842063309893,1470.814453125,23407616,0.0,0.0
2015-01-02,1474.6446240532887,1489.965610441116,1463.1538842624182,1466.984130859375,16648747,0.0,0.0
2015-01-02,1470.8143604104919,1478.474853515625,1432.5120001431883,1478.474853515625,25783789,0.0,0.0
2015-01-02,1486.1355732884592,1555.0800217501724,1482.3053261516973,1539.759033203125,69883812,0.0,0.0
2015-01-02,1547.4195274766487,1555.0800217501724,1520.6077975193157,1539.759033203125,40295781,0.0,0.0
2015-01-02,1539.7589291100337,1555.0799166213287,1516.7774478430913,1528.2681884765625,19619470,0.0,0.0
2015-01-02,1532.0983835079492,1539.7588770043644,1474.6446822848347,1482.30517578125,45114089,0.0,0.0
2015-01-02,1482.3050405881063,1486.1352869869777,1459.3235621948788,1463.15380859375,26539189,0.0,0.0
2015-01-02,1463.1539242582123,1478.4749110648438,1401.8700822900528,1424.8515625,53899178,0.0,0.0
2015-01-02,1401.8701742972007,1417.191162109375,1390.37943343807,1417.191162109375,23379700,0.0,0.0
2015-01-02,1417.1910453657874,1436.342278553389,1382.7188256281047,1386.549072265625,22564080,0.0,0.0
2015-01-02,1390.3792969255528,1428.6817626953125,1390.3792969255528,1428.6817626953125,35930421,0.0,0.0
2015-01-02,1436.3423026049736,1447.8329374515808,1417.1910690966843,1424.8515625,22892309,0.0,0.0
2015-01-02,1436.3423203374164,1436.3423203374164,1390.3793593500836,1413.36083984375,16958179,0.0,0.0
2015-01-02,1417.1911379684882,1451.6632547002978,1413.3608910806904,1447.8330078125,22294044,0.0,0.0
2015-01-02,1428.6817626953125,1432.5120092722884,1409.5305298104327,1428.6817626953125,16971461,0.0,0.0
2015-01-02,1428.6819132652647,1440.1726542072113,1413.3609253426694,1436.3424072265625,13714719,0.0,0.0
2015-01-02,1436.342243384277,1440.172489928013,1409.530517578125,1409.530517578125,9220813,0.0,0.0
2015-01-02,1409.5305640528384,1417.1910573928906,1394.2095773727344,1405.7003173828125,7067061,0.0,0.0
2015-01-02,1405.7003628851874,1478.4749467130214,1405.7003628851874,1470.814453125,44962807,0.0,0.0
2015-01-02,1478.4749862213062,1516.7774551849438,1459.323751739487,1497.626220703125,46559154,0.0,0.0
2015-01-02,1505.286621882955,1601.0427884006426,1486.1353885794174,1585.7218017578125,88182036,0.0,0.0
2015-01-02,1585.7218307572412,1624.0242980647856,1570.4008438342232,1593.38232421875,47475180,0.0,0.0
2015-01-02,1578.0614148338323,1654.6663532129076,1555.0799333201096,1647.005859375,56079944,0.0,0.0
2015-01-02,1647.005712852346,1669.987192321566,1601.042753913906,1608.7032470703125,34289387,0.0,0.0
2015-01-02,1608.703311141768,1616.3638046032768,1570.4008438342232,1593.38232421875,17181613,0.0,0.0
2015-01-02,1593.382312523376,1654.666259765625,1578.0613257128136,1654.666259765625,38872779,0.0,0.0
2015-01-02,1654.666390097172,1669.9873781145081,1608.703426045164,1624.0244140625,22811152,0.0,0.0
2015-01-02,1639.3453215995778,1639.3453215995778,1532.09841074329,1570.40087890625,18663936,0.0,0.0
2015-01-02,1570.4007484144408,1639.345185378859,1532.0982834342085,1631.6846923828125,30312926,0.0,0.0
2015-01-02,1647.005674202966,1685.3081390861764,1616.3637022963976,1662.32666015625,36179407,0.0,0.0
2015-01-02,1662.326804257423,1708.2897661016405,1639.3453233353143,1700.6292724609375,29391723,0.0,0.0
2015-01-02,1685.308349609375,1715.9503253436385,1677.647855675809,1685.308349609375,23149399,0.0,0.0
2015-01-02,1685.3082851795318,1708.2897661016405,1685.3082851795318,1700.6292724609375,14647629,0.0,0.0
2015-01-02,1700.6291250394604,1708.2896180161026,1647.005674202966,1662.32666015625,15515816,0.0,0.0
2015-01-02,1662.3267185863147,1692.9686915699351,1662.3267185863147,1677.647705078125,12252657,0.0,0.0
2015-01-02,1685.3081736461472,1685.3081736461472,1624.0242285762843,1639.34521484375,12141559,0.0,0.0
2015-01-02,1631.6847265395327,1662.3266991651594,1601.042753913906,1608.7032470703125,22966825,0.0,0.0
2015-01-02,1608.7033977277392,1647.0058670968551,1608.7033977277392,1616.3638916015625,11640886,0.0,0.0
2015-01-02,1631.6846882496818,1677.6476461095342,1631.6846882496818,1662.32666015625,26113369,0.0,0.0
2015-01-02,1669.9872465761873,1677.6477399814685,1631.6847795497818,1654.666259765625,22013316,0.0,0.0
2015-01-02,1669.9873046875,1677.6477983593468,1639.3453300001127,1669.9873046875,12255246,0.0,0.0
2015-01-02,1669.9872118322198,1685.30819832403,1647.0057320945045,1677.647705078125,20069829,0.0,0.0
2015-01-02,1669.9873408887224,1692.968822402445,1647.005859375,1647.005859375,18122402,0.0,0.0
2015-01-02,1647.0056783749055,1654.6661713709518,1631.6846923828125,1631.6846923828125,18324450,0.0,0.0
2015-01-02,1654.666390097172,1662.3268841058402,1624.0244140625,1624.0244140625,7919940,0.0,0.0
2015-01-02,1624.024199386766,1647.0056783749055,1624.024199386766,1631.6846923828125,14688826,0.0,0.0
2015-01-02,1639.3453655370924,1654.6663532129076,1639.3453655370924,1647.005859375,11892010,0.0,0.0
2015-01-02,1654.666390097172,1654.666390097172,1624.0244140625,1624.0244140625,10333371,0.0,0.0
2015-01-02,1647.0056783749055,1647.0056783749055,1616.3637063907197,1631.6846923828125,6116029,0.0,0.0
2015-01-02,1647.005859375,1647.005859375,1616.3638840233698,1647.005859375,9313789,0.0,0.0
2015-01-02,1631.6846923828125,1647.0056783749055,1616.3637063907197,1631.6846923828125,12162158,0.0,0.0
2015-01-02,1616.3639200538319,1639.345402079836,1608.703426045164,1624.0244140625,20977638,0.0,0.0
2015-01-02,1608.7032817220577,1624.0242683648876,1585.7218017578125,1585.7218017578125,14326153,0.0,0.0
2015-01-02,1585.7219161062699,1624.0243854753855,1578.0614222324468,1616.3638916015625,10209779,0.0,0.0
2015-01-02,1631.6847795497818,1662.3267531709062,1616.3637927392194,1654.666259765625,20457829,0.0,0.0
2015-01-02,1662.326847050815,1669.9873408887224,1624.0243778612773,1647.005859375,11679269,0.0,0.0
2015-01-02,1654.666259765625,1662.3267531709062,1631.6847795497818,1654.666259765625,17977986,0.0,0.0
2015-01-02,1662.3266942449486,1669.9871873786815,1624.0242285762843,1639.34521484375,10037559,0.0,0.0
2015-01-02,1624.024199386766,1631.6846923828125,1608.7032133946732,1631.6846923828125,17903808,0.0,0.0
2015-01-02,1624.0243778612773,1647.005859375,1616.3638840233698,1647.005859375,8893372,0.0,0.0
2015-01-02,1647.005712852346,1647.005712852346,1601.042753913906,1608.7032470703125,8423990,0.0,0.0
2015-01-02,1616.3638046032768,1616.3638046032768,1578.0613372957323,1593.38232421875,7211365,0.0,0.0
2015-01-02,1593.382359804026,1608.70334706921,1547.419398008474,1570.40087890625,11118488,0.0,0.0
2015-01-02,1570.4008206815126,1578.0613140300816,1532.0983539386684,1555.079833984375,7730274,0.0,0.0
2015-01-02,1562.7403217935675,1601.0427884006426,1547.4193351507374,1585.7218017578125,14893913,0.0,0.0
2015-01-02,1570.4007007209977,1570.4007007209977,1516.7772513772295,1524.437744140625,9801068,0.0,0.0
2015-01-02,1493.7959738067611,1524.4379489776716,1474.6447393249423,1497.626220703125,18143789,0.0,0.0
2015-01-02,1509.116825936158,1516.777319041291,1478.474853515625,1478.474853515625,11574024,0.0,0.0
2015-01-02,1497.6260862784582,1497.6260862784582,1463.1538673053585,1478.474853515625,9250867,0.0,0.0
2015-01-02,1486.1354346134976,1489.9656813928498,1421.0213446228813,1432.5120849609375,20893217,0.0,0.0
2015-01-02,1428.6817852783483,1428.6817852783483,1382.7188256281047,1386.549072265625,19489800,0.0,0.0
2015-01-02,1390.379284859445,1424.851503753069,1336.755833247141,1409.530517578125,36601063,0.0,0.0
2015-01-02,1421.0213397320035,1428.6818332643418,1375.0583785379742,1382.7188720703125,16276619,0.0,0.0
2015-01-02,1409.5306682032879,1444.00289078068,1386.5491864850264,1417.191162109375,41185468,0.0,0.0
2015-01-02,1417.1910865926943,1432.512073588472,1401.8700995969168,1413.36083984375,22535601,0.0,0.0
2015-01-02,1401.8700707127864,1413.3608107228645,1390.3793307027083,1405.7003173828125,12522467,0.0,0.0
2015-01-02,1405.700275699826,1413.3607688127229,1363.5675635788941,1378.8885498046875,11909908,0.0,0.0
2015-01-02,1378.8887373328778,1386.549231487598,1348.2467607139972,1363.5677490234375,17065000,0.0,0.0
2015-01-02,1363.567662649037,1367.3979094837723,1325.2651943016838,1340.586181640625,14932522,0.0,0.0
2015-01-02,1340.5862849772388,1355.9072734971703,1325.2652964573076,1352.0770263671875,15782699,0.0,0.0
2015-01-02,1325.2652603466688,1386.5492127565378,1283.1325430648837,1375.0584716796875,39476784,0.0,0.0
2015-01-02,1375.0582623455914,1459.3235788225268,1363.5675230180514,1451.6630859375,35675244,0.0,0.0
2015-01-02,1451.6630859375,1463.1538252650403,1432.5119589832925,1451.6630859375,19780321,0.0,0.0
2015-01-02,1463.1539595369786,1482.305193507032,1440.1725840312836,1470.814453125,26113144,0.0,0.0
2015-01-02,1466.9842007167374,1474.6446942754415,1432.5120849609375,1432.5120849609375,16894919,0.0,0.0
2015-01-02,1401.8700881619652,1428.6818151858747,1382.7188545734584,1394.2095947265625,19517265,0.0,0.0
2015-01-02,1390.3793480088611,1405.7003348796666,1363.5676209849516,1394.2095947265625,18660672,0.0,0.0
2015-01-02,1371.2282246540706,1394.2097068077715,1363.567730602837,1375.0584716796875,22087607,0.0,0.0
2015-01-02,1378.8886499879784,1378.8886499879784,1329.0954411364191,1340.586181640625,12118709,0.0,0.0
2015-01-02,1302.28369140625,1325.2651720284205,1240.9997430804624,1302.28369140625,22385444,0.0,0.0
2015-01-02,1290.7928034267986,1317.6045277520348,1252.4903401050326,1263.9810791015625,9871756,0.0,0.0
2015-01-02,1279.3021822061169,1321.4348957389052,1275.4719355213178,1294.6231689453125,12701102,0.0,0.0
2015-01-02,1294.623219623801,1359.7374158143016,1283.132479119595,1340.586181640625,27455102,0.0,0.0
2015-01-02,1355.9072057131502,1375.058440405663,1309.9442424511199,1317.604736328125,12960557,0.0,0.0
2015-01-02,1302.2835729379028,1302.2835729379028,1263.9811087186495,1271.6416015625,6602520,0.0,0.0
2015-01-02,1244.8300004038251,1248.6602472066577,1072.4688942763626,1110.7713623046875,21119015,0.0,0.0
2015-01-02,1095.450279889428,1168.2249628185077,1095.450279889428,1149.07373046875,40724416,0.0,0.0
2015-01-02,1149.0738236391642,1183.5460446638413,1133.7528365170856,1141.413330078125,31676834,0.0,0.0
2015-01-02,1110.7713043152266,1110.7713043152266,999.6941528320312,999.6941528320312,24373168,0.0,0.0
2015-01-02,995.8638728238242,1064.808309362785,930.7496827592502,1022.6755981445312,31930660,0.0,0.0
2015-01-02,995.8639141380382,1003.5244074046134,953.731201171875,953.731201171875,16775041,0.0,0.0
2015-01-02,907.7682998250848,919.2590404623231,888.6170654296875,888.6170654296875,71592046,0.0,0.0
2015-01-02,857.975103503937,888.6170244958782,827.3331298828125,827.3331298828125,54587379,0.0,0.0
2015-01-02,773.7097637383243,804.3517408324191,769.8795166015625,769.8795166015625,54420112,0.0,0.0
2015-01-02,731.5769976818458,746.8979852330375,716.25606275984,723.91650390625,62259796,0.0,0.0
2015-01-02,690.8890418703487,690.8890418703487,675.5359497070312,675.5359497070312,13925997,1.755523,0.0
2015-01-02,690.8889873414084,717.7568965066438,629.4766235351562,629.4766235351562,26866068,0.0,0.0
2015-01-02,644.8297144867194,698.5655328171899,625.6383507972655,629.4766235351562,140260757,0.0,0.0
2015-01-02,660.1828262263948,759.9778678144783,652.506280508891,683.2124633789062,154945644,0.0,0.0
2015-01-02,683.2124077626424,683.2124077626424,637.1531372070312,637.1531372070312,46682296,0.0,0.0
2015-01-02,660.1828028043718,667.8593482495265,629.4766210237532,644.8297119140625,57287391,0.0,0.0
2015-01-02,644.8297278958319,675.5359104374872,614.1235453541765,640.991455078125,49629382,0.0,0.0
2015-01-02,637.1532108159712,656.344575764613,610.2852998878726,648.6680297851562,49296650,0.0,0.0
2015-01-02,652.5062480779451,717.7568834336323,652.5062480779451,706.2420654296875,64510801,0.0,0.0
2015-01-02,706.2420908192528,775.3309485872184,690.8889995953792,771.49267578125,79783935,0.0,0.0
2015-01-02,802.1987785553129,844.4197752276125,748.4629646087496,775.3308715820312,91620453,0.0,0.0
2015-01-02,798.3605541848242,798.3605541848242,721.5951538085938,721.5951538085938,48352371,0.0,0.0
2015-01-02,756.1395573739849,756.1395573739849,698.5655200937243,706.2420654296875,49194106,0.0,0.0
2015-01-02,713.9186107656507,725.4333760301321,698.5655200937243,706.2420654296875,31241671,0.0,0.0
2015-01-02,710.0803513619034,763.8161169779614,710.0803513619034,759.9778442382812,52674621,0.0,0.0
2015-01-02,759.9778797001844,783.0075172128688,725.4334234311578,736.9482421875,56725147,0.0,0.0
2015-01-02,729.2716511185237,733.1099237992443,687.0507043700607,690.8889770507812,34313362,0.0,0.0
2015-01-02,717.7569303330632,744.6247880250614,710.0803844955018,736.9482421875,49037646,0.0,0.0
2015-01-02,736.9482746816261,740.7865477696471,694.7273234528642,702.4038696289062,44255695,0.0,0.0
2015-01-02,706.2421340336662,706.2421340336662,667.8594036253725,675.5359497070312,36708446,0.0,0.0
2015-01-02,671.6976136471782,690.8889770507812,656.3445229242958,690.8889770507812,28487179,0.0,0.0
2015-01-02,690.8890418703487,702.4038609928368,675.5359497070312,675.5359497070312,52984390,0.0,0.0
2015-01-02,675.5358626700405,675.5358626700405,633.3148646607303,637.1531372070312,70375593,0.0,0.0
2015-01-02,637.1531690109377,652.5062599625008,617.961805321484,629.4766235351562,41732291,0.0,0.0
2015-01-02,629.4766366250042,656.3445463489527,621.8000909895903,640.991455078125,46125342,0.0,0.0
2015-01-02,640.9914256541243,652.5062435786701,625.6383350880632,633.3148803710938,30112004,0.0,0.0
2015-01-02,640.991492339567,683.2124957886899,637.1532192987376,675.5359497070312,81996556,0.0,0.0
2015-01-02,652.5062834947372,667.859375,644.8297377421057,667.859375,54402327,0.0,0.0
2015-01-02,675.5359046205939,690.8889957592195,664.0210862666248,671.6976318359375,39790831,0.0,0.0
2015-01-02,675.5359046205939,683.2124501899067,667.8593590512811,671.6976318359375,20069942,0.0,0.0
2015-01-02,675.5359407132547,675.5359407132547,644.8297567954279,648.6680297851562,48551380,0.0,0.0
2015-01-02,664.021073000945,667.8593457089211,656.3445275849926,660.1828002929688,22171240,0.0,0.0
2015-01-02,664.021061503216,664.021061503216,625.6383350880632,633.3148803710938,39382345,0.0,0.0
2015-01-02,633.3149017152057,633.3149017152057,591.0939012355967,598.7704467773438,120814856,0.0,0.0
2015-01-02,598.7704357570847,598.7704357570847,568.0642541552379,571.9025268554688,54952978,0.0,0.0
2015-01-02,583.4173449561613,587.2556176563921,556.5494360545454,571.9025268554688,40295219,0.0,0.0
2015-01-02,575.7408128211038,583.4173583984375,552.7111760891024,583.4173583984375,26978292,0.0,0.0
2015-01-02,587.2556311871044,614.1235407077727,583.4173583984375,583.4173583984375,73785757,0.0,0.0
2015-01-02,587.255660127648,598.7704790611103,575.7408411941855,591.0939331054688,40392922,0.0,0.0
2015-01-02,606.4469786563783,606.4469786563783,587.255615234375,587.255615234375,45247475,0.0,0.0
2015-01-02,594.9321740064702,610.2852650899644,591.0939012355967,598.7704467773438,76901797,0.0,0.0
2015-01-02,614.1235639948588,629.4766557317037,602.6087451922252,621.8001098632812,128355464,0.0,0.0
2015-01-02,621.8000862851064,621.8000862851064,583.4173583984375,583.4173583984375,540330361,0.0,0.0
2015-01-02,591.093923018775,721.5952020377496,583.4173771941295,710.0803833007812,591185200,0.0,0.0
2015-01-02,729.2716024849772,832.9049579533489,729.2716024849772,775.3308715820312,678453013,0.0,0.0
2015-01-02,790.684012080188,809.8753754369496,744.6247400239602,748.4630126953125,289061781,0.0,0.0
2015-01-02,748.4630605758003,813.713700162987,729.2716959913337,809.8754272460938,349158821,0.0,0.0
2015-01-02,825.2284932713095,917.3469876748811,825.2284932713095,901.993896484375,393387164,0.0,0.0
2015-01-02,921.1852768434709,978.7593698310544,890.4790939167598,898.1556396484375,367747341,0.0,0.0
2015-01-02,894.3173888358205,921.185299559236,836.7433471679688,836.7433471679688,250689901,0.0,0.0
2015-01-02,840.5815832494231,859.7729472098756,779.1692185759753,786.8457641601562,235057471,0.0,0.0
2015-01-02,763.816169054224,871.2878130925837,736.9482580446341,863.6112670898438,343100873,0.0,0.0
2015-01-02,863.611231015548,909.6704523685594,813.7136840820312,813.7136840820312,312779166,0.0,0.0
2015-01-02,844.419839962555,890.4790598511426,844.419839962555,878.9642944335938,249495060,0.0,0.0
2015-01-02,905.8321039907889,909.6703765117577,863.6111589995936,875.1259765625,170251758,0.0,0.0
2015-01-02,863.6112350438323,890.479092316969,844.419870749116,871.2877807617188,126526677,0.0,0.0
2015-01-02,875.1259943424105,878.9642669413614,848.2580861497545,855.9346313476562,168955837,0.0,0.0
2015-01-02,855.934679281547,863.6112249093492,844.4198608398438,844.4198608398438,55840976,0.0,0.0
2015-01-02,848.2581203109813,855.9346658180344,817.5519382827687,832.905029296875,63800651,0.0,0.0
2015-01-02,844.419796910311,948.0531023002803,832.9049793403742,932.7000122070312,483718338,0.0,0.0
2015-01-02,898.155547342419,944.2148169988427,890.4790023996817,905.8320922851562,253160626,0.0,0.0
2015-01-02,928.86181640625,967.2445448097257,917.3469978852072,928.86181640625,293186035,0.0,0.0
2015-01-02,921.1852368630027,951.8914184570312,909.670418765242,951.8914184570312,145132081,0.0,0.0
2015-01-02,971.0828278507914,994.1124651347913,951.8914634474584,955.729736328125,183509590,0.0,0.0
2015-01-02,959.5679321289062,971.0827498459473,948.0531144118652,959.5679321289062,85570046,0.0,0.0
2015-01-02,967.2444772736003,974.9210224182943,951.8913869842122,959.5679321289062,60583868,0.0,0.0
2015-01-02,967.2444792306792,971.0827518107924,944.21484375,944.21484375,59381148,0.0,0.0
2015-01-02,944.2148730585242,967.2445092540456,936.538327660017,951.8914184570312,51153239,0.0,0.0
2015-01-02,959.5679501359383,971.0827680690637,940.3765869140625,940.3765869140625,52005330,0.0,0.0
2015-01-02,944.2148619604911,1032.4951330057022,940.3765893063514,1028.6568603515625,359680733,0.0,0.0
2015-01-02,1036.3334241962702,1047.8482423646494,1001.7889696911327,1009.4655151367188,182831294,0.0,0.0
2015-01-02,1001.7889722227984,1017.1420631527701,986.4358812928267,994.1124267578125,142945799,0.0,0.0
2015-01-02,1001.7889985108955,1024.8186355101773,1001.7889985108955,1017.14208984375,73528329,0.0,0.0
2015-01-02,978.759376963528,1036.3334703706687,978.759376963528,1013.3038330078125,100548944,0.0,0.0
2015-01-02,1024.8186516892406,1040.1717432644782,1005.6272872201937,1013.3038330078125,76006258,0.0,0.0
2015-01-02,1013.3037878595119,1024.818606027891,1005.6272424139257,1009.4655151367188,44737796,0.0,0.0
2015-01-02,997.9507286203124,1020.980365687501,997.9507286203124,1001.7890014648438,27577119,0.0,0.0
2015-01-02,1005.6272362465813,1005.6272362465813,948.0531457577777,951.8914184570312,128501118,0.0,0.0
2015-01-02,963.406257683052,1009.4655310842112,963.406257683052,1005.6272583007812,110806224,0.0,0.0
2015-01-02,1005.6271529217236,1013.3036976841629,982.5975186344053,986.435791015625,69021479,0.0,0.0
2015-01-02,994.1124267578126,1017.1420631527701,990.2741540253196,994.1124267578125,75027761,0.0,0.0
2015-01-02,994.1124913414654,994.1124913414654,971.0828534503611,978.7593994140625,47833238,0.0,0.0
2015-01-02,978.7593225344816,994.11241325593,971.0827771737574,982.5975952148438,27519713,0.0,0.0
2015-01-02,990.2741268068498,994.1123994338448,971.082763671875,971.082763671875,29046272,0.0,0.0
2015-01-02,971.0827014907462,990.2740633968448,967.2444291095265,986.435791015625,35431211,0.0,0.0
2015-01-02,990.2741268068498,1001.7889446878347,971.082763671875,971.082763671875,88750472,0.0,0.0
2015-01-02,978.7593633307685,982.597636171116,905.8321793641645,928.86181640625,100078887,0.0,0.0
2015-01-02,940.3765957308607,986.4358678952059,936.5383230504985,982.5975952148438,76924309,0.0,0.0
2015-01-02,990.2741956449561,1020.9803787954312,971.0828311759092,1013.3038330078125,148981122,0.0,0.0
2015-01-02,1017.1420423891436,1036.3334056598417,1009.4654970808645,1028.6568603515625,89790765,0.0,0.0
2015-01-02,1028.6568922258346,1036.3334377719814,1005.6272555873935,1020.9803466796875,40304899,0.0,0.0
2015-01-02,1024.818603515625,1028.6568762290087,1009.4655126620896,1024.818603515625,24298315,0.0,0.0
2015-01-02,1028.6568819111126,1113.098882071998,1024.818609176527,1082.3927001953125,198047247,0.0,0.0
2015-01-02,1082.392766850771,1143.8051343860132,1070.8779479379132,1124.61376953125,156047846,0.0,0.0
2015-01-02,1124.6138020230674,1162.9965328415296,1116.937255859375,1116.937255859375,73382224,0.0,0.0
2015-01-02,1116.9371496700594,1128.4519678208626,1101.5840588023218,1113.098876953125,30492462,0.0,0.0
2015-01-02,1113.0988262554856,1178.3494594714396,1113.0988262554856,1155.31982421875,82907967,0.0,0.0
2015-01-02,1159.1580810546875,1197.5408059557647,1151.4815360744722,1159.1580810546875,81753874,0.0,0.0
2015-01-02,1162.996428160087,1182.1877918419011,1147.6433372146355,1170.6729736328125,45272689,0.0,0.0
2015-01-02,1178.3494985409225,1205.2174072265625,1170.6729532021684,1205.2174072265625,60180110,0.0,0.0
2015-01-02,1212.8939685505145,1212.8939685505145,1189.8643322307353,1201.379150390625,31687528,0.0,0.0
2015-01-02,1201.3792081862325,1243.6002101369836,1201.3792081862325,1216.7322998046875,53138262,0.0,0.0
2015-01-02,1224.4087070405267,1228.246979510741,1193.702527278812,1220.5704345703125,26162221,0.0,0.0
2015-01-02,1220.5704819198365,1235.9235723962856,1186.0260283478267,1209.0556640625,43244555,0.0,0.0
2015-01-02,1174.511195206783,1224.4087386059339,1174.511195206783,1212.8939208984375,23420448,0.0,0.0
2015-01-02,1220.5705727093011,1220.5705727093011,1201.3792081862325,1216.7322998046875,23452415,0.0,0.0
2015-01-02,1220.570513990441,1228.2470594303672,1201.379150390625,1201.379150390625,28224122,0.0,0.0
2015-01-02,1182.187697359631,1201.3790595076418,1162.9963352116201,1193.7025146484375,20732366,0.0,0.0
2015-01-02,1197.5408185681588,1201.3790910986909,1178.3494559154983,1186.0260009765625,15709872,0.0,0.0
2015-01-02,1189.8642933275012,1201.3791111109078,1151.4815673828125,1151.4815673828125,34291976,0.0,0.0
2015-01-02,1136.1285184795124,1136.1285184795124,1078.5544274607269,1082.3927001953125,89060354,0.0,0.0
2015-01-02,1044.0099696418563,1047.8482423646494,1009.4655151367188,1009.4655151367188,61707232,0.0,0.0
2015-01-02,944.2148912182178,1051.6865288642753,940.3766184451443,1020.9803466796875,180643662,0.0,0.0
2015-01-02,1036.3335206984361,1070.8779784203132,1024.8187014578104,1059.3631591796875,102758189,0.0,0.0
2015-01-02,1070.8779784203132,1082.3927976609389,1044.0100668588532,1059.3631591796875,59665028,0.0,0.0
2015-01-02,1059.3630415846794,1074.7161322012378,1020.9803150432833,1028.6568603515625,28813720,0.0,0.0
2015-01-02,1020.980382065524,1044.0100195021419,990.2741988167003,997.9507446289062,34559647,0.0,0.0
2015-01-02,997.9506969683396,1024.818606027891,986.4358787999604,1009.4655151367188,37397323,0.0,0.0
2015-01-02,1009.4654755694174,1013.3037481417645,951.8913869842122,959.5679321289062,45053869,0.0,0.0
2015-01-02,940.3766676029634,951.8914865241164,913.5087567869396,921.185302734375,65565615,0.0,0.0
2015-01-02,928.8618060677608,944.2148972582669,875.1260396404545,901.993896484375,43126141,0.0,0.0
2015-01-02,894.3173325701468,898.1556052891511,867.4494762765808,878.9642944335938,34542200,0.0,0.0
2015-01-02,882.8026342157988,967.2445877091675,878.9643612052153,948.05322265625,104448750,0.0,0.0
2015-01-02,959.5680324715519,978.7593973401403,909.670483813222,921.185302734375,82963234,0.0,0.0
2015-01-02,932.7000760067313,948.0531671501814,909.6704392915562,917.3469848632812,64958571,0.0,0.0
2015-01-02,936.5383946292458,944.2149405766811,894.3173919183512,921.185302734375,47157081,0.0,0.0
2015-01-02,936.5384036244996,951.8914956668335,925.0235845927491,948.05322265625,55962655,0.0,0.0
2015-01-02,948.0531806079879,951.8914534483354,905.8321793641645,928.86181640625,38395631,0.0,0.0
2015-01-02,940.3766003592706,951.8914184570312,925.0235095622562,951.8914184570312,35232089,0.0,0.0
2015-01-02,967.2445549701249,974.9211007314581,951.8914634474584,955.729736328125,58730880,0.0,0.0
2015-01-02,948.0531322028128,955.7296774915632,936.5383142696874,940.3765869140625,26482571,0.0,0.0
2015-01-02,951.8914956668335,955.7297686774169,936.5384036244996,948.05322265625,18901103,0.0,0.0
2015-01-02,951.8913889102264,955.7296614903396,936.5382985897736,944.21484375,25284804,0.0,0.0
2015-01-02,951.8913560109619,986.4358080380555,951.8913560109619,967.2444458007812,67419165,0.0,0.0
2015-01-02,974.9210886784,1020.9803626769636,951.8914516791182,1017.14208984375,101863663,0.0,0.0
2015-01-02,1017.1420113385989,1051.6864641713084,1005.6271937276957,1036.3333740234375,66386526,0.0,0.0
2015-01-02,1032.495151473477,1047.8482423646494,1005.6272424139257,1009.4655151367188,37611077,0.0,0.0
2015-01-02,1013.3036976841629,1020.9802424466023,978.7592462531857,986.435791015625,63919065,0.0,0.0
2015-01-02,994.1124399504914,1005.6272583007812,986.4358943836316,1005.6272583007812,35253251,0.0,0.0
2015-01-02,997.9507155100899,1005.627261098305,986.4358971277675,990.274169921875,37880887,0.0,0.0
2015-01-02,997.9506081592841,1005.6271529217236,982.5975186344053,986.435791015625,32459249,0.0,0.0
2015-01-02,978.7592631431459,990.2740804855104,967.2444458007812,967.2444458007812,29822946,0.0,0.0
2015-01-02,1013.3038449503563,1143.8051248779307,1013.3038449503563,1097.745849609375,367044957,0.0,0.0
2015-01-02,1105.4222760236635,1109.2605485479048,1063.2012782570087,1067.03955078125,102149344,0.0,0.0
2015-01-02,1059.3630057327673,1086.2309134024567,1051.6864606842846,1067.03955078125,70391127,0.0,0.0
2015-01-02,1055.524733208526,1082.3926408782154,1051.6864606842846,1067.03955078125,32766542,0.0,0.0
2015-01-02,1074.7161865234375,1086.23100506788,1070.87791367529,1074.7161865234375,31113576,0.0,0.0
2015-01-02,1082.3925798292319,1093.9073967524987,1051.6864013671875,1051.6864013671875,50439825,0.0,0.0
2015-01-02,1082.3926220869714,1105.4222568326059,1067.0395322565485,1101.583984375,101468234,0.0,0.0
2015-01-02,1113.098967858196,1189.8644284662007,1093.9076027061947,1178.349609375,232838095,0.0,0.0
2015-01-02,1216.7322412704777,1232.0853321503305,1178.3495140708458,1201.379150390625,154116628,0.0,0.0
2015-01-02,1224.408886952086,1235.9237060546875,1209.0557948152841,1235.9237060546875,149003072,0.0,0.0
2015-01-02,1235.9236158204396,1258.953252344259,1224.40879755853,1228.2470703125,96844432,0.0,0.0
2015-01-02,1228.246979510741,1232.0852519809555,1201.3790722192407,1220.5704345703125,52229890,0.0,0.0
2015-01-02,1212.8939325774422,1243.6001134264368,1205.2173873651934,1239.7618408203125,46902804,0.0,0.0
2015-01-02,1258.953215459157,1289.6593965912791,1251.2766701761263,1266.6297607421875,79933529,0.0,0.0
2015-01-02,1278.1445786667334,1285.821123949764,1258.953215459157,1266.6297607421875,46030790,0.0,0.0
2015-01-02,1266.6297258151185,1312.6889962432265,1262.791453279443,1305.012451171875,66740194,0.0,0.0
2015-01-02,1305.012435518177,1328.0420704559892,1289.6593455596355,1308.8507080078125,78278537,0.0,0.0
2015-01-02,1308.8507874410116,1316.5273328861663,1274.3063329378158,1289.659423828125,40077525,0.0,0.0
2015-01-02,1293.497722910087,1320.3656325156528,1289.659450109292,1312.6890869140625,45070416,0.0,0.0
2015-01-02,1320.3655847599048,1328.0421300838452,1308.850766773994,1324.203857421875,50329627,0.0,0.0
2015-01-02,1331.8804027458154,1358.748311379607,1305.012494112024,1324.203857421875,68346785,0.0,0.0
2015-01-02,1316.5273541792803,1343.395263671875,1312.689081394624,1343.395263671875,45150784,0.0,0.0
2015-01-02,1351.071841505263,1358.7483872578941,1331.8804771236844,1335.71875,34659151,0.0,0.0
2015-01-02,1347.2335030764941,1347.2335030764941,1243.6001404584674,1262.79150390625,90564288,0.0,0.0
2015-01-02,1270.4680553822477,1328.04214600189,1262.7915099662955,1320.3656005859375,83654475,0.0,0.0
2015-01-02,1328.0422042473685,1339.5570228763158,1320.3656584947373,1335.71875,47539115,0.0,0.0
2015-01-02,1343.3952368337943,1354.9100549577229,1316.5273278779614,1320.3656005859375,86371372,0.0,0.0
2015-01-02,1320.3656005859375,1328.04214600189,1305.012509754033,1320.3656005859375,33464536,0.0,0.0
2015-01-02,1335.718643664504,1347.2334613767657,1320.3655533814883,1331.88037109375,64389460,0.0,0.0
2015-01-02,1335.7187075212516,1339.556980275502,1312.6890709957497,1316.52734375,42933886,0.0,0.0
2015-01-02,1328.0421781172429,1335.7187237188332,1308.8508141132675,1312.6890869140625,47517840,0.0,0.0
2015-01-02,1312.6889804974478,1324.203797966354,1305.012435518177,1308.8507080078125,32382370,0.0,0.0
2015-01-02,1328.0421321637798,1420.1606761953383,1316.527314159835,1412.484130859375,231572679,0.0,0.0
2015-01-02,1416.3224194456789,1454.7050410779577,1400.9693286011961,1408.6458740234375,140055332,0.0,0.0
2015-01-02,1420.1606819106005,1512.2791208339515,1416.3224092271723,1466.2198486328125,112893452,0.0,0.0
2015-01-02,1470.0582114562192,1489.2495760501229,1447.0286794224685,1473.896484375,70031493,0.0,0.0
2015-01-02,1473.8964207068373,1496.9260572247065,1462.3816024479027,1489.24951171875,52470209,0.0,0.0
2015-01-02,1496.9259900138854,1535.3087158203125,1493.0877174332427,1535.3087158203125,59152423,0.0,0.0
2015-01-02,1535.3087967720412,1535.3087967720412,1427.8372643263529,1431.675537109375,114624536,0.0,0.0
2015-01-02,1439.3520443123714,1458.5433022370473,1331.8804092521946,1381.7779541015625,170823458,0.0,0.0
2015-01-02,1400.9693763575851,1431.6755590932662,1354.9101022540635,1397.131103515625,63959475,0.0,0.0
2015-01-02,1420.1606526867424,1420.1606526867424,1347.2334732022905,1358.748291015625,90862576,0.0,0.0
2015-01-02,1358.748311379607,1366.4248567035474,1301.1742214500537,1324.203857421875,80667542,0.0,0.0
2015-01-02,1331.8804652023027,1404.8076491995453,1308.850828150542,1397.131103515625,74733187,0.0,0.0
2015-01-02,1400.9694086349236,1408.645954495706,1374.1014981221851,1389.45458984375,37869406,0.0,0.0
2015-01-02,1408.6458467584755,1420.1606646689631,1328.0421213850616,1385.6162109375,77657985,0.0,0.0
2015-01-02,1412.4842274260973,1412.4842274260973,1385.6163169133588,1389.45458984375,35726234,0.0,0.0
2015-01-02,1397.13099358747,1443.190264066986,1397.13099358747,1423.9989013671875,77218658,0.0,0.0
2015-01-02,1420.1606819106005,1481.5729393665254,1420.1606819106005,1466.2198486328125,91715905,0.0,0.0
2015-01-02,1470.0581372469203,1489.249500872034,1447.0286063757123,1462.381591796875,60337246,0.0,0.0
2015-01-02,1462.3815976490632,1477.7346886105945,1431.6755212049295,1435.5137939453125,56176522,0.0,0.0
2015-01-02,1435.5137882006443,1496.9260463220796,1427.8372427505988,1462.381591796875,76268301,0.0,0.0
2015-01-02,1466.2197938278205,1477.7346114476995,1404.8075386673893,1423.9989013671875,56248111,0.0,0.0
2015-01-02,1397.1311930817703,1443.1904701380224,1389.4546469057284,1404.8077392578125,45835609,0.0,0.0
2015-01-02,1420.1606809087684,1423.998953589489,1366.4248633786801,1381.7779541015625,44851483,0.0,0.0
2015-01-02,1385.6162637131101,1435.5138098923971,1362.5866270149777,1431.675537109375,64487614,0.0,0.0
2015-01-02,1450.86668771067,1458.5432327061592,1412.4840682121467,1427.837158203125,59938890,0.0,0.0
2015-01-02,1427.8372262702096,1435.5137716316508,1370.2631360594007,1381.7779541015625,41847892,0.0,0.0
2015-01-02,1381.7780181928201,1393.2928367690758,1335.7187438877972,1366.4249267578125,31026454,0.0,0.0
2015-01-02,1366.424906125194,1377.9397245275793,1281.9829045077017,1312.6890869140625,43828862,0.0,0.0
2015-01-02,1312.6889962432265,1328.042086385929,1251.276635672416,1305.012451171875,42862634,0.0,0.0
2015-01-02,1251.2766270012644,1305.0124421283429,1224.4087194377253,1247.4383544921875,47638169,0.0,0.0
2015-01-02,1258.953224597842,1281.9828606141048,1162.996407863414,1205.2174072265625,79506696,0.0,0.0
2015-01-02,1189.8644607027702,1285.8212890625,1155.3200024932676,1285.8212890625,70003127,0.0,0.0
2015-01-02,1297.336021236843,1366.4249330105256,1270.468111102633,1335.71875,130334520,0.0,0.0
2015-01-02,1366.4248404201148,1381.7779308850359,1312.6890237928915,1328.0421142578125,98186278,0.0,0.0
2015-01-02,1328.0421725332496,1366.4249003798134,1312.689081394624,1343.395263671875,68242103,0.0,0.0
2015-01-02,1354.9099562180731,1374.101318359375,1339.5568665050316,1374.101318359375,56937213,0.0,0.0
2015-01-02,1385.616135644156,1404.807497785458,1374.101318359375,1374.101318359375,47314892,0.0,0.0
2015-01-02,1377.9396419427967,1397.1310047965662,1331.88037109375,1331.88037109375,51900648,0.0,0.0
2015-01-02,1331.8804771236844,1347.233568628947,1324.203931371053,1335.71875,21165390,0.0,0.0
2015-01-02,1343.3952047227335,1347.2334773389637,1324.2038416415824,1328.0421142578125,12773367,0.0,0.0
2015-01-02,1343.3951780280347,1435.5137189870666,1335.7186329481153,1423.9989013671875,88930795,0.0,0.0
2015-01-02,1431.6754387058136,1493.0876935341792,1427.837166186608,1481.5728759765625,238252979,0.0,0.0
2015-01-02,1481.5729449800026,1493.0877630739155,1431.675505385308,1439.35205078125,124868646,0.0,0.0
2015-01-02,1439.3519756963585,1466.2197777016481,1416.3223407098913,1427.837158203125,109776286,0.0,0.0
2015-01-02,1427.8372169940487,1447.0285802729722,1408.6458537151254,1443.1903076171875,47948388,0.0,0.0
2015-01-02,1450.8666958229185,1489.2494210149737,1450.8666958229185,1481.5728759765625,95876403,0.0,0.0
2015-01-02,1489.2494448526,1550.6618061428833,1485.4111722719572,1535.3087158203125,223051773,0.0,0.0
2015-01-02,1542.9854269378645,1627.4274327941898,1519.9557889770485,1612.0743408203125,235595515,0.0,0.0
2015-01-02,1627.427400325974,1650.4570378273343,1604.3977628246141,1619.7508544921875,112715155,0.0,0.0
2015-01-02,1573.6914651123636,1650.4569178708584,1550.6618292848152,1589.0445556640625,100361304,0.0,0.0
2015-01-02,1612.074245240547,1635.1038818359375,1581.3680631133598,1635.1038818359375,74060182,0.0,0.0
2015-01-02,1650.4569091796875,1673.486544885964,1635.1038187088368,1650.4569091796875,48254218,0.0,0.0
2015-01-02,1658.1335508923805,1658.1335508923805,1604.397731117824,1627.4273681640625,28441254,0.0,0.0
2015-01-02,1627.4273363041407,1665.8100639631248,1581.3680631133598,1635.1038818359375,52553054,0.0,0.0
2015-01-02,1612.0743086584007,1658.1335836611208,1596.7212169908275,1619.7508544921875,43121188,0.0,0.0
2015-01-02,1635.1038187088368,1665.8099996505384,1627.4272734734113,1650.4569091796875,44821542,0.0,0.0
2015-01-02,1650.456893239594,1650.456893239594,1535.3087158203125,1535.3087158203125,84013996,0.0,0.0
2015-01-02,1500.7642935301046,1558.3383834265323,1462.381566932486,1527.6322021484375,118494963,0.0,0.0
2015-01-02,1527.6322499804535,1542.9853411002248,1493.087794960968,1516.117431640625,77933311,0.0,0.0
2015-01-02,1519.955720445507,1550.6619030087859,1508.4409019842776,1512.2791748046875,33601298,0.0,0.0
2015-01-02,1516.1174636909157,1542.9853737184953,1500.7643722465843,1508.44091796875,44940294,0.0,0.0
2015-01-02,1516.1173447400379,1519.9556172999792,1473.8963465806837,1477.734619140625,28394315,0.0,0.0
2015-01-02,1481.572982088705,1496.926073265135,1450.866799735845,1485.4112548828125,49984851,0.0,0.0
2015-01-02,1485.4113031313423,1489.2495760501229,1466.2199385374386,1473.896484375,21431035,0.0,0.0
2015-01-02,1489.2495498003286,1489.2495498003286,1439.3521082146146,1450.8668212890625,31819562,0.0,0.0
2015-01-02,1450.8669108351262,1462.381730099189,1393.2929199937494,1404.8077392578125,64824060,0.0,0.0
2015-01-02,1404.807497785458,1416.322315070239,1366.4247735028541,1374.101318359375,56681473,0.0,0.0
2015-01-02,1374.1014564076202,1408.6459117324507,1354.9100923382698,1370.26318359375,42637511,0.0,0.0
2015-01-02,1397.131024569931,1420.1606603203888,1374.101388819473,1416.3223876953125,67999758,0.0,0.0
2015-01-02,1420.1606809087684,1439.3520443123714,1370.2631360594007,1381.7779541015625,63680097,0.0,0.0
2015-01-02,1381.7780245157885,1389.45457026842,1331.8804771236844,1335.71875,48706715,0.0,0.0
2015-01-02,1343.3952368337943,1358.748327665699,1308.8507824620092,1320.3656005859375,51804746,0.0,0.0
2015-01-02,1343.395220731726,1347.2334933936963,1305.012494112024,1324.203857421875,27094455,0.0,0.0
2015-01-02,1331.8804509180382,1339.5569965196282,1308.8508141132675,1312.6890869140625,20788985,0.0,0.0
2015-01-02,1312.6890082399807,1331.88037109375,1305.0124630984728,1331.88037109375,23043366,0.0,0.0
2015-01-02,1331.8803589216047,1335.7186314572803,1278.1445434221455,1305.012451171875,52175523,0.0,0.0
2015-01-02,1289.6594975800188,1312.689135232481,1289.6594975800188,1301.17431640625,53839295,0.0,0.0
2015-01-02,1301.174190527719,1358.7482790890272,1297.3359179569652,1331.88037109375,122349069,0.0,0.0
2015-01-02,1331.8803833672969,1331.8803833672969,1239.7618408203125,1239.7618408203125,178773340,0.0,0.0
2015-01-02,1243.6002684727373,1251.276814642062,1205.2175376261134,1232.08544921875,84151434,0.0,0.0
2015-01-02,1243.6001975290103,1285.821199051713,1243.6001975290103,1278.1446533203125,86302034,0.0,0.0
2015-01-02,1278.1445345648037,1281.9828070738806,1243.6000819831104,1247.4383544921875,42145280,0.0,0.0
2015-01-02,1251.2766465900922,1262.7914642975886,1209.0556483292721,1212.8939208984375,116918764,0.0,0.0
2015-01-02,1224.4087616855195,1270.4680333837027,1224.4087616855195,1266.6297607421875,100846557,0.0,0.0
2015-01-02,1266.6298573318297,1270.4681302660408,1235.92367385814,1243.6002197265625,32061795,0.0,0.0
2015-01-02,1232.085433020487,1251.2767981914894,1228.2471599862865,1235.9237060546875,21712327,0.0,0.0
2015-01-02,1235.9235455297132,1316.527268778902,1220.5704553870107,1305.012451171875,149361468,0.0,0.0
2015-01-02,1305.0125530947203,1308.850825930169,1247.4384605629887,1251.2767333984375,128697201,0.0,0.0
2015-01-02,1251.2766628727345,1255.1149354918466,1205.2173914433877,1209.0556640625,127346125,0.0,0.0
2015-01-02,1209.05575399546,1232.0853914231425,1209.05575399546,1216.7322998046875,65016540,0.0,0.0
2015-01-02,1216.7322998046875,1228.2471185185286,1212.8940269000736,1216.7322998046875,40409469,0.0,0.0
2015-01-02,1220.5704777896908,1247.4383860325613,1220.5704777896908,1239.7618408203125,62398247,0.0,0.0
2015-01-02,1239.761796921384,1243.6000693915985,1220.5704345703125,1220.5704345703125,27605147,0.0,0.0
2015-01-02,1228.2471761340876,1235.9237223034124,1220.570629964763,1232.08544921875,33223204,0.0,0.0
2015-01-02,1235.9236158204396,1239.7618885744096,1212.8939792966205,1228.2470703125,41267187,0.0,0.0
2015-01-02,1220.570504321128,1262.79150390625,1220.570504321128,1262.79150390625,89556075,0.0,0.0
2015-01-02,1270.4680975756812,1274.30637041113,1239.7619148920912,1251.2767333984375,39863658,0.0,0.0
2015-01-02,1262.7914764570585,1262.7914764570585,1235.9235682141882,1239.7618408203125,30395884,0.0,0.0
2015-01-02,1243.6001561187495,1266.629792546094,1243.6001561187495,1258.9532470703125,35207101,0.0,0.0
2015-01-02,1255.1150062338863,1255.1150062338863,1239.7619148920912,1251.2767333984375,24148946,0.0,0.0
2015-01-02,1243.6002101369836,1251.276755946211,1216.7322998046875,1216.7322998046875,30988521,0.0,0.0
2015-01-02,1220.5704819198365,1224.4087545389489,1189.8643009669388,1209.0556640625,45176786,0.0,0.0
2015-01-02,1209.0557442512104,1209.0557442512104,1189.8643798828125,1189.8643798828125,22471892,0.0,0.0
2015-01-02,1170.6730155144144,1201.3791985038513,1170.6730155144144,1189.8643798828125,36705407,0.0,0.0
2015-01-02,1201.3790595076418,1209.0556043668462,1186.0259697892332,1193.7025146484375,31073279,0.0,0.0
2015-01-02,1189.8644284662007,1201.3792475574014,1174.5113363445998,1178.349609375,27479303,0.0,0.0
2015-01-02,1178.3494831096023,1232.0852997771733,1178.3494831096023,1209.0556640625,72969573,0.0,0.0
2015-01-02,1220.570540672693,1247.4384502997805,1220.570540672693,1224.4088134765625,33881914,0.0,0.0
2015-01-02,1228.246979510741,1235.9235244511697,1209.0556171596695,1220.5704345703125,29646900,0.0,0.0
2015-01-02,1220.570416445111,1258.9531405772793,1220.570416445111,1255.1148681640625,39353304,0.0,0.0
2015-01-02,1266.629792546094,1274.3063380218755,1247.4384288566403,1258.9532470703125,44796441,0.0,0.0
2015-01-02,1266.6297765958066,1270.4680492853631,1251.2766858375803,1262.79150390625,28723445,0.0,0.0
2015-01-02,1266.629792546094,1285.821156235548,1255.1149743324218,1258.9532470703125,49309144,0.0,0.0
2015-01-02,1266.6299069807117,1270.4681800653739,1224.4089030494254,1232.08544921875,39274061,0.0,0.0
2015-01-02,1232.08534306647,1243.6001613283795,1224.40879755853,1228.2470703125,18827375,0.0,0.0
2015-01-02,1228.2471761340876,1247.4385415573995,1220.570629964763,1232.08544921875,18963800,0.0,0.0
2015-01-02,1224.4087070405267,1235.9235244511697,1193.702527278812,1220.5704345703125,50217065,0.0,0.0
2015-01-02,1216.7322520505904,1243.6001613283795,1216.7322520505904,1228.2470703125,34184142,0.0,0.0
2015-01-02,1239.7618612509566,1243.6001339203337,1205.2174072265625,1205.2174072265625,47805435,0.0,0.0
2015-01-02,1205.2173319372441,1205.2173319372441,1189.8642422188354,1193.7025146484375,32429871,0.0,0.0
2015-01-02,1193.7025146484375,1197.5407870780398,1189.8642422188354,1193.7025146484375,29294920,0.0,0.0
2015-01-02,1189.864412166579,1189.864412166579,1170.673047277475,1182.1878662109375,26626087,0.0,0.0
2015-01-02,1182.18784719219,1182.18784719219,1109.2606617868294,1128.4520263671875,77638963,0.0,0.0
2015-01-02,1074.7161547261412,1101.5840638682412,1067.0396092569697,1082.3927001953125,55972110,0.0,0.0
2015-01-02,1093.9076173682977,1124.6138020230674,1078.5545250409127,1116.937255859375,41181528,0.0,0.0
2015-01-02,1116.937106106514,1120.7753786737453,1090.0691981358934,1093.907470703125,23461420,0.0,0.0
2015-01-02,1093.9075023880634,1101.584047744877,1082.3926843528434,1086.23095703125,24998672,0.0,0.0
2015-01-02,1086.2310707411475,1101.5841630619816,1059.3631591796875,1059.3631591796875,28825539,0.0,0.0
2015-01-02,1063.2013306494632,1070.877876076231,1024.818603515625,1024.818603515625,21004315,0.0,0.0
2015-01-02,1024.818619452761,1051.6865288642753,1017.142073906614,1020.9803466796875,26700152,0.0,0.0
2015-01-02,1028.6567675206543,1059.3629459826986,1024.8184952128986,1051.6864013671875,22673152,0.0,0.0
2015-01-02,1059.363101246853,1082.3927384686945,1044.010009765625,1044.010009765625,22217390,0.0,0.0
2015-01-02,1044.0100668588532,1067.0397053401045,1044.0100668588532,1059.3631591796875,15729457,0.0,0.0
2015-01-02,1067.0395382125873,1070.8778106916177,1036.3333583803446,1040.171630859375,12122424,0.0,0.0
2015-01-02,1040.1716465604052,1051.6864641713084,1036.3333740234375,1036.3333740234375,11583592,0.0,0.0
2015-01-02,1040.1716623781717,1051.6864801641793,1028.6568445921641,1032.4951171875,8048147,0.0,0.0
2015-01-02,1044.0099349735076,1055.5247527595152,1028.6568445921641,1032.4951171875,14152358,0.0,0.0
2015-01-02,1044.009967082544,1047.8482397959278,1017.1420580888573,1024.818603515625,23202754,0.0,0.0
2015-01-02,1028.656881350249,1036.3334268152348,990.2741540253196,994.1124267578125,49084359,0.0,0.0
2015-01-02,994.1124913414654,1013.303856250719,974.9211264322118,978.7593994140625,31115940,0.0,0.0
2015-01-02,978.7592969710188,982.5975695511321,936.5382985897736,944.21484375,44992748,0.0,0.0
2015-01-02,948.0530672034281,1017.1419700653827,948.0530672034281,986.435791015625,77729462,0.0,0.0
2015-01-02,997.9506969683396,1020.9803333050979,990.2741515227535,1009.4655151367188,50898963,0.0,0.0
2015-01-02,1005.627261098305,1017.1420794806274,978.7593515395524,990.274169921875,29674140,0.0,0.0
2015-01-02,997.9507414325749,1044.0100161582875,994.1124685387655,1013.3038330078125,74020448,0.0,0.0
2015-01-02,1020.9803569205517,1059.3630850362815,1020.9803569205517,1047.8482666015625,64321248,0.0,0.0
2015-01-02,1051.6864482964659,1055.5247207754962,1028.6568134222841,1040.171630859375,26735046,0.0,0.0
2015-01-02,1044.0099033384054,1055.5247207754962,1028.6568134222841,1040.171630859375,22313067,0.0,0.0
2015-01-02,1047.8482236222605,1055.5247689305397,1024.8185876974228,1028.6568603515625,26839503,0.0,0.0
2015-01-02,1028.656895001361,1036.3334405682208,997.9507127339214,1005.6272583007812,26413796,0.0,0.0
2015-01-02,1020.9802838755667,1047.8481916343408,1013.3037388016312,1036.3333740234375,45484529,0.0,0.0
2015-01-02,1047.8482423646494,1047.8482423646494,997.9506969683396,1009.4655151367188,29205434,0.0,0.0
2015-01-02,1013.3036976841629,1020.9802424466023,974.920973871966,986.435791015625,38257518,0.0,0.0
2015-01-02,986.4358787999604,1017.1420605823049,978.7593333543742,1009.4655151367188,31056620,0.0,0.0
2015-01-02,1017.1420423891436,1047.8482236222605,1013.303769735004,1028.6568603515625,35566510,0.0,0.0
2015-01-02,1036.3333821946528,1097.7457432703566,1032.4951096274212,1093.907470703125,141044410,0.0,0.0
2015-01-02,1105.4222760236635,1113.0988210721462,1059.3630057327673,1067.03955078125,55400185,0.0,0.0
2015-01-02,1067.0396306594275,1074.7161762825735,1044.0099937899895,1047.8482666015625,35424570,0.0,0.0
2015-01-02,1047.8482348826644,1063.2013256642106,1032.4951441011183,1055.5247802734375,26739661,0.0,0.0
2015-01-02,1067.0394905982098,1067.0394905982098,1051.6864013671875,1051.6864013671875,18596511,0.0,0.0
2015-01-02,1059.3629459826986,1063.201218290454,1036.3333121361654,1051.6864013671875,20094480,0.0,0.0
2015-01-02,1051.6865075780509,1063.2013256642106,1020.9803260149588,1055.5247802734375,30448450,0.0,0.0
2015-01-02,1055.5247450308102,1124.6136512409769,1051.6864724635786,1093.907470703125,148460750,0.0,0.0
2015-01-02,1093.9073967524987,1097.7456690602542,1024.8184952128986,1051.6864013671875,80062187,0.0,0.0
2015-01-02,1047.8482922542662,1070.8779296875,1036.3334735376493,1070.8779296875,28243933,0.0,0.0
2015-01-02,1078.5544849141436,1097.745849609375,1074.7162119750972,1097.745849609375,40936707,0.0,0.0
2015-01-02,1105.4223528975267,1105.4223528975267,1070.877897777046,1078.554443359375,23396247,0.0,0.0
2015-01-02,1082.3927322197326,1086.23100506788,1070.87791367529,1074.7161865234375,14084934,0.0,0.0
2015-01-02,1074.7160958297327,1074.7160958297327,1051.6864606842846,1067.03955078125,28914125,0.0,0.0
2015-01-02,1059.3630951308476,1082.3927322197326,1059.3630951308476,1074.7161865234375,20769511,0.0,0.0
2015-01-02,1090.0692138671875,1093.907486489811,1074.716123376694,1090.0692138671875,38234330,0.0,0.0
2015-01-02,1090.0692617328687,1093.907534524033,1067.0396249858813,1078.554443359375,32431559,0.0,0.0
2015-01-02,1090.0692617328687,1090.0692617328687,1070.877897777046,1078.554443359375,16152238,0.0,0.0
2015-01-02,1078.554380434199,1105.4222884048195,1074.7161078669676,1093.907470703125,31046265,0.0,0.0
2015-01-02,1101.583984375,1105.4222568326059,1082.3926220869714,1101.583984375,22712323,0.0,0.0
2015-01-02,1105.4223001923583,1132.2902084494813,1101.5840275841977,1120.775390625,60390825,0.0,0.0
2015-01-02,1124.6136032277566,1128.4518756311204,1097.7456964042099,1105.4222412109375,26819580,0.0,0.0
2015-01-02,1105.4223366028268,1109.2606093374125,1074.7161547261412,1082.3927001953125,34373695,0.0,0.0
2015-01-02,1082.3926843528434,1090.0692297096568,1055.5247756039962,1086.23095703125,32826988,0.0,0.0
2015-01-02,1093.9074394597885,1109.2605292902115,1082.3926220869714,1101.583984375,37863440,0.0,0.0
2015-01-02,1101.5839688075737,1109.2605136143013,1086.2308791941184,1105.4222412109375,12413733,0.0,0.0
2015-01-02,1113.0988657800972,1113.0988657800972,1078.5544116744366,1086.23095703125,23216148,0.0,0.0
2015-01-02,1082.3927484041167,1086.2310213096557,1067.039656781961,1070.8779296875,32617623,0.0,0.0
2015-01-02,1070.8779296875,1082.3927484041167,1067.039656781961,1070.8779296875,13347543,0.0,0.0
2015-01-02,1070.8779296875,1078.5544754985779,1063.2013838764221,1070.8779296875,24627107,0.0,0.0
2015-01-02,1067.0395382125873,1070.8778106916177,1040.171630859375,1040.171630859375,20601119,0.0,0.0
2015-01-02,1036.3333897828359,1036.3333897828359,1013.3037542108206,1032.4951171875,32994592,0.0,0.0
2015-01-02,1032.4951911547041,1051.6865555062388,1032.4951911547041,1044.010009765625,20010959,0.0,0.0
2015-01-02,1063.2013256642106,1063.2013256642106,1044.009962187278,1055.5247802734375,21517708,0.0,0.0
2015-01-02,1059.3630850362815,1067.0396306594275,1044.0099937899895,1047.8482666015625,17622854,0.0,0.0
2015-01-02,1055.5248283765459,1059.363101246853,1040.1717368953182,1044.010009765625,10059059,0.0,0.0
2015-01-02,1044.0099190973729,1047.8481916343408,1032.4951014864698,1036.3333740234375,14327166,0.0,0.0
2015-01-02,1032.4952006321105,1074.7162025930388,1024.8186548210326,1070.8779296875,27508344,0.0,0.0
2015-01-02,1074.716123376694,1097.7457591124341,1067.0395781314471,1090.0692138671875,53759264,0.0,0.0
2015-01-02,1078.5543173225312,1159.1580365178613,1074.7160449798967,1139.9666748046875,121503282,0.0,0.0
2015-01-02,1147.6433216779453,1205.2174119439553,1139.9667763091438,1174.51123046875,94753490,0.0,0.0
2015-01-02,1170.6729736328125,1182.1877918419011,1159.1581554237239,1170.6729736328125,49659436,0.0,0.0
2015-01-02,1178.34957075855,1239.76193723237,1178.34957075855,1216.7322998046875,146671923,0.0,0.0
2015-01-02,1220.570513990441,1232.0853321503305,1193.7026049506985,1201.379150390625,58266339,0.0,0.0
2015-01-02,1212.8940269000736,1247.4384830415975,1209.05575399546,1216.7322998046875,51905488,0.0,0.0
2015-01-02,1220.5704345703125,1232.0852519809555,1212.8938896298837,1220.5704345703125,29791541,0.0,0.0
2015-01-02,1220.5704777896908,1243.6001134264368,1216.7322051835665,1239.7618408203125,86327135,0.0,0.0
2015-01-02,1239.7620114498297,1289.6595621968893,1212.8940995091054,1285.8212890625,141980134,0.0,0.0
2015-01-02,1293.497618049271,1331.8803429456245,1293.497618049271,1308.8507080078125,101338000,0.0,0.0
2015-01-02,1320.3656325156528,1324.2039053164478,1293.497722910087,1312.6890869140625,53134097,0.0,0.0
2015-01-02,1316.527314159835,1420.1606761953383,1312.6890414918535,1412.484130859375,106782263,0.0,0.0
2015-01-02,1412.4842274260973,1412.4842274260973,1377.9397710525764,1389.45458984375,69716433,0.0,0.0
2015-01-02,1404.8076063396204,1412.4841517893335,1358.7483336413425,1377.939697265625,76161818,0.0,0.0
2015-01-02,1381.7780121477845,1404.8076491995453,1362.5866479379838,1397.131103515625,55481905,0.0,0.0
2015-01-02,1397.1310288479879,1408.6458467584755,1377.9396656638417,1385.6162109375,51257134,0.0,0.0
2015-01-02,1389.454563910324,1393.2928367690758,1366.4249267578125,1366.4249267578125,26405128,0.0,0.0
2015-01-02,1366.4249330105256,1374.101478763157,1328.0422042473685,1335.71875,46193104,0.0,0.0
2015-01-02,1335.7187340055827,1343.3952796662923,1285.8211872109714,1339.5570068359375,63250900,0.0,0.0
2015-01-02,1351.0718353228049,1370.2631996165644,1331.8804710290453,1366.4249267578125,63794235,0.0,0.0
2015-01-02,1377.9395907876353,1389.4544080724165,1366.4247735028541,1374.101318359375,44008173,0.0,0.0
2015-01-02,1374.1014184976036,1374.1014184976036,1316.5273278779614,1320.3656005859375,32808865,0.0,0.0
2015-01-02,1335.7187912753843,1362.5867022398463,1320.3656992956917,1354.91015625,30331274,0.0,0.0
2015-01-02,1362.5867022398463,1374.1015212246157,1343.3953372652304,1354.91015625,40937044,0.0,0.0
2015-01-02,1354.9101724548918,1362.5867185365505,1305.01262292411,1351.0718994140625,38669493,0.0,0.0
2015-01-02,1354.910060916486,1381.7779699904816,1351.0717881916296,1377.939697265625,43796895,0.0,0.0
2015-01-02,1381.777926642294,1381.777926642294,1354.91001841118,1358.748291015625,18577489,0.0,0.0
2015-01-02,1351.0717301714828,1377.9396380916685,1347.2334576114565,1362.5865478515625,41042177,0.0,0.0
2015-01-02,1362.5865010745938,1377.9395907876353,1358.7482286463335,1374.101318359375,21561832,0.0,0.0
2015-01-02,1381.7778632158956,1404.807497785458,1370.2630459311144,1374.101318359375,44717535,0.0,0.0
2015-01-02,1374.1014459491262,1381.777991518439,1328.0421725332496,1343.395263671875,42139877,0.0,0.0
2015-01-02,1343.395263671875,1354.9100820258443,1339.5569908872187,1343.395263671875,19976741,0.0,0.0
2015-01-02,1347.2336102601537,1362.5867022398463,1343.3953372652304,1354.91015625,10264483,0.0,0.0
2015-01-02,1362.5865478515625,1362.5865478515625,1347.2334576114565,1362.5865478515625,17978886,0.0,0.0
2015-01-02,1362.586606366199,1381.7779699904816,1358.7483336413425,1377.939697265625,18601689,0.0,0.0
2015-01-02,1381.7778882301905,1443.190248194103,1381.7778882301905,1427.837158203125,114215600,0.0,0.0
2015-01-02,1427.8373026541724,1435.51384842628,1389.4545737936337,1393.2928466796875,52997672,0.0,0.0
2015-01-02,1397.1311195657413,1404.8076653378491,1389.4545737936337,1393.2928466796875,20201864,0.0,0.0
2015-01-02,1400.9693763575851,1423.999013409346,1389.4545578317047,1397.131103515625,39085295,0.0,0.0
2015-01-02,1397.1309529289372,1404.807497785458,1366.4247735028541,1374.101318359375,47802621,0.0,0.0
2015-01-02,1366.4249003798134,1366.4249003798134,1305.0125358253113,1343.395263671875,93807298,0.0,0.0
2015-01-02,1343.3952693204233,1354.9100877228086,1297.3359957108821,1312.6890869140625,84928558,0.0,0.0
2015-01-02,1316.5273167166783,1328.042134742986,1274.3063172868829,1293.4976806640625,35686613,0.0,0.0
2015-01-02,1289.659450109292,1320.3656325156528,1274.3063589061117,1312.6890869140625,34973873,0.0,0.0
2015-01-02,1320.3655533814883,1347.2334613767657,1305.0124630984728,1331.88037109375,37680640,0.0,0.0
2015-01-02,1335.7187181025622,1351.0718092411878,1320.3656269639368,1343.395263671875,31812921,0.0,0.0
2015-01-02,1358.7483548105006,1362.586627595157,1335.7187181025622,1343.395263671875,15313655,0.0,0.0
2015-01-02,1358.7483548105006,1358.7483548105006,1331.880445317906,1343.395263671875,25104143,0.0,0.0
2015-01-02,1347.2335364565315,1351.0718092411878,1335.7187181025622,1343.395263671875,8973178,0.0,0.0
2015-01-02,1339.5569908872187,1351.0718092411878,1331.880445317906,1343.395263671875,10182088,0.0,0.0
2015-01-02,1366.4249752347694,1366.4249752347694,1351.0718832550767,1354.91015625,19583563,0.0,0.0
2015-01-02,1354.9100820258443,1354.9100820258443,1324.2038997485931,1343.395263671875,21133310,0.0,0.0
2015-01-02,1343.3953533324038,1374.1015376590387,1335.718807250745,1351.0718994140625,19495428,0.0,0.0
2015-01-02,1362.5865840415772,1374.101402027488,1324.203857421875,1324.203857421875,20929124,0.0,0.0
2015-01-02,1324.203857421875,1347.2334933936963,1324.203857421875,1324.203857421875,10184452,0.0,0.0
2015-01-02,1320.3656005859375,1328.04214600189,1312.6890551699853,1320.3656005859375,18061507,0.0,0.0
2015-01-02,1320.3656005859375,1331.880418709866,1293.4976916301046,1320.3656005859375,15597198,0.0,0.0
2015-01-02,1320.3656005859375,1335.7186914178421,1316.5273278779614,1320.3656005859375,9863990,0.0,0.0
2015-01-02,1320.3655847599048,1331.8804027458154,1308.850766773994,1324.203857421875,5709795,0.0,0.0
2015-01-02,1324.2039053164478,1328.0421781172429,1308.8508141132675,1312.6890869140625,6441107,0.0,0.0
2015-01-02,1312.6890869140625,1312.6890869140625,1305.0125413124724,1312.6890869140625,8332703,0.0,0.0
2015-01-02,1312.6890658548466,1351.0717932470309,1305.0125203764098,1347.2335205078125,28303929,0.0,0.0
2015-01-02,1347.2335364565315,1351.0718092411878,1320.3656269639368,1343.395263671875,10312322,0.0,0.0
2015-01-02,1343.3952047227335,1347.2334773389637,1324.2038416415824,1328.0421142578125,8655529,0.0,0.0
2015-01-02,1328.042136571474,1393.2927721437243,1320.3655912100328,1381.7779541015625,34711943,0.0,0.0
2015-01-02,1393.2926805006769,1393.2926805006769,1374.101318359375,1374.101318359375,17593588,0.0,0.0
2015-01-02,1366.4248404201148,1389.4544761174964,1324.2038416415824,1328.0421142578125,22825785,0.0,0.0
2015-01-02,1316.527268778902,1324.2038138502533,1297.3359061005237,1305.012451171875,35151833,0.0,0.0
2015-01-02,1312.6890551699853,1324.2038732939136,1305.012509754033,1320.3656005859375,19727530,0.0,0.0
2015-01-02,1320.3656325156528,1324.2039053164478,1305.0125413124724,1312.6890869140625,16021442,0.0,0.0
2015-01-02,1305.012451171875,1312.6889962432265,1301.1741786361995,1305.012451171875,30175714,0.0,0.0
2015-01-02,1308.8507080078125,1316.527252987083,1293.497618049271,1308.8507080078125,17311734,0.0,0.0
2015-01-02,1320.3655413145777,1320.3655413145777,1301.1741786361995,1305.012451171875,11191315,0.0,0.0
2015-01-02,1308.8507824620092,1328.04214600189,1297.3359643380807,1320.3656005859375,10450660,0.0,0.0
2015-01-02,1320.3655413145777,1324.2038138502533,1297.3359061005237,1305.012451171875,10998272,0.0,0.0
2015-01-02,1305.012451171875,1308.8507237075507,1274.3062708864697,1305.012451171875,27200938,0.0,0.0
2015-01-02,1305.0125147184344,1308.8507874410116,1278.1446056603932,1289.659423828125,40559063,0.0,0.0
2015-01-02,1281.9828783829703,1305.0125147184344,1281.9828783829703,1289.659423828125,16397397,0.0,0.0
2015-01-02,1289.6594557916637,1297.3360014270777,1274.306364520836,1281.98291015625,21103932,0.0,0.0
2015-01-02,1281.9828195066643,1297.335909691868,1251.2766391362568,1274.3062744140625,30572156,0.0,0.0
2015-01-02,1262.7915139100362,1285.8211502298154,1201.379150390625,1201.379150390625,52483829,0.0,0.0
2015-01-02,1197.5409038494747,1232.085359084302,1189.8643582417355,1224.4088134765625,38239283,0.0,0.0
2015-01-02,1212.8938767964485,1235.9235113740615,1193.7025146484375,1193.7025146484375,26163684,0.0,0.0
2015-01-02,1201.379103688118,1339.5569162352579,1201.379103688118,1331.88037109375,64056053,0.0,0.0
2015-01-02,1324.2039704984109,1328.0422434881393,1289.6595135908558,1297.3360595703125,35214980,0.0,0.0
2015-01-02,1305.0125470624914,1308.8508198801983,1281.98291015625,1281.98291015625,15051837,0.0,0.0
2015-01-02,1285.8210920529652,1285.8210920529652,1266.6297293214607,1274.3062744140625,15564104,0.0,0.0
2015-01-02,1274.3062556010943,1320.3655254767184,1270.4679831114588,1308.8507080078125,20792474,0.0,0.0
2015-01-02,1312.6890658548466,1354.9100659862493,1308.8507931156282,1347.2335205078125,46159561,0.0,0.0
2015-01-02,1366.4249003798134,1374.1014459491262,1335.7187181025622,1343.395263671875,62984355,0.0,0.0
2015-01-02,1358.748275291536,1381.777910651695,1358.748275291536,1362.5865478515625,76884800,0.0,0.0
2015-01-02,1370.2631088289595,1377.9396540378493,1347.2334732022905,1358.748291015625,38344077,0.0,0.0
2015-01-02,1358.748291015625,1366.4248362245146,1347.2334732022905,1358.748291015625,24733703,0.0,0.0
2015-01-02,1358.748291015625,1358.748291015625,1335.718655388956,1358.748291015625,25667851,0.0,0.0
2015-01-02,1358.7483907052026,1397.1311195657413,1354.9101178191488,1393.2928466796875,86146136,0.0,0.0
2015-01-02,1400.969301484817,1408.6458467584755,1385.6162109375,1385.6162109375,53326352,0.0,0.0
2015-01-02,1385.616226782283,1393.2927721437243,1362.5865906979595,1381.7779541015625,14959874,0.0,0.0
2015-01-02,1381.7779699904816,1389.4545154401944,1370.263151815912,1377.939697265625,18458736,0.0,0.0
2015-01-02,1377.9396656638417,1385.6162109375,1354.9100298428662,1385.6162109375,27789072,0.0,0.0
2015-01-02,1377.9397187337825,1377.9397187337825,1335.7187181025622,1343.395263671875,30969498,0.0,0.0
2015-01-02,1343.3953372652304,1370.2632482296926,1343.3953372652304,1354.91015625,33284438,0.0,0.0
2015-01-02,1354.9101143815785,1366.4249330105256,1312.6891127421059,1335.71875,35024751,0.0,0.0
2015-01-02,1335.7186399313769,1366.424820411589,1335.7186399313769,1362.5865478515625,29862230,0.0,0.0
2015-01-02,1366.4249330105256,1389.45457026842,1331.8804771236844,1335.71875,41709554,0.0,0.0
2015-01-02,1335.7187075212516,1343.3952530297522,1316.52734375,1316.52734375,39841708,0.0,0.0
2015-01-02,1316.5273167166783,1316.5273167166783,1278.1445899623188,1293.4976806640625,47380178,0.0,0.0
2015-01-02,1281.9828353594178,1285.821107953182,1251.2766546093035,1270.468017578125,55485845,0.0,0.0
2015-01-02,1262.7914723905965,1305.0124709220033,1255.1149272030677,1270.468017578125,23995187,0.0,0.0
2015-01-02,1270.4679983507942,1312.6889962432265,1270.4679983507942,1305.012451171875,29722429,0.0,0.0
2015-01-02,1328.0420704559892,1328.0420704559892,1289.6593455596355,1308.8507080078125,20429688,0.0,0.0
2015-01-02,1312.6890551699853,1324.2038732939136,1297.3359643380807,1320.3656005859375,20572079,0.0,0.0
2015-01-02,1333.9291655428908,1345.5961863530003,1314.484130859375,1314.484130859375,20169559,19.934338,0.0
2015-01-02,1330.0401611328125,1345.5961889091761,1314.4841333564486,1330.0401611328125,16967409,0.0,0.0
2015-01-02,1322.2620335134993,1392.2641524860755,1322.2620335134993,1361.152099609375,51518276,0.0,0.0
2015-01-02,1376.7083103595805,1384.486324620066,1345.5962533176398,1353.374267578125,19574108,0.0,0.0
2015-01-02,1353.3742365332207,1361.152250615287,1330.040194287022,1349.4852294921875,10800164,0.0,0.0
2015-01-02,1345.596249750854,1345.596249750854,1314.4841927913822,1322.26220703125,10466306,0.0,0.0
2015-01-02,1322.2622379064442,1337.8182667494177,1318.3732306957008,1326.1512451171875,19324784,0.0,0.0
2015-01-02,1330.0401586061876,1337.818172479594,1314.484130859375,1314.484130859375,22257462,0.0,0.0
2015-01-02,1314.4840202943242,1368.9301128285501,1310.5950136847366,1361.152099609375,26470752,0.0,0.0
2015-01-02,1368.930264697353,1368.930264697353,1330.040194287022,1349.4852294921875,14325027,0.0,0.0
2015-01-02,1361.152099609375,1380.5971326573128,1345.5960731710247,1361.152099609375,15658881,0.0,0.0
2015-01-02,1372.81927385971,1392.2643090949225,1357.2632456715398,1365.041259765625,25615284,0.0,0.0
2015-01-02,1361.1521876256256,1372.8192082088135,1337.8181464592499,1341.7071533203125,12918121,0.0,0.0
2015-01-02,1341.707213288517,1353.3742343931676,1333.92919921875,1333.92919921875,5908353,0.0,0.0
2015-01-02,1333.9292595386744,1349.485288381648,1314.4842234849573,1326.1512451171875,14716404,0.0,0.0
2015-01-02,1326.151185148983,1341.707213288517,1318.3731710792158,1333.92919921875,13262784,0.0,0.0
2015-01-02,1337.8182667494177,1341.707273960161,1322.2622379064442,1326.1512451171875,17012433,0.0,0.0
2015-01-02,1322.262113306254,1333.9291338390706,1310.5950927734375,1310.5950927734375,30986494,0.0,0.0
2015-01-02,1310.5950262086278,1318.3730395021287,1283.3719796813746,1287.260986328125,31269136,0.0,0.0
2015-01-02,1291.1501758899738,1302.8171974830727,1267.816132703776,1279.483154296875,27420208,0.0,0.0
2015-01-02,1279.4831214264477,1287.2611356220266,1260.0380859375,1260.0380859375,25276474,0.0,0.0
2015-01-02,1260.037904890744,1287.2609506637657,1252.2598918127376,1267.81591796875,18160336,0.0,0.0
2015-01-02,1267.8160711162193,1291.1501131689035,1256.1490500898772,1271.705078125,30706329,0.0,0.0
2015-01-02,1287.2611356220266,1287.2611356220266,1256.1490788397105,1260.0380859375,16562412,0.0,0.0
2015-01-02,1260.038023576258,1275.594051197524,1252.260009765625,1252.260009765625,39635271,0.0,0.0
2015-01-02,1260.037904890744,1275.5939310467563,1256.1488983517406,1267.81591796875,15280449,0.0,0.0
2015-01-02,1275.5940283221278,1306.7060830067235,1267.816014650979,1295.0390625,33944048,0.0,0.0
2015-01-02,1302.8171765528018,1388.3753335276685,1302.8171765528018,1368.9302978515625,145419563,0.0,0.0
2015-01-02,1376.7081612596935,1411.7092216412013,1376.7081612596935,1380.59716796875,123680672,0.0,0.0
2015-01-02,1365.0412131229148,1462.2663859768468,1353.3741923804428,1450.599365234375,164132352,0.0,0.0
2015-01-02,1454.4884303477668,1501.1564083118592,1427.265380859375,1427.265380859375,86241701,0.0,0.0
2015-01-02,1427.265380859375,1446.7104162082262,1407.820345510524,1427.265380859375,43361507,0.0,0.0
2015-01-02,1438.932341868003,1466.1553902174628,1427.2653211468062,1435.0433349609375,32884732,0.0,0.0
2015-01-02,1415.5982506402274,1415.5982506402274,1337.818115234375,1337.818115234375,51438470,0.0,0.0
2015-01-02,1310.595185671448,1330.040221271118,1279.4831287119762,1322.26220703125,74327628,0.0,0.0
2015-01-02,1326.1512123307903,1353.3742621329593,1306.7061767578125,1306.7061767578125,33418498,0.0,0.0
2015-01-02,1298.927970280775,1314.4839964367877,1260.037904890744,1267.81591796875,63751236,0.0,0.0
2015-01-02,1283.3721614945746,1287.2611686922742,1252.2601039129775,1279.483154296875,31596128,0.0,0.0
2015-01-02,1279.4830351577023,1306.7060830067235,1279.4830351577023,1295.0390625,23051809,0.0,0.0
2015-01-02,1310.5951527161626,1310.5951527161626,1279.4830965390122,1302.817138671875,66492447,0.0,0.0
2015-01-02,1279.4830351577023,1306.7060830067235,1271.7050214865535,1295.0390625,42482964,0.0,0.0
2015-01-02,1302.8171678117606,1302.8171678117606,1287.2611393752463,1291.150146484375,19738673,0.0,0.0
2015-01-02,1298.9280062683765,1302.817012915127,1283.3719796813746,1287.260986328125,20810934,0.0,0.0
2015-01-02,1298.9281625286212,1314.4841909870036,1291.1501482994302,1306.7061767578125,20495312,0.0,0.0
2015-01-02,1310.5951527161626,1310.5951527161626,1291.1501176054437,1302.817138671875,23423036,0.0,0.0
2015-01-02,1310.595183872408,1322.2622052161948,1306.7061767578125,1306.7061767578125,25664924,0.0,0.0
2015-01-02,1318.3731667604502,1318.3731667604502,1287.2611105832998,1302.817138671875,52384888,0.0,0.0
2015-01-02,1302.8171714315802,1330.040221271118,1302.8171714315802,1322.26220703125,25552025,0.0,0.0
2015-01-02,1326.1511808047378,1326.1511808047378,1298.9281316497313,1302.817138671875,27517461,0.0,0.0
2015-01-02,1306.706145694019,1314.4841597383065,1302.817138671875,1302.817138671875,15844608,0.0,0.0
2015-01-02,1302.817079084893,1314.4840996177097,1291.1500585520764,1310.5950927734375,41567501,0.0,0.0
2015-01-02,1314.4841283024912,1322.262142160768,1298.9281005859375,1298.9281005859375,15515478,0.0,0.0
2015-01-02,1298.9280633109547,1302.8170701284914,1252.2599815005149,1263.927001953125,66963967,0.0,0.0
2015-01-02,1263.927001953125,1279.4830292232716,1260.0379951355883,1263.927001953125,16775942,0.0,0.0
2015-01-02,1263.9270871531662,1263.9270871531662,1209.480988037497,1213.3699951171875,76662041,0.0,0.0
2015-01-02,1197.8138936419364,1197.8138936419364,1135.5897841672233,1143.3677978515625,74366237,0.0,0.0
2015-01-02,1139.4787938654147,1186.1468760884195,1131.7007801615805,1158.923828125,33023408,0.0,0.0
2015-01-02,1162.812834976917,1174.4798555326684,1143.3678007173316,1158.923828125,15301949,0.0,0.0
2015-01-02,1166.701904296875,1178.3689254773067,1162.812897236731,1166.701904296875,28631145,0.0,0.0
2015-01-02,1155.0347585940012,1162.812771875754,1143.3677386713723,1151.145751953125,20139392,0.0,0.0
2015-01-02,1166.7018069143737,1166.7018069143737,1131.700746294554,1139.478759765625,14708187,0.0,0.0
2015-01-02,1147.2568977938486,1162.8129264249014,1147.2568977938486,1155.034912109375,11610832,0.0,0.0
2015-01-02,1162.812834976917,1186.1468760884195,1151.1458144211658,1158.923828125,19152003,0.0,0.0
2015-01-02,1158.9237652348777,1162.812771875754,1147.2567453122485,1151.145751953125,10334497,0.0,0.0
2015-01-02,1166.7019335826649,1166.7019335826649,1155.034912109375,1155.034912109375,8353527,0.0,0.0
2015-01-02,1162.812897236731,1170.590911357019,1158.923890176587,1166.701904296875,8744003,0.0,0.0
2015-01-02,1166.701904296875,1166.701904296875,1155.034883116443,1166.701904296875,7316610,0.0,0.0
2015-01-02,1166.7019948172046,1166.7019948172046,1147.2569580078125,1147.2569580078125,12763912,0.0,0.0
2015-01-02,1147.2567096740252,1158.9237292342316,1131.70068359375,1131.70068359375,10984652,0.0,0.0
2015-01-02,1131.7009575027978,1139.4789724254722,1096.699890350763,1104.4779052734375,17320514,0.0,0.0
2015-01-02,1108.3666637987615,1112.255670386639,1069.4765979199883,1088.921630859375,13948959,0.0,0.0
2015-01-02,1092.8106374472522,1108.3666637987615,1085.0326242714978,1088.921630859375,16720674,0.0,0.0
2015-01-02,1088.921630859375,1088.921630859375,1069.4765979199883,1088.921630859375,7457762,0.0,0.0
2015-01-02,1088.921721756259,1092.8107286687682,1077.2547010187318,1085.03271484375,8706857,0.0,0.0
2015-01-02,1088.921721756259,1096.6997355812773,1081.143707931241,1085.03271484375,9619281,0.0,0.0
2015-01-02,1085.0328060676013,1088.9218133070776,1069.4767771096958,1081.143798828125,16643682,0.0,0.0
2015-01-02,1081.1438013855927,1120.0338738723517,1069.476779639565,1112.255859375,12880188,0.0,0.0
2015-01-02,1112.2557342763214,1116.1447410875894,1088.9216934087144,1096.69970703125,6051869,0.0,0.0
2015-01-02,1088.9218133070776,1108.3668495044597,1073.3657843491721,1081.143798828125,5911055,0.0,0.0
2015-01-02,1077.2547010187318,1112.2557632313137,1077.2547010187318,1085.03271484375,7117714,0.0,0.0
2015-01-02,1088.921783881241,1100.5888052843932,1085.0327767468568,1092.810791015625,5807723,0.0,0.0
2015-01-02,1100.5887476674625,1120.0337823214156,1088.9217268750904,1116.144775390625,11624339,0.0,0.0
2015-01-02,1127.8117395590184,1155.0347867077671,1127.8117395590184,1139.478759765625,22844921,0.0,0.0
2015-01-02,1139.4787910093928,1143.3677978515625,1123.9227636407147,1143.3677978515625,8929054,0.0,0.0
2015-01-02,1143.3677665011605,1143.3677665011605,1123.9227328234829,1139.478759765625,18061957,0.0,0.0
2015-01-02,1139.4788507962203,1143.3678578424403,1127.8118296575597,1135.58984375,6874469,0.0,0.0
2015-01-02,1135.5896901138187,1151.145716194094,1127.811677073681,1131.70068359375,13178588,0.0,0.0
2015-01-02,1131.7008367037797,1139.4788507962203,1123.9228226113394,1135.58984375,8805011,0.0,0.0
2015-01-02,1139.478759765625,1158.9237934433027,1135.5897530300895,1139.478759765625,19988222,0.0,0.0
2015-01-02,1147.256804693732,1162.8128320624103,1143.3677978515625,1143.3677978515625,27651072,0.0,0.0
2015-01-02,1143.3678906360853,1158.9239192671382,1139.4788834783221,1155.034912109375,11274160,0.0,0.0
2015-01-02,1151.145751953125,1166.7017785166304,1143.3677386713723,1151.145751953125,7953933,0.0,0.0
2015-01-02,1151.1458144211658,1158.923828125,1143.3678007173316,1158.923828125,7480612,0.0,0.0
2015-01-02,1166.7017785166304,1166.7017785166304,1147.2567453122485,1151.145751953125,8379303,0.0,0.0
2015-01-02,1158.9239208931535,1182.2579638724715,1151.1459065667143,1170.5909423828125,25013981,0.0,0.0
2015-01-02,1182.2579365503727,1201.7029719170944,1174.479922403684,1197.81396484375,34238059,0.0,0.0
2015-01-02,1205.5919189453125,1217.2589395842635,1197.8139051860119,1205.5919189453125,21447132,0.0,0.0
2015-01-02,1201.7030325508983,1205.5920398204685,1186.1470034726171,1190.0360107421875,12278209,0.0,0.0
2015-01-02,1213.3698454345592,1244.4818982340678,1205.591832234682,1225.036865234375,31676834,0.0,0.0
2015-01-02,1228.925940595295,1263.927001953125,1221.1479269602216,1263.927001953125,37241537,0.0,0.0
2015-01-02,1263.9269957949575,1267.816002593546,1228.9259346076615,1232.81494140625,16955815,0.0,0.0
2015-01-02,1236.7040690968859,1240.593076275638,1213.3700260243727,1217.259033203125,10469683,0.0,0.0
2015-01-02,1213.3699011953522,1213.3699011953522,1190.0358605233978,1201.702880859375,28114600,0.0,0.0
2015-01-02,1201.702938271121,1205.5919452355786,1174.4798895199174,1178.368896484375,26388357,0.0,0.0
2015-01-02,1178.3689254773067,1178.3689254773067,1155.034883116443,1166.701904296875,18300137,0.0,0.0
2015-01-02,1158.9237725082971,1190.0358258305678,1155.0347658430135,1182.2578125,18560042,0.0,0.0
2015-01-02,1186.1468789826565,1205.5919132896886,1174.4798583984375,1174.4798583984375,16926774,0.0,0.0
2015-01-02,1174.4797991694325,1197.8138391611353,1174.4797991694325,1182.2578125,6965306,0.0,0.0
2015-01-02,1197.8138391611353,1197.8138391611353,1182.2578125,1182.2578125,4590145,0.0,0.0
2015-01-02,1182.2578721212503,1190.035885844063,1166.7018446756247,1174.4798583984375,9656539,0.0,0.0
2015-01-02,1174.4798583984375,1186.1468789826565,1166.7018446756247,1174.4798583984375,19865417,0.0,0.0
2015-01-02,1170.5909423828125,1186.1469710356912,1170.5909423828125,1170.5909423828125,21326128,0.0,0.0
2015-01-02,1174.4798334087614,1209.4808944166932,1174.4798334087614,1201.702880859375,18615985,0.0,0.0
2015-01-02,1205.5918876380342,1205.5918876380342,1193.9248673020568,1201.702880859375,13386827,0.0,0.0
2015-01-02,1193.924900999784,1221.14794921875,1193.924900999784,1221.14794921875,24195659,0.0,0.0
2015-01-02,1225.0369849512185,1228.9259919312105,1205.591950051258,1209.48095703125,16868917,0.0,0.0
2015-01-02,1209.480986063783,1209.480986063783,1197.81396484375,1197.81396484375,15971239,0.0,0.0
2015-01-02,1201.7029757894904,1236.7040395623776,1201.7029757894904,1228.926025390625,28386098,0.0,0.0
2015-01-02,1232.8149698840211,1240.5929836608684,1217.2589423303264,1221.14794921875,16221126,0.0,0.0
2015-01-02,1217.2589685917692,1228.9259895087473,1190.0359197854864,1193.9249267578125,31308983,0.0,0.0
2015-01-02,1190.0359506970613,1205.5919789904385,1190.0359506970613,1197.81396484375,26301910,0.0,0.0
2015-01-02,1190.0359197854864,1197.8139337301386,1178.3688988685083,1193.9249267578125,18702544,0.0,0.0
2015-01-02,1209.48102186538,1263.927122503848,1209.48102186538,1248.37109375,85532789,0.0,0.0
2015-01-02,1256.1489180338835,1256.1489180338835,1221.1478586344363,1225.036865234375,51209858,0.0,0.0
2015-01-02,1225.036865234375,1232.814878434252,1205.591832234682,1225.036865234375,28738303,0.0,0.0
2015-01-02,1232.814878434252,1236.7038850341905,1217.2588520344977,1225.036865234375,13971584,0.0,0.0
2015-01-02,1225.0370163562595,1225.0370163562595,1197.8139667984249,1213.3699951171875,23677651,0.0,0.0
2015-01-02,1205.5920116668685,1217.259033203125,1201.7030044881162,1217.259033203125,7365574,0.0,0.0
2015-01-02,1217.2590021968783,1225.0370163562595,1197.8139667984249,1213.3699951171875,15098888,0.0,0.0
2015-01-02,1201.702912065662,1205.5919189453125,1178.3688707877602,1205.5919189453125,24103808,0.0,0.0
2015-01-02,1205.5919452355786,1205.5919452355786,1174.4798895199174,1178.368896484375,23002507,0.0,0.0
2015-01-02,1174.4799495460322,1186.1469710356912,1170.5909423828125,1170.5909423828125,17024815,0.0,0.0
2015-01-02,1170.5908136499093,1182.2578338565158,1127.8117395590184,1139.478759765625,33231196,0.0,0.0
2015-01-02,1139.4788834783221,1162.8129264249014,1112.2558333739794,1155.034912109375,23594355,0.0,0.0
2015-01-02,1155.0347585940012,1162.812771875754,1139.4787320304958,1151.145751953125,8925677,0.0,0.0
2015-01-02,1158.923890176587,1166.701904296875,1155.034883116443,1166.701904296875,16850795,0.0,0.0
2015-01-02,1174.4800095409614,1174.4800095409614,1143.3679506459341,1147.2569580078125,20189032,0.0,0.0
2015-01-02,1147.2568017388908,1155.034815403197,1127.811767578125,1127.811767578125,11350927,0.0,0.0
2015-01-02,1131.7008105599077,1174.4798870800735,1127.8118036035291,1162.8128662109375,17453562,0.0,0.0
2015-01-02,1162.8128662109375,1166.701873167316,1151.1458453418013,1162.8128662109375,12586177,0.0,0.0
2015-01-02,1162.8129264249014,1166.7019335826649,1151.1459049516118,1155.034912109375,5772266,0.0,0.0
2015-01-02,1155.0347867077671,1158.9237934433027,1127.8117395590184,1139.478759765625,10473398,0.0,0.0
2015-01-02,1139.4787910093928,1147.256804693732,1135.5897841672233,1143.3677978515625,7146867,0.0,0.0
2015-01-02,1151.1458115359017,1162.8128320624103,1143.3677978515625,1143.3677978515625,6683789,0.0,0.0
2015-01-02,1143.3677386713723,1151.145751953125,1127.8117121078667,1151.145751953125,9765386,0.0,0.0
2015-01-02,1158.9239800934477,1166.7019948172046,1139.4789432840557,1147.2569580078125,9620744,0.0,0.0
2015-01-02,1151.145871934881,1151.145871934881,1131.7008367037797,1135.58984375,9161268,0.0,0.0
2015-01-02,1135.5898221729212,1193.9249267578125,1127.8118082282692,1193.9249267578125,31780616,0.0,0.0
2015-01-02,1190.0359466577384,1190.0359466577384,1166.701904296875,1166.701904296875,11094512,0.0,0.0
2015-01-02,1174.4798918961822,1201.7029407024647,1174.4798918961822,1193.9249267578125,25300337,0.0,0.0
2015-01-02,1201.7030013303818,1209.4810156674478,1182.257965487717,1186.14697265625,18715151,0.0,0.0
2015-01-02,1193.9249267578125,1197.8139337301386,1178.3688988685083,1193.9249267578125,13372194,0.0,0.0
2015-01-02,1205.5919189453125,1217.2589395842635,1193.9248983063615,1205.5919189453125,29322723,0.0,0.0
2015-01-02,1213.3699931371273,1221.1480072838158,1193.9249577704056,1197.81396484375,17598541,0.0,0.0
2015-01-02,1205.5918876380342,1205.5918876380342,1193.9248673020568,1201.702880859375,19675188,0.0,0.0
2015-01-02,1190.0358605233978,1205.5918876380342,1190.0358605233978,1201.702880859375,11070199,0.0,0.0
2015-01-02,1201.7029407024647,1201.7029407024647,1186.1469128131605,1193.9249267578125,14827052,0.0,0.0
2015-01-02,1193.924986993316,1193.924986993316,1178.368958319184,1186.14697265625,7314359,0.0,0.0
2015-01-02,1186.1469128131605,1193.9249267578125,1174.4798918961822,1193.9249267578125,8304562,0.0,0.0
2015-01-02,1193.9249267578125,1197.8139337301386,1186.1469128131605,1193.9249267578125,6428050,0.0,0.0
2015-01-02,1197.813994161849,1201.7030013303818,1186.14697265625,1186.14697265625,6737931,0.0,0.0
2015-01-02,1186.14697265625,1193.924986993316,1178.368958319184,1186.14697265625,6576181,0.0,0.0
2015-01-02,1186.14697265625,1186.14697265625,1174.479951150651,1186.14697265625,7495470,0.0,0.0
2015-01-02,1193.9249267578125,1197.8139337301386,1186.1469128131605,1193.9249267578125,13377485,0.0,0.0
2015-01-02,1201.7029407024647,1205.5919476747908,1186.1469128131605,1193.9249267578125,8994452,0.0,0.0
2015-01-02,1193.924986993316,1193.924986993316,1186.14697265625,1186.14697265625,4443027,0.0,0.0
2015-01-02,1186.1469104132902,1193.9249243422055,1170.5908825554598,1178.368896484375,7992655,0.0,0.0
2015-01-02,1178.368865259844,1182.2578721212503,1158.923830952812,1174.4798583984375,7961025,0.0,0.0
2015-01-02,1174.4798895199174,1186.1469104132902,1174.4798895199174,1178.368896484375,4399241,0.0,0.0
2015-01-02,1178.368865259844,1190.035885844063,1174.4798583984375,1174.4798583984375,6361863,0.0,0.0
2015-01-02,1174.4797991694325,1186.146819165284,1174.4797991694325,1182.2578125,5287801,0.0,0.0
2015-01-02,1186.1468789826565,1186.1468789826565,1174.4798583984375,1174.4798583984375,4910383,0.0,0.0
2015-01-02,1178.3688058347163,1193.9248324958514,1178.3688058347163,1182.2578125,4546584,0.0,0.0
2015-01-02,1182.257965487717,1186.14697265625,1170.590943982118,1186.14697265625,9042628,0.0,0.0
2015-01-02,1178.3689889334767,1193.9250180117579,1174.4799816639065,1190.0360107421875,9108477,0.0,0.0
2015-01-02,1193.924986993316,1197.813994161849,1186.14697265625,1186.14697265625,10123782,0.0,0.0
2015-01-02,1186.1469128131605,1205.5919476747908,1186.1469128131605,1193.9249267578125,45432638,0.0,0.0
2015-01-02,1201.7029719170944,1217.2590002104716,1197.81396484375,1197.81396484375,28098054,0.0,0.0
2015-01-02,1197.8139313066633,1201.702938271121,1178.368896484375,1178.368896484375,16213134,0.0,0.0
2015-01-02,1174.4797553145067,1197.8137944349196,1131.70068359375,1131.70068359375,36489964,0.0,0.0
2015-01-02,1131.7008004914203,1147.2568281785366,1096.6997381954084,1100.5887451171875,37189309,0.0,0.0
2015-01-02,1100.5887424937864,1108.3667563188046,1085.03271484375,1085.03271484375,12619495,0.0,0.0
2015-01-02,1085.0326242714978,1104.4776572108842,1073.3656045078658,1088.921630859375,20037749,0.0,0.0
2015-01-02,1088.9217484454334,1096.6997624610885,1046.1426713593296,1057.8096923828125,28575877,0.0,0.0
2015-01-02,1057.8097251016009,1081.1437678703048,1050.0317108453664,1077.2547607421875,14048801,0.0,0.0
2015-01-02,1077.254611095743,1092.8106374472522,1077.254611095743,1088.921630859375,18270196,0.0,0.0
2015-01-02,1088.921721756259,1096.6997355812773,1077.2547010187318,1085.03271484375,9398098,0.0,0.0
2015-01-02,1085.0328060676013,1092.8108205465542,1073.3657843491721,1081.143798828125,13318953,0.0,0.0
2015-01-02,1073.3657518337507,1073.3657518337507,1053.9207162254163,1061.69873046875,19309814,0.0,0.0
2015-01-02,1061.69873046875,1073.3657518337507,1057.8097233470833,1061.69873046875,12377938,0.0,0.0
2015-01-02,1061.6987016083963,1077.2547296722014,1061.6987016083963,1073.36572265625,8093510,0.0,0.0
2015-01-02,1077.2547010187318,1088.921721756259,1069.4766871937136,1085.03271484375,27598956,0.0,0.0
2015-01-02,1092.810791015625,1100.5888052843932,1085.0327767468568,1092.810791015625,34794563,0.0,0.0
2015-01-02,1186.309003071271,1203.8190990575629,1168.7989070849792,1177.553955078125,17067900,0.0,0.0
2015-01-02,1177.5539479758522,1203.819091796875,1177.5539479758522,1203.819091796875,9854700,0.0,0.0
2015-01-02,1208.1966474817154,1251.9718883325022,1208.1966474817154,1234.4617919921875,22268800,0.0,0.0
2015-01-02,1234.4618491985702,1238.8393734865083,1173.1765091674354,1186.30908203125,41476000,0.0,0.0
2015-01-02,1164.421421983507,1190.6865668402777,1160.043897840712,1181.9315185546875,27404400,0.0,0.0
2015-01-02,1173.1764702690973,1203.819139268663,1168.798946126302,1181.9315185546875,38108600,0.0,0.0
2015-01-02,1177.5539985113824,1186.309046827452,1164.4214260372776,1168.7989501953125,26443200,0.0,0.0
2015-01-02,1168.7988308993254,1168.7988308993254,1138.1561649206913,1155.666259765625,67151100,0.0,0.0
2015-01-02,1146.9112123431582,1173.1763546105587,1142.5336886319246,1155.666259765625,96459000,0.0,0.0
2015-01-02,1151.2887787564111,1160.043826503608,1133.778683262017,1146.9112548828125,103335100,0.0,0.0
2015-01-02,1146.9113678434003,1177.5540379766207,1138.1563192339086,1173.176513671875,62874100,0.0,0.0
2015-01-02,1177.5539587494125,1190.6865307800751,1155.6663386983082,1164.42138671875,52578300,0.0,0.0
2015-01-02,1164.4213220067772,1164.4213220067772,1085.6258942018073,1090.00341796875,161350900,0.0,0.0
2015-01-02,1085.6258971671748,1090.0034209460746,1059.3607544937754,1076.870849609375,57353600,0.0,0.0
2015-01-02,1085.6260546875,1111.891201171875,1081.2485302734376,1094.381103515625,63107300,0.0,0.0
2015-01-02,1098.7586724065966,1103.136196997858,1072.4935248590284,1085.6260986328125,25839700,0.0,0.0
2015-01-02,1094.3810170091044,1111.89111328125,1076.8709207369586,1111.89111328125,35595900,0.0,0.0
2015-01-02,1116.2686767578125,1133.7787736481312,1107.513628312653,1116.2686767578125,35520000,0.0,0.0
2015-01-02,1120.646240234375,1129.401288986206,1107.5136671066284,1120.646240234375,22360900,0.0,0.0
2015-01-02,1120.6461116412215,1151.2887787564111,1116.2685877676229,1146.9112548828125,41311100,0.0,0.0
2015-01-02,1146.9114159413616,1160.043989406339,1142.533891453036,1151.2889404296875,32632600,0.0,0.0
2015-01-02,1151.288892148146,1181.9315622813667,1151.288892148146,1173.176513671875,67149700,0.0,0.0
2015-01-02,1173.1765004512636,1216.951743005415,1173.1765004512636,1212.57421875,66118200,0.0,0.0
2015-01-02,1212.5741793867471,1221.3292276133661,1199.4416070468183,1208.1966552734375,36604400,0.0,0.0
2015-01-02,1216.9516174316407,1247.5942840576172,1203.8190460205078,1225.7066650390625,64109500,0.0,0.0
2015-01-02,1225.7067517266757,1234.4617999532948,1203.8191311601279,1208.1966552734375,17631100,0.0,0.0
2015-01-02,1208.1966193704045,1216.9516673368566,1190.6865234375,1190.6865234375,22481900,0.0,0.0
2015-01-02,1190.686562786172,1212.574183425624,1190.686562786172,1195.0640869140625,27349100,0.0,0.0
2015-01-02,1199.441615125868,1203.819139268663,1181.9315185546875,1181.9315185546875,27858300,0.0,0.0
2015-01-02,1181.9315489620938,1216.951743005415,1181.9315489620938,1212.57421875,34340700,0.0,0.0
2015-01-02,1212.574183425624,1221.3292316814045,1190.686562786172,1195.0640869140625,25586200,0.0,0.0
2015-01-02,1195.0641261191263,1216.9517474766194,1186.309077576129,1199.441650390625,44935200,0.0,0.0
2015-01-02,1212.57421875,1230.0843157716606,1203.8191702391696,1212.57421875,40207600,0.0,0.0
2015-01-02,1212.574223205121,1234.461844562614,1195.0641261191263,1199.441650390625,59731200,0.0,0.0
2015-01-02,1203.8191311601279,1212.5741793867471,1190.6865588201993,1208.1966552734375,24165700,0.0,0.0
2015-01-02,1203.819091796875,1216.9516637073864,1195.064043856534,1203.819091796875,16973800,0.0,0.0
2015-01-02,1199.441611041953,1208.1966592977335,1195.0640869140625,1195.0640869140625,16895700,0.0,0.0
2015-01-02,1195.0640951435219,1203.8191434595915,1164.4214260372776,1168.7989501953125,53452800,0.0,0.0
2015-01-02,1181.9315185546875,1190.6865668402777,1173.1764702690973,1181.9315185546875,25681000,0.0,0.0
2015-01-02,1190.6866018476278,1208.1966989336222,1181.9315533046304,1199.441650390625,43659300,0.0,0.0
2015-01-02,1195.0641306071263,1208.196703470941,1181.931557743312,1186.30908203125,23534100,0.0,0.0
2015-01-02,1186.3090865861125,1190.6866108908582,1173.176513671875,1173.176513671875,12611000,0.0,0.0
2015-01-02,1173.1764743533474,1177.5539985113824,1155.666377721208,1168.7989501953125,18969500,0.0,0.0
2015-01-02,1168.798946126302,1181.9315185546875,1164.421421983507,1181.9315185546875,12164800,0.0,0.0
2015-01-02,1181.9315622813667,1190.6866108908582,1168.7989893671293,1173.176513671875,8777200,0.0,0.0
2015-01-02,1181.931522669417,1181.931522669417,1164.4214260372776,1168.7989501953125,12917600,0.0,0.0
2015-01-02,1168.79887096477,1173.1763948260614,1160.0438232421875,1160.0438232421875,19998700,0.0,0.0
2015-01-02,1164.4213471034789,1173.1763948260614,1160.0438232421875,1160.0438232421875,8424100,0.0,0.0
2015-01-02,1168.7988308993254,1168.7988308993254,1155.666259765625,1155.666259765625,14051600,0.0,0.0
2015-01-02,1164.4213503772066,1164.4213503772066,1142.533731009214,1146.9112548828125,27166900,0.0,0.0
2015-01-02,1146.9113864898682,1155.6664352416992,1120.646240234375,1120.646240234375,36751200,0.0,0.0
2015-01-02,1120.6462009803922,1133.7787736481312,1111.8911525352328,1116.2686767578125,19872200,0.0,0.0
2015-01-02,1116.2685976292305,1116.2685976292305,1098.7585019801445,1107.5135498046875,15446800,0.0,0.0
2015-01-02,1107.5135854283196,1133.7787297467778,1107.5135854283196,1125.023681640625,10811200,0.0,0.0
2015-01-02,1120.6462009803922,1120.6462009803922,1103.1361040900736,1116.2686767578125,12139900,0.0,0.0
2015-01-02,1116.2685605704066,1116.2685605704066,1085.6258942018073,1090.00341796875,22166700,0.0,0.0
2015-01-02,1085.6259888206066,1085.6259888206066,1041.8507473359048,1046.228271484375,59814500,0.0,0.0
2015-01-02,1054.9832836394614,1072.4933796334774,1024.3406156499334,1028.7181396484375,37853700,0.0,0.0
2015-01-02,1028.7181789592162,1037.4732272907838,1006.8305581302966,1033.095703125,26509300,0.0,0.0
2015-01-02,1046.2283396856021,1090.003584023912,1041.8508152517713,1081.24853515625,33635700,0.0,0.0
2015-01-02,1076.870980834961,1081.2485051472981,1050.6058349609375,1050.6058349609375,16205900,0.0,0.0
2015-01-02,1054.9833547333142,1076.8709762008102,1054.9833547333142,1063.7384033203125,11830100,0.0,0.0
2015-01-02,1072.4934720993042,1133.7788133621216,1068.1159477233887,1120.646240234375,38613000,0.0,0.0
2015-01-02,1133.7786932783165,1138.156217190588,1107.5135498046875,1107.5135498046875,28529900,0.0,0.0
2015-01-02,1111.89115687779,1120.646205357143,1098.758584158761,1103.1361083984375,42101000,0.0,0.0
2015-01-02,1110.7474000992313,1124.348388671875,1101.6800743841357,1124.348388671875,23395900,43.39426,0.0
2015-01-02,1124.348388671875,1137.9493772445187,1119.8147258143272,1124.348388671875,15093500,0.0,0.0
2015-01-02,1128.8819644850128,1133.4156269929847,1106.213651945153,1110.747314453125,12777500,0.0,0.0
2015-01-02,1115.280976961097,1124.3483019770408,1106.213651945153,1110.747314453125,15201000,0.0,0.0
2015-01-02,1110.7473792558835,1119.8147048008295,1101.6800537109375,1101.6800537109375,11780900,0.0,0.0
2015-01-02,1101.6800179830411,1142.4829816120427,1101.6800179830411,1115.281005859375,27563000,0.0,0.0
2015-01-02,1124.348360007591,1137.9493482334894,1115.281034523659,1119.814697265625,19247500,0.0,0.0
2015-01-02,1119.8147258143272,1128.8820515294228,1115.2810629567794,1124.348388671875,23755500,0.0,0.0
2015-01-02,1124.348360007591,1142.4830109754555,1119.814697265625,1119.814697265625,9764200,0.0,0.0
2015-01-02,1128.8820153954493,1147.0166662451754,1124.348352683018,1137.9493408203125,21040900,0.0,0.0
2015-01-02,1142.4830889363927,1156.0840780903975,1137.949425885058,1151.5504150390625,23866200,0.0,0.0
2015-01-02,1178.7523642076335,1178.7523642076335,1147.0167236328125,1147.0167236328125,30818900,0.0,0.0
2015-01-02,1151.550328957607,1151.550328957607,1133.415678107881,1137.9493408203125,13147200,0.0,0.0
2015-01-02,1137.9493120117188,1156.0839624023438,1128.8819868164062,1133.4156494140625,19079300,0.0,0.0
2015-01-02,1133.4157065739707,1147.0166950528583,1124.348380921379,1142.4830322265625,16033500,0.0,0.0
2015-01-02,1142.482974609375,1147.0166372070312,1128.8819868164062,1133.4156494140625,19383000,0.0,0.0
2015-01-02,1133.4156204897715,1137.9492829717308,1124.3482955258535,1128.8819580078125,24053900,0.0,0.0
2015-01-02,1128.8819868164062,1142.482974609375,1124.34832421875,1133.4156494140625,14804300,0.0,0.0
2015-01-02,1133.4156269929847,1133.4156269929847,1106.213651945153,1110.747314453125,14078600,0.0,0.0
2015-01-02,1110.7473432339305,1124.3483311102643,1097.1463553575966,1115.281005859375,13057600,0.0,0.0
2015-01-02,1115.2810708968366,1115.2810708968366,1097.1464193375384,1106.2137451171875,13639100,0.0,0.0
2015-01-02,1106.2137164834105,1119.8147048008295,1097.1463909384645,1101.6800537109375,16887800,0.0,0.0
2015-01-02,1106.2138030888032,1178.752413127413,1106.2138030888032,1174.21875,94313800,0.0,0.0
2015-01-02,1178.752355909533,1196.8870075389104,1165.1513671875,1165.1513671875,58211100,0.0,0.0
2015-01-02,1165.1513955759447,1174.218721611555,1151.550406522529,1169.68505859375,20556900,0.0,0.0
2015-01-02,1169.685014372052,1201.420654296875,1169.685014372052,1201.420654296875,49706600,0.0,0.0
2015-01-02,1201.4207109887054,1215.0217001697097,1187.8197218077014,1210.488037109375,61948600,0.0,0.0
2015-01-02,1210.488055019305,1215.021718146718,1174.21875,1174.21875,27808500,0.0,0.0
2015-01-02,1174.218721611555,1196.8870367005813,1156.0840695403342,1169.68505859375,19695200,0.0,0.0
2015-01-02,1174.2186491995146,1205.9542883670692,1169.6849864612927,1196.886962890625,44975800,0.0,0.0
2015-01-02,1196.8870281190364,1205.954354089635,1183.2860391631382,1187.8197021484375,25664200,0.0,0.0
2015-01-02,1187.8197774887085,1215.0217571258545,1156.0841345787048,1160.6177978515625,60293300,0.0,0.0
2015-01-02,1156.0841345787048,1165.1514611244202,1142.4831447601318,1160.6177978515625,20985000,0.0,0.0
2015-01-02,1160.617683531746,1174.2186720106336,1137.9493694002665,1142.4830322265625,43177700,0.0,0.0
2015-01-02,1137.9492895009566,1142.4829520089286,1106.213651945153,1110.747314453125,62438100,0.0,0.0
2015-01-02,1110.7473432339305,1124.3483311102643,1101.6800179830411,1115.281005859375,24051800,0.0,0.0
2015-01-02,1119.8146330438944,1137.9492829717308,1110.7473080799762,1128.8819580078125,17964600,0.0,0.0
2015-01-02,1128.8821549415588,1160.6177978515625,1119.8148283958435,1160.6177978515625,42089100,0.0,0.0
2015-01-02,1160.6177696078432,1160.6177696078432,1128.8821274701286,1156.0841064453125,30234200,0.0,0.0
2015-01-02,1156.0840888077769,1196.8870566480512,1147.016762621049,1192.3533935546875,63340400,0.0,0.0
2015-01-02,1183.2860673679597,1196.8870566480512,1183.2860673679597,1192.3533935546875,22158200,0.0,0.0
2015-01-02,1192.3533364950013,1196.8869993714081,1174.2186849893737,1183.2860107421875,17533200,0.0,0.0
2015-01-02,1192.3533076359674,1196.8869704026442,1169.6849938025841,1178.7523193359375,13335000,0.0,0.0
2015-01-02,1183.2860391631382,1187.8197021484375,1160.6177242366412,1187.8197021484375,24541800,0.0,0.0
2015-01-02,1187.8197194497416,1192.3533825010766,1147.0167519877277,1151.5504150390625,36874200,0.0,0.0
2015-01-02,1151.5503578791543,1160.617683531746,1137.9493694002665,1142.4830322265625,26537000,0.0,0.0
2015-01-02,1142.4831447601318,1160.6177978515625,1133.4158182144165,1160.6177978515625,20866200,0.0,0.0
2015-01-02,1160.6177978515625,1160.6177978515625,1147.0168080329895,1160.6177978515625,16401400,0.0,0.0
2015-01-02,1160.6176682692308,1183.285982102614,1151.5503427358774,1178.7523193359375,34998600,0.0,0.0
2015-01-02,1178.7523193359375,1187.8196448692909,1174.2186565692607,1178.7523193359375,16977500,0.0,0.0
2015-01-02,1187.8196301816115,1215.0216064453125,1183.2859674709946,1215.0216064453125,65630100,0.0,0.0
2015-01-02,1219.5553345644385,1224.0889975182095,1201.4206827493538,1205.954345703125,35978400,0.0,0.0
2015-01-02,1215.0216716106672,1215.0216716106672,1196.8870197955828,1205.954345703125,17046600,0.0,0.0
2015-01-02,1205.954382834779,1205.954382834779,1183.2860673679597,1192.3533935546875,13496300,0.0,0.0
2015-01-02,1192.3533001524029,1210.4879511052911,1187.819637414181,1196.886962890625,25186800,0.0,0.0
2015-01-02,1196.8870566480512,1205.954382834779,1183.2860673679597,1192.3533935546875,26903600,0.0,0.0
2015-01-02,1196.8870566480512,1201.420719741415,1192.3533935546875,1192.3533935546875,19876600,0.0,0.0
2015-01-02,1192.3533364950013,1205.9543251242217,1174.2186849893737,1183.2860107421875,33063000,0.0,0.0
2015-01-02,1183.2859746759589,1196.886962890625,1174.2186491995146,1196.886962890625,27457900,0.0,0.0
2015-01-02,1196.8870281190364,1196.8870281190364,1178.7523761778389,1187.8197021484375,19889500,0.0,0.0
2015-01-02,1187.8197021484375,1196.8870281190364,1183.2860391631382,1187.8197021484375,12659100,0.0,0.0
2015-01-02,1187.819665757665,1201.420654296875,1183.2860029112617,1201.420654296875,16759000,0.0,0.0
2015-01-02,1201.420662247815,1205.9543251242217,1183.2860107421875,1183.2860107421875,35286200,0.0,0.0
2015-01-02,1192.3533001524029,1196.886962890625,1183.2859746759589,1196.886962890625,16463500,0.0,0.0
2015-01-02,1196.886962890625,1201.4206256288471,1187.819637414181,1196.886962890625,17915500,0.0,0.0
2015-01-02,1196.886976304945,1255.8245925623855,1196.886976304945,1237.68994140625,118676200,0.0,0.0
2015-01-02,1237.6899699190237,1264.8919472798814,1228.6226441320712,1242.2236328125,43797500,0.0,0.0
2015-01-02,1242.2236328125,1246.7572957059763,1233.1563070255474,1242.2236328125,22632200,0.0,0.0
2015-01-02,1233.15625,1237.6899126838236,1205.9542738970588,1233.15625,55501500,0.0,0.0
2015-01-02,1224.0889685288914,1224.0889685288914,1192.3533286040683,1201.420654296875,94272500,0.0,0.0
2015-01-02,1205.954354089635,1210.4880170749343,1183.2860391631382,1187.8197021484375,50924000,0.0,0.0
2015-01-02,1192.3533935546875,1201.420719741415,1183.2860673679597,1192.3533935546875,18796400,0.0,0.0
2015-01-02,1196.8870281190364,1201.4206911043357,1187.8197021484375,1187.8197021484375,15867300,0.0,0.0
2015-01-02,1183.285982102614,1187.8196448692909,1160.6176682692308,1178.7523193359375,31425400,0.0,0.0
2015-01-02,1178.7524042745958,1196.8870566480512,1178.7524042745958,1192.3533935546875,15298400,0.0,0.0
2015-01-02,1192.3533076359674,1192.3533076359674,1174.2186565692607,1178.7523193359375,15558800,0.0,0.0
2015-01-02,1178.7523846293604,1178.7523846293604,1160.6177325581396,1169.68505859375,24768500,0.0,0.0
2015-01-02,1165.1514237451738,1178.752413127413,1160.6177606177605,1174.21875,11941400,0.0,0.0
2015-01-02,1174.218721611555,1183.2860476471656,1165.1513955759447,1169.68505859375,9191300,0.0,0.0
2015-01-02,1174.2187131925393,1192.3533651337368,1169.68505020724,1187.8197021484375,18107700,0.0,0.0
2015-01-02,1192.3533364950013,1192.3533364950013,1178.7523478657806,1183.2860107421875,9129000,0.0,0.0
2015-01-02,1183.2860107421875,1187.8196736185944,1174.2186849893737,1183.2860107421875,17824900,0.0,0.0
2015-01-02,1183.2860762548262,1183.2860762548262,1169.685086872587,1174.21875,13524000,0.0,0.0
2015-01-02,1174.21875,1178.752413127413,1169.685086872587,1174.21875,9014700,0.0,0.0
2015-01-02,1178.7523193359375,1178.7523193359375,1165.1513310359073,1178.7523193359375,13956700,0.0,0.0
2015-01-02,1178.7523193359375,1187.8196448692909,1174.2186565692607,1178.7523193359375,17726600,0.0,0.0
2015-01-02,1178.7523193359375,1178.7523193359375,1169.6849938025841,1178.7523193359375,7136100,0.0,0.0
2015-01-02,1178.752413127413,1178.752413127413,1169.685086872587,1174.21875,10551900,0.0,0.0
2015-01-02,1174.2187876701355,1174.2187876701355,1160.6177978515625,1160.6177978515625,21016700,0.0,0.0
2015-01-02,1160.6177411417323,1165.1514041930673,1147.0167519877277,1151.5504150390625,24924400,0.0,0.0
2015-01-02,1151.5504150390625,1156.0840780903975,1147.0167519877277,1151.5504150390625,11962500,0.0,0.0
2015-01-02,1151.5504432827818,1165.1514327703737,1151.5504432827818,1156.0841064453125,9029000,0.0,0.0
2015-01-02,1160.617712450593,1165.151375389853,1147.0167236328125,1147.0167236328125,12999800,0.0,0.0
2015-01-02,1151.5504432827818,1165.1514327703737,1151.5504432827818,1156.0841064453125,8376400,0.0,0.0
2015-01-02,1156.0840780903975,1160.6177411417323,1147.0167519877277,1151.5504150390625,9169400,0.0,0.0
2015-01-02,1151.5504150390625,1165.1514041930673,1151.5504150390625,1151.5504150390625,12816600,0.0,0.0
2015-01-02,1156.0839916700386,1160.6176543824702,1137.9493408203125,1137.9493408203125,19996700,0.0,0.0
2015-01-02,1137.9493120117188,1147.0166372070312,1133.4156494140625,1133.4156494140625,10725700,0.0,0.0
2015-01-02,1133.415678107881,1142.483003532744,1133.415678107881,1137.9493408203125,8835100,0.0,0.0
2015-01-02,1137.9493120117188,1142.482974609375,1124.34832421875,1133.4156494140625,17720100,0.0,0.0
2015-01-02,1133.4156204897715,1142.4829454536898,1124.3482955258535,1128.8819580078125,16720900,0.0,0.0
2015-01-02,1128.8820515294228,1133.4157143869709,1115.2810629567794,1124.348388671875,20487500,0.0,0.0
2015-01-02,1124.34832421875,1133.4156494140625,1119.8146616210938,1133.4156494140625,11824400,0.0,0.0
2015-01-02,1133.4156204897715,1133.4156204897715,1119.8146330438944,1128.8819580078125,11395600,0.0,0.0
2015-01-02,1124.348388671875,1128.8820515294228,1119.8147258143272,1124.348388671875,5488500,0.0,0.0
2015-01-02,1124.348388671875,1133.4157143869709,1115.2810629567794,1124.348388671875,10352700,0.0,0.0
2015-01-02,1124.3483311102643,1128.8819937357089,1115.281005859375,1115.281005859375,7105400,0.0,0.0
2015-01-02,1115.2810708968366,1119.8147337866612,1106.2137451171875,1106.2137451171875,19947100,0.0,0.0
2015-01-02,1101.680082227363,1115.2810708968366,1101.680082227363,1106.2137451171875,10190500,0.0,0.0
2015-01-02,1101.6800462977606,1128.882022749557,1101.6800462977606,1119.814697265625,6969800,0.0,0.0
2015-01-02,1119.814697265625,1133.4156854915232,1119.814697265625,1119.814697265625,12717200,0.0,0.0
2015-01-02,1124.3483311102643,1124.3483311102643,1110.7473432339305,1115.281005859375,6514200,0.0,0.0
2015-01-02,1115.281005859375,1124.3483311102643,1110.7473432339305,1115.281005859375,6863900,0.0,0.0
2015-01-02,1119.8146684848195,1128.8819937357089,1115.281005859375,1115.281005859375,13111900,0.0,0.0
2015-01-02,1115.280976961097,1124.3483019770408,1110.747314453125,1110.747314453125,7522900,0.0,0.0
2015-01-02,1106.213651945153,1115.280976961097,1101.6799894371811,1110.747314453125,12320300,0.0,0.0
2015-01-02,1110.7474080070122,1115.2810708968366,1101.680082227363,1106.2137451171875,9699900,0.0,0.0
2015-01-02,1106.2137372416835,1128.8820515294228,1106.2137372416835,1124.348388671875,12355800,0.0,0.0
2015-01-02,1128.8820437476747,1147.0166950528583,1119.814718095083,1142.4830322265625,23001400,0.0,0.0
2015-01-02,1147.0166372070312,1147.0166372070312,1119.8146616210938,1133.4156494140625,24373900,0.0,0.0
2015-01-02,1133.4156204897715,1142.4829454536898,1124.3482955258535,1128.8819580078125,11212000,0.0,0.0
2015-01-02,1133.415678107881,1147.0166662451754,1128.8820153954493,1137.9493408203125,11251100,0.0,0.0
2015-01-02,1137.9493408203125,1147.0166662451754,1128.8820153954493,1137.9493408203125,9371200,0.0,0.0
2015-01-02,1137.9493120117188,1142.482974609375,1128.8819868164062,1133.4156494140625,8401500,0.0,0.0
2015-01-02,1133.4157143869709,1137.9493772445187,1124.348388671875,1124.348388671875,6198500,0.0,0.0
2015-01-02,1124.3482955258535,1142.4829454536898,1124.3482955258535,1128.8819580078125,6895000,0.0,0.0
2015-01-02,1128.8819580078125,1137.9492829717308,1119.8146330438944,1128.8819580078125,7336100,0.0,0.0
2015-01-02,1124.348360007591,1128.882022749557,1115.281034523659,1119.814697265625,6486300,0.0,0.0
2015-01-02,1119.814697265625,1128.882022749557,1110.747371781693,1119.814697265625,5338000,0.0,0.0
2015-01-02,1119.8146394690689,1124.3483019770408,1106.213651945153,1110.747314453125,4446200,0.0,0.0
2015-01-02,1110.7473502671423,1115.281012921294,1092.612699650536,1097.1463623046875,17673100,0.0,0.0
2015-01-02,1088.0790369963843,1106.2136876129907,1088.0790369963843,1097.1463623046875,11902500,0.0,0.0
2015-01-02,1088.079044117647,1097.1463694852941,1069.944393382353,1079.01171875,12666200,0.0,0.0
2015-01-02,1079.0116768973214,1119.8146394690689,1069.9443518813775,1110.747314453125,9378600,0.0,0.0
2015-01-02,1110.7474080070122,1124.3483966764857,1106.2137451171875,1106.2137451171875,7738500,0.0,0.0
2015-01-02,1106.2137241762553,1110.7473869802564,1074.478084548248,1083.54541015625,12488200,0.0,0.0
2015-01-02,1083.545345828741,1101.679995968134,1079.0116832938927,1092.6126708984375,7685100,0.0,0.0
2015-01-02,1092.6127281659915,1101.6800537109375,1083.5454026210455,1101.6800537109375,5511800,0.0,0.0
2015-01-02,1097.1463269292092,1110.747314453125,1083.5453394052934,1110.747314453125,7473700,0.0,0.0
2015-01-02,1110.7473869802564,1110.7473869802564,1074.478084548248,1083.54541015625,8955300,0.0,0.0
2015-01-02,1083.545345828741,1115.280983572679,1083.545345828741,1092.6126708984375,10661600,0.0,0.0
2015-01-02,1097.1464274088542,1101.680090332031,1083.5454386393228,1088.0791015625,10516900,0.0,0.0
2015-01-02,1097.1463909384645,1110.7473792558835,1088.0790653935185,1101.6800537109375,10759300,0.0,0.0
2015-01-02,1106.2136876129907,1110.7473502671423,1092.612699650536,1097.1463623046875,8227700,0.0,0.0
2015-01-02,1097.1463623046875,1101.680024958839,1088.0790369963843,1097.1463623046875,7750200,0.0,0.0
2015-01-02,1092.612699650536,1106.2136876129907,1092.612699650536,1097.1463623046875,4511000,0.0,0.0
2015-01-02,1101.6800537109375,1106.2137164834105,1092.6127281659915,1101.6800537109375,5973800,0.0,0.0
2015-01-02,1097.1463623046875,1106.2136876129907,1088.0790369963843,1097.1463623046875,5031900,0.0,0.0
2015-01-02,1097.1463334332857,1101.679995968134,1092.6126708984375,1092.6126708984375,2788200,0.0,0.0
2015-01-02,1128.8819580078125,1142.4829454536898,1110.7473080799762,1128.8819580078125,27722600,0.0,0.0
2015-01-02,1128.8819580078125,1133.4156204897715,1119.8146330438944,1128.8819580078125,5074500,0.0,0.0
2015-01-02,1124.3484284156975,1174.218721611555,1124.3484284156975,1169.68505859375,45268800,0.0,0.0
2015-01-02,1174.2186930021887,1178.752355909533,1156.0840413728113,1165.1513671875,13146000,0.0,0.0
2015-01-02,1165.1513463580418,1165.1513463580418,1133.4157065739707,1142.4830322265625,11512900,0.0,0.0
2015-01-02,1137.9493694002665,1147.0166950528583,1133.4157065739707,1142.4830322265625,10704200,0.0,0.0
2015-01-02,1142.4830889363927,1160.6177411417323,1142.4830889363927,1151.5504150390625,9032800,0.0,0.0
2015-01-02,1151.5503865720727,1156.0840495113328,1137.9493977542922,1147.0167236328125,8163700,0.0,0.0
2015-01-02,1147.0167435047238,1174.218721611555,1147.0167435047238,1169.68505859375,24245600,0.0,0.0
2015-01-02,1174.21875,1183.2860762548262,1169.685086872587,1174.21875,26158700,0.0,0.0
2015-01-02,1178.7524509429932,1178.7524509429932,1151.5504713058472,1160.6177978515625,12237200,0.0,0.0
2015-01-02,1160.6177606177605,1174.21875,1151.5504343629343,1174.21875,17928400,0.0,0.0
2015-01-02,1174.218730295737,1178.7523933470718,1147.0167519877277,1151.5504150390625,18840100,0.0,0.0
2015-01-02,1156.0840695403342,1169.68505859375,1151.550406522529,1169.68505859375,13555100,0.0,0.0
2015-01-02,1169.6850300948443,1169.6850300948443,1156.0840413728113,1165.1513671875,11062900,0.0,0.0
2015-01-02,1165.151375389853,1165.151375389853,1142.4830606935525,1147.0167236328125,8324200,0.0,0.0
2015-01-02,1142.4829520089286,1147.0166145169005,1110.747314453125,1110.747314453125,22094100,0.0,0.0
2015-01-02,1106.2137451171875,1115.2810708968366,1097.1464193375384,1106.2137451171875,18702700,0.0,0.0
2015-01-02,1106.2136876129907,1110.7473502671423,1092.612699650536,1097.1463623046875,11109600,0.0,0.0
2015-01-02,1106.2136585029823,1106.2136585029823,1088.0790083635893,1092.6126708984375,8649300,0.0,0.0
2015-01-02,1092.6127357642522,1097.1463985682533,1083.54541015625,1083.54541015625,9472900,0.0,0.0
2015-01-02,1097.1463269292092,1119.8146394690689,1097.1463269292092,1110.747314453125,15351100,0.0,0.0
2015-01-02,1115.281005859375,1124.3483311102643,1106.2136806084857,1115.281005859375,7070600,0.0,0.0
2015-01-02,1119.8147337866612,1119.8147337866612,1101.680082227363,1106.2137451171875,8122300,0.0,0.0
2015-01-02,1106.2136806084857,1115.281005859375,1106.2136806084857,1115.281005859375,2866000,0.0,0.0
2015-01-02,1115.2810708968366,1119.8147337866612,1097.1464193375384,1106.2137451171875,18767500,0.0,0.0
2015-01-02,1106.2137164834105,1133.4156931182486,1092.6127281659915,1101.6800537109375,17570600,0.0,0.0
2015-01-02,1101.679995968134,1106.2136585029823,1092.6126708984375,1092.6126708984375,14894600,0.0,0.0
2015-01-02,1097.1463623046875,1101.680024958839,1088.0790369963843,1097.1463623046875,15806500,0.0,0.0
2015-01-02,1101.679983116058,1142.4829454536898,1097.1463206340989,1128.8819580078125,23858500,0.0,0.0
2015-01-02,1142.482974609375,1142.482974609375,1124.34832421875,1133.4156494140625,10717300,0.0,0.0
2015-01-02,1133.4157348150322,1151.5503865720727,1119.8147459972517,1147.0167236328125,18356000,0.0,0.0
2015-01-02,1142.483003532744,1147.0166662451754,1124.348352683018,1137.9493408203125,8177200,0.0,0.0
2015-01-02,1137.949444980695,1178.752413127413,1137.949444980695,1174.21875,46643300,0.0,0.0
2015-01-02,1174.21875,1192.3534025096524,1169.685086872587,1174.21875,56421700,0.0,0.0
2015-01-02,1174.2186930021887,1196.8870075389104,1165.1513671875,1165.1513671875,29209000,0.0,0.0
2015-01-02,1174.2187050267269,1205.954345703125,1165.1513791191846,1205.954345703125,72285300,0.0,0.0
2015-01-02,1210.488037109375,1224.0890262903793,1196.8870479283707,1210.488037109375,37578100,0.0,0.0
2015-01-02,1210.4879365808824,1233.15625,1201.4206112132354,1233.15625,30546800,0.0,0.0
2015-01-02,1237.6899780273436,1246.7573038736978,1219.5553263346353,1224.0889892578125,38989300,0.0,0.0
2015-01-02,1224.0890176357818,1233.1563436923432,1205.9543655226591,1228.6226806640625,31625800,0.0,0.0
2015-01-02,1233.156294221698,1233.156294221698,1201.420654296875,1201.420654296875,33671300,0.0,0.0
2015-01-02,1201.4207109887054,1219.5553632300443,1201.4207109887054,1210.488037109375,23833300,0.0,0.0
2015-01-02,1215.0217001697097,1224.0890262903793,1201.4207109887054,1210.488037109375,16203500,0.0,0.0
2015-01-02,1210.4880285509398,1242.2236697489045,1210.4880285509398,1228.6226806640625,43778700,0.0,0.0
2015-01-02,1228.6226722301137,1255.8246502130683,1224.0890092329546,1246.75732421875,50723000,0.0,0.0
2015-01-02,1246.7573122870654,1246.7573122870654,1196.8870197955828,1205.954345703125,30784600,0.0,0.0
2015-01-02,1205.9543627361918,1210.488025753997,1160.6177325581396,1169.68505859375,51088200,0.0,0.0
2015-01-02,1169.68505859375,1187.819710664971,1160.6177325581396,1169.68505859375,20418600,0.0,0.0
2015-01-02,1169.6850300948443,1169.6850300948443,1151.550378465467,1165.1513671875,12158100,0.0,0.0
2015-01-02,1165.1513872219407,1187.8197021484375,1160.6177242366412,1187.8197021484375,14744100,0.0,0.0
2015-01-02,1187.8197393822393,1187.8197393822393,1169.685086872587,1174.21875,23658600,0.0,0.0
2015-01-02,1178.7523478657806,1196.8869993714081,1174.2186849893737,1183.2860107421875,22739900,0.0,0.0
2015-01-02,1178.752413127413,1183.2860762548262,1169.685086872587,1174.21875,19645200,0.0,0.0
2015-01-02,1174.2187876701355,1183.2861142158508,1156.0841345787048,1160.6177978515625,18959200,0.0,0.0
2015-01-02,1160.6177411417323,1165.1514041930673,1142.4830889363927,1151.5504150390625,22453300,0.0,0.0
2015-01-02,1156.08402070545,1160.617683531746,1137.9493694002665,1142.4830322265625,13277700,0.0,0.0
2015-01-02,1142.483003532744,1156.0839916700386,1133.415678107881,1137.9493408203125,24323400,0.0,0.0
2015-01-02,1156.083984375,1242.223575367647,1151.5503216911766,1233.15625,90087700,0.0,0.0
2015-01-02,1233.1562863034387,1246.757274755315,1210.4879722169785,1219.5552978515625,35366700,0.0,0.0
2015-01-02,1246.7572594377539,1278.4928987688968,1233.1562711529784,1255.8245849609375,107323500,0.0,0.0
2015-01-02,1260.3582553514193,1273.959243718521,1228.6226158281822,1237.68994140625,47138800,0.0,0.0
2015-01-02,1237.6899780273436,1246.7573038736978,1215.0216634114583,1224.0889892578125,31298800,0.0,0.0
2015-01-02,1228.6226672864939,1323.82958984375,1224.089004307577,1323.82958984375,162716100,0.0,0.0
2015-01-02,1323.829553429555,1346.497867700609,1305.6949020127117,1337.4305419921875,95834900,0.0,0.0
2015-01-02,1341.9642617582072,1360.0989139441288,1323.8296095722853,1346.4979248046875,79653900,0.0,0.0
2015-01-02,1346.4979047383347,1346.4979047383347,1287.5602860124143,1323.82958984375,83249900,0.0,0.0
2015-01-02,1323.82958984375,1328.363252822667,1301.161274949165,1323.82958984375,22804100,0.0,0.0
2015-01-02,1319.2958698141165,1341.9641837284482,1305.6948814655173,1314.76220703125,31630000,0.0,0.0
2015-01-02,1319.2958984375,1328.3632241999571,1301.161246912586,1319.2958984375,25165600,0.0,0.0
2015-01-02,1319.2958775233556,1328.3632031420727,1292.0939006672038,1296.6275634765625,31163300,0.0,0.0
2015-01-02,1292.0938364664712,1319.2958119710286,1287.5601738823784,1305.69482421875,31758200,0.0,0.0
2015-01-02,1310.2285597780917,1310.2285597780917,1269.4255942486702,1278.492919921875,42691800,0.0,0.0
2015-01-02,1278.4929443359374,1287.5602701822916,1219.5553263346353,1224.0889892578125,111696100,0.0,0.0
2015-01-02,1233.1562711529784,1260.3582477225293,1228.6226083913866,1255.8245849609375,41312300,0.0,0.0
2015-01-02,1260.3582553514193,1260.3582553514193,1237.68994140625,1237.68994140625,27127200,0.0,0.0
2015-01-02,1242.223568239074,1255.8245562124944,1233.1562429234602,1251.2908935546875,31098900,0.0,0.0
2015-01-02,1255.8245562124944,1273.9592068437219,1237.689905581267,1251.2908935546875,39976000,0.0,0.0
2015-01-02,1255.8245703981634,1296.6275347793312,1251.2909076891447,1292.0938720703125,65310000,0.0,0.0
2015-01-02,1292.0939455750167,1296.6276085419465,1264.8919677734375,1264.8919677734375,60084100,0.0,0.0
2015-01-02,1264.8919181404533,1269.425580929487,1237.68994140625,1237.68994140625,39741700,0.0,0.0
2015-01-02,1251.7046851402765,1279.9386254065985,1242.2933717181693,1265.8216552734375,30806900,49.89136,0.0
2015-01-02,1265.8216601920215,1289.3499438387134,1256.4103467333448,1284.644287109375,24944600,0.0,0.0
2015-01-02,1298.761271587171,1374.051780084978,1294.0556148060582,1341.1121826171875,111976900,0.0,0.0
2015-01-02,1341.1121837909404,1477.5762305626502,1326.9952134352463,1468.1649169921875,218608600,0.0,0.0
2015-01-02,1496.3988942047022,1496.3988942047022,1430.5196976044951,1491.6932373046875,97619900,0.0,0.0
2015-01-02,1515.2214942932128,1515.2214942932128,1468.1649261474608,1505.8101806640625,86123300,0.0,0.0
2015-01-02,1496.3988354721787,1515.221462333464,1477.5762086108934,1501.1044921875,56030000,0.0,0.0
2015-01-02,1501.1044819822648,1501.1044819822648,1444.636601782305,1463.459228515625,43278200,0.0,0.0
2015-01-02,1463.459306755322,1463.459306755322,1350.5235403176123,1402.2857666015625,138819700,0.0,0.0
2015-01-02,1402.285671014301,1411.6969842425847,1345.8177916445975,1388.168701171875,99865700,0.0,0.0
2015-01-02,1383.4631031023357,1388.168759915609,1364.6404758492426,1378.7574462890625,36682500,0.0,0.0
2015-01-02,1378.7573983472566,1439.930934792698,1374.0517416976074,1425.81396484375,66510000,0.0,0.0
2015-01-02,1425.8139916992186,1435.2253051757812,1406.9913647460937,1411.697021484375,26906100,0.0,0.0
2015-01-02,1359.934772164481,1383.4630554199218,1308.1725490025112,1317.5838623046875,114716500,0.0,0.0
2015-01-02,1322.2896058238637,1341.1122336647727,1284.6443501420456,1294.0556640625,67115200,0.0,0.0
2015-01-02,1303.4668974540602,1336.406494140625,1298.761240784551,1336.406494140625,41495800,0.0,0.0
2015-01-02,1317.5839488636364,1317.5839488636364,1270.5273792613636,1294.0556640625,50946500,0.0,0.0
2015-01-02,1298.761225083295,1308.1725383085363,1251.7046589570887,1279.9385986328125,36392600,0.0,0.0
2015-01-02,1289.3499755859375,1312.8782598119583,1275.2330050503251,1289.3499755859375,29441100,0.0,0.0
2015-01-02,1298.7613210227273,1331.7009197443183,1289.3500071022727,1294.0556640625,55140300,0.0,0.0
2015-01-02,1294.0556278935185,1294.0556278935185,1261.1160300925926,1270.52734375,29692900,0.0,0.0
2015-01-02,1279.9386431080427,1284.644299884175,1204.6481346899225,1214.0594482421875,85302300,0.0,0.0
2015-01-02,1209.3537961071684,1232.882080078125,1190.5311689304033,1232.882080078125,49891300,0.0,0.0
2015-01-02,1232.8820218172941,1261.1159612482245,1218.7650521018288,1242.2933349609375,33227500,0.0,0.0
2015-01-02,1228.1764783859253,1232.8821353912354,1190.5312223434448,1204.648193359375,28220300,0.0,0.0
2015-01-02,1204.648097826087,1214.0594110903533,1185.8254712975543,1190.5311279296875,20074400,0.0,0.0
2015-01-02,1204.6481346899225,1223.4707617944525,1195.2368211376574,1214.0594482421875,23547400,0.0,0.0
2015-01-02,1209.3537866787647,1218.7651001937745,1190.5311596487452,1195.23681640625,15220800,0.0,0.0
2015-01-02,1195.2367735570792,1204.6480867346938,1148.180207669005,1152.8858642578125,52119300,0.0,0.0
2015-01-02,1148.1803017893146,1176.4142436365928,1143.4746448147682,1167.0029296875,27680800,0.0,0.0
2015-01-02,1171.7085866620464,1185.8255575856856,1157.5916157384072,1167.0029296875,19397400,0.0,0.0
2015-01-02,1167.0029067095588,1209.3538186465994,1162.2972498276654,1199.9425048828125,33981100,0.0,0.0
2015-01-02,1214.0594755284926,1228.1764461741727,1195.236848000919,1199.9425048828125,29298000,0.0,0.0
2015-01-02,1199.9424203725962,1246.9989858774038,1185.8254507211539,1223.470703125,34890800,0.0,0.0
2015-01-02,1223.4707569512796,1242.2933839812993,1190.5311596487452,1195.23681640625,23408300,0.0,0.0
2015-01-02,1190.531214560232,1204.648185483871,1152.885958763861,1167.0029296875,29197900,0.0,0.0
2015-01-02,1167.0028980579455,1181.1198685989689,1157.5915843639298,1162.2972412109375,22633100,0.0,0.0
2015-01-02,1162.2972646077474,1167.0029215494792,1129.357666015625,1129.357666015625,34436900,0.0,0.0
2015-01-02,1138.7689306640625,1181.1198413085938,1138.7689306640625,1176.4141845703125,30108400,0.0,0.0
2015-01-02,1176.4142475430929,1190.53121851361,1157.5916195824034,1185.8255615234375,26417400,0.0,0.0
2015-01-02,1190.5311822929846,1190.5311822929846,1143.4746138229061,1162.2972412109375,30772700,0.0,0.0
2015-01-02,1167.0028340242347,1176.4141472018496,1152.8858642578125,1152.8858642578125,37501300,0.0,0.0
2015-01-02,1162.2971881368885,1199.9424411939538,1152.8858748726223,1190.5311279296875,26837700,0.0,0.0
2015-01-02,1199.9424411939538,1214.0594110903533,1190.5311279296875,1190.5311279296875,33599700,0.0,0.0
2015-01-02,1195.23681640625,1204.6481299212599,1176.4141893762303,1195.23681640625,25041400,0.0,0.0
2015-01-02,1204.6481346899225,1214.0594482421875,1185.8255075853924,1214.0594482421875,20729000,0.0,0.0
2015-01-02,1199.9424357586595,1204.6480923694778,1171.70849609375,1171.70849609375,21779900,0.0,0.0
2015-01-02,1171.7085549049532,1181.1198685989689,1152.8859275169218,1162.2972412109375,13416800,0.0,0.0
2015-01-02,1167.0029256851947,1171.7085826436028,1143.4746408931544,1148.1802978515625,11482500,0.0,0.0
2015-01-02,1138.7688944913903,1152.8858642578125,1134.0632379025828,1152.8858642578125,12852700,0.0,0.0
2015-01-02,1171.7085866620464,1176.4142436365928,1157.5916157384072,1167.0029296875,21280600,0.0,0.0
2015-01-02,1167.002828384336,1167.002828384336,1134.063232421875,1134.063232421875,13993500,0.0,0.0
2015-01-02,1134.0632864444813,1152.8859136053857,1105.829345703125,1105.829345703125,32257200,0.0,0.0
2015-01-02,1105.8293288316183,1162.2972094528075,1105.8293288316183,1157.591552734375,33350200,0.0,0.0
2015-01-02,1162.2972143554687,1190.531154785156,1148.1802441406248,1176.4141845703125,22023600,0.0,0.0
2015-01-02,1181.1199006111392,1190.531214560232,1167.0029296875,1167.0029296875,13429700,0.0,0.0
2015-01-02,1167.0029296875,1176.4142436365928,1152.885958763861,1167.0029296875,7950600,0.0,0.0
2015-01-02,1167.0028394829317,1181.1198093153864,1162.2971828721134,1171.70849609375,7606300,0.0,0.0
2015-01-02,1181.119904533265,1195.2368755037824,1171.7085905529204,1185.8255615234375,11387900,0.0,0.0
2015-01-02,1185.8254712975543,1214.0594110903533,1185.8254712975543,1190.5311279296875,20656800,0.0,0.0
2015-01-02,1195.236848000919,1214.0594755284926,1190.5311911190258,1199.9425048828125,17987200,0.0,0.0
2015-01-02,1199.9425048828125,1209.3538186465994,1195.236848000919,1199.9425048828125,13158600,0.0,0.0
2015-01-02,1204.648097826087,1209.35375445822,1181.1198146654212,1190.5311279296875,9618600,0.0,0.0
2015-01-02,1190.5311331544867,1218.765073071194,1185.8254765017023,1209.353759765625,26524700,0.0,0.0
2015-01-02,1214.0595073699951,1232.8821353912354,1199.942536354065,1204.648193359375,21637900,0.0,0.0
2015-01-02,1204.648139312977,1232.882080078125,1185.825512136212,1232.882080078125,27024600,0.0,0.0
2015-01-02,1232.882107414334,1246.999078109918,1218.76513671875,1218.76513671875,23764100,0.0,0.0
2015-01-02,1218.765073071194,1242.2933563351166,1209.353759765625,1209.353759765625,13364300,0.0,0.0
2015-01-02,1214.0594798202221,1218.76513671875,1199.942509124638,1218.76513671875,11378900,0.0,0.0
2015-01-02,1232.882032506606,1289.3499118580537,1232.882032506606,1279.9385986328125,70288300,0.0,0.0
2015-01-02,1284.644255245433,1284.644255245433,1265.8216287949506,1279.9385986328125,23847500,0.0,0.0
2015-01-02,1294.0555738366168,1303.4668871008832,1284.6442605723505,1298.76123046875,31340200,0.0,0.0
2015-01-02,1298.7612097642448,1331.7008056640625,1294.0555532071278,1331.7008056640625,45039100,0.0,0.0
2015-01-02,1326.9952348667941,1331.7008917280239,1298.7612936994155,1308.172607421875,38189900,0.0,0.0
2015-01-02,1308.172602966754,1312.8782598119583,1275.2330050503251,1289.3499755859375,22374600,0.0,0.0
2015-01-02,1289.3499755859375,1308.172602966754,1275.2330050503251,1289.3499755859375,19685100,0.0,0.0
2015-01-02,1303.4668816959156,1303.4668816959156,1270.527285407571,1279.9385986328125,16641200,0.0,0.0
2015-01-02,1279.938689172048,1289.350003063019,1256.4104044446208,1275.2330322265625,19806300,0.0,0.0
2015-01-02,1275.232963590802,1275.232963590802,1237.587710053066,1246.9990234375,19547800,0.0,0.0
2015-01-02,1246.999050460699,1261.116020843273,1223.4707664897423,1232.882080078125,31796100,0.0,0.0
2015-01-02,1242.2933936665077,1246.999050460699,1228.1764232839337,1232.882080078125,17274400,0.0,0.0
2015-01-02,1242.2933936665077,1246.999050460699,1223.4707664897423,1232.882080078125,17048500,0.0,0.0
2015-01-02,1232.8821116400309,1251.7047392986574,1228.1764547253742,1237.5877685546875,30237800,0.0,0.0
2015-01-02,1246.998997019298,1265.8216233894007,1242.2933404267724,1261.115966796875,27408100,0.0,0.0
2015-01-02,1251.7046481045809,1261.1159612482245,1242.2933349609375,1242.2933349609375,14875500,0.0,0.0
2015-01-02,1232.8820320343875,1232.8820320343875,1162.2971828721134,1171.70849609375,61184900,0.0,0.0
2015-01-02,1181.119877355239,1199.9425048828125,1162.2972498276654,1199.9425048828125,23647200,0.0,0.0
2015-01-02,1199.942473163755,1204.6481299212599,1185.8255028912401,1195.23681640625,13266900,0.0,0.0
2015-01-02,1195.2368755037824,1199.9425324939546,1181.119904533265,1185.8255615234375,13845800,0.0,0.0
2015-01-02,1195.2367845618207,1209.35375445822,1190.5311279296875,1190.5311279296875,9489800,0.0,0.0
2015-01-02,1195.2368793487549,1204.648193359375,1185.8255653381348,1204.648193359375,7995700,0.0,0.0
2015-01-02,1204.648139312977,1242.2933936665077,1199.9424825187857,1232.882080078125,24621000,0.0,0.0
2015-01-02,1242.2933616199712,1251.7046749655772,1223.4707349287596,1228.1763916015625,22814400,0.0,0.0
2015-01-02,1232.8820162259615,1242.293329326923,1214.0593900240385,1223.470703125,19501200,0.0,0.0
2015-01-02,1232.8820482743654,1237.5877049471683,1223.4707349287596,1228.1763916015625,10629900,0.0,0.0
2015-01-02,1237.5877685546875,1237.5877685546875,1218.765140896061,1237.5877685546875,18102700,0.0,0.0
2015-01-02,1246.9990332746681,1289.3499438387134,1237.5877198159912,1284.644287109375,63466500,0.0,0.0
2015-01-02,1294.0556278935185,1298.7612847222222,1270.52734375,1270.52734375,35065700,0.0,0.0
2015-01-02,1270.5272743918679,1270.5272743918679,1242.2933349609375,1242.2933349609375,27867900,0.0,0.0
2015-01-02,1246.9990639791001,1294.0556324311417,1246.9990639791001,1289.3499755859375,36112400,0.0,0.0
2015-01-02,1289.3499020034844,1355.229094076655,1284.6442454268292,1350.5234375,98131200,0.0,0.0
2015-01-02,1350.5234588623048,1355.2291155133928,1308.1725490025112,1317.5838623046875,46632500,0.0,0.0
2015-01-02,1331.7008374711156,1341.1121508101342,1303.4668974540602,1336.406494140625,45616800,0.0,0.0
2015-01-02,1336.4065485892536,1336.4065485892536,1308.172607421875,1308.172607421875,38064200,0.0,0.0
2015-01-02,1317.583925504211,1326.9952392578125,1308.1726117506093,1326.9952392578125,28041200,0.0,0.0
2015-01-02,1326.9952668220767,1331.700923796623,1308.172638923891,1312.8782958984375,25419100,0.0,0.0
2015-01-02,1317.5838891865976,1322.2895459336926,1294.0556054511226,1303.4669189453125,21849300,0.0,0.0
2015-01-02,1279.9386303800366,1303.4669140267285,1279.9386303800366,1284.644287109375,26326300,0.0,0.0
2015-01-02,1289.3499534308276,1326.995207545596,1289.3499534308276,1322.28955078125,37101000,0.0,0.0
2015-01-02,1322.28955078125,1345.8178346029804,1312.878237252558,1322.28955078125,38675500,0.0,0.0
2015-01-02,1322.2895189557757,1341.1121455601283,1298.761235700335,1317.5838623046875,26798200,0.0,0.0
2015-01-02,1326.9952122738487,1350.5234961794133,1317.5838987116229,1341.1121826171875,44240100,0.0,0.0
2015-01-02,1345.817844060878,1374.0517848453721,1331.7008736686312,1359.934814453125,50746100,0.0,0.0
2015-01-02,1359.934782663981,1374.0517527262368,1350.5234692891438,1355.2291259765625,28954700,0.0,0.0
2015-01-02,1355.2291848776224,1355.2291848776224,1331.7009004179415,1345.81787109375,22573300,0.0,0.0
2015-01-02,1345.817844060878,1374.0517848453721,1345.817844060878,1359.934814453125,32685400,0.0,0.0
2015-01-02,1364.6404803240741,1406.9913917824074,1359.9348234953704,1397.580078125,70162900,0.0,0.0
2015-01-02,1411.697000012724,1454.0479100131056,1402.2856866793059,1444.6365966796875,115224900,0.0,0.0
2015-01-02,1444.6366872351155,1449.3423441967934,1416.402745465048,1439.9310302734375,51627300,0.0,0.0
2015-01-02,1439.9310302734375,1454.0480011584712,1425.8140593884038,1439.9310302734375,32668100,0.0,0.0
2015-01-02,1439.930934792698,1439.930934792698,1421.1083081941008,1425.81396484375,33881600,0.0,0.0
2015-01-02,1406.9913824272817,1406.9913824272817,1341.1121872634624,1359.934814453125,89349800,0.0,0.0
2015-01-02,1364.6404758492426,1383.4631031023357,1341.1121917828764,1378.7574462890625,33165200,0.0,0.0
2015-01-02,1378.7574145173373,1378.7574145173373,1350.5234742883133,1374.0517578125,33465100,0.0,0.0
2015-01-02,1374.0518167429957,1374.0518167429957,1345.817875303071,1364.6405029296875,16399600,0.0,0.0
2015-01-02,1364.6404758492426,1383.4631031023357,1350.523505409423,1378.7574462890625,15570800,0.0,0.0
2015-01-02,1378.7573712352307,1378.7573712352307,1322.2894925498288,1331.7008056640625,33017100,0.0,0.0
2015-01-02,1326.9952348667941,1331.7008917280239,1294.0556368381856,1308.172607421875,32696300,0.0,0.0
2015-01-02,1308.1725707560668,1312.8782274854052,1270.52731692136,1284.644287109375,26603000,0.0,0.0
2015-01-02,1284.6442919569326,1312.8782324395024,1270.5273217156475,1303.4669189453125,24354800,0.0,0.0
2015-01-02,1303.4669548738086,1345.8178667650154,1289.3499842434064,1326.9952392578125,37189100,0.0,0.0
2015-01-02,1331.7008917280239,1345.817862311713,1308.172607421875,1308.172607421875,21579100,0.0,0.0
2015-01-02,1317.5839211443345,1317.5839211443345,1298.7612936994155,1308.172607421875,7132300,0.0,0.0
2015-01-02,1317.5839338631465,1374.0518167429957,1317.5839338631465,1364.6405029296875,57485900,0.0,0.0
2015-01-02,1364.6404493177258,1397.5800463702228,1355.2291358741554,1392.8743896484375,39344900,0.0,0.0
2015-01-02,1402.2857666015625,1416.4027374062762,1392.8744527317535,1402.2857666015625,40905900,0.0,0.0
2015-01-02,1406.9913647460937,1435.2253051757812,1397.5800512695312,1411.697021484375,72887700,0.0,0.0
2015-01-02,1416.4027099609375,1435.2253373358337,1411.6970531172135,1416.4027099609375,25849100,0.0,0.0
2015-01-02,1425.8139916992186,1425.8139916992186,1397.5800512695312,1411.697021484375,21884700,0.0,0.0
2015-01-02,1421.1083943411809,1425.8140512760854,1397.580109666658,1402.2857666015625,13809100,0.0,0.0
2015-01-02,1402.2857624495111,1402.2857624495111,1374.051820923682,1383.463134765625,22958600,0.0,0.0
2015-01-02,1383.463076204867,1402.2857030920081,1374.0517627612965,1392.8743896484375,16406100,0.0,0.0
2015-01-02,1392.874363111413,1416.4026462720788,1383.4630498471467,1406.9913330078125,20592200,0.0,0.0
2015-01-02,1416.4027332124256,1416.4027332124256,1374.051820923682,1383.463134765625,14898200,0.0,0.0
2015-01-02,1383.463130556304,1383.463130556304,1345.817875303071,1364.6405029296875,14606100,0.0,0.0
2015-01-02,1364.6404665227521,1364.6404665227521,1341.1121826171875,1341.1121826171875,9926200,0.0,0.0
2015-01-02,1341.1121778386344,1341.1121778386344,1308.172580488212,1322.28955078125,23566400,0.0,0.0
2015-01-02,1322.28955078125,1369.346118424711,1317.583894016904,1322.28955078125,38857700,0.0,0.0
2015-01-02,1331.7008056640625,1331.7008056640625,1308.1725228784783,1331.7008056640625,12336600,0.0,0.0
2015-01-02,1331.700826893682,1331.700826893682,1284.6442605723505,1298.76123046875,32796100,0.0,0.0
2015-01-02,1298.7612892763457,1308.172602966754,1279.938661895529,1289.3499755859375,25992100,0.0,0.0
2015-01-02,1298.7612800311326,1317.5839072779606,1237.5877414789416,1251.7047119140625,45253800,0.0,0.0
2015-01-02,1246.998997019298,1279.9385931669776,1237.5876838342467,1261.115966796875,25644200,0.0,0.0
2015-01-02,1265.8216502063678,1279.938620283019,1228.1763966686322,1246.9990234375,19016400,0.0,0.0
2015-01-02,1251.704735008446,1251.704735008446,1195.23685222611,1218.76513671875,28969000,0.0,0.0
2015-01-02,1218.7650465745191,1232.8820162259615,1204.6480769230768,1223.470703125,15095500,0.0,0.0
2015-01-02,1223.4707710438206,1265.8216823491834,1223.4707710438206,1251.7047119140625,19311200,0.0,0.0
2015-01-02,1251.7046749655772,1251.7046749655772,1223.4707349287596,1228.1763916015625,10510300,0.0,0.0
2015-01-02,1223.4707617944525,1228.176418570585,1204.6481346899225,1214.0594482421875,6830100,0.0,0.0
2015-01-02,1214.0595034644716,1218.765160454644,1185.8255615234375,1185.8255615234375,9682900,0.0,0.0
2015-01-02,1190.5312223434448,1218.7651643753052,1190.5312223434448,1204.648193359375,8581600,0.0,0.0
2015-01-02,1214.0594434362697,1218.7651001937745,1190.5311596487452,1195.23681640625,10593000,0.0,0.0
2015-01-02,1199.9424357586595,1199.9424357586595,1167.0028394829317,1171.70849609375,25820700,0.0,0.0
2015-01-02,1185.8255615234375,1204.648189484127,1176.4142475430929,1185.8255615234375,25077700,0.0,0.0
2015-01-02,1190.531164361525,1256.41035922738,1190.531164361525,1214.0594482421875,38369000,0.0,0.0
2015-01-02,1228.176450515806,1228.176450515806,1199.942509124638,1218.76513671875,18729100,0.0,0.0
2015-01-02,1218.76510501832,1218.76510501832,1199.94247791379,1214.0594482421875,16974400,0.0,0.0
2015-01-02,1209.353759765625,1214.0594164184095,1185.8254765017023,1209.353759765625,13080100,0.0,0.0
2015-01-02,1204.648181352459,1209.353838310867,1148.1802978515625,1148.1802978515625,15979400,0.0,0.0
2015-01-02,1157.5915152522043,1176.4141415164677,1129.357575855809,1134.063232421875,38599900,0.0,0.0
2015-01-02,1138.7689839347465,1171.7085826436028,1134.0633269763384,1148.1802978515625,37117700,0.0,0.0
2015-01-02,1157.5915476901473,1157.5915476901473,1134.06326420051,1138.7689208984375,13817800,0.0,0.0
2015-01-02,1138.7689208984375,1148.1802342942924,1129.3576075025826,1138.7689208984375,22950900,0.0,0.0
2015-01-02,1138.7689569758984,1171.7085549049532,1138.7689569758984,1162.2972412109375,27441100,0.0,0.0
2015-01-02,1162.2972412109375,1167.0028980579455,1152.8859275169218,1162.2972412109375,15518100,0.0,0.0
2015-01-02,1162.2972143554687,1185.8254980468748,1157.5915576171874,1176.4141845703125,22065400,0.0,0.0
2015-01-02,1171.7085228896724,1176.4141796081046,1148.1802392975103,1157.591552734375,16663100,0.0,0.0
2015-01-02,1152.8858909922199,1152.8858909922199,1129.3576075025826,1138.7689208984375,16015500,0.0,0.0
2015-01-02,1143.4746368408203,1148.180293782552,1124.6520090738932,1129.357666015625,15066400,0.0,0.0
2015-01-02,1129.3575971554487,1134.0632538102632,1096.418000571748,1101.1236572265625,21107100,0.0,0.0
2015-01-02,1101.123684177151,1119.9463112571023,1082.3010570971996,1087.0067138671875,24313900,0.0,0.0
2015-01-02,1068.1840446403435,1082.3010143932995,1039.9501051344314,1044.65576171875,26931400,0.0,0.0
2015-01-02,1044.6558561197917,1058.7728271484375,1039.9501991102431,1058.7728271484375,10651000,0.0,0.0
2015-01-02,1072.8897705078125,1082.3010842841968,1063.4784567314282,1072.8897705078125,12581700,0.0,0.0
2015-01-02,1068.1840501633367,1082.3010199892838,1063.4783935546875,1063.4783935546875,7787300,0.0,0.0
2015-01-02,1063.4784252822137,1077.5953955293228,1063.4784252822137,1068.18408203125,8187200,0.0,0.0
2015-01-02,1063.4784567314282,1072.8897705078125,1058.772799843236,1072.8897705078125,5928800,0.0,0.0
2015-01-02,1077.5953789719013,1129.3576024159663,1077.5953789719013,1119.9462890625,14632600,0.0,0.0
2015-01-02,1119.9462571284942,1129.3575702136075,1091.712317873154,1115.2406005859375,7598200,0.0,0.0
2015-01-02,1110.5350299703664,1110.5350299703664,1082.3010885304418,1091.71240234375,9904000,0.0,0.0
2015-01-02,1091.7123706371754,1091.7123706371754,1068.1840867872363,1087.0067138671875,11343500,0.0,0.0
2015-01-02,1082.3011160105077,1096.4180870889056,1058.7728308798444,1077.595458984375,8164200,0.0,0.0
2015-01-02,1072.8897067719856,1082.3010199892838,1063.4783935546875,1063.4783935546875,6074500,0.0,0.0
2015-01-02,1063.4784524100166,1077.5954230172295,1054.067138671875,1054.067138671875,9507700,0.0,0.0
2015-01-02,1044.6558159722222,1049.3614728009259,1007.0105613425926,1016.421875,29112600,0.0,0.0
2015-01-02,1016.4218680245536,1025.8331816173736,978.7766136532739,988.1879272460938,25207000,0.0,0.0
2015-01-02,988.1879080158391,1039.9501317690497,988.1879080158391,1030.538818359375,50261300,0.0,0.0
2015-01-02,1049.3615092972284,1063.4784802743213,1030.5388813277714,1039.9501953125,56313700,0.0,0.0
2015-01-02,1035.2444725212415,1044.6557859077982,1011.7161890548496,1021.1275024414062,41021600,0.0,0.0
2015-01-02,1035.2444750642123,1044.655788473887,1016.421848244863,1030.538818359375,27122500,0.0,0.0
2015-01-02,1049.3614451787244,1054.0671018835617,1021.1275049497003,1030.538818359375,59439200,0.0,0.0
2015-01-02,1035.2444725212415,1039.9501292145198,1021.1275024414062,1021.1275024414062,15943500,0.0,0.0
2015-01-02,1021.1275024414062,1039.9501292145198,1021.1275024414062,1021.1275024414062,20373300,0.0,0.0
2015-01-02,1025.833153953015,1030.5388106225241,997.5992139359595,1002.3048706054688,21273100,0.0,0.0
2015-01-02,997.5992335899202,1002.3048903521369,955.2483227299708,959.9539794921875,29905700,0.0,0.0
2015-01-02,964.6596121902102,997.5992087040222,964.6596121902102,983.4822387695312,32702000,0.0,0.0
2015-01-02,978.7766040764233,978.7766040764233,945.8370068238513,950.5426635742188,36238500,0.0,0.0
2015-01-02,959.954006821362,964.6596637175451,941.1313792366294,945.8370361328125,32212100,0.0,0.0
2015-01-02,945.8370339858471,950.5426908713489,931.720063329342,936.4257202148438,23461600,0.0,0.0
2015-01-02,936.4256834049814,945.8369968060366,898.7804298007611,912.8973999023438,44182900,0.0,0.0
2015-01-02,912.8974293130667,922.3087430173251,898.7804587566791,908.1917724609375,25124400,0.0,0.0
2015-01-02,908.1917679398148,908.1917679398148,884.6634837962963,889.369140625,30213200,0.0,0.0
2015-01-02,884.6634468410326,898.7804167374321,851.7238504161005,865.8408203125,29904200,0.0,0.0
2015-01-02,865.840822937668,884.6634495232695,856.4295096448673,875.2521362304688,25382900,0.0,0.0
2015-01-02,870.5464821673454,889.3691088088016,865.8408255069814,884.6634521484375,23550400,0.0,0.0
2015-01-02,884.6634903345353,927.0144021058694,879.9578334710536,917.6030883789062,28382800,0.0,0.0
2015-01-02,917.6030615604285,941.1313451901831,903.4860913825758,931.7200317382812,50965900,0.0,0.0
2015-01-02,931.720063329342,950.5426908713489,922.3087495583385,936.4257202148438,50424200,0.0,0.0
2015-01-02,936.4257135737128,941.131370425842,908.1917724609375,908.1917724609375,24651300,0.0,0.0
2015-01-02,908.1917406717936,922.3087107340494,889.3691139221191,903.486083984375,21047400,0.0,0.0
2015-01-02,903.486108790107,903.486108790107,875.2521678904161,879.9578247070312,21598700,0.0,0.0
2015-01-02,879.9577902088995,889.3691034731658,865.8408203125,865.8408203125,18996400,0.0,0.0
2015-01-02,865.840817629636,875.2521308647407,847.0181911594265,856.4295043945312,21777000,0.0,0.0
2015-01-02,856.4295016818576,875.252128092448,837.6068752712673,847.0181884765625,21909500,0.0,0.0
2015-01-02,847.0182178007158,865.8408448629539,832.9012475040372,842.3125610351562,21933700,0.0,0.0
2015-01-02,832.9012323253883,832.9012323253883,785.8446655273438,785.8446655273438,68591800,0.0,0.0
2015-01-02,818.7843038385565,842.3125884316185,804.6673330827193,828.1956176757812,56966800,0.0,0.0
2015-01-02,823.4899242021884,828.1955809119152,804.6672973632812,804.6672973632812,34389600,0.0,0.0
2015-01-02,804.6673330827193,856.4295591874557,804.6673330827193,828.1956176757812,60254500,0.0,0.0
2015-01-02,828.1955859374999,851.7238696289062,818.7842724609375,823.4899291992188,53402400,0.0,0.0
2015-01-02,818.7842674924616,818.7842674924616,799.9616406535545,804.6672973632812,54271800,0.0,0.0
2015-01-02,804.6672973632812,809.372954073008,795.2559839438277,804.6672973632812,26620700,0.0,0.0
2015-01-02,795.2559814453125,804.6672948351978,785.8446680554272,795.2559814453125,29637300,0.0,0.0
2015-01-02,795.2560130399817,809.3729836856618,795.2560130399817,799.961669921875,21068000,0.0,0.0
2015-01-02,809.3729792215738,814.0786360775131,776.4333812299981,781.1390380859375,40218500,0.0,0.0
2015-01-02,781.139035852944,785.8446926954316,767.0220653254811,771.7277221679688,25513000,0.0,0.0
2015-01-02,771.7277243740588,781.1390380859375,767.0220675181193,781.1390380859375,18909400,0.0,0.0
2015-01-02,781.1390062736742,790.5503196022728,752.9050662878788,776.433349609375,56509300,0.0,0.0
2015-01-02,776.4333812299981,795.2560086537557,767.0220675181193,781.1390380859375,27700900,0.0,0.0
2015-01-02,785.8446602850604,809.3729435271281,752.9050637461656,767.0220336914062,43989600,0.0,0.0
2015-01-02,767.0220535080155,767.0220535080155,724.671142578125,724.671142578125,64153800,0.0,0.0
2015-01-02,734.082429339172,762.3163689291401,710.5541463475319,738.7880859375,57407100,0.0,0.0
2015-01-02,738.7881242705555,776.4333790104564,738.7881242705555,771.7277221679688,39877400,0.0,0.0
2015-01-02,790.5503366140014,851.7238745662753,790.5503366140014,842.3125610351562,110143000,0.0,0.0
2015-01-02,837.6069018692621,851.7238721254855,804.6673046047405,832.9012451171875,74403600,0.0,0.0
2015-01-02,743.4937789351852,828.1956018518518,724.6711516203703,762.31640625,70216500,0.0,0.0
2015-01-02,762.3163796164773,818.7842595880682,762.3163796164773,776.433349609375,42592500,0.0,0.0
2015-01-02,823.4899607571689,832.9012745943937,804.6673330827193,828.1956176757812,47721000,0.0,0.0
2015-01-02,818.7843038385565,832.9012745943937,804.6673330827193,828.1956176757812,36054100,0.0,0.0
2015-01-02,837.6068779243218,856.4295043945312,832.9012213067695,856.4295043945312,55660000,0.0,0.0
2015-01-02,865.0,910.0,865.0,885.0,75272300,53.57048,0.0
2015-01-02,895.0,975.0,895.0,965.0,153583700,0.0,0.0
2015-01-02,960.0,960.0,925.0,945.0,55101600,0.0,0.0
2015-01-02,945.0,955.0,910.0,920.0,20455700,0.0,0.0
2015-01-02,915.0,965.0,910.0,965.0,32714100,0.0,0.0
2015-01-02,985.0,1030.0,960.0,1010.0,82283000,0.0,0.0
2015-01-02,1045.0,1050.0,1000.0,1015.0,90755300,0.0,0.0
2015-01-02,1040.0,1055.0,1025.0,1035.0,60843500,0.0,0.0
2015-01-02,1040.0,1105.0,1040.0,1100.0,73362600,0.0,0.0
2015-01-02,1100.0,1100.0,1060.0,1085.0,46465900,0.0,0.0
2015-01-02,1085.0,1085.0,1045.0,1055.0,48675200,0.0,0.0
2015-01-02,1070.0,1070.0,1050.0,1050.0,33351100,0.0,0.0
2015-01-02,1060.0,1070.0,1035.0,1055.0,30361700,0.0,0.0
2015-01-02,1055.0,1060.0,1045.0,1055.0,16967300,0.0,0.0
2015-01-02,1060.0,1065.0,1045.0,1055.0,14763600,0.0,0.0
2015-01-02,1075.0,1185.0,1070.0,1160.0,209274700,0.0,0.0
2015-01-02,1165.0,1175.0,1130.0,1150.0,28497400,0.0,0.0
2015-01-02,1170.0,1225.0,1155.0,1220.0,93784100,0.0,0.0
2015-01-02,1225.0,1260.0,1225.0,1240.0,56684700,0.0,0.0
2015-01-02,1250.0,1255.0,1215.0,1250.0,34963300,0.0,0.0
2015-01-02,1250.0,1260.0,1230.0,1240.0,34406100,0.0,0.0
2015-01-02,1240.0,1290.0,1225.0,1230.0,56185600,0.0,0.0
2015-01-02,1240.0,1295.0,1240.0,1275.0,60436400,0.0,0.0
2015-01-02,1290.0,1320.0,1275.0,1275.0,43676900,0.0,0.0
2015-01-02,1285.0,1290.0,1270.0,1270.0,14934900,0.0,0.0
2015-01-02,1270.0,1280.0,1250.0,1265.0,28992000,0.0,0.0
2015-01-02,1270.0,1280.0,1260.0,1275.0,29759200,0.0,0.0
2015-01-02,1275.0,1275.0,1240.0,1255.0,24773900,0.0,0.0
2015-01-02,1255.0,1260.0,1195.0,1200.0,54710100,0.0,0.0
2015-01-02,1195.0,1215.0,1170.0,1200.0,34827800,0.0,0.0
2015-01-02,1220.0,1220.0,1180.0,1190.0,11914600,0.0,0.0
2015-01-02,1190.0,1190.0,1140.0,1145.0,44077400,0.0,0.0
2015-01-02,1150.0,1200.0,1150.0,1190.0,21332600,0.0,0.0
2015-01-02,1200.0,1200.0,1170.0,1180.0,10140500,0.0,0.0
2015-01-02,1185.0,1185.0,1145.0,1180.0,22393100,0.0,0.0
2015-01-02,1175.0,1175.0,1150.0,1160.0,8542800,0.0,0.0
2015-01-02,1150.0,1170.0,1150.0,1150.0,14050800,0.0,0.0
2015-01-02,1150.0,1215.0,1150.0,1200.0,39678300,0.0,0.0
2015-01-02,1215.0,1215.0,1170.0,1175.0,30617600,0.0,0.0
2015-01-02,1175.0,1180.0,1125.0,1145.0,25093600,0.0,0.0
2015-01-02,1145.0,1145.0,1105.0,1110.0,31820500,0.0,0.0
2015-01-02,1090.0,1095.0,1055.0,1085.0,24057000,0.0,0.0
2015-01-02,1105.0,1135.0,1105.0,1115.0,15918100,0.0,0.0
2015-01-02,1135.0,1135.0,1095.0,1100.0,10317800,0.0,0.0
2015-01-02,1105.0,1150.0,1095.0,1150.0,18000000,0.0,0.0
2015-01-02,1150.0,1155.0,1115.0,1115.0,17522000,0.0,0.0
2015-01-02,1120.0,1125.0,1085.0,1095.0,21994600,0.0,0.0
2015-01-02,1100.0,1100.0,1070.0,1090.0,17967700,0.0,0.0
2015-01-02,1090.0,1105.0,1070.0,1080.0,13241400,0.0,0.0
2015-01-02,1080.0,1100.0,1075.0,1085.0,6888200,0.0,0.0
2015-01-02,1085.0,1095.0,1070.0,1085.0,6688700,0.0,0.0
2015-01-02,1085.0,1090.0,1070.0,1080.0,11473700,0.0,0.0
2015-01-02,1080.0,1110.0,1080.0,1100.0,10232200,0.0,0.0
2015-01-02,1110.0,1160.0,1105.0,1155.0,29456900,0.0,0.0
2015-01-02,1170.0,1200.0,1155.0,1195.0,32597400,0.0,0.0
2015-01-02,1200.0,1205.0,1165.0,1185.0,22594200,0.0,0.0
2015-01-02,1190.0,1210.0,1165.0,1210.0,15293200,0.0,0.0
2015-01-02,1235.0,1270.0,1230.0,1240.0,51188200,0.0,0.0
2015-01-02,1240.0,1245.0,1215.0,1220.0,12791700,0.0,0.0
2015-01-02,1235.0,1240.0,1205.0,1205.0,14390200,0.0,0.0
2015-01-02,1210.0,1215.0,1175.0,1175.0,16819600,0.0,0.0
2015-01-02,1180.0,1190.0,1170.0,1175.0,12309200,0.0,0.0
2015-01-02,1180.0,1195.0,1165.0,1190.0,7971700,0.0,0.0
2015-01-02,1200.0,1250.0,1190.0,1215.0,27236000,0.0,0.0
2015-01-02,1210.0,1210.0,1180.0,1195.0,8300700,0.0,0.0
2015-01-02,1195.0,1215.0,1180.0,1185.0,9530900,0.0,0.0
2015-01-02,1190.0,1190.0,1155.0,1175.0,19042800,0.0,0.0
2015-01-02,1175.0,1180.0,1150.0,1150.0,21305600,0.0,0.0
2015-01-02,1150.0,1150.0,1110.0,1115.0,35857000,0.0,0.0
2015-01-02,1115.0,1140.0,1115.0,1115.0,12079300,0.0,0.0
2015-01-02,1115.0,1125.0,1090.0,1095.0,25459100,0.0,0.0
2015-01-02,1095.0,1135.0,1095.0,1115.0,20823700,0.0,0.0
2015-01-02,1115.0,1135.0,1110.0,1130.0,14511100,0.0,0.0
2015-01-02,1130.0,1130.0,1110.0,1115.0,9107100,0.0,0.0
2015-01-02,1105.0,1120.0,1095.0,1115.0,8822700,0.0,0.0
2015-01-02,1110.0,1220.0,1105.0,1205.0,70689200,0.0,0.0
2015-01-02,1210.0,1280.0,1205.0,1260.0,72378400,0.0,0.0
2015-01-02,1275.0,1360.0,1230.0,1335.0,132059900,0.0,0.0
2015-01-02,1340.0,1375.0,1325.0,1350.0,72254600,0.0,0.0
2015-01-02,1350.0,1355.0,1280.0,1280.0,37158200,0.0,0.0
2015-01-02,1280.0,1280.0,1245.0,1255.0,18955900,0.0,0.0
2015-01-02,1280.0,1330.0,1255.0,1320.0,48467200,0.0,0.0
2015-01-02,1325.0,1335.0,1270.0,1280.0,31318800,0.0,0.0
2015-01-02,1285.0,1300.0,1265.0,1270.0,11752600,0.0,0.0
2015-01-02,1315.0,1320.0,1295.0,1300.0,21053300,0.0,0.0
2015-01-02,1300.0,1300.0,1260.0,1260.0,19669700,0.0,0.0
2015-01-02,1270.0,1280.0,1235.0,1240.0,17590400,0.0,0.0
2015-01-02,1285.0,1320.0,1285.0,1305.0,50418200,0.0,0.0
2015-01-02,1305.0,1310.0,1275.0,1300.0,38371500,0.0,0.0
