Date,Open,High,Low,Close,Volume,Dividends,Stock Splits
2015-01-02,3208.583251953125,3208.583251953125,3179.0305114746093,3208.583251953125,3402400,0.0,0.0
2015-01-02,3191.695904629706,3208.5831845483817,3179.0304446906994,3195.917724609375,6085900,0.0,0.0
2015-01-02,3187.4738444010413,3204.361123046875,3145.255647786458,3166.36474609375,6710700,0.0,0.0
2015-01-02,3162.1428502400713,3246.579241434733,3157.9210306803384,3242.357421875,8047500,0.0,0.0
2015-01-02,3250.8014526367188,3263.466912841797,3208.583251953125,3208.583251953125,9181600,0.0,0.0
2015-01-02,3217.0267515245155,3242.3576708278583,3208.5831117567345,3212.804931640625,8842500,0.0,0.0
2015-01-02,3229.692138671875,3246.5794178283295,3217.0266793045344,3229.692138671875,7246400,0.0,0.0
2015-01-02,3229.691890770419,3288.79736328125,3229.691890770419,3288.79736328125,9722700,0.0,0.0
2015-01-02,3293.0196099845575,3326.7941700869633,3246.57958984375,3246.57958984375,10512600,0.0,0.0
2015-01-02,3259.24462890625,3280.3537262437258,3225.470073166289,3259.24462890625,3041900,0.0,0.0
2015-01-02,3259.24495036342,3259.24495036342,3208.5831117567345,3212.804931640625,4479200,0.0,0.0
2015-01-02,3242.357849604222,3250.801489837566,3149.477807037434,3200.1396484375,3206100,0.0,0.0
2015-01-02,3200.139296926129,3225.47021484375,3174.808379008508,3225.47021484375,4897200,0.0,0.0
2015-01-02,3250.8012014137876,3250.8012014137876,3208.583003992829,3238.1357421875,4943900,0.0,0.0
2015-01-02,3250.800883882365,3314.128173828125,3238.1354258932124,3314.128173828125,14444600,0.0,0.0
2015-01-02,3326.794177885365,3390.1214782258226,3326.794177885365,3385.899658203125,19000400,0.0,0.0
2015-01-02,3377.456298828125,3381.67811920166,3326.794454345703,3377.456298828125,11689700,0.0,0.0
2015-01-02,3343.681283967391,3398.56494140625,3343.681283967391,3398.56494140625,5754000,0.0,0.0
2015-01-02,3377.456232355709,3377.456232355709,3356.347130903486,3364.790771484375,6282700,0.0,0.0
2015-01-02,3318.3502700998815,3356.34664723843,3301.4629913716376,3335.237548828125,6833500,0.0,0.0
2015-01-02,3356.346997286366,3356.346997286366,3293.019695450774,3339.459716796875,4609800,0.0,0.0
2015-01-02,3293.0194769965274,3293.0194769965274,3191.69580078125,3191.69580078125,22986800,0.0,0.0
2015-01-02,3208.5830801504626,3246.579458731192,3191.69580078125,3191.69580078125,16689700,0.0,0.0
2015-01-02,3217.0267198350693,3221.2485396773723,3157.921242042824,3191.69580078125,24155700,0.0,0.0
2015-01-02,3191.6955174263276,3259.24462890625,3187.473697958833,3259.24462890625,16614100,0.0,0.0
2015-01-02,3276.1317998606687,3314.128173828125,3259.2445225417996,3314.128173828125,11963800,0.0,0.0
2015-01-02,3314.1283158507276,3314.1283158507276,3255.022842701798,3280.353759765625,3400800,0.0,0.0
2015-01-02,3293.019573048395,3293.019573048395,3233.914093532142,3255.023193359375,3667400,0.0,0.0
2015-01-02,3255.0232043247397,3263.4668442840775,3191.695904629706,3195.917724609375,17529700,0.0,0.0
2015-01-02,3208.5833121956166,3255.0233338195007,3208.5833121956166,3250.801513671875,6548800,0.0,0.0
2015-01-02,3259.24462890625,3263.466448373745,3229.691892633784,3259.24462890625,4243000,0.0,0.0
2015-01-02,3242.357561929596,3259.2448408979794,3212.8048237349253,3238.1357421875,2529500,0.0,0.0
2015-01-02,3217.0266793045344,3242.3575980392156,3217.0266793045344,3229.692138671875,4192000,0.0,0.0
2015-01-02,3208.5830756471164,3246.5794541745163,3208.5830756471164,3221.24853515625,6806000,0.0,0.0
2015-01-02,3212.8050045280506,3246.579564365402,3191.695904629706,3195.917724609375,6193800,0.0,0.0
2015-01-02,3195.9176161379833,3221.24853515625,3195.9176161379833,3221.24853515625,5248100,0.0,0.0
2015-01-02,3200.139332528502,3217.026611328125,3179.0302340289736,3217.026611328125,9536000,0.0,0.0
2015-01-02,3225.4701791469483,3233.913818359375,3212.8047203283086,3233.913818359375,3565600,0.0,0.0
2015-01-02,3212.804859515421,3238.1357782501022,3208.583039726307,3229.692138671875,4689200,0.0,0.0
2015-01-02,3204.361364568713,3229.6922844467263,3195.917724609375,3195.917724609375,6045100,0.0,0.0
2015-01-02,3195.9174419034557,3233.913818359375,3195.9174419034557,3233.913818359375,4288300,0.0,0.0
2015-01-02,3217.0267879199605,3233.9140676465745,3200.1395081933465,3204.361328125,7658300,0.0,0.0
2015-01-02,3191.6959716796873,3208.583251953125,3187.474151611328,3208.583251953125,3090200,0.0,0.0
2015-01-02,3204.361328125,3233.9140676465745,3204.361328125,3204.361328125,4488200,0.0,0.0
2015-01-02,3191.695657620255,3229.692034496687,3191.695657620255,3225.47021484375,5559900,0.0,0.0
2015-01-02,3208.583466990894,3208.583466990894,3179.030724531767,3187.474365234375,8495300,0.0,0.0
2015-01-02,3187.4745060847354,3191.6963266225957,3162.143582857572,3183.252685546875,8148800,0.0,0.0
2015-01-02,3166.3654033954326,3191.6963266225957,3128.3690185546875,3183.252685546875,15276000,0.0,0.0
2015-01-02,3183.2521293223617,3200.139408523011,3132.5902917204144,3170.586669921875,10082900,0.0,0.0
2015-01-02,3174.8080711570947,3187.4735288877746,3124.146240234375,3124.146240234375,6823300,0.0,0.0
2015-01-02,3124.146775725138,3124.146775725138,3039.7103763812156,3056.59765625,6496800,0.0,0.0
2015-01-02,3056.5973057577057,3094.593681105522,3027.0445693760703,3081.92822265625,6571700,0.0,0.0
2015-01-02,3081.9285760531766,3094.5940359547653,3056.59765625,3056.59765625,7000600,0.0,0.0
2015-01-02,3081.9282206686735,3141.033693393826,3073.484581707937,3111.48095703125,9989600,0.0,0.0
2015-01-02,3103.0376023512617,3107.2594222184066,3060.819403679816,3073.48486328125,9680500,0.0,0.0
2015-01-02,3069.2629795765147,3081.9284389145196,3027.044781783165,3031.2666015625,5906300,0.0,0.0
2015-01-02,3022.822957974138,3065.0411557112066,3022.822957974138,3060.8193359375,6914500,0.0,0.0
2015-01-02,3031.2663608897815,3048.1536386663265,2972.160888671875,2972.160888671875,6480100,0.0,0.0
2015-01-02,2955.2743863275414,2955.2743863275414,2824.39794921875,2824.39794921875,9050200,0.0,0.0
2015-01-02,2824.397350322466,2904.6119237994867,2824.397350322466,2879.281005859375,5561900,0.0,0.0
2015-01-02,2879.280964586318,2951.0518977211677,2879.280964586318,2946.830078125,6746000,0.0,0.0
2015-01-02,3018.6011826874337,3018.6011826874337,2946.8302454766836,2993.270263671875,10995100,0.0,0.0
2015-01-02,2934.164447367972,2955.2735441116265,2879.2807958344706,2900.389892578125,4116200,0.0,0.0
2015-01-02,2883.5029706190885,2896.168430226493,2841.28477192774,2845.506591796875,4839700,0.0,0.0
2015-01-02,2849.728335638116,2900.390172716127,2849.728335638116,2891.946533203125,5546000,0.0,0.0
2015-01-02,2917.2777314034406,3065.0414370461617,2904.612270919779,3052.3759765625,9157100,0.0,0.0
2015-01-02,3052.3758000145276,3065.041259765625,2989.0485012590393,3065.041259765625,5349100,0.0,0.0
2015-01-02,3073.4847555134534,3098.815673828125,3048.153837198782,3098.815673828125,4266500,0.0,0.0
2015-01-02,3081.9286679898937,3119.925048828125,3069.263207710483,3119.925048828125,2288000,0.0,0.0
2015-01-02,2984.826171875,3115.7025669642853,2980.604352678571,2984.826171875,3594900,0.0,0.0
2015-01-02,2997.4924688824153,3018.6015707759534,2951.0524447166313,2989.048828125,3662900,0.0,0.0
2015-01-02,3014.379638671875,3014.379638671875,2942.6086948939733,3014.379638671875,2157800,0.0,0.0
2015-01-02,3018.601064267366,3107.25927734375,3005.935605256454,3107.25927734375,5256300,0.0,0.0
2015-01-02,3081.928296679416,3111.4810337708623,3035.48828125,3035.48828125,2925600,0.0,0.0
2015-01-02,3022.82293372654,3039.7102126859068,2980.604736328125,2980.604736328125,2397700,0.0,0.0
2015-01-02,3014.379638671875,3022.823279116334,2955.2741555606617,3014.379638671875,3610700,0.0,0.0
2015-01-02,2997.4918432441546,2997.4918432441546,2917.277272791142,2934.16455078125,6705900,0.0,0.0
2015-01-02,2955.2738295506388,2955.2738295506388,2849.728335638116,2891.946533203125,10909300,0.0,0.0
2015-01-02,2891.946533203125,2917.2774517421303,2870.8374344206204,2891.946533203125,2978300,0.0,0.0
2015-01-02,2887.7245519301473,2887.7245519301473,2668.18993687113,2727.29541015625,8655400,0.0,0.0
2015-01-02,2731.517344514402,2731.517344514402,2600.6409338807907,2642.859130859375,11443000,0.0,0.0
2015-01-02,2642.8595570709745,2647.081377449682,2393.7721547272245,2490.8740234375,16592400,0.0,0.0
2015-01-02,2486.651760309882,2528.869956579999,2381.10626963459,2393.771728515625,11209700,0.0,0.0
2015-01-02,2402.215440008187,2427.5463585319994,2368.4408819764376,2376.884521484375,5177000,0.0,0.0
2015-01-02,2389.5501107109917,2457.099230448405,2385.3282907274033,2431.768310546875,7303000,0.0,0.0
2015-01-02,2444.433702398969,2448.6555222649436,2385.3282242753326,2419.102783203125,10215500,0.0,0.0
2015-01-02,2406.437310112847,2406.437310112847,2279.78271484375,2279.78271484375,13297000,0.0,0.0
2015-01-02,2322.000592412914,2364.21878500224,2279.7823998235885,2355.775146484375,6193300,0.0,0.0
2015-01-02,2368.440870729211,2473.986364077215,2364.219050995291,2465.542724609375,10323200,0.0,0.0
2015-01-02,2473.9860491071427,2676.633370535714,2469.764229910714,2659.74609375,14535000,0.0,0.0
2015-01-02,2659.7464696430307,2782.1792436424716,2659.7464696430307,2714.630126953125,8358100,0.0,0.0
2015-01-02,2739.9612616177264,2756.8485421207633,2621.7502980964687,2693.521240234375,3568100,0.0,0.0
2015-01-02,2718.851959719152,2718.851959719152,2621.7501040148964,2625.971923828125,2646900,0.0,0.0
2015-01-02,2625.971955367823,2647.0810546875,2545.7573779530503,2647.0810546875,3747700,0.0,0.0
2015-01-02,2689.298828125,2689.298828125,2621.7497209821427,2659.74609375,2693400,0.0,0.0
2015-01-02,2676.6336491141733,2723.073665108268,2642.859092027559,2680.85546875,4062200,0.0,0.0
2015-01-02,2723.0735571708024,2727.2953766392843,2680.8553624859837,2706.186279296875,3011500,0.0,0.0
2015-01-02,2706.1863427437547,2828.619110200181,2706.1863427437547,2777.957275390625,4602800,0.0,0.0
2015-01-02,2782.1791919634566,2866.615586256733,2782.1791919634566,2841.28466796875,6849800,0.0,0.0
2015-01-02,2832.8408613793645,2832.8408613793645,2701.9644579475307,2735.739013671875,6085700,0.0,0.0
2015-01-02,2744.182688237713,2828.619078645027,2680.8553954322274,2727.29541015625,4036700,0.0,0.0
2015-01-02,2777.9575794001294,2790.62303948858,2651.302978515625,2651.302978515625,14412100,0.0,0.0
2015-01-02,2659.746679228301,2693.521240234375,2621.7502980964687,2693.521240234375,2739300,0.0,0.0
2015-01-02,2680.855660945811,2689.299300822806,2579.531982421875,2579.531982421875,7206300,0.0,0.0
2015-01-02,2583.7537021921644,2617.528260390755,2545.75732421875,2545.75732421875,3375600,0.0,0.0
2015-01-02,2533.09183653236,2541.535475987468,2478.208180074159,2495.095458984375,8605800,0.0,0.0
2015-01-02,2490.8738277847347,2495.095647831827,2414.8810669370646,2423.32470703125,5260300,0.0,0.0
2015-01-02,2440.2118177939055,2440.2118177939055,2364.219062222469,2376.884521484375,5309000,0.0,0.0
2015-01-02,2389.5500395676186,2482.4300764412715,2389.5500395676186,2448.655517578125,6574100,0.0,0.0
2015-01-02,2533.0916587752527,2533.0916587752527,2448.6552701494106,2507.7607421875,6688200,0.0,0.0
2015-01-02,2533.0919100031942,2533.0919100031942,2473.98643210312,2478.208251953125,2033000,0.0,0.0
2015-01-02,2448.655243470781,2448.655243470781,2334.666120067831,2338.887939453125,4268300,0.0,0.0
2015-01-02,2322.000926285722,2423.324603069099,2322.000926285722,2419.102783203125,4585500,0.0,0.0
2015-01-02,2448.655236961481,2490.8734307021964,2448.655236961481,2486.651611328125,4209900,0.0,0.0
2015-01-02,2486.651923102301,2516.204662426098,2452.8773638751054,2499.3173828125,3107200,0.0,0.0
2015-01-02,2524.6487000512293,2575.310546875,2490.874135502049,2575.310546875,6540400,0.0,0.0
2015-01-02,2575.309887410006,2583.753526385121,2520.42623407176,2528.869873046875,3787700,0.0,0.0
2015-01-02,2533.0919523140137,2554.2010519166306,2440.2119140625,2440.2119140625,3706200,0.0,0.0
2015-01-02,2473.98641887464,2566.866455078125,2473.98641887464,2566.866455078125,2439400,0.0,0.0
2015-01-02,2533.092144173636,2533.092144173636,2397.993896484375,2397.993896484375,8986600,0.0,0.0
2015-01-02,2414.8809359681372,2444.43367469502,2364.2190981506237,2368.44091796875,4663300,0.0,0.0
2015-01-02,2358.243118620267,2358.243118620267,2311.503164917883,2328.49951171875,4153700,18.0,0.0
2015-01-02,2294.5066938920454,2379.4884232954546,2294.5066938920454,2336.99755859375,6289300,0.0,0.0
2015-01-02,2379.4883516328828,2413.4810423704957,2345.4956608952702,2358.242919921875,3892400,0.0,0.0
2015-01-02,2370.9903520856583,2417.730305262974,2366.741265433175,2379.488525390625,7729900,0.0,0.0
2015-01-02,2379.488430188475,2455.9719868731045,2375.2393437059955,2451.722900390625,5364100,0.0,0.0
2015-01-02,2421.9796726206764,2443.2251083454194,2400.7342368959335,2426.228759765625,3431800,0.0,0.0
2015-01-02,2421.9793744154376,2430.4775476590007,2358.2430750887156,2413.481201171875,4053600,0.0,0.0
2015-01-02,2379.488561293658,2383.737648010254,2298.7559136783375,2311.503173828125,7946700,0.0,0.0
2015-01-02,2298.7559581832747,2358.243173367315,2286.0086977866945,2341.246826171875,5078200,0.0,0.0
2015-01-02,2379.4881352219627,2400.7335650007303,2273.260986328125,2273.260986328125,10335800,0.0,0.0
2015-01-02,2298.7556780779805,2328.499282045718,2286.0084192346644,2294.506591796875,3378000,0.0,0.0
2015-01-02,2311.503173828125,2324.2504339779125,2294.506826961742,2311.503173828125,1634400,0.0,0.0
2015-01-02,2328.4993856534093,2336.99755859375,2290.257607421875,2336.99755859375,2184500,0.0,0.0
2015-01-02,2324.2502291842625,2358.242919921875,2294.5066247888512,2358.242919921875,3844100,0.0,0.0
2015-01-02,2336.997812571543,2353.994160299336,2315.752377911802,2320.00146484375,1433500,0.0,0.0
2015-01-02,2336.9979630655316,2336.9979630655316,2256.2653061596316,2277.5107421875,2530400,0.0,0.0
2015-01-02,2281.759370304988,2286.008456655649,2209.52490234375,2209.52490234375,2790300,0.0,0.0
2015-01-02,2167.0343362131425,2171.2834231468937,2082.0525975381174,2107.547119140625,5386600,0.0,0.0
2015-01-02,2107.5469926581327,2145.7887727668485,2082.0524725856553,2116.045166015625,5088200,0.0,0.0
2015-01-02,2128.792426051864,2133.04151273061,2099.04881930064,2116.045166015625,3690500,0.0,0.0
2015-01-02,2116.0450865615753,2188.2795573879744,2107.5469135231756,2154.286865234375,4211800,0.0,0.0
2015-01-02,2124.543593976668,2196.778076171875,2124.543593976668,2196.778076171875,3250900,0.0,0.0
2015-01-02,2145.7885048062194,2196.777538583793,2145.7885048062194,2167.033935546875,2849600,0.0,0.0
2015-01-02,2184.030654066191,2184.030654066191,2133.041611558809,2158.5361328125,2064900,0.0,0.0
2015-01-02,2158.536209425667,2158.536209425667,2031.0635986328125,2031.0635986328125,5953300,0.0,0.0
2015-01-02,2056.557978877315,2069.3052390769676,1941.8326370804398,1950.330810546875,6443400,0.0,0.0
2015-01-02,1975.8254150390624,1975.8254150390624,1912.089111328125,1912.089111328125,2541200,0.0,0.0
2015-01-02,1933.334578174656,1946.0818391296536,1733.6274898796914,1754.8729248046875,6595400,0.0,0.0
2015-01-02,1742.1255557411596,1742.1255557411596,1589.158433773643,1614.6529541015625,7314800,0.0,0.0
2015-01-02,1623.1510646913111,1937.5834698932927,1623.1510646913111,1742.12548828125,7147300,0.0,0.0
2015-01-02,1746.3744560690486,1776.118059943704,1686.887248319738,1733.627197265625,5686500,0.0,0.0
2015-01-02,1733.6273496986041,1733.6273496986041,1669.8910500773318,1674.14013671875,3814800,0.0,0.0
2015-01-02,1661.392714219056,1699.6344902496737,1623.1509381884382,1627.4000244140625,2606800,0.0,0.0
2015-01-02,1623.1510414418597,1644.396473921465,1533.9202250275166,1538.1693115234375,5494100,0.0,0.0
2015-01-02,1504.17654636928,1504.17654636928,1423.4439068748836,1427.6929931640625,7398500,0.0,0.0
2015-01-02,1359.7077189700703,1359.7077189700703,1193.993340720593,1206.7406005859375,15984900,0.0,0.0
2015-01-02,1206.7404751010708,1270.476767800071,1155.7514409418707,1215.2386474609375,32262500,0.0,0.0
2015-01-02,1189.7442626953125,1232.2351292201452,1147.2533961704798,1189.7442626953125,16645800,0.0,0.0
2015-01-02,1232.2350998633417,1372.4549560546875,1232.2350998633417,1372.4549560546875,27275900,0.0,0.0
2015-01-02,1423.4440778357543,1499.927640226929,1406.4477306377155,1448.9385986328125,21276300,0.0,0.0
2015-01-02,1453.1876710289941,1665.64200889873,1444.6894975142045,1589.158447265625,20564100,0.0,0.0
2015-01-02,1593.407520494963,1712.3819486919201,1572.1620868883635,1614.6529541015625,18442700,0.0,0.0
2015-01-02,1563.663860452586,1657.143765153556,1550.9166007206356,1601.9056396484375,12153700,0.0,0.0
2015-01-02,1648.6455040564904,1674.1400221604567,1627.4000723031852,1657.1436767578125,5468600,0.0,0.0
2015-01-02,1665.6419634359138,1678.3892233601682,1644.396530228823,1674.14013671875,3451200,0.0,0.0
2015-01-02,1674.1400793929126,1674.1400793929126,1538.1693115234375,1538.1693115234375,4510700,0.0,0.0
2015-01-02,1538.1691269047003,1572.161814792097,1508.4255250032284,1542.418212890625,2785300,0.0,0.0
2015-01-02,1584.9094387958744,1601.9057866649991,1546.667656090344,1559.4149169921875,4519200,0.0,0.0
2015-01-02,1529.6710478850594,1631.6491177440632,1525.4219616409341,1610.4036865234375,5245600,0.0,0.0
2015-01-02,1631.6493148395723,1648.6456618691511,1589.158447265625,1589.158447265625,3337700,0.0,0.0
2015-01-02,1614.6529496277815,1623.151123046875,1589.1584293705007,1623.151123046875,2374400,0.0,0.0
2015-01-02,1640.1475680604274,1669.8911768076373,1593.4076114576692,1665.64208984375,4487600,0.0,0.0
2015-01-02,1686.8874420394325,1729.378309597101,1674.140181772132,1703.8837890625,6087100,0.0,0.0
2015-01-02,1703.8838476683964,1750.6238035894746,1686.8875000607316,1708.1329345703125,7694600,0.0,0.0
2015-01-02,1733.6272563607886,1754.8726884240334,1691.1363922342985,1737.8763427734375,11341100,0.0,0.0
2015-01-02,1729.3782286108994,1750.6236613948172,1712.3818823837653,1742.12548828125,3060300,0.0,0.0
2015-01-02,1750.6238035894746,1759.121977393307,1699.6347607664802,1708.1329345703125,3633400,0.0,0.0
2015-01-02,1674.1399184131117,1703.8835210245122,1606.154541015625,1606.154541015625,4588700,0.0,0.0
2015-01-02,1584.9092691220478,1699.6346049566196,1538.1693174857407,1652.8946533203125,7841200,0.0,0.0
2015-01-02,1657.1438306443235,1678.3892643705328,1597.6566162109375,1597.6566162109375,2380200,0.0,0.0
2015-01-02,1529.6712154368456,1623.151123046875,1529.6712154368456,1623.151123046875,6643000,0.0,0.0
2015-01-02,1631.6492578124999,1699.6346435546875,1601.905651550293,1699.6346435546875,9660400,0.0,0.0
2015-01-02,1720.8801531110491,1784.616455078125,1708.132892717634,1784.616455078125,8503100,0.0,0.0
2015-01-02,1801.6128997093024,1869.5982921511627,1784.616551598837,1827.107421875,8966600,0.0,0.0
2015-01-02,1865.3489956470248,2014.067024912733,1865.3489956470248,1997.0706787109375,8976300,0.0,0.0
2015-01-02,2039.5616319444443,2082.0524992766204,1920.5872034143517,1950.330810546875,9689100,0.0,0.0
2015-01-02,1950.330947977028,2005.5690794012141,1903.5909906181016,1924.83642578125,6887300,0.0,0.0
2015-01-02,1941.8328273840118,1988.5727860300165,1912.0892173365542,1937.583740234375,8302600,0.0,0.0
2015-01-02,1988.5725825095662,2094.799750378667,1975.8253223652741,2082.052490234375,7170700,0.0,0.0
2015-01-02,2103.298045926881,2188.27978515625,2099.0489589654126,2188.27978515625,7224400,0.0,0.0
2015-01-02,2192.528546130198,2209.524891449036,2090.550474217165,2094.799560546875,9770400,0.0,0.0
2015-01-02,2094.799560546875,2141.5395101736813,2082.052301557746,2094.799560546875,4639800,0.0,0.0
2015-01-02,2094.7996079101563,2137.290472167969,2094.7996079101563,2124.543212890625,4807400,0.0,0.0
2015-01-02,2141.5394807527014,2162.784912109375,2120.2940493960277,2162.784912109375,2185100,0.0,0.0
2015-01-02,2158.53585549252,2158.53585549252,2094.799560546875,2094.799560546875,3848200,0.0,0.0
2015-01-02,2094.799732621894,2133.04151273061,2094.799732621894,2116.045166015625,7022500,0.0,0.0
2015-01-02,2141.5395538913217,2150.037726724224,1988.5724428990843,2001.3197021484375,5135200,0.0,0.0
2015-01-02,2060.8070306663967,2137.290590567418,2060.8070306663967,2133.04150390625,7888000,0.0,0.0
2015-01-02,2150.0378246975315,2188.2796041881993,2150.0378246975315,2184.030517578125,5171300,0.0,0.0
2015-01-02,2137.290434382512,2209.52490234375,2111.7959162785455,2209.52490234375,4174000,0.0,0.0
2015-01-02,2209.525054811018,2213.774141454885,2137.290581865273,2150.037841796875,4619100,0.0,0.0
2015-01-02,2150.037640203579,2158.535812694502,2048.0595703125,2048.0595703125,7798700,0.0,0.0
2015-01-02,2082.0523486328125,2141.53955859375,1997.0706201171874,2124.543212890625,5607000,0.0,0.0
2015-01-02,2124.543330583914,2167.0341971955927,2086.3015506334036,2133.04150390625,3591100,0.0,0.0
2015-01-02,2167.03395054993,2311.5028805865923,2158.5357781948323,2281.75927734375,8300800,0.0,0.0
2015-01-02,2294.506591796875,2396.484662543403,2281.7593329535594,2294.506591796875,7158000,0.0,0.0
2015-01-02,2294.506591796875,2315.7520232024017,2239.268470142506,2294.506591796875,3496200,0.0,0.0
2015-01-02,2298.7555719339625,2307.2537441037734,2252.015625,2252.015625,1110700,0.0,0.0
2015-01-02,2252.0158774952474,2252.0158774952474,2209.5250118821295,2235.01953125,2209400,0.0,0.0
2015-01-02,2218.023265106824,2222.272351821588,2082.052490234375,2082.052490234375,4697400,0.0,0.0
2015-01-02,2086.301204274971,2324.2500177971674,2048.0594306731896,2273.260986328125,8317800,0.0,0.0
2015-01-02,2294.5065290694315,2332.748304553922,2277.510184409658,2298.755615234375,5054700,0.0,0.0
2015-01-02,2252.0161356794724,2370.990573036124,2239.268874534117,2315.75244140625,6257400,0.0,0.0
2015-01-02,2294.5065427855297,2303.004715166217,2175.53212945591,2264.762939453125,4001500,0.0,0.0
2015-01-02,2290.25753844665,2379.4883516328828,2290.25753844665,2358.242919921875,3433600,0.0,0.0
2015-01-02,2358.242919921875,2379.4883516328828,2345.4956608952702,2358.242919921875,2802800,0.0,0.0
2015-01-02,2379.488369106834,2528.206392176011,2370.9901963600237,2455.971923828125,7141100,0.0,0.0
2015-01-02,2481.466780995935,2613.1884765625,2477.217694042175,2613.1884765625,8065400,0.0,0.0
2015-01-02,2613.1885506051485,2634.433985975922,2562.199505715292,2591.943115234375,6177600,0.0,0.0
2015-01-02,2591.94313671875,2676.92487890625,2591.94313671875,2655.679443359375,6884500,0.0,0.0
2015-01-02,2655.679287858226,2736.4119382091158,2655.679287858226,2715.16650390625,7807600,0.0,0.0
2015-01-02,2719.415009469697,2804.396728515625,2719.415009469697,2804.396728515625,11374800,0.0,0.0
2015-01-02,2808.6463399377667,2821.393600179542,2655.679217036466,2736.411865234375,5515400,0.0,0.0
2015-01-02,2719.4152349921014,2880.880514569757,2681.173458250025,2689.671630859375,22684900,0.0,0.0
2015-01-02,2753.4077883019913,2880.88037109375,2715.1660134644635,2880.88037109375,7695100,0.0,0.0
2015-01-02,2889.378447561553,2889.378447561553,2770.4040408972537,2804.396728515625,4154100,0.0,0.0
2015-01-02,2787.40087890625,2808.6463124344987,2689.671884676305,2787.40087890625,10253000,0.0,0.0
2015-01-02,2715.166393922107,2761.9063474951013,2557.950186449309,2574.946533203125,20228000,0.0,0.0
2015-01-02,2591.942965323465,2621.686573122259,2421.9794921875,2421.9794921875,10401300,0.0,0.0
2015-01-02,2421.9794921875,2515.4594024122807,2421.9794921875,2421.9794921875,10606300,0.0,0.0
2015-01-02,2421.9794921875,2421.9794921875,2421.9794921875,2421.9794921875,0,0.0,0.0
2015-01-02,2421.9793090820312,2579.1955098470053,2421.9793090820312,2549.451904296875,13299400,0.0,0.0
2015-01-02,2574.9462250396086,2591.9425697593424,2430.477294921875,2430.477294921875,7263900,0.0,0.0
2015-01-02,2379.4886818910254,2387.986855754922,2303.005117115957,2320.00146484375,6418100,0.0,0.0
2015-01-02,2320.001212713068,2362.4920774147727,2320.001212713068,2336.99755859375,4453100,0.0,0.0
2015-01-02,2379.488336756217,2413.4810272813056,2362.4919914936722,2392.235595703125,7670500,0.0,0.0
2015-01-02,2557.9503729458515,2557.9503729458515,2400.7341540106413,2464.470458984375,9603500,0.0,0.0
2015-01-02,2443.2246116355614,2443.2246116355614,2294.506591796875,2294.506591796875,17880800,0.0,0.0
2015-01-02,2269.0123505912547,2362.492260166175,2252.0160033958146,2341.246826171875,5616400,0.0,0.0
2015-01-02,2375.239336825284,2400.733855646307,2324.2502991832384,2336.99755859375,7089100,0.0,0.0
2015-01-02,2370.9902423073668,2370.9902423073668,2328.499377749887,2353.993896484375,4587600,0.0,0.0
2015-01-02,2366.7412278361226,2370.9903144211066,2315.7521888163137,2332.74853515625,6571000,0.0,0.0
2015-01-02,2315.752527037663,2341.2470502711053,2277.5107421875,2277.5107421875,10745200,0.0,0.0
2015-01-02,2286.008456655649,2298.755715707632,2209.52490234375,2209.52490234375,5920200,0.0,0.0
2015-01-02,2230.770144635815,2281.759176513205,2213.773800676685,2222.27197265625,5960700,0.0,0.0
2015-01-02,2222.272125018085,2307.253850640191,2222.272125018085,2294.506591796875,6905200,0.0,0.0
2015-01-02,2315.752073505758,2455.971923828125,2303.004814385543,2455.971923828125,19020800,0.0,0.0
2015-01-02,2451.7229984828405,2451.7229984828405,2375.239438738142,2379.488525390625,7602900,0.0,0.0
2015-01-02,2379.4882057337436,2417.72998046875,2332.7482588354023,2417.72998046875,9440900,0.0,0.0
2015-01-02,2379.488508197623,2417.7302877936563,2362.4921617104974,2413.481201171875,8498700,0.0,0.0
2015-01-02,2430.477584601684,2485.7157115244495,2421.979411228951,2460.22119140625,8152500,0.0,0.0
2015-01-02,2481.466552734375,2515.4592452375855,2455.972033356967,2481.466552734375,6995500,0.0,0.0
2015-01-02,2409.2320355658308,2468.719246320543,2400.733862600872,2451.722900390625,6543500,0.0,0.0
2015-01-02,2481.466449804007,2494.213708963959,2438.9755859375,2438.9755859375,5174200,0.0,0.0
2015-01-02,2421.9791999125778,2426.228286228214,2358.2429051780364,2392.235595703125,4748100,0.0,0.0
2015-01-02,2417.7307013866166,2434.72705078125,2379.4889152486912,2434.72705078125,2737900,0.0,0.0
2015-01-02,2434.726305753147,2549.4516290608867,2409.2317894625376,2468.718994140625,13966400,0.0,0.0
2015-01-02,2485.716018676758,2672.6758559789414,2485.716018676758,2651.430419921875,18687700,0.0,0.0
2015-01-02,2685.4224549278847,2795.8986951622596,2685.4224549278847,2761.906005859375,12053800,0.0,0.0
2015-01-02,2770.404532083651,2804.3972257288488,2727.913665027153,2787.40087890625,6898500,0.0,0.0
2015-01-02,2727.9131813742897,2804.396728515625,2727.9131813742897,2804.396728515625,3890900,0.0,0.0
2015-01-02,2804.396810398957,2859.6349293916637,2681.173314184457,2749.15869140625,11653700,0.0,0.0
2015-01-02,2778.902625704887,2838.3898378759395,2757.657192786654,2825.642578125,8099500,0.0,0.0
2015-01-02,2842.63916015625,2889.379116451794,2808.6464646685818,2842.63916015625,15488900,0.0,0.0
2015-01-02,2834.1410195743333,2914.8736723058364,2783.1519757439105,2889.379150390625,9708100,0.0,0.0
2015-01-02,2889.3790491615855,2974.360785901632,2889.3790491615855,2961.613525390625,13930400,0.0,0.0
2015-01-02,2910.6242858471514,3140.074959475978,2910.6242858471514,3123.07861328125,13141200,0.0,0.0
2015-01-02,3101.8331100876267,3161.3203204180745,3101.8331100876267,3144.323974609375,10508200,0.0,0.0
2015-01-02,3144.3237932383286,3148.5728794454076,3042.345724268437,3140.07470703125,5252300,0.0,0.0
2015-01-02,3135.825724012225,3195.312932868825,3067.840342461824,3182.565673828125,5556600,0.0,0.0
2015-01-02,3169.818638297303,3186.8149848833473,3050.844212194991,3101.833251953125,5708300,0.0,0.0
2015-01-02,3144.3242004720923,3178.31689453125,3127.3278534425135,3178.31689453125,7052900,0.0,0.0
2015-01-02,3169.818501348081,3182.5657607368803,3127.32763671875,3127.32763671875,3424200,0.0,0.0
2015-01-02,3144.324386469875,3148.5734734786183,3042.3462982600417,3067.8408203125,4122000,0.0,0.0
2015-01-02,3067.8405300753934,3110.3313961429194,2982.858797940341,3038.096923828125,5024600,0.0,0.0
2015-01-02,2995.6062266031904,3084.837050374349,2995.6062266031904,3059.342529296875,6133000,0.0,0.0
2015-01-02,3097.5838658307903,3106.082038302205,3072.089348416545,3089.085693359375,5459300,0.0,0.0
2015-01-02,3110.3315847809326,3110.3315847809326,2880.8808941003717,2927.620849609375,7551100,0.0,0.0
2015-01-02,2927.6203888982404,2953.114906072971,2842.6386649824713,2859.635009765625,2261600,0.0,0.0
2015-01-02,2868.133448651912,2906.3752279672713,2655.679119122141,2693.9208984375,8725600,0.0,0.0
2015-01-02,2719.4154179810726,2753.408110705836,2681.1736386657135,2693.9208984375,5255300,0.0,0.0
2015-01-02,2723.6645045716677,2770.4044570682177,2693.9208984375,2693.9208984375,4996200,0.0,0.0
2015-01-02,2719.4148787313434,2846.887451171875,2719.4148787313434,2846.887451171875,7952800,0.0,0.0
2015-01-02,2855.3862218010354,2944.6170412323177,2842.638961882281,2872.382568359375,14954100,0.0,0.0
2015-01-02,2889.37865497076,2927.62043128655,2889.37865497076,2906.375,3792400,0.0,0.0
2015-01-02,2944.6166624896296,2961.613006861864,2808.645907511753,2880.88037109375,10092300,0.0,0.0
2015-01-02,2910.623941940701,2965.862060546875,2834.1403931013833,2965.862060546875,8862000,0.0,0.0
2015-01-02,2957.3643210431655,2957.3643210431655,2855.3862410071943,2953.115234375,7866800,0.0,0.0
2015-01-02,2944.6172812069162,2953.1154551786535,2872.3828024471504,2889.379150390625,7773600,0.0,0.0
2015-01-02,2906.375078125,2910.6241644965276,2859.6351280381946,2868.13330078125,7251800,0.0,0.0
2015-01-02,2846.8877291165863,2855.385901442308,2753.407833533654,2761.906005859375,7694200,0.0,0.0
2015-01-02,2761.906005859375,2761.906005859375,2761.906005859375,2761.906005859375,0,0.0,0.0
2015-01-02,2761.906005859375,2761.906005859375,2761.906005859375,2761.906005859375,0,0.0,0.0
2015-01-02,2987.1078249743387,2995.6059980183622,2872.382488880018,2910.624267578125,8253700,0.0,0.0
2015-01-02,2889.379235523235,2948.866455078125,2872.3828870789807,2948.866455078125,7415000,0.0,0.0
2015-01-02,2965.8623439428334,3012.602294921875,2961.613257490193,3012.602294921875,7774000,0.0,0.0
2015-01-02,3012.602573988173,3059.342529296875,3012.602573988173,3059.342529296875,14111500,0.0,0.0
2015-01-02,2974.3609777445067,3046.5954586325875,2931.870106633871,2948.866455078125,7052600,0.0,0.0
2015-01-02,2931.8697300502236,2995.606028529576,2914.8733837890627,2974.360595703125,6687200,0.0,0.0
2015-01-02,2995.6059955618234,3042.345947265625,2948.866043858022,3042.345947265625,3525400,0.0,0.0
2015-01-02,2957.364392651674,3046.59521484375,2957.364392651674,3046.59521484375,4641300,0.0,0.0
2015-01-02,2987.1083984375,3016.8520098017425,2982.859311099751,2987.1083984375,2261900,0.0,0.0
2015-01-02,2991.35722496594,3118.829833984375,2987.108137998659,3118.829833984375,7144700,0.0,0.0
2015-01-02,3135.8258339897707,3191.063958436745,3076.338623046875,3076.338623046875,10379400,0.0,0.0
2015-01-02,3118.829375625653,3144.3238936825383,3021.1003897409255,3050.843994140625,8993900,0.0,0.0
2015-01-02,2999.8550515168063,3016.8513974177513,2940.3678408634983,2978.609619140625,7653100,0.0,0.0
2015-01-02,3008.3533175808566,3038.096923828125,2991.356971153846,3038.096923828125,4053900,0.0,0.0
2015-01-02,3038.0968856811523,3067.840491554954,2991.35693359375,2991.35693359375,4974200,0.0,0.0
2015-01-02,3033.847782435042,3038.096868965063,2999.8550901948734,3025.349609375,2981800,0.0,0.0
2015-01-02,3033.847837221372,3055.0932702551354,3008.3533175808566,3038.096923828125,5113100,0.0,0.0
2015-01-02,3016.85141210398,3076.338623046875,3016.85141210398,3076.338623046875,4335200,0.0,0.0
2015-01-02,3076.338623046875,3076.338623046875,3076.338623046875,3076.338623046875,0,0.0,0.0
2015-01-02,3118.8294480846776,3161.3203125,3110.331275201613,3161.3203125,3351100,0.0,0.0
2015-01-02,3161.3203125,3161.3203125,3161.3203125,3161.3203125,0,0.0,0.0
2015-01-02,3161.3203125,3161.3203125,3161.3203125,3161.3203125,0,0.0,0.0
2015-01-02,3161.3203125,3161.3203125,3161.3203125,3161.3203125,0,0.0,0.0
2015-01-02,3161.3203125,3161.3203125,3161.3203125,3161.3203125,0,0.0,0.0
2015-01-02,3161.3203125,3161.3203125,3161.3203125,3161.3203125,0,0.0,0.0
2015-01-02,3140.0750143573214,3165.569534094999,3118.82958124259,3135.825927734375,11629400,0.0,0.0
2015-01-02,3135.8262151321305,3165.56982421875,3135.8262151321305,3165.56982421875,4307500,0.0,0.0
2015-01-02,3165.5695516507917,3165.5695516507917,3101.833251953125,3101.833251953125,2316100,0.0,0.0
2015-01-02,3135.8258017050252,3144.323974609375,3067.840418470228,3144.323974609375,2812700,0.0,0.0
2015-01-02,3135.826089514307,3174.06787109375,3093.335221092704,3174.06787109375,2169500,0.0,0.0
2015-01-02,3144.324191478973,3195.313232421875,3127.3278444980056,3195.313232421875,2473400,0.0,0.0
2015-01-02,3208.060191909525,3208.060191909525,3174.067501134325,3182.565673828125,3282800,0.0,0.0
2015-01-02,3178.3169674777087,3182.5660543326253,3110.331577799041,3157.071533203125,3865000,0.0,0.0
2015-01-02,3186.8149585158353,3186.8149585158353,3093.3350530660377,3152.822265625,1945500,0.0,0.0
2015-01-02,3178.3166824090677,3186.8148553566857,3110.331298828125,3110.331298828125,2568400,0.0,0.0
2015-01-02,3144.3240755208335,3186.81494140625,3110.3313828125,3186.81494140625,4961900,0.0,0.0
2015-01-02,3186.8150499131943,3186.8150499131943,2982.85888671875,2982.85888671875,6322300,0.0,0.0
2015-01-02,2974.360380116959,2974.360380116959,2872.3823099415204,2906.375,4895100,0.0,0.0
2015-01-02,2889.379150390625,2923.3718462775732,2855.3864545036763,2889.379150390625,7556700,0.0,0.0
2015-01-02,2872.3823099415204,2931.8695175438597,2872.3823099415204,2906.375,2792800,0.0,0.0
2015-01-02,2889.378890749008,2923.371583581349,2668.42638733879,2676.924560546875,9974700,0.0,0.0
2015-01-02,2676.9246230014533,2710.917316626869,2506.961154874377,2557.9501953125,15113100,0.0,0.0
2015-01-02,2583.444706580033,2642.931920218389,2540.953839695493,2574.946533203125,9339200,0.0,0.0
2015-01-02,2591.9429511780954,2668.426513671875,2540.9539095155756,2668.426513671875,6701200,0.0,0.0
2015-01-02,2693.9204937559184,2804.396728515625,2668.4259780421403,2804.396728515625,14623600,0.0,0.0
2015-01-02,2795.8986951622596,2872.38224609375,2761.906005859375,2761.906005859375,5973600,0.0,0.0
2015-01-02,2761.906727082139,2812.8957743513474,2744.9103779924026,2778.903076171875,3701800,0.0,0.0
2015-01-02,2761.905736211521,2863.883794163946,2719.4148787313434,2846.887451171875,8762100,0.0,0.0
2015-01-02,2872.3828024471504,2906.375498334099,2812.895584644991,2889.379150390625,6214600,0.0,0.0
2015-01-02,2880.8809372474407,2974.3608496654992,2855.3864156788795,2957.364501953125,9059800,0.0,0.0
2015-01-02,2931.8697057145364,3050.844128555126,2923.3715326544943,3025.349609375,8158200,0.0,0.0
2015-01-02,3042.346100983796,3059.3424479166665,2974.360713252315,2982.85888671875,3535900,0.0,0.0
2015-01-02,2982.8587688337057,2991.356941964286,2855.386171875,2974.360595703125,13548400,0.0,0.0
2015-01-02,2974.360695422535,3025.349735915493,2940.3680017605634,3016.8515625,3312700,0.0,0.0
2015-01-02,3016.8515805844904,3033.847927517361,2982.85888671875,2982.85888671875,3224800,0.0,0.0
2015-01-02,3008.3533053535944,3025.3496517115245,2923.371573563945,2940.367919921875,4129500,0.0,0.0
2015-01-02,2974.361061915166,3016.8519342282398,2965.8628874525516,3008.353759765625,4699600,0.0,0.0
2015-01-02,3025.3496672843667,3178.3167852931265,3016.8514940616574,3152.822265625,9412500,0.0,0.0
2015-01-02,3161.3201868297588,3195.312877010724,3152.8220142845175,3169.818359375,8591200,0.0,0.0
2015-01-02,3169.8181454997416,3178.316317471591,3084.83642578125,3084.83642578125,5309800,0.0,0.0
2015-01-02,3127.327677636173,3127.327677636173,3033.84777422857,3042.345947265625,1586700,0.0,0.0
2015-01-02,3042.3461819118925,3093.3352240668405,3025.34983452691,3059.342529296875,1397000,0.0,0.0
2015-01-02,3050.844170572917,3186.81494140625,3042.3459973958334,3186.81494140625,2470200,0.0,0.0
2015-01-02,3178.316768229167,3186.81494140625,3110.3313828125,3186.81494140625,2733600,0.0,0.0
2015-01-02,3186.8150680460394,3186.8150680460394,3127.3278534425135,3178.31689453125,3646200,0.0,0.0
2015-01-02,3195.3131968180337,3263.298583984375,3178.3168500264487,3263.298583984375,8773200,0.0,0.0
2015-01-02,3263.298720472441,3263.298720472441,3212.309677965059,3237.80419921875,4535000,0.0,0.0
2015-01-02,3237.803938590706,3297.2911500608766,3237.803938590706,3271.796630859375,9143900,0.0,0.0
2015-01-02,3280.2947875662758,3305.789306640625,3263.2984415167093,3305.789306640625,5170500,0.0,0.0
2015-01-02,3330.6188584364854,3330.6188584364854,3279.24684519582,3296.370849609375,2784800,29.0,0.0
2015-01-02,3304.9329382854958,3313.494940716287,3116.568884808084,3150.81689453125,11610800,0.0,0.0
2015-01-02,3150.8170681423608,3150.8170681423608,3082.321044921875,3082.321044921875,5496000,0.0,0.0
2015-01-02,3082.3205869059916,3210.750611360408,3073.7585852756974,3108.006591796875,8009300,0.0,0.0
2015-01-02,3167.9409635416664,3227.874981770833,3150.8169583333333,3210.7509765625,8052100,0.0,0.0
2015-01-02,3236.436984375,3279.246997395833,3202.188973958333,3210.7509765625,8913400,0.0,0.0
2015-01-02,3253.5609710120643,3262.122973567359,3185.064950569705,3193.626953125,3458300,0.0,0.0
2015-01-02,3270.685031538588,3270.685031538588,3193.627007235323,3244.9990234375,9189600,0.0,0.0
2015-01-02,3253.5610261378624,3262.1230288382253,3193.627007235323,3244.9990234375,10128900,0.0,0.0
2015-01-02,3210.7509765625,3253.560989583333,3176.5029661458334,3210.7509765625,8494100,0.0,0.0
2015-01-02,3244.998817543448,3279.246826171875,3210.750808915021,3279.246826171875,5721700,0.0,0.0
2015-01-02,3279.2471402453643,3347.7431640625,3279.2471402453643,3347.7431640625,11152000,0.0,0.0
2015-01-02,3347.7431640625,3347.7431640625,3287.8091432225065,3347.7431640625,6812000,0.0,0.0
2015-01-02,3356.305167039642,3364.867170016784,3304.9331491767903,3347.7431640625,6105100,0.0,0.0
2015-01-02,3296.3709332616195,3381.990957502181,3296.3709332616195,3373.428955078125,4046300,0.0,0.0
2015-01-02,3313.4949012169473,3373.428917518029,3313.4949012169473,3339.180908203125,5071800,0.0,0.0
2015-01-02,3322.05735660217,3339.1813635949643,3253.561328630991,3304.933349609375,2832500,0.0,0.0
2015-01-02,3279.247123031812,3373.4291552859895,3279.247123031812,3330.619140625,7127300,0.0,0.0
2015-01-02,3339.1814126773756,3381.991430788624,3330.6194090551257,3356.305419921875,4975200,0.0,0.0
2015-01-02,3373.4293775805536,3381.9913810769513,3304.933349609375,3304.933349609375,5950400,0.0,0.0
2015-01-02,3304.932898888221,3356.304912860577,3210.750873272236,3339.180908203125,10889300,0.0,0.0
2015-01-02,3390.55303125,3441.9250468749997,3210.7509765625,3210.7509765625,15868200,0.0,0.0
2015-01-02,3270.685111448937,3407.677158001772,3270.685111448937,3322.05712890625,10744500,0.0,0.0
2015-01-02,3322.0569035456733,3347.742910531851,3313.4949012169473,3339.180908203125,4957000,0.0,0.0
2015-01-02,3339.1811347253547,3347.743137634907,3262.1231085393847,3322.05712890625,4245300,0.0,0.0
2015-01-02,3339.180908203125,3347.742910531851,3313.4949012169473,3339.180908203125,2210200,0.0,0.0
2015-01-02,3339.1813718810563,3339.1813718810563,3287.8093507751937,3313.495361328125,3875000,0.0,0.0
2015-01-02,3313.49485402293,3330.6188584364854,3287.808847402597,3296.370849609375,5516300,0.0,0.0
2015-01-02,3296.370849609375,3330.6188584364854,3270.684842989042,3296.370849609375,3450800,0.0,0.0
2015-01-02,3296.370849609375,3296.370849609375,3227.874831955154,3296.370849609375,3749900,0.0,0.0
2015-01-02,3253.5608385754867,3296.370849609375,3244.9988363687094,3296.370849609375,3673600,0.0,0.0
2015-01-02,3296.3707817925347,3296.3707817925347,3236.436767578125,3236.436767578125,3110100,0.0,0.0
2015-01-02,3262.122973567359,3270.6849761226545,3167.9409454591155,3193.626953125,3178400,0.0,0.0
2015-01-02,3202.188825334821,3322.0568562297076,3202.188825334821,3296.370849609375,11067500,0.0,0.0
2015-01-02,3296.3713542928376,3322.0573648457685,3253.561336704619,3313.495361328125,6321800,0.0,0.0
2015-01-02,3313.49531134658,3322.057314735072,3262.123291015625,3262.123291015625,1775700,0.0,0.0
2015-01-02,3262.1228407822646,3304.9328518161524,3236.4368341619315,3296.370849609375,2493000,0.0,0.0
2015-01-02,3296.371346112978,3304.933349609375,3262.1233321273885,3304.933349609375,2132500,0.0,0.0
2015-01-02,3313.4948348003018,3313.4948348003018,3253.5608197005545,3279.246826171875,2730100,0.0,0.0
2015-01-02,3279.24684519582,3296.370849609375,3253.5608385754867,3296.370849609375,4418600,0.0,0.0
2015-01-02,3253.5610707600913,3296.3710848490396,3244.9990679423013,3287.80908203125,3698300,0.0,0.0
2015-01-02,3287.809292763158,3287.809292763158,3193.6272557308803,3253.561279296875,3037900,0.0,0.0
2015-01-02,3253.5609616515453,3253.5609616515453,3176.502938875588,3185.06494140625,3121700,0.0,0.0
2015-01-02,3185.064950569705,3227.87496334618,3065.1969147955765,3193.626953125,11500700,0.0,0.0
2015-01-02,3159.3789338142637,3210.750948998236,3108.006918630292,3185.06494140625,6224000,0.0,0.0
2015-01-02,3142.2545983180526,3176.50260483923,3082.3205869059916,3108.006591796875,6269500,0.0,0.0
2015-01-02,3108.0073079877943,3142.255322400883,3082.3212971779776,3090.88330078125,2113800,0.0,0.0
2015-01-02,3099.4448615736,3133.69287109375,3056.634849673412,3133.69287109375,4209400,0.0,0.0
2015-01-02,3116.569029564951,3116.569029564951,3056.635009765625,3056.635009765625,5239200,0.0,0.0
2015-01-02,3056.6352863681614,3099.445304384522,3048.073282764889,3090.88330078125,4532900,0.0,0.0
2015-01-02,3056.635009765625,3090.883021079526,3056.635009765625,3056.635009765625,4091600,0.0,0.0
2015-01-02,3056.634784666609,3150.816808844011,3048.0727824686633,3073.7587890625,6972300,0.0,0.0
2015-01-02,3056.6349462890626,3073.758951590402,2996.700927734375,2996.700927734375,2796800,0.0,0.0
2015-01-02,2996.700769280989,3185.064817635794,2979.5767648850974,3073.7587890625,6799900,0.0,0.0
2015-01-02,3125.1310594346787,3133.6930623372396,3005.263018798828,3082.321044921875,10535300,0.0,0.0
2015-01-02,3082.3207912604457,3099.444795656337,3056.634784666609,3073.7587890625,2841100,0.0,0.0
2015-01-02,3090.8830300443,3090.8830300443,3039.5110129244504,3065.197021484375,2055800,0.0,0.0
2015-01-02,3039.5109952433722,3073.7590064573824,3022.3869896363676,3048.072998046875,4143700,0.0,0.0
2015-01-02,3056.6350708007812,3090.8830827985494,2876.8330078125,2876.8330078125,6997900,0.0,0.0
2015-01-02,3005.262939453125,3030.948947482639,2953.890923394097,3005.262939453125,8147400,0.0,0.0
2015-01-02,3005.262855931332,3013.8248583698833,2902.518826668723,2928.204833984375,4384300,0.0,0.0
2015-01-02,2928.205185409331,3065.1972408670777,2911.0811784771126,3039.51123046875,9536800,0.0,0.0
2015-01-02,3048.0733980219416,3219.3134765625,2988.139370532746,3219.3134765625,12006500,0.0,0.0
2015-01-02,3236.436899654201,3253.560904414276,3125.1308687137125,3133.69287109375,4553100,0.0,0.0
2015-01-02,3133.6929701450895,3142.254972795759,2996.700927734375,2996.700927734375,5792100,0.0,0.0
2015-01-02,3065.1969667298813,3244.9990234375,3048.0729613291555,3244.9990234375,5475600,0.0,0.0
2015-01-02,3244.9992507408406,3253.5612540409484,3159.379217739763,3227.875244140625,6971800,0.0,0.0
2015-01-02,3202.189130725599,3202.189130725599,3108.007097468964,3125.131103515625,6101300,0.0,0.0
2015-01-02,3159.379115608947,3159.379115608947,3090.883091422303,3125.131103515625,2810300,0.0,0.0
2015-01-02,3125.131146405194,3167.941162109375,3090.8831338418495,3167.941162109375,3137300,0.0,0.0
2015-01-02,3125.131103515625,3202.189130725599,3108.007097468964,3125.131103515625,1594100,0.0,0.0
2015-01-02,3125.131146405194,3167.941162109375,3090.8831338418495,3167.941162109375,5354100,0.0,0.0
2015-01-02,3133.6931495460303,3176.503165250211,3125.131146405194,3167.941162109375,5314000,0.0,0.0
2015-01-02,3185.0651769920823,3185.0651769920823,3142.255161172296,3176.503173828125,2941700,0.0,0.0
2015-01-02,3167.941162109375,3176.503165250211,3108.007140123522,3167.941162109375,3448200,0.0,0.0
2015-01-02,3185.065365298764,3202.18937263908,3116.5693359375,3116.5693359375,4647400,0.0,0.0
2015-01-02,3159.379158968539,3167.941162109375,3142.2551526868665,3167.941162109375,1908200,0.0,0.0
2015-01-02,3125.1310323934263,3176.503049364277,3030.9490012802,3056.635009765625,3945000,0.0,0.0
2015-01-02,3073.7592443331864,3108.0072581976233,3039.51123046875,3039.51123046875,2116100,0.0,0.0
2015-01-02,3030.949010071142,3082.3210271909916,3030.949010071142,3065.197021484375,1838500,0.0,0.0
2015-01-02,3065.1970823523116,3142.2551095622857,3065.1970823523116,3125.131103515625,2554900,0.0,0.0
2015-01-02,3125.1313151943386,3133.6933187976106,3073.7592935747057,3090.88330078125,1980700,0.0,0.0
2015-01-02,3065.197021484375,3108.0070357509167,3065.197021484375,3065.197021484375,1100800,0.0,0.0
2015-01-02,3065.1968702233353,3150.81689453125,3065.1968702233353,3150.81689453125,3342700,0.0,0.0
2015-01-02,3159.379158968539,3279.2472029402447,3159.379158968539,3167.941162109375,16549600,0.0,0.0
2015-01-02,3219.313180954392,3219.313180954392,3125.131146405194,3167.941162109375,4603000,0.0,0.0
2015-01-02,3185.0651769920823,3202.1891833199966,3150.8171643362534,3176.503173828125,3688900,0.0,0.0
2015-01-02,3176.502901823624,3193.626906685207,3108.0068823772926,3150.81689453125,7886700,0.0,0.0
2015-01-02,3193.627017445335,3193.627017445335,3022.386962890625,3022.386962890625,5526900,0.0,0.0
2015-01-02,2996.7010329441473,3099.445068359375,2996.7010329441473,3099.445068359375,3123500,0.0,0.0
2015-01-02,3065.1969765293024,3073.758979257038,3022.386962890625,3022.386962890625,5856700,0.0,0.0
2015-01-02,3065.1970565542993,3142.25508311572,3056.63505360303,3099.445068359375,5277200,0.0,0.0
2015-01-02,3150.816808844011,3150.816808844011,3048.0727824686633,3073.7587890625,3689400,0.0,0.0
2015-01-02,3099.4450239080006,3125.1310323934263,3056.635009765625,3056.635009765625,7222600,0.0,0.0
2015-01-02,3022.386894776156,3022.386894776156,2731.27880859375,2731.27880859375,26884600,0.0,0.0
2015-01-02,2756.9649566749795,2816.898977472262,2611.4109061672943,2628.534912109375,12872100,0.0,0.0
2015-01-02,2705.59275477707,2774.0887738853503,2688.46875,2688.46875,8628800,0.0,0.0
2015-01-02,2739.840900455927,2825.4609285951747,2722.7168948280773,2816.89892578125,7818100,0.0,0.0
2015-01-02,2816.8992568072154,2919.6433026482077,2782.6512415268844,2911.081298828125,13267600,0.0,0.0
2015-01-02,2928.205257941149,2928.205257941149,2799.7752027682914,2859.709228515625,4893700,0.0,0.0
2015-01-02,2868.2709426647984,2868.2709426647984,2808.3369229673253,2816.89892578125,8335200,0.0,0.0
2015-01-02,2851.1470413879215,2919.64306640625,2808.337025751466,2919.64306640625,11124800,0.0,0.0
2015-01-02,2919.6430316325113,2928.2050346578267,2859.7090104553045,2885.39501953125,4832500,0.0,0.0
2015-01-02,2859.708701763731,2885.3947080669977,2825.460693359375,2825.460693359375,2416400,0.0,0.0
2015-01-02,2782.651382119648,2859.709420393731,2782.651382119648,2799.775390625,2253100,0.0,0.0
2015-01-02,2799.77494646555,2842.5849609375,2765.5269348879897,2842.5849609375,3446600,0.0,0.0
2015-01-02,2808.337108161879,2842.585121676048,2756.965087890625,2756.965087890625,4512800,0.0,0.0
2015-01-02,2748.403025018601,2782.6510377914187,2697.031005859375,2697.031005859375,14877500,0.0,0.0
2015-01-02,2714.1552343124,2782.6512654622397,2645.65920316256,2671.34521484375,7982000,0.0,0.0
2015-01-02,2671.3447359225243,2705.592745357428,2645.658728846346,2679.90673828125,8993900,0.0,0.0
2015-01-02,2679.90721873748,2756.96525378105,2671.34521484375,2671.34521484375,7715600,0.0,0.0
2015-01-02,2679.906775248916,2714.15478515625,2662.7827702952486,2714.15478515625,5033300,0.0,0.0
2015-01-02,2714.1552343124,2714.1552343124,2654.22120705629,2671.34521484375,9308000,0.0,0.0
2015-01-02,2688.4690026661706,2705.5930090525794,2654.2209898933534,2697.031005859375,14565000,0.0,0.0
2015-01-02,2714.155265711531,2722.7172697043115,2679.907249740407,2705.59326171875,7145400,0.0,0.0
2015-01-02,2705.59326171875,2722.7172697043115,2688.4692537331885,2705.59326171875,7751800,0.0,0.0
2015-01-02,2722.7170154389883,2774.0890345982143,2697.031005859375,2697.031005859375,9709400,0.0,0.0
2015-01-02,2688.469027921089,2739.841047562893,2688.469027921089,2722.717041015625,6226000,0.0,0.0
2015-01-02,2731.278623046875,2782.650634765625,2688.46861328125,2782.650634765625,21879600,0.0,0.0
2015-01-02,2782.650776273885,2791.21277866242,2671.3447452229298,2688.46875,4499400,0.0,0.0
2015-01-02,2705.5927826794164,2722.7167876330836,2697.030780202583,2714.15478515625,4168100,0.0,0.0
2015-01-02,2697.0311533106433,2731.279167955858,2594.287109375,2594.287109375,8606400,0.0,0.0
2015-01-02,2594.2872550175107,2611.4112633014547,2440.171180462015,2482.981201171875,9208200,0.0,0.0
2015-01-02,2457.295188745959,2525.791221881735,2457.295188745959,2482.981201171875,5400500,0.0,0.0
2015-01-02,2508.667213597791,2525.791221881735,2465.857192887931,2482.981201171875,1761800,0.0,0.0
2015-01-02,2508.667008739407,2577.1630362817796,2500.10500529661,2525.791015625,5083700,0.0,0.0
2015-01-02,2542.9146826642886,2671.344717142283,2542.9146826642886,2662.78271484375,6925800,0.0,0.0
2015-01-02,2679.906947657514,2722.716962795813,2637.096932519215,2645.658935546875,6859900,0.0,0.0
2015-01-02,2645.658935546875,2645.658935546875,2645.658935546875,2645.658935546875,0,0.0,0.0
2015-01-02,2645.6587380573246,2688.46875,2560.0387141719743,2688.46875,2436800,0.0,0.0
2015-01-02,2671.3447998046877,2739.8408203125,2654.2207946777344,2739.8408203125,6677600,0.0,0.0
2015-01-02,2739.841113880368,2791.213134765625,2714.15510343774,2791.213134765625,9107600,0.0,0.0
2015-01-02,2791.213101404794,2799.7751047833362,2739.8410811335402,2756.965087890625,3592200,0.0,0.0
2015-01-02,2714.1550627616334,2765.527082876996,2714.1550627616334,2748.403076171875,2657300,0.0,0.0
2015-01-02,2756.9647595097845,2756.9647595097845,2679.90673828125,2679.90673828125,3548800,0.0,0.0
2015-01-02,2714.154757165605,2714.154757165605,2662.782742834395,2688.46875,4242000,0.0,0.0
2015-01-02,2688.468795919867,2731.27880859375,2688.468795919867,2731.27880859375,5354500,0.0,0.0
2015-01-02,2731.2787524336063,2739.8407547923325,2679.90673828125,2679.90673828125,2814300,0.0,0.0
2015-01-02,2662.782733563798,2714.1547477161544,2662.782733563798,2679.90673828125,3178400,0.0,0.0
2015-01-02,2662.7827702952486,2756.964797540418,2662.7827702952486,2714.15478515625,3692900,0.0,0.0
2015-01-02,2722.716851128472,2774.0888671875,2722.716851128472,2774.0888671875,4084200,0.0,0.0
2015-01-02,2782.65086076577,2782.65086076577,2697.0308342806698,2765.52685546875,3370700,0.0,0.0
2015-01-02,2739.840792586751,2739.840792586751,2679.906775248916,2714.15478515625,2748100,0.0,0.0
2015-01-02,2697.030714465726,2705.592716733871,2654.220703125,2654.220703125,2401700,0.0,0.0
2015-01-02,2654.2209898933534,2714.155012245784,2654.2209898933534,2697.031005859375,2312900,0.0,0.0
2015-01-02,2731.27880859375,2731.27880859375,2662.782788315537,2731.27880859375,1101500,0.0,0.0
2015-01-02,2731.2788177490233,2748.4028228759767,2722.716815185547,2739.8408203125,3492600,0.0,0.0
2015-01-02,2739.8412776898736,2739.8412776898736,2697.031257725969,2705.59326171875,1533100,0.0,0.0
2015-01-02,2731.279069466754,2756.965079524435,2688.4690527039525,2748.403076171875,2841900,0.0,0.0
2015-01-02,2654.220703125,2756.964730342742,2654.220703125,2654.220703125,4514300,0.0,0.0
2015-01-02,2688.4690026661706,2705.5930090525794,2671.3449962797617,2697.031005859375,4300100,0.0,0.0
2015-01-02,2697.0310642408285,2756.965087890625,2679.907057483744,2756.965087890625,4374500,0.0,0.0
2015-01-02,2748.40285017173,2765.52685546875,2714.1548395776895,2765.52685546875,5843400,0.0,0.0
2015-01-02,2765.5268645109954,2791.212872540509,2748.4028591579863,2774.0888671875,4145900,0.0,0.0
2015-01-02,2782.6506828539295,2842.5846975615527,2756.9646765506627,2825.460693359375,10040600,0.0,0.0
2015-01-02,2834.0230098927514,2893.95703125,2816.8990037906806,2893.95703125,6167500,0.0,0.0
2015-01-02,2868.2709426647984,2868.2709426647984,2799.7749201534,2816.89892578125,5622700,0.0,0.0
2015-01-02,2825.460998354043,2893.9570225565653,2816.898995328728,2885.39501953125,4377800,0.0,0.0
2015-01-02,2885.394919246857,3039.510968346096,2868.270913791386,3022.386962890625,8294300,0.0,0.0
2015-01-02,3013.8251184402334,3013.8251184402334,2919.643083488976,2936.76708984375,3883000,0.0,0.0
2015-01-02,2936.76708984375,2936.76708984375,2936.76708984375,2936.76708984375,0,0.0,0.0
2015-01-02,2979.576922433036,3022.3869356863843,2962.4529171316967,2996.700927734375,6967700,0.0,0.0
2015-01-02,2945.328893902658,2988.138906895429,2911.080883508441,2979.576904296875,2983500,0.0,0.0
2015-01-02,2936.76708984375,2971.015102553298,2936.76708984375,2936.76708984375,3294800,0.0,0.0
2015-01-02,2919.643143223082,2928.205146575642,2739.8410728193144,2748.403076171875,6930800,0.0,0.0
2015-01-02,2739.841047562893,2765.527057383795,2679.907024647455,2722.717041015625,16627300,0.0,0.0
2015-01-02,2731.278956821987,2731.278956821987,2611.4109148297994,2637.096923828125,15541400,0.0,0.0
2015-01-02,2637.097309824159,2808.3373948776757,2637.097309824159,2799.775390625,12191100,0.0,0.0
2015-01-02,2808.336840820313,2825.4608459472656,2739.8408203125,2739.8408203125,3151600,0.0,0.0
2015-01-02,2739.8407258064517,2756.964730342742,2654.220703125,2654.220703125,8119800,0.0,0.0
2015-01-02,2654.2211350041252,2688.4691496493397,2585.7251057136964,2594.287109375,12492900,0.0,0.0
2015-01-02,2645.6587653415813,2722.7167876330836,2628.534760387914,2714.15478515625,10197900,0.0,0.0
2015-01-02,2714.1550709979133,2756.965087890625,2671.3450541052016,2756.965087890625,7577200,0.0,0.0
2015-01-02,2765.5267618685107,2765.5267618685107,2679.90673828125,2679.90673828125,4554000,0.0,0.0
2015-01-02,2697.0306755514707,2705.592677696078,2619.97265625,2619.97265625,8718100,0.0,0.0
2015-01-02,2619.972917829241,2662.782932826451,2619.972917829241,2637.096923828125,3864500,0.0,0.0
2015-01-02,2739.8408203125,2748.4028228759767,2654.2207946777344,2739.8408203125,14210600,0.0,0.0
2015-01-02,2739.8410218253966,2739.8410218253966,2662.7829930865573,2697.031005859375,4295200,0.0,0.0
2015-01-02,2697.030807495117,2739.8408203125,2654.2207946777344,2739.8408203125,4679100,0.0,0.0
2015-01-02,2739.8412776898736,2748.4032816826543,2679.907249740407,2705.59326171875,4798000,0.0,0.0
2015-01-02,2705.59323041867,2705.59323041867,2662.78321095002,2671.34521484375,3456800,0.0,0.0
2015-01-02,2671.3447908503135,2731.27880859375,2654.2207857807603,2731.27880859375,6296700,0.0,0.0
2015-01-02,2756.965184377339,2859.709228515625,2722.717169664577,2859.709228515625,16714400,0.0,0.0
2015-01-02,2859.708701763731,2859.708701763731,2782.6506828539295,2825.460693359375,7610800,0.0,0.0
2015-01-02,2799.7746870561077,2859.708701763731,2799.7746870561077,2825.460693359375,6637400,0.0,0.0
2015-01-02,2825.460693359375,2825.460693359375,2782.6506828539295,2825.460693359375,12340900,0.0,0.0
2015-01-02,2825.460693359375,2834.0226954604636,2808.336689157197,2825.460693359375,3761500,0.0,0.0
2015-01-02,2825.4608459472656,2825.4608459472656,2722.716815185547,2739.8408203125,4104000,0.0,0.0
2015-01-02,2808.337158203125,2816.899161734232,2739.841129954268,2808.337158203125,3471400,0.0,0.0
2015-01-02,2791.2126849550186,2825.460693359375,2774.088680752841,2825.460693359375,6927200,0.0,0.0
2015-01-02,2825.460693359375,2825.460693359375,2791.2126849550186,2825.460693359375,4361200,0.0,0.0
2015-01-02,2834.0228485107423,2859.708856201172,2739.8408203125,2739.8408203125,3200600,0.0,0.0
2015-01-02,2756.964861834491,2799.774875217014,2756.964861834491,2774.0888671875,3305100,0.0,0.0
2015-01-02,2799.774495685634,2893.9565123600746,2765.5264896222016,2868.2705078125,7432100,0.0,0.0
2015-01-02,2868.2705078125,2868.2705078125,2868.2705078125,2868.2705078125,0,0.0,0.0
2015-01-02,2851.146650390625,2851.146650390625,2739.8406250000003,2782.650634765625,6836000,0.0,0.0
2015-01-02,2756.9648254394533,2774.088830566406,2731.2788177490233,2739.8408203125,3716300,0.0,0.0
2015-01-02,2739.8406723484845,2825.460693359375,2722.716668146307,2825.460693359375,4848800,0.0,0.0
2015-01-02,2791.2128356933595,2808.336840820313,2731.2788177490233,2739.8408203125,5057900,0.0,0.0
2015-01-02,2739.8408203125,2774.088830566406,2722.716815185547,2739.8408203125,6550300,0.0,0.0
2015-01-02,2739.8410811335402,2765.527091269167,2739.8410811335402,2756.965087890625,1875500,0.0,0.0
2015-01-02,2756.9650541101614,2782.6510639310636,2722.717041015625,2722.717041015625,2049600,0.0,0.0
2015-01-02,2731.2788177490233,2765.52682800293,2731.2788177490233,2739.8408203125,4388500,0.0,0.0
2015-01-02,2739.8408203125,2739.8408203125,2739.8408203125,2739.8408203125,0,0.0,0.0
2015-01-02,2748.402903269852,2816.89892578125,2739.840900455927,2816.89892578125,6156600,0.0,0.0
2015-01-02,2816.898691258286,2825.460693359375,2799.7746870561077,2825.460693359375,3024800,0.0,0.0
2015-01-02,2868.27101348062,2885.39501953125,2799.774989278097,2885.39501953125,7385300,0.0,0.0
2015-01-02,2885.3952395501965,2885.3952395501965,2825.461213802863,2859.709228515625,6527400,0.0,0.0
2015-01-02,2842.585172327553,2851.1471758586604,2774.089144078697,2808.337158203125,6247200,0.0,0.0
2015-01-02,2808.3368314067397,2808.3368314067397,2731.27880859375,2731.27880859375,6074600,0.0,0.0
2015-01-02,2731.2788177490233,2756.9648254394533,2697.030807495117,2739.8408203125,5281800,0.0,0.0
2015-01-02,2731.2787901099173,2739.840792586751,2679.906775248916,2714.15478515625,3493700,0.0,0.0
2015-01-02,2671.3447452229298,2705.59275477707,2654.22074044586,2688.46875,4623500,0.0,0.0
2015-01-02,2679.9069299356165,2679.9069299356165,2628.534912109375,2628.534912109375,4881000,0.0,0.0
2015-01-02,2628.5351953751,2671.34521484375,2628.5351953751,2671.34521484375,4228000,0.0,0.0
2015-01-02,2662.782923993536,2671.344926964576,2628.534912109375,2628.534912109375,3477800,0.0,0.0
2015-01-02,2602.848903196254,2654.220921022496,2577.162894283133,2628.534912109375,5976200,0.0,0.0
2015-01-02,2628.5348494466148,2645.6588549804687,2551.476824544271,2568.600830078125,9675900,0.0,0.0
2015-01-02,2551.4771068135246,2619.9731365266393,2551.4771068135246,2611.4111328125,2670600,0.0,0.0
2015-01-02,2611.4108439127604,2637.0968522135418,2568.600830078125,2568.600830078125,4761200,0.0,0.0
2015-01-02,2594.2868383789064,2611.4108439127604,2568.600830078125,2568.600830078125,4141500,0.0,0.0
2015-01-02,2560.039078721968,2585.7250895452657,2525.791064290905,2577.1630859375,4525600,0.0,0.0
2015-01-02,2577.1623322860055,2628.534338909647,2560.038330078125,2560.038330078125,4305300,0.0,0.0
2015-01-02,2611.4109061672943,2654.220921022496,2602.848903196254,2628.534912109375,3718700,0.0,0.0
2015-01-02,2645.6591476690573,2654.2211513831967,2568.6011142418033,2611.4111328125,5022200,0.0,0.0
2015-01-02,2551.476902242617,2645.658935546875,2551.476902242617,2645.658935546875,3632800,0.0,0.0
2015-01-02,2654.220703125,2654.220703125,2619.9726940524192,2654.220703125,3535700,0.0,0.0
2015-01-02,2654.220731205072,2697.030742998702,2654.220731205072,2679.90673828125,2590700,0.0,0.0
2015-01-02,2688.4689418247767,2688.4689418247767,2628.534920828683,2637.096923828125,4264000,0.0,0.0
2015-01-02,2662.7827702952486,2714.15478515625,2628.534760387914,2714.15478515625,13211000,0.0,0.0
2015-01-02,2714.15478515625,2714.15478515625,2714.15478515625,2714.15478515625,0,0.0,0.0
2015-01-02,2728.1007424379004,2745.5326960637017,2701.9528119991987,2719.384765625,14438800,56.0,0.0
2015-01-02,2719.384432777331,2762.964311507737,2693.2365055390874,2710.66845703125,4537300,0.0,0.0
2015-01-02,2719.384657822646,2719.384657822646,2667.0887990183646,2684.520751953125,3288000,0.0,0.0
2015-01-02,2710.6683907310803,2728.100341796875,2693.2364396652856,2728.100341796875,4853800,0.0,0.0
2015-01-02,2728.100544584691,2728.100544584691,2675.8046875,2675.8046875,1772700,0.0,0.0
2015-01-02,2675.8048244765882,2675.8048244765882,2623.5089647148307,2640.94091796875,4840900,0.0,0.0
2015-01-02,2640.940651855469,2658.3726033528646,2614.792724609375,2614.792724609375,3753300,0.0,0.0
2015-01-02,2649.656668966877,2806.544234892547,2632.224717197358,2762.96435546875,14668900,0.0,0.0
2015-01-02,2771.680717818234,2850.12451171875,2762.9647407181765,2850.12451171875,6994100,0.0,0.0
2015-01-02,2850.1241143163447,2850.1241143163447,2762.96435546875,2762.96435546875,4246700,0.0,0.0
2015-01-02,2771.680219461362,2832.6920481916436,2684.520464132388,2728.100341796875,14180300,0.0,0.0
2015-01-02,2728.100539105493,2771.680419921875,2701.9526106156645,2771.680419921875,2746100,0.0,0.0
2015-01-02,2771.6803095143314,2771.6803095143314,2719.3844546178343,2736.81640625,1918400,0.0,0.0
2015-01-02,2701.952704887886,2736.8166107574066,2684.520751953125,2684.520751953125,3906300,0.0,0.0
2015-01-02,2728.100539105493,2771.680419921875,2701.9526106156645,2771.680419921875,3539600,0.0,0.0
2015-01-02,2771.680419921875,2771.680419921875,2771.680419921875,2771.680419921875,0,0.0,0.0
2015-01-02,2771.680419921875,2771.680419921875,2771.680419921875,2771.680419921875,0,0.0,0.0
2015-01-02,2771.680419921875,2771.680419921875,2771.680419921875,2771.680419921875,0,0.0,0.0
2015-01-02,2771.680419921875,2771.680419921875,2771.680419921875,2771.680419921875,0,0.0,0.0
2015-01-02,2771.680419921875,2771.680419921875,2771.680419921875,2771.680419921875,0,0.0,0.0
2015-01-02,2771.680419921875,2771.680419921875,2771.680419921875,2771.680419921875,0,0.0,0.0
2015-01-02,2762.9640543619794,2876.271728515625,2745.5321044921875,2876.271728515625,9956500,0.0,0.0
2015-01-02,2858.840351208459,2963.4320713746224,2815.260467805891,2884.98828125,12225300,0.0,0.0
2015-01-02,2902.4202151414825,2911.136191763529,2815.2604489210175,2858.84033203125,4176200,0.0,0.0
2015-01-02,2841.4078695913463,2850.123844651442,2789.1120192307694,2832.69189453125,3725400,0.0,0.0
2015-01-02,2832.692363099282,2850.1243161029697,2806.54443359375,2806.54443359375,1523000,0.0,0.0
2015-01-02,2806.5442778879647,2823.976229924536,2789.112325851393,2815.26025390625,1288800,0.0,0.0
2015-01-02,2815.2606193445904,2832.692573643938,2736.8168249975274,2754.248779296875,5363200,0.0,0.0
2015-01-02,2780.39641668492,2850.1242265077394,2771.680440457068,2797.828369140625,2141200,0.0,0.0
2015-01-02,2815.2604489210175,2867.5563086532966,2806.544472298971,2858.84033203125,3934100,0.0,0.0
2015-01-02,2867.5563086532966,2876.272285275343,2850.1243554092034,2858.84033203125,1948400,0.0,0.0
2015-01-02,2867.5563086532966,2867.5563086532966,2841.408378787157,2858.84033203125,2074200,0.0,0.0
2015-01-02,2832.692557518635,2850.12451171875,2806.5446262184632,2850.12451171875,1532400,0.0,0.0
2015-01-02,2850.124000831887,2850.124000831887,2797.8281476056136,2823.97607421875,1928500,0.0,0.0
2015-01-02,2797.8282806396483,2815.260232543945,2789.1123046875,2789.1123046875,1607600,0.0,0.0
2015-01-02,2789.112351190476,2815.2602794828867,2745.532470703125,2745.532470703125,2594200,0.0,0.0
2015-01-02,2745.5321439302884,2832.69189453125,2745.5321439302884,2832.69189453125,3704700,0.0,0.0
2015-01-02,2832.69197564376,2832.69197564376,2606.0766175922595,2649.656494140625,18554200,0.0,0.0
2015-01-02,2658.372580788352,2693.236483487216,2588.644775390625,2588.644775390625,12264400,0.0,0.0
2015-01-02,2606.076796840614,2614.79277274978,2475.337158203125,2475.337158203125,17567400,0.0,0.0
2015-01-02,2475.3372526516882,2492.7692051351505,2388.177490234375,2388.177490234375,18668800,0.0,0.0
2015-01-02,2414.3255382066363,2457.905421567767,2257.437958106566,2327.165771484375,66502600,0.0,0.0
2015-01-02,2353.313367272112,2457.905072484206,2335.8814164034297,2414.3251953125,29682500,0.0,0.0
2015-01-02,2414.3251953125,2457.905072484206,2405.609219878159,2414.3251953125,13380800,0.0,0.0
2015-01-02,2414.3251953125,2431.757146181182,2396.893244443818,2414.3251953125,6098000,0.0,0.0
2015-01-02,2370.745662811388,2475.3373832295374,2370.745662811388,2449.189453125,7424900,0.0,0.0
2015-01-02,2457.9050056703627,2457.9050056703627,2414.3251296832996,2431.757080078125,6595700,0.0,0.0
2015-01-02,2449.1890540156805,2457.905029296875,2414.3251528909022,2457.905029296875,6466900,0.0,0.0
2015-01-02,2475.3372464364033,2484.05322265625,2423.0413891173243,2484.05322265625,6379100,0.0,0.0
2015-01-02,2484.0533599310497,2484.0533599310497,2440.4734764234877,2449.189453125,4361900,0.0,0.0
2015-01-02,2414.3253294557007,2440.4732572115386,2379.46142578125,2379.46142578125,7318400,0.0,0.0
2015-01-02,2396.893310546875,2423.0412375710225,2379.461359197443,2396.893310546875,2944500,0.0,0.0
2015-01-02,2440.47314453125,2475.337046595982,2396.8932669503347,2440.47314453125,5815100,0.0,0.0
2015-01-02,2440.473341557017,2492.769198876096,2440.473341557017,2484.05322265625,6307400,0.0,0.0
2015-01-02,2484.05322265625,2484.05322265625,2484.05322265625,2484.05322265625,0,0.0,0.0
2015-01-02,2484.053110619114,2571.2128688864514,2457.9051831389124,2545.06494140625,8229800,0.0,0.0
2015-01-02,2571.212572217821,2571.212572217821,2484.0528240070475,2492.768798828125,3841800,0.0,0.0
2015-01-02,2501.484905702848,2501.484905702848,2449.1890540156805,2457.905029296875,3212200,0.0,0.0
2015-01-02,2466.62158203125,2501.485491317911,2457.905604709585,2466.62158203125,2480700,0.0,0.0
2015-01-02,2466.62158203125,2475.3375593529154,2440.4736500662543,2466.62158203125,3552700,0.0,0.0
2015-01-02,2449.188924722738,2492.768798828125,2449.188924722738,2492.768798828125,3072200,0.0,0.0
2015-01-02,2457.905161926903,2518.9169921875,2457.905161926903,2518.9169921875,2653100,0.0,0.0
2015-01-02,2518.9171275356357,2527.6331037554824,2466.6212702165567,2484.05322265625,3591200,0.0,0.0
2015-01-02,2484.053067294034,2518.9169699928975,2396.893310546875,2396.893310546875,11056400,0.0,0.0
2015-01-02,2396.893244443818,2423.041170746841,2370.745318140794,2414.3251953125,4748800,0.0,0.0
2015-01-02,2414.3251953125,2414.3251953125,2414.3251953125,2414.3251953125,0,0.0,0.0
2015-01-02,2370.7454498626375,2414.3253294557007,2370.7454498626375,2379.46142578125,2903000,0.0,0.0
2015-01-02,2379.4612474054425,2396.8931979358854,2335.8813710793356,2362.029296875,4520300,0.0,0.0
2015-01-02,2353.3137015010534,2370.7456548455057,2327.165771484375,2327.165771484375,4937400,0.0,0.0
2015-01-02,2335.881699505974,2370.74560546875,2327.1657230152805,2370.74560546875,2817600,0.0,0.0
2015-01-02,2370.7455377509123,2405.6094427178377,2344.5976090257186,2388.177490234375,3396100,0.0,0.0
2015-01-02,2388.1774230072465,2440.473278985507,2388.1774230072465,2405.609375,4433200,0.0,0.0
2015-01-02,2414.3251953125,2414.3251953125,2388.1772690094767,2414.3251953125,1575500,0.0,0.0
2015-01-02,2405.609331597222,2405.609331597222,2353.3134765625,2353.3134765625,3630500,0.0,0.0
2015-01-02,2362.0290912828946,2388.1770148026317,2309.7332442434213,2318.44921875,3997700,0.0,0.0
2015-01-02,2318.449485580274,2396.893265167577,2309.733510070574,2344.597412109375,13828700,0.0,0.0
2015-01-02,2353.3140358996034,2370.745991721082,2335.882080078125,2335.882080078125,2629600,0.0,0.0
2015-01-02,2335.882080078125,2396.8939254532997,2335.882080078125,2335.882080078125,4784900,0.0,0.0
2015-01-02,2370.7452721402215,2370.7452721402215,2335.8813710793356,2362.029296875,2104800,0.0,0.0
2015-01-02,2362.029296875,2362.029296875,2362.029296875,2362.029296875,0,0.0,0.0
2015-01-02,2362.0300138103426,2379.4619696318214,2327.166102167386,2335.882080078125,2955700,0.0,0.0
2015-01-02,2370.74560546875,2370.74560546875,2327.1657230152805,2370.74560546875,1642900,0.0,0.0
2015-01-02,2370.7453404017856,2466.621071079799,2353.3133893694194,2440.47314453125,12632100,0.0,0.0
2015-01-02,2440.4730552755377,2449.1890304729504,2379.461228893649,2431.757080078125,4924500,0.0,0.0
2015-01-02,2431.7572132457385,2440.4731889204545,2379.461359197443,2396.893310546875,11695300,0.0,0.0
2015-01-02,2396.8934664761064,2414.325418959569,2379.4615139926436,2388.177490234375,6028400,0.0,0.0
2015-01-02,2388.177334872159,2414.325261896307,2388.177334872159,2396.893310546875,2441300,0.0,0.0
2015-01-02,2396.893075796274,2518.916723291357,2388.1771009751965,2492.768798828125,11995100,0.0,0.0
2015-01-02,2492.768798828125,2501.4847736492025,2457.9048995438156,2492.768798828125,4636700,0.0,0.0
2015-01-02,2492.7689304216533,2492.7689304216533,2449.1890540156805,2457.905029296875,3245000,0.0,0.0
2015-01-02,2440.473254566461,2484.053134112291,2431.757278657295,2475.337158203125,2549700,0.0,0.0
2015-01-02,2475.3375074598525,2536.3493474324546,2466.6215303209096,2510.201416015625,7265800,0.0,0.0
2015-01-02,2501.4851692818306,2632.2248122756546,2501.4851692818306,2579.928955078125,15736600,0.0,0.0
2015-01-02,2588.645107192481,2597.361083984375,2536.349246441118,2597.361083984375,5962700,0.0,0.0
2015-01-02,2597.3608366833537,2693.236572265625,2588.644860721329,2693.236572265625,12544200,0.0,0.0
2015-01-02,2693.236835186298,2719.384765625,2658.3729279346953,2719.384765625,5225500,0.0,0.0
2015-01-02,2710.668606862101,2797.828369140625,2667.0887257228387,2797.828369140625,12138600,0.0,0.0
2015-01-02,2789.112215909091,2797.828191583807,2701.952459161932,2780.396240234375,5060600,0.0,0.0
2015-01-02,2780.396194994259,2815.2600971258485,2701.9524151981827,2728.100341796875,8566700,0.0,0.0
2015-01-02,2728.1006342900264,2762.9645401595476,2632.2248931488434,2684.520751953125,2971900,0.0,0.0
2015-01-02,2667.08837890625,2728.100204567504,2667.08837890625,2667.08837890625,2116200,0.0,0.0
2015-01-02,2693.236955686475,2693.236955686475,2640.941092469262,2658.373046875,8717200,0.0,0.0
2015-01-02,2658.372871222669,2719.384707611386,2640.94091796875,2640.94091796875,13716700,0.0,0.0
2015-01-02,2649.6566894531247,2789.1123046875,2649.6566894531247,2789.1123046875,11379200,0.0,0.0
2015-01-02,2771.6806382123164,3094.171781652114,2762.964661362592,2963.43212890625,17552100,0.0,0.0
2015-01-02,2963.4316828221454,3007.011560510706,2823.97607421875,2823.97607421875,7783100,0.0,0.0
2015-01-02,2841.407789179105,2963.4314365671644,2832.6918143656717,2919.8515625,5601500,0.0,0.0
2015-01-02,2919.8516031901045,2954.715502929688,2867.5557535807293,2876.271728515625,5001000,0.0,0.0
2015-01-02,2789.112471846847,2902.420166015625,2789.112471846847,2902.420166015625,2169200,0.0,0.0
2015-01-02,2919.8515625,2937.283512126866,2841.407789179105,2919.8515625,5549500,0.0,0.0
2015-01-02,2911.136351419151,2937.2842827193235,2850.12451171875,2850.12451171875,2117500,0.0,0.0
2015-01-02,2858.840400929831,2884.9883314261406,2841.408447265625,2841.408447265625,2535000,0.0,0.0
2015-01-02,2850.1243071684967,2902.420166015625,2815.260401270411,2902.420166015625,1413100,0.0,0.0
2015-01-02,2876.2717698317306,2876.2717698317306,2832.69189453125,2832.69189453125,1000200,0.0,0.0
2015-01-02,2832.692363099282,2884.9882221103453,2806.54443359375,2806.54443359375,4211300,0.0,0.0
2015-01-02,2815.2606193445904,2832.692573643938,2754.248779296875,2754.248779296875,3121200,0.0,0.0
2015-01-02,2754.2483795839908,2797.828259007788,2710.668500160193,2762.96435546875,4699600,0.0,0.0
2015-01-02,2780.3964016693812,2780.3964016693812,2675.8046875,2675.8046875,3319300,0.0,0.0
2015-01-02,2684.5201877351587,2736.8160355481814,2606.076416015625,2606.076416015625,5934600,0.0,0.0
2015-01-02,2614.792724609375,2640.940651855469,2597.360773111979,2614.792724609375,5494400,0.0,0.0
2015-01-02,2649.657069672131,2745.532818903688,2623.5091380635245,2658.373046875,5425600,0.0,0.0
2015-01-02,2675.804775485745,2710.668681355266,2649.6568460836043,2684.520751953125,2900200,0.0,0.0
2015-01-02,2684.5207115324915,2684.5207115324915,2579.928995498758,2632.224853515625,5724800,0.0,0.0
2015-01-02,2632.2245888986895,2701.952392578125,2597.360687058972,2701.952392578125,3268300,0.0,0.0
2015-01-02,2701.9524151981827,2745.5322928626697,2684.520464132388,2728.100341796875,1654000,0.0,0.0
2015-01-02,2701.952754357467,2710.6687309844265,2623.5089647148307,2640.94091796875,4977500,0.0,0.0
2015-01-02,2649.656806187914,2649.656806187914,2588.6449718349027,2632.224853515625,3296400,0.0,0.0
2015-01-02,2658.3726271537885,2658.3726271537885,2536.348965579516,2545.06494140625,4708500,0.0,0.0
2015-01-02,2553.781181309587,2579.929111493644,2527.6332511255296,2571.213134765625,5725500,0.0,0.0
2015-01-02,2571.2128688864514,2614.7927480201197,2545.06494140625,2545.06494140625,11213300,0.0,0.0
2015-01-02,2545.06494140625,2545.06494140625,2545.06494140625,2545.06494140625,0,0.0,0.0
2015-01-02,2571.212707952405,2571.212707952405,2457.905029296875,2457.905029296875,5642200,0.0,0.0
2015-01-02,2492.769110021457,2527.6330136581205,2457.905206384793,2475.337158203125,4392300,0.0,0.0
2015-01-02,2518.9169921875,2553.7808951935554,2510.201016435986,2518.9169921875,2846400,0.0,0.0
2015-01-02,2571.213019162614,2640.940829851769,2545.0650901541803,2632.224853515625,7679500,0.0,0.0
2015-01-02,2632.224676106771,2675.80455485026,2597.360773111979,2614.792724609375,4273600,0.0,0.0
2015-01-02,2632.2249718617586,2640.9409485897777,2492.7693442134537,2571.213134765625,5020500,0.0,0.0
2015-01-02,2579.92875773762,2754.2482683955673,2527.632904540236,2728.100341796875,9278600,0.0,0.0
2015-01-02,2736.8165680473376,2946.0,2701.952662721894,2946.0,16594100,0.0,0.0
2015-01-02,2902.4197252661784,3024.4433773794713,2850.1238743604813,2954.715576171875,12498000,0.0,0.0
2015-01-02,2954.7160748737615,2954.7160748737615,2858.84033203125,2858.84033203125,11685700,0.0,0.0
2015-01-02,2832.692205942821,2858.840133997678,2745.5324457599654,2815.26025390625,3793000,0.0,0.0
2015-01-02,2815.2606033185207,2850.12451171875,2789.112672018349,2850.12451171875,2072200,0.0,0.0
2015-01-02,2841.408093222468,2850.1240689685487,2667.088578300844,2710.66845703125,5163600,0.0,0.0
2015-01-02,2710.668788812099,2736.8167192508013,2693.236835186298,2719.384765625,2194400,0.0,0.0
2015-01-02,2728.100539105493,2780.3963960851515,2728.100539105493,2771.680419921875,1436000,0.0,0.0
2015-01-02,2771.680419921875,2771.680419921875,2771.680419921875,2771.680419921875,0,0.0,0.0
2015-01-02,2771.680419921875,2771.680419921875,2771.680419921875,2771.680419921875,0,0.0,0.0
2015-01-02,2771.680414727394,2876.2721284906916,2771.680414727394,2867.55615234375,2749200,0.0,0.0
2015-01-02,2858.840283643018,2902.420166015625,2832.6923542194536,2902.420166015625,4193700,0.0,0.0
2015-01-02,2884.9879728190103,2902.419924316406,2614.792724609375,2614.792724609375,9336800,0.0,0.0
2015-01-02,2614.792724609375,2614.792724609375,2614.792724609375,2614.792724609375,0,0.0,0.0
2015-01-02,2710.6685816988033,2867.55615234375,2710.6685816988033,2867.55615234375,3827800,0.0,0.0
2015-01-02,2858.8403700411677,2911.13623046875,2841.4084165653067,2911.13623046875,5631100,0.0,0.0
2015-01-02,2911.1359794702425,3102.887451171875,2902.4200034838045,3102.887451171875,13625400,0.0,0.0
2015-01-02,3102.8875596788193,3198.7632988823784,3050.591701931424,3137.75146484375,10194800,0.0,0.0
2015-01-02,3137.7514128989365,3137.7514128989365,2850.1242000498673,2867.55615234375,13589500,0.0,0.0
2015-01-02,2876.2723545940376,2884.9883314261406,2797.828563105109,2841.408447265625,8043500,0.0,0.0
2015-01-02,2823.9759194711537,2867.5557947716347,2771.680069110577,2832.69189453125,8016200,0.0,0.0
2015-01-02,2832.6920942826705,2841.4080699573865,2745.5323375355115,2780.396240234375,6290600,0.0,0.0
2015-01-02,2789.1123929127725,2806.5443453684775,2762.9644642292155,2797.828369140625,4012200,0.0,0.0
2015-01-02,2797.828457091906,2858.8402926048134,2797.828457091906,2806.54443359375,3581700,0.0,0.0
2015-01-02,2832.6924211669184,2884.98828125,2806.5444911253776,2884.98828125,6012400,0.0,0.0
2015-01-02,2867.5562325307,2989.579902000092,2867.5562325307,2972.14794921875,8836600,0.0,0.0
2015-01-02,2972.147444848003,3041.875244140625,2972.147444848003,3041.875244140625,8496000,0.0,0.0
2015-01-02,3024.4439724852136,3085.455810546875,2972.148111289504,3085.455810546875,5432900,0.0,0.0
2015-01-02,3076.739504808571,3076.739504808571,2980.86376953125,2980.86376953125,5021900,0.0,0.0
2015-01-02,2989.579656427557,3068.0234375,2980.863680752841,3068.0234375,6806500,0.0,0.0
2015-01-02,3068.0236545138887,3137.75146484375,2998.295844184028,3137.75146484375,4708200,0.0,0.0
2015-01-02,3111.603075768337,3163.89892578125,3041.8752757511193,3163.89892578125,9073200,0.0,0.0
2015-01-02,3163.899501926296,3172.615478515625,3094.1716892116674,3172.615478515625,3574400,0.0,0.0
2015-01-02,3163.8992149310407,3163.8992149310407,3041.8755537491274,3120.3193359375,7725000,0.0,0.0
2015-01-02,3120.3190183448246,3120.3190183448246,3007.011344494314,3041.875244140625,3705500,0.0,0.0
2015-01-02,3024.4436707427535,3085.455502717391,2980.8637907608695,3007.01171875,3407000,0.0,0.0
2015-01-02,3015.727831172104,3076.7396659068,2972.14794921875,2972.14794921875,10334600,0.0,0.0
2015-01-02,2989.579791966107,3007.011744105851,2928.5679594770027,2937.283935546875,14479100,0.0,0.0
2015-01-02,2911.1356700721153,2911.1356700721153,2815.259944411058,2832.69189453125,8863100,0.0,0.0
2015-01-02,2806.544234892547,2823.976186662066,2701.952524275434,2762.96435546875,9721100,0.0,0.0
2015-01-02,2789.112367021277,2893.7040807845747,2789.112367021277,2867.55615234375,7831900,0.0,0.0
2015-01-02,2876.2719274450233,2884.9879029827352,2823.97607421875,2823.97607421875,3016600,0.0,0.0
2015-01-02,2797.8282806396483,2823.9762084960935,2762.9643768310543,2789.1123046875,4837300,0.0,0.0
2015-01-02,2815.260467805891,2928.568164652568,2789.1125377643502,2884.98828125,5472300,0.0,0.0
2015-01-02,2919.8519379911368,2989.5797454655517,2911.1359620568346,2980.86376953125,4569000,0.0,0.0
2015-01-02,2980.8635016247235,3033.1593525304206,2954.715576171875,2954.715576171875,8599600,0.0,0.0
2015-01-02,2972.1478147644925,3007.01171875,2972.1478147644925,3007.01171875,2427900,0.0,0.0
2015-01-02,3007.01171875,3007.01171875,3007.01171875,3007.01171875,0,0.0,0.0
2015-01-02,3007.0113757425106,3163.89892578125,3007.0113757425106,3163.89892578125,8114500,0.0,0.0
2015-01-02,3163.8993937174478,3163.8993937174478,3085.455607096354,3137.75146484375,3003500,0.0,0.0
2015-01-02,3137.7513974015887,3155.183349609375,3094.171516882122,3155.183349609375,6934400,0.0,0.0
2015-01-02,3146.4669757769457,3163.89892578125,3111.603075768337,3163.89892578125,2435500,0.0,0.0
2015-01-02,3172.6154482618877,3207.4793542867437,3024.44384765625,3024.44384765625,6156300,0.0,0.0
2015-01-02,3076.739523212562,3137.7513551176266,3033.159643280372,3102.887451171875,4218600,0.0,0.0
2015-01-02,3146.4673311040647,3163.8992830769403,3050.591595253248,3102.887451171875,3607000,0.0,0.0
2015-01-02,3094.1713874284615,3094.1713874284615,2998.295654296875,2998.295654296875,6827800,0.0,0.0
2015-01-02,3007.0118008140757,3120.3194918592435,2998.295824579832,3111.603515625,5175100,0.0,0.0
2015-01-02,3085.455683199748,3085.455683199748,3007.011894643822,3024.44384765625,3791100,0.0,0.0
2015-01-02,3033.1599493511653,3085.455810546875,3015.727995619262,3085.455810546875,2150900,0.0,0.0
2015-01-02,3076.7396659068,3085.4556422974706,2946.0000200467375,2972.14794921875,4795800,0.0,0.0
2015-01-02,2972.148099747172,2998.2960302434817,2841.408447265625,2841.408447265625,4712600,0.0,0.0
2015-01-02,2841.408397847432,2902.4202346110274,2815.260467805891,2884.98828125,6486200,0.0,0.0
2015-01-02,2893.7043972190368,2911.136351419151,2832.692557518635,2850.12451171875,3170100,0.0,0.0
2015-01-02,2902.4201380933832,2972.14794921875,2876.2722089213707,2972.14794921875,6255900,0.0,0.0
2015-01-02,2972.1477935969483,3050.5915770056654,2893.7040101882308,2980.86376953125,6271800,0.0,0.0
2015-01-02,2980.863575034819,3129.03515625,2911.135772110028,3129.03515625,6264600,0.0,0.0
2015-01-02,3102.8877585018386,3137.7516659007356,2963.43212890625,2963.43212890625,5484600,0.0,0.0
2015-01-02,2972.14794921875,3050.5917367347874,2911.1361144840544,2972.14794921875,20836700,0.0,0.0
2015-01-02,2972.147661330383,3015.7275390625,2954.715710237536,3015.7275390625,733100,0.0,0.0
2015-01-02,2963.4314365671644,2963.4314365671644,2919.8515625,2919.8515625,2575300,0.0,0.0
2015-01-02,2937.283976830129,2989.579833984375,2911.1360482530063,2989.579833984375,2853600,0.0,0.0
2015-01-02,3007.0113106343283,3007.0113106343283,2893.7036380597015,2919.8515625,3745800,0.0,0.0
2015-01-02,2902.4200720606323,2989.579833984375,2850.1242149063864,2989.579833984375,4379500,0.0,0.0
2015-01-02,2954.7160248627533,2989.579930760839,2893.7041895411035,2902.420166015625,2503400,0.0,0.0
2015-01-02,2928.567919921875,2945.999871826172,2789.1123046875,2789.1123046875,3353400,0.0,0.0
2015-01-02,2850.1243161029697,2876.2722456085016,2806.54443359375,2806.54443359375,3302900,0.0,0.0
2015-01-02,2815.26024682971,3007.01171875,2815.26024682971,3007.01171875,8105800,0.0,0.0
2015-01-02,3007.01171875,3007.01171875,3007.01171875,3007.01171875,0,0.0,0.0
2015-01-02,2963.4318595096984,3041.875644026132,2919.851979222791,3033.15966796875,2249200,0.0,0.0
2015-01-02,3007.011344494314,3041.875244140625,2972.147444848003,3041.875244140625,2524100,0.0,0.0
2015-01-02,3041.87520988806,3041.87520988806,2919.8515625,2919.8515625,843500,0.0,0.0
2015-01-02,2945.9999530225036,2998.295810176749,2945.9999530225036,2989.579833984375,933500,0.0,0.0
2015-01-02,2980.8637458147323,3068.023504464286,2980.8637458147323,3050.591552734375,4407400,0.0,0.0
2015-01-02,3050.591787406943,3146.467529296875,3050.591787406943,3146.467529296875,5081800,0.0,0.0
2015-01-02,3146.4673040364582,3268.490966796875,3146.4673040364582,3268.490966796875,14125800,0.0,0.0
2015-01-02,3268.4912985943733,3294.6392289831283,3181.331530631857,3277.207275390625,18796500,0.0,0.0
2015-01-02,3277.206809655343,3303.354736328125,3190.047054079403,3303.354736328125,3670100,0.0,0.0
2015-01-02,3303.35520577938,3312.0711825756316,3268.4912985943733,3277.207275390625,2552400,0.0,0.0
2015-01-02,3277.207275390625,3277.207275390625,3277.207275390625,3277.207275390625,0,0.0,0.0
2015-01-02,3277.207275390625,3277.207275390625,3277.207275390625,3277.207275390625,0,0.0,0.0
2015-01-02,3216.1950900170114,3294.6388727003527,3172.615210748488,3242.343017578125,7893900,0.0,0.0
2015-01-02,3242.343017578125,3242.343017578125,3242.343017578125,3242.343017578125,0,0.0,0.0
2015-01-02,3242.343017578125,3242.343017578125,3242.343017578125,3242.343017578125,0,0.0,0.0
2015-01-02,3329.503006436314,3329.503006436314,3207.47933604336,3216.1953125,5162700,0.0,0.0
2015-01-02,3224.911338051597,3224.911338051597,3172.615478515625,3172.615478515625,7740600,0.0,0.0
2015-01-02,3172.615478515625,3172.615478515625,3172.615478515625,3172.615478515625,0,0.0,0.0
2015-01-02,3172.615478515625,3172.615478515625,3172.615478515625,3172.615478515625,0,0.0,0.0
2015-01-02,3172.615478515625,3172.615478515625,3172.615478515625,3172.615478515625,0,0.0,0.0
2015-01-02,3207.47900390625,3233.626930568529,3137.7511994735055,3207.47900390625,8844100,0.0,0.0
2015-01-02,3207.47900390625,3207.47900390625,3207.47900390625,3207.47900390625,0,0.0,0.0
2015-01-02,3207.479197184245,3355.65079053243,3155.183340708415,3346.934814453125,9130900,0.0,0.0
2015-01-02,3346.9347278225805,3346.9347278225805,3242.343017578125,3242.343017578125,5321100,0.0,0.0
2015-01-02,3233.6267257984678,3233.6267257984678,3155.182950779098,3163.89892578125,5973200,0.0,0.0
2015-01-02,3224.9110220820526,3224.9110220820526,3050.5915073749147,3190.047119140625,5888400,0.0,0.0
2015-01-02,3190.0474012743157,3190.0474012743157,3007.011894643822,3024.44384765625,4830000,0.0,0.0
2015-01-02,3024.4439081382175,3041.875861499245,2876.2723045694866,2884.98828125,12575700,0.0,0.0
2015-01-02,2884.98828125,2884.98828125,2884.98828125,2884.98828125,0,0.0,0.0
2015-01-02,2902.419921165289,3120.3193146461667,2902.419921165289,2998.295654296875,9748700,0.0,0.0
2015-01-02,2998.295697544643,3068.023504464286,2937.2838664899555,3050.591552734375,7898300,0.0,0.0
2015-01-02,3076.7394803292414,3111.6033837890627,2998.295697544643,3050.591552734375,10287300,0.0,0.0
2015-01-02,3050.5917367347874,3050.5917367347874,2937.284043656067,2972.14794921875,8481800,0.0,0.0
2015-01-02,3050.5917159763317,3050.5917159763317,2928.568047337278,2946.0,11788300,0.0,0.0
2015-01-02,2963.4319728280793,3024.443807562775,2954.715996437408,2972.14794921875,4011400,0.0,0.0
2015-01-02,2972.147881599626,3015.7277625614975,2919.8520244453807,2989.579833984375,3908800,0.0,0.0
2015-01-02,2998.295677548363,3041.8755565824963,2928.56787109375,2928.56787109375,3227500,0.0,0.0
2015-01-02,2928.56787109375,3007.0116533551895,2928.56787109375,2928.56787109375,3877000,0.0,0.0
2015-01-02,2980.8637231581706,3198.763118125873,2980.8637231581706,3120.3193359375,7655800,0.0,0.0
2015-01-02,3120.3193763020836,3268.490966796875,3120.3193763020836,3268.490966796875,7222500,0.0,0.0
2015-01-02,3277.2069427083334,3294.63889453125,3242.3430390625,3268.490966796875,6807400,0.0,0.0
2015-01-02,3268.490966796875,3268.490966796875,3268.490966796875,3268.490966796875,0,0.0,0.0
2015-01-02,3224.9111796339894,3268.491060439854,3172.6153226669517,3181.331298828125,8239400,0.0,0.0
2015-01-02,3224.9109550144362,3259.7748572308083,3181.331077243971,3207.47900390625,21525100,0.0,0.0
2015-01-02,3207.47900390625,3207.47900390625,3207.47900390625,3207.47900390625,0,0.0,0.0
2015-01-02,3248.191967906848,3283.594605159238,3230.490649280652,3239.34130859375,8139700,56.0,0.0
2015-01-02,3239.3414509003173,3318.9973882175386,3239.3414509003173,3310.146728515625,10257300,0.0,0.0
2015-01-02,3310.146728515625,3318.9973882175386,3265.8934300060578,3310.146728515625,10094500,0.0,0.0
2015-01-02,3301.295923785434,3301.295923785434,3239.34130859375,3239.34130859375,6454700,0.0,0.0
2015-01-02,3248.1922296954026,3257.0428897218208,3000.3737489556993,3062.328369140625,24179400,0.0,0.0
2015-01-02,3062.328369140625,3062.328369140625,3062.328369140625,3062.328369140625,0,0.0,0.0
2015-01-02,3062.328369140625,3062.328369140625,3062.328369140625,3062.328369140625,0,0.0,0.0
2015-01-02,3062.328369140625,3062.328369140625,3062.328369140625,3062.328369140625,0,0.0,0.0
2015-01-02,3062.328369140625,3062.328369140625,3062.328369140625,3062.328369140625,0,0.0,0.0
2015-01-02,3062.328369140625,3062.328369140625,3062.328369140625,3062.328369140625,0,0.0,0.0
2015-01-02,3062.328369140625,3062.328369140625,3062.328369140625,3062.328369140625,0,0.0,0.0
2015-01-02,3062.328369140625,3062.328369140625,3062.328369140625,3062.328369140625,0,0.0,0.0
2015-01-02,3097.730712890625,3363.25048828125,3062.328076171875,3363.25048828125,25666100,0.0,0.0
2015-01-02,3354.40019921875,3372.10151953125,3248.19227734375,3318.99755859375,13272400,0.0,0.0
2015-01-02,3327.847952995511,3327.847952995511,3203.938720703125,3203.938720703125,9278900,0.0,0.0
2015-01-02,3203.9387441138697,3248.1920416845032,3186.2374250856165,3230.49072265625,3447800,0.0,0.0
2015-01-02,3239.3415960496473,3318.9975369361136,3212.789615754158,3292.445556640625,6034200,0.0,0.0
2015-01-02,3274.7440202268835,3301.2959987692634,3230.49072265625,3230.49072265625,4219700,0.0,0.0
2015-01-02,3221.6399913316363,3230.4906506484813,3141.9840574800296,3150.834716796875,10334000,0.0,0.0
2015-01-02,3150.8348096764603,3257.042724609375,3150.8348096764603,3257.042724609375,6841400,0.0,0.0
2015-01-02,3257.04270119863,3310.1466582833905,3186.2374250856165,3230.49072265625,6934500,0.0,0.0
2015-01-02,3230.4909988488566,3230.4909988488566,3106.581755057394,3168.536376953125,3544400,0.0,0.0
2015-01-02,3186.237697494763,3230.4909988488566,3133.13373586985,3168.536376953125,1338100,0.0,0.0
2015-01-02,3230.490791198404,3336.6987076213654,3150.8348538811833,3310.146728515625,9777500,0.0,0.0
2015-01-02,3336.698561037824,3336.698561037824,3221.6399899675544,3239.34130859375,5116800,0.0,0.0
2015-01-02,3248.1923828125,3283.595024587023,3221.6404014816076,3248.1923828125,1611400,0.0,0.0
2015-01-02,3274.744310404734,3310.1469515982985,3248.1923295095603,3283.594970703125,6624200,0.0,0.0
2015-01-02,3283.5947494098846,3318.9973882175386,3265.8934300060578,3310.146728515625,9928600,0.0,0.0
2015-01-02,3310.146846398829,3354.400146484375,3292.445526364611,3354.400146484375,7242300,0.0,0.0
2015-01-02,3363.2506087662337,3407.50390625,3327.8479707792208,3407.50390625,10088700,0.0,0.0
2015-01-02,3407.504245649629,3451.7575475411822,3318.9976418665215,3425.20556640625,7163200,0.0,0.0
2015-01-02,3425.205276128814,3425.205276128814,3336.698679846416,3372.101318359375,4162300,0.0,0.0
2015-01-02,3372.101604136386,3425.20556640625,3354.4002833797645,3425.20556640625,3899500,0.0,0.0
2015-01-02,3389.802629047498,3566.815821164861,3345.549331018158,3549.114501953125,12748200,0.0,0.0
2015-01-02,3549.1148749457466,3646.4721408420137,3451.757609049479,3504.861572265625,5631800,0.0,0.0
2015-01-02,3504.861126795764,3832.3355250064797,3504.861126795764,3734.978271484375,22526900,0.0,0.0
2015-01-02,3761.5301513671875,4000.49794921875,3681.87421875,3894.2900390625,19957100,0.0,0.0
2015-01-02,3903.1412415110735,3982.797185215381,3823.485297806766,3858.887939453125,9174800,0.0,0.0
2015-01-02,3858.88740234375,3920.8420166015626,3761.5301513671875,3894.2900390625,7327400,0.0,0.0
2015-01-02,3894.2908653846152,4150.960036057692,3894.2908653846152,4027.05078125,12435000,0.0,0.0
2015-01-02,4062.4531456092736,4115.557108296976,3982.797201577719,4089.005126953125,10789400,0.0,0.0
2015-01-02,4089.0043912904453,4336.822839247442,3929.6925318895187,4000.497802734375,18178700,0.0,0.0
2015-01-02,4000.49794921875,4248.31640625,4000.49794921875,4248.31640625,7661500,0.0,0.0
2015-01-02,4248.31640625,4381.0762939453125,4230.615087890625,4248.31640625,5918100,0.0,0.0
2015-01-02,4248.3160828025475,4327.972009355096,4115.556205214968,4168.66015625,7781500,0.0,0.0
2015-01-02,4168.660597278225,4266.017851142473,4089.004662298387,4115.556640625,11207400,0.0,0.0
2015-01-02,4115.557537676148,4327.973410588465,4115.557537676148,4239.466796875,10763000,0.0,0.0
2015-01-02,4327.972773872406,4381.076734288018,4248.316833248988,4372.22607421875,12094500,0.0,0.0
2015-01-02,4381.07669017354,4407.628670113985,4221.764810530865,4319.1220703125,7914200,0.0,0.0
2015-01-02,4319.121876614153,4363.375174530282,4204.063302032218,4283.71923828125,4386800,0.0,0.0
2015-01-02,4274.868885014681,4274.868885014681,3938.5437967526564,3956.2451171875,14931800,0.0,0.0
2015-01-02,3956.245245886065,4097.855813971472,3903.1412828540374,3911.991943359375,9691600,0.0,0.0
2015-01-02,3938.5435489178744,4159.810040430115,3903.140910275916,4044.75146484375,11088500,0.0,0.0
2015-01-02,4044.751923439138,4248.317118710692,4044.751923439138,4221.76513671875,11025800,0.0,0.0
2015-01-02,4221.76513671875,4221.76513671875,4221.76513671875,4221.76513671875,0,0.0,0.0
2015-01-02,4212.913935208758,4513.83635915224,4212.913935208758,4345.673828125,14027100,0.0,0.0
2015-01-02,4354.524666262136,4558.08984375,4354.524666262136,4558.08984375,8893500,0.0,0.0
2015-01-02,4558.08984375,4558.08984375,4558.08984375,4558.08984375,0,0.0,0.0
2015-01-02,4580.21588710569,4690.84912109375,4535.962593510466,4690.84912109375,7561300,0.0,0.0
2015-01-02,4513.8358920784885,4801.4822969658435,4513.8358920784885,4757.22900390625,5010700,0.0,0.0
2015-01-02,4779.355983772819,4823.609279918864,4363.375,4363.375,8704400,0.0,0.0
2015-01-02,4381.076734288018,4513.836635327049,4336.823433941675,4372.22607421875,11852500,0.0,0.0
2015-01-02,4372.225926553049,4469.583184026903,4336.823287471648,4389.92724609375,9821400,0.0,0.0
2015-01-02,4416.4789056484215,4447.456212601867,4274.868359575526,4310.27099609375,8977300,0.0,0.0
2015-01-02,4310.270686260667,4491.7091853743095,4266.017393793925,4407.6279296875,19994600,0.0,0.0
2015-01-02,4425.3298935012435,4535.963140838775,4416.479233714241,4447.45654296875,7175800,0.0,0.0
2015-01-02,4447.456625205592,4469.5832750822365,4142.108856907895,4204.0634765625,10235800,0.0,0.0
2015-01-02,4159.809889450572,4363.375054253472,4000.4980213439544,4062.45263671875,15621900,0.0,0.0
2015-01-02,4027.050110367704,4319.121876614153,4027.050110367704,4283.71923828125,13061900,0.0,0.0
2015-01-02,4310.271190014002,4381.076466235998,4292.569870958503,4345.673828125,5244900,0.0,0.0
2015-01-02,4381.076392197027,4381.076392197027,4248.31650152439,4354.5244140625,4957100,0.0,0.0
2015-01-02,4354.5244140625,4354.5244140625,4354.5244140625,4354.5244140625,0,0.0,0.0
2015-01-02,4354.5239787274095,4513.835831607681,4336.822661740713,4407.6279296875,9039300,0.0,0.0
2015-01-02,4407.628344579784,4469.5829598650425,4372.225707273923,4416.47900390625,6202000,0.0,0.0
2015-01-02,4416.47900390625,4447.456311548879,4354.524388620992,4416.47900390625,3575700,0.0,0.0
2015-01-02,4416.47898079829,4447.456288278839,4274.8684323157795,4301.42041015625,5191800,0.0,0.0
2015-01-02,4292.570462118271,4354.525087344721,4257.167819131729,4274.869140625,9362000,0.0,0.0
2015-01-02,4319.121967930947,4389.92724609375,4274.868669079196,4389.92724609375,7371100,0.0,0.0
2015-01-02,4389.926715686274,4580.215877757352,4389.926715686274,4513.8359375,11921500,0.0,0.0
2015-01-02,4558.089536568368,4735.102722454519,4491.709591861062,4712.97607421875,21535100,0.0,0.0
2015-01-02,4712.97607421875,4823.6093153975935,4580.216184804137,4712.97607421875,8453900,0.0,0.0
2015-01-02,4712.976201596468,4712.976201596468,4535.963010926178,4580.21630859375,3245400,0.0,0.0
2015-01-02,4580.216125488281,4690.849365234375,4407.628271484375,4425.32958984375,8051400,0.0,0.0
2015-01-02,4491.709533691406,4491.709533691406,4398.777612304688,4425.32958984375,9951400,0.0,0.0
2015-01-02,4425.330010775862,4535.963261045258,4425.330010775862,4491.7099609375,7509000,0.0,0.0
2015-01-02,4513.836181640625,4602.3427734375,4407.628271484375,4425.32958984375,5145300,0.0,0.0
2015-01-02,4447.456237792969,4491.709533691406,4363.374975585937,4425.32958984375,5189000,0.0,0.0
2015-01-02,4425.329945388349,4690.84974211165,4425.329945388349,4558.08984375,7395500,0.0,0.0
2015-01-02,4580.216493476942,4580.216493476942,4336.823346480583,4558.08984375,6757500,0.0,0.0
2015-01-02,4513.836181640625,4535.962829589844,4398.777612304688,4425.32958984375,6276000,0.0,0.0
2015-01-02,4425.329663232716,4469.5829598650425,4381.076366600389,4416.47900390625,6399200,0.0,0.0
2015-01-02,4416.479533763923,4469.58349609375,4381.076892210705,4469.58349609375,4463900,0.0,0.0
2015-01-02,4513.8362564973695,4535.962904813533,4416.47900390625,4416.47900390625,8369200,0.0,0.0
2015-01-02,4336.823022312373,4425.329614604462,4336.823022312373,4363.375,5466700,0.0,0.0
2015-01-02,4389.927025926854,4447.456311548879,4363.3750479474575,4416.47900390625,4232500,0.0,0.0
2015-01-02,4425.330034634362,4447.456684807534,4363.375414149481,4372.22607421875,2410500,0.0,0.0
2015-01-02,4381.076758751502,4602.34326171875,4381.076758751502,4602.34326171875,5703600,0.0,0.0
2015-01-02,4602.342957427537,4735.102850430254,4469.583064424819,4580.21630859375,4886200,0.0,0.0
2015-01-02,4580.216479720356,4735.10302734375,4513.836530738901,4735.10302734375,6588600,0.0,0.0
2015-01-02,4690.849937776549,5111.256300124447,4646.59663647677,5000.623046875,18672400,0.0,0.0
2015-01-02,5000.62231225366,5089.12890185107,4912.11572265625,4912.11572265625,5816200,0.0,0.0
2015-01-02,4912.11602701093,5000.622622092209,4889.989378240611,4934.24267578125,3783100,0.0,0.0
2015-01-02,4912.116396528563,5067.002949572257,4889.98974609375,4889.98974609375,6096000,0.0,0.0
2015-01-02,4845.735841994769,5089.1289664785245,4757.229251273403,5022.7490234375,5479600,0.0,0.0
2015-01-02,5044.875479403409,5089.128773082386,4867.8623046875,4867.8623046875,3679000,0.0,0.0
2015-01-02,4867.862611869131,4934.242556576438,4646.596129511443,4712.97607421875,6532700,0.0,0.0
2015-01-02,4779.356077981652,4867.862672018348,4712.976132454129,4823.609375,5697800,0.0,0.0
2015-01-02,4867.8623046875,4889.988951526989,4712.975776811079,4867.8623046875,7273000,0.0,0.0
2015-01-02,4889.98888308503,4934.242176144622,4712.975710846657,4757.22900390625,3208000,0.0,0.0
2015-01-02,4757.22984348487,4889.98974609375,4757.22984348487,4889.98974609375,6283300,0.0,0.0
2015-01-02,4912.11572265625,4978.4956648543075,4867.862427857545,4912.11572265625,4802500,0.0,0.0
2015-01-02,4912.11602701093,4956.36932455157,4801.482783159333,4934.24267578125,4296800,0.0,0.0
2015-01-02,4912.115529614825,4934.242176144622,4735.102357376453,4757.22900390625,5485500,0.0,0.0
2015-01-02,4845.735648677034,4845.735648677034,4646.595827498526,4690.84912109375,8584900,0.0,0.0
2015-01-02,4690.849425982981,4801.482667161825,4558.089536568368,4712.97607421875,9207500,0.0,0.0
2015-01-02,4712.976976182726,4889.990195945457,4668.723671242043,4779.35693359375,4435400,0.0,0.0
2015-01-02,4779.35693359375,4889.990195945457,4779.35693359375,4779.35693359375,5717600,0.0,0.0
2015-01-02,4779.356860017123,4845.73681640625,4735.103555757705,4845.73681640625,2602200,0.0,0.0
2015-01-02,4845.7357804581925,4912.11572265625,4757.229190860783,4912.11572265625,4428500,0.0,0.0
2015-01-02,4912.11602701093,4956.36932455157,4845.736080699972,4934.24267578125,6214800,0.0,0.0
2015-01-02,4934.242311197917,5000.6222526041665,4912.1156640624995,4978.49560546875,6132500,0.0,0.0
2015-01-02,4978.49560546875,4978.49560546875,4978.49560546875,4978.49560546875,0,0.0,0.0
2015-01-02,4978.495914564221,4978.495914564221,4823.609375,4823.609375,5102100,0.0,0.0
2015-01-02,4823.609694349822,4912.116294246149,4668.72314453125,4668.72314453125,7439800,0.0,0.0
2015-01-02,4757.229429472477,4823.609375,4668.72283543578,4823.609375,3447100,0.0,0.0
2015-01-02,4845.73572265625,4978.49560546875,4823.609075520833,4978.49560546875,6377100,0.0,0.0
2015-01-02,4978.496396225111,5000.623046875,4978.496396225111,5000.623046875,5437800,0.0,0.0
2015-01-02,4956.3690803964755,5288.268795601597,4956.3690803964755,5022.7490234375,8760600,0.0,0.0
2015-01-02,5022.7500782898205,5266.143253889768,5000.623425962553,5244.0166015625,10920800,0.0,0.0
2015-01-02,5244.016414866727,5487.40958180147,5177.636460248162,5266.14306640625,20079300,0.0,0.0
2015-01-02,5310.3955078125,5531.6619873046875,5155.508972167969,5310.3955078125,6262800,0.0,0.0
2015-01-02,5310.3959803427415,5642.295729114163,5310.3959803427415,5487.4091796875,21470100,0.0,0.0
2015-01-02,5487.40913660386,6151.208628934973,5354.649238137638,6018.44873046875,10088600,0.0,0.0
2015-01-02,6106.955867836191,6460.98229495713,5664.4228339350175,6129.08251953125,11121300,0.0,0.0
2015-01-02,6129.081964983259,6195.4619140625,5797.182219587054,6195.4619140625,8237000,0.0,0.0
2015-01-02,6129.081964983259,6306.095162527902,5929.942117745536,6195.4619140625,6825500,0.0,0.0
2015-01-02,6195.462239583333,6283.968843005952,5575.916015625,5575.916015625,6367200,0.0,0.0
2015-01-02,5575.915993088942,5885.689103816106,5575.915993088942,5752.92919921875,10330700,0.0,0.0
2015-01-02,5752.928809296313,6372.474988758993,5752.928809296313,6151.20849609375,12540500,0.0,0.0
2015-01-02,6151.2086146763395,6261.841863141742,6018.448716517857,6195.4619140625,7097700,0.0,0.0
2015-01-02,6195.461805555556,6195.461805555556,5974.1953125,5974.1953125,3938500,0.0,0.0
2015-01-02,5929.9423828125,6084.828937587454,5730.802526673275,5929.9423828125,4139500,0.0,0.0
2015-01-02,5952.068529585717,6416.7281545719625,5952.068529585717,6283.96826171875,9138600,0.0,0.0
2015-01-02,6328.2221447172615,6350.348795572917,5974.195731026785,6040.57568359375,9315800,0.0,0.0
2015-01-02,6040.5750154194075,6040.5750154194075,5819.308531338111,5885.6884765625,12533700,0.0,0.0
2015-01-02,5885.6884765625,5885.6884765625,5885.6884765625,5885.6884765625,0,0.0,0.0
2015-01-02,5885.6884765625,5885.6884765625,5885.6884765625,5885.6884765625,0,0.0,0.0
2015-01-02,5885.688295454545,6151.208068181818,5730.801761363637,6084.828125,3081500,0.0,0.0
2015-01-02,6129.081836620411,6328.2216796875,6106.955187390734,6328.2216796875,6144500,0.0,0.0
2015-01-02,6283.968797307526,6416.728701475995,6151.208893139057,6394.60205078125,7882500,0.0,0.0
2015-01-02,6394.60205078125,6394.60205078125,6394.60205078125,6394.60205078125,0,0.0,0.0
2015-01-02,6394.60205078125,6394.60205078125,6394.60205078125,6394.60205078125,0,0.0,0.0
2015-01-02,6416.728287292041,6416.728287292041,6106.955197560702,6151.20849609375,4153100,0.0,0.0
2015-01-02,6151.208893139057,6637.995208423443,6151.208893139057,6394.60205078125,12804200,0.0,0.0
2015-01-02,6416.72861328125,6637.9951171875,6239.71541015625,6637.9951171875,4767100,0.0,0.0
2015-01-02,6637.995049504951,6837.134900990099,6549.488448844884,6704.375,5373200,0.0,0.0
2015-01-02,6704.375,6881.388201320132,6593.7417491749175,6704.375,7707900,0.0,0.0
2015-01-02,6704.374328613281,6792.880920410156,6660.121032714844,6726.5009765625,5092600,0.0,0.0
2015-01-02,6726.501217532467,6815.0078125,6704.374568790585,6815.0078125,6728300,0.0,0.0
2015-01-02,6815.008216594827,7058.4013671875,6792.881566540948,7058.4013671875,7954800,0.0,0.0
2015-01-02,7058.401739944795,7080.528391167192,6837.13522772082,7014.1484375,3967100,0.0,0.0
2015-01-02,7014.147849859193,7810.707227130269,7014.147849859193,7611.5673828125,9057100,0.0,0.0
2015-01-02,7611.567461993243,7611.567461993243,7213.2877692145275,7368.17431640625,8489000,0.0,0.0
2015-01-02,7390.301317063054,7523.06122096239,7346.048015763275,7500.9345703125,5753900,0.0,0.0
2015-01-02,7500.93378018466,7523.060428503788,7102.654110440341,7301.7939453125,8578300,0.0,0.0
2015-01-02,7434.553958019578,7478.807255388742,7169.034173804594,7346.04736328125,10279100,0.0,0.0
2015-01-02,7346.04736328125,7434.553958019578,7257.540768542922,7346.04736328125,8030400,0.0,0.0
2015-01-02,7346.047369309413,7368.174018012152,7124.780882282022,7169.0341796875,7576800,0.0,0.0
2015-01-02,7169.034600774083,7235.41455078125,7124.781300769305,7235.41455078125,12002100,0.0,0.0
2015-01-02,7257.54089580138,7279.667544873946,7146.907650438555,7213.28759765625,10748600,0.0,0.0
2015-01-02,7235.414119858339,7368.1740119658325,7213.287471173758,7346.04736328125,11127300,0.0,0.0
2015-01-02,7390.300156991693,7434.553451344937,6969.893860635878,6992.0205078125,12399800,0.0,0.0
2015-01-02,7014.147399902344,7058.400695800781,6483.107849121094,6726.5009765625,16841000,0.0,0.0
2015-01-02,6748.628127639358,6770.754777238176,6438.8550332559125,6549.48828125,40785600,0.0,0.0
2015-01-02,6593.741147729571,6837.13427734375,6571.614499582827,6837.13427734375,17538600,0.0,0.0
2015-01-02,6859.261221255896,7036.2744140625,6704.374677550118,7036.2744140625,14629700,0.0,0.0
2015-01-02,7036.2744140625,7036.2744140625,7036.2744140625,7036.2744140625,0,0.0,0.0
2015-01-02,7036.275018310547,7080.5283203125,6859.261810302734,7080.5283203125,14429600,0.0,0.0
2015-01-02,7080.528345352564,7080.528345352564,6837.13518348107,6903.51513671875,10830800,0.0,0.0
2015-01-02,6815.008182700163,6837.134832643996,6615.868333205678,6770.7548828125,9734300,0.0,0.0
2015-01-02,6770.754777238176,6815.008076435811,6527.3616316511825,6549.48828125,7748100,0.0,0.0
2015-01-02,6549.48828125,6637.994879645271,6438.8550332559125,6549.48828125,12610200,0.0,0.0
2015-01-02,6637.994999213507,6660.121649210885,6527.361749226615,6593.74169921875,5990000,0.0,0.0
2015-01-02,6660.12159702965,6704.3748966776875,6438.855098789462,6483.1083984375,7237100,0.0,0.0
2015-01-02,6549.488215928093,6615.8681640625,6306.095072768604,6615.8681640625,6072700,0.0,0.0
2015-01-02,6748.627624511719,6748.627624511719,6571.614440917969,6726.5009765625,3779200,0.0,0.0
2015-01-02,6704.374015161547,6704.374015161547,6527.36083984375,6527.36083984375,3030500,0.0,0.0
2015-01-02,6571.6150990099,6726.501650165016,6505.235148514851,6704.375,10340600,0.0,0.0
2015-01-02,6748.627686357973,6748.627686357973,6593.74114929402,6660.12109375,8585000,0.0,0.0
2015-01-02,6682.247873339504,6682.247873339504,6328.221495944033,6350.34814453125,11199600,0.0,0.0
2015-01-02,6372.474978146853,6460.98157506556,6306.095030457824,6328.2216796875,5690800,0.0,0.0
2015-01-02,6306.095148722331,6593.7415941026475,6173.335250854492,6372.47509765625,12034300,0.0,0.0
2015-01-02,6571.614440917969,6726.5009765625,6483.107849121094,6726.5009765625,7115700,0.0,0.0
2015-01-02,6726.501230736301,6726.501230736301,6460.9814453125,6460.9814453125,11263800,0.0,0.0
2015-01-02,6615.867800849781,6615.867800849781,6283.968078399123,6306.0947265625,4018000,0.0,0.0
2015-01-02,6350.34844801161,6505.234995524089,6328.221798366971,6372.47509765625,4844600,0.0,0.0
2015-01-02,6416.728396945529,6416.728396945529,6283.9684990776905,6372.47509765625,5481900,0.0,0.0
2015-01-02,6372.47509765625,6483.108345879448,6350.34844801161,6372.47509765625,3963400,0.0,0.0
2015-01-02,6372.47509765625,6372.47509765625,6372.47509765625,6372.47509765625,0,0.0,0.0
2015-01-02,6372.475232712766,6416.728532939938,6239.71533203125,6239.71533203125,3581000,0.0,0.0
2015-01-02,6239.71533203125,6372.475232712766,6195.462031804078,6239.71533203125,1239100,0.0,0.0
2015-01-02,6283.968700996864,6328.222001708109,6173.33544921875,6173.33544921875,1900200,0.0,0.0
2015-01-02,6261.842146612781,6394.60205078125,6151.208893139057,6394.60205078125,2244900,0.0,0.0
2015-01-02,6460.9819140624995,6660.1217675781245,6416.72861328125,6637.9951171875,6759300,0.0,0.0
2015-01-02,6682.247154017857,6992.020200892857,6682.247154017857,6969.8935546875,7837600,0.0,0.0
2015-01-02,7036.274423513105,7036.274423513105,6726.501335685483,6859.26123046875,4510200,0.0,0.0
2015-01-02,6947.767770235656,6992.021068135246,6682.247982838115,6748.6279296875,1969600,0.0,0.0
2015-01-02,6682.2476806640625,6792.880920410156,6682.2476806640625,6726.5009765625,1735700,0.0,0.0
2015-01-02,6704.374982729602,6903.514833701769,6704.374982729602,6881.38818359375,4095800,0.0,0.0
2015-01-02,6947.7678269909275,6947.7678269909275,6748.627984816028,6859.26123046875,3949900,0.0,0.0
2015-01-02,6792.8811637581175,6903.514407467533,6637.9946225649355,6815.0078125,3859600,0.0,0.0
2015-01-02,6770.75433290352,6992.020814370954,6726.501036610032,6837.13427734375,1803900,0.0,0.0
2015-01-02,6992.021068135246,6992.021068135246,6726.501280737705,6748.6279296875,2700000,0.0,0.0
2015-01-02,6682.248509812933,6704.375160507677,6372.475400086505,6394.60205078125,6588500,0.0,0.0
2015-01-02,6372.47481617647,6394.601464843749,5509.535518152574,5642.29541015625,20057300,0.0,0.0
2015-01-02,5752.929269516051,5797.182571589251,5575.916061223249,5686.54931640625,10672100,0.0,0.0
2015-01-02,5664.42277992278,5841.435991795367,5642.296128438707,5730.802734375,5760100,0.0,0.0
2015-01-02,5730.802734375,5730.802734375,5730.802734375,5730.802734375,0,0.0,0.0
2015-01-02,5730.802522852354,5797.182474854504,5421.029413508983,5465.28271484375,7629900,0.0,0.0
2015-01-02,5421.029100793553,5664.422244094488,5288.269204447588,5620.1689453125,9393000,0.0,0.0
2015-01-02,5642.29594538762,5797.182500751202,5465.282739257812,5752.92919921875,6632300,0.0,0.0
2015-01-02,5819.3091981132075,5996.322405660377,5686.54929245283,5863.5625,8559100,0.0,0.0
2015-01-02,5819.30859375,5929.9418369771865,5752.928647813688,5819.30859375,5280500,0.0,0.0
2015-01-02,5686.549028950352,5686.549028950352,5487.4091796875,5487.4091796875,4494000,0.0,0.0
2015-01-02,5465.282930261948,5553.789536420037,5244.016414866727,5266.14306640625,7128200,0.0,0.0
2015-01-02,5177.6359164289415,5487.409005446058,5177.6359164289415,5332.5224609375,8701700,0.0,0.0
2015-01-02,5376.776112174216,5487.409365511134,5354.649461506832,5465.28271484375,6176000,0.0,0.0
2015-01-02,5465.28271484375,5465.28271484375,5465.28271484375,5465.28271484375,0,0.0,0.0
2015-01-02,5620.168900739108,5642.295549954616,5221.889214859958,5332.5224609375,8981400,0.0,0.0
2015-01-02,5332.5224609375,5332.5224609375,5332.5224609375,5332.5224609375,0,0.0,0.0
2015-01-02,5398.902715005165,5443.15601594783,5310.396113119835,5354.6494140625,6272900,0.0,0.0
2015-01-02,5354.6494140625,5421.029365476498,5310.396113119835,5354.6494140625,4495800,0.0,0.0
2015-01-02,5310.3953125,5376.775253906249,4934.242311197917,4978.49560546875,16112100,0.0,0.0
2015-01-02,4978.49631676307,5000.622967059796,4558.089961125301,4602.34326171875,22018800,0.0,0.0
2015-01-02,4602.34326171875,4735.103163499099,4558.089961125301,4602.34326171875,15379100,0.0,0.0
2015-01-02,4602.343143203883,4624.469792930825,4447.456595115291,4558.08984375,10973000,0.0,0.0
2015-01-02,4558.089894660841,4668.72314453125,4558.089894660841,4668.72314453125,14678300,0.0,0.0
2015-01-02,4668.72314453125,4668.72314453125,4668.72314453125,4668.72314453125,0,0.0,0.0
2015-01-02,4668.723330543155,4735.103283110119,4535.963425409226,4646.5966796875,9854900,0.0,0.0
2015-01-02,4602.3427734375,4602.3427734375,4345.673657226563,4425.32958984375,12951800,0.0,0.0
2015-01-02,4381.076615222392,4381.076615222392,4301.420676763803,4327.97265625,11112900,0.0,0.0
2015-01-02,4381.0762939453125,4425.32958984375,4319.1216796875,4425.32958984375,9502900,0.0,0.0
2015-01-02,4416.479285497573,4558.08984375,4257.167407463592,4558.08984375,17094200,0.0,0.0
2015-01-02,4447.456237792969,4491.709533691406,4354.52431640625,4425.32958984375,17126700,0.0,0.0
2015-01-02,4425.329885175151,4447.456534601027,4354.5246070123485,4389.92724609375,16845800,0.0,0.0
2015-01-02,4345.67385536383,4389.9271532799585,4274.868578698024,4283.71923828125,8901200,0.0,0.0
2015-01-02,4230.615638831143,4239.466299163425,4089.0050735146187,4124.40771484375,12557800,0.0,0.0
2015-01-02,4142.108904157366,4204.063524518694,3929.6930629185267,3965.095703125,8922600,0.0,0.0
2015-01-02,3894.290237075173,4018.199471891201,3717.277044480847,3841.186279296875,13155000,0.0,0.0
2015-01-02,3858.8878002701517,3938.5437411014163,3788.08251953125,3788.08251953125,9480600,0.0,0.0
2015-01-02,3770.380946796534,4071.303369780295,3708.426330299877,4053.60205078125,11122300,0.0,0.0
2015-01-02,4053.6018282312925,4133.257759353742,3903.140625,3903.140625,9921900,0.0,0.0
2015-01-02,3876.5892481782507,3991.6478331698427,3832.335946258408,3947.39453125,6307800,0.0,0.0
2015-01-02,3956.2449125944927,4142.108767548596,3956.2449125944927,4097.85546875,7707600,0.0,0.0
2015-01-02,4115.556640625,4195.212575604838,4080.1540028561826,4115.556640625,11496700,0.0,0.0
2015-01-02,4115.55671428812,4159.810012291218,4080.1540758856413,4106.7060546875,12022100,0.0,0.0
2015-01-02,4159.809964775519,4159.809964775519,4053.60205078125,4053.60205078125,42883100,0.0,0.0
2015-01-02,4018.199291011496,4195.212475637553,4018.199291011496,4186.36181640625,9010800,0.0,0.0
2015-01-02,4186.36181640625,4186.36181640625,4186.36181640625,4186.36181640625,0,0.0,0.0
2015-01-02,4239.466463050064,4336.82373046875,4221.765141701212,4336.82373046875,18065100,0.0,0.0
2015-01-02,4336.82373046875,4336.82373046875,4336.82373046875,4336.82373046875,0,0.0,0.0
2015-01-02,4336.82373046875,4336.82373046875,4336.82373046875,4336.82373046875,0,0.0,0.0
2015-01-02,4336.82373046875,4336.82373046875,4336.82373046875,4336.82373046875,0,0.0,0.0
2015-01-02,4336.82373046875,4336.82373046875,4336.82373046875,4336.82373046875,0,0.0,0.0
2015-01-02,4336.82373046875,4336.82373046875,4336.82373046875,4336.82373046875,0,0.0,0.0
2015-01-02,4425.32958984375,4558.0894775390625,4425.32958984375,4425.32958984375,11944800,0.0,0.0
2015-01-02,4505.097818017975,4514.16240115282,4350.99990472561,4459.77490234375,8408500,118.0,0.0
2015-01-02,4496.033651477833,4713.583666871921,4423.516979679803,4600.2763671875,16388000,0.0,0.0
2015-01-02,4622.938003077651,4713.583846275253,4450.7109010022095,4486.96923828125,18321300,0.0,0.0
2015-01-02,4486.969092835771,4532.292012965426,4187.837819980053,4260.3544921875,16733000,0.0,0.0
2015-01-02,4260.354533435003,4260.354533435003,3970.287841796875,3970.287841796875,26789000,0.0,0.0
2015-01-02,3988.4166832058318,4060.9333501732103,3906.8354328675305,3924.964599609375,11482100,0.0,0.0
2015-01-02,4069.998403862847,4178.7734168836805,4060.9338194444445,4079.06298828125,10176600,0.0,0.0
2015-01-02,4142.514295295594,4142.514295295594,3943.0934758284097,3979.351806640625,18917400,0.0,0.0
2015-01-02,3979.3523904791787,4060.933646776018,3879.6419661163745,4006.546142578125,5704700,0.0,0.0
2015-01-02,4015.611328125,4060.9342550790066,3997.482157343397,4015.611328125,6907400,0.0,0.0
2015-01-02,4024.6759135158013,4042.805084297404,3997.482157343397,4015.611328125,4272400,0.0,0.0
2015-01-02,4033.740070246849,4323.806771927521,4006.546316964286,4314.7421875,25859300,0.0,0.0
2015-01-02,4341.935350736655,4378.193683519424,4205.966602801269,4287.5478515625,17187300,0.0,0.0
2015-01-02,4305.677280304538,4314.7418640525475,4224.096026572452,4269.4189453125,10309800,0.0,0.0
2015-01-02,4269.419207672575,4554.95361328125,4224.096286147388,4554.95361328125,22499300,0.0,0.0
2015-01-02,4577.614583333334,4690.921875,4468.839583333333,4622.9375,18812300,0.0,0.0
2015-01-02,4668.261080600248,4668.261080600248,4532.292311262377,4577.615234375,13672200,0.0,0.0
2015-01-02,4577.615021701389,5121.490073784722,4532.292100694444,5098.82861328125,33341000,0.0,0.0
2015-01-02,5076.167146381579,5393.4275930304275,4985.521304481908,5166.81298828125,21922300,0.0,0.0
2015-01-02,5166.813008347603,5257.458850599315,4962.85986328125,4962.85986328125,13693800,0.0,0.0
2015-01-02,4962.859530652975,5212.135580137828,4849.552235432588,5189.47412109375,16467700,0.0,0.0
2015-01-02,5212.136097301136,5234.79755859375,4962.860023082386,4985.521484375,14263400,0.0,0.0
2015-01-02,4985.521344866072,5098.828648158483,4758.90673828125,4758.90673828125,11048900,0.0,0.0
2015-01-02,4826.890943054759,4985.5211618405965,4781.568023401663,4940.1982421875,9710200,0.0,0.0
2015-01-02,4962.8597065770355,5008.182626271802,4826.890947492733,4872.2138671875,6487500,0.0,0.0
2015-01-02,4894.875169020433,4917.536628136268,4668.260577862079,4713.58349609375,8888100,0.0,0.0
2015-01-02,4758.90673828125,4849.552580915179,4736.245277622768,4758.90673828125,4459600,0.0,0.0
2015-01-02,4804.229012625558,5098.827961512974,4758.906097412109,5076.16650390625,15839200,0.0,0.0
2015-01-02,5098.828633626302,5121.490094220197,4894.87548828125,4894.87548828125,8894300,0.0,0.0
2015-01-02,4894.875166617298,4894.875166617298,4736.244952884331,4781.56787109375,8244400,0.0,0.0
2015-01-02,4804.229001569976,4826.890459124552,4668.260256242524,4736.24462890625,5457500,0.0,0.0
2015-01-02,4736.245270778316,4849.5525739069835,4554.953585772447,4826.89111328125,14379100,0.0,0.0
2015-01-02,4849.552253239329,4872.213712366615,4645.59912109375,4645.59912109375,8556500,0.0,0.0
2015-01-02,4622.938157487624,4690.92254215656,4532.292311262377,4577.615234375,6990800,0.0,0.0
2015-01-02,4622.937657360782,4804.22933019846,4577.614739151362,4781.56787109375,7380600,0.0,0.0
2015-01-02,4804.229487645349,4940.198246729651,4622.93780886628,4872.2138671875,12355200,0.0,0.0
2015-01-02,4849.552580915179,4849.552580915179,4690.922356305804,4758.90673828125,9816100,0.0,0.0
2015-01-02,4622.937827124384,4690.922206935037,4577.614907250616,4600.2763671875,6873700,0.0,0.0
2015-01-02,4600.276519523179,4600.276519523179,4387.2587890625,4387.2587890625,10231800,0.0,0.0
2015-01-02,4224.095930572249,4369.129267244257,4196.902179946247,4242.22509765625,14289600,0.0,0.0
2015-01-02,4251.289251443614,4332.870495074729,4169.7080078125,4169.7080078125,11532200,0.0,0.0
2015-01-02,4169.708454579959,4477.904296875,4169.708454579959,4477.904296875,16236100,0.0,0.0
2015-01-02,4505.098081752232,4600.276210239956,4441.64599609375,4441.64599609375,10114700,0.0,0.0
2015-01-02,4441.646162210051,4441.646162210051,4369.129490173968,4396.3232421875,3350100,0.0,0.0
2015-01-02,4351.0,4387.258333333333,4215.03125,4215.03125,9308800,0.0,0.0
2015-01-02,4269.4189453125,4369.129366540605,4251.289777816481,4269.4189453125,7286200,0.0,0.0
2015-01-02,4187.837819980053,4278.483660239362,4160.644067902261,4260.3544921875,7487100,0.0,0.0
2015-01-02,4287.547916666666,4296.6125,4215.03125,4215.03125,6824800,0.0,0.0
2015-01-02,4278.483660239362,4296.612828291223,4224.096156083777,4260.3544921875,6083300,0.0,0.0
2015-01-02,4278.48386659436,4278.48386659436,4169.7088530368765,4178.7734375,7884800,0.0,0.0
2015-01-02,4169.7080078125,4215.030920940897,4169.7080078125,4169.7080078125,3678100,0.0,0.0
2015-01-02,4187.837794883579,4296.612802542892,4151.57945899714,4160.64404296875,9581200,0.0,0.0
2015-01-02,4169.708333333333,4233.160416666667,4169.708333333333,4215.03125,5236300,0.0,0.0
2015-01-02,4169.708462419181,4251.289714944774,4160.643878805226,4205.966796875,6336800,0.0,0.0
2015-01-02,4215.031028332571,4405.387268321783,4196.901862619312,4332.87060546875,23634000,0.0,0.0
2015-01-02,4350.99990472561,4468.839485478595,4350.99990472561,4459.77490234375,12269100,0.0,0.0
2015-01-02,4459.775485321969,4505.09840692077,4450.7109010022095,4486.96923828125,9963400,0.0,0.0
2015-01-02,4505.098399603545,4577.615074043843,4432.581725163246,4554.95361328125,11212900,0.0,0.0
2015-01-02,4554.953426056844,4577.614885887972,4396.323207238944,4432.58154296875,5126700,0.0,0.0
2015-01-02,4432.581976546291,4459.77573100363,4360.065297993387,4369.1298828125,4435500,0.0,0.0
2015-01-02,4323.806713502799,4360.0650507229475,4233.160870452425,4251.2900390625,8301900,0.0,0.0
2015-01-02,4278.483108328975,4378.193519751896,4269.418525472346,4332.87060546875,6189200,0.0,0.0
2015-01-02,4369.12903618763,4369.12903618763,4314.74153781185,4360.064453125,2957000,0.0,0.0
2015-01-02,4360.0648918565275,4622.937827124384,4360.0648918565275,4600.2763671875,9286400,0.0,0.0
2015-01-02,4645.599287061269,4690.922206935037,4514.16281942734,4600.2763671875,8296700,0.0,0.0
2015-01-02,4600.276349018895,4872.2138671875,4554.953429324128,4872.2138671875,12720000,0.0,0.0
2015-01-02,4894.875169020433,4917.536628136268,4713.58349609375,4713.58349609375,6828000,0.0,0.0
2015-01-02,4758.906084079187,4781.567541622421,4600.275881276547,4668.26025390625,4193100,0.0,0.0
2015-01-02,4690.922032436478,4849.55224609375,4514.162651504089,4849.55224609375,7503300,0.0,0.0
2015-01-02,4849.552580915179,4872.214041573661,4736.245277622768,4758.90673828125,5103900,0.0,0.0
2015-01-02,4758.906409718165,4849.55224609375,4600.276196060893,4849.55224609375,7298100,0.0,0.0
2015-01-02,4826.890952056308,4872.213871793927,4758.906572449882,4804.2294921875,3915300,0.0,0.0
2015-01-02,4804.229001569976,4804.229001569976,4668.260256242524,4736.24462890625,16220300,0.0,0.0
2015-01-02,4758.90625,4758.90625,4577.614583333334,4622.9375,3453100,0.0,0.0
2015-01-02,4600.275940933848,4600.275940933848,4441.64573607406,4459.77490234375,6081600,0.0,0.0
2015-01-02,4441.64629566727,4690.92236328125,4360.065037175423,4690.92236328125,6480100,0.0,0.0
2015-01-02,4713.58349609375,4758.906414325421,4645.599118746244,4713.58349609375,4039900,0.0,0.0
2015-01-02,4713.58349609375,4758.906414325421,4668.260577862079,4713.58349609375,3637400,0.0,0.0
2015-01-02,4713.583491530374,4849.55224609375,4600.276196060893,4849.55224609375,8478600,0.0,0.0
2015-01-02,4826.890459124552,4826.890459124552,4713.5831713516745,4736.24462890625,5841600,0.0,0.0
2015-01-02,4713.583168992718,4804.228999165655,4645.598796363016,4668.26025390625,5497700,0.0,0.0
2015-01-02,4622.938157487624,4758.906926825495,4577.615234375,4577.615234375,3358600,0.0,0.0
2015-01-02,4600.276513671875,4758.90673828125,4600.276513671875,4758.90673828125,2341300,0.0,0.0
2015-01-02,4713.583333333334,4758.90625,4600.276041666667,4622.9375,3878100,0.0,0.0
2015-01-02,4736.244955209585,4826.890791672927,4622.937659630408,4713.58349609375,4396100,0.0,0.0
2015-01-02,4668.260746998153,4690.922206935037,4600.2763671875,4600.2763671875,2701500,0.0,0.0
2015-01-02,4600.276041666667,4690.921875,4600.276041666667,4622.9375,1614000,0.0,0.0
2015-01-02,4668.260575570202,4781.56787109375,4622.937657360782,4781.56787109375,2330100,0.0,0.0
2015-01-02,4826.891255326705,5008.182945667613,4804.22979403409,4985.521484375,9773400,0.0,0.0
2015-01-02,5008.182764956826,5166.81298828125,4962.85984400699,5166.81298828125,10579200,0.0,0.0
2015-01-02,5166.812994791667,5189.474455295139,5030.844231770833,5098.82861328125,6932300,0.0,0.0
2015-01-02,5098.829229946794,5280.120935900458,5030.84484021417,5257.45947265625,9157200,0.0,0.0
2015-01-02,5257.458181073589,5665.364419260332,5257.458181073589,5620.04150390625,17300100,0.0,0.0
2015-01-02,5665.364915497449,5688.026375159439,5506.7346978635205,5552.0576171875,7141200,0.0,0.0
2015-01-02,5574.718289780891,5914.64013671875,5552.056833318366,5914.64013671875,11987200,0.0,0.0
2015-01-02,5959.9637013905085,6073.27099609375,5756.010570924674,6073.27099609375,9384500,0.0,0.0
2015-01-02,6073.271278433249,6798.437998246174,5937.302518468325,6662.46923828125,16883800,0.0,0.0
2015-01-02,6662.469472287736,6662.469472287736,5982.625648584905,6005.287109375,17929300,0.0,0.0
2015-01-02,6027.948245900666,6209.239922469107,5688.0263523348385,5959.9638671875,13076900,0.0,0.0
2015-01-02,5914.640625,5959.963541666667,5710.6875,5778.671875,7956000,0.0,0.0
2015-01-02,5914.640955587305,5914.640955587305,5733.349278787695,5823.9951171875,5660800,0.0,0.0
2015-01-02,5846.656749906994,5869.318210177952,5620.042147197421,5710.68798828125,10644400,0.0,0.0
2015-01-02,5778.67157205178,6277.223629248403,5710.687200615876,6209.2392578125,13456000,0.0,0.0
2015-01-02,6209.2392578125,6345.208000684306,6118.593429231296,6209.2392578125,6172000,0.0,0.0
2015-01-02,6254.562653842037,6617.14599609375,6254.562653842037,6617.14599609375,9931300,0.0,0.0
2015-01-02,6617.146161099138,6617.146161099138,6458.515944908406,6571.8232421875,7073300,0.0,0.0
2015-01-02,6571.822757205448,6707.79150390625,6481.17692607158,6707.79150390625,8215300,0.0,0.0
2015-01-02,6707.792300575658,6934.406905324836,6685.13084010074,6889.083984375,9771500,0.0,0.0
2015-01-02,6889.083843427835,7025.052603495489,6435.8546432023195,6594.48486328125,9858100,0.0,0.0
2015-01-02,6571.822916666667,6639.807291666667,6435.854166666667,6526.5,4346100,0.0,0.0
2015-01-02,6594.484545986575,6594.484545986575,6209.239744331002,6277.22412109375,5772200,0.0,0.0
2015-01-02,6277.2244483837185,6345.208828691123,6095.932767563972,6254.56298828125,4417500,0.0,0.0
2015-01-02,6254.562977892287,6594.484878864694,6186.578597697806,6390.53173828125,7368400,0.0,0.0
2015-01-02,6435.8549980328235,6549.162304336218,6209.240385426034,6299.88623046875,5690200,0.0,0.0
2015-01-02,6299.8855748743445,6481.17724609375,6277.224115971919,6481.17724609375,4789500,0.0,0.0
2015-01-02,6503.838700013242,6685.13037109375,6481.177241128178,6685.13037109375,6373600,0.0,0.0
2015-01-02,6707.792190330616,6707.792190330616,6254.56298828125,6254.56298828125,10779900,0.0,0.0
2015-01-02,6254.5625,6345.208333333334,5914.640625,6118.59375,9069000,0.0,0.0
2015-01-02,6163.916666666667,6231.901041666667,5982.625,6118.59375,5666000,0.0,0.0
2015-01-02,6050.61021071214,6095.933133638822,5778.672673152043,5891.97998046875,33444500,0.0,0.0
2015-01-02,5823.995099235984,6163.9169921875,5823.995099235984,6163.9169921875,6826100,0.0,0.0
2015-01-02,6209.239918644267,6413.19305465813,5914.640944402021,6027.9482421875,10745100,0.0,0.0
2015-01-02,6027.948238557156,6163.9169958178445,5914.640940839917,6095.9326171875,8043700,0.0,0.0
2015-01-02,6163.9169921875,6209.239911247702,6050.6096945369945,6163.9169921875,6136900,0.0,0.0
2015-01-02,6186.578283691406,6435.854331752233,6118.593906947544,6345.20849609375,8031500,0.0,0.0
2015-01-02,6345.209152990107,6435.8549980328235,6231.901846686713,6299.88623046875,4982400,0.0,0.0
2015-01-02,6413.1932089985285,6435.854669100997,6254.56298828125,6254.56298828125,3096300,0.0,0.0
2015-01-02,6322.547368588655,6367.8702887935915,6186.5786079738455,6254.56298828125,3376000,0.0,0.0
2015-01-02,6322.54703717913,6367.86995500837,6163.916824776786,6345.20849609375,4864100,0.0,0.0
2015-01-02,6345.209135673415,6549.162286462918,6299.886213275749,6435.85498046875,5560100,0.0,0.0
2015-01-02,6503.8390494084015,6503.8390494084015,6254.56298828125,6254.56298828125,3775000,0.0,0.0
2015-01-02,6299.884896581657,6345.2078095067045,5914.64013671875,5914.64013671875,9316600,0.0,0.0
2015-01-02,5982.625315946691,6163.9169921875,5937.302396886489,6163.9169921875,6824200,0.0,0.0
2015-01-02,6163.917169744318,6254.563010475852,5937.3025679154825,5982.62548828125,6111800,0.0,0.0
2015-01-02,5982.625315946691,6186.578451717601,5982.625315946691,6163.9169921875,9647000,0.0,0.0
2015-01-02,6163.916339944649,6209.239254208948,6073.270511416052,6141.2548828125,6463800,0.0,0.0
2015-01-02,6141.255208333334,6141.255208333334,6073.270833333334,6118.59375,4583300,0.0,0.0
2015-01-02,6095.9319685482005,6163.916339944649,6027.947597151752,6141.2548828125,12706700,0.0,0.0
2015-01-02,6163.916339944649,6277.223625605397,6095.9319685482005,6141.2548828125,5872600,0.0,0.0
2015-01-02,6141.255367568253,6299.885580014666,6095.9324497264215,6277.22412109375,4325700,0.0,0.0
2015-01-02,6299.885745738637,6345.208664772727,6186.578448153409,6231.9013671875,4333400,0.0,0.0
2015-01-02,6231.90190241887,6277.224825345553,5891.97998046875,5891.97998046875,9760200,0.0,0.0
2015-01-02,5982.625326758555,6027.948245900666,5891.979488474335,5959.9638671875,4949800,0.0,0.0
2015-01-02,6005.2869271540985,6277.2244483837185,5982.625467051631,6254.56298828125,8940400,0.0,0.0
2015-01-02,6209.2392578125,6322.546543539005,6141.254886376597,6209.2392578125,3840100,0.0,0.0
2015-01-02,6209.2394311273465,6639.80712890625,6209.2394311273465,6639.80712890625,16621000,0.0,0.0
2015-01-02,6594.48486328125,6639.807783303801,6435.8546432023195,6594.48486328125,6083400,0.0,0.0
2015-01-02,6617.146318292943,6685.130698275404,6549.161938310481,6662.46923828125,6584100,0.0,0.0
2015-01-02,6617.146161099138,6662.469080010776,6526.500323275863,6571.8232421875,3594400,0.0,0.0
2015-01-02,6617.146003069197,6639.807461983817,6299.885578264509,6345.20849609375,6677500,0.0,0.0
2015-01-02,6367.870278216423,6413.193198346077,6299.885898021941,6390.53173828125,6615700,0.0,0.0
2015-01-02,6413.192708333334,6571.822916666667,6413.192708333334,6526.5,10017800,0.0,0.0
2015-01-02,6526.500160530822,6617.14599609375,6481.177242749358,6617.14599609375,7199100,0.0,0.0
2015-01-02,6617.14599443856,6753.11474774894,6571.823076668432,6685.13037109375,5197700,0.0,0.0
2015-01-02,6685.130703326353,6685.130703326353,6413.193183191043,6594.48486328125,5404300,0.0,0.0
2015-01-02,6526.500498670212,6549.16195873504,6277.224437957114,6390.53173828125,6680100,0.0,0.0
2015-01-02,6367.870278216423,6481.177578540558,6345.208818151596,6390.53173828125,3891100,0.0,0.0
2015-01-02,6390.531410484047,6503.838704996176,6390.531410484047,6481.17724609375,1872200,0.0,0.0
2015-01-02,6481.177407719948,6617.146164525261,6481.177407719948,6503.8388671875,2200000,0.0,0.0
2015-01-02,6481.177414646352,6503.838874138123,6345.20865769573,6367.8701171875,2487700,0.0,0.0
2015-01-02,6367.870294256525,6367.870294256525,6118.594232915522,6186.57861328125,5556100,0.0,0.0
2015-01-02,6186.5786242538625,6231.901544578066,6027.948403119148,6050.60986328125,3816000,0.0,0.0
2015-01-02,6050.609537153102,6254.562667618937,6005.286619271805,6073.27099609375,3693700,0.0,0.0
2015-01-02,6027.9482421875,6231.901378201363,5891.979484844925,6027.9482421875,9636800,0.0,0.0
2015-01-02,5891.978996030746,5914.640453707787,5529.395673198084,5620.04150390625,8736200,0.0,0.0
2015-01-02,5642.7037734375,5778.6725390625,5642.7037734375,5665.365234375,3756700,0.0,0.0
2015-01-02,5710.6871973016605,6141.2548828125,5710.6871973016605,6141.2548828125,6009300,0.0,0.0
2015-01-02,6005.287287785456,6050.61021071214,5846.657057542067,5891.97998046875,7938800,0.0,0.0
2015-01-02,5891.979166666667,5891.979166666667,5778.671875,5778.671875,2198800,0.0,0.0
2015-01-02,5778.672375047063,5801.333835341366,5642.70361328125,5642.70361328125,3871400,0.0,0.0
2015-01-02,5642.703607468378,5778.672369094123,5642.703607468378,5710.68798828125,2069400,0.0,0.0
2015-01-02,5710.6875,5801.333333333334,5642.703125,5778.671875,4086000,0.0,0.0
2015-01-02,5778.671875,5823.994791666667,5529.395833333334,5574.71875,3977500,0.0,0.0
2015-01-02,5529.396446669884,5937.3027419160235,5529.396446669884,5869.318359375,4110600,0.0,0.0
2015-01-02,5869.31802890328,6027.948245900666,5801.333650190114,5959.9638671875,3353400,0.0,0.0
2015-01-02,5959.964022632842,6141.255703929658,5937.30256247074,6050.60986328125,3655100,0.0,0.0
2015-01-02,6050.6096945369945,6209.239911247702,6050.6096945369945,6163.9169921875,2491700,0.0,0.0
2015-01-02,6163.916343521898,6254.562172103102,6163.916343521898,6209.2392578125,3995500,0.0,0.0
2015-01-02,6209.239922469107,6209.239922469107,5959.9638671875,5959.9638671875,6293200,0.0,0.0
2015-01-02,5959.963541666667,6073.270833333334,5710.6875,5846.65625,4098800,0.0,0.0
2015-01-02,5733.348958333334,5891.979166666667,5710.6875,5778.671875,6062200,0.0,0.0
2015-01-02,5665.364754300158,5710.687672334559,5393.42724609375,5393.42724609375,9996000,0.0,0.0
2015-01-02,5393.427411612818,5484.073250463453,4985.521136784958,5348.1044921875,6026400,0.0,0.0
2015-01-02,5212.135909231086,5212.135909231086,5008.182764956826,5166.81298828125,10463800,0.0,0.0
2015-01-02,5166.812334333147,5529.395656040737,5076.16650390625,5076.16650390625,9557300,0.0,0.0
2015-01-02,5257.4584900155605,5506.734539111126,5257.4584900155605,5461.41162109375,9358000,0.0,0.0
2015-01-02,5438.750303988327,5891.979495987354,5416.088844388375,5823.9951171875,6662800,0.0,0.0
2015-01-02,5937.302903395433,6050.61021071214,5710.688288762019,5891.97998046875,5925500,0.0,0.0
2015-01-02,5778.671707645539,5778.671707645539,5529.395673198084,5620.04150390625,5373300,0.0,0.0
2015-01-02,5166.8136196794185,5461.412641854122,5098.829229946794,5257.45947265625,8806100,0.0,0.0
2015-01-02,5257.4584940159575,5552.057461353059,5257.4584940159575,5325.44287109375,6916800,0.0,0.0
2015-01-02,5370.765951900159,5484.073250463453,5166.812814486229,5348.1044921875,5780800,0.0,0.0
2015-01-02,5212.135760106078,5257.458679759175,4917.536782360952,4940.1982421875,5151900,0.0,0.0
2015-01-02,4940.1982421875,4940.1982421875,4940.1982421875,4940.1982421875,0,0.0,0.0
2015-01-02,4940.1982421875,4940.1982421875,4940.1982421875,4940.1982421875,0,0.0,0.0
2015-01-02,4690.922643891014,4690.922643891014,4369.1298828125,4369.1298828125,8445100,0.0,0.0
2015-01-02,4369.129830613168,4441.646508299694,4069.99853515625,4069.99853515625,9860300,0.0,0.0
2015-01-02,4033.740120481646,4033.740120481646,3788.996337890625,3788.996337890625,3540200,0.0,0.0
2015-01-02,3788.995946453756,3988.416785740796,3526.123021939022,3816.189697265625,18277900,0.0,0.0
2015-01-02,3761.802324567522,3970.2877546037944,3553.31689453125,3553.31689453125,10281400,0.0,0.0
2015-01-02,3580.510853102562,3716.479619676077,3444.542086529047,3471.73583984375,14329000,0.0,0.0
2015-01-02,3544.2521891469346,3961.223034928927,3526.123021939022,3816.189697265625,13758700,0.0,0.0
2015-01-02,3988.417133401222,4532.292197046843,3897.771289460285,4450.7109375,8642300,0.0,0.0
2015-01-02,4450.7098234085015,4459.77440553357,4142.514031156182,4151.57861328125,7714500,0.0,0.0
2015-01-02,4260.354290549089,4826.890765356148,4242.225123355263,4477.904296875,13706500,0.0,0.0
2015-01-02,4486.968919613487,4758.9064298930925,4224.095993009869,4305.67724609375,9473500,0.0,0.0
2015-01-02,4305.67736791443,4505.098214428362,4151.579441062755,4432.58154296875,7307300,0.0,0.0
2015-01-02,4441.646162210051,4690.922222334085,4314.741986146907,4396.3232421875,11006700,0.0,0.0
2015-01-02,4396.323373337423,4405.3879576123445,4287.548362038352,4387.2587890625,21309600,0.0,0.0
2015-01-02,4441.646258244749,4577.615021252242,4351.0004162397545,4423.51708984375,16035500,0.0,0.0
2015-01-02,4423.517681373898,4423.517681373898,4115.32177734375,4115.32177734375,13193800,0.0,0.0
2015-01-02,4169.7083162006575,4169.7083162006575,3879.6416507258295,3961.222900390625,13289600,0.0,0.0
2015-01-02,3961.222817880136,4006.5457334165217,3879.641569914641,3915.89990234375,6816800,0.0,0.0
2015-01-02,3943.0938720703125,4224.095964102909,3906.835537614493,4205.966796875,22502000,0.0,0.0
2015-01-02,4242.224914413624,4332.870745918189,4015.610335652212,4033.739501953125,12558500,0.0,0.0
2015-01-02,4015.6104689151193,4015.6104689151193,3752.737548828125,3752.737548828125,16978500,0.0,0.0
2015-01-02,3807.1254514298353,3943.094217552329,3798.060867021669,3843.3837890625,17102500,0.0,0.0
2015-01-02,3870.5773407359184,3879.641924672068,3653.027326268326,3671.156494140625,12748800,0.0,0.0
2015-01-02,3625.833300285533,3671.156216539102,3544.2520510291083,3571.44580078125,10542400,0.0,0.0
2015-01-02,3553.3168529501213,3779.931448163777,3480.8001824817516,3725.5439453125,14940000,0.0,0.0
2015-01-02,3779.930809074101,3988.416201421114,3761.801644522187,3906.8349609375,23762000,0.0,0.0
2015-01-02,3906.8352619245943,3906.8352619245943,3698.349853515625,3698.349853515625,12681300,0.0,0.0
2015-01-02,3761.802394829908,3779.9315629977627,3598.6398813192127,3734.608642578125,10934500,0.0,0.0
2015-01-02,3752.737656704215,3924.9647472292877,3716.4793218568316,3897.77099609375,13144800,0.0,0.0
2015-01-02,3943.0937337984483,3961.222900390625,3870.577067429741,3961.222900390625,6384900,0.0,0.0
2015-01-02,3961.222607421875,4224.095503566577,3961.222607421875,4169.7080078125,19464700,0.0,0.0
2015-01-02,4160.643923737282,4160.643923737282,3897.77099609375,3897.77099609375,12314300,0.0,0.0
2015-01-02,3924.9647472292877,3970.2876657885176,3879.641828670058,3897.77099609375,6779600,0.0,0.0
2015-01-02,3897.7713716947114,3943.094294621394,3852.448448768029,3888.706787109375,7778000,0.0,0.0
2015-01-02,3943.0937337984483,4015.610400167155,3897.7708173180063,3961.222900390625,10091900,0.0,0.0
2015-01-02,3988.4171440972223,4097.192157118056,3961.223390842014,4079.06298828125,12372900,0.0,0.0
2015-01-02,4079.0626262796336,4278.483465786638,3997.4813737540408,4205.966796875,27767500,0.0,0.0
2015-01-02,4296.612164572011,4296.612164572011,4079.0621815557065,4169.7080078125,7549300,0.0,0.0
2015-01-02,4187.837500000001,4423.516666666666,4079.0625,4351.0,19524900,0.0,0.0
2015-01-02,4387.258206275202,4600.27590843939,4350.999873991936,4496.033203125,13188900,0.0,0.0
2015-01-02,4532.291531314969,4554.952988971543,4323.80612087448,4360.064453125,7758400,0.0,0.0
2015-01-02,4441.646353105906,4668.2609629582485,4441.646353105906,4450.7109375,12341600,0.0,0.0
2015-01-02,4459.775478078358,4477.904646688433,4215.03170184235,4251.2900390625,14297300,0.0,0.0
2015-01-02,4278.4830488040125,4532.2913652584875,4251.289300612461,4405.38720703125,11123200,0.0,0.0
2015-01-02,4450.710731604064,4645.599287061269,4423.516979679803,4600.2763671875,8577100,0.0,0.0
2015-01-02,4713.58349609375,4804.229332557091,4554.953282282902,4713.58349609375,9687500,0.0,0.0
2015-01-02,4532.292089420996,5234.79736328125,4532.292089420996,5234.79736328125,20590000,0.0,0.0
2015-01-02,5234.798009412042,5393.428252121498,5076.167766702586,5257.45947265625,12373900,0.0,0.0
2015-01-02,5348.104166666667,5756.010416666667,5280.119791666667,5438.75,15655400,0.0,0.0
2015-01-02,5529.3961698887715,5574.719089314089,5257.458653336865,5348.1044921875,11472500,0.0,0.0
2015-01-02,5348.103999660327,5348.103999660327,5144.1508810292125,5212.13525390625,11658700,0.0,0.0
2015-01-02,5302.782399144666,5370.76678887729,5234.798009412042,5257.45947265625,6120400,0.0,0.0
2015-01-02,5257.458657457081,5506.734714491684,5166.812818535407,5280.1201171875,8320400,0.0,0.0
2015-01-02,5325.4428798521585,5348.104338915359,4985.520993904148,5053.50537109375,6278700,0.0,0.0
2015-01-02,5053.505046299526,5234.79670715332,4894.874843052456,5076.16650390625,8695500,0.0,0.0
2015-01-02,5076.167766702586,5302.782399144666,4804.230207772091,5257.45947265625,9442300,0.0,0.0
2015-01-02,5348.1046720805925,5416.089053505346,5053.505685906661,5166.81298828125,5877300,0.0,0.0
2015-01-02,5280.119791666667,5370.765625,5212.135416666667,5370.765625,4956700,0.0,0.0
2015-01-02,5370.76578707655,5438.7501641281515,5257.4584919905465,5393.42724609375,4883600,0.0,0.0
2015-01-02,5370.765625,5370.765625,5030.84375,5030.84375,6677000,0.0,0.0
2015-01-02,5166.812826954846,5257.458666024229,5121.489907420154,5144.1513671875,18565100,0.0,0.0
2015-01-02,5212.135909231086,5212.135909231086,5098.828606856497,5166.81298828125,4753200,0.0,0.0
2015-01-02,5212.135249546596,5212.135249546596,4985.520673479353,5076.16650390625,5321900,0.0,0.0
2015-01-02,5144.151205147262,5189.4741232542865,5098.828287040237,5121.48974609375,7029900,0.0,0.0
2015-01-02,5144.151041666667,5144.151041666667,4985.520833333334,5030.84375,5712100,0.0,0.0
2015-01-02,5076.166996606335,5098.828456412613,4985.521157381222,5008.1826171875,3662300,0.0,0.0
2015-01-02,5008.1826171875,5098.828456412613,4985.521157381222,5008.1826171875,4196000,0.0,0.0
2015-01-02,5076.166830156951,5212.135584536155,5053.50537109375,5053.50537109375,10074500,0.0,0.0
2015-01-02,5076.166830156951,5166.812666409754,5008.182452967349,5053.50537109375,4612500,0.0,0.0
2015-01-02,5053.505528118117,5166.812826954846,5053.505528118117,5144.1513671875,5619900,0.0,0.0
2015-01-02,5212.135571998185,5552.0574571285015,5166.812653980809,5461.41162109375,26215000,0.0,0.0
2015-01-02,5461.412212665265,5914.641441932091,5461.412212665265,5891.97998046875,20560900,0.0,0.0
2015-01-02,5937.302419106792,5982.625338336614,5620.0419844980315,5756.0107421875,13143500,0.0,0.0
2015-01-02,5756.0107421875,5846.656580647145,5710.687822957677,5756.0107421875,5643600,0.0,0.0
2015-01-02,5756.010758329029,5823.995137364411,5461.411782509039,5484.0732421875,10296700,0.0,0.0
2015-01-02,5506.734375,5688.026041666667,5438.75,5438.75,13797400,0.0,0.0
2015-01-02,5484.072916666667,5665.364583333334,5484.072916666667,5574.71875,8974500,0.0,0.0
2015-01-02,5574.718908257164,5756.010580070405,5574.718908257164,5733.34912109375,11167200,0.0,0.0
2015-01-02,5778.673051224064,5823.9959771160175,5552.058421764296,5597.38134765625,12055300,0.0,0.0
2015-01-02,5597.38134765625,5642.704273548204,5552.058421764296,5597.38134765625,7583800,0.0,0.0
2015-01-02,5597.3805365114795,5597.3805365114795,5506.7346978635205,5552.0576171875,9627100,0.0,0.0
2015-01-02,5574.718916137189,5597.380375145876,5393.427244067687,5461.41162109375,10252300,0.0,0.0
2015-01-02,5461.411458333334,5552.057291666667,5393.427083333334,5438.75,17850600,0.0,0.0
2015-01-02,5484.072916666667,5506.734375,5370.765625,5370.765625,10406700,0.0,0.0
2015-01-02,5416.088701091829,5552.057455094134,5370.76578309106,5529.39599609375,19177000,0.0,0.0
2015-01-02,5529.395833333334,5552.057291666667,5438.75,5438.75,10647900,0.0,0.0
2015-01-02,5461.41256998039,5597.38134765625,5461.41256998039,5597.38134765625,10290300,0.0,0.0
2015-01-02,5756.010249968498,5756.010249968498,5552.057130875126,5620.04150390625,12907500,0.0,0.0
2015-01-02,5620.04150390625,5665.364419260332,5552.057130875126,5620.04150390625,5735800,0.0,0.0
2015-01-02,5642.70361328125,5665.365073575552,5506.734851515436,5642.70361328125,10088200,0.0,0.0
2015-01-02,5574.71875,5642.703125,5257.458333333334,5370.765625,14895500,0.0,0.0
2015-01-02,5393.427703125,5665.365234375,5189.4745546875,5665.365234375,13789800,0.0,0.0
2015-01-02,5688.025876937374,5710.687334614415,5574.718588552168,5620.04150390625,5812500,0.0,0.0
2015-01-02,5710.687826817729,5710.687826817729,5620.041988296813,5688.0263671875,6890500,0.0,0.0
2015-01-02,5688.0266953125,5688.0266953125,5620.0423125,5665.365234375,5720300,0.0,0.0
2015-01-02,5665.364907557271,5710.687826817729,5620.041988296813,5688.0263671875,4183600,0.0,0.0
2015-01-02,5710.68798828125,5937.302590990824,5665.365067739335,5710.68798828125,18987200,0.0,0.0
2015-01-02,5710.687334614415,5733.348792291456,5597.380046229208,5620.04150390625,6694800,0.0,0.0
2015-01-02,5665.36573649418,5688.027199440157,5597.38134765625,5597.38134765625,5183600,0.0,0.0
2015-01-02,5620.0423125,5665.365234375,5529.39646875,5665.365234375,6627200,0.0,0.0
2015-01-02,5688.026041666667,5801.333333333334,5688.026041666667,5778.671875,7320600,0.0,0.0
2015-01-02,5778.672375047063,5801.333835341366,5642.70361328125,5642.70361328125,6029000,0.0,0.0
2015-01-02,5597.3805365114795,5688.026375159439,5529.396157525511,5552.0576171875,7761500,0.0,0.0
2015-01-02,5620.041832095287,5620.041832095287,5529.39599609375,5529.39599609375,9272200,0.0,0.0
2015-01-02,5552.057455094134,5620.041832095287,5529.39599609375,5529.39599609375,7839300,0.0,0.0
2015-01-02,5552.0579296875,5665.365234375,5529.39646875,5665.365234375,7022100,0.0,0.0
2015-01-02,5688.026533869854,5756.010914752761,5642.70361328125,5642.70361328125,7278000,0.0,0.0
2015-01-02,5665.365067739335,5823.995289636037,5416.089004758805,5710.68798828125,31163900,0.0,0.0
2015-01-02,5620.0423125,5665.365234375,5529.39646875,5665.365234375,8047900,0.0,0.0
2015-01-02,5710.6875,5756.010416666667,5552.057291666667,5574.71875,10846400,0.0,0.0
2015-01-02,5649.12158203125,5649.12158203125,5557.265946551067,5649.12158203125,7896400,81.0,0.0
2015-01-02,5603.1943359375,5672.086069576076,5465.410868660349,5603.1943359375,8645300,0.0,0.0
2015-01-02,5557.266071084105,5580.22998046875,5488.374342930169,5580.22998046875,3036000,0.0,0.0
2015-01-02,5580.229773736769,5740.977133474042,5580.229773736769,5695.04931640625,6225500,0.0,0.0
2015-01-02,5649.121838378906,5672.085748291016,5511.33837890625,5511.33837890625,7357900,0.0,0.0
2015-01-02,5465.4107666015625,5465.4107666015625,5143.916015625,5143.916015625,11455300,0.0,0.0
2015-01-02,4799.457322977357,5442.446820792506,4799.457322977357,5419.48291015625,11327900,0.0,0.0
2015-01-02,5511.3380481350805,5695.04931640625,5419.482413999496,5695.04931640625,10704900,0.0,0.0
2015-01-02,5695.049614237552,5718.01352397238,5534.30224609375,5534.30224609375,5023100,0.0,0.0
2015-01-02,5534.30228881836,5603.194018554687,5465.410559082032,5511.33837890625,2218000,0.0,0.0
2015-01-02,5465.410516889264,5580.230065563408,5465.410516889264,5534.30224609375,2905800,0.0,0.0
2015-01-02,5511.339197834646,5832.833984375,5442.447457861713,5832.833984375,14418200,0.0,0.0
2015-01-02,5786.904950541834,5786.904950541834,5580.229773736769,5695.04931640625,4964000,0.0,0.0
2015-01-02,5511.338336358921,5603.193975298236,5511.338336358921,5534.30224609375,2981200,0.0,0.0
2015-01-02,5649.122158363217,5649.122158363217,5488.3747798732065,5603.1943359375,6612300,0.0,0.0
2015-01-02,5534.302463337526,5557.266373973782,5258.735535702463,5419.48291015625,6913300,0.0,0.0
2015-01-02,5511.338252314815,5580.22998046875,5419.482614776235,5580.22998046875,5255900,0.0,0.0
2015-01-02,5626.158016429228,5649.121926700368,5465.41064453125,5465.41064453125,3453100,0.0,0.0
2015-01-02,5465.410955255682,5534.302689985796,5258.735751065341,5304.66357421875,6060400,0.0,0.0
2015-01-02,5304.663258018998,5373.5549886426215,5166.879796771751,5212.8076171875,5887100,0.0,0.0
2015-01-02,5281.700102707436,5350.591843177533,5212.808362237339,5327.6279296875,7610100,0.0,0.0
2015-01-02,5327.627575736899,5350.591487701283,5166.880191986217,5258.73583984375,4640300,0.0,0.0
2015-01-02,5258.735309103261,5304.663128396739,5189.843580163044,5281.69921875,2463400,0.0,0.0
2015-01-02,5373.555399665666,5396.519311630049,5258.73583984375,5258.73583984375,4637800,0.0,0.0
2015-01-02,5258.735535702463,5419.48291015625,5235.771625066208,5419.48291015625,4835400,0.0,0.0
2015-01-02,5419.482739257813,5511.33837890625,5350.591009521485,5511.33837890625,4010200,0.0,0.0
2015-01-02,5488.37455480239,5511.33846507353,5396.518913717831,5465.41064453125,3136400,0.0,0.0
2015-01-02,5511.3384218096235,5511.3384218096235,5419.48278144613,5488.37451171875,1911000,0.0,0.0
2015-01-02,5488.37455480239,5488.37455480239,5396.518913717831,5465.41064453125,2961300,0.0,0.0
2015-01-02,5465.4106016278765,5534.302331900497,5419.48278144613,5488.37451171875,6047800,0.0,0.0
2015-01-02,5488.374274912821,5511.338184012876,5327.626911212446,5350.5908203125,3991400,0.0,0.0
2015-01-02,5373.555003446691,5465.41064453125,5350.591093175552,5465.41064453125,2270800,0.0,0.0
2015-01-02,5511.338336358921,5534.30224609375,5442.446607154435,5534.30224609375,3632200,0.0,0.0
2015-01-02,5511.33837890625,5534.30228881836,5419.482739257813,5511.33837890625,2193800,0.0,0.0
2015-01-02,5511.3384218096235,5534.302331900497,5465.4106016278765,5488.37451171875,2784700,0.0,0.0
2015-01-02,5465.410559082032,5511.33837890625,5373.554919433594,5511.33837890625,3552500,0.0,0.0
2015-01-02,5511.33837890625,5511.33837890625,5396.518829345703,5511.33837890625,3171000,0.0,0.0
2015-01-02,5511.338508702532,5511.338508702532,5419.482866890823,5442.44677734375,3190800,0.0,0.0
2015-01-02,5419.482997796474,5419.482997796474,5281.699531750801,5373.55517578125,6700600,0.0,0.0
2015-01-02,5350.5908203125,5396.518638512607,5235.771274812231,5350.5908203125,5970400,0.0,0.0
2015-01-02,5396.518913717831,5488.37455480239,5373.555003446691,5465.41064453125,5199600,0.0,0.0
2015-01-02,5465.410819811698,5488.374730819311,5373.55517578125,5373.55517578125,3066100,0.0,0.0
2015-01-02,5396.5193457031255,5740.97802734375,5396.5193457031255,5740.97802734375,14381100,0.0,0.0
2015-01-02,5763.941675186157,5878.76123046875,5603.194297790527,5878.76123046875,11694600,0.0,0.0
2015-01-02,5924.689052581787,5947.652963638306,5672.086030960083,5878.76123046875,5461000,0.0,0.0
2015-01-02,5970.616880266854,6131.3642578125,5878.761235955057,6131.3642578125,9643200,0.0,0.0
2015-01-02,6223.219363995452,6246.183273087687,6039.5080912575795,6154.32763671875,5133000,0.0,0.0
2015-01-02,6131.363603767873,6223.21923828125,5970.616243369465,6223.21923828125,8293900,0.0,0.0
2015-01-02,6154.3277211583645,6200.255539972979,6085.435992936443,6108.39990234375,4792600,0.0,0.0
2015-01-02,6200.255329652906,6223.21923828125,6154.327512396218,6223.21923828125,5389000,0.0,0.0
2015-01-02,6223.219363995452,6223.219363995452,6085.435909442048,6154.32763671875,4720800,0.0,0.0
2015-01-02,6085.435711506226,6154.327436542146,5970.616169779693,5993.580078125,8530500,0.0,0.0
2015-01-02,5993.580785751343,5993.580785751343,5878.76123046875,5878.76123046875,6243000,0.0,0.0
2015-01-02,5901.725495445222,6016.545057613417,5901.725495445222,5947.6533203125,2922500,0.0,0.0
2015-01-02,5947.6523853863855,6016.544111858043,5924.6884765625,5924.6884765625,5414900,0.0,0.0
2015-01-02,5947.653098366477,6062.47265625,5947.653098366477,6062.47265625,6134900,0.0,0.0
2015-01-02,6154.328117400291,6177.292028286113,5901.72509765625,5901.72509765625,11187000,0.0,0.0
2015-01-02,5901.725232163915,6085.4365234375,5901.725232163915,6085.4365234375,4883800,0.0,0.0
2015-01-02,6154.328485576923,6154.328485576923,5970.6171875,5970.6171875,11818400,0.0,0.0
2015-01-02,5970.616440007716,6016.544258777007,5557.266071084105,5580.22998046875,35802600,0.0,0.0
2015-01-02,5695.049592391304,5832.833050271739,5603.193953804348,5809.869140625,10939900,0.0,0.0
2015-01-02,5809.868932443072,5970.616294210271,5786.905023619186,5924.6884765625,14546700,0.0,0.0
2015-01-02,5924.688688858696,5947.652598505435,5786.905230978261,5809.869140625,8502400,0.0,0.0
2015-01-02,5809.869540824142,5901.725185738358,5786.905629595588,5855.79736328125,5541200,0.0,0.0
2015-01-02,5855.797002883185,5901.724822513641,5695.0496341765875,5786.9052734375,11061100,0.0,0.0
2015-01-02,5786.905586242676,5901.725141525269,5740.977764129639,5878.76123046875,9198600,0.0,0.0
2015-01-02,5878.7609126984125,5924.688732328869,5786.9052734375,5786.9052734375,7458400,0.0,0.0
2015-01-02,5809.869226220119,5832.8331362051795,5740.97749626494,5763.94140625,4131700,0.0,0.0
2015-01-02,5786.905717329546,6062.47265625,5740.977894176137,6062.47265625,16326900,0.0,0.0
2015-01-02,6085.436830201557,6177.29248046875,5924.689442233968,6177.29248046875,15557300,0.0,0.0
2015-01-02,6223.219822474888,6521.75066266741,6108.4002685546875,6429.89501953125,25621800,0.0,0.0
2015-01-02,6452.8586978216235,6521.750427691605,6131.363958428376,6292.111328125,8973400,0.0,0.0
2015-01-02,6292.111772017046,6315.07568359375,6062.47265625,6062.47265625,15912400,0.0,0.0
2015-01-02,6108.400310119848,6521.75070704525,6108.400310119848,6406.93115234375,12791900,0.0,0.0
2015-01-02,6383.966815231438,6429.8946340460525,6062.4720835291355,6108.39990234375,7933200,0.0,0.0
2015-01-02,6108.400479403409,6269.147860440341,5763.941805752841,6062.47265625,7224400,0.0,0.0
2015-01-02,6062.471877882841,6246.183146909594,5947.652334741121,6223.21923828125,6301400,0.0,0.0
2015-01-02,6246.183948863637,6292.111772017046,5993.580921519887,6062.47265625,7087700,0.0,0.0
2015-01-02,6062.47180316092,6085.435711506226,5809.868811362548,5993.580078125,11367200,0.0,0.0
2015-01-02,5993.581145179778,6016.545057613417,5786.9059332770275,5947.6533203125,5616100,0.0,0.0
2015-01-02,5947.6533203125,6039.508970047056,5855.797670577945,5947.6533203125,5835500,0.0,0.0
2015-01-02,5970.616830313716,6131.3642065144695,5786.90554322714,5901.72509765625,10127700,0.0,0.0
2015-01-02,5947.652919427894,5993.580741199537,5855.797275884606,5901.72509765625,7026200,0.0,0.0
2015-01-02,5970.6163639808765,6154.32763671875,5924.688545796408,6154.32763671875,10681000,0.0,0.0
2015-01-02,6154.328485576923,6338.039783653846,5970.6171875,5970.6171875,14068500,0.0,0.0
2015-01-02,5970.616874694824,6039.50860786438,5878.76123046875,5878.76123046875,7443800,0.0,0.0
2015-01-02,5947.652919427894,5970.616830313716,5832.8333649987835,5901.72509765625,6952600,0.0,0.0
2015-01-02,5924.688627085291,6383.966815231438,5901.724717677984,6108.39990234375,27207900,0.0,0.0
2015-01-02,6154.3282576650945,6200.25608048349,5970.616966391509,6085.4365234375,7225500,0.0,0.0
2015-01-02,6085.436435656601,6131.3642578125,5924.689058110956,6131.3642578125,7290000,0.0,0.0
2015-01-02,6131.3642065144695,6154.328117400291,5901.72509765625,5901.72509765625,8011800,0.0,0.0
2015-01-02,5901.725141525269,5970.616874694824,5878.76123046875,5878.76123046875,7249400,0.0,0.0
2015-01-02,5901.7257243479335,5947.653550996555,5832.833984375,5832.833984375,7455400,0.0,0.0
2015-01-02,5832.833984375,6016.545290969489,5832.833984375,5832.833984375,20702100,0.0,0.0
2015-01-02,5924.689637672244,5924.689637672244,5649.122677780512,5832.833984375,10594900,0.0,0.0
2015-01-02,5832.832767609627,5878.7605846774195,5649.121499338457,5695.04931640625,11080000,0.0,0.0
2015-01-02,5695.04993622449,5718.013847257653,5511.338647959184,5626.158203125,7389100,0.0,0.0
2015-01-02,5580.230978077856,5626.15880505792,5327.6279296875,5327.6279296875,9385000,0.0,0.0
2015-01-02,5396.518766983696,5534.302224864131,5281.69921875,5281.69921875,13914000,0.0,0.0
2015-01-02,5327.627401383197,5763.94171442751,5166.880022893187,5603.1943359375,13204900,0.0,0.0
2015-01-02,5603.194018554687,5649.121838378906,5419.482739257813,5511.33837890625,5620200,0.0,0.0
2015-01-02,5534.302689985796,5580.230513139205,5304.66357421875,5304.66357421875,9281500,0.0,0.0
2015-01-02,5350.591397372159,5419.483132102273,5235.771839488636,5304.66357421875,7795600,0.0,0.0
2015-01-02,5327.62731050532,5442.446864611037,5281.6994888630325,5396.51904296875,6461400,0.0,0.0
2015-01-02,5442.446820792506,5511.3385527012715,5396.518999519994,5419.48291015625,6065700,0.0,0.0
2015-01-02,5465.41073142876,5511.3385527012715,5373.55508888374,5419.48291015625,7001400,0.0,0.0
2015-01-02,5442.44673426011,5465.41064453125,5327.627182904412,5465.41064453125,2758500,0.0,0.0
2015-01-02,5557.266071084105,5580.22998046875,5488.374342930169,5580.22998046875,5543000,0.0,0.0
2015-01-02,5603.194292091836,5695.04993622449,5557.26647002551,5626.158203125,6609800,0.0,0.0
2015-01-02,5672.085682744565,5832.833050271739,5603.193953804348,5809.869140625,9410000,0.0,0.0
2015-01-02,5832.832767609627,5832.832767609627,5649.121499338457,5695.04931640625,6704900,0.0,0.0
2015-01-02,5672.085618007331,5786.905164930556,5557.266071084105,5580.22998046875,7223700,0.0,0.0
2015-01-02,5580.229773736769,5718.013224940146,5580.229773736769,5695.04931640625,4668300,0.0,0.0
2015-01-02,5695.049747242647,5740.977567784927,5442.44673426011,5465.41064453125,9974800,0.0,0.0
2015-01-02,5488.374866832386,5603.194424715909,5488.374866832386,5557.2666015625,5244200,0.0,0.0
2015-01-02,5557.2666015625,5649.122247869318,5534.302689985796,5557.2666015625,4761100,0.0,0.0
2015-01-02,5626.158247150359,5672.086069576076,5580.230424724641,5603.1943359375,5137700,0.0,0.0
2015-01-02,5511.338128810976,5649.12158203125,5488.37421994093,5649.12158203125,9548500,0.0,0.0
2015-01-02,5786.9058515625,5786.9058515625,5626.1584667968755,5740.97802734375,6003300,0.0,0.0
2015-01-02,5763.941363622272,5832.833093067957,5718.013543991816,5786.9052734375,6377900,0.0,0.0
2015-01-02,5809.869540824142,5878.761274509804,5695.049984681373,5855.79736328125,5210700,0.0,0.0
2015-01-02,5855.797002883185,5878.7609126984125,5740.977453807044,5786.9052734375,5822300,0.0,0.0
2015-01-02,5740.978331077757,5970.617464320867,5626.158764456201,5832.833984375,13936800,0.0,0.0
2015-01-02,5855.797002883185,5878.7609126984125,5718.013543991816,5786.9052734375,7353300,0.0,0.0
2015-01-02,5878.761363636364,6269.147860440341,5763.941805752841,6062.47265625,29855200,0.0,0.0
2015-01-02,6062.472228558394,6361.003057994982,6016.5444086450725,6292.111328125,19268900,0.0,0.0
2015-01-02,6361.002690051315,6361.002690051315,6177.291421024562,6223.21923828125,8364300,0.0,0.0
2015-01-02,6223.219449380287,6246.183358787594,6062.4720835291355,6108.39990234375,5236300,0.0,0.0
2015-01-02,6108.399818534282,6246.183273087687,6062.472000349813,6154.32763671875,5323300,0.0,0.0
2015-01-02,6177.291545810984,6246.183273087687,6062.472000349813,6154.32763671875,5599800,0.0,0.0
2015-01-02,6154.328038194444,6246.183680555556,6154.328038194444,6200.255859375,8356100,0.0,0.0
2015-01-02,6177.292085277091,6429.895107351619,6154.328174179406,6383.96728515625,21133200,0.0,0.0
2015-01-02,6383.966967951642,6383.966967951642,6246.183508211679,6292.111328125,5560500,0.0,0.0
2015-01-02,6223.21923828125,6338.038781422971,6223.21923828125,6223.21923828125,4511500,0.0,0.0
2015-01-02,6200.255329652906,6315.074872794627,6108.399695139529,6223.21923828125,6966500,0.0,0.0
2015-01-02,6223.219598255018,6361.003057994982,6177.291778341697,6292.111328125,8103200,0.0,0.0
2015-01-02,6361.003506747159,6361.003506747159,6246.183948863637,6315.07568359375,7849100,0.0,0.0
2015-01-02,6338.039552482578,6705.462135235191,6315.07564106054,6590.642578125,18683300,0.0,0.0
2015-01-02,6521.750713900862,6774.353734509698,6406.931159078664,6659.5341796875,12779500,0.0,0.0
2015-01-02,6659.534127371652,6659.534127371652,6292.111554827009,6429.89501953125,11095400,0.0,0.0
2015-01-02,6338.039419522849,6475.82288516465,6315.0755085825485,6406.93115234375,7647100,0.0,0.0
2015-01-02,6567.678800341109,6613.606624119719,6429.895329005281,6521.7509765625,7451700,0.0,0.0
2015-01-02,6567.678395805629,6590.642306280474,6429.89493295656,6475.82275390625,3513200,0.0,0.0
2015-01-02,6475.82258317854,6590.642132525678,6361.003033831404,6567.67822265625,6235500,0.0,0.0
2015-01-02,6613.60617270318,6705.461813990724,6452.858800449978,6498.78662109375,5069700,0.0,0.0
2015-01-02,6498.786386648239,6544.714205635153,6315.075110700586,6361.0029296875,5767000,0.0,0.0
2015-01-02,6383.967197963169,6544.714573451451,6383.967197963169,6429.89501953125,7317100,0.0,0.0
2015-01-02,6429.89501953125,6498.786751883371,6383.967197963169,6429.89501953125,6945900,0.0,0.0
2015-01-02,6429.894763439685,6636.569952264533,6429.894763439685,6567.67822265625,3046700,0.0,0.0
2015-01-02,6567.678178553428,7210.667650579638,6567.678178553428,7118.81201171875,20806700,0.0,0.0
2015-01-02,7118.813034106998,7141.776947120247,6843.246077948018,7095.84912109375,8167200,0.0,0.0
2015-01-02,7095.848405592513,7118.812316290223,6889.173209313119,6958.06494140625,2565800,0.0,0.0
2015-01-02,6889.172643442623,7118.811731557376,6889.172643442623,7003.9921875,3890500,0.0,0.0
2015-01-02,6981.028939991695,7072.884583938953,6866.20938505762,6912.13720703125,4015700,0.0,0.0
2015-01-02,6912.1372952158235,7003.992940334971,6774.353827537103,6866.20947265625,5487500,0.0,0.0
2015-01-02,6912.13712001083,7141.776226987933,6843.245387917698,6958.06494140625,6556900,0.0,0.0
2015-01-02,6981.029257015306,7003.993169044961,6613.606664540816,6751.39013671875,8344300,0.0,0.0
2015-01-02,6728.425617301551,6728.425617301551,6292.111328125,6292.111328125,11171200,0.0,0.0
2015-01-02,6292.111470107491,6475.82275390625,6223.219738682957,6475.82275390625,8698700,0.0,0.0
2015-01-02,6521.750842108243,6521.750842108243,6292.111727949502,6338.03955078125,3868000,0.0,0.0
2015-01-02,6567.678395805629,6613.606216755319,6338.039291057181,6475.82275390625,8700400,0.0,0.0
2015-01-02,6429.89501953125,6521.75066266741,6200.255911690848,6429.89501953125,6338900,0.0,0.0
2015-01-02,6406.930921617445,6475.822651957417,6246.183550824176,6269.1474609375,2899200,0.0,0.0
2015-01-02,6315.075412326389,6452.858875868055,6154.328038194444,6200.255859375,7111500,0.0,0.0
2015-01-02,6200.25608048349,6361.003460347877,5993.580877800708,6085.4365234375,9094200,0.0,0.0
2015-01-02,6154.328302556818,6154.328302556818,5993.580921519887,6062.47265625,4261500,0.0,0.0
2015-01-02,6062.47265625,6177.292214133523,6016.544833096591,6062.47265625,4132000,0.0,0.0
2015-01-02,6062.472524578652,6131.3642578125,6016.544702422753,6131.3642578125,2814100,0.0,0.0
2015-01-02,6200.25598526001,6200.25598526001,5878.76123046875,5878.76123046875,5741700,0.0,0.0
2015-01-02,5809.869801682692,5970.6171875,5786.905889423077,5970.6171875,5866700,0.0,0.0
2015-01-02,5947.652642144098,5970.616551959326,5626.157904730903,5786.9052734375,4613800,0.0,0.0
2015-01-02,5740.978064903847,5970.6171875,5718.014152644231,5970.6171875,4667500,0.0,0.0
2015-01-02,5970.616551959326,5970.616551959326,5695.0496341765875,5786.9052734375,3721400,0.0,0.0
2015-01-02,5718.01416015625,5786.905897025602,5695.050247866466,5718.01416015625,2214700,0.0,0.0
2015-01-02,5740.977803214651,5786.905625640369,5534.302602298924,5603.1943359375,6994000,0.0,0.0
2015-01-02,5649.121872763598,6154.327893905057,5626.157962711713,6016.54443359375,24246400,0.0,0.0
2015-01-02,6200.255454903218,6223.219363995452,6016.544182165345,6154.32763671875,7865700,0.0,0.0
2015-01-02,6108.400217013889,6200.255859375,5993.5806640625,6200.255859375,3798300,0.0,0.0
2015-01-02,6200.255730597528,6338.039191277473,6108.4000901442305,6269.1474609375,6034100,0.0,0.0
2015-01-02,6269.147776285807,6613.6064453125,6131.36430867513,6613.6064453125,7378200,0.0,0.0
2015-01-02,6590.642306280474,6590.642306280474,6383.967112006871,6475.82275390625,7903500,0.0,0.0
2015-01-02,6475.823152783891,6521.7509765625,6383.967505226673,6521.7509765625,3809000,0.0,0.0
2015-01-02,6521.750800238715,6682.498179117838,6429.895155164931,6613.6064453125,6623900,0.0,0.0
2015-01-02,6613.605789811644,6751.389243766053,6452.858426864833,6705.46142578125,5108500,0.0,0.0
2015-01-02,6705.461948939732,6728.425859723772,6429.89501953125,6429.89501953125,4347400,0.0,0.0
2015-01-02,6429.895196444746,6498.7869306923685,6223.2199937018795,6338.03955078125,5290100,0.0,0.0
2015-01-02,6338.039129336978,6383.9669491147815,5993.580481003446,6039.50830078125,6757100,0.0,0.0
2015-01-02,6039.508613500702,6154.32816889045,5970.616880266854,6131.3642578125,6821800,0.0,0.0
2015-01-02,6108.400295628648,6131.3642065144695,5878.761186770428,5901.72509765625,6974800,0.0,0.0
2015-01-02,5878.76123046875,5970.616874694824,5832.833408355713,5878.76123046875,3468000,0.0,0.0
2015-01-02,5878.761274509804,5970.616919424019,5672.086073452819,5855.79736328125,19036400,0.0,0.0
2015-01-02,5557.26613451087,5970.616508152174,5557.26613451087,5809.869140625,6501800,0.0,0.0
2015-01-02,5832.8337216051705,5924.689370764307,5718.01416015625,5718.01416015625,5479500,0.0,0.0
2015-01-02,5740.977453807044,5878.7609126984125,5740.977453807044,5786.9052734375,3801700,0.0,0.0
2015-01-02,5786.905035251524,5855.796761861662,5626.157673161204,5649.12158203125,3798800,0.0,0.0
2015-01-02,5695.049980788935,5718.0138920017935,5557.266513511783,5603.1943359375,5020900,0.0,0.0
2015-01-02,5695.049614237552,5718.01352397238,5534.30224609375,5534.30224609375,4507000,0.0,0.0
2015-01-02,5580.230085100447,5832.833093067957,5557.266175285218,5786.9052734375,5774500,0.0,0.0
2015-01-02,5809.869763671875,5855.797587890625,5580.230642578125,5740.97802734375,7145900,0.0,0.0
2015-01-02,5786.9052734375,5832.833093067957,5695.0496341765875,5786.9052734375,3881400,0.0,0.0
2015-01-02,5878.761186770428,5970.616830313716,5832.8333649987835,5901.72509765625,5381700,0.0,0.0
2015-01-02,5970.616874694824,5970.616874694824,5786.905586242676,5878.76123046875,5424000,0.0,0.0
2015-01-02,5924.689143573113,6085.4365234375,5878.7613207547165,6085.4365234375,4176300,0.0,0.0
2015-01-02,6131.363727626515,6154.32763671875,5924.688545796408,6154.32763671875,3734800,0.0,0.0
2015-01-02,6154.328163146973,6154.328163146973,5832.833408355713,5878.76123046875,8363600,0.0,0.0
2015-01-02,5855.796959918478,5855.796959918478,5695.049592391304,5809.869140625,6411000,0.0,0.0
2015-01-02,5855.797021670033,6039.50830078125,5855.797021670033,6039.50830078125,4063300,0.0,0.0
2015-01-02,6062.472518920898,6062.472518920898,5878.76123046875,5878.76123046875,4178700,0.0,0.0
2015-01-02,5878.76123046875,5947.652963638306,5718.01385307312,5878.76123046875,3589000,0.0,0.0
2015-01-02,5786.905586242676,5924.689052581787,5786.905586242676,5878.76123046875,2272800,0.0,0.0
2015-01-02,5924.689052581787,5924.689052581787,5832.833408355713,5878.76123046875,3678200,0.0,0.0
2015-01-02,5901.7245677386145,6085.435838329699,5901.7245677386145,5924.6884765625,4247000,0.0,0.0
2015-01-02,5993.580203034157,6016.544111858043,5809.868932443072,5924.6884765625,4309100,0.0,0.0
2015-01-02,5924.6884765625,5970.616294210271,5832.832841266957,5924.6884765625,5697600,0.0,0.0
2015-01-02,5924.689370764307,5924.689370764307,5649.122423286897,5718.01416015625,9253900,0.0,0.0
2015-01-02,5740.977453807044,5832.833093067957,5718.013543991816,5786.9052734375,4023300,0.0,0.0
2015-01-02,5809.869763671875,5832.83367578125,5718.014115234375,5740.97802734375,3102100,0.0,0.0
2015-01-02,5740.977411684783,5878.760869565217,5740.977411684783,5809.869140625,3784200,0.0,0.0
2015-01-02,5832.833452052696,5901.725185738358,5809.869540824142,5855.79736328125,5097800,0.0,0.0
2015-01-02,5901.725135522959,5947.6529575892855,5626.158203125,5626.158203125,5840500,0.0,0.0
2015-01-02,5672.08598879803,5901.72509765625,5672.08598879803,5901.72509765625,4900700,0.0,0.0
2015-01-02,5901.724822513641,5924.688732328869,5740.977453807044,5786.9052734375,5521100,0.0,0.0
2015-01-02,5821.507707595825,5985.16455078125,5821.507707595825,5985.16455078125,2267000,112.0,0.0
2015-01-02,5961.784951171875,5985.1645,5821.507658203125,5844.88720703125,4170400,0.0,0.0
2015-01-02,5891.645625945061,5891.645625945061,5751.368349136845,5798.12744140625,3648600,0.0,0.0
2015-01-02,5798.128083881579,5821.5076326069075,5727.989437705592,5774.74853515625,1573800,0.0,0.0
2015-01-02,5798.127901785714,5798.127901785714,5657.850613839286,5727.9892578125,2608900,0.0,0.0
2015-01-02,5727.9892578125,5798.127901785714,5704.609709821429,5727.9892578125,3105300,0.0,0.0
2015-01-02,5704.609142485119,5891.6455078125,5704.609142485119,5891.6455078125,5361400,0.0,0.0
2015-01-02,5891.645843626482,5915.025390625,5798.127655632411,5915.025390625,3470100,0.0,0.0
2015-01-02,5915.025121881056,6078.681943435077,5868.266030008479,6031.9228515625,7814700,0.0,0.0
2015-01-02,6031.923520132212,6265.719005408654,6031.923520132212,6078.6826171875,13761900,0.0,0.0
2015-01-02,6078.6826171875,6148.821262770432,6008.543971604568,6078.6826171875,2850400,0.0,0.0
2015-01-02,6125.441740434886,6218.959934945342,6125.441740434886,6148.8212890625,5114800,0.0,0.0
2015-01-02,6148.8206491181345,6218.959287701231,6008.5433719519415,6172.2001953125,6225000,0.0,0.0
2015-01-02,6218.959287701231,6218.959287701231,6031.922918146307,6172.2001953125,4143200,0.0,0.0
2015-01-02,6195.580386317728,6195.580386317728,6008.543997296816,6148.8212890625,3052900,0.0,0.0
2015-01-02,6078.681977370689,6125.441069504311,6008.543339170258,6102.0615234375,2259600,0.0,0.0
2015-01-02,6125.441102923769,6172.2001953125,6102.0615567294035,6172.2001953125,4081400,0.0,0.0
2015-01-02,6172.200942993164,6172.200942993164,5938.4054527282715,5985.16455078125,12529200,0.0,0.0
2015-01-02,5985.164031620553,6031.923125617589,5891.645843626482,5915.025390625,2821900,0.0,0.0
2015-01-02,5915.025903701782,5985.16455078125,5844.887256622314,5985.16455078125,3645900,0.0,0.0
2015-01-02,5985.1643968871595,6031.9234937378405,5915.025751611138,6008.5439453125,4096000,0.0,0.0
2015-01-02,6008.543578619071,6008.543578619071,5915.025390625,5915.025390625,2554800,0.0,0.0
2015-01-02,5915.025697989293,5985.164342629482,5844.887053349104,5868.2666015625,4696200,0.0,0.0
2015-01-02,5868.266419192394,5868.266419192394,5704.609586784639,5821.50732421875,11592900,0.0,0.0
2015-01-02,5821.5070023970175,6172.2001953125,5751.36836381392,6172.2001953125,14447600,0.0,0.0
2015-01-02,6172.200711025281,6265.718903616573,6031.923422138343,6242.33935546875,5451100,0.0,0.0
2015-01-02,6218.959287701231,6218.959287701231,6031.922918146307,6172.2001953125,3497500,0.0,0.0
2015-01-02,6172.2001953125,6312.477472478693,6148.8206491181345,6172.2001953125,4192400,0.0,0.0
2015-01-02,6172.2001953125,6265.718380089962,6078.682010535038,6172.2001953125,4378900,0.0,0.0
2015-01-02,6172.200500954198,6218.959595658397,6031.923216841603,6125.44140625,4216600,0.0,0.0
2015-01-02,6078.682074652777,6312.4775390625,6031.922981770833,6312.4775390625,9478500,0.0,0.0
2015-01-02,6312.477883731618,6312.477883731618,5938.4051202512255,5961.78466796875,5461300,0.0,0.0
2015-01-02,5961.784874549279,6078.6826171875,5891.646228966346,6078.6826171875,3866600,0.0,0.0
2015-01-02,6102.0618588979005,6172.200500954198,5985.164122137405,6125.44140625,4342400,0.0,0.0
2015-01-02,6148.8206155711205,6172.200161637931,6078.681977370689,6102.0615234375,1977300,0.0,0.0
2015-01-02,6078.682010535038,6172.2001953125,5985.163825757576,6172.2001953125,3600600,0.0,0.0
2015-01-02,6172.200161637931,6172.200161637931,5961.784247036638,6102.0615234375,4698700,0.0,0.0
2015-01-02,6078.682746887207,6078.682746887207,5915.025903701782,5985.16455078125,3266400,0.0,0.0
2015-01-02,5915.025903701782,6031.9236488342285,5868.266805648804,5985.16455078125,3455100,0.0,0.0
2015-01-02,5985.1643968871595,6031.9234937378405,5915.025751611138,6008.5439453125,4317700,0.0,0.0
2015-01-02,5985.1645,5985.1645,5798.128109374999,5844.88720703125,7442900,0.0,0.0
2015-01-02,5844.886749629447,5938.404937623518,5844.886749629447,5915.025390625,7560900,0.0,0.0
2015-01-02,5891.6459365472565,5915.025483914507,5751.36865234375,5751.36865234375,10264600,0.0,0.0
2015-01-02,5798.128109374999,5938.40540234375,5774.748560546875,5844.88720703125,10101200,0.0,0.0
2015-01-02,5891.645966679217,6031.92325160015,5798.127776731928,5821.50732421875,13945900,0.0,0.0
2015-01-02,5891.6455078125,5938.404599144345,5821.506870814732,5891.6455078125,7922100,0.0,0.0
2015-01-02,5891.6455078125,5915.025053478423,5844.886416480655,5891.6455078125,4604000,0.0,0.0
2015-01-02,5891.646203185797,6031.9234937378405,5891.646203185797,6008.5439453125,11437100,0.0,0.0
2015-01-02,6031.9234937378405,6055.30304216318,5938.405300036478,6008.5439453125,6014700,0.0,0.0
2015-01-02,6031.9236488342285,6102.062295913696,5938.4054527282715,5985.16455078125,8468400,0.0,0.0
2015-01-02,6055.3030150406,6078.68256336122,5868.26662847564,5938.4052734375,8058900,0.0,0.0
2015-01-02,5938.4052734375,6031.92346671998,5891.646176796259,5938.4052734375,9070400,0.0,0.0
2015-01-02,5985.1643968871595,6008.5439453125,5915.025751611138,6008.5439453125,6136700,0.0,0.0
2015-01-02,6031.923520132212,6125.441714242788,5961.784874549279,6078.6826171875,12349600,0.0,0.0
2015-01-02,6055.3030150406,6055.3030150406,5891.646176796259,5938.4052734375,7663200,0.0,0.0
2015-01-02,5938.405061652861,5961.784609139683,5821.50732421875,5821.50732421875,8563400,0.0,0.0
2015-01-02,5868.2666015625,5891.646149775896,5821.507505135707,5868.2666015625,5456500,0.0,0.0
2015-01-02,5915.025572533701,5961.78466796875,5868.266477098652,5961.78466796875,8036500,0.0,0.0
2015-01-02,5961.784264349169,5961.784264349169,5774.747895271547,5798.12744140625,9596900,0.0,0.0
2015-01-02,5844.886533675655,5844.886533675655,5751.368349136845,5798.12744140625,8898100,0.0,0.0
2015-01-02,5798.12744140625,5868.266079810358,5798.12744140625,5798.12744140625,5710400,0.0,0.0
2015-01-02,5798.127901785714,5844.886997767857,5704.609709821429,5727.9892578125,9746700,0.0,0.0
2015-01-02,5727.989437705592,5798.128083881579,5681.230340254934,5774.74853515625,6542900,0.0,0.0
2015-01-02,5798.128083881579,5821.5076326069075,5751.368986430921,5774.74853515625,2945400,0.0,0.0
2015-01-02,5798.127776731928,5821.50732421875,5704.609586784639,5821.50732421875,5442400,0.0,0.0
2015-01-02,5821.5076326069075,5844.887181332237,5751.368986430921,5774.74853515625,4727300,0.0,0.0
2015-01-02,5798.1277470782525,5821.507294445503,5751.36865234375,5751.36865234375,3915100,0.0,0.0
2015-01-02,5751.36896052126,5774.7485091412655,5681.230314661245,5704.60986328125,9942500,0.0,0.0
2015-01-02,5751.36896052126,5751.36896052126,5681.230314661245,5704.60986328125,3805300,0.0,0.0
2015-01-02,5681.230133813275,5727.989229564824,5634.471038061725,5657.8505859375,8012300,0.0,0.0
2015-01-02,5657.8504979211375,5657.8504979211375,5424.0550228004295,5447.4345703125,17155700,0.0,0.0
2015-01-02,5470.813877723029,5657.850249610996,5447.434331237033,5634.470703125,13367100,0.0,0.0
2015-01-02,5657.850402832031,5657.850402832031,5494.193572998047,5611.09130859375,8047900,0.0,0.0
2015-01-02,5587.712197849893,5587.712197849893,5447.4349041800215,5470.814453125,10295500,0.0,0.0
2015-01-02,5517.5734227284665,5611.0916163340335,5494.193874327075,5564.33251953125,8037100,0.0,0.0
2015-01-02,5564.332183709124,5611.091277689873,5517.573089728376,5540.95263671875,5378300,0.0,0.0
2015-01-02,5540.9527898238875,5587.7118850966635,5517.5732421875,5517.5732421875,3511500,0.0,0.0
2015-01-02,5564.332214355469,5657.850402832031,5517.5731201171875,5611.09130859375,6709300,0.0,0.0
2015-01-02,5611.091277689873,5634.4708246802475,5540.95263671875,5540.95263671875,2954400,0.0,0.0
2015-01-02,5540.952760360784,5564.3323078728545,5400.675475288359,5447.4345703125,7930400,0.0,0.0
2015-01-02,5447.434853001645,5447.434853001645,5330.537109375,5330.537109375,6710900,0.0,0.0
2015-01-02,5353.916319042567,5681.22998046875,5353.916319042567,5681.22998046875,24799500,0.0,0.0
2015-01-02,5657.850371670623,5657.850371670623,5470.813995747627,5540.95263671875,5737500,0.0,0.0
2015-01-02,5540.953022941214,5704.60986328125,5494.193925701204,5704.60986328125,10348100,0.0,0.0
2015-01-02,5704.609652850419,5704.609652850419,5564.332366304917,5587.7119140625,5878100,0.0,0.0
2015-01-02,5611.091277689873,5657.850371670623,5470.813995747627,5540.95263671875,8313400,0.0,0.0
2015-01-02,5540.952760360784,5564.3323078728545,5447.4345703125,5447.4345703125,4934800,0.0,0.0
2015-01-02,5470.814764614764,5540.953415443158,5424.0556640625,5424.0556640625,8302600,0.0,0.0
2015-01-02,5424.054901766877,5540.95263671875,5424.054901766877,5540.95263671875,3733500,0.0,0.0
2015-01-02,5540.952846558625,5657.8505859375,5494.193750807076,5657.8505859375,6537300,0.0,0.0
2015-01-02,5657.850528005826,5657.850528005826,5517.5732421875,5517.5732421875,3709400,0.0,0.0
2015-01-02,5564.332337460276,5611.091432733051,5517.5732421875,5517.5732421875,4151500,0.0,0.0
2015-01-02,5517.573270789749,5634.471009577667,5517.573270789749,5587.7119140625,3963200,0.0,0.0
2015-01-02,5587.712067932642,5611.0916163340335,5494.193874327075,5564.33251953125,5262600,0.0,0.0
2015-01-02,5517.572905585106,5564.331998005319,5447.434266954788,5494.193359375,7341500,0.0,0.0
2015-01-02,5494.193359375,5564.331998005319,5470.813813164894,5494.193359375,3594800,0.0,0.0
2015-01-02,5494.1936945511125,5564.332337460276,5470.814146914725,5517.5732421875,2289200,0.0,0.0
2015-01-02,5517.572681725544,5564.331772248641,5377.29541015625,5377.29541015625,4689100,0.0,0.0
2015-01-02,5377.296257345085,5470.814453125,5377.296257345085,5470.814453125,2289200,0.0,0.0
2015-01-02,5470.814453125,5517.573551014957,5424.055355235042,5470.814453125,1062000,0.0,0.0
2015-01-02,5470.814146914725,5564.332337460276,5470.814146914725,5517.5732421875,3546100,0.0,0.0
2015-01-02,5564.332214355469,5634.470855712891,5540.952667236328,5611.09130859375,3773600,0.0,0.0
2015-01-02,5657.850557335251,5681.2301050928345,5564.332366304917,5587.7119140625,2213600,0.0,0.0
2015-01-02,5587.712067932642,5611.0916163340335,5517.5734227284665,5564.33251953125,2557000,0.0,0.0
2015-01-02,5564.33251953125,5657.850713136817,5564.33251953125,5564.33251953125,2671900,0.0,0.0
2015-01-02,5587.711761474609,5681.229949951172,5587.711761474609,5611.09130859375,3986200,0.0,0.0
2015-01-02,5611.091156639004,5704.609342582988,5587.711610153008,5634.470703125,3209900,0.0,0.0
2015-01-02,5634.4712174212345,5704.60986328125,5564.332571561219,5704.60986328125,6556800,0.0,0.0
2015-01-02,5704.6095576092475,5798.1277470782525,5681.230010241997,5751.36865234375,9288200,0.0,0.0
2015-01-02,5774.748169447659,5798.127716692387,5681.22998046875,5681.22998046875,3864700,0.0,0.0
2015-01-02,5681.22998046875,5774.748169447659,5657.850433224023,5681.22998046875,4485500,0.0,0.0
2015-01-02,5727.989104976499,5751.36865234375,5681.230010241997,5751.36865234375,5019100,0.0,0.0
2015-01-02,5751.36865234375,5774.748199711001,5681.230010241997,5751.36865234375,4794000,0.0,0.0
2015-01-02,5751.368986430921,5798.128083881579,5681.230340254934,5774.74853515625,5102900,0.0,0.0
2015-01-02,5774.748199711001,5774.748199711001,5681.230010241997,5751.36865234375,2334800,0.0,0.0
2015-01-02,5751.368349136845,5798.12744140625,5727.988803002142,5798.12744140625,7963600,0.0,0.0
2015-01-02,5798.128158569336,6008.544099807739,5751.369060516357,5985.16455078125,13145600,0.0,0.0
2015-01-02,5985.16455078125,5985.16455078125,5868.266805648804,5985.16455078125,6124900,0.0,0.0
2015-01-02,5985.163793103448,6102.0615234375,5891.6456088362065,6102.0615234375,13641800,0.0,0.0
2015-01-02,6102.0615234375,6102.0615234375,6008.543339170258,6102.0615234375,3945100,0.0,0.0
2015-01-02,6102.062165715144,6102.062165715144,5891.646228966346,6078.6826171875,6924200,0.0,0.0
2015-01-02,6078.6826171875,6078.6826171875,5985.164423076923,6078.6826171875,2805700,0.0,0.0
2015-01-02,6055.30304216318,6055.30304216318,5985.1643968871595,6008.5439453125,2639600,0.0,0.0
2015-01-02,6008.543639901061,6055.302734375,5985.164092664092,6055.302734375,2348500,0.0,0.0
2015-01-02,6055.302327473958,6055.302327473958,5844.886416480655,5891.6455078125,2353700,0.0,0.0
2015-01-02,5798.127901785714,5844.886997767857,5681.230161830357,5727.9892578125,5802700,0.0,0.0
2015-01-02,5727.989200608003,5727.989200608003,5564.332366304917,5587.7119140625,6459000,0.0,0.0
2015-01-02,5611.091461820084,5681.2301050928345,5564.332366304917,5587.7119140625,3724200,0.0,0.0
2015-01-02,5611.091338734568,5681.22998046875,5587.711791489841,5681.22998046875,5111200,0.0,0.0
2015-01-02,5704.609623278602,5727.98917091499,5517.5732421875,5517.5732421875,6946000,0.0,0.0
2015-01-02,5540.952451795213,5587.711544215425,5470.813813164894,5494.193359375,9900500,0.0,0.0
2015-01-02,5494.1940020699785,5564.332648904914,5470.814453125,5470.814453125,5168400,0.0,0.0
2015-01-02,5470.814453125,5517.573551014957,5400.6758062900635,5470.814453125,8102400,0.0,0.0
2015-01-02,5470.814764614764,5470.814764614764,5377.296563510237,5424.0556640625,6525600,0.0,0.0
2015-01-02,5424.055355235042,5494.1940020699785,5424.055355235042,5470.814453125,6722400,0.0,0.0
2015-01-02,5517.573865167026,5517.573865167026,5424.0556640625,5424.0556640625,5431700,0.0,0.0
2015-01-02,5424.0553300865795,5470.81442775974,5400.67578125,5400.67578125,3536000,0.0,0.0
2015-01-02,5400.675475288359,5470.814117824571,5377.2959277762875,5447.4345703125,5351500,0.0,0.0
2015-01-02,5424.054500679347,5470.813591202445,5377.29541015625,5377.29541015625,7204900,0.0,0.0
2015-01-02,5400.675384521484,5611.09130859375,5377.295837402344,5611.09130859375,12436300,0.0,0.0
2015-01-02,5564.332214355469,5611.09130859375,5494.193572998047,5611.09130859375,9878700,0.0,0.0
2015-01-02,5611.091402896996,5611.091402896996,5377.2959277762875,5447.4345703125,10848900,0.0,0.0
2015-01-02,5447.435214338631,5587.71251599542,5424.0556640625,5424.0556640625,13852700,0.0,0.0
2015-01-02,5424.055148062227,5470.814244166212,5283.777859750273,5353.91650390625,15520700,0.0,0.0
2015-01-02,5353.916658100329,5517.573499177632,5330.537109375,5330.537109375,14308300,0.0,0.0
2015-01-02,5330.537109375,5424.055304276316,5307.157560649671,5330.537109375,6784300,0.0,0.0
2015-01-02,5377.295965021307,5400.675512695313,5143.50048828125,5143.50048828125,11261900,0.0,0.0
2015-01-02,5143.501112196181,5213.639763726128,5003.223809136284,5049.98291015625,11806800,0.0,0.0
2015-01-02,5073.362174331872,5260.398567855627,5073.362174331872,5166.88037109375,10170700,0.0,0.0
2015-01-02,5260.398311698281,5353.91650390625,5213.639215594296,5353.91650390625,7063500,0.0,0.0
2015-01-02,5353.916683576839,5400.67578125,5283.7780370671,5400.67578125,4679500,0.0,0.0
2015-01-02,5424.055355235042,5470.814453125,5377.296257345085,5470.814453125,7497300,0.0,0.0
2015-01-02,5494.193604591134,5494.193604591134,5260.398132055341,5307.1572265625,10866000,0.0,0.0
2015-01-02,5330.537462957975,5447.435214338631,5307.157912681843,5424.0556640625,6318300,0.0,0.0
2015-01-02,5447.43487892316,5470.81442775974,5307.157585903679,5400.67578125,8350200,0.0,0.0
2015-01-02,5400.675174534575,5494.193359375,5330.536535904255,5494.193359375,13414100,0.0,0.0
2015-01-02,5494.193136463994,5494.193136463994,5330.536319633152,5377.29541015625,5543200,0.0,0.0
2015-01-02,5377.29623241342,5400.67578125,5330.53713474026,5400.67578125,5083300,0.0,0.0
2015-01-02,5400.675415576817,5424.054962830396,5283.777679308921,5307.1572265625,7231900,0.0,0.0
2015-01-02,5283.777229110054,5377.29541015625,5283.777229110054,5377.29541015625,5895500,0.0,0.0
2015-01-02,5377.296180555556,5377.296180555556,5190.259791666666,5260.3984375,14282600,0.0,0.0
2015-01-02,5283.778011924342,5353.916658100329,5213.639365748355,5330.537109375,8442800,0.0,0.0
2015-01-02,5353.916475819276,5377.296023748618,5260.398284101909,5283.77783203125,5611900,0.0,0.0
2015-01-02,5283.777679308921,5307.1572265625,5237.018584801762,5307.1572265625,8084800,0.0,0.0
2015-01-02,5330.536927889934,5377.296023748618,5237.018736172567,5283.77783203125,11279600,0.0,0.0
2015-01-02,5283.777679308921,5307.1572265625,5237.018584801762,5307.1572265625,5733400,0.0,0.0
2015-01-02,5307.157407802265,5353.91650390625,5260.398311698281,5353.91650390625,7538500,0.0,0.0
2015-01-02,5353.916475819276,5377.296023748618,5283.77783203125,5283.77783203125,7252200,0.0,0.0
2015-01-02,5260.3982557630325,5330.536899173207,5166.8800645494675,5213.63916015625,12677700,0.0,0.0
2015-01-02,5213.639314118806,5260.398411106419,5166.880217131194,5190.259765625,6261300,0.0,0.0
2015-01-02,5190.259583629261,5213.639131303267,5143.50048828125,5143.50048828125,8454600,0.0,0.0
2015-01-02,5166.880662706163,5190.2602132161455,4933.085157606337,5049.98291015625,16411800,0.0,0.0
2015-01-02,5049.982394366197,5073.361942488263,4862.946009389671,4979.84375,11699600,0.0,0.0
2015-01-02,4979.84338086872,4979.84338086872,4839.56610253439,4886.3251953125,11179500,0.0,0.0
2015-01-02,4886.325360682302,4886.325360682302,4666.5576171875,4666.5576171875,19434100,0.0,0.0
2015-01-02,4666.557848632812,4769.427861328125,4657.206029296875,4675.90966796875,9857100,0.0,0.0
2015-01-02,4722.668338516383,4839.56606966778,4699.288792286105,4816.1865234375,10653000,0.0,0.0
2015-01-02,4816.186800373134,4862.945895522388,4699.2890625,4699.2890625,10036700,0.0,0.0
2015-01-02,4722.668764648438,4769.427861328125,4666.557848632812,4675.90966796875,10079600,0.0,0.0
2015-01-02,4675.90966796875,4746.048312988281,4573.039655273437,4675.90966796875,11702100,0.0,0.0
2015-01-02,4675.90927496189,4699.2888213367,4591.742908012577,4601.0947265625,7203000,0.0,0.0
2015-01-02,4601.094962686568,4722.668610074627,4591.743143656717,4699.2890625,11296800,0.0,0.0
2015-01-02,4722.66845703125,4746.0480038482365,4657.205725943688,4722.66845703125,11853100,0.0,0.0
2015-01-02,4769.427430976942,4909.704708358617,4722.668338516383,4816.1865234375,18224900,0.0,0.0
2015-01-02,4816.186795805337,4839.56634335779,4591.743139301787,4610.44677734375,14033700,0.0,0.0
2015-01-02,4591.7433199276475,4816.18698526016,4488.873306650246,4746.04833984375,14890000,0.0,0.0
2015-01-02,4746.04833984375,4839.566533732297,4746.04833984375,4746.04833984375,9794500,0.0,0.0
2015-01-02,4746.048013986635,4792.807107720493,4526.2802734375,4526.2802734375,10400900,0.0,0.0
2015-01-02,4535.632082495359,4816.186644299195,4535.632082495359,4722.66845703125,13971700,0.0,0.0
2015-01-02,4769.427700700431,4792.807248252884,4601.094958322768,4610.44677734375,9331900,0.0,0.0
2015-01-02,4629.15087890625,4657.206338778409,4601.095419034091,4629.15087890625,5724200,0.0,0.0
2015-01-02,4619.798547142228,4647.85400390625,4563.687633614185,4647.85400390625,5683700,0.0,0.0
2015-01-02,4647.85379057949,4816.1865234375,4629.1501535952675,4816.1865234375,7884500,0.0,0.0
2015-01-02,4816.187010734312,4839.566559330109,4601.0951636529735,4638.50244140625,9550900,0.0,0.0
2015-01-02,4722.668530420216,4722.668530420216,4610.446703954784,4666.5576171875,7846100,0.0,0.0
2015-01-02,4666.55800441054,4675.909824058658,4544.9843489850155,4563.68798828125,10238700,0.0,0.0
2015-01-02,4573.039270912729,4629.150182212271,4573.039270912729,4601.0947265625,11725900,0.0,0.0
2015-01-02,4619.798628982843,4769.427734375,4619.798628982843,4769.427734375,15657500,0.0,0.0
2015-01-02,4839.566955566406,5049.98291015625,4746.048753526476,5049.98291015625,36522300,0.0,0.0
2015-01-02,5049.98291015625,5073.362460666232,4886.326056586371,5049.98291015625,12516900,0.0,0.0
2015-01-02,5057.616446978674,5105.329809686019,4962.189721563981,5033.759765625,11293500,108.0,0.0
2015-01-02,5033.759548864632,5129.186270170123,4986.046188211887,5105.32958984375,9434600,0.0,0.0
2015-01-02,5105.329533503606,5105.329533503606,4962.189453125,4962.189453125,13813200,0.0,0.0
2015-01-02,4962.189434162621,4986.046114134557,4866.762714274879,4914.47607421875,14442800,0.0,0.0
2015-01-02,4938.333185369318,4962.189867424242,4723.623046875,4723.623046875,14796800,0.0,0.0
2015-01-02,4714.080155861318,4819.049552044465,4704.537483481032,4795.19287109375,6585200,0.0,0.0
2015-01-02,4771.336190143034,4795.19287109375,4685.4521387204595,4795.19287109375,6267900,0.0,0.0
2015-01-02,4771.336206896552,4842.90625,4733.165517241379,4842.90625,4979100,0.0,0.0
2015-01-02,4842.90623299518,4866.762913945895,4742.708173002176,4795.19287109375,5235600,0.0,0.0
2015-01-02,4866.762714274879,4938.332754190686,4819.049354331008,4914.47607421875,9597600,0.0,0.0
2015-01-02,4890.619594896611,4962.189637748756,4795.19287109375,4795.19287109375,13680700,0.0,0.0
2015-01-02,4795.192920629529,4962.189689009662,4752.250894474638,4938.3330078125,7415100,0.0,0.0
2015-01-02,4986.046418812353,5105.329825960974,4962.189737382629,5081.47314453125,14342600,0.0,0.0
2015-01-02,5081.47294518707,5272.326389137758,5057.616264693234,5200.75634765625,24630900,0.0,0.0
2015-01-02,5248.469778415377,5439.323224903208,5200.756416793419,5391.60986328125,23313500,0.0,0.0
2015-01-02,5415.466096297554,5534.749490489131,5367.752738620924,5487.0361328125,22888800,0.0,0.0
2015-01-02,5487.03667074947,5630.1767578125,5391.609946040784,5630.1767578125,14331200,0.0,0.0
2015-01-02,5630.176964962121,5654.033647017045,5439.323508522727,5510.8935546875,8946500,0.0,0.0
2015-01-02,5534.74980221519,5725.6032436708865,5534.74980221519,5654.033203125,16124500,0.0,0.0
2015-01-02,5654.032989501953,5725.60302734375,5463.179555257161,5725.60302734375,16045300,0.0,0.0
2015-01-02,5725.6032436708865,5725.6032436708865,5343.896360759493,5654.033203125,13033400,0.0,0.0
2015-01-02,5630.176964962121,5630.176964962121,5343.89678030303,5510.8935546875,11747400,0.0,0.0
2015-01-02,5487.036811589125,5510.893493378643,5320.0400390625,5320.0400390625,9419700,0.0,0.0
2015-01-02,5272.326719858761,5463.18017578125,5200.756673887828,5463.18017578125,8729700,0.0,0.0
2015-01-02,5463.179905714187,5463.179905714187,5367.753182470271,5391.60986328125,4509500,0.0,0.0
2015-01-02,5391.609417459239,5487.0361328125,5391.609417459239,5487.0361328125,3871600,0.0,0.0
2015-01-02,5463.179923074287,5463.179923074287,5343.896518640351,5439.3232421875,1858000,0.0,0.0
2015-01-02,5415.466526576451,5439.323207310268,5272.326442173549,5343.896484375,4399300,0.0,0.0
2015-01-02,5367.753182470271,5439.323224903208,5343.896501659292,5391.60986328125,3038200,0.0,0.0
2015-01-02,5391.609703291224,5606.31982421875,5367.753023188165,5606.31982421875,10417600,0.0,0.0
2015-01-02,5510.893249511719,5606.319972446987,5343.896484375,5343.896484375,8485300,0.0,0.0
2015-01-02,5367.752738620924,5487.0361328125,5248.469344429348,5487.0361328125,5248400,0.0,0.0
2015-01-02,5487.037122002964,5534.75048828125,5367.753706307247,5534.75048828125,5438400,0.0,0.0
2015-01-02,5534.750033103814,5677.890120166843,5534.750033103814,5630.1767578125,11519700,0.0,0.0
2015-01-02,5630.1763102213545,5725.60302734375,5534.749593098958,5725.60302734375,9758700,0.0,0.0
2015-01-02,5725.6032436708865,5773.316604034811,5654.033203125,5654.033203125,4113700,0.0,0.0
2015-01-02,5654.03322151216,5725.603262290795,5558.60650047398,5701.74658203125,2990100,0.0,0.0
2015-01-02,5701.746784438435,5701.746784438435,5582.46337890625,5582.46337890625,3000600,0.0,0.0
2015-01-02,5582.463395458157,5654.033438989672,5534.750033103814,5630.1767578125,3132400,0.0,0.0
2015-01-02,5630.176205842391,5654.032884680707,5487.0361328125,5487.0361328125,8625300,0.0,0.0
2015-01-02,5487.036568777902,5534.749930245536,5343.896484375,5343.896484375,16609700,0.0,0.0
2015-01-02,5343.896343085106,5606.31982421875,5343.896343085106,5606.31982421875,8064300,0.0,0.0
2015-01-02,5606.320076635328,5630.1767578125,5487.03667074947,5630.1767578125,4411800,0.0,0.0
2015-01-02,5630.1767578125,5630.1767578125,5391.609946040784,5630.1767578125,8153700,0.0,0.0
2015-01-02,5558.6064453125,5558.6064453125,5463.179725221298,5558.6064453125,9302300,0.0,0.0
2015-01-02,5534.749490489131,5558.606169327446,5463.179453974185,5487.0361328125,5605600,0.0,0.0
2015-01-02,5487.036654480502,5582.46337890625,5439.323292267628,5582.46337890625,4403600,0.0,0.0
2015-01-02,5582.463585732806,5654.033631703739,5463.18017578125,5463.18017578125,10679000,0.0,0.0
2015-01-02,5463.18043886382,5534.75048828125,5415.467072585534,5534.75048828125,5521600,0.0,0.0
2015-01-02,5534.749948147124,5534.749948147124,5391.60986328125,5391.60986328125,7383300,0.0,0.0
2015-01-02,5391.609628820209,5439.32298836729,5343.8962692731275,5415.46630859375,8393200,0.0,0.0
2015-01-02,5415.466766220571,5439.323448010089,5296.183357272982,5320.0400390625,6351100,0.0,0.0
2015-01-02,5343.896518640351,5439.3232421875,5320.039837753564,5439.3232421875,4470000,0.0,0.0
2015-01-02,5463.179761669304,5701.746563488924,5391.609721123417,5654.033203125,17745200,0.0,0.0
2015-01-02,5725.603482521186,5725.603482521186,5606.320076635328,5630.1767578125,9894300,0.0,0.0
2015-01-02,5630.176774225315,5677.89013671875,5558.606730485163,5677.89013671875,5872800,0.0,0.0
2015-01-02,5677.889864527926,5725.603224734043,5606.31982421875,5606.31982421875,4907700,0.0,0.0
2015-01-02,5606.31982421875,5654.033184424868,5582.463144115692,5606.31982421875,2598200,0.0,0.0
2015-01-02,5606.31982421875,5677.889864527926,5582.463144115692,5606.31982421875,4369300,0.0,0.0
2015-01-02,5654.033184424868,5701.746544630984,5606.31982421875,5606.31982421875,3412600,0.0,0.0
2015-01-02,5582.46341173188,5677.89013671875,5558.606730485163,5677.89013671875,2121700,0.0,0.0
2015-01-02,5677.889864527926,5701.746544630984,5606.31982421875,5606.31982421875,7010900,0.0,0.0
2015-01-02,5606.31982421875,5677.889864527926,5487.036423703457,5606.31982421875,9086000,0.0,0.0
2015-01-02,5606.31982421875,5677.889864527926,5606.31982421875,5606.31982421875,2228300,0.0,0.0
2015-01-02,5606.319842761076,5654.033203125,5534.74980221519,5654.033203125,7026200,0.0,0.0
2015-01-02,5630.176504321808,5654.033184424868,5582.463144115692,5606.31982421875,3487000,0.0,0.0
2015-01-02,5606.3200600126875,5630.176741119124,5534.750016693376,5582.46337890625,4864800,0.0,0.0
2015-01-02,5582.463395458157,5630.1767578125,5582.463395458157,5630.1767578125,5558700,0.0,0.0
2015-01-02,5630.176485380902,5654.033165403702,5558.6064453125,5558.6064453125,5826000,0.0,0.0
2015-01-02,5558.606464012633,5630.176504321808,5510.893103806516,5606.31982421875,3440700,0.0,0.0
2015-01-02,5606.319805358101,5606.319805358101,5558.6064453125,5558.6064453125,3606100,0.0,0.0
2015-01-02,5558.606903742494,5582.463585732806,5439.323493790939,5463.18017578125,7067100,0.0,0.0
2015-01-02,5439.323207310268,5487.036568777902,5343.896484375,5343.896484375,10485000,0.0,0.0
2015-01-02,5367.753147434544,5415.466508745073,5296.18310546875,5296.18310546875,11049700,0.0,0.0
2015-01-02,5272.326407137784,5439.323171164773,5248.4697265625,5248.4697265625,24470100,0.0,0.0
2015-01-02,5296.183357272982,5415.466766220571,5248.469993693946,5320.0400390625,7040900,0.0,0.0
2015-01-02,5367.753147434544,5439.3231894003375,5296.18310546875,5296.18310546875,6179400,0.0,0.0
2015-01-02,5320.040054253473,5415.466781684028,5320.040054253473,5367.75341796875,5632200,0.0,0.0
2015-01-02,5343.8962692731275,5415.46630859375,5320.039589499587,5415.46630859375,2770300,0.0,0.0
2015-01-02,5415.466561300713,5463.179923074287,5343.896518640351,5439.3232421875,5712300,0.0,0.0
2015-01-02,5439.323224903208,5439.323224903208,5343.896501659292,5391.60986328125,4591400,0.0,0.0
2015-01-02,5391.610129810317,5463.18017578125,5367.753447820005,5463.18017578125,3887700,0.0,0.0
2015-01-02,5463.180145399306,5463.180145399306,5367.75341796875,5367.75341796875,3591400,0.0,0.0
2015-01-02,5367.752949046669,5439.32298836729,5343.8962692731275,5415.46630859375,4444400,0.0,0.0
2015-01-02,5415.466544092229,5439.323224903208,5343.896501659292,5391.60986328125,7959100,0.0,0.0
2015-01-02,5367.75341796875,5415.466781684028,5343.896736111111,5367.75341796875,3342600,0.0,0.0
2015-01-02,5391.610068757071,5415.466750477234,5248.469978436086,5272.32666015625,6554200,0.0,0.0
2015-01-02,5272.32666015625,5343.896705316743,5248.469978436086,5272.32666015625,4809700,0.0,0.0
2015-01-02,5296.183277398767,5296.183277398767,5081.47314453125,5081.47314453125,9806800,0.0,0.0
2015-01-02,5057.6162109375,5153.042931898585,5009.902850456958,5057.6162109375,6906100,0.0,0.0
2015-01-02,5057.616017425115,5248.469452044931,5057.616017425115,5176.8994140625,7982400,0.0,0.0
2015-01-02,5224.613296715922,5320.040023596578,5176.899933275594,5272.32666015625,4543500,0.0,0.0
2015-01-02,5272.326644549087,5296.18332619863,5153.04323630137,5224.61328125,4335900,0.0,0.0
2015-01-02,5224.61328125,5296.18332619863,5153.04323630137,5224.61328125,7086000,0.0,0.0
2015-01-02,5224.6129726193985,5272.326333099942,5057.6162109375,5057.6162109375,4920900,0.0,0.0
2015-01-02,5033.759548864632,5153.042950496496,5033.759548864632,5105.32958984375,3986000,0.0,0.0
2015-01-02,5129.186306174743,5200.75634765625,5081.47294518707,5200.75634765625,3154600,0.0,0.0
2015-01-02,5153.043004261364,5248.4697265625,5105.329643110796,5248.4697265625,3247400,0.0,0.0
2015-01-02,5248.470187717015,5320.040235731337,5153.04345703125,5153.04345703125,8284200,0.0,0.0
2015-01-02,5176.899702192427,5343.896466779279,5176.899702192427,5296.18310546875,10952400,0.0,0.0
2015-01-02,5296.183087713069,5367.753129438921,5248.4697265625,5248.4697265625,5286600,0.0,0.0
2015-01-02,5296.18310546875,5367.753147434544,5176.899702192427,5296.18310546875,12765100,0.0,0.0
2015-01-02,5320.039589499587,5415.46630859375,5272.326229952505,5415.46630859375,6105500,0.0,0.0
2015-01-02,5391.610129810317,5487.036857771561,5367.753447820005,5463.18017578125,6024300,0.0,0.0
2015-01-02,5367.753182470271,5439.323224903208,5320.039820848313,5391.60986328125,6627800,0.0,0.0
2015-01-02,5391.610084431054,5391.610084431054,5272.326675483464,5320.0400390625,9517000,0.0,0.0
2015-01-02,5343.896567841881,5582.46337890625,5320.039886735443,5582.46337890625,14942800,0.0,0.0
2015-01-02,5582.463854559537,5606.32053769868,5439.323755724677,5534.75048828125,8535500,0.0,0.0
2015-01-02,5534.749490489131,5534.749490489131,5415.466096297554,5487.0361328125,5290100,0.0,0.0
2015-01-02,5487.037122002964,5534.75048828125,5367.753706307247,5534.75048828125,6920400,0.0,0.0
2015-01-02,5534.750033103814,5630.1767578125,5439.323308395127,5630.1767578125,9029200,0.0,0.0
2015-01-02,5630.1767578125,5654.033438989672,5487.03667074947,5630.1767578125,8134900,0.0,0.0
2015-01-02,5630.176522943038,5654.033203125,5487.036441851266,5654.033203125,14493500,0.0,0.0
2015-01-02,5630.17667139104,5654.033352202019,5343.896501659292,5391.60986328125,12741900,0.0,0.0
2015-01-02,5463.18017578125,5510.8935397618725,5367.753447820005,5463.18017578125,9117600,0.0,0.0
2015-01-02,5463.18043886382,5534.75048828125,5415.467072585534,5534.75048828125,2095700,0.0,0.0
2015-01-02,5534.7497652897,5582.463125335301,5463.179725221298,5558.6064453125,5232500,0.0,0.0
2015-01-02,5487.036423703457,5606.31982421875,5463.179743600399,5606.31982421875,4024300,0.0,0.0
2015-01-02,5582.462848165761,5582.462848165761,5487.0361328125,5487.0361328125,3969400,0.0,0.0
2015-01-02,5487.036654480502,5606.3200600126875,5439.323292267628,5582.46337890625,5551000,0.0,0.0
2015-01-02,5582.46337890625,5606.3200600126875,5534.750016693376,5582.46337890625,2299500,0.0,0.0
2015-01-02,5582.463585732806,5606.320267723117,5463.18017578125,5463.18017578125,3199500,0.0,0.0
2015-01-02,5463.18017578125,5558.606903742494,5391.610129810317,5463.18017578125,2908900,0.0,0.0
2015-01-02,5463.18043886382,5558.607171420394,5415.467072585534,5534.75048828125,6547900,0.0,0.0
2015-01-02,5487.036423703457,5606.31982421875,5439.323063497341,5606.31982421875,7523700,0.0,0.0
2015-01-02,5606.32053769868,5606.32053769868,5487.037122002964,5534.75048828125,5959200,0.0,0.0
2015-01-02,5510.893085266899,5558.6064453125,5415.466365175697,5558.6064453125,13220100,0.0,0.0
2015-01-02,5558.606646621437,5606.320008395011,5439.3232421875,5439.3232421875,61105100,0.0,0.0
2015-01-02,5510.893027687913,5510.893027687913,5343.8962692731275,5415.46630859375,32048500,0.0,0.0
2015-01-02,5391.610129810317,5534.750221752183,5391.610129810317,5463.18017578125,6800100,0.0,0.0
2015-01-02,5463.18017578125,5534.750221752183,5367.753447820005,5463.18017578125,8268300,0.0,0.0
2015-01-02,5463.179888044085,5487.036568777902,5296.183122907366,5343.896484375,4540300,0.0,0.0
2015-01-02,5343.896736111111,5439.323463541667,5272.326690538194,5367.75341796875,13089700,0.0,0.0
2015-01-02,5343.896765829694,5463.18017578125,5272.326719858761,5463.18017578125,7585600,0.0,0.0
2015-01-02,5510.8935397618725,5510.8935397618725,5391.610129810317,5463.18017578125,4822400,0.0,0.0
2015-01-02,5463.179725221298,5558.6064453125,5415.466365175697,5558.6064453125,5963300,0.0,0.0
2015-01-02,5558.606464012633,5606.31982421875,5510.893103806516,5606.31982421875,5738300,0.0,0.0
2015-01-02,5606.320076635328,5677.890120166843,5582.463395458157,5630.1767578125,4376400,0.0,0.0
2015-01-02,5630.176949713428,5630.176949713428,5463.18017578125,5463.18017578125,9861900,0.0,0.0
2015-01-02,5510.892913818359,5725.60302734375,5487.036234537761,5725.60302734375,31483700,0.0,0.0
2015-01-02,5725.60302734375,5749.459706624349,5677.889668782552,5725.60302734375,3641400,0.0,0.0
2015-01-02,5725.6032436708865,5725.6032436708865,5582.463162579114,5654.033203125,2017800,0.0,0.0
2015-01-02,5606.320092978598,5701.746817965468,5606.320092978598,5677.89013671875,2322400,0.0,0.0
2015-01-02,5701.746544630984,5725.603224734043,5606.31982421875,5606.31982421875,2123800,0.0,0.0
2015-01-02,5677.890103331998,5677.890103331998,5558.606697799813,5582.46337890625,1599800,0.0,0.0
2015-01-02,5582.463125335301,5654.033165403702,5558.6064453125,5558.6064453125,906200,0.0,0.0
2015-01-02,5558.606272379558,5725.60302734375,5558.606272379558,5725.60302734375,2465000,0.0,0.0
2015-01-02,5725.603465544872,5725.603465544872,5582.46337890625,5582.46337890625,1936800,0.0,0.0
2015-01-02,5558.606697799813,5606.3200600126875,5487.036654480502,5582.46337890625,3400800,0.0,0.0
2015-01-02,5582.463309769082,5582.463309769082,5391.60986328125,5391.60986328125,3676500,0.0,0.0
2015-01-02,5391.609628820209,5439.32298836729,5367.752949046669,5415.46630859375,1200800,0.0,0.0
2015-01-02,5415.466826467803,5534.750236742424,5391.610144412879,5510.8935546875,3067800,0.0,0.0
2015-01-02,5510.893027687913,5534.749707461454,5415.46630859375,5415.46630859375,3019400,0.0,0.0
2015-01-02,5463.179973374065,5630.176741119124,5415.466611161191,5582.46337890625,6953900,0.0,0.0
2015-01-02,5582.462951660156,5725.60302734375,5510.892913818359,5725.60302734375,4616700,0.0,0.0
2015-01-02,5725.60359375,5964.17041015625,5654.033548828125,5964.17041015625,9867500,0.0,0.0
2015-01-02,5964.17041015625,5988.027091796875,5844.887001953125,5964.17041015625,7075700,0.0,0.0
2015-01-02,5964.1701571912645,5988.02683782003,5844.886754047439,5940.3134765625,3482600,0.0,0.0
2015-01-02,5940.3134765625,5964.1701571912645,5844.886754047439,5940.3134765625,8266600,0.0,0.0
2015-01-02,5940.313222577495,5964.16990218624,5797.173144925026,5916.45654296875,5271400,0.0,0.0
2015-01-02,5868.7439034033405,5916.45726847166,5797.173855800861,5892.6005859375,3345200,0.0,0.0
2015-01-02,5868.743399234693,5892.600079719387,5773.316677295918,5844.88671875,9452100,0.0,0.0
2015-01-02,5821.030038265306,5868.743399234693,5749.459996811224,5844.88671875,7325500,0.0,0.0
2015-01-02,5844.886938678332,5844.886938678332,5725.603531766529,5773.31689453125,9063100,0.0,0.0
2015-01-02,5773.31686170562,5797.173542952337,5654.033455472033,5677.89013671875,10717100,0.0,0.0
2015-01-02,5677.889901771705,5701.74658203125,5534.749820214435,5701.74658203125,17113200,0.0,0.0
2015-01-02,5701.746544630984,5701.746544630984,5558.606464012633,5606.31982421875,2358000,0.0,0.0
2015-01-02,5606.320092978598,5701.746817965468,5558.606730485163,5677.89013671875,10838800,0.0,0.0
2015-01-02,5630.176741119124,5677.890103331998,5558.606697799813,5582.46337890625,6386800,0.0,0.0
2015-01-02,5582.463144115692,5654.033184424868,5534.749783909575,5606.31982421875,3916100,0.0,0.0
2015-01-02,5582.463125335301,5630.176485380902,5487.036405244099,5558.6064453125,18118900,0.0,0.0
2015-01-02,5558.606464012633,5606.31982421875,5487.036423703457,5606.31982421875,18095800,0.0,0.0
2015-01-02,5582.463854559537,5630.177220837823,5487.037122002964,5534.75048828125,25946200,0.0,0.0
2015-01-02,5582.463125335301,5582.463125335301,5510.893085266899,5558.6064453125,3380500,0.0,0.0
2015-01-02,5558.607171420394,5582.463854559537,5463.18043886382,5534.75048828125,7940400,0.0,0.0
2015-01-02,5558.606697799813,5582.46337890625,5510.893335586939,5582.46337890625,4659300,0.0,0.0
2015-01-02,5582.462848165761,5582.462848165761,5463.179453974185,5487.0361328125,6480400,0.0,0.0
2015-01-02,5487.037122002964,5582.463854559537,5463.18043886382,5534.75048828125,12178800,0.0,0.0
2015-01-02,5534.750016693376,5582.46337890625,5487.036654480502,5582.46337890625,5091800,0.0,0.0
2015-01-02,5582.462848165761,5582.462848165761,5487.0361328125,5487.0361328125,6913100,0.0,0.0
2015-01-02,5487.036405244099,5558.6064453125,5439.323045198498,5558.6064453125,8872300,0.0,0.0
2015-01-02,5558.6064453125,5582.463125335301,5463.179725221298,5558.6064453125,8365100,0.0,0.0
2015-01-02,5558.607171420394,5582.463854559537,5463.18043886382,5534.75048828125,6465100,0.0,0.0
2015-01-02,5534.75048828125,5558.607171420394,5463.18043886382,5534.75048828125,10776400,0.0,0.0
2015-01-02,5558.606714280985,5630.1767578125,5510.893351926642,5630.1767578125,3000900,0.0,0.0
2015-01-02,5630.176741119124,5701.746784438435,5582.46337890625,5582.46337890625,5048100,0.0,0.0
2015-01-02,5558.606903742494,5582.463585732806,5439.323493790939,5463.18017578125,4970900,0.0,0.0
2015-01-02,5463.179923074287,5510.893284847863,5391.609880413926,5439.3232421875,9744600,0.0,0.0
2015-01-02,5439.323463541667,5463.180145399306,5367.75341796875,5367.75341796875,3299800,0.0,0.0
2015-01-02,5367.75341796875,5391.610099826389,5296.183372395833,5367.75341796875,9022600,0.0,0.0
2015-01-02,5367.752827489098,5367.752827489098,5129.18603515625,5129.18603515625,29132800,0.0,0.0
2015-01-02,5129.186357770647,5367.7531651088175,5129.186357770647,5343.896484375,16961200,0.0,0.0
2015-01-02,5343.896169354839,5367.752848682316,5153.042734735023,5176.8994140625,7200900,0.0,0.0
2015-01-02,5176.899853747038,5176.899853747038,5009.903084271327,5033.759765625,16242300,0.0,0.0
2015-01-02,5033.760002790178,5129.186732700892,4986.046637834821,5009.9033203125,6134900,0.0,0.0
2015-01-02,5057.616396722561,5057.616396722561,4890.61962890625,4890.61962890625,8228700,0.0,0.0
2015-01-02,4890.619412935697,4962.189453125,4842.906052809495,4962.189453125,20033500,0.0,0.0
2015-01-02,4962.189637748756,4986.046318699471,4795.19287109375,4795.19287109375,12860400,0.0,0.0
2015-01-02,4795.193003459149,4819.0496850683985,4714.0802859877,4752.2509765625,28579800,0.0,0.0
2015-01-02,4714.080095738352,4795.192809936279,4694.994751221193,4761.79345703125,16813300,0.0,0.0
2015-01-02,4771.336410984848,4795.193093039773,4723.623046875,4723.623046875,7036400,0.0,0.0
2015-01-02,4742.7084072265625,4842.906472167969,4733.165734375,4771.33642578125,7773200,0.0,0.0
2015-01-02,4771.336364746094,4795.193046569824,4580.48291015625,4580.48291015625,12667700,0.0,0.0
2015-01-02,4580.482582997988,5057.616185393612,4580.482582997988,4742.7080078125,30591000,0.0,0.0
2015-01-02,4742.70798895611,4795.192685010957,4637.738596846418,4694.99462890625,4022500,0.0,0.0
2015-01-02,4704.53731962085,4742.7080078125,4647.281287333375,4742.7080078125,6169300,0.0,0.0
2015-01-02,4733.165533536586,4914.4763100228665,4714.080188643293,4890.61962890625,9299900,0.0,0.0
2015-01-02,4914.476518554688,4914.476518554688,4771.33642578125,4771.33642578125,4332100,0.0,0.0
2015-01-02,4819.049568965517,4866.762931034483,4771.336206896552,4842.90625,3474900,0.0,0.0
2015-01-02,4842.906015433517,4866.7626953125,4795.192655675552,4866.7626953125,4263900,0.0,0.0
2015-01-02,4866.762931034483,4866.762931034483,4771.336206896552,4842.90625,5586700,0.0,0.0
2015-01-02,4842.906171229178,4842.906171229178,4761.79345703125,4761.79345703125,5057700,0.0,0.0
2015-01-02,4685.452415877853,4723.623107656898,4580.483013485477,4599.568359375,19775700,0.0,0.0
2015-01-02,4609.110699890525,4637.738716660032,4427.799927016985,4494.5986328125,19303900,0.0,0.0
2015-01-02,4494.59908254523,4494.59908254523,4332.3736379523025,4351.458984375,14932100,0.0,0.0
2015-01-02,4351.458745757918,4418.257454574378,4217.861328125,4217.861328125,16762900,0.0,0.0
2015-01-02,4246.489187750069,4408.714617394454,4246.489187750069,4322.83056640625,10220200,0.0,0.0
2015-01-02,4351.458565848215,4361.001238141741,4256.031842912947,4275.1171875,5901700,0.0,0.0
2015-01-02,4275.117483296214,4303.745502157572,4208.318772619711,4284.66015625,7450100,0.0,0.0
2015-01-02,4284.659877078159,4322.83056640625,4227.403843086024,4322.83056640625,5769500,0.0,0.0
2015-01-02,4313.288175111359,4341.916193972717,4265.574810342428,4284.66015625,6739700,0.0,0.0
2015-01-02,4284.660170231622,4332.37353515625,4246.489478291919,4332.37353515625,6409200,0.0,0.0
2015-01-02,4322.8298372835725,4332.372508006053,4227.403130058769,4236.94580078125,7746600,0.0,0.0
2015-01-02,4265.574635130494,4341.916015625,4131.97721926511,4341.916015625,12174500,0.0,0.0
2015-01-02,4303.74525534051,4427.79999662527,4294.20258293399,4418.25732421875,8692200,0.0,0.0
2015-01-02,4418.257113587622,4418.257113587622,4351.45840992647,4380.08642578125,10076300,0.0,0.0
2015-01-02,4389.62930699919,4475.51335865787,4341.91594496659,4418.25732421875,6623600,0.0,0.0
2015-01-02,4418.257458881579,4542.312203947368,4380.086768092105,4532.76953125,20384100,0.0,0.0
2015-01-02,4542.312028976092,4618.653407614345,4504.141339656965,4590.025390625,13556100,0.0,0.0
2015-01-02,4590.025285629241,4590.025285629241,4370.543827064848,4570.93994140625,8341200,0.0,0.0
2015-01-02,4542.312082665599,4542.312082665599,4389.629323584402,4465.970703125,9304300,0.0,0.0
2015-01-02,4465.970703125,4465.970703125,4408.714668469552,4465.970703125,8182000,0.0,0.0
2015-01-02,4465.970703125,4504.141392895299,4437.342685797275,4465.970703125,3174500,0.0,0.0
2015-01-02,4465.97099880064,4551.855056469883,4456.42832572628,4475.513671875,9835300,0.0,0.0
2015-01-02,4485.055874208861,4551.854578718355,4475.513202136076,4523.2265625,9368100,0.0,0.0
2015-01-02,4532.769380635883,4795.19287109375,4513.684035875311,4795.19287109375,21929500,0.0,0.0
2015-01-02,4819.0496850683985,4842.906366677648,4733.1656312751,4752.2509765625,12720200,0.0,0.0
2015-01-02,4752.251080078126,4819.049790039063,4647.281678710938,4771.33642578125,8792300,0.0,0.0
2015-01-02,4771.336023956237,4771.336023956237,4694.9946475729375,4742.7080078125,4405800,0.0,0.0
2015-01-02,4742.708189655172,5033.759698275861,4742.708189655172,4842.90625,22400900,0.0,0.0
2015-01-02,4842.906260336599,4842.906260336599,4656.824147870464,4733.16552734375,17589300,0.0,0.0
2015-01-02,4733.165287990196,4914.476055070466,4733.165287990196,4866.7626953125,0,0.0,0.0
2015-01-02,4866.7626953125,4986.046094707414,4795.192655675552,4866.7626953125,18112200,0.0,0.0
2015-01-02,4866.762964221015,4986.046370206824,4819.049601826691,4938.3330078125,13275700,0.0,0.0
2015-01-02,4938.333272879464,5009.9033203125,4842.90654296875,5009.9033203125,4943200,0.0,0.0
2015-01-02,4986.046346849011,4986.046346849011,4733.16552734375,4733.16552734375,9999800,0.0,0.0
2015-01-02,4733.165719696969,4742.708392518939,4637.738991477273,4723.623046875,43741000,0.0,0.0
2015-01-02,4742.707882254464,4842.90593610491,4656.823836096938,4675.9091796875,12823400,0.0,0.0
2015-01-02,4675.9091796875,4694.994523278061,4599.567805325255,4675.9091796875,14260000,0.0,0.0
2015-01-02,4685.4522680566015,4819.0496850683985,4675.909595412902,4752.2509765625,11749800,0.0,0.0
2015-01-02,4761.793752929688,4819.049790039063,4704.537715820313,4771.33642578125,9608700,0.0,0.0
2015-01-02,4771.336190143034,4866.762913945895,4771.336190143034,4795.19287109375,3347700,0.0,0.0
2015-01-02,4842.906015433517,4890.6193751914825,4819.049335554534,4866.7626953125,4516500,0.0,0.0
2015-01-02,4866.762913945895,4866.762913945895,4761.793517762749,4795.19287109375,4677500,0.0,0.0
2015-01-02,4795.192887931034,4842.90625,4795.192887931034,4842.90625,1674800,0.0,0.0
2015-01-02,4842.906015433517,4914.476055070466,4795.192655675552,4866.7626953125,5442800,0.0,0.0
2015-01-02,4866.762732872597,5009.902813251202,4866.762732872597,4962.189453125,22183100,0.0,0.0
2015-01-02,4962.189453125,4986.0461331881015,4890.619412935697,4962.189453125,2541100,0.0,0.0
2015-01-02,4962.189219497608,4986.0458984375,4866.7625037380385,4986.0458984375,6289400,0.0,0.0
2015-01-02,4938.332540557715,5033.759256317285,4938.332540557715,4986.0458984375,14004400,0.0,0.0
2015-01-02,4986.046114134557,5033.759474078428,4914.47607421875,4914.47607421875,7582700,0.0,0.0
2015-01-02,4914.476092998799,4986.0461331881015,4890.619412935697,4962.189453125,3225300,0.0,0.0
2015-01-02,4986.0458984375,5009.902577377393,4962.189219497608,4986.0458984375,3004300,0.0,0.0
2015-01-02,4986.046402917655,5153.043172393365,4962.189721563981,5033.759765625,10337300,0.0,0.0
2015-01-02,5081.472696752592,5200.756093389977,5057.616017425115,5176.8994140625,9745800,0.0,0.0
2015-01-02,5200.756365411932,5343.896448863637,5105.329643110796,5248.4697265625,11253300,0.0,0.0
2015-01-02,5248.4697265625,5296.183087713069,5129.18632368608,5248.4697265625,5802800,0.0,0.0
2015-01-02,5248.469431322675,5248.469431322675,5057.615997456395,5129.18603515625,7575500,0.0,0.0
2015-01-02,5105.329355922965,5153.042714389535,5057.615997456395,5129.18603515625,2663400,0.0,0.0
2015-01-02,5129.18603515625,5224.61275208939,5105.329355922965,5129.18603515625,3693100,0.0,0.0
2015-01-02,5153.04323630137,5224.61328125,5129.186554651827,5224.61328125,5442200,0.0,0.0
2015-01-02,5224.613028150086,5224.613028150086,5153.042986668578,5200.75634765625,3747200,0.0,0.0
2015-01-02,5200.756822374132,5248.470187717015,5153.04345703125,5153.04345703125,5082300,0.0,0.0
2015-01-02,5176.899917950914,5224.61328125,5153.04323630137,5224.61328125,5629300,0.0,0.0
2015-01-02,5248.469452044931,5248.469452044931,5176.8994140625,5176.8994140625,4892500,0.0,0.0
2015-01-02,5176.899870250147,5176.899870250147,5033.759781671802,5081.47314453125,6029300,0.0,0.0
2015-01-02,5081.472853440505,5129.186213566707,4938.332773061899,4962.189453125,7504200,0.0,0.0
2015-01-02,4986.046370206824,4986.046370206824,4742.708221995773,4938.3330078125,22262600,0.0,0.0
2015-01-02,4938.332974137931,4962.189655172414,4842.90625,4842.90625,3029700,0.0,0.0
2015-01-02,4842.906472167969,4914.476518554688,4761.793752929688,4771.33642578125,7405200,0.0,0.0
2015-01-02,4771.33642578125,4795.193107910157,4714.080388671875,4771.33642578125,10027600,0.0,0.0
2015-01-02,4771.3363218499,4890.619729896147,4752.2509765625,4752.2509765625,6711200,0.0,0.0
2015-01-02,4752.250872212071,4771.336217080393,4656.824147870464,4733.16552734375,10673600,0.0,0.0
2015-01-02,4771.336239432368,4938.3330078125,4761.793566953503,4938.3330078125,10766200,0.0,0.0
2015-01-02,4938.332773061899,5033.759493314303,4819.0493727463945,4962.189453125,12275100,0.0,0.0
2015-01-02,4938.332734949448,4986.046094707414,4842.906015433517,4866.7626953125,8093000,0.0,0.0
2015-01-02,4866.762931034483,4914.476293103448,4795.192887931034,4842.90625,4702100,0.0,0.0
2015-01-02,4842.90623299518,4914.476275847325,4795.19287109375,4795.19287109375,4397200,0.0,0.0
2015-01-02,4819.049335554534,4890.6193751914825,4795.192655675552,4866.7626953125,5159100,0.0,0.0
2015-01-02,4842.906266673019,4938.332991139482,4819.049585556402,4890.61962890625,4658900,0.0,0.0
2015-01-02,4938.332809736144,5105.329571418043,4914.476129495873,5057.6162109375,12811900,0.0,0.0
2015-01-02,5105.330050223214,5105.330050223214,4962.189955357143,5009.9033203125,4505100,0.0,0.0
2015-01-02,5033.760002790178,5081.473367745535,5009.9033203125,5009.9033203125,6680000,0.0,0.0
2015-01-02,5009.903100242077,5129.186507390698,4938.333055952905,5081.47314453125,7988200,0.0,0.0
2015-01-02,5129.186507390698,5153.043188820422,4962.189737382629,5081.47314453125,9892200,0.0,0.0
2015-01-02,5057.616446978674,5105.329809686019,5009.903084271327,5033.759765625,3103500,0.0,0.0
2015-01-02,5057.615935257177,5057.615935257177,4962.189219497608,4986.0458984375,4180500,0.0,0.0
2015-01-02,4986.0458984375,5033.759256317285,4962.189219497608,4986.0458984375,3403100,0.0,0.0
2015-01-02,4986.0461331881015,5033.759493314303,4962.189453125,4962.189453125,2898400,0.0,0.0
2015-01-02,4962.189672256098,4962.189672256098,4842.906266673019,4890.61962890625,5703600,0.0,0.0
2015-01-02,4890.61962890625,4986.046353372713,4866.762947789634,4890.61962890625,2946400,0.0,0.0
2015-01-02,4914.47607421875,4986.046114134557,4914.47607421875,4914.47607421875,2113600,0.0,0.0
2015-01-02,4914.475861617823,5009.902577377393,4914.475861617823,4986.0458984375,2019800,0.0,0.0
2015-01-02,5033.759781671802,5153.043188820422,5033.759781671802,5081.47314453125,8166400,0.0,0.0
2015-01-02,5081.472853440505,5105.329533503606,4962.189453125,4962.189453125,5918500,0.0,0.0
2015-01-02,4986.046370206824,5009.903051403986,4866.762964221015,4938.3330078125,12640100,0.0,0.0
2015-01-02,4938.332991139482,4938.332991139482,4842.906266673019,4890.61962890625,3361200,0.0,0.0
2015-01-02,4866.763154296875,4866.763154296875,4771.33642578125,4771.33642578125,5703300,0.0,0.0
2015-01-02,4771.336190143034,4819.049552044465,4771.336190143034,4795.19287109375,4912600,0.0,0.0
2015-01-02,4795.193107910157,4795.193107910157,4742.7084072265625,4771.33642578125,6279500,0.0,0.0
2015-01-02,4771.336190143034,4795.19287109375,4723.622828241604,4795.19287109375,5142500,0.0,0.0
2015-01-02,4795.192881038379,4795.192881038379,4685.4521484375,4685.4521484375,6668200,0.0,0.0
2015-01-02,4685.4523701171875,4771.33642578125,4685.4523701171875,4771.33642578125,3383200,0.0,0.0
2015-01-02,4795.192809936279,4795.192809936279,4752.25078477267,4761.79345703125,2775300,0.0,0.0
2015-01-02,4761.793752929688,4795.193107910157,4752.251080078126,4771.33642578125,2580700,0.0,0.0
2015-01-02,4771.336190143034,4842.90623299518,4742.708173002176,4795.19287109375,5593900,0.0,0.0
2015-01-02,4795.192887931034,4842.90625,4723.622844827586,4842.90625,13506600,0.0,0.0
2015-01-02,4771.336410984848,4795.193093039773,4694.995028409091,4723.623046875,7457600,0.0,0.0
2015-01-02,4723.622538663903,4742.707882254464,4675.9091796875,4675.9091796875,4458000,0.0,0.0
2015-01-02,4685.4521484375,4742.708182837959,4685.4521484375,4685.4521484375,3059600,0.0,0.0
2015-01-02,4714.08037405303,4723.623046875,4685.452355587121,4723.623046875,2938800,0.0,0.0
2015-01-02,4694.9946475729375,4795.192704076018,4694.9946475729375,4742.7080078125,6305800,0.0,0.0
2015-01-02,4752.250679860413,4819.0493841958,4723.622663716675,4742.7080078125,4227300,0.0,0.0
2015-01-02,4795.192525890261,5153.042714389535,4752.250503270348,5129.18603515625,24143100,0.0,0.0
2015-01-02,5129.18603515625,5224.61275208939,5081.47267668968,5129.18603515625,13629200,0.0,0.0
2015-01-02,5129.1860554075465,5248.469452044931,5105.32937608007,5176.8994140625,5832500,0.0,0.0
2015-01-02,5176.8994140625,5296.182810699885,5057.616017425115,5176.8994140625,8667500,0.0,0.0
2015-01-02,5200.756614995758,5391.610068757071,5200.756614995758,5272.32666015625,9880200,0.0,0.0
2015-01-02,5296.183069631595,5320.03975012543,5105.329625680906,5200.75634765625,4716400,0.0,0.0
2015-01-02,5200.756644965278,5487.036827256945,5200.756644965278,5367.75341796875,16110200,0.0,0.0
2015-01-02,5391.609628820209,5510.893027687913,5391.609628820209,5415.46630859375,7331400,0.0,0.0
2015-01-02,5415.466766220571,5439.323448010089,5224.613311904428,5320.0400390625,3304400,0.0,0.0
2015-01-02,5415.466508745073,5415.466508745073,5272.326424813486,5296.18310546875,2646600,0.0,0.0
2015-01-02,5343.8964306192665,5343.8964306192665,5176.8996671624145,5200.75634765625,3970300,0.0,0.0
2015-01-02,5153.042853860294,5153.042853860294,4819.049335554534,4866.7626953125,16577200,0.0,0.0
2015-01-02,4914.476092998799,5009.902813251202,4795.192692683294,4962.189453125,4460800,0.0,0.0
2015-01-02,5009.902813251202,5033.759493314303,4914.476092998799,4962.189453125,2820500,0.0,0.0
2015-01-02,4962.189219497608,5057.615935257177,4938.332540557715,4986.0458984375,2977700,0.0,0.0
2015-01-02,5033.759548864632,5129.186270170123,4914.476147232769,5105.32958984375,3053000,0.0,0.0
2015-01-02,5105.329533503606,5105.329533503606,4962.189453125,4962.189453125,2939000,0.0,0.0
2015-01-02,4962.189453125,5057.616173377404,4914.476092998799,4962.189453125,2289000,0.0,0.0
2015-01-02,4986.046549479166,4986.046549479166,4723.623046875,4723.623046875,8001300,0.0,0.0
2015-01-02,4723.622597269492,4914.476035543007,4704.537253442141,4819.04931640625,4144800,0.0,0.0
2015-01-02,4842.90654296875,5057.616685267857,4842.90654296875,5009.9033203125,5916300,0.0,0.0
2015-01-02,5009.902754679764,5009.902754679764,4795.1926366220605,4819.04931640625,2972700,0.0,0.0
2015-01-02,4819.049459754874,5248.469708643922,4819.049459754874,5200.75634765625,10468000,0.0,0.0
2015-01-02,5200.756093389977,5200.756093389977,5009.902658770162,5176.8994140625,4601600,0.0,0.0
2015-01-02,5176.9002411941,5534.75048828125,5057.616825498384,5534.75048828125,9892400,0.0,0.0
2015-01-02,5343.896148255813,5343.896148255813,5105.329355922965,5129.18603515625,7213400,0.0,0.0
2015-01-02,5153.042714389535,5296.182789789244,5105.329355922965,5129.18603515625,7449600,0.0,0.0
2015-01-02,5129.18632368608,5343.896448863637,5105.329643110796,5248.4697265625,5956800,0.0,0.0
2015-01-02,5248.469962899543,5296.18332619863,5105.329873002283,5224.61328125,5432400,0.0,0.0
2015-01-02,5248.46974415822,5296.18310546875,5129.186340881897,5296.18310546875,4186900,0.0,0.0
2015-01-02,5320.039589499587,5415.46630859375,5224.612870405424,5415.46630859375,5896900,0.0,0.0
2015-01-02,5415.466544092229,5510.893267336145,5320.039820848313,5391.60986328125,4470800,0.0,0.0
2015-01-02,5343.896484375,5439.323207310268,5320.039803641183,5343.896484375,1995900,0.0,0.0
2015-01-02,5391.609845842634,5415.466526576451,5296.183122907366,5343.896484375,2320600,0.0,0.0
2015-01-02,5343.896689497717,5439.32341609589,5200.756599600457,5224.61328125,4585700,0.0,0.0
2015-01-02,5272.326389137758,5320.03975012543,5105.329625680906,5200.75634765625,7429200,0.0,0.0
2015-01-02,5200.756822374132,5200.756822374132,5033.760043674046,5153.04345703125,5692900,0.0,0.0
2015-01-02,5250.270330255682,5347.49755859375,5128.7362948330965,5347.49755859375,9478700,100.0,0.0
2015-01-02,5298.8841236255785,5371.804547345197,5201.6568919994215,5250.2705078125,3809300,0.0,0.0
2015-01-02,5250.2705078125,5298.8841236255785,5128.736468279803,5250.2705078125,12920200,0.0,0.0
2015-01-02,5250.270176318807,5396.111014549885,5201.656563575114,5298.8837890625,4837200,0.0,0.0
2015-01-02,5298.883465041763,5347.497074812788,5225.963050385225,5274.57666015625,3977300,0.0,0.0
2015-01-02,5274.577171578791,5274.577171578791,5055.815906398104,5128.736328125,6134500,0.0,0.0
2015-01-02,5128.736328125,5225.963557094195,5104.429520882702,5128.736328125,3778500,0.0,0.0
2015-01-02,5080.122713640403,5177.349942609597,4982.895484671209,5128.736328125,33088800,0.0,0.0
2015-01-02,5153.043171797649,5153.043171797649,4885.668290242111,4909.97509765625,12990400,0.0,0.0
2015-01-02,4934.281881479116,5055.81591796875,4861.361459585337,5055.81591796875,30374300,0.0,0.0
2015-01-02,4934.281748046875,5031.508974609375,4861.361328125,4861.361328125,14371900,0.0,0.0
2015-01-02,4909.974774564676,4982.8951920087065,4885.66796875,4885.66796875,5118000,0.0,0.0
2015-01-02,4885.667961569394,4958.58837890625,4851.63843347886,4958.58837890625,12752800,0.0,0.0
2015-01-02,4958.58871248453,4982.89551989867,4885.668290242111,4909.97509765625,6355600,0.0,0.0
2015-01-02,4909.975076085592,4934.281883392947,4822.470569779116,4841.916015625,5883500,0.0,0.0
2015-01-02,4885.66796875,4909.974774564676,4832.192995957711,4885.66796875,7221600,0.0,0.0
2015-01-02,4885.668125096213,4934.28173828125,4861.361318503695,4934.28173828125,4147300,0.0,0.0
2015-01-02,4958.5885546875,4958.5885546875,4851.63860546875,4861.361328125,5130300,0.0,0.0
2015-01-02,4885.668290242111,4909.97509765625,4851.638759862314,4909.97509765625,3196400,0.0,0.0
2015-01-02,4934.281893102134,5007.202315167683,4885.668278391769,4982.8955078125,4271900,0.0,0.0
2015-01-02,4982.895361328126,5007.2021679687505,4861.361328125,4861.361328125,16216100,0.0,0.0
2015-01-02,4861.361037317656,4885.667842504244,4812.747426944479,4832.19287109375,6879500,0.0,0.0
2015-01-02,4851.638595866687,4934.28173828125,4841.91587322968,4934.28173828125,1210200,0.0,0.0
2015-01-02,4934.281580379353,4934.281580379353,4861.361162935324,4885.66796875,2498900,0.0,0.0
2015-01-02,4885.66796875,4885.66796875,4851.638440609452,4885.66796875,5014900,0.0,0.0
2015-01-02,4909.97494140625,4909.97494140625,4861.361328125,4861.361328125,1057100,0.0,0.0
2015-01-02,4861.361461470883,4885.668268778238,4841.916015625,4841.916015625,4851900,0.0,0.0
2015-01-02,4861.361162935324,4909.974774564676,4822.47027363184,4885.66796875,3906300,0.0,0.0
2015-01-02,4885.66796875,4909.974774564676,4861.361162935324,4885.66796875,3425800,0.0,0.0
2015-01-02,4909.974774564676,4909.974774564676,4832.192995957711,4885.66796875,4646900,0.0,0.0
2015-01-02,4885.667842504244,4885.667842504244,4832.19287109375,4832.19287109375,4304300,0.0,0.0
2015-01-02,4832.192937051096,4861.361103673135,4812.747492636404,4822.47021484375,7863600,0.0,0.0
2015-01-02,4822.4707702020205,4841.916216856061,4803.0253235479795,4812.748046875,6935500,0.0,0.0
2015-01-02,4812.747758074504,4812.747758074504,4773.856867100165,4783.57958984375,6595200,0.0,0.0
2015-01-02,4783.579770163382,4812.747939493646,4676.629815952411,4686.3525390625,10576800,0.0,0.0
2015-01-02,4686.351890068135,4715.520055359015,4598.847394195493,4637.73828125,9794700,0.0,0.0
2015-01-02,4666.906685890558,4666.906685890558,4521.065851956478,4530.78857421875,15147400,0.0,0.0
2015-01-02,4550.234375,4579.402544070513,4482.175313835471,4550.234375,10100900,0.0,0.0
2015-01-02,4550.234044661734,4628.01582320296,4550.234044661734,4598.84765625,5984300,0.0,0.0
2015-01-02,4628.01582320296,4628.01582320296,4598.84765625,4598.84765625,4470600,0.0,0.0
2015-01-02,4579.402211614693,4628.01582320296,4521.065877708774,4598.84765625,10204800,0.0,0.0
2015-01-02,4598.8479901175215,4628.016159188034,4550.234375,4550.234375,4453400,0.0,0.0
2015-01-02,4579.402386988729,4579.402386988729,4501.62060546875,4501.62060546875,4717000,0.0,0.0
2015-01-02,4521.066027189556,4550.234195106908,4423.838800798383,4433.5615234375,6598100,0.0,0.0
2015-01-02,4443.284312757555,4462.7297583276095,4365.502530477335,4423.8388671875,6736300,0.0,0.0
2015-01-02,4423.838538128397,4472.4521484375,4384.947649881115,4472.4521484375,3752900,0.0,0.0
2015-01-02,4491.897658803105,4521.065825418709,4443.284047777097,4462.7294921875,4656100,0.0,0.0
2015-01-02,4462.73009765625,4462.73009765625,4375.2255859375,4375.2255859375,3976300,0.0,0.0
2015-01-02,4365.502530477335,4423.8388671875,4365.502530477335,4423.8388671875,3865800,0.0,0.0
2015-01-02,4394.670344405354,4423.8385104080435,4384.9476224044565,4404.39306640625,5539800,0.0,0.0
2015-01-02,4404.393398829869,4443.284289768764,4355.77978515625,4355.77978515625,8787300,0.0,0.0
2015-01-02,4355.779560810811,4384.947727512669,4287.720505173142,4316.888671875,8492600,0.0,0.0
2015-01-02,4326.611533329405,4521.065984265558,4307.166088235789,4511.34326171875,8399800,0.0,0.0
2015-01-02,4511.343220338983,4647.4613347457625,4482.175052966102,4589.125,11620400,0.0,0.0
2015-01-02,4618.292866856598,4725.242806931173,4579.401979556754,4705.79736328125,10850900,0.0,0.0
2015-01-02,4705.797737526539,4705.797737526539,4579.40234375,4579.40234375,6442300,0.0,0.0
2015-01-02,4598.848010896381,4647.461626233552,4521.0662263569075,4618.29345703125,8892600,0.0,0.0
2015-01-02,4618.293390354188,4686.3524508436185,4589.125221573004,4628.01611328125,4030900,0.0,0.0
2015-01-02,4666.906568877551,4783.57923309949,4666.906568877551,4764.1337890625,14393100,0.0,0.0
2015-01-02,4764.133961995443,4764.133961995443,4608.570404052734,4666.90673828125,9428400,0.0,0.0
2015-01-02,4666.907072368421,4666.907072368421,4589.125287828947,4618.29345703125,2937200,0.0,0.0
2015-01-02,4618.293126424154,4696.074905395508,4618.293126424154,4666.90673828125,5260900,0.0,0.0
2015-01-02,4666.906779661017,4666.906779661017,4569.6795550847455,4589.125,7742500,0.0,0.0
2015-01-02,4618.293126424154,4676.62946065267,4589.124959309896,4666.90673828125,4356800,0.0,0.0
2015-01-02,4666.907140031646,4666.907140031646,4608.57080078125,4608.57080078125,2554200,0.0,0.0
2015-01-02,4647.461060813391,4793.301889081594,4608.570173275204,4773.8564453125,12472700,0.0,0.0
2015-01-02,4793.302513699834,4793.302513699834,4715.520728487666,4754.41162109375,7635500,0.0,0.0
2015-01-02,4773.8570673967915,4773.8570673967915,4715.520728487666,4754.41162109375,3206900,0.0,0.0
2015-01-02,4754.410972406056,4764.133694231017,4686.351919631327,4705.79736328125,9172500,0.0,0.0
2015-01-02,4696.075020006656,4841.915859137297,4696.075020006656,4793.30224609375,10844200,0.0,0.0
2015-01-02,4793.301955117985,4851.638287228954,4764.1337890625,4764.1337890625,9493000,0.0,0.0
2015-01-02,4764.13376075634,4764.13376075634,4696.07470703125,4696.07470703125,6479700,0.0,0.0
2015-01-02,4696.0752821846245,4793.302513699834,4696.0752821846245,4754.41162109375,6043100,0.0,0.0
2015-01-02,4764.133932674632,5007.201990464155,4754.411210363051,4958.58837890625,20514400,0.0,0.0
2015-01-02,4982.895177573973,5080.122400551027,4958.58837182971,5031.5087890625,11083800,0.0,0.0
2015-01-02,5031.508954983313,5080.122568074939,4982.895341891687,5007.2021484375,5509400,0.0,0.0
2015-01-02,5007.201976376488,5104.42919921875,5007.201976376488,5104.42919921875,10787800,0.0,0.0
2015-01-02,5104.429365094198,5153.042978095095,5031.508945592853,5080.12255859375,16980700,0.0,0.0
2015-01-02,5080.122568074939,5104.429374620752,4982.895341891687,5007.2021484375,6645300,0.0,0.0
2015-01-02,5055.816057805165,5177.35009765625,5007.202441864731,5177.35009765625,7749700,0.0,0.0
2015-01-02,5177.349775206368,5177.349775206368,5031.508936468161,5153.04296875,4715300,0.0,0.0
2015-01-02,5153.043135367298,5153.043135367298,5055.815906398104,5128.736328125,4945800,0.0,0.0
2015-01-02,5153.04296875,5153.04296875,5031.508936468161,5153.04296875,6962900,0.0,0.0
2015-01-02,5177.349775206368,5177.349775206368,5055.815742924528,5153.04296875,5159600,0.0,0.0
2015-01-02,5128.736171594647,5128.736171594647,4982.895332591956,5080.12255859375,13313900,0.0,0.0
2015-01-02,5055.815594806763,5104.42920629529,4958.58837182971,5031.5087890625,11452600,0.0,0.0
2015-01-02,5031.508782087054,5104.42919921875,4982.895170665923,5104.42919921875,8496000,0.0,0.0
2015-01-02,5104.4295325646035,5104.4295325646035,4982.89549607497,5055.81591796875,3534900,0.0,0.0
2015-01-02,5104.429030373832,5225.963054906542,5031.508615654206,5201.65625,10163000,0.0,0.0
2015-01-02,5225.963397596441,5225.963397596441,5080.12255859375,5080.12255859375,5016500,0.0,0.0
2015-01-02,5104.429673745599,5250.270521566901,5080.122865775382,5177.35009765625,9401800,0.0,0.0
2015-01-02,5201.656749851896,5250.270364336493,5128.736328125,5128.736328125,3500400,0.0,0.0
2015-01-02,5250.270055970149,5250.270055970149,4861.361162935324,4885.66796875,12055100,0.0,0.0
2015-01-02,4934.28173828125,5104.4293844288795,4909.974931688732,4934.28173828125,7444200,0.0,0.0
2015-01-02,4934.281699098186,4958.588505497685,4725.2431640625,4725.2431640625,6422600,0.0,0.0
2015-01-02,4705.798090277778,4885.668471827651,4686.352643623737,4812.748046875,7787300,0.0,0.0
2015-01-02,4861.361394664328,4885.66820163765,4812.747780717686,4851.638671875,5249900,0.0,0.0
2015-01-02,4885.668134765625,4982.895361328126,4822.4704375,4861.361328125,7851100,0.0,0.0
2015-01-02,4861.361663510101,4909.975280145202,4812.748046875,4812.748046875,1748300,0.0,0.0
2015-01-02,4861.361162935324,4934.281580379353,4783.579384328358,4885.66796875,3992200,0.0,0.0
2015-01-02,4909.975170594528,4909.975170594528,4686.3525390625,4686.3525390625,4517100,0.0,0.0
2015-01-02,4812.74771484375,4861.361328125,4715.52048828125,4861.361328125,4817800,0.0,0.0
2015-01-02,4812.748046875,4934.282088462753,4783.579876893939,4812.748046875,8156700,0.0,0.0
2015-01-02,4885.66808629919,4909.974892698689,4725.2431640625,4725.2431640625,6101700,0.0,0.0
2015-01-02,4793.30226953125,4885.668134765625,4744.68865625,4861.361328125,5033500,0.0,0.0
2015-01-02,5055.815742924528,5177.349775206368,4934.281710642688,5153.04296875,12186600,0.0,0.0
2015-01-02,5153.04296875,5177.349775206368,5080.122549380896,5153.04296875,6493600,0.0,0.0
2015-01-02,5177.349775206368,5177.349775206368,5104.429355837264,5153.04296875,7150200,0.0,0.0
2015-01-02,5128.736012039553,5153.042817783817,5007.201983318237,5031.5087890625,7397800,0.0,0.0
2015-01-02,5080.122713640403,5225.963557094195,5080.122713640403,5128.736328125,8259800,0.0,0.0
2015-01-02,5153.042959665698,5250.270185319768,5128.73615325218,5225.96337890625,7344700,0.0,0.0
2015-01-02,5250.270185319768,5274.5769917332855,5201.656572492733,5225.96337890625,14044700,0.0,0.0
2015-01-02,5225.963557094195,5250.270364336493,5080.122713640403,5128.736328125,2182700,0.0,0.0
2015-01-02,5128.736171594647,5177.349784595544,5031.508945592853,5080.12255859375,3096600,0.0,0.0
2015-01-02,5104.42920629529,5104.42920629529,4982.895177573973,5031.5087890625,6776200,0.0,0.0
2015-01-02,5080.12255859375,5104.429365094198,5007.202139092404,5080.12255859375,4432500,0.0,0.0
2015-01-02,5104.4295325646035,5104.4295325646035,4982.89549607497,5055.81591796875,6443300,0.0,0.0
2015-01-02,5128.736004929316,5201.656422061012,5031.508782087054,5104.42919921875,4258000,0.0,0.0
2015-01-02,5055.81591796875,5104.4295325646035,5007.2023033728965,5055.81591796875,4485000,0.0,0.0
2015-01-02,5104.4295325646035,5177.349954458384,5031.509110670823,5055.81591796875,7806900,0.0,0.0
2015-01-02,5104.4295325646035,5153.043147160457,5055.81591796875,5055.81591796875,20193600,0.0,0.0
2015-01-02,5036.257615309495,5158.496877817007,5036.257615309495,5085.1533203125,5364200,30.0,0.0
2015-01-02,5085.1533203125,5207.392582820012,5085.1533203125,5085.1533203125,5656800,0.0,0.0
2015-01-02,5158.49677827826,5182.944630308015,5085.153222188996,5109.60107421875,3874700,0.0,0.0
2015-01-02,5207.392482337769,5231.840334367524,5036.257518129486,5109.60107421875,2421800,0.0,0.0
2015-01-02,5109.60107421875,5256.288186397279,5109.60107421875,5109.60107421875,3806100,0.0,0.0
2015-01-02,5182.94473031851,5182.94473031851,5060.705467810998,5085.1533203125,4284400,0.0,0.0
2015-01-02,5036.257520488664,5109.601076612285,4987.36181640625,4987.36181640625,4645100,0.0,0.0
2015-01-02,5085.153419384058,5109.601272361866,5036.257713428442,5060.70556640625,4583100,0.0,0.0
2015-01-02,5060.705372529871,5158.4967806947,4987.36181640625,4987.36181640625,4789600,0.0,0.0
2015-01-02,5036.257832429847,5036.257832429847,4723.325306919643,4791.779296875,7136900,0.0,0.0
2015-01-02,4791.779025382521,4850.453870591286,4713.5458984375,4713.5458984375,3202700,0.0,0.0
2015-01-02,4713.545761555309,4733.104042723588,4654.87091805047,4674.42919921875,4443100,0.0,0.0
2015-01-02,4674.42919921875,4791.778886228425,4664.65005863461,4674.42919921875,17649100,0.0,0.0
2015-01-02,4723.325014361213,4987.36181640625,4713.54587354473,4987.36181640625,7437200,0.0,0.0
2015-01-02,4987.362115205224,5011.809968711132,4889.570701181592,4914.0185546875,2528700,0.0,0.0
2015-01-02,4889.570504926109,5011.809767549261,4889.570504926109,4962.9140625,3909300,0.0,0.0
2015-01-02,5036.25782221704,5036.25782221704,4914.0185546875,4914.0185546875,3223500,0.0,0.0
2015-01-02,4889.570504926109,4962.9140625,4870.012222906404,4962.9140625,3867500,0.0,0.0
2015-01-02,4987.36181640625,5036.257520488664,4962.913964365043,4987.36181640625,4427600,0.0,0.0
2015-01-02,5011.809767549261,5011.809767549261,4914.018357450739,4962.9140625,2498400,0.0,0.0
2015-01-02,5011.809959041262,5036.2578125,4914.018545206311,5036.2578125,4209300,0.0,0.0
2015-01-02,5036.257421875,5158.4966796875,4987.36171875,5134.048828125,4348100,0.0,0.0
2015-01-02,5134.049216898697,5231.84063055391,5036.257803243483,5158.4970703125,2674800,0.0,0.0
2015-01-02,5207.392777140107,5207.392777140107,5085.15351007109,5158.4970703125,1558300,0.0,0.0
2015-01-02,5158.496971274322,5182.94482421875,5109.601265385466,5182.94482421875,1795800,0.0,0.0
2015-01-02,5182.944817468318,5305.18408203125,5134.049111643146,5305.18408203125,4568800,0.0,0.0
2015-01-02,5305.184172617364,5525.214852587669,5305.184172617364,5402.9755859375,12826600,0.0,0.0
2015-01-02,5451.871192725929,5451.871192725929,5305.184075432855,5427.42333984375,2208200,0.0,0.0
2015-01-02,5451.8708984375,5451.8708984375,5280.7359375,5378.52734375,2947400,0.0,0.0
2015-01-02,5476.319052419355,5476.319052419355,5280.736229118664,5305.18408203125,2130300,0.0,0.0
2015-01-02,5427.4231458690065,5427.4231458690065,5280.736033818493,5354.07958984375,2535000,0.0,0.0
2015-01-02,5280.736222550676,5427.42333984375,5280.736222550676,5427.42333984375,2913900,0.0,0.0
2015-01-02,5329.631737835331,5402.975293860588,5256.288181810074,5354.07958984375,3165100,0.0,0.0
2015-01-02,5402.975293860588,5402.975293860588,5305.183885826912,5354.07958984375,1545400,0.0,0.0
2015-01-02,5305.184181495949,5500.767008463542,5256.288474754051,5280.736328125,4151500,0.0,0.0
2015-01-02,5305.184181495949,5354.079888237848,5207.392768012152,5280.736328125,1350200,0.0,0.0
2015-01-02,5280.736229118664,5305.18408203125,5134.049111643146,5305.18408203125,6454600,0.0,0.0
2015-01-02,5329.631941885318,5329.631941885318,5182.94482421875,5182.94482421875,2568400,0.0,0.0
2015-01-02,5158.496978317482,5207.392684273098,5036.257713428442,5060.70556640625,7803400,0.0,0.0
2015-01-02,5109.601172814002,5134.049025315505,5036.257615309495,5085.1533203125,2904600,0.0,0.0
2015-01-02,5134.048926248505,5158.49677827826,5036.257518129486,5109.60107421875,7413200,0.0,0.0
2015-01-02,5085.153125,5158.4966796875,5085.153125,5134.048828125,2749200,0.0,0.0
2015-01-02,5134.048828125,5158.4966796875,4962.9138671875,5134.048828125,11501600,0.0,0.0
2015-01-02,5085.153519417476,5134.0492263349515,4987.362105582524,5036.2578125,3497600,0.0,0.0
2015-01-02,5134.048928653493,5182.944632735906,4987.36181640625,4987.36181640625,5656300,0.0,0.0
2015-01-02,5011.809853607754,5182.94482421875,5011.809853607754,5182.94482421875,5521800,0.0,0.0
2015-01-02,5158.4966796875,5207.3923828125,5109.6009765625,5134.048828125,4368100,0.0,0.0
2015-01-02,5134.049125339674,5182.94483129529,5011.809860450634,5060.70556640625,3927900,0.0,0.0
2015-01-02,5060.705665958738,5060.705665958738,4987.362105582524,5036.2578125,4174500,0.0,0.0
2015-01-02,5085.153519417476,5085.153519417476,4914.018545206311,5036.2578125,16380200,0.0,0.0
2015-01-02,5011.809860450634,5060.70556640625,4938.46630151721,5060.70556640625,12380300,0.0,0.0
2015-01-02,5060.705467810998,5207.392582820012,4987.36191030649,5085.1533203125,19891900,0.0,0.0
2015-01-02,5134.0492263349515,5134.0492263349515,5036.2578125,5036.2578125,3924400,0.0,0.0
2015-01-02,4987.36171875,5036.257421875,4889.5703125,4889.5703125,7974500,0.0,0.0
2015-01-02,4938.466112323836,5011.809668447457,4914.018260282629,4987.36181640625,7527100,0.0,0.0
2015-01-02,5011.809867632271,5036.2577206451115,4914.018455580909,4938.46630859375,6556200,0.0,0.0
2015-01-02,4914.018357450739,4962.9140625,4889.570504926109,4962.9140625,9050700,0.0,0.0
2015-01-02,4962.914261699316,4987.362115205224,4889.570701181592,4914.0185546875,5684800,0.0,0.0
2015-01-02,4914.0181640625,4938.466015625,4850.45375,4889.5703125,8286400,0.0,0.0
2015-01-02,4914.018357450739,4987.36191502463,4870.012222906404,4962.9140625,5705300,0.0,0.0
2015-01-02,4987.36171875,4987.36171875,4879.791171875,4889.5703125,7273100,0.0,0.0
2015-01-02,4938.466214883208,4938.466214883208,4840.6748046875,4840.6748046875,5542200,0.0,0.0
2015-01-02,4850.454009130659,4850.454009130659,4752.66259765625,4752.66259765625,28103300,0.0,0.0
2015-01-02,4752.662441607603,4801.558145739369,4742.88330078125,4742.88330078125,7499900,0.0,0.0
2015-01-02,4752.662441607603,4762.441582433957,4713.545878302191,4742.88330078125,8623300,0.0,0.0
2015-01-02,4742.883477694746,4742.883477694746,4674.429489356884,4723.3251953125,7365700,0.0,0.0
2015-01-02,4733.104159954897,4801.558145739369,4723.325019128544,4742.88330078125,8891800,0.0,0.0
2015-01-02,4733.104200645877,4781.999905198004,4674.429355183325,4684.20849609375,11411300,0.0,0.0
2015-01-02,4693.98779296875,4723.325216674805,4654.871228027344,4693.98779296875,6563900,0.0,0.0
2015-01-02,4742.883477694746,4762.441760076993,4693.98777173913,4723.3251953125,5672600,0.0,0.0
2015-01-02,4723.325080422794,4752.662503282563,4654.87109375,4654.87109375,6967300,0.0,0.0
2015-01-02,4664.650174170425,4762.441582433957,4664.650174170425,4742.88330078125,8071400,0.0,0.0
2015-01-02,4742.883499145508,4742.883499145508,4693.98779296875,4693.98779296875,7668200,0.0,0.0
2015-01-02,4723.32526422316,4850.4541015625,4713.546122889365,4850.4541015625,11969900,0.0,0.0
2015-01-02,4850.453789220648,4870.012070628795,4811.337226404352,4830.8955078125,8150900,0.0,0.0
2015-01-02,4830.895755337252,4938.46630859375,4830.895755337252,4938.46630859375,13059800,0.0,0.0
2015-01-02,4938.466015625,4962.9138671875,4860.232890625,4889.5703125,20260900,0.0,0.0
2015-01-02,4938.466373566658,4938.466373566658,4811.337536227318,4850.4541015625,8820000,0.0,0.0
2015-01-02,4870.012248713796,4870.012248713796,4801.558261282076,4811.33740234375,6287400,0.0,0.0
2015-01-02,4850.453966590448,4850.453966590448,4742.88341491203,4811.33740234375,8729000,0.0,0.0
2015-01-02,4811.337266265369,4811.337266265369,4713.545858414446,4772.220703125,12956600,0.0,0.0
2015-01-02,4782.000064086914,4782.000064086914,4684.208651733398,4693.98779296875,9602800,0.0,0.0
2015-01-02,4693.987699468085,4703.766840508644,4596.1962890625,4596.1962890625,14403600,0.0,0.0
2015-01-02,4605.97525386487,4635.312675864009,4596.19611319849,4615.75439453125,8924900,0.0,0.0
2015-01-02,4615.75455040962,4654.871114396142,4596.196268416358,4625.53369140625,5800900,0.0,0.0
2015-01-02,4625.533846955762,4645.092129606738,4596.196422979298,4635.31298828125,2973000,0.0,0.0
2015-01-02,4635.312811843487,4654.87109375,4615.754529936975,4654.87109375,4241400,0.0,0.0
2015-01-02,4654.870879874741,4733.10400390625,4654.870879874741,4733.10400390625,5006800,0.0,0.0
2015-01-02,4733.104159954897,4752.662441607603,4693.987596649485,4742.88330078125,6665400,0.0,0.0
2015-01-02,4742.88330078125,4752.662441607603,4723.325019128544,4742.88330078125,3132400,0.0,0.0
2015-01-02,4742.883435582822,4830.895705521472,4713.546012269939,4782.0,7207100,0.0,0.0
2015-01-02,4840.674867983218,4840.674867983218,4742.883456508809,4752.66259765625,2485400,0.0,0.0
2015-01-02,4762.441676530934,4840.6748046875,4762.441676530934,4840.6748046875,5329500,0.0,0.0
2015-01-02,4840.674628827654,4879.791191484846,4801.55806617046,4860.23291015625,6314400,0.0,0.0
2015-01-02,4860.233178952661,4938.46630859375,4840.6748965423885,4938.46630859375,10163900,0.0,0.0
2015-01-02,4938.466015625,4938.466015625,4879.791171875,4889.5703125,3869100,0.0,0.0
2015-01-02,4914.018260282629,4987.36181640625,4821.116422526042,4987.36181640625,9282500,0.0,0.0
2015-01-02,5011.809867632271,5036.2577206451115,4938.46630859375,4938.46630859375,5445000,0.0,0.0
2015-01-02,4938.46635164861,4938.46635164861,4870.012362615857,4879.79150390625,4577900,0.0,0.0
2015-01-02,4889.570504926109,4962.9140625,4879.791363916256,4962.9140625,3497100,0.0,0.0
2015-01-02,4938.4663986650485,5085.153519417476,4938.4663986650485,5036.2578125,11876900,0.0,0.0
2015-01-02,5085.153519417476,5085.153519417476,5011.809959041262,5036.2578125,5797200,0.0,0.0
2015-01-02,5036.257421875,5036.257421875,4914.0181640625,5011.8095703125,3408800,0.0,0.0
2015-01-02,5011.80994982968,5182.944923726303,5011.80994982968,5158.4970703125,11333200,0.0,0.0
2015-01-02,5158.4966796875,5158.4966796875,5011.8095703125,5011.8095703125,5541900,0.0,0.0
2015-01-02,5011.8095703125,5134.048828125,4879.791171875,5134.048828125,10680900,0.0,0.0
2015-01-02,5085.1533742331285,5085.1533742331285,4752.662576687117,4782.0,14790200,0.0,0.0
2015-01-02,4781.99993822948,4870.01220703125,4742.883374317583,4870.01220703125,5666900,0.0,0.0
2015-01-02,4870.012428252551,4870.012428252551,4791.779296875,4791.779296875,2408900,0.0,0.0
2015-01-02,4801.558235837439,4987.36191502463,4781.999953817734,4962.9140625,10048000,0.0,0.0
2015-01-02,4962.914110429448,4962.914110429448,4782.0,4782.0,8186000,0.0,0.0
2015-01-02,4762.441738803691,4811.337444540895,4752.66259765625,4752.66259765625,1990100,0.0,0.0
2015-01-02,4752.662503282563,4762.441644235819,4654.87109375,4654.87109375,4674200,0.0,0.0
2015-01-02,4654.871228027344,4733.104357910156,4654.871228027344,4693.98779296875,4975500,0.0,0.0
2015-01-02,4693.987422997947,4801.557968108316,4674.429142068789,4762.44140625,3291600,0.0,0.0
2015-01-02,4791.778984695185,4811.337266265369,4762.441562339908,4772.220703125,3893200,0.0,0.0
2015-01-02,4772.220764287578,4772.220764287578,4674.429355183325,4684.20849609375,2200800,0.0,0.0
2015-01-02,4693.987657563025,4693.987657563025,4635.312811843487,4654.87109375,2348800,0.0,0.0
2015-01-02,4654.8709375,4703.766640625,4645.091796875,4645.091796875,2224900,0.0,0.0
2015-01-02,4693.987858280255,4693.987858280255,4605.9755859375,4605.9755859375,2703000,0.0,0.0
2015-01-02,4635.312715849651,4635.312715849651,4557.07958984375,4557.07958984375,4177600,0.0,0.0
2015-01-02,4557.079724900266,4645.091994265293,4488.625737616357,4596.1962890625,6700100,0.0,0.0
2015-01-02,4596.196466429621,4674.4295977731035,4576.63818359375,4576.63818359375,10797000,0.0,0.0
2015-01-02,4576.6380278038005,4605.975451058954,4547.300604548648,4566.85888671875,3739600,0.0,0.0
2015-01-02,4615.754375,4664.650078125,4557.07953125,4645.091796875,3413900,0.0,0.0
2015-01-02,4654.871156484208,4674.42943865431,4566.85888671875,4566.85888671875,4699800,0.0,0.0
2015-01-02,4566.858691199351,4684.2083791959085,4566.858691199351,4615.75439453125,2396300,0.0,0.0
2015-01-02,4615.754705630274,4664.6504122577135,4586.41728165381,4635.31298828125,5592900,0.0,0.0
2015-01-02,4635.312823559864,4879.791348009225,4635.312823559864,4870.01220703125,6121800,0.0,0.0
2015-01-02,4860.233264729653,4860.233264729653,4762.441850952397,4821.11669921875,3358300,0.0,0.0
2015-01-02,4821.116386957421,5085.15318705448,4742.883261002737,4801.55810546875,6928000,0.0,0.0
2015-01-02,4811.337246213086,4870.012090679099,4801.55810546875,4801.55810546875,2171000,0.0,0.0
2015-01-02,4811.337557841024,4850.454123351928,4762.441850952397,4821.11669921875,4132700,0.0,0.0
2015-01-02,4801.558373583103,4879.79150390625,4801.558373583103,4879.79150390625,2515800,0.0,0.0
2015-01-02,4879.791368765783,4938.466214883208,4821.116522648359,4840.6748046875,3310700,0.0,0.0
2015-01-02,4850.4539457070705,4860.233086726642,4821.116522648359,4840.6748046875,2055000,0.0,0.0
2015-01-02,4840.674688620646,4840.674688620646,4742.883280769724,4772.220703125,2546700,0.0,0.0
2015-01-02,4772.2205659220035,4811.337127937758,4703.766582394434,4733.10400390625,2474200,0.0,0.0
2015-01-02,4723.324921875,4733.1040625000005,4645.091796875,4645.091796875,3664800,0.0,0.0
2015-01-02,4635.312756878397,4635.312756878397,4498.40478515625,4498.40478515625,5217900,0.0,0.0
2015-01-02,4517.963026840799,4615.754434348176,4517.963026840799,4557.07958984375,21419300,0.0,0.0
2015-01-02,4596.196188385954,4801.558145739369,4596.196188385954,4742.88330078125,3153300,0.0,0.0
2015-01-02,4742.883383365816,4752.662524362448,4625.53369140625,4625.53369140625,2106200,0.0,0.0
2015-01-02,4635.312811843487,4723.325080422794,4635.312811843487,4654.87109375,1903900,0.0,0.0
2015-01-02,4625.533670890231,4713.545939469538,4605.975388983718,4654.87109375,3712000,0.0,0.0
2015-01-02,4791.778866456601,4791.778866456601,4664.650039387344,4703.7666015625,1610900,0.0,0.0
2015-01-02,4703.766777914601,4733.104200645877,4645.091932452049,4684.20849609375,2528300,0.0,0.0
2015-01-02,4684.2084758331175,4762.441602778138,4684.2084758331175,4713.5458984375,3358700,0.0,0.0
2015-01-02,4713.5458984375,4742.883321041883,4674.42933496499,4713.5458984375,2193700,0.0,0.0
2015-01-02,4713.546054121377,4791.779183650362,4684.208630548007,4723.3251953125,3899200,0.0,0.0
2015-01-02,4723.325216674805,4752.66264038086,4693.98779296875,4693.98779296875,1946100,0.0,0.0
2015-01-02,4713.545801195048,4723.324941861427,4615.75439453125,4615.75439453125,3893700,0.0,0.0
2015-01-02,4625.533475106223,4664.650037263569,4459.2880859375,4459.2880859375,5570100,0.0,0.0
2015-01-02,4469.067265625,4537.52125,4400.61328125,4400.61328125,4249400,0.0,0.0
2015-01-02,4488.625644318953,4537.521348505435,4459.288221807065,4498.40478515625,3773100,0.0,0.0
2015-01-02,4498.404667666942,4566.858651740135,4429.95068359375,4429.95068359375,4765300,0.0,0.0
2015-01-02,4449.509041585636,4557.07958984375,4420.171619333422,4557.07958984375,3421200,0.0,0.0
2015-01-02,4557.07960988121,4615.754454643628,4517.963046706263,4527.7421875,2413500,0.0,0.0
2015-01-02,4537.521505558569,4645.092058492069,4508.18408203125,4508.18408203125,3924600,0.0,0.0
2015-01-02,4557.079815673828,4703.766934204102,4557.079815673828,4693.98779296875,6377100,0.0,0.0
2015-01-02,4693.987858280255,4693.987858280255,4605.9755859375,4605.9755859375,3337700,0.0,0.0
2015-01-02,4605.975234375,4645.091796875,4605.975234375,4645.091796875,2742000,0.0,0.0
2015-01-02,4645.091716551678,4645.091716551678,4517.962890625,4517.962890625,5179300,0.0,0.0
2015-01-02,4537.521463463598,4654.871156484208,4537.521463463598,4566.85888671875,3119100,0.0,0.0
2015-01-02,4566.8590421758145,4576.63818359375,4517.963335086138,4576.63818359375,1769500,0.0,0.0
2015-01-02,4576.63818359375,4615.754749265491,4547.300759339943,4576.63818359375,2398000,0.0,0.0
2015-01-02,4605.975607847556,4625.533890683427,4547.300759339943,4576.63818359375,3095700,0.0,0.0
2015-01-02,4596.196193529212,4625.533616041101,4498.40478515625,4498.40478515625,3126100,0.0,0.0
2015-01-02,4508.183925993546,4547.3004893427305,4429.950799295177,4498.40478515625,2969800,0.0,0.0
2015-01-02,4498.404940855477,4547.300646734341,4478.846658503931,4508.18408203125,2122600,0.0,0.0
2015-01-02,4488.625685099463,4508.1839669517485,4410.392557690322,4439.72998046875,1561600,0.0,0.0
2015-01-02,4439.729940132473,4508.183925993546,4439.729940132473,4498.40478515625,1408300,0.0,0.0
2015-01-02,4469.067245921288,4547.300370576366,4429.95068359375,4429.95068359375,1679100,0.0,0.0
2015-01-02,4449.509101049644,4498.404805456784,4439.729960168217,4469.0673828125,1126000,0.0,0.0
2015-01-02,4498.404628778595,4498.404628778595,4439.729785794526,4488.62548828125,2117600,0.0,0.0
2015-01-02,4488.625932459678,4605.975630040322,4478.846790994624,4547.30078125,4451300,0.0,0.0
2015-01-02,4547.300625505119,4566.858907765356,4498.404919854526,4537.521484375,2269500,0.0,0.0
2015-01-02,4557.079787910114,4566.858929085886,4469.067517328159,4508.18408203125,3335700,0.0,0.0
2015-01-02,4508.183886090062,4566.8587305944875,4478.846463837848,4557.07958984375,4764000,0.0,0.0
2015-01-02,4557.079922715054,4576.638205645161,4498.405073924731,4547.30078125,2292900,0.0,0.0
2015-01-02,4566.85901721708,4566.85901721708,4381.055331291759,4390.83447265625,3210000,0.0,0.0
2015-01-02,4400.613437153547,4449.509142010809,4351.717732296286,4410.392578125,2868500,0.0,0.0
2015-01-02,4410.392799670217,4410.392799670217,4293.043102118017,4332.15966796875,2670200,0.0,0.0
2015-01-02,4332.15933817497,4390.834182484337,4097.4599609375,4097.4599609375,10820200,0.0,0.0
2015-01-02,4136.576689983385,4332.159512204822,4077.9018433169545,4322.38037109375,3974000,0.0,0.0
2015-01-02,4322.380318368545,4390.834305311033,4156.134921508216,4165.9140625,6343400,0.0,0.0
2015-01-02,4165.914027841206,4684.20849609375,4165.914027841206,4684.20849609375,3998900,0.0,0.0
2015-01-02,4596.196344675399,4596.196344675399,4293.04296875,4293.04296875,6842100,0.0,0.0
2015-01-02,4302.82183512181,4332.159256724913,4205.030429778132,4214.8095703125,4683700,0.0,0.0
2015-01-02,4214.809907356194,4420.171875,4214.809907356194,4420.171875,2940500,0.0,0.0
2015-01-02,4302.82183512181,4371.275818862384,4214.8095703125,4214.8095703125,3061500,0.0,0.0
2015-01-02,4253.926425198896,4283.263848820958,4205.030719162127,4263.70556640625,2720300,0.0,0.0
2015-01-02,4214.809686251427,4283.263671875,4214.809686251427,4283.263671875,1488600,0.0,0.0
2015-01-02,4273.484795336453,4273.484795336453,4146.35595703125,4146.35595703125,2264900,0.0,0.0
2015-01-02,4205.030585394965,4253.926289876302,4185.472303602431,4224.5888671875,1665800,0.0,0.0
2015-01-02,4253.926113146241,4293.042675106207,4126.797286776354,4244.14697265625,4075000,0.0,0.0
2015-01-02,4293.042734375,4488.6255468750005,4263.7053125,4400.61328125,9986700,0.0,0.0
2015-01-02,4410.392421875,4517.96296875,4351.717578125,4400.61328125,3504300,0.0,0.0
2015-01-02,4410.392598833357,4459.288303920201,4332.159470694406,4381.05517578125,10239100,0.0,0.0
2015-01-02,4371.275760165128,4381.054900568182,4283.263496537642,4302.82177734375,2748500,0.0,0.0
2015-01-02,4390.8340409712355,4400.6131813742895,4214.8095137162645,4302.82177734375,3791500,0.0,0.0
2015-01-02,4302.822047642299,4410.392598833357,4263.705483572824,4381.05517578125,6446500,0.0,0.0
2015-01-02,4312.601251067767,4351.717815703303,4263.705545273348,4293.04296875,5880900,0.0,0.0
2015-01-02,3989.8895551978644,3989.8895551978644,3813.8650159979584,3892.09814453125,10903800,0.0,0.0
2015-01-02,3892.0980167341822,4146.355676118827,3892.0980167341822,3960.552001953125,8359700,0.0,0.0
2015-01-02,4097.460049131841,4293.042867706153,4048.5643444882626,4087.680908203125,7595200,0.0,0.0
2015-01-02,4009.447821459724,4038.7852445435756,3911.6564111802186,4029.006103515625,10474000,0.0,0.0
2015-01-02,4058.3434719509546,4253.926289876302,4058.3434719509546,4224.5888671875,8413800,0.0,0.0
2015-01-02,4273.484453125,4390.834140625,4087.68078125,4156.134765625,16122500,0.0,0.0
2015-01-02,4165.9140625,4244.1471904342725,4117.01835754108,4165.9140625,15851600,0.0,0.0
2015-01-02,4165.914239847435,4165.914239847435,4068.1228257665093,4146.35595703125,7696100,0.0,0.0
2015-01-02,4146.355684720553,4146.355684720553,4009.447713998648,4068.12255859375,6814800,0.0,0.0
2015-01-02,4038.785127917631,4087.6808316454476,3882.318875988619,3960.552001953125,13335600,0.0,0.0
2015-01-02,4019.2268351916764,4097.4599609375,3980.1102723187646,4097.4599609375,15244800,0.0,0.0
2015-01-02,4107.23904333382,4283.263573762412,4097.459902754454,4185.47216796875,21296700,0.0,0.0
2015-01-02,4185.472395538744,4322.38037109375,4175.693254427672,4322.38037109375,10019500,0.0,0.0
2015-01-02,4341.938787485987,4390.83449455227,4283.263939006446,4361.4970703125,5359100,0.0,0.0
2015-01-02,4371.275898701436,4381.055039414415,4322.380195136543,4341.9384765625,6233600,0.0,0.0
2015-01-02,4341.938602503964,4625.53369140625,4341.938602503964,4625.53369140625,9830100,0.0,0.0
2015-01-02,4625.533846955762,4654.871270932225,4478.846727073444,4635.31298828125,11124300,0.0,0.0
2015-01-02,4635.3130544354835,4693.987903225807,4547.30078125,4547.30078125,5709900,0.0,0.0
2015-01-02,4566.85895690918,4733.104357910156,4566.85895690918,4693.98779296875,10077800,0.0,0.0
2015-01-02,4742.88330078125,4840.674709044782,4703.7667374758375,4742.88330078125,9680400,0.0,0.0
2015-01-02,4762.441582433957,4830.895568218428,4723.325019128544,4742.88330078125,10092200,0.0,0.0
2015-01-02,4752.66264038086,4782.000064086914,4664.650369262696,4693.98779296875,3437900,0.0,0.0
2015-01-02,4762.4415228839825,4840.674648516574,4762.4415228839825,4830.8955078125,6764300,0.0,0.0
2015-01-02,4850.453809190428,4860.232949934763,4781.999823980079,4801.55810546875,5125700,0.0,0.0
2015-01-02,4830.895840596476,4830.895840596476,4742.883568196945,4821.11669921875,2284700,0.0,0.0
2015-01-02,4713.546033066486,4801.5583033934545,4713.546033066486,4752.66259765625,3428200,0.0,0.0
2015-01-02,4762.441602778138,4821.116447986904,4713.5458984375,4713.5458984375,3906700,0.0,0.0
2015-01-02,4772.2208588957055,4840.674846625767,4762.441717791411,4782.0,4396900,0.0,0.0
2015-01-02,4781.999843910092,4791.778984695185,4723.324999199539,4772.220703125,6391500,0.0,0.0
2015-01-02,4772.220703125,4781.999843910092,4742.883280769724,4772.220703125,4100900,0.0,0.0
2015-01-02,4782.000042459239,4801.558324841486,4664.650348165761,4723.3251953125,7023900,0.0,0.0
2015-01-02,4723.324863402311,4781.999706425942,4674.429160882619,4733.10400390625,5563200,0.0,0.0
2015-01-02,4742.883144410188,4762.441425418066,4684.208301386557,4733.10400390625,17176300,0.0,0.0
2015-01-02,4733.104294478528,4889.570552147239,4733.104294478528,4782.0,10781300,0.0,0.0
2015-01-02,4820.0,4830.0,4760.0,4790.0,7302900,108.0,0.0
2015-01-02,4790.0,4940.0,4780.0,4940.0,6848900,0.0,0.0
2015-01-02,4940.0,4940.0,4810.0,4860.0,4216400,0.0,0.0
2015-01-02,4860.0,4880.0,4770.0,4830.0,4900400,0.0,0.0
2015-01-02,4840.0,4920.0,4810.0,4920.0,6439700,0.0,0.0
2015-01-02,4950.0,4980.0,4930.0,4970.0,5017300,0.0,0.0
2015-01-02,4970.0,4970.0,4860.0,4900.0,3299000,0.0,0.0
2015-01-02,4870.0,4880.0,4800.0,4800.0,4688600,0.0,0.0
2015-01-02,4800.0,4860.0,4780.0,4860.0,4310700,0.0,0.0
2015-01-02,4860.0,4860.0,4780.0,4790.0,4296100,0.0,0.0
2015-01-02,4790.0,4820.0,4710.0,4710.0,5469500,0.0,0.0
2015-01-02,4710.0,4720.0,4520.0,4650.0,19181500,0.0,0.0
2015-01-02,4580.0,4580.0,4380.0,4410.0,6493400,0.0,0.0
2015-01-02,4430.0,4630.0,4430.0,4590.0,6543200,0.0,0.0
2015-01-02,4600.0,4640.0,4510.0,4610.0,4199900,0.0,0.0
2015-01-02,4610.0,4650.0,4540.0,4650.0,3583500,0.0,0.0
2015-01-02,4740.0,4750.0,4610.0,4700.0,5875800,0.0,0.0
2015-01-02,4800.0,4800.0,4630.0,4660.0,3656400,0.0,0.0
2015-01-02,4660.0,4660.0,4550.0,4650.0,2386100,0.0,0.0
2015-01-02,4660.0,4780.0,4640.0,4760.0,5162700,0.0,0.0
2015-01-02,4760.0,4760.0,4580.0,4580.0,2693600,0.0,0.0
2015-01-02,4610.0,4740.0,4570.0,4740.0,3329000,0.0,0.0
2015-01-02,4720.0,4740.0,4670.0,4710.0,4266200,0.0,0.0
2015-01-02,4710.0,4860.0,4690.0,4860.0,4956300,0.0,0.0
2015-01-02,4870.0,4900.0,4810.0,4860.0,4562500,0.0,0.0
2015-01-02,4880.0,4940.0,4810.0,4940.0,4146400,0.0,0.0
2015-01-02,4900.0,4900.0,4750.0,4830.0,3990900,0.0,0.0
2015-01-02,4840.0,4880.0,4820.0,4820.0,1996000,0.0,0.0
2015-01-02,4840.0,4880.0,4770.0,4770.0,2685700,0.0,0.0
2015-01-02,4820.0,5025.0,4810.0,5025.0,11235200,0.0,0.0
2015-01-02,5050.0,5100.0,4950.0,4950.0,7309800,0.0,0.0
2015-01-02,4970.0,4990.0,4910.0,4950.0,4454600,0.0,0.0
2015-01-02,4950.0,4990.0,4910.0,4940.0,3541500,0.0,0.0
2015-01-02,4980.0,5025.0,4920.0,5025.0,3156300,0.0,0.0
2015-01-02,5025.0,5025.0,4930.0,4950.0,2618300,0.0,0.0
2015-01-02,4970.0,4990.0,4920.0,4990.0,2219600,0.0,0.0
2015-01-02,5025.0,5025.0,4950.0,4970.0,2037000,0.0,0.0
2015-01-02,4970.0,5000.0,4900.0,4910.0,2773600,0.0,0.0
2015-01-02,4900.0,4940.0,4850.0,4890.0,5239100,0.0,0.0
2015-01-02,4850.0,4970.0,4850.0,4930.0,4934300,0.0,0.0
2015-01-02,4900.0,4930.0,4770.0,4770.0,6982800,0.0,0.0
2015-01-02,4780.0,4850.0,4720.0,4800.0,4679100,0.0,0.0
2015-01-02,4810.0,4840.0,4700.0,4700.0,6220600,0.0,0.0
2015-01-02,4750.0,4780.0,4600.0,4620.0,7116500,0.0,0.0
2015-01-02,4620.0,4640.0,4530.0,4530.0,10863200,0.0,0.0
2015-01-02,4530.0,4560.0,4500.0,4500.0,7436200,0.0,0.0
2015-01-02,4500.0,4540.0,4460.0,4460.0,5937700,0.0,0.0
2015-01-02,4480.0,4520.0,4450.0,4460.0,8804600,0.0,0.0
2015-01-02,4470.0,4530.0,4470.0,4480.0,5361000,0.0,0.0
2015-01-02,4480.0,4510.0,4450.0,4450.0,10547000,0.0,0.0
2015-01-02,4470.0,4480.0,4440.0,4440.0,4776000,0.0,0.0
2015-01-02,4460.0,4570.0,4440.0,4520.0,13365600,0.0,0.0
2015-01-02,4560.0,4570.0,4500.0,4510.0,8112900,0.0,0.0
2015-01-02,4500.0,4580.0,4480.0,4530.0,10482100,0.0,0.0
2015-01-02,4520.0,4580.0,4520.0,4520.0,7556800,0.0,0.0
2015-01-02,4520.0,4530.0,4450.0,4480.0,11466100,0.0,0.0
2015-01-02,4500.0,4500.0,4420.0,4430.0,18824500,0.0,0.0
2015-01-02,4420.0,4470.0,4380.0,4380.0,14396700,0.0,0.0
2015-01-02,4390.0,4470.0,4380.0,4380.0,7308700,0.0,0.0
2015-01-02,4380.0,4400.0,4270.0,4270.0,9361900,0.0,0.0
