Date,Open,High,Low,Close,Volume,Dividends,Stock Splits
2015-01-02,3559.3533673724755,3559.3533673724755,3458.2080078125,3458.2080078125,4437900,0.0,0.0
2015-01-02,3458.208160227975,3458.208160227975,3405.227255266265,3410.043701171875,5381900,0.0,0.0
2015-01-02,3371.5120488947086,3453.391627225009,3371.5120488947086,3390.77783203125,4670200,0.0,0.0
2015-01-02,3448.575268416755,3458.208160227975,3385.961471643825,3410.043701171875,5667500,0.0,0.0
2015-01-02,3448.5753085771744,3448.5753085771744,3371.512173189975,3405.227294921875,10796600,0.0,0.0
2015-01-02,3419.6766052246094,3491.923294067383,3400.4108215332035,3467.841064453125,10528600,0.0,0.0
2015-01-02,3467.840938807531,3501.5560590459377,3438.9422643174685,3453.3916015625,4815200,0.0,0.0
2015-01-02,3429.309564779568,3429.309564779568,3371.512212564182,3400.410888671875,7400100,0.0,0.0
2015-01-02,3376.32841760706,3395.5942003038194,3251.100830078125,3251.100830078125,10310000,0.0,0.0
2015-01-02,3202.9365234375,3289.632549635808,3174.037848038064,3202.9365234375,12807700,0.0,0.0
2015-01-02,3188.4871000673693,3217.3857746903363,3164.404871214897,3183.670654296875,4121600,0.0,0.0
2015-01-02,3227.0185236740676,3270.36653369357,3217.3856325586225,3260.733642578125,5972600,0.0,0.0
2015-01-02,3275.18312645505,3371.5120419390223,3275.18312645505,3361.879150390625,7369600,0.0,0.0
2015-01-02,3371.512068031478,3390.7778512773725,3279.999597613481,3299.265380859375,6916000,0.0,0.0
2015-01-02,3361.879275421273,3390.777951141227,3337.7970456546454,3376.32861328125,7988900,0.0,0.0
2015-01-02,3371.512016800721,3429.309365660162,3361.8791253241475,3424.492919921875,8112800,0.0,0.0
2015-01-02,3395.5942778153853,3419.6765067360616,3361.879157326438,3390.77783203125,8390600,0.0,0.0
2015-01-02,3400.410659492514,3472.6573448924964,3342.6133111725276,3458.2080078125,11636800,0.0,0.0
2015-01-02,3458.208000268829,3472.657337317306,3424.492880489049,3429.309326171875,3316000,0.0,0.0
2015-01-02,3438.9422424054455,3438.9422424054455,3361.8791109229705,3366.695556640625,3837400,0.0,0.0
2015-01-02,3371.511867357337,3385.961203931726,3323.347412109375,3323.347412109375,4690300,0.0,0.0
2015-01-02,3347.429791618796,3381.144911822151,3275.18310546875,3275.18310546875,4757200,0.0,0.0
2015-01-02,3308.8982586570164,3328.1640418224138,3231.835125995426,3241.468017578125,8198900,0.0,0.0
2015-01-02,3275.1829792512926,3313.7145437130725,3255.9171970204025,3260.733642578125,7773300,0.0,0.0
2015-01-02,3279.9995512120863,3284.815996955423,3241.4679852653953,3275.18310546875,3669100,0.0,0.0
2015-01-02,3313.714783059675,3429.309484794315,3299.265445342845,3410.043701171875,13004600,0.0,0.0
2015-01-02,3429.309412098464,3540.0876655791726,3410.0436288844276,3448.5751953125,15389000,0.0,0.0
2015-01-02,3448.574942231514,3487.1065058318663,3395.59404228103,3419.67626953125,6932700,0.0,0.0
2015-01-02,3434.1257402316587,3463.0244140625,3381.144838208449,3463.0244140625,2541400,0.0,0.0
2015-01-02,3448.5752020753985,3487.106768579034,3410.0436355717625,3477.473876953125,7792500,0.0,0.0
2015-01-02,3511.188917971448,3516.005363675112,3477.4737980457962,3487.106689453125,7549200,0.0,0.0
2015-01-02,3491.9232342694254,3511.189017630912,3371.512088260135,3385.96142578125,3576800,0.0,0.0
2015-01-02,3400.410589028777,3400.410589028777,3313.7145683453236,3347.4296875,5604300,0.0,0.0
2015-01-02,3357.0627837783986,3395.59435088059,3332.9805543395296,3352.246337890625,2439400,0.0,0.0
2015-01-02,3352.2464519650657,3352.2464519650657,3299.265545396652,3308.8984375,3144500,0.0,0.0
2015-01-02,3313.7145437130725,3323.3474348285176,3255.9171970204025,3260.733642578125,6791300,0.0,0.0
2015-01-02,3260.7336739155785,3304.081684351679,3227.0185546875,3227.0185546875,7577300,0.0,0.0
2015-01-02,3275.182931082589,3284.8158220563614,3227.018476213728,3236.6513671875,4901500,0.0,0.0
2015-01-02,3241.4678603472353,3275.1829792512926,3236.6514147895127,3260.733642578125,5006900,0.0,0.0
2015-01-02,3323.347552360372,3414.860021193484,3323.347552360372,3395.59423828125,17582800,0.0,0.0
2015-01-02,3414.8601868452747,3434.1259706920746,3405.227294921875,3405.227294921875,8545900,0.0,0.0
2015-01-02,3410.0436345232665,3410.0436345232665,3289.6324892364282,3299.265380859375,9569200,0.0,0.0
2015-01-02,3284.8160764080935,3318.5311974269453,3265.55029296875,3265.55029296875,6881900,0.0,0.0
2015-01-02,3289.632568359375,3328.1641357779326,3284.816122432055,3289.632568359375,6285400,0.0,0.0
2015-01-02,3313.714521059783,3328.163857634171,3299.265184485394,3323.347412109375,5639100,0.0,0.0
2015-01-02,3318.5311641052695,3318.5311641052695,3275.1831518020076,3299.265380859375,2850100,0.0,0.0
2015-01-02,3308.898138102695,3318.531029334435,3251.1007907122553,3255.917236328125,6224300,0.0,0.0
2015-01-02,3227.0184280418384,3231.8348734568262,3202.9362009668994,3212.569091796875,8517500,0.0,0.0
2015-01-02,3246.284320680566,3246.284320680566,3164.4047458266054,3169.22119140625,8025700,0.0,0.0
2015-01-02,3169.2213959064397,3198.1200712490513,3169.2213959064397,3174.037841796875,4645000,0.0,0.0
2015-01-02,3174.037776499234,3241.468017578125,3174.037776499234,3241.468017578125,8146800,0.0,0.0
2015-01-02,3241.467931088845,3241.467931088845,3212.5692571118275,3222.2021484375,2782600,0.0,0.0
2015-01-02,3217.3856950532618,3227.0185863558163,3178.854129843043,3193.303466796875,3122700,0.0,0.0
2015-01-02,3217.385788621378,3246.2844633694745,3202.9364512473303,3241.468017578125,4969000,0.0,0.0
2015-01-02,3227.0186870052466,3270.36669921875,3227.0186870052466,3270.36669921875,5581500,0.0,0.0
2015-01-02,3304.0818598474375,3323.347643286781,3251.1009553892422,3265.55029296875,6632900,0.0,0.0
2015-01-02,3284.815982293226,3294.4488737369015,3212.5692964656623,3217.3857421875,6644700,0.0,0.0
2015-01-02,3212.5693217736166,3212.5693217736166,3130.6897438573474,3154.77197265625,8119800,0.0,0.0
2015-01-02,3130.6895794948796,3164.404698043286,3111.4237974672187,3145.138916015625,3406200,0.0,0.0
2015-01-02,3130.6896267690922,3169.22119140625,3130.6896267690922,3169.22119140625,3768100,0.0,0.0
2015-01-02,3174.037636985895,3183.6705281451846,3154.771854667316,3169.22119140625,3086300,0.0,0.0
2015-01-02,3169.2211348048686,3178.8540257921177,3116.240234375,3116.240234375,5371700,0.0,0.0
2015-01-02,3116.240281929999,3149.9554008998753,3087.341608527248,3140.322509765625,2237700,0.0,0.0
2015-01-02,3140.3225248074646,3154.771861578051,3048.81005859375,3048.81005859375,5970800,0.0,0.0
2015-01-02,3077.7088657272197,3106.6075405227803,3063.259528329439,3092.158203125,2651000,0.0,0.0
2015-01-02,3130.689570855873,3130.689570855873,3096.9744524005023,3116.240234375,4889600,0.0,0.0
2015-01-02,3116.2405580032705,3125.8734499909156,3087.3418820403344,3106.607666015625,3645000,0.0,0.0
2015-01-02,3106.607533580852,3106.607533580852,3053.62662990738,3063.259521484375,4993900,0.0,0.0
2015-01-02,3101.7908802903544,3101.7908802903544,3058.44287109375,3058.44287109375,5415700,0.0,0.0
2015-01-02,3058.44287109375,3072.892207492618,3048.8099801611716,3058.44287109375,3353500,0.0,0.0
2015-01-02,3034.3606969321645,3034.3606969321645,2957.2975681211888,2962.114013671875,5513300,0.0,0.0
2015-01-02,2976.563274486645,2995.8290561985323,2846.519247931403,2851.335693359375,6121500,0.0,0.0
2015-01-02,2870.6017274378137,2923.5826318032764,2870.6017274378137,2880.234619140625,6231200,0.0,0.0
2015-01-02,2880.234619140625,2904.3168483976538,2870.6017274378137,2880.234619140625,1886000,0.0,0.0
2015-01-02,2870.6016593070653,2885.0509965183423,2755.006961616848,2769.456298828125,6069400,0.0,0.0
2015-01-02,2798.3549732506794,2803.1714189877716,2745.374070142663,2769.456298828125,11852400,0.0,0.0
2015-01-02,2769.456227620443,2798.35490129996,2644.228641675866,2658.677978515625,13484800,0.0,0.0
2015-01-02,2663.4947807553535,2677.944119529795,2581.615194366853,2586.431640625,9890800,0.0,0.0
2015-01-02,2586.4310847011184,2629.779091707282,2581.6146394782113,2624.962646484375,5781100,0.0,0.0
2015-01-02,2653.8615820126843,2673.1273648222136,2509.3682109412134,2533.450439453125,10046200,0.0,0.0
2015-01-02,2533.4503707480644,2730.924639190404,2514.1845884610066,2721.291748046875,15742200,0.0,0.0
2015-01-02,2721.291700090681,2721.291700090681,2552.7161080496653,2697.20947265625,13042500,0.0,0.0
2015-01-02,2697.2095119633273,2702.0259575204045,2624.9628286071666,2692.39306640625,5753000,0.0,0.0
2015-01-02,2721.291771487913,2745.3739995541778,2639.412196062613,2658.677978515625,4660200,0.0,0.0
2015-01-02,2697.2095434216485,2711.6588802614074,2639.412196062613,2658.677978515625,4129600,0.0,0.0
2015-01-02,2697.2095514112902,3043.993636592742,2697.2095514112902,2986.1962890625,37798600,0.0,0.0
2015-01-02,2981.3800262451173,3140.322741699219,2952.481350708008,3082.525390625,16235700,0.0,0.0
2015-01-02,3130.6898959847385,3130.6898959847385,3034.360976108285,3106.607666015625,9345800,0.0,0.0
2015-01-02,3130.6896578881046,3154.7718860257055,3092.1580928679437,3135.506103515625,10446300,0.0,0.0
2015-01-02,3149.9555730646307,3202.9364771987453,3111.4240064216383,3178.854248046875,7756600,0.0,0.0
2015-01-02,3178.854350428427,3289.6326080948725,3178.854350428427,3284.816162109375,9804700,0.0,0.0
2015-01-02,3294.448817053507,3313.714599609375,3222.202132469,3313.714599609375,10345900,0.0,0.0
2015-01-02,3323.3474986491356,3347.4297269002163,3275.183042146974,3342.61328125,6822000,0.0,0.0
2015-01-02,3361.8792296661727,3414.8601344316853,3332.9805543395296,3352.246337890625,9431000,0.0,0.0
2015-01-02,3251.101084879913,3361.8793440684135,3236.651746724891,3308.8984375,20115100,0.0,0.0
2015-01-02,3337.7969145140896,3347.429806042269,3308.898239929552,3332.98046875,15745800,0.0,0.0
2015-01-02,3352.2462518063585,3385.9613721549854,3304.0817941654623,3332.98046875,8557800,0.0,0.0
2015-01-02,3323.3477299933556,3323.3477299933556,3251.1010402108914,3284.816162109375,3597100,0.0,0.0
2015-01-02,3323.347562902114,3323.347562902114,3270.3666597254137,3275.18310546875,8580800,0.0,0.0
2015-01-02,3251.1009286303038,3279.999603551462,3106.6075540245124,3149.95556640625,8180300,0.0,0.0
2015-01-02,3217.3856871908292,3217.3856871908292,3111.4238831216703,3164.40478515625,6860700,0.0,0.0
2015-01-02,3217.385771922576,3217.385771922576,3005.462158203125,3005.462158203125,4781500,0.0,0.0
2015-01-02,3101.7912200218025,3121.057003997093,2966.9307321947676,3106.607666015625,1876700,0.0,0.0
2015-01-02,3154.77194325104,3159.588388965927,3005.46212608954,3039.17724609375,4315500,0.0,0.0
2015-01-02,3043.993757597245,3068.07598669216,2966.930624493517,2971.7470703125,2632000,0.0,0.0
2015-01-02,2962.114060924899,2986.1962890625,2938.0318327872983,2986.1962890625,930900,0.0,0.0
2015-01-02,2986.1961557433874,3005.4619373933447,2812.8041208937716,2822.43701171875,4567400,0.0,0.0
2015-01-02,2822.4370330224697,2827.2534784713134,2745.3739058409687,2759.8232421875,4071600,0.0,0.0
2015-01-02,2793.538431623341,2817.620659482163,2721.291748046875,2721.291748046875,5716900,0.0,0.0
2015-01-02,2745.3740909569983,2875.418126844435,2745.3740909569983,2856.15234375,13450400,0.0,0.0
2015-01-02,2856.1522571194555,2856.1522571194555,2812.804246471774,2836.886474609375,3757100,0.0,0.0
2015-01-02,2822.437121730123,2822.437121730123,2774.2726657279027,2779.089111328125,4923900,0.0,0.0
2015-01-02,2793.5382619844813,2851.3356053358843,2730.9244733537944,2832.06982421875,2311300,0.0,0.0
2015-01-02,2803.171201893981,2851.335655534771,2706.842294612401,2735.740966796875,9115600,0.0,0.0
2015-01-02,2745.3738183422124,2764.639599523561,2735.7409277515376,2740.557373046875,3642400,0.0,0.0
2015-01-02,2755.006914747807,2798.354925644189,2716.4753495065793,2745.3740234375,3599400,0.0,0.0
2015-01-02,2764.6397581927545,2764.6397581927545,2711.658856903346,2721.291748046875,1671800,0.0,0.0
2015-01-02,2711.6587109375,2755.00671875,2644.2284765625,2649.044921875,4589900,0.0,0.0
2015-01-02,2668.310877646169,2730.9246708039313,2668.310877646169,2687.57666015625,7221500,0.0,0.0
2015-01-02,2697.2094456296127,2706.842336506861,2600.8805368571266,2610.513427734375,8150800,0.0,0.0
2015-01-02,2615.330006788084,2682.760246373781,2610.5135611033916,2653.861572265625,5901300,0.0,0.0
2015-01-02,2653.861524868361,2663.494416065705,2576.798395289606,2629.779296875,6763700,0.0,0.0
2015-01-02,2610.513427734375,2620.146318611624,2581.6147551026293,2610.513427734375,2271200,0.0,0.0
2015-01-02,2600.880615234375,2644.228625488281,2586.4312784830727,2600.880615234375,2961800,0.0,0.0
2015-01-02,2610.513791454082,2629.7795758928573,2576.7986686862246,2596.064453125,3344100,0.0,0.0
2015-01-02,2596.064453125,2600.880899234694,2581.6151147959185,2596.064453125,2790000,0.0,0.0
2015-01-02,2581.6150697858147,2596.064407862974,2552.7163936314955,2571.982177734375,2330300,0.0,0.0
2015-01-02,2571.9822175847207,2586.4315558857584,2552.7164331833374,2567.165771484375,1628900,0.0,0.0
2015-01-02,2552.7162402151134,2552.7162402151134,2437.121542544995,2441.93798828125,12244400,0.0,0.0
2015-01-02,2408.2229856460813,2437.121661473834,2364.8749719044517,2427.48876953125,4965000,0.0,0.0
2015-01-02,2475.653148545578,2485.28604017416,2417.855798774086,2437.12158203125,2820200,0.0,0.0
2015-01-02,2417.85562562751,2461.2036348519077,2374.5076164031125,2398.58984375,4537300,0.0,0.0
2015-01-02,2461.203811102705,2466.020256916996,2413.039352959795,2437.12158203125,6158300,0.0,0.0
2015-01-02,2437.1216216738862,2461.203851137067,2408.2229463180693,2432.30517578125,1820700,0.0,0.0
2015-01-02,2417.8560206309085,2446.75469816833,2292.62841796875,2292.62841796875,8252300,0.0,0.0
2015-01-02,2282.995275099734,2331.159732380319,2244.463709275266,2263.7294921875,6108600,0.0,0.0
2015-01-02,2254.096514132913,2258.912959675932,2234.830731960837,2244.463623046875,1677000,0.0,0.0
2015-01-02,2234.8308286516854,2249.280165905899,2143.318359375,2143.318359375,2744500,0.0,0.0
2015-01-02,2114.419638338956,2133.685420920632,2095.15385575728,2119.236083984375,2292700,0.0,0.0
2015-01-02,2128.8688688458137,2167.400432082842,2042.1728515625,2042.1728515625,3865200,0.0,0.0
2015-01-02,2042.173006126349,2075.8881265105106,2003.6414399730215,2008.4578857421875,1377300,0.0,0.0
2015-01-02,2003.641322544643,2003.641322544643,1888.046630859375,1888.046630859375,8545300,0.0,0.0
2015-01-02,1878.413770799513,1926.5782264610389,1854.33154296875,1854.33154296875,3675800,0.0,0.0
2015-01-02,1854.331588201455,2046.9894155470606,1854.331588201455,2027.7236328125,21758200,0.0,0.0
2015-01-02,2042.1730363175675,2056.6223738386825,1945.844119510135,1960.29345703125,13590900,0.0,0.0
2015-01-02,1960.293282033208,1989.191954495614,1916.945273339599,1921.76171875,4716500,0.0,0.0
2015-01-02,1936.2111175933442,1941.0275631594968,1854.33154296875,1854.33154296875,4530100,0.0,0.0
2015-01-02,1859.1480712890625,1897.6796375333954,1772.4520472393135,1859.1480712890625,5037800,0.0,0.0
2015-01-02,1902.495949193051,1921.7617309570312,1806.1670403731496,1830.249267578125,7820200,0.0,0.0
2015-01-02,1810.9836325996255,1830.2494159251532,1758.0027284544235,1767.6356201171875,7466000,0.0,0.0
2015-01-02,1786.9014034427155,1810.9836325996255,1748.3698367916597,1767.6356201171875,6824400,0.0,0.0
2015-01-02,1777.2685918102525,1777.2685918102525,1738.7370234241223,1758.0028076171875,2803500,0.0,0.0
2015-01-02,1758.0027490374684,1777.268532588564,1671.3067230575386,1676.1231689453125,5051200,0.0,0.0
2015-01-02,1656.8574101091867,1685.756085866905,1594.2436126341304,1599.06005859375,5212100,0.0,0.0
2015-01-02,1599.0599108653464,1599.0599108653464,1512.3638916015625,1512.3638916015625,4449400,0.0,0.0
2015-01-02,1497.9145649949164,1497.9145649949164,1391.9527629695526,1406.402099609375,9494300,0.0,0.0
2015-01-02,1252.2759217706346,1329.3390554180583,1233.0101383587787,1261.9088134765625,8186500,0.0,0.0
2015-01-02,1237.8265708007812,1295.6239204101562,1175.212775390625,1204.1114501953125,23909800,0.0,0.0
2015-01-02,1237.82666015625,1314.8897985317365,1146.31418333536,1237.82666015625,22538200,0.0,0.0
2015-01-02,1271.5416126049029,1382.3198591576029,1257.092276098029,1363.0540771484375,20581700,0.0,0.0
2015-01-02,1444.9337158203125,1497.914618733724,1416.0350415039063,1444.9337158203125,33397800,0.0,0.0
2015-01-02,1454.5666179965615,1565.3448703605382,1449.750172241606,1488.28173828125,29495200,0.0,0.0
2015-01-02,1488.2816989037299,1512.3639270413305,1343.788330078125,1343.788330078125,24202200,0.0,0.0
2015-01-02,1290.8075321081913,1314.8897621848366,1218.5608418782554,1271.541748046875,34924100,0.0,0.0
2015-01-02,1334.155491480334,1396.769287109375,1281.17458748653,1396.769287109375,25031000,0.0,0.0
2015-01-02,1391.9527780162546,1406.402114812271,1300.4403116414835,1314.8896484375,14392300,0.0,0.0
2015-01-02,1324.522616258308,1348.6048456448227,1281.1746033625816,1290.8074951171875,7339200,0.0,0.0
2015-01-02,1257.0923050590184,1329.3389892578125,1257.0923050590184,1329.3389892578125,14357600,0.0,0.0
2015-01-02,1348.6048014322917,1454.5666072591146,1343.7883557128907,1444.9337158203125,32988400,0.0,0.0
2015-01-02,1396.7692476777277,1420.8514760859644,1367.8705735878436,1401.585693359375,20941100,0.0,0.0
2015-01-02,1420.8514012517155,1497.9145280992661,1416.0349558237435,1425.6678466796875,28632300,0.0,0.0
2015-01-02,1440.117322130602,1531.629794105456,1435.3008762371885,1497.9146728515625,24828100,0.0,0.0
2015-01-02,1473.8324201912715,1493.0982034617457,1391.9528412917564,1396.769287109375,16519300,0.0,0.0
2015-01-02,1435.3008315142463,1502.7310719209559,1420.851494284237,1473.8323974609375,24568900,0.0,0.0
2015-01-02,1507.547462510185,1599.0599282855635,1493.0981258088093,1570.1612548828125,29212200,0.0,0.0
2015-01-02,1589.427010672433,1618.32568359375,1574.9776742117745,1618.32568359375,29346600,0.0,0.0
2015-01-02,1589.427010672433,1647.224356515067,1565.3447832380023,1618.32568359375,13234200,0.0,0.0
2015-01-02,1637.5915666060014,1748.3698196411133,1632.775120821866,1695.388916015625,20424000,0.0,0.0
2015-01-02,1685.7561244046624,1839.8823986359457,1666.490340125752,1801.350830078125,19919700,0.0,0.0
2015-01-02,1854.3316577031062,2037.356600541335,1849.5152118389424,2003.6414794921875,30121300,0.0,0.0
2015-01-02,2027.723568151493,2090.337360042157,1931.394657550472,1945.843994140625,18098900,0.0,0.0
2015-01-02,1916.9454023196374,1965.109859664352,1830.2493790991512,1950.6605224609375,11210500,0.0,0.0
2015-01-02,1994.0083778782894,2138.5017385941073,1960.2932603779318,2104.78662109375,16689800,0.0,0.0
2015-01-02,2143.3184970338593,2451.571044921875,2143.3184970338593,2451.571044921875,27206700,0.0,0.0
2015-01-02,2475.65330554593,2600.880904659148,2335.976368073494,2388.957275390625,17979100,0.0,0.0
2015-01-02,2437.1216959962903,2504.551940549547,2384.140789561588,2393.773681640625,14419700,0.0,0.0
2015-01-02,2408.222856192753,2413.039301905139,2225.197919122104,2234.830810546875,14686700,0.0,0.0
2015-01-02,2234.830898346868,2278.1789114613543,2056.6223999873114,2075.88818359375,22578700,0.0,0.0
2015-01-02,2099.970453306686,2220.381603152253,2061.4388853561045,2071.07177734375,24943700,0.0,0.0
2015-01-02,2119.2361886160716,2254.096673346185,2099.9704050831983,2225.197998046875,25361700,0.0,0.0
2015-01-02,2273.3623435943723,2422.672158533833,2273.3623435943723,2417.855712890625,29261000,0.0,0.0
2015-01-02,2427.4886390422953,2437.1215304670663,2225.197919122104,2234.830810546875,18310600,0.0,0.0
2015-01-02,2263.7293566126627,2311.893811008677,2157.767556941432,2220.38134765625,11458000,0.0,0.0
2015-01-02,2244.4636788817265,2254.096570207399,2124.0525373108185,2148.134765625,24984100,0.0,0.0
2015-01-02,2148.1346189264664,2225.19774426912,2128.868837590803,2196.299072265625,8494400,0.0,0.0
2015-01-02,2181.8499395257795,2239.647288917191,2152.951264830074,2201.11572265625,10865500,0.0,0.0
2015-01-02,2210.7486142214852,2254.0966262650436,2172.2170479605443,2201.11572265625,9211900,0.0,0.0
2015-01-02,2201.1158365522115,2230.014512743269,2157.767822265625,2157.767822265625,5072600,0.0,0.0
2015-01-02,2215.56517464774,2215.56517464774,2157.767822265625,2157.767822265625,5754900,0.0,0.0
2015-01-02,2191.4828266081263,2360.058428654905,2148.1348146532405,2350.425537109375,18319800,0.0,0.0
2015-01-02,2350.425410760309,2422.6720934681057,2331.159628704897,2335.97607421875,16827800,0.0,0.0
2015-01-02,2321.526881496535,2355.2420021821695,2244.4637485007993,2258.9130859375,5572200,0.0,0.0
2015-01-02,2311.893851902174,2311.893851902174,2177.0333772078807,2215.56494140625,6898800,0.0,0.0
2015-01-02,2215.5649643456377,2215.5649643456377,2152.951171875,2152.951171875,4311500,0.0,0.0
2015-01-02,2152.9511147595326,2181.8497874408686,2042.172869481078,2099.97021484375,7310300,0.0,0.0
2015-01-02,2157.767560206422,2157.767560206422,2075.8879876093033,2099.97021484375,6960500,0.0,0.0
2015-01-02,2128.8691069129313,2196.2993501183187,2119.2362150264476,2162.584228515625,7614900,0.0,0.0
2015-01-02,2157.7677765237017,2186.6664521021444,2133.685546875,2133.685546875,1663400,0.0,0.0
2015-01-02,2167.4005881320227,2181.849925386236,2133.685467872191,2143.318359375,1863900,0.0,0.0
2015-01-02,2167.4006144205728,2167.4006144205728,2061.4388066044557,2080.70458984375,3938700,0.0,0.0
2015-01-02,2046.9894230505342,2095.153880063488,2008.4578574401712,2056.622314453125,2731800,0.0,0.0
2015-01-02,2066.2552349721786,2071.0716807413446,1998.8249942038558,2008.4578857421875,2161900,0.0,0.0
2015-01-02,1998.824935420867,2018.0907179309474,1936.2111422631049,1941.027587890625,4890900,0.0,0.0
2015-01-02,1926.5783396866623,1926.5783396866623,1767.6356266625125,1796.5343017578125,10497400,0.0,0.0
2015-01-02,1791.7178424190618,1796.534288232016,1714.6547094117902,1738.7369384765625,3669000,0.0,0.0
2015-01-02,1782.0850035964802,1825.4330171974757,1738.7369899954847,1791.7178955078125,8625500,0.0,0.0
2015-01-02,1801.3507340449705,1835.0658547356518,1738.7369384765625,1738.7369384765625,12300300,0.0,0.0
2015-01-02,1758.0027284544235,1777.2685117799515,1743.5533909602777,1767.6356201171875,8522500,0.0,0.0
2015-01-02,1772.451925616197,1772.451925616197,1680.9394620653609,1709.838134765625,8023000,0.0,0.0
2015-01-02,1719.4711303710938,1719.4711303710938,1637.591552734375,1637.591552734375,5736900,0.0,0.0
2015-01-02,1637.5914970792173,1637.5914970792173,1584.610595703125,1584.610595703125,8837800,0.0,0.0
2015-01-02,1637.5915955660635,1656.8573790433113,1627.9587038274396,1647.2244873046875,16920800,0.0,0.0
2015-01-02,1666.4902833410574,1762.8192014532574,1666.4902833410574,1705.0218505859375,21762400,0.0,0.0
2015-01-02,1733.920554779142,1762.8192306921278,1642.4080810546875,1642.4080810546875,14281200,0.0,0.0
2015-01-02,1637.5914970792173,1637.5914970792173,1584.610595703125,1584.610595703125,6032900,0.0,0.0
2015-01-02,1584.6105474778165,1599.0598837770062,1546.0789840133102,1560.5283203125,6501800,0.0,0.0
2015-01-02,1560.5284029447116,1599.0599684495191,1560.5284029447116,1565.3448486328125,8972600,0.0,0.0
2015-01-02,1555.712023572523,1555.712023572523,1488.2817810647357,1497.9146728515625,11683100,0.0,0.0
2015-01-02,1488.2817346909467,1546.0790836109834,1469.0159517176012,1473.8323974609375,6769300,0.0,0.0
2015-01-02,1502.7310791015625,1521.996862166967,1483.4652960361577,1502.7310791015625,6674300,0.0,0.0
2015-01-02,1469.0159517176012,1488.2817346909467,1444.9337230009191,1473.8323974609375,7211300,0.0,0.0
2015-01-02,1473.8323974609375,1473.8323974609375,1473.8323974609375,1473.8323974609375,0,0.0,0.0
2015-01-02,1483.465228355094,1483.465228355094,1401.5856540627676,1406.402099609375,4046800,0.0,0.0
2015-01-02,1396.769150703403,1411.2184867451624,1329.3389158418595,1353.421142578125,8572500,0.0,0.0
2015-01-02,1348.6047717108243,1358.2376629373302,1290.807424351789,1329.3389892578125,7598200,0.0,0.0
2015-01-02,1343.7883153313758,1435.30078125,1343.7883153313758,1435.30078125,6031200,0.0,0.0
2015-01-02,1444.9337264866506,1502.7310755461165,1444.9337264866506,1488.28173828125,9517500,0.0,0.0
2015-01-02,1541.262551229508,1560.528333119877,1469.015869140625,1469.015869140625,8525000,0.0,0.0
2015-01-02,1444.9337121212122,1459.3830492424242,1425.6679292929293,1430.484375,5548500,0.0,0.0
2015-01-02,1406.4021500651043,1454.5666072591146,1401.585704345703,1444.9337158203125,4707500,0.0,0.0
2015-01-02,1454.5665550754495,1469.015891715272,1401.5856540627676,1406.402099609375,5431800,0.0,0.0
2015-01-02,1425.6678466796875,1440.1171829636032,1406.4020649677998,1425.6678466796875,4587000,0.0,0.0
2015-01-02,1420.8514101142125,1469.0158646943553,1396.7691828241411,1454.5665283203125,7113400,0.0,0.0
2015-01-02,1469.0159417927446,1603.8764216950292,1459.3830503711526,1594.2435302734375,20686800,0.0,0.0
2015-01-02,1603.8764581242833,1632.7751330454414,1574.977783203125,1574.977783203125,14629000,0.0,0.0
2015-01-02,1574.977758071002,1574.977758071002,1464.1995059742646,1473.8323974609375,7880600,0.0,0.0
2015-01-02,1473.8324010163835,1512.3639670560276,1464.1995095064726,1488.28173828125,4517100,0.0,0.0
2015-01-02,1502.730991908482,1507.5474373953682,1449.7500915527344,1483.4652099609375,7167500,0.0,0.0
2015-01-02,1473.8323863636365,1473.8323863636365,1430.484375,1430.484375,4071500,0.0,0.0
2015-01-02,1430.4843397172187,1464.1994588351329,1425.6678941289451,1449.7501220703125,3972900,0.0,0.0
2015-01-02,1430.484367449259,1430.484367449259,1396.7692476777277,1401.585693359375,2758100,0.0,0.0
2015-01-02,1401.5856057409626,1416.034941882622,1377.5033788381968,1382.31982421875,5681300,0.0,0.0
2015-01-02,1382.3198634861233,1401.5856455556163,1358.237635899257,1377.50341796875,5468000,0.0,0.0
2015-01-02,1348.6047019421214,1391.9527102188324,1334.1553658498844,1367.8704833984375,6448600,0.0,0.0
2015-01-02,1396.7691603604094,1416.034941882622,1367.8704880770906,1382.31982421875,4797500,0.0,0.0
2015-01-02,1358.237548828125,1372.686884453956,1348.6046584109042,1358.237548828125,2510500,0.0,0.0
2015-01-02,1348.6047871907554,1411.2185808817546,1348.6047871907554,1387.1363525390625,4952400,0.0,0.0
2015-01-02,1367.8705226507288,1391.9527501621853,1358.2376316461464,1363.0540771484375,4636100,0.0,0.0
2015-01-02,1363.0540683346965,1382.3198502192859,1319.7060590943704,1334.1553955078125,2619000,0.0,0.0
2015-01-02,1377.5033296625663,1391.9526652883976,1348.6046584109042,1358.237548828125,4762400,0.0,0.0
2015-01-02,1367.870531128352,1444.9336596426253,1367.870531128352,1391.9527587890625,11611800,0.0,0.0
2015-01-02,1382.3198046875,1391.9526953125,1324.5224609375,1324.5224609375,7734400,0.0,0.0
2015-01-02,1348.6047717108243,1367.870554163836,1329.3389892578125,1329.3389892578125,6900100,0.0,0.0
2015-01-02,1329.3389500366652,1358.2376228635492,1329.3389500366652,1334.1553955078125,4537600,0.0,0.0
2015-01-02,1348.6047489997836,1411.218540917631,1348.6047489997836,1391.9527587890625,18396000,0.0,0.0
2015-01-02,1425.6679139254386,1425.6679139254386,1367.8705660635965,1372.68701171875,6304200,0.0,0.0
2015-01-02,1353.421142578125,1387.1362600088967,1353.421142578125,1353.421142578125,6786000,0.0,0.0
2015-01-02,1338.9718065363656,1377.5033693143905,1334.1553611891125,1353.421142578125,3126200,0.0,0.0
2015-01-02,1387.1362695993032,1406.4020511215158,1367.8704880770906,1382.31982421875,13014700,0.0,0.0
2015-01-02,1396.7692043212046,1411.218540917631,1377.5034221926362,1391.9527587890625,6400200,0.0,0.0
2015-01-02,1367.8704392453458,1372.686884453956,1348.6046584109042,1358.237548828125,2344300,0.0,0.0
2015-01-02,1353.4212611356227,1363.0541526739546,1329.3390322897933,1338.971923828125,7265300,0.0,0.0
2015-01-02,1324.5225436445596,1353.4212173240771,1324.5225436445596,1329.3389892578125,5070400,0.0,0.0
2015-01-02,1329.3389892578125,1358.2376629373302,1329.3389892578125,1329.3389892578125,6464400,0.0,0.0
2015-01-02,1363.0540332726312,1367.8704786198844,1343.7882518836188,1353.421142578125,5358400,0.0,0.0
2015-01-02,1372.6870155334473,1391.952798207601,1358.237678527832,1387.1363525390625,10031800,0.0,0.0
2015-01-02,1396.769200038243,1406.4020910729896,1367.8705269340035,1377.50341796875,7097300,0.0,0.0
2015-01-02,1406.4021194905333,1517.1803686284863,1391.9527826464525,1478.6488037109375,36257200,0.0,0.0
2015-01-02,1483.4652411882269,1526.813251482688,1425.6678941289451,1449.7501220703125,15620300,0.0,0.0
2015-01-02,1469.0159276884551,1536.4461669921875,1469.0159276884551,1536.4461669921875,14701100,0.0,0.0
2015-01-02,1560.528333119877,1589.4270059554303,1469.015869140625,1469.015869140625,20902900,0.0,0.0
2015-01-02,1464.199494949495,1478.6488320707072,1420.8514835858587,1430.484375,7789000,0.0,0.0
2015-01-02,1454.5665635486578,1459.3830091233222,1425.6678901006712,1435.30078125,3897900,0.0,0.0
2015-01-02,1435.300763367088,1531.6296736601812,1425.6678723377786,1512.3638916015625,16034700,0.0,0.0
2015-01-02,1512.3639230137928,1536.4461510872607,1478.6488037109375,1478.6488037109375,7788400,0.0,0.0
2015-01-02,1502.7310893691588,1550.89554736176,1473.832414573598,1546.0791015625,11058800,0.0,0.0
2015-01-02,1565.3448051712462,1579.7941418343653,1526.8132407362616,1555.7119140625,16328800,0.0,0.0
2015-01-02,1574.9778287956515,1623.1422883918488,1550.8955989975527,1599.06005859375,20031800,0.0,0.0
2015-01-02,1632.7750864779011,1729.1040001344145,1632.7750864779011,1714.6546630859375,30835100,0.0,0.0
2015-01-02,1762.819081099992,1902.496002826494,1753.1861899464402,1868.7808837890625,41582600,0.0,0.0
2015-01-02,1878.4137355147413,1969.926199552639,1830.249280757953,1873.5972900390625,55038700,0.0,0.0
2015-01-02,1892.8631615401632,1892.8631615401632,1743.5533447265625,1743.5533447265625,35209000,0.0,0.0
2015-01-02,1743.5533447265625,1743.5533447265625,1743.5533447265625,1743.5533447265625,0,0.0,0.0
2015-01-02,1743.5533447265625,1743.5533447265625,1743.5533447265625,1743.5533447265625,0,0.0,0.0
2015-01-02,1849.51525,1849.51525,1801.3507903645834,1806.167236328125,9005500,0.0,0.0
2015-01-02,1806.1671867682435,1830.2494159251532,1767.6356201171875,1767.6356201171875,7308800,0.0,0.0
2015-01-02,1810.9835368677514,1883.2302205193905,1796.5342001374236,1868.7808837890625,24141600,0.0,0.0
2015-01-02,1912.1289839931042,1941.0276588141587,1724.28759765625,1724.28759765625,31561700,0.0,0.0
2015-01-02,1758.002689195716,1791.717809262483,1743.553352024244,1772.4520263671875,14988700,0.0,0.0
2015-01-02,1801.3507442989865,1810.9836359797296,1767.635623416385,1782.0849609375,5132500,0.0,0.0
2015-01-02,1791.717809262483,1791.717809262483,1758.002689195716,1772.4520263671875,2372100,0.0,0.0
2015-01-02,1758.0026780662429,1772.4520151462395,1724.2875582129177,1729.10400390625,4830600,0.0,0.0
2015-01-02,1733.9205260195974,1758.0027555476474,1676.1231751522776,1705.0218505859375,5927900,0.0,0.0
2015-01-02,1705.0218040663055,1738.736924485696,1680.9395751953125,1680.9395751953125,6614000,0.0,0.0
2015-01-02,1705.0218505859375,1719.4711883027674,1690.5725128691074,1705.0218505859375,5069200,0.0,0.0
2015-01-02,1714.6546554129466,1714.6546554129466,1685.7559814453125,1685.7559814453125,2541400,0.0,0.0
2015-01-02,1685.7559775756486,1695.3888688760808,1661.6737493245678,1671.306640625,2512100,0.0,0.0
2015-01-02,1647.2245084904441,1748.369873046875,1647.2245084904441,1748.369873046875,11445700,0.0,0.0
2015-01-02,1748.3698266737954,1758.0027182808137,1709.838260245723,1724.28759765625,7897200,0.0,0.0
2015-01-02,1733.9204641172505,1810.983595855795,1733.9204641172505,1786.9013671875,12901500,0.0,0.0
2015-01-02,1810.9836359797296,1820.616527660473,1762.8191775760135,1782.0849609375,11767800,0.0,0.0
2015-01-02,1767.6356201171875,1820.6165242623895,1743.5533909602777,1767.6356201171875,20716600,0.0,0.0
2015-01-02,1767.6356201171875,1767.6356201171875,1767.6356201171875,1767.6356201171875,0,0.0,0.0
2015-01-02,1729.104086303711,1743.5534240722657,1719.4711944580079,1733.9205322265625,7789700,0.0,0.0
2015-01-02,1733.9205322265625,1733.9205322265625,1733.9205322265625,1733.9205322265625,0,0.0,0.0
2015-01-02,1733.9205322265625,1733.9205322265625,1733.9205322265625,1733.9205322265625,0,0.0,0.0
2015-01-02,1733.9205322265625,1733.9205322265625,1733.9205322265625,1733.9205322265625,0,0.0,0.0
2015-01-02,1733.9205322265625,1733.9205322265625,1733.9205322265625,1733.9205322265625,0,0.0,0.0
2015-01-02,1733.9205322265625,1733.9205322265625,1733.9205322265625,1733.9205322265625,0,0.0,0.0
2015-01-02,1810.9834858141448,1878.4137219880756,1820.616376696135,1830.249267578125,13492300,0.0,0.0
2015-01-02,1926.578203517588,1926.578203517588,1835.0657388505026,1916.9453125,25607700,0.0,0.0
2015-01-02,1916.945299320172,1931.3946357472084,1863.9643990877048,1873.5972900390625,13721500,0.0,0.0
2015-01-02,1873.5972765470806,1888.0466128700657,1830.249267578125,1830.249267578125,6563700,0.0,0.0
2015-01-02,1839.8822376715443,1878.413802858383,1786.9013355396412,1820.616455078125,4955700,0.0,0.0
2015-01-02,1839.8822415569637,1854.331578532542,1810.9835676058071,1835.0657958984375,3936700,0.0,0.0
2015-01-02,1844.6987233452835,1844.6987233452835,1796.534265816686,1815.800048828125,7078900,0.0,0.0
2015-01-02,1791.7178955078125,1806.167233374811,1753.1863278624833,1791.7178955078125,14839900,0.0,0.0
2015-01-02,1791.7178424190618,1791.7178424190618,1714.6547094117902,1738.7369384765625,6488000,0.0,0.0
2015-01-02,1743.5533447265625,1791.717801763208,1719.47111620824,1743.5533447265625,6075400,0.0,0.0
2015-01-02,1724.2875427773777,1724.2875427773777,1671.306640625,1671.306640625,8865300,0.0,0.0
2015-01-02,1671.3066161367306,1685.755952875665,1579.7941501234802,1584.610595703125,10942000,0.0,0.0
2015-01-02,1541.2625248015872,1550.8954155815973,1502.7309616815476,1517.1802978515625,8949100,0.0,0.0
2015-01-02,1555.7119140625,1565.3448051712462,1526.8132407362616,1555.7119140625,7808700,0.0,0.0
2015-01-02,1546.079111550071,1608.6929073449337,1546.079111550071,1589.4271240234375,6263300,0.0,0.0
2015-01-02,1589.427113755841,1594.2435595551012,1526.8133183654595,1546.0791015625,4291300,0.0,0.0
2015-01-02,1546.0790544340882,1570.1612826963014,1521.996826171875,1521.996826171875,1772100,0.0,0.0
2015-01-02,1541.2626302083333,1550.8955216471354,1444.9337158203125,1444.9337158203125,16272000,0.0,0.0
2015-01-02,1435.3008315142463,1502.7310719209559,1435.3008315142463,1473.8323974609375,5379500,0.0,0.0
2015-01-02,1483.465281575521,1488.281727294922,1440.1172701009116,1444.9337158203125,2982300,0.0,0.0
2015-01-02,1444.9336764820391,1464.1994588351329,1435.3007853054921,1449.7501220703125,2321000,0.0,0.0
2015-01-02,1464.1993798989274,1478.6487158847722,1449.7500439130827,1459.3829345703125,1928000,0.0,0.0
2015-01-02,1459.3830529785157,1469.0159444173178,1435.3008243815104,1444.9337158203125,4030300,0.0,0.0
2015-01-02,1459.3831146240234,1546.0791412353517,1459.3831146240234,1541.2626953125,11937600,0.0,0.0
2015-01-02,1550.8956073302327,1647.224527040185,1526.8133774027447,1642.4080810546875,14272700,0.0,0.0
2015-01-02,1647.2244006275425,1661.6737374751526,1603.8763900847125,1627.9586181640625,8474700,0.0,0.0
2015-01-02,1647.2243965718285,1647.2243965718285,1599.0599405317164,1613.50927734375,5792100,0.0,0.0
2015-01-02,1632.7750959598045,1632.7750959598045,1579.7941931410498,1594.2435302734375,5322400,0.0,0.0
2015-01-02,1594.2435302734375,1608.6928674058252,1570.1613017194582,1594.2435302734375,5751100,0.0,0.0
2015-01-02,1589.427049323694,1613.50927734375,1579.7941581156717,1613.50927734375,8736600,0.0,0.0
2015-01-02,1618.325842432229,1623.1422883918488,1594.2436126341304,1599.06005859375,2122600,0.0,0.0
2015-01-02,1613.5093275242575,1656.8573393084912,1613.5093275242575,1652.0408935546875,10473200,0.0,0.0
2015-01-02,1661.6737224675026,1729.1039604806765,1661.6737224675026,1719.4710693359375,21350300,0.0,0.0
2015-01-02,1724.2875907204368,1733.9204822887073,1685.7560244473543,1695.388916015625,9893100,0.0,0.0
2015-01-02,1733.9204220655488,1801.3506607014313,1733.9204220655488,1777.2684326171875,24089100,0.0,0.0
2015-01-02,1772.452102703168,1772.452102703168,1738.7369811843578,1748.369873046875,5464800,0.0,0.0
2015-01-02,1733.9205228365383,1733.9205228365383,1685.7560638688567,1690.572509765625,4945900,0.0,0.0
2015-01-02,1680.9395319254322,1714.6546514769452,1671.306640625,1671.306640625,4184700,0.0,0.0
2015-01-02,1671.3066444614956,1705.0217640904018,1671.3066444614956,1685.7559814453125,6961500,0.0,0.0
2015-01-02,1685.7560638688567,1719.471185146234,1680.9396179720886,1690.572509765625,12535500,0.0,0.0
2015-01-02,1695.388916015625,1709.8382533680308,1685.7560244473543,1695.388916015625,3507800,0.0,0.0
2015-01-02,1714.6547159719858,1777.2685117799515,1714.6547159719858,1767.6356201171875,12156100,0.0,0.0
2015-01-02,1782.0849945656853,1801.3507782907197,1743.5534271156164,1748.369873046875,10660300,0.0,0.0
2015-01-02,1743.5532529159332,1767.6354801661532,1700.2052438655369,1709.838134765625,8406200,0.0,0.0
2015-01-02,1695.3889983179888,1719.471228407733,1695.3889983179888,1700.2054443359375,5661600,0.0,0.0
2015-01-02,1685.7560174313583,1705.0218004877167,1627.9586682622833,1666.490234375,14657300,0.0,0.0
2015-01-02,1656.8573074776787,1685.7559814453125,1637.5915248325894,1685.7559814453125,4605900,0.0,0.0
2015-01-02,1676.1231625205592,1685.756054259183,1642.4080414353755,1647.2244873046875,16933400,0.0,0.0
2015-01-02,1680.939588721109,1748.3698301024715,1666.4902512822455,1738.7369384765625,15152200,0.0,0.0
2015-01-02,1762.8191709413634,1786.901400052584,1743.5533876523866,1753.186279296875,11226900,0.0,0.0
2015-01-02,1753.1863189781336,1767.6356567719095,1733.9205352530992,1748.369873046875,6344700,0.0,0.0
2015-01-02,1801.35057028746,1888.0465870392627,1796.5341249123596,1878.4136962890625,19675700,0.0,0.0
2015-01-02,1902.4959595278917,2157.7675692873304,1863.9643957906178,2128.868896484375,60852800,0.0,0.0
2015-01-02,2321.52685546875,2417.855770633428,2177.033482721732,2321.52685546875,56192400,0.0,0.0
2015-01-02,2302.2611321783684,2302.2611321783684,2186.6664309811285,2225.197998046875,24317800,0.0,0.0
2015-01-02,2215.565027697333,2302.261050520272,2177.033461998249,2234.830810546875,15456800,0.0,0.0
2015-01-02,2234.8308178191487,2273.362383643617,2215.5650349069147,2263.7294921875,9171800,0.0,0.0
2015-01-02,2311.8939777327932,2446.7544597672063,2311.8939777327932,2379.32421875,29155500,0.0,0.0
2015-01-02,2379.32406187249,2398.58984375,2331.159607178715,2398.58984375,8218600,0.0,0.0
2015-01-02,2408.222900390625,2475.6531416015623,2369.691333984375,2408.222900390625,15628000,0.0,0.0
2015-01-02,2456.387456849564,2533.4505927507266,2417.8558888989824,2485.2861328125,27360200,0.0,0.0
2015-01-02,2446.75439453125,2466.0201771653547,2398.5899379459893,2446.75439453125,9738500,0.0,0.0
2015-01-02,2437.1214625147095,2437.1214625147095,2302.260986328125,2302.260986328125,11674200,0.0,0.0
2015-01-02,2321.526940867734,2456.387427059221,2321.526940867734,2340.792724609375,16971400,0.0,0.0
2015-01-02,2388.957046628937,2456.3872858483023,2340.7925900436762,2446.75439453125,12008500,0.0,0.0
2015-01-02,2456.3873720169067,2494.91893863678,2340.7926721572876,2466.020263671875,14821000,0.0,0.0
2015-01-02,2466.020114942529,2523.8174613864944,2398.589877424569,2514.1845703125,13018800,0.0,0.0
2015-01-02,2514.1846566435956,2562.3491136674193,2485.2859824293014,2533.450439453125,10509200,0.0,0.0
2015-01-02,2533.45049831707,2620.146522974308,2417.855798774086,2437.12158203125,19874900,0.0,0.0
2015-01-02,2408.222900390625,2466.02025,2398.5900087890623,2408.222900390625,5162700,0.0,0.0
2015-01-02,2408.22292648199,2562.3491937768367,2398.5900347760617,2523.817626953125,15256600,0.0,0.0
2015-01-02,2552.7163936314955,2591.247961837254,2475.653257219979,2571.982177734375,10029700,0.0,0.0
2015-01-02,2571.982005072184,2571.982005072184,2446.7544168102427,2533.450439453125,9791700,0.0,0.0
2015-01-02,2466.020428015564,2523.817781797179,2466.020428015564,2475.6533203125,4567300,0.0,0.0
2015-01-02,2485.2860469818115,2523.8176136016846,2417.8558053970337,2466.020263671875,6530700,0.0,0.0
2015-01-02,2485.2860601294133,2581.614977188693,2485.2860601294133,2523.817626953125,9945700,0.0,0.0
2015-01-02,2485.2861328125,2514.184808775436,2456.387456849564,2485.2861328125,5607800,0.0,0.0
2015-01-02,2523.8178673232383,2543.0836525699806,2475.6534042063827,2494.919189453125,5563300,0.0,0.0
2015-01-02,2504.5516611914754,2755.006827310623,2388.956969136484,2726.108154296875,34709500,0.0,0.0
2015-01-02,2755.0068443852724,2938.0317746066717,2755.0068443852724,2783.905517578125,35876500,0.0,0.0
2015-01-02,2783.9055090417396,2880.2344193892045,2726.1081628332604,2755.0068359375,14410900,0.0,0.0
2015-01-02,2755.0068002965327,2783.905473026916,2620.1463275547444,2639.412109375,8437500,0.0,0.0
2015-01-02,2687.5765037672377,2726.1080665452623,2649.0449409892126,2706.84228515625,4424500,0.0,0.0
2015-01-02,2687.5766357421876,2697.209526909722,2591.24772406684,2600.880615234375,12277700,0.0,0.0
2015-01-02,2600.880615234375,2629.779288736979,2591.24772406684,2600.880615234375,4980900,0.0,0.0
2015-01-02,2610.513427734375,2668.310772997867,2591.2476459798777,2610.513427734375,12506200,0.0,0.0
2015-01-02,2629.7794490074043,2649.045232516616,2533.4505314613457,2581.614990234375,12808300,0.0,0.0
2015-01-02,2600.880848277699,2649.0453084309897,2533.450604063092,2543.08349609375,10409700,0.0,0.0
2015-01-02,2562.3492856829353,2571.982177734375,2446.75458106566,2571.982177734375,4915400,0.0,0.0
2015-01-02,2571.9822575848802,2591.2480422858903,2533.4506881828593,2562.349365234375,5795300,0.0,0.0
2015-01-02,2600.8804875166816,2726.1080665452623,2581.614706127669,2706.84228515625,19936000,0.0,0.0
2015-01-02,2745.3740310668945,2812.8042704264326,2706.8424657185874,2774.272705078125,17764800,0.0,0.0
2015-01-02,2793.53841703232,2832.0699814051795,2745.3739615662457,2812.80419921875,12534400,0.0,0.0
2015-01-02,2841.7030323949352,2841.7030323949352,2774.2727909482755,2793.53857421875,4759600,0.0,0.0
2015-01-02,2793.538220994016,2793.538220994016,2668.3106455701463,2716.47509765625,6380500,0.0,0.0
2015-01-02,2668.3108697421308,2677.9437609686365,2629.7793048361073,2658.677978515625,3931300,0.0,0.0
2015-01-02,2629.7794357183325,2639.4123274242606,2514.1847352471973,2523.817626953125,8535700,0.0,0.0
2015-01-02,2523.8177958323545,2591.2480422858903,2514.1849034818492,2562.349365234375,4034600,0.0,0.0
2015-01-02,2581.614977188693,2610.5136523064766,2437.1216015997734,2523.817626953125,8770100,0.0,0.0
2015-01-02,2523.8177958323545,2581.6151499353855,2504.552011131344,2562.349365234375,3678100,0.0,0.0
2015-01-02,2600.880939242565,2658.678293447955,2571.98226213987,2591.248046875,10401000,0.0,0.0
2015-01-02,2591.2478819889807,2620.1465572527986,2533.4505314613457,2581.614990234375,4042100,0.0,0.0
2015-01-02,2610.513387330821,2764.639638981349,2610.513387330821,2735.740966796875,18146100,0.0,0.0
2015-01-02,2735.740966796875,2793.538311165823,2687.5765131560847,2735.740966796875,10617300,0.0,0.0
2015-01-02,2735.7410091386073,2735.7410091386073,2600.8805368571266,2610.513427734375,5804900,0.0,0.0
2015-01-02,2600.880681818182,2870.6016414141413,2591.2477904040406,2860.96875,25273200,0.0,0.0
2015-01-02,2870.6016414141413,2957.2976641414143,2745.374053030303,2860.96875,18855700,0.0,0.0
2015-01-02,2909.1331187102755,2918.7660098318324,2841.702880859375,2841.702880859375,11833100,0.0,0.0
2015-01-02,2803.171316373146,2880.234445345604,2783.905534130032,2841.702880859375,9146200,0.0,0.0
2015-01-02,2889.8673840605034,3043.99364454373,2860.968710219898,3015.094970703125,23821800,0.0,0.0
2015-01-02,3034.3606196223077,3043.9935104782517,2841.702802503431,2851.335693359375,23147700,0.0,0.0
2015-01-02,2832.06984375,2832.06984375,2620.1462500000002,2649.044921875,36672200,0.0,0.0
2015-01-02,2658.6779622395834,2716.4753092447913,2562.3490505642358,2600.880615234375,18467700,0.0,0.0
2015-01-02,2620.146637991573,2677.9439903002108,2552.7163936314955,2571.982177734375,15998400,0.0,0.0
2015-01-02,2600.8808538886938,2639.4124220944523,2562.3492856829353,2571.982177734375,14081800,0.0,0.0
2015-01-02,2639.412021412569,2649.044912001666,2591.2475684670844,2620.146240234375,22011500,0.0,0.0
2015-01-02,2677.9437609686365,2716.4753258746605,2639.412196062613,2658.677978515625,45305100,0.0,0.0
2015-01-02,2677.9437609686365,2697.2095434216485,2649.0450872891192,2658.677978515625,17036400,0.0,0.0
2015-01-02,2658.6778911952556,2677.9436730155107,2600.880545734489,2639.412109375,8633800,0.0,0.0
2015-01-02,2649.044921875,2677.94359375,2620.1462500000002,2649.044921875,13343700,0.0,0.0
2015-01-02,2649.0450426781467,2793.538408642409,2649.0450426781467,2783.905517578125,42468200,0.0,0.0
2015-01-02,2793.5384799890353,2812.8042626096494,2735.741132127193,2745.3740234375,16396600,0.0,0.0
2015-01-02,2745.3738669152876,2774.2725391986064,2735.740976154181,2764.6396484375,11455500,0.0,0.0
2015-01-02,2764.639765082465,2764.639765082465,2600.880615234375,2600.880615234375,44096800,0.0,0.0
2015-01-02,2649.045314145892,2649.045314145892,2562.3492856829353,2571.982177734375,9252200,0.0,0.0
2015-01-02,2581.614990234375,2610.5136654981925,2562.349206725163,2581.614990234375,9388200,0.0,0.0
2015-01-02,2581.6150642163825,2581.6150642163825,2533.450604063092,2543.08349609375,7754200,0.0,0.0
2015-01-02,2543.0834232159514,2629.7794490074043,2533.4505314613457,2581.614990234375,12065800,0.0,0.0
2015-01-02,2610.513570691243,2620.146462096008,2533.450439453125,2533.450439453125,7078400,0.0,0.0
2015-01-02,2552.7160061106965,2639.412021412569,2533.4502249325024,2620.146240234375,12717800,0.0,0.0
2015-01-02,2620.1465572527986,2649.045232516616,2581.614990234375,2581.614990234375,8421200,0.0,0.0
2015-01-02,2581.6150697858147,2629.7795300430125,2571.982177734375,2571.982177734375,7278100,0.0,0.0
2015-01-02,2581.6152230634652,2610.5139009335785,2475.6534042063827,2494.919189453125,12185500,0.0,0.0
2015-01-02,2494.9190359404593,2552.7163881244082,2466.020359848485,2543.08349609375,6666500,0.0,0.0
2015-01-02,2581.614871162281,2745.3740234375,2562.349088541667,2745.3740234375,39297400,0.0,0.0
2015-01-02,2841.7029744466145,2947.6647802734374,2822.4371915690103,2889.867431640625,48636400,0.0,0.0
2015-01-02,2889.867274808568,2938.0317293887106,2726.1081292360823,2909.133056640625,42693200,0.0,0.0
2015-01-02,2995.829306492661,3207.7529230291193,2995.829306492661,3178.854248046875,48602800,0.0,0.0
2015-01-02,3130.689679827009,3419.6764195033484,2976.5634186662946,3371.511962890625,51808200,0.0,0.0
2015-01-02,3227.0187063506155,3323.3476229580965,3140.3226814038826,3178.854248046875,21998600,0.0,0.0
2015-01-02,3227.0186558201863,3275.183113369741,2928.3990190129452,2976.5634765625,16484400,0.0,0.0
2015-01-02,3005.462109375,3149.955480018029,2899.500304236779,3130.689697265625,17409900,0.0,0.0
2015-01-02,3101.7911743164063,3149.955633544922,3034.3609313964844,3082.525390625,9120200,0.0,0.0
2015-01-02,3034.360912850432,3082.525371784566,2976.5635621294714,2995.829345703125,6699100,0.0,0.0
2015-01-02,2909.1331590221776,3053.626527847782,2909.1331590221776,2986.1962890625,13461000,0.0,0.0
2015-01-02,3082.5253115264795,3121.0568779205605,3063.259528329439,3092.158203125,12612700,0.0,0.0
2015-01-02,3101.7910518476447,3304.081772620317,3101.7910518476447,3246.284423828125,23438500,0.0,0.0
2015-01-02,3323.347562902114,3352.2462373621324,3217.3857565487133,3275.18310546875,15017200,0.0,0.0
2015-01-02,3275.1830982242213,3294.448881154952,3207.7528579666637,3246.284423828125,6974700,0.0,0.0
2015-01-02,3265.550158342634,3400.4106368582593,3246.284375697545,3371.511962890625,17799200,0.0,0.0
2015-01-02,3332.9803976004464,3496.7395500837056,3304.0817236328126,3371.511962890625,19417700,0.0,0.0
2015-01-02,3332.980366182045,3332.980366182045,3207.752780169425,3255.917236328125,18045600,0.0,0.0
2015-01-02,3294.448824747839,3342.61328125,3265.550150846542,3342.61328125,9397700,0.0,0.0
2015-01-02,3323.3474749503052,3371.511931109005,3246.284345096385,3255.917236328125,9258200,0.0,0.0
2015-01-02,3323.34757012459,3332.9804616321976,3284.81600409416,3304.081787109375,12796300,0.0,0.0
2015-01-02,3304.081772620317,3304.081772620317,3236.6515323627596,3246.284423828125,12639400,0.0,0.0
2015-01-02,3246.284423828125,3284.8159896895863,3217.385749432029,3246.284423828125,11119900,0.0,0.0
2015-01-02,3227.018440152392,3227.018440152392,3111.4237497588733,3121.056640625,20536600,0.0,0.0
2015-01-02,3121.0568205957325,3188.487060546875,3111.423929174141,3188.487060546875,12363800,0.0,0.0
2015-01-02,3188.4870455228365,3198.1199368990383,3130.689697265625,3130.689697265625,4521100,0.0,0.0
2015-01-02,3111.4237497588733,3169.221094955633,3111.4237497588733,3121.056640625,3929600,0.0,0.0
2015-01-02,3092.1581317608175,3169.2212627704325,3063.2594576322117,3130.689697265625,7140200,0.0,0.0
2015-01-02,3121.056640625,3149.9553132233796,3092.1579680266204,3121.056640625,10965200,0.0,0.0
2015-01-02,3121.0568416819856,3130.689733168658,2938.0319034352024,2947.664794921875,12535000,0.0,0.0
2015-01-02,2889.867401123047,2909.1331837972007,2764.6398137410483,2774.272705078125,15023400,0.0,0.0
2015-01-02,2803.1711114112363,2812.8040018284573,2706.842207239029,2716.47509765625,15799800,0.0,0.0
2015-01-02,2716.4753092447913,2716.4753092447913,2581.6148328993054,2600.880615234375,15077100,0.0,0.0
2015-01-02,2600.8804590561813,2658.677802590763,2591.2475684670844,2620.146240234375,7591700,0.0,0.0
2015-01-02,2600.880773743587,2610.5136654981925,2523.8176397067396,2581.614990234375,6807500,0.0,0.0
2015-01-02,2581.614772534973,2716.4752457270984,2581.614772534973,2668.310791015625,14396400,0.0,0.0
2015-01-02,2639.412059515295,2745.3738575250327,2629.7791687871368,2735.740966796875,11877700,0.0,0.0
2015-01-02,2735.7408784906916,2745.373768907912,2658.6777551529253,2716.47509765625,8285800,0.0,0.0
2015-01-02,2716.47509765625,2716.47509765625,2716.47509765625,2716.47509765625,0,0.0,0.0
2015-01-02,2716.4754138095773,2745.374088424573,2649.0451730412547,2677.94384765625,3575700,0.0,0.0
2015-01-02,2658.677802590763,2677.943583768957,2620.146240234375,2620.146240234375,4342700,0.0,0.0
2015-01-02,2649.0449502434526,2745.3738575250327,2649.0449502434526,2735.740966796875,15257100,0.0,0.0
2015-01-02,2764.639666768878,2841.7027933687073,2726.1081034689632,2822.43701171875,17036800,0.0,0.0
2015-01-02,2851.335827850877,2851.335827850877,2735.741132127193,2745.3740234375,7921900,0.0,0.0
2015-01-02,2755.0069224039717,2812.8042704264326,2755.0069224039717,2774.272705078125,7094900,0.0,0.0
2015-01-02,2822.437038396368,2995.8290748848817,2822.437038396368,2909.133056640625,47811700,0.0,0.0
2015-01-02,2870.6015542240466,2909.1331187102755,2812.8042074947034,2841.702880859375,12809800,0.0,0.0
2015-01-02,2697.2098270539313,2706.84271929341,2388.957275390625,2388.957275390625,138596500,0.0,0.0
2015-01-02,2408.222821604208,2456.387278036292,2388.9570390313743,2417.855712890625,44647200,0.0,0.0
2015-01-02,2417.85562562751,2437.12140750502,2331.159607178715,2398.58984375,46481300,0.0,0.0
2015-01-02,2408.22289347166,2437.12156819332,2369.691327176113,2379.32421875,19145200,0.0,0.0
2015-01-02,2379.3240346272787,2398.58981628418,2302.2609079996746,2311.893798828125,20761200,0.0,0.0
2015-01-02,2311.893851902174,2311.893851902174,2196.299159307065,2215.56494140625,24470800,0.0,0.0
2015-01-02,2196.2993959939427,2273.362532695485,2148.134935555479,2186.66650390625,33437400,0.0,0.0
2015-01-02,2205.931962933457,2254.096416272615,2196.299072265625,2196.299072265625,22350300,0.0,0.0
2015-01-02,2282.995178753397,2282.995178753397,2215.56494140625,2215.56494140625,24080300,0.0,0.0
2015-01-02,2234.8307560692147,2340.792559158703,2225.197864879261,2331.15966796875,34443100,0.0,0.0
2015-01-02,2273.3624632745727,2292.628246861645,2244.4637878939634,2254.0966796875,17731700,0.0,0.0
2015-01-02,2273.3622963049893,2292.6280784770656,2244.463623046875,2244.463623046875,9056300,0.0,0.0
2015-01-02,2282.995361328125,2302.261144968025,2254.0966858682755,2282.995361328125,18890400,0.0,0.0
2015-01-02,2311.893997192383,2466.020263671875,2302.2611055374146,2466.020263671875,63054800,0.0,0.0
2015-01-02,2504.5515893210827,2745.3738575250327,2504.5515893210827,2735.740966796875,106123600,0.0,0.0
2015-01-02,2735.7410276116875,2745.3739185539825,2610.513445361857,2668.310791015625,28367000,0.0,0.0
2015-01-02,2677.943583768957,2697.209364947151,2600.8804590561813,2620.146240234375,14071400,0.0,0.0
2015-01-02,2668.310782105383,2716.475236656022,2629.7792184648724,2639.412109375,22556800,0.0,0.0
2015-01-02,2649.045314145892,2668.311098248771,2523.8177174771768,2571.982177734375,9499600,0.0,0.0
2015-01-02,2600.8807672464623,2620.1465507075472,2552.71630859375,2552.71630859375,7989300,0.0,0.0
2015-01-02,2533.450309363595,2658.6778911952556,2504.5516366332117,2639.412109375,15032000,0.0,0.0
2015-01-02,2726.1080665452623,2745.373847934275,2677.9436130727313,2706.84228515625,25436600,0.0,0.0
2015-01-02,2735.7409375,2735.7409375,2649.044921875,2649.044921875,10669600,0.0,0.0
2015-01-02,2649.044921875,2649.044921875,2649.044921875,2649.044921875,0,0.0,0.0
2015-01-02,2745.373828125,2745.373828125,2649.044921875,2649.044921875,22628600,0.0,0.0
2015-01-02,2697.2095514112902,2716.4753339213707,2649.0450951360885,2687.57666015625,12265700,0.0,0.0
2015-01-02,2726.108225176411,2735.7411164314517,2649.0450951360885,2687.57666015625,14505600,0.0,0.0
2015-01-02,2687.5765639256388,2706.842345745894,2639.412109375,2639.412109375,7877600,0.0,0.0
2015-01-02,2600.8808538886938,2620.146637991573,2543.0835015800562,2571.982177734375,15215100,0.0,0.0
2015-01-02,2562.349437816723,2571.982330440094,2485.2862968297536,2494.919189453125,18343200,0.0,0.0
2015-01-02,2408.222973831301,2408.222973831301,2331.159838668699,2369.69140625,28605000,0.0,0.0
2015-01-02,2408.2229137420654,2485.2860469818115,2408.2229137420654,2466.020263671875,29423600,0.0,0.0
2015-01-02,2504.5519109987745,2504.5519109987745,2437.121667241115,2456.387451171875,12323700,0.0,0.0
2015-01-02,2466.020169322709,2466.020169322709,2388.9570390313743,2417.855712890625,7398300,0.0,0.0
2015-01-02,2456.3873720169067,2466.020263671875,2398.590022087097,2466.020263671875,8713600,0.0,0.0
2015-01-02,2408.2229856460813,2466.0203373015875,2398.590093703497,2427.48876953125,11398700,0.0,0.0
2015-01-02,2466.0203431372547,2485.2861270680146,2437.121667241115,2456.387451171875,8157400,0.0,0.0
2015-01-02,2456.3873583984373,2475.6531416015623,2408.222900390625,2408.222900390625,5083400,0.0,0.0
2015-01-02,2360.0585143546746,2398.5900819359754,2350.4256224593496,2369.69140625,8988200,0.0,0.0
2015-01-02,2263.7294921875,2311.893949468085,2254.0966007313828,2263.7294921875,24411400,0.0,0.0
2015-01-02,2282.99526767073,2292.628159095501,2225.197919122104,2234.830810546875,7533900,0.0,0.0
2015-01-02,2234.830810546875,2292.628159095501,2215.565027697333,2234.830810546875,19537900,0.0,0.0
2015-01-02,2263.729396654212,2282.995178753397,2215.56494140625,2215.56494140625,16157200,0.0,0.0
2015-01-02,2215.5650202988536,2244.463694476665,2196.2992375136464,2205.93212890625,6001200,0.0,0.0
2015-01-02,2244.463701971646,2273.3623762459592,2205.932136272562,2234.830810546875,13363800,0.0,0.0
2015-01-02,2254.0966796875,2321.5269222422544,2234.8308961004273,2254.0966796875,21337100,0.0,0.0
2015-01-02,2292.628333140228,2292.628333140228,2244.463872359971,2273.362548828125,9325500,0.0,0.0
2015-01-02,2282.995355068109,2282.995355068109,2244.4637878939634,2254.0966796875,7521600,0.0,0.0
2015-01-02,2234.830731960837,2254.096514132913,2215.5649497887607,2244.463623046875,7649200,0.0,0.0
2015-01-02,2273.362383643617,2282.995275099734,2244.463709275266,2263.7294921875,7689300,0.0,0.0
2015-01-02,2282.99526767073,2282.99526767073,2215.565027697333,2234.830810546875,6997900,0.0,0.0
2015-01-02,2186.66650390625,2244.4638564324064,2186.66650390625,2186.66650390625,9697200,0.0,0.0
2015-01-02,2215.5651062804386,2263.729565112622,2205.9322145140018,2225.197998046875,7845300,0.0,0.0
2015-01-02,2215.56494140625,2254.09650560462,2205.932050356658,2215.56494140625,10081600,0.0,0.0
2015-01-02,2244.4636393910173,2331.1596597966786,2234.8307482348328,2302.260986328125,29251700,0.0,0.0
2015-01-02,2302.2611321783684,2331.1598074776784,2225.197998046875,2225.197998046875,14824500,0.0,0.0
2015-01-02,2215.564853601288,2244.463525604783,2186.666181597793,2196.299072265625,11189500,0.0,0.0
2015-01-02,2196.299072265625,2196.299072265625,2196.299072265625,2196.299072265625,0,0.0,0.0
2015-01-02,2263.7294052189513,2282.9951873910272,2234.830731960837,2244.463623046875,14755800,0.0,0.0
2015-01-02,2215.564853601288,2225.19774426912,2186.666181597793,2196.299072265625,13084100,0.0,0.0
2015-01-02,2225.19774426912,2225.19774426912,2196.299072265625,2196.299072265625,9521600,0.0,0.0
2015-01-02,2205.9322880816353,2205.9322880816353,2177.0336118185573,2186.66650390625,6462600,0.0,0.0
2015-01-02,2167.400634765625,2205.9322016059027,2148.134851345486,2167.400634765625,12646500,0.0,0.0
2015-01-02,2167.4005482763455,2196.299222253363,2138.5018742993275,2148.134765625,12671700,0.0,0.0
2015-01-02,2148.134765625,2177.033439602018,2138.5018742993275,2148.134765625,4882200,0.0,0.0
2015-01-02,2138.501866566051,2157.7676491477273,2119.236083984375,2119.236083984375,7470900,0.0,0.0
2015-01-02,2119.236083984375,2119.236083984375,2119.236083984375,2119.236083984375,0,0.0,0.0
2015-01-02,2109.6031057375285,2128.868887525086,2099.97021484375,2099.97021484375,3986600,0.0,0.0
2015-01-02,2109.6033452943316,2119.2362372819766,2071.07177734375,2071.07177734375,5589000,0.0,0.0
2015-01-02,2071.07177734375,2099.970453306686,2071.07177734375,2071.07177734375,4734300,0.0,0.0
2015-01-02,2071.07177734375,2090.3375613190406,2061.4388853561045,2071.07177734375,3837700,0.0,0.0
2015-01-02,2071.0716198336695,2099.9702935987902,2071.0716198336695,2090.33740234375,3496700,0.0,0.0
2015-01-02,2090.3374947212837,2167.4006281672296,2090.3374947212837,2138.501953125,18219500,0.0,0.0
2015-01-02,2167.4005559060424,2215.565012703955,2167.4005559060424,2177.033447265625,17264200,0.0,0.0
2015-01-02,2186.666297948756,2205.932080309538,2022.907147882109,2032.5400390625,14523600,0.0,0.0
2015-01-02,1984.3755668826218,2061.4386956935973,1955.476893578506,1974.74267578125,13065500,0.0,0.0
2015-01-02,1965.1098484848485,1984.3756313131314,1888.0467171717173,1907.3125,21043500,0.0,0.0
2015-01-02,1926.57832278481,1965.1098892405064,1892.8632021360759,1902.49609375,12431200,0.0,0.0
2015-01-02,1912.1289748750203,1926.5783122166451,1854.3316255085208,1859.1480712890625,7718200,0.0,0.0
2015-01-02,1859.1479402240955,1888.0466128700657,1830.249267578125,1830.249267578125,8256900,0.0,0.0
2015-01-02,1849.5151690981434,1859.1480606038629,1801.3507115695459,1815.800048828125,5292500,0.0,0.0
2015-01-02,1830.2493860867044,1839.8822775924239,1796.534265816686,1815.800048828125,7781300,0.0,0.0
2015-01-02,1839.8821843592966,1921.761758008794,1806.1670657977388,1916.9453125,24390900,0.0,0.0
2015-01-02,1916.945331034236,1926.5782221449608,1830.2493110377127,1839.8822021484375,11581600,0.0,0.0
2015-01-02,1830.249267578125,1854.3314947831004,1820.616376696135,1830.249267578125,4384700,0.0,0.0
2015-01-02,1859.1480712890625,1863.9645170696042,1830.2493966058128,1859.1480712890625,4995100,0.0,0.0
2015-01-02,1883.2301809904202,1912.128853844493,1868.7808445633837,1873.5972900390625,8292800,0.0,0.0
2015-01-02,1888.0466981422244,1892.8631438007505,1835.0657958984375,1835.0657958984375,8932700,0.0,0.0
2015-01-02,1839.8823580729168,1839.8823580729168,1806.167236328125,1806.167236328125,7683800,0.0,0.0
2015-01-02,1810.9835637814153,1825.4329007264798,1806.1671181330605,1820.616455078125,4977300,0.0,0.0
2015-01-02,1830.2494661458334,1849.51525,1796.5343444010416,1806.167236328125,9386700,0.0,0.0
2015-01-02,1820.616531003896,1825.4329768531125,1796.5343017578125,1796.5343017578125,5153700,0.0,0.0
2015-01-02,1796.5342306302289,1844.6986872154898,1772.4520023375985,1835.0657958984375,21794200,0.0,0.0
2015-01-02,1835.0657958984375,1835.0657958984375,1835.0657958984375,1835.0657958984375,0,0.0,0.0
2015-01-02,1835.0657481741398,1835.0657481741398,1806.167074974547,1810.9835205078125,6450800,0.0,0.0
2015-01-02,1825.4329768531125,1825.4329768531125,1786.9014100593793,1796.5343017578125,6207400,0.0,0.0
2015-01-02,1796.5342984586148,1796.5342984586148,1777.2685150971283,1782.0849609375,7131700,0.0,0.0
2015-01-02,1786.9012928414852,1820.6164115743434,1786.9012928414852,1810.9835205078125,6229900,0.0,0.0
2015-01-02,1796.5343017578125,1806.167193456246,1786.9014100593793,1796.5343017578125,5876900,0.0,0.0
2015-01-02,1806.1672761478526,1810.9837222175802,1796.5343840083974,1801.350830078125,3934900,0.0,0.0
2015-01-02,1815.8000094297702,1820.616455078125,1810.9835637814153,1820.616455078125,5486000,0.0,0.0
2015-01-02,1820.616473714814,1897.6796048773458,1806.1671366218393,1892.8631591796875,19191100,0.0,0.0
2015-01-02,1897.6795613710838,1912.1288981327925,1878.4137790221387,1883.230224609375,9489000,0.0,0.0
2015-01-02,1878.4138257575758,1945.8440656565658,1878.4138257575758,1907.3125,11372400,0.0,0.0
2015-01-02,1907.3124355829486,1926.5782177605543,1825.432861328125,1825.432861328125,8280600,0.0,0.0
2015-01-02,1839.8821979613292,1854.3315345945334,1810.983524694921,1825.432861328125,5823700,0.0,0.0
2015-01-02,1835.0657524169278,1849.515089050132,1825.432861328125,1825.432861328125,1917200,0.0,0.0
2015-01-02,1820.6164945809849,1825.4329403338445,1810.9836030752654,1815.800048828125,3826200,0.0,0.0
2015-01-02,1806.1671901393581,1810.9836359797296,1772.4520692567567,1782.0849609375,10271200,0.0,0.0
2015-01-02,1782.0849609375,1782.0849609375,1782.0849609375,1782.0849609375,0,0.0,0.0
2015-01-02,1782.0849609375,1782.0849609375,1782.0849609375,1782.0849609375,0,0.0,0.0
2015-01-02,1782.0849609375,1782.0849609375,1782.0849609375,1782.0849609375,0,0.0,0.0
2015-01-02,1782.0849609375,1782.0849609375,1782.0849609375,1782.0849609375,0,0.0,0.0
2015-01-02,1782.0849609375,1782.0849609375,1782.0849609375,1782.0849609375,0,0.0,0.0
2015-01-02,1782.0849609375,1782.0849609375,1782.0849609375,1782.0849609375,0,0.0,0.0
2015-01-02,1830.2493026408742,1839.8821937074053,1806.167074974547,1810.9835205078125,4255500,0.0,0.0
2015-01-02,1815.8000415894542,1820.616487323113,1786.9013671875,1786.9013671875,2203400,0.0,0.0
2015-01-02,1791.7178200638264,1820.6164945809849,1791.7178200638264,1815.800048828125,11751800,0.0,0.0
2015-01-02,1810.9836793304771,1815.8001252861434,1786.9014495521462,1791.7178955078125,1655000,0.0,0.0
2015-01-02,1791.717855908596,1806.167193456246,1772.4520725117293,1796.5343017578125,6357600,0.0,0.0
2015-01-02,1801.3507476070292,1801.3507476070292,1791.717855908596,1796.5343017578125,3339200,0.0,0.0
2015-01-02,1801.3506607014313,1806.16710631828,1767.6355413834901,1777.2684326171875,3502600,0.0,0.0
2015-01-02,1782.0848554840886,1873.5973210359743,1782.0848554840886,1839.8822021484375,10997500,0.0,0.0
2015-01-02,1849.5150669642858,1888.046630859375,1835.0657305036273,1888.046630859375,10462900,0.0,0.0
2015-01-02,1888.046630859375,1902.4959673200335,1863.964403424944,1888.046630859375,5944700,0.0,0.0
2015-01-02,1907.3124871504936,2042.1729660399224,1907.3124871504936,2013.2742919921875,43491200,0.0,0.0
2015-01-02,2032.5400223894817,2032.5400223894817,1974.74267578125,1974.74267578125,7266300,0.0,0.0
2015-01-02,2013.2743418518926,2080.7045829665494,1994.0085586762764,2051.805908203125,23060400,0.0,0.0
2015-01-02,2061.4388853561045,2099.970453306686,2042.173101380814,2071.07177734375,9486100,0.0,0.0
2015-01-02,2051.8056841288526,2119.235917879566,2042.1727935930364,2109.60302734375,20651700,0.0,0.0
2015-01-02,2109.6031848538305,2119.2360761088707,2013.2742723034273,2090.33740234375,6211200,0.0,0.0
2015-01-02,2119.236030910326,2254.09650560462,2119.236030910326,2215.56494140625,33838700,0.0,0.0
2015-01-02,2263.729740431329,2331.159988018645,2263.729740431329,2292.62841796875,46531800,0.0,0.0
2015-01-02,2282.9952040157555,2321.526768640494,2244.4636393910173,2302.260986328125,13410600,0.0,0.0
2015-01-02,2302.26093436245,2408.222734688755,2254.096479668675,2398.58984375,34261600,0.0,0.0
2015-01-02,2408.222797488378,2417.8556886783313,2321.5267767787964,2331.15966796875,7944600,0.0,0.0
2015-01-02,2340.7928093112246,2388.9572704081634,2292.628348214286,2360.05859375,15252600,0.0,0.0
2015-01-02,2340.792724609375,2379.324292092657,2331.1598327385545,2340.792724609375,5817100,0.0,0.0
2015-01-02,2369.6914002218364,2398.5900758342977,2331.1598327385545,2340.792724609375,6212800,0.0,0.0
2015-01-02,2340.792730564024,2369.69140625,2302.2611629827234,2369.69140625,4645900,0.0,0.0
2015-01-02,2369.691387707674,2369.691387707674,2254.0966858682755,2282.995361328125,9214100,0.0,0.0
2015-01-02,2311.893970927254,2369.6913202004353,2292.628187836194,2350.425537109375,13989100,0.0,0.0
2015-01-02,2427.4887917258525,2543.08349609375,2427.4887917258525,2543.08349609375,42149800,0.0,0.0
2015-01-02,2571.9819167564656,2591.247698904454,2494.9187881645116,2514.1845703125,14260100,0.0,0.0
2015-01-02,2523.8176949295344,2543.0834788602942,2437.121667241115,2456.387451171875,19645300,0.0,0.0
2015-01-02,2417.8557205800935,2466.0201771653547,2408.2228292630416,2446.75439453125,6626600,0.0,0.0
2015-01-02,2446.754559206495,2494.9190190333943,2417.8558833103552,2456.387451171875,11371200,0.0,0.0
2015-01-02,2456.387451171875,2475.653235102635,2417.8558833103552,2456.387451171875,6214400,0.0,0.0
2015-01-02,2456.387451171875,2456.387451171875,2456.387451171875,2456.387451171875,0,0.0,0.0
2015-01-02,2485.2857719870176,2620.146240234375,2485.2857719870176,2620.146240234375,27394600,0.0,0.0
2015-01-02,2677.943690708705,2726.108145577567,2668.310799734933,2697.20947265625,25329400,0.0,0.0
2015-01-02,2745.3741353012647,2889.8675108434363,2735.741243598453,2880.234619140625,41250200,0.0,0.0
2015-01-02,2880.2344536493288,2909.1331270973155,2774.2726510067114,2870.6015625,27686300,0.0,0.0
2015-01-02,2938.031783430544,3005.462021083048,2812.80419921875,2812.80419921875,28179000,0.0,0.0
2015-01-02,2793.538408642409,2832.0699728995455,2764.6397354495566,2783.905517578125,8079400,0.0,0.0
2015-01-02,2726.1081034689632,2860.968575018665,2687.5765401690487,2822.43701171875,10492700,0.0,0.0
2015-01-02,2889.8672567831504,2909.133038495038,2822.4370207915435,2851.335693359375,15034700,0.0,0.0
2015-01-02,2870.6015101841517,3024.727765764509,2822.4370553152903,2966.930419921875,53749000,0.0,0.0
2015-01-02,2947.664772727273,2957.2976641414143,2860.96875,2860.96875,20749000,0.0,0.0
2015-01-02,2860.96875,2860.96875,2860.96875,2860.96875,0,0.0,0.0
2015-01-02,2976.5633735530005,2986.1962647295472,2870.6015706109843,2899.500244140625,29862300,0.0,0.0
2015-01-02,2909.1331270973155,2918.7660182466443,2783.90554215604,2870.6015625,13353500,0.0,0.0
2015-01-02,2841.7030523293793,2909.1332942490594,2822.437268923756,2880.234619140625,11856800,0.0,0.0
2015-01-02,2899.5003230794273,2909.133214518229,2860.968757324219,2889.867431640625,16367700,0.0,0.0
2015-01-02,2880.2344536493288,2889.867344798658,2822.4371067533557,2870.6015625,7065100,0.0,0.0
2015-01-02,2745.373977558725,2899.5002359479868,2745.373977558725,2870.6015625,10584300,0.0,0.0
2015-01-02,2909.133056640625,2928.398838472682,2889.867274808568,2909.133056640625,13127300,0.0,0.0
2015-01-02,2909.133207070707,2928.39898989899,2832.070075757576,2860.96875,5276600,0.0,0.0
2015-01-02,2841.702764806613,2860.968546262929,2716.4751853405587,2735.740966796875,10922300,0.0,0.0
2015-01-02,2735.7411000457873,2755.006882440476,2591.247732085623,2629.779296875,10036700,0.0,0.0
2015-01-02,2620.1464136096015,2687.5766521951427,2552.7161750240602,2658.677978515625,11896400,0.0,0.0
2015-01-02,2658.678124271222,2677.9439077804336,2562.349206725163,2581.614990234375,11202300,0.0,0.0
2015-01-02,2600.880638860887,2726.108225176411,2600.880638860887,2687.57666015625,11419400,0.0,0.0
2015-01-02,2687.57666015625,2687.57666015625,2687.57666015625,2687.57666015625,0,0.0,0.0
2015-01-02,2591.2477801983173,2600.880671574519,2466.0201923076925,2504.5517578125,24669100,0.0,0.0
2015-01-02,2485.2860664799528,2552.71630859375,2446.754499557783,2552.71630859375,6102500,0.0,0.0
2015-01-02,2543.08349609375,2581.6150642163825,2514.1848200017757,2543.08349609375,5768200,0.0,0.0
2015-01-02,2504.5517578125,2533.4504319411058,2466.0201923076925,2504.5517578125,3332500,0.0,0.0
2015-01-02,2485.2861211867557,2504.5519050719245,2417.8558775886654,2427.48876953125,8031000,0.0,0.0
2015-01-02,2456.3876189596403,2504.552082076496,2446.7547263362694,2494.919189453125,10663500,0.0,0.0
2015-01-02,2514.1846491887018,2562.3491060697115,2504.5517578125,2504.5517578125,8141000,0.0,0.0
2015-01-02,2533.450234375,2649.044921875,2514.184453125,2649.044921875,15556100,0.0,0.0
2015-01-02,2697.2095817225086,2812.8042780820447,2668.3109076326245,2803.17138671875,29917900,0.0,0.0
2015-01-02,2793.5384639616937,2793.5384639616937,2677.9437689012098,2687.57666015625,10347300,0.0,0.0
2015-01-02,2716.47509765625,2745.373768907912,2649.044864735705,2716.47509765625,9162800,0.0,0.0
2015-01-02,2716.4752546037944,2774.2726004464284,2687.576581682478,2697.20947265625,9310400,0.0,0.0
2015-01-02,2793.53841703232,2851.3357635916095,2764.6397437526753,2812.80419921875,20892400,0.0,0.0
2015-01-02,2841.7029671717173,2870.6016414141413,2812.804292929293,2860.96875,11065900,0.0,0.0
2015-01-02,2870.6017274378137,2899.5004025462476,2832.0701606265675,2880.234619140625,7983000,0.0,0.0
2015-01-02,2918.7661059570314,2966.930563151042,2880.234540201823,2889.867431640625,13922500,0.0,0.0
2015-01-02,2938.0318813131316,2947.664772727273,2860.96875,2860.96875,5652600,0.0,0.0
2015-01-02,2889.867401123047,2938.031857808431,2774.272705078125,2774.272705078125,9123700,0.0,0.0
2015-01-02,2774.272440159574,2793.538220994016,2716.47509765625,2716.47509765625,9791300,0.0,0.0
2015-01-02,2697.209413109756,2774.2725391986064,2649.044959304225,2764.6396484375,13228900,0.0,0.0
2015-01-02,2774.272810409699,2918.7661859518707,2774.272810409699,2880.234619140625,12615400,0.0,0.0
2015-01-02,2870.6017274378137,2880.234619140625,2783.9057021125104,2880.234619140625,7222500,0.0,0.0
2015-01-02,2899.5000878261653,2938.0316504550847,2860.9685251972464,2918.765869140625,10219100,0.0,0.0
2015-01-02,2918.7660984848485,2938.0318813131316,2832.070075757576,2860.96875,14764300,0.0,0.0
2015-01-02,2841.7028639638297,2870.6015371566823,2783.905517578125,2783.905517578125,8963100,0.0,0.0
2015-01-02,2774.2726004464284,2812.8041643415177,2677.943690708705,2697.20947265625,20030500,0.0,0.0
2015-01-02,2764.6397437526753,2822.4370903119648,2716.475288286601,2812.80419921875,11900100,0.0,0.0
2015-01-02,2812.8040431016157,2851.3356053358843,2783.905371425914,2832.06982421875,10924600,0.0,0.0
2015-01-02,2986.1961839688533,3005.4619658009105,2909.133056640625,2909.133056640625,35291800,0.0,0.0
2015-01-02,2947.6646292264345,2976.5633020619875,2918.765956390881,2938.03173828125,18824600,0.0,0.0
2015-01-02,2947.66463797433,2976.563310895647,2928.398856026786,2966.930419921875,7395200,0.0,0.0
2015-01-02,2986.196227449724,3063.2593559000393,2947.664663224566,3053.62646484375,22304000,0.0,0.0
2015-01-02,3082.5251709726444,3217.385647202698,3063.2593886540653,3169.22119140625,24080100,0.0,0.0
2015-01-02,3130.689769519081,3130.689769519081,3072.8924199279595,3092.158203125,9174600,0.0,0.0
2015-01-02,3140.322654100334,3140.322654100334,3034.3608467533904,3063.259521484375,9739300,0.0,0.0
2015-01-02,3005.462158203125,3053.6266158666367,2995.8292666704224,3005.462158203125,10263100,0.0,0.0
2015-01-02,2986.19629686252,3053.6265358239316,2976.5634055823184,3015.094970703125,10128500,0.0,0.0
2015-01-02,3082.5250496031745,3101.7908311631945,3024.727704923115,3034.360595703125,11444700,0.0,0.0
2015-01-02,2938.0318169844777,2966.9304905941613,2889.8673609683387,2928.39892578125,11697300,0.0,0.0
2015-01-02,2899.500244140625,2928.3989176702657,2870.6015706109843,2899.500244140625,5364300,0.0,0.0
2015-01-02,2880.234532828283,2928.39898989899,2841.7029671717173,2860.96875,8486100,0.0,0.0
2015-01-02,2889.8674905711205,2928.399057112069,2793.53857421875,2793.53857421875,8133200,0.0,0.0
2015-01-02,2851.3357635916095,2889.867327964469,2803.1713081255352,2812.80419921875,8392600,0.0,0.0
2015-01-02,2851.3357719809323,2899.500227588718,2812.8042074947034,2841.702880859375,14962100,0.0,0.0
2015-01-02,2860.9688156654092,2870.6017073006465,2755.0070076778015,2793.53857421875,6786200,0.0,0.0
2015-01-02,2832.06982421875,2841.702714777317,2783.905371425914,2832.06982421875,10931900,0.0,0.0
2015-01-02,2832.070140759698,2832.070140759698,2774.2727909482755,2793.53857421875,8148600,0.0,0.0
2015-01-02,2745.374088424573,2745.374088424573,2658.6780645795866,2677.94384765625,12095500,0.0,0.0
2015-01-02,2677.94384765625,2706.8425222712453,2649.0451730412547,2677.94384765625,10811400,0.0,0.0
2015-01-02,2649.0450872891192,2687.5766521951427,2610.5135223830953,2658.677978515625,11728200,0.0,0.0
2015-01-02,2658.677978515625,2658.677978515625,2658.677978515625,2658.677978515625,0,0.0,0.0
2015-01-02,2658.677986391129,2697.2095514112902,2639.4122038810483,2687.57666015625,5276500,0.0,0.0
2015-01-02,2649.0454010803905,2687.5769705506505,2591.248046875,2591.248046875,11680100,0.0,0.0
2015-01-02,2552.7163149705575,2591.2478819889807,2514.184747952134,2581.614990234375,4545600,0.0,0.0
2015-01-02,2552.716159396701,2629.779288736979,2552.716159396701,2600.880615234375,4609400,0.0,0.0
2015-01-02,2620.1467239776953,2639.4125087128255,2591.248046875,2591.248046875,2505900,0.0,0.0
2015-01-02,2581.61480783046,2591.247698904454,2475.6530060165232,2514.1845703125,4781800,0.0,0.0
2015-01-02,2600.880773743587,2610.5136654981925,2552.7163149705575,2581.614990234375,6052500,0.0,0.0
2015-01-02,2581.614871162281,2755.006914747807,2552.7161972313597,2745.3740234375,13508300,0.0,0.0
2015-01-02,2774.272440159574,2793.538220994016,2687.5764264045874,2716.47509765625,7972200,0.0,0.0
2015-01-02,2735.741132127193,2745.3740234375,2668.310892955044,2745.3740234375,5283400,0.0,0.0
2015-01-02,2793.53857421875,2841.7030323949352,2774.2727909482755,2793.53857421875,8315300,0.0,0.0
2015-01-02,2832.0699814051795,2832.0699814051795,2783.9055259391052,2812.80419921875,4371500,0.0,0.0
2015-01-02,2793.5384799890353,2793.5384799890353,2726.108240816886,2745.3740234375,10485500,0.0,0.0
2015-01-02,2764.639638981349,2783.905420437665,2735.740966796875,2735.740966796875,5395600,0.0,0.0
2015-01-02,2735.741036551339,2745.3739275251114,2687.576581682478,2697.20947265625,4185500,0.0,0.0
2015-01-02,2697.20947265625,2697.20947265625,2697.20947265625,2697.20947265625,0,0.0,0.0
2015-01-02,2697.20947265625,2697.20947265625,2697.20947265625,2697.20947265625,0,0.0,0.0
2015-01-02,2697.2094812831274,2726.108154296875,2649.0450262602144,2726.108154296875,3778800,0.0,0.0
2015-01-02,2755.006827310623,2755.006827310623,2706.84237228771,2726.108154296875,5024800,0.0,0.0
2015-01-02,2745.373953320988,2803.1712997066934,2745.373953320988,2783.905517578125,9727700,0.0,0.0
2015-01-02,2783.905517578125,2783.905517578125,2783.905517578125,2783.905517578125,0,0.0,0.0
2015-01-02,2812.8040719110973,2928.398759797855,2812.8040719110973,2918.765869140625,14717300,0.0,0.0
2015-01-02,2938.03173828125,2995.8290839523565,2928.3988473360655,2938.03173828125,19792900,0.0,0.0
2015-01-02,2928.3991031953374,3005.462237489952,2889.8675360480306,2995.829345703125,7036200,0.0,0.0
2015-01-02,2986.196227449724,3101.7909201251973,2986.196227449724,3053.62646484375,12045900,0.0,0.0
2015-01-02,3043.9935737874607,3053.62646484375,2957.297554280856,3053.62646484375,10755100,0.0,0.0
2015-01-02,3053.62662990738,3101.7910877923546,3034.3608467533904,3063.259521484375,10752000,0.0,0.0
2015-01-02,3082.525390625,3130.6898498535156,3072.892498779297,3082.525390625,12847600,0.0,0.0
2015-01-02,3111.4238111814866,3130.6895932940656,3024.7277916748817,3053.62646484375,13345200,0.0,0.0
2015-01-02,3024.7279551763954,3072.89241306137,2995.829280445411,3063.259521484375,5851200,0.0,0.0
2015-01-02,3053.6265588606366,3121.0567983307456,3043.9936675077643,3101.791015625,10765700,0.0,0.0
2015-01-02,3111.4240128800675,3304.0818464949325,3082.525337837838,3207.7529296875,32029000,0.0,0.0
2015-01-02,3188.4869898554107,3236.6514458955226,3140.322533815299,3227.0185546875,10475400,0.0,0.0
2015-01-02,3227.0187130489862,3246.284496410473,3188.4871463260133,3207.7529296875,9163800,0.0,0.0
2015-01-02,3217.385671401165,3294.448801255085,3207.752780169425,3255.917236328125,7324200,0.0,0.0
2015-01-02,3294.448801255085,3313.7145837185653,3246.284345096385,3255.917236328125,8810000,0.0,0.0
2015-01-02,3255.9171491350444,3294.448713030134,3227.018476213728,3236.6513671875,33359800,0.0,0.0
2015-01-02,3255.9173295713376,3304.081787109375,3207.7528720333,3304.081787109375,5345000,0.0,0.0
2015-01-02,3429.309271473702,3554.5368572297643,3429.309271473702,3525.63818359375,25359700,0.0,0.0
2015-01-02,3554.5370301942567,3650.865947001689,3535.27124683277,3564.169921875,9691300,0.0,0.0
2015-01-02,3621.967226967293,3727.9290341392084,3593.068552284043,3718.296142578125,12016200,0.0,0.0
2015-01-02,3718.2962838541666,3747.1949596354166,3477.4739856770834,3612.33447265625,17177300,0.0,0.0
2015-01-02,3516.0055533854165,3699.0305,3467.8410937500003,3612.33447265625,10886800,0.0,0.0
2015-01-02,3660.49853515625,3689.3972078022202,3573.802517218339,3660.49853515625,7754100,0.0,0.0
2015-01-02,3689.3972078022202,3718.295880448191,3621.9669716282897,3660.49853515625,13005400,0.0,0.0
2015-01-02,3564.169915222667,3621.967265199251,3516.005456908847,3535.271240234375,5848900,0.0,0.0
2015-01-02,3438.942138671875,3448.575029816614,3332.980336079744,3438.942138671875,17150800,0.0,0.0
2015-01-02,3477.473819701819,3631.6000831789083,3467.840928234501,3573.802734375,12056300,0.0,0.0
2015-01-02,3564.1699891313706,3593.0686647189223,3496.73974609375,3496.73974609375,5753700,0.0,0.0
2015-01-02,3429.309310825893,3448.575093470982,3323.347506277902,3371.511962890625,4905400,0.0,0.0
2015-01-02,3371.512133926995,3419.676592983095,3371.512133926995,3410.043701171875,3060800,0.0,0.0
2015-01-02,3448.5752020753985,3487.106768579034,3429.3094188235805,3477.473876953125,10348700,0.0,0.0
2015-01-02,3525.6384216813017,3564.1699891313706,3448.575286781164,3496.73974609375,15994000,0.0,0.0
2015-01-02,3612.3343802787163,3631.6001636402025,3535.27124683277,3564.169921875,25620200,0.0,0.0
2015-01-02,3564.169921875,3564.169921875,3564.169921875,3564.169921875,0,0.0,0.0
2015-01-02,3525.6382698390794,3564.1698356296706,3516.005378391432,3544.904052734375,11140000,0.0,0.0
2015-01-02,3535.2711389058145,3535.2711389058145,3429.3093336525067,3458.2080078125,14038900,0.0,0.0
2015-01-02,3458.208073009144,3458.208073009144,3371.5120488947086,3390.77783203125,15033000,0.0,0.0
2015-01-02,3390.7778106778424,3410.0435936930576,3294.4488956017676,3304.081787109375,21051300,0.0,0.0
2015-01-02,3323.3474667677237,3352.246140391791,3227.0185546875,3227.0185546875,16765900,0.0,0.0
2015-01-02,3227.018578107967,3352.246164721112,3188.48701299623,3313.714599609375,20149800,0.0,0.0
2015-01-02,3342.61328125,3381.1448464517293,3313.7146073487033,3342.61328125,16989500,0.0,0.0
2015-01-02,3304.0818598474375,3304.0818598474375,3207.752942650719,3265.55029296875,22648500,0.0,0.0
2015-01-02,3207.7529230291193,3246.2844896721117,3178.854248046875,3178.854248046875,12047900,0.0,0.0
2015-01-02,3130.6895035032244,3149.955285063244,3005.461923363095,3034.360595703125,19552100,0.0,0.0
2015-01-02,3034.360674232434,3121.056693496218,3024.727783203125,3024.727783203125,16095400,0.0,0.0
2015-01-02,3043.9936284863597,3082.525193403909,2938.0318249631005,2957.297607421875,9919600,0.0,0.0
2015-01-02,2957.2975201716185,2976.5633020619875,2880.2343926101435,2938.03173828125,14009700,0.0,0.0
2015-01-02,2947.664772727273,2966.9305555555557,2841.7029671717173,2860.96875,14148500,0.0,0.0
2015-01-02,2860.968835735002,2880.234619140625,2735.741243598453,2880.234619140625,15169200,0.0,0.0
2015-01-02,2986.196388868416,3072.89241306137,2986.196388868416,3063.259521484375,18871300,0.0,0.0
2015-01-02,3053.6266964240854,3082.525371784566,2938.031994982164,2995.829345703125,18512200,0.0,0.0
2015-01-02,2995.8290325830853,3034.360595703125,2909.133015562996,3034.360595703125,10593100,0.0,0.0
2015-01-02,2966.9305143021165,3053.6265358239316,2966.9305143021165,3015.094970703125,8026300,0.0,0.0
2015-01-02,2986.1963608685664,2986.1963608685664,2860.96877154182,2947.664794921875,12852300,0.0,0.0
2015-01-02,2899.5003822063577,2918.7661654768317,2783.9056825835128,2793.53857421875,12639500,0.0,0.0
2015-01-02,2774.272480867347,2870.6013864530187,2697.2093563988096,2832.06982421875,12980000,0.0,0.0
2015-01-02,2860.968778443568,2986.196368072411,2851.335886933657,2976.5634765625,11263000,0.0,0.0
2015-01-02,2995.8289943984632,3024.7276663701527,2889.8671971689355,2918.765869140625,10585400,0.0,0.0
2015-01-02,2841.702944437663,2841.702944437663,2764.6398137410483,2774.272705078125,8979100,0.0,0.0
2015-01-02,2755.006827310623,2793.5383913289534,2716.4752632922928,2726.108154296875,11545400,0.0,0.0
2015-01-02,2783.9055003243707,2793.5383913289534,2726.108154296875,2726.108154296875,10678000,0.0,0.0
2015-01-02,2697.209375,2706.842265625,2639.41203125,2649.044921875,10707700,0.0,0.0
2015-01-02,2649.0450951360885,2726.108225176411,2649.0450951360885,2687.57666015625,14059500,0.0,0.0
2015-01-02,2687.57666015625,2687.57666015625,2687.57666015625,2687.57666015625,0,0.0,0.0
2015-01-02,2716.475194631969,2774.2725391986064,2677.9436315875437,2764.6396484375,11323100,0.0,0.0
2015-01-02,2745.374060058594,2909.133214518229,2745.374060058594,2889.867431640625,19033700,0.0,0.0
2015-01-02,2928.398909395973,2957.29758284396,2841.7028890520137,2870.6015625,13105300,0.0,0.0
2015-01-02,2889.867344798658,2928.398909395973,2870.6015625,2870.6015625,5462100,0.0,0.0
2015-01-02,2899.500227588718,2899.500227588718,2832.0699897378177,2841.702880859375,2082900,0.0,0.0
2015-01-02,2841.702820228425,2918.7659475566534,2812.8041474803395,2909.133056640625,7578800,0.0,0.0
2015-01-02,2957.297686408548,2976.5634693818934,2918.7661204618566,2947.664794921875,15022400,0.0,0.0
2015-01-02,2986.19637513772,3034.360832801232,2976.563483605018,3005.462158203125,7847500,0.0,0.0
2015-01-02,3005.4620715725805,3024.727854082661,2947.6647240423385,2986.1962890625,7147700,0.0,0.0
2015-01-02,3043.993590363777,3111.423828125,3034.360699255031,3111.423828125,11166900,0.0,0.0
2015-01-02,3111.423828125,3111.423828125,3111.423828125,3111.423828125,0,0.0,0.0
2015-01-02,3111.423828125,3111.423828125,3111.423828125,3111.423828125,0,0.0,0.0
2015-01-02,3169.221215242465,3313.7145837185653,3121.056759083765,3255.917236328125,16858900,0.0,0.0
2015-01-02,3255.917236328125,3255.917236328125,3255.917236328125,3255.917236328125,0,0.0,0.0
2015-01-02,3255.917236328125,3255.917236328125,3255.917236328125,3255.917236328125,0,0.0,0.0
2015-01-02,3467.84072403169,3525.6380694322183,3400.4104877310738,3419.67626953125,9461700,0.0,0.0
2015-01-02,3371.5120276626276,3371.5120276626276,3236.6515465561224,3304.081787109375,29663100,0.0,0.0
2015-01-02,3304.081787109375,3304.081787109375,3304.081787109375,3304.081787109375,0,0.0,0.0
2015-01-02,3304.081787109375,3304.081787109375,3304.081787109375,3304.081787109375,0,0.0,0.0
2015-01-02,3304.081787109375,3304.081787109375,3304.081787109375,3304.081787109375,0,0.0,0.0
2015-01-02,3101.7910001730615,3111.423891477947,2899.5002827704707,3043.99365234375,20982300,0.0,0.0
2015-01-02,3043.99365234375,3043.99365234375,3043.99365234375,3043.99365234375,0,0.0,0.0
2015-01-02,2976.563442323266,3178.854161704459,2957.297659525057,3159.58837890625,11630300,0.0,0.0
2015-01-02,3159.588525390625,3178.8543090820312,3015.095147705078,3082.525390625,7745600,0.0,0.0
2015-01-02,3072.89239166161,3082.525283171521,2976.5634765625,2976.5634765625,2310800,0.0,0.0
2015-01-02,3053.626527847782,3053.626527847782,2947.6647240423385,2986.1962890625,3609600,0.0,0.0
2015-01-02,3005.462158203125,3034.360832801232,2909.1332428761016,3005.462158203125,6582400,0.0,0.0
2015-01-02,3015.095049735827,3024.72794126853,2928.3990259415064,3005.462158203125,9342100,0.0,0.0
2015-01-02,3005.462158203125,3005.462158203125,3005.462158203125,3005.462158203125,0,0.0,0.0
2015-01-02,3034.3607761548915,3140.3225810364906,3034.3607761548915,3101.791015625,5699200,0.0,0.0
2015-01-02,3121.056998602456,3294.44905408037,3034.360970863499,3284.816162109375,13180300,0.0,0.0
2015-01-02,3323.347506277902,3371.511962890625,3255.9172670200896,3371.511962890625,14220200,0.0,0.0
2015-01-02,3371.5120419390223,3390.777825035817,3294.4489095518447,3361.879150390625,6139900,0.0,0.0
2015-01-02,3304.0816626455266,3477.4737032508315,3304.0816626455266,3438.942138671875,10346000,0.0,0.0
2015-01-02,3477.473735364795,3573.80264770177,3477.473735364795,3554.536865234375,12731400,0.0,0.0
2015-01-02,3564.1697873093012,3708.663157065084,3506.372439406988,3670.131591796875,18835100,0.0,0.0
2015-01-02,3689.39734250614,3708.663124973535,3554.536865234375,3554.536865234375,7800200,0.0,0.0
2015-01-02,3487.106938944777,3544.9042915239725,3438.9424784621147,3516.005615234375,7117400,0.0,0.0
2015-01-02,3516.0055533854165,3641.2331484375,3467.8410937500003,3612.33447265625,5616200,0.0,0.0
2015-01-02,3660.498708089193,3737.5618387858076,3660.498708089193,3699.0302734375,10966200,0.0,0.0
2015-01-02,3679.7647161458335,3699.0305,3612.33447265625,3612.33447265625,3543400,0.0,0.0
2015-01-02,3612.33447265625,3612.33447265625,3612.33447265625,3612.33447265625,0,0.0,0.0
2015-01-02,3612.334314644811,3641.2329891619697,3544.9040741047747,3631.60009765625,3775900,0.0,0.0
2015-01-02,3689.3974678948753,3737.5619257002913,3650.8659016505426,3718.296142578125,12918600,0.0,0.0
2015-01-02,3718.296142578125,3718.296142578125,3718.296142578125,3718.296142578125,0,0.0,0.0
2015-01-02,3756.827479771205,3804.991934640067,3747.194588797433,3776.09326171875,13369700,0.0,0.0
2015-01-02,3804.992045740927,3882.05517578125,3776.0933719758063,3882.05517578125,13695500,0.0,0.0
2015-01-02,3930.21984375,4142.143462775735,3910.9540602022057,4093.97900390625,24909600,0.0,0.0
2015-01-02,4113.244686867693,4132.510469944357,3988.0170968693797,4016.915771484375,4447600,0.0,0.0
2015-01-02,3949.4853839603084,4065.080078125,3901.3209280583533,4065.080078125,7254200,0.0,0.0
2015-01-02,4065.080078125,4065.080078125,4065.080078125,4065.080078125,0,0.0,0.0
2015-01-02,4065.080078125,4065.080078125,4065.080078125,4065.080078125,0,0.0,0.0
2015-01-02,4065.080078125,4065.080078125,4065.080078125,4065.080078125,0,0.0,0.0
2015-01-02,4065.080078125,4065.080078125,4065.080078125,4065.080078125,0,0.0,0.0
2015-01-02,4065.080078125,4065.080078125,4065.080078125,4065.080078125,0,0.0,0.0
2015-01-02,4065.080078125,4065.080078125,4065.080078125,4065.080078125,0,0.0,0.0
2015-01-02,4065.080078125,4065.080078125,4065.080078125,4065.080078125,0,0.0,0.0
2015-01-02,3853.1565803793533,3910.9539290850435,3785.7263402227145,3872.42236328125,12946500,0.0,0.0
2015-01-02,3949.485414566532,3988.0169795866937,3872.4222845262098,3882.05517578125,5501600,0.0,0.0
2015-01-02,3920.586756475397,3949.4854303560514,3853.156517420538,3939.8525390625,9012400,0.0,0.0
2015-01-02,3959.118422254384,4045.814446099371,3862.789506871066,4016.915771484375,8523700,0.0,0.0
2015-01-02,3949.485236528822,3949.485236528822,3824.257655858396,3843.5234375,9052900,0.0,0.0
2015-01-02,3862.789457070707,3862.789457070707,3804.9921085858587,3814.625,7898800,0.0,0.0
2015-01-02,3843.5236434936523,3843.5236434936523,3660.498708089193,3699.0302734375,6519800,0.0,0.0
2015-01-02,3737.5617313196167,3930.2195525216584,3650.8657117786975,3891.68798828125,6296500,0.0,0.0
2015-01-02,3939.8523733101642,3997.6497186398974,3910.9537006452974,3930.219482421875,6891500,0.0,0.0
2015-01-02,3910.9539290850435,3939.852603437889,3814.62501457556,3872.42236328125,2671500,0.0,0.0
2015-01-02,3804.992213893581,3939.8526974239862,3737.5619721283783,3920.5869140625,2008100,0.0,0.0
2015-01-02,3949.4854531904157,4074.7130407305995,3920.586779142681,4026.548583984375,14954700,0.0,0.0
2015-01-02,4045.8143352640086,4113.244574185075,3853.1565097752464,3910.953857421875,5080300,0.0,0.0
2015-01-02,3910.9539290850435,3968.751277790734,3853.1565803793533,3872.42236328125,3488100,0.0,0.0
2015-01-02,3910.9538495463707,3920.586740801411,3766.460480720766,3882.05517578125,3249500,0.0,0.0
2015-01-02,3804.992031204366,4219.206353588639,3776.093357549649,4122.87744140625,21881500,0.0,0.0
2015-01-02,4132.510477120536,4190.307826450893,4045.814453125,4045.814453125,10800600,0.0,0.0
2015-01-02,4093.9789767795137,4334.80126953125,4093.9789767795137,4334.80126953125,15199900,0.0,0.0
2015-01-02,4373.332996913365,4479.294809613909,4315.53564453125,4315.53564453125,9336800,0.0,0.0
2015-01-02,4286.636527927442,4296.269419001437,4161.408943965517,4190.3076171875,4522000,0.0,0.0
2015-01-02,4190.3076171875,4257.7378547054595,4171.041835039511,4190.3076171875,6021800,0.0,0.0
2015-01-02,4209.57355793519,4238.472232245958,4113.244643565964,4171.0419921875,4672700,0.0,0.0
2015-01-02,4171.041977321795,4190.307760126976,4065.080171893296,4113.24462890625,4795900,0.0,0.0
2015-01-02,4113.244707994058,4142.143382757483,4084.346033230634,4103.61181640625,5274100,0.0,0.0
2015-01-02,4093.978924818442,4151.77627434529,4093.978924818442,4103.61181640625,4845200,0.0,0.0
2015-01-02,4113.244799974623,4190.307934400377,4113.244799974623,4151.7763671875,6104700,0.0,0.0
2015-01-02,4228.839181483477,4296.269419001437,4180.674726113506,4190.3076171875,9456500,0.0,0.0
2015-01-02,4161.409457781458,4392.59887210265,4161.409457781458,4363.7001953125,6923200,0.0,0.0
2015-01-02,4373.332553061293,4546.724592609979,4373.332553061293,4488.92724609375,10991500,0.0,0.0
2015-01-02,4488.9270729047485,4488.9270729047485,4209.5732421875,4209.5732421875,8383200,0.0,0.0
2015-01-02,4257.738302760187,4411.864576163271,4257.738302760187,4373.3330078125,9247000,0.0,0.0
2015-01-02,4305.9021493313785,4373.332384332094,4171.041679329948,4209.5732421875,6612200,0.0,0.0
2015-01-02,4190.307728962726,4190.307728962726,3959.1183370199547,3997.64990234375,9424700,0.0,0.0
2015-01-02,4026.548513403436,4093.978751666173,4016.9156222230454,4065.080078125,8566000,0.0,0.0
2015-01-02,4065.0802004733773,4257.738029879698,4065.0802004733773,4228.83935546875,9618600,0.0,0.0
2015-01-02,4257.7378547054595,4334.800983297414,4113.2444885955465,4190.3076171875,8675800,0.0,0.0
2015-01-02,4238.471835759132,4248.104726294949,4190.307383080051,4219.2060546875,2685300,0.0,0.0
2015-01-02,4199.9409873980185,4199.9409873980185,4103.612065668706,4132.5107421875,2872400,0.0,0.0
2015-01-02,4103.611518411076,4103.611518411076,3872.422137092142,3930.219482421875,6223700,0.0,0.0
2015-01-02,3910.9539952531645,3968.751344936709,3756.82772943038,3804.9921875,6039700,0.0,0.0
2015-01-02,3804.9919519472364,3853.156407035176,3670.131477701005,3833.890625,3611500,0.0,0.0
2015-01-02,3670.1315048338556,3718.2959602778697,3612.334158301039,3650.86572265625,14272800,0.0,0.0
2015-01-02,3650.86572265625,3650.86572265625,3650.86572265625,3650.86572265625,0,0.0,0.0
2015-01-02,3727.928782219434,3997.6497277030107,3670.131436758668,3959.1181640625,8717900,0.0,0.0
2015-01-02,3968.751277790734,3988.017060692631,3862.789471830302,3872.42236328125,5604500,0.0,0.0
2015-01-02,3872.42236328125,3872.42236328125,3872.42236328125,3872.42236328125,0,0.0,0.0
2015-01-02,3872.42236328125,3930.21971198694,3833.8907974774565,3872.42236328125,5066600,0.0,0.0
2015-01-02,3843.5234093299277,3843.5234093299277,3747.194501827925,3756.827392578125,3409900,0.0,0.0
2015-01-02,3804.9918463291265,3891.687863080929,3737.561611077724,3756.827392578125,4325300,0.0,0.0
2015-01-02,3804.99201391664,3824.257796265585,3689.39731982297,3766.46044921875,4687800,0.0,0.0
2015-01-02,3766.46044921875,3843.52357861453,3766.46044921875,3766.46044921875,3501300,0.0,0.0
2015-01-02,3766.4603619808404,3795.359034834913,3747.194580078125,3747.194580078125,1659900,0.0,0.0
2015-01-02,3737.561662212171,3737.561662212171,3612.334080746299,3660.49853515625,5715400,0.0,0.0
2015-01-02,3612.33426211925,3621.9671534849017,3400.410652074921,3429.309326171875,14688800,0.0,0.0
2015-01-02,3438.9422827778026,3467.8409574229945,3342.613367293831,3361.879150390625,12201600,0.0,0.0
2015-01-02,3304.081725882886,3304.081725882886,3043.993659997061,3072.892333984375,17344900,0.0,0.0
2015-01-02,3092.1581317608175,3169.2212627704325,2995.829217998798,3130.689697265625,17496400,0.0,0.0
2015-01-02,3130.6896896836183,3140.3225810364906,3053.6265588606366,3101.791015625,11368000,0.0,0.0
2015-01-02,3101.790968983209,3246.2843371035447,3063.2594041511193,3227.0185546875,8625900,0.0,0.0
2015-01-02,3227.0185546875,3227.0185546875,3227.0185546875,3227.0185546875,0,0.0,0.0
2015-01-02,3217.3858213682433,3265.5502797719596,3149.9555796030404,3207.7529296875,8537800,0.0,0.0
2015-01-02,3275.182956861413,3352.246085258152,3246.284283712636,3323.347412109375,13397100,0.0,0.0
2015-01-02,3323.347643286781,3332.980535006453,3246.2845095294065,3265.55029296875,6708600,0.0,0.0
2015-01-02,3255.91728515625,3255.91728515625,3101.7910231370192,3130.689697265625,12099500,0.0,0.0
2015-01-02,3111.4240661621093,3111.4240661621093,3053.6267150878907,3082.525390625,18572400,0.0,0.0
2015-01-02,3101.791121199324,3227.0187130489862,3101.791121199324,3207.7529296875,22028100,0.0,0.0
2015-01-02,3236.651484375,3390.7777455357145,3227.0185930524553,3371.511962890625,23478300,0.0,0.0
2015-01-02,3467.8408363217213,3535.271074805755,3352.246141777664,3525.63818359375,27532000,0.0,0.0
2015-01-02,3573.802704452472,3631.600052772458,3438.9422250391713,3458.2080078125,21217400,0.0,0.0
2015-01-02,3410.0436421488666,3544.904125171703,3400.4107505043785,3506.37255859375,12325300,0.0,0.0
2015-01-02,3525.6381915332827,3593.068430169165,3477.473735364795,3554.536865234375,7315500,0.0,0.0
2015-01-02,3496.739680109797,3583.4357052364862,3496.739680109797,3564.169921875,8159700,0.0,0.0
2015-01-02,3564.169842907682,3573.802734375,3496.7396026364554,3573.802734375,6957700,0.0,0.0
2015-01-02,3535.271307373047,3564.1699829101562,3458.208172607422,3467.841064453125,8381700,0.0,0.0
2015-01-02,3458.2078868036683,3458.2078868036683,3323.347412109375,3323.347412109375,6007100,0.0,0.0
2015-01-02,3332.9804543887867,3429.309369255515,3275.18310546875,3275.18310546875,10548800,0.0,0.0
2015-01-02,3332.9805415638707,3390.777891995614,3284.816082870751,3294.448974609375,16115600,0.0,0.0
2015-01-02,3246.2845403811352,3419.676592983095,3178.8542977025954,3410.043701171875,13943900,0.0,0.0
2015-01-02,3400.410540506114,3438.942104704484,3323.347412109375,3323.347412109375,5792300,0.0,0.0
2015-01-02,3323.347562902114,3352.2462373621324,3227.018648035386,3275.18310546875,7253300,0.0,0.0
2015-01-02,3332.9806444205915,3458.208240887261,3332.9806444205915,3400.410888671875,13698500,0.0,0.0
2015-01-02,3323.3473859514506,3342.6131678989955,3236.6513671875,3236.6513671875,9546700,0.0,0.0
2015-01-02,3294.448713030134,3400.4105137416295,3236.6513671875,3236.6513671875,13755700,0.0,0.0
2015-01-02,3265.550176532452,3275.183067908654,3130.689697265625,3130.689697265625,7213600,0.0,0.0
2015-01-02,3111.423802466909,3130.6895845255276,3005.4620011445063,3024.727783203125,18150200,0.0,0.0
2015-01-02,3063.259380691622,3169.2211831683762,3043.993598423121,3140.322509765625,14077700,0.0,0.0
2015-01-02,3101.7911743164063,3121.0569580078127,3063.2596069335937,3082.525390625,5281800,0.0,0.0
2015-01-02,3063.2594426552705,3130.689681959003,3043.993659997061,3072.892333984375,10495500,0.0,0.0
2015-01-02,3111.4239863220405,3121.0568779205605,3053.626636730919,3092.158203125,11007800,0.0,0.0
2015-01-02,3082.5250496031745,3101.7908311631945,3034.360595703125,3034.360595703125,5510400,0.0,0.0
2015-01-02,3043.9936284863597,3072.8923021745213,2947.664716192488,2957.297607421875,6570600,0.0,0.0
2015-01-02,2899.5000878261653,2938.0316504550847,2870.6014158544763,2918.765869140625,20275900,0.0,0.0
2015-01-02,2928.399077654682,2947.664861060305,2870.6017274378137,2880.234619140625,9678000,0.0,0.0
2015-01-02,2880.23450978597,2889.867401123047,2745.3740310668945,2774.272705078125,8538700,0.0,0.0
2015-01-02,2783.9055003243707,2803.171282333536,2726.108154296875,2726.108154296875,10182400,0.0,0.0
2015-01-02,2764.6397437526753,2822.4370903119648,2735.741070473031,2812.80419921875,9003800,0.0,0.0
2015-01-02,2812.804314108456,3034.36081830193,2803.171422621783,2947.664794921875,22075300,0.0,0.0
2015-01-02,3015.094841097608,3159.5882040895062,3015.094841097608,3121.056640625,20229500,0.0,0.0
2015-01-02,3082.5252175632913,3082.5252175632913,2966.930521904668,3043.99365234375,10813300,0.0,0.0
2015-01-02,3082.5252175632913,3082.5252175632913,3024.7278697339793,3043.99365234375,6512900,0.0,0.0
2015-01-02,3072.8924199279595,3130.689769519081,3063.259528329439,3092.158203125,6526800,0.0,0.0
2015-01-02,3130.6896267690922,3198.1198648841187,3101.7909532912236,3169.22119140625,17255500,0.0,0.0
2015-01-02,3178.854248046875,3246.2844896721117,3140.3226814038826,3178.854248046875,10362700,0.0,0.0
2015-01-02,3130.689697265625,3217.3857196514423,3072.8923490084135,3130.689697265625,7642700,0.0,0.0
2015-01-02,3169.2212627704325,3169.2212627704325,3092.1581317608175,3130.689697265625,11556000,0.0,0.0
2015-01-02,3121.0567666330644,3121.0567666330644,2986.1962890625,2986.1962890625,13213700,0.0,0.0
2015-01-02,2986.1961418030755,3082.5250496031745,2966.9303602430555,3034.360595703125,7744800,0.0,0.0
2015-01-02,3034.3607907178925,3188.487053103563,3015.0950079196837,3159.58837890625,9339100,0.0,0.0
2015-01-02,3178.854039672074,3207.752712760002,3015.0948921738154,3024.727783203125,10688100,0.0,0.0
2015-01-02,3024.727783203125,3024.727783203125,3024.727783203125,3024.727783203125,0,0.0,0.0
2015-01-02,2986.196247682733,2986.196247682733,2841.702880859375,2841.702880859375,11410500,0.0,0.0
2015-01-02,2870.6016184488935,2880.23450978597,2755.0069224039717,2774.272705078125,15060600,0.0,0.0
2015-01-02,2793.538408642409,2822.437081835262,2774.272626513841,2783.905517578125,6779400,0.0,0.0
2015-01-02,2793.538220994016,2841.7026730801194,2706.842207239029,2716.47509765625,12788700,0.0,0.0
2015-01-02,2774.2725,2774.2725,2649.044921875,2649.044921875,8394300,0.0,0.0
2015-01-02,2649.0450872891192,2716.4753258746605,2649.0450872891192,2658.677978515625,7920600,0.0,0.0
2015-01-02,2706.8424129614095,2880.2344536493288,2706.8424129614095,2870.6015625,16886500,0.0,0.0
2015-01-02,2909.132978483395,3005.461885055693,2899.5000878261653,2918.765869140625,11735200,0.0,0.0
2015-01-02,2995.8293127111488,3227.0187130489862,2995.8293127111488,3207.7529296875,18352600,0.0,0.0
2015-01-02,3227.0185299738782,3236.651421108129,3072.8922718258723,3140.322509765625,13653600,0.0,0.0
2015-01-02,3063.259521484375,3130.689762523339,2995.829280445411,3063.259521484375,5301000,0.0,0.0
2015-01-02,3063.2594109451343,3092.158084633296,2957.297607421875,2957.297607421875,7956000,0.0,0.0
2015-01-02,2889.8672921316966,2966.930419921875,2889.8672921316966,2966.930419921875,3856100,0.0,0.0
2015-01-02,2966.930585052589,3015.095042602144,2909.133235993123,2976.5634765625,1969600,0.0,0.0
2015-01-02,2995.8291723394236,2995.8291723394236,2928.3989337337134,2957.297607421875,3527200,0.0,0.0
2015-01-02,2966.9304905941613,2995.8291642038444,2928.39892578125,2928.39892578125,2399200,0.0,0.0
2015-01-02,2947.664663224566,3063.2593559000393,2947.664663224566,3053.62646484375,14343400,0.0,0.0
2015-01-02,3053.6264386858256,3072.8922206333705,2947.66463797433,2966.930419921875,9526300,0.0,0.0
2015-01-02,2986.1961037412334,3034.3605570273826,2909.132978483395,2918.765869140625,6884700,0.0,0.0
2015-01-02,2889.8673609683387,2957.297599390933,2851.3357961554275,2928.39892578125,5562800,0.0,0.0
2015-01-02,2938.031772168277,3053.62646484375,2918.765990055698,3053.62646484375,11972700,0.0,0.0
2015-01-02,3053.62646484375,3130.6895932940656,3015.0949006185924,3053.62646484375,12765100,0.0,0.0
2015-01-02,3024.727704923115,3072.8921588231647,3015.094814143105,3034.360595703125,6029800,0.0,0.0
2015-01-02,3034.360595703125,3034.360595703125,3034.360595703125,3034.360595703125,0,0.0,0.0
2015-01-02,3034.360595703125,3034.360595703125,3034.360595703125,3034.360595703125,0,0.0,0.0
2015-01-02,2995.829345703125,3043.9938046372586,2976.5635621294714,2995.829345703125,2553600,0.0,0.0
2015-01-02,3072.8922636900156,3121.056719233746,3024.7278081462846,3111.423828125,9080300,0.0,0.0
2015-01-02,3130.6896186313747,3149.9554008998753,3072.8922718258723,3140.322509765625,6170400,0.0,0.0
2015-01-02,3140.322509765625,3140.322509765625,3140.322509765625,3140.322509765625,0,0.0,0.0
2015-01-02,3140.322509765625,3140.322509765625,3140.322509765625,3140.322509765625,0,0.0,0.0
2015-01-02,3149.955456697488,3169.2212393072587,3024.7278697339793,3043.99365234375,3256500,0.0,0.0
2015-01-02,3043.9936284863597,3072.8923021745213,2938.0318249631005,2957.297607421875,15004400,0.0,0.0
2015-01-02,2976.5634055823184,3043.99364454373,2957.297623021915,3015.094970703125,12820400,0.0,0.0
2015-01-02,3130.6896186313747,3198.119856571127,3092.158054094373,3140.322509765625,20850300,0.0,0.0
2015-01-02,3178.8541541466348,3217.3857196514423,3082.5252403846152,3130.689697265625,18293700,0.0,0.0
2015-01-02,3178.854241327408,3207.7529162485666,3130.689783125478,3149.95556640625,6213600,0.0,0.0
2015-01-02,3149.9554478844934,3332.9803821652436,3149.9554478844934,3313.714599609375,30742100,0.0,0.0
2015-01-02,3342.613273443178,3361.879055999046,3246.2843606638357,3313.714599609375,14787600,0.0,0.0
2015-01-02,3342.6134267261245,3361.879210165468,3255.917401249078,3265.55029296875,9718900,0.0,0.0
2015-01-02,3294.4489095518447,3381.1449334874196,3275.18312645505,3361.879150390625,19550600,0.0,0.0
2015-01-02,3381.1449799408783,3583.4357052364862,3381.1449799408783,3564.169921875,43918000,0.0,0.0
2015-01-02,3573.802800105168,3612.3343666831215,3487.1067753047732,3506.37255859375,17640700,0.0,0.0
2015-01-02,3554.5370301942567,3631.6001636402025,3506.3725717905404,3564.169921875,15573800,0.0,0.0
2015-01-02,3612.334552295705,3641.2332287140707,3573.8029837378845,3602.70166015625,6593100,0.0,0.0
2015-01-02,3602.701644103168,3602.701644103168,3496.7398310413096,3516.005615234375,8978500,0.0,0.0
2015-01-02,3438.942138671875,3573.802614698223,3438.942138671875,3438.942138671875,12449400,0.0,0.0
2015-01-02,3458.208240887261,3516.0055931026473,3381.14510460008,3400.410888671875,21723700,0.0,0.0
2015-01-02,3429.3094254378434,3583.4356917496566,3429.3094254378434,3506.37255859375,30351700,0.0,0.0
2015-01-02,3544.903851232394,3583.4354148327466,3419.67626953125,3419.67626953125,16248300,0.0,0.0
2015-01-02,3371.512133926995,3467.841052039195,3323.347674870895,3410.043701171875,10849100,0.0,0.0
2015-01-02,3516.0055476362986,3602.7015748382896,3516.0055476362986,3583.435791015625,34263000,0.0,0.0
2015-01-02,3621.967065746753,3718.2959770698053,3621.967065746753,3708.6630859375,38996600,0.0,0.0
2015-01-02,3708.6631492332176,3708.6631492332176,3612.334236266121,3641.23291015625,11668400,0.0,0.0
2015-01-02,3699.0302657480315,3718.296048382136,3660.498700479823,3670.131591796875,16812400,0.0,0.0
2015-01-02,3670.131591796875,3670.131591796875,3670.131591796875,3670.131591796875,0,0.0,0.0
2015-01-02,3737.561714824121,3872.422189070352,3718.295932788945,3833.890625,35060000,0.0,0.0
2015-01-02,3804.992166627874,3853.1566244332903,3718.296142578125,3718.296142578125,19208100,0.0,0.0
2015-01-02,3718.2963658297126,3727.929257969168,3573.8029837378845,3602.70166015625,16066200,0.0,0.0
2015-01-02,3564.1699015863055,3593.068576464032,3467.840985327216,3477.473876953125,18702100,0.0,0.0
2015-01-02,3477.4738701335546,3516.0054365616274,3352.2462792423185,3448.5751953125,16975900,0.0,0.0
2015-01-02,3496.7395099577357,3583.4355308657787,3419.6763802616974,3525.63818359375,17552800,0.0,0.0
2015-01-02,3525.6385073309075,3564.1700757170374,3458.2082626551796,3516.005615234375,7439800,0.0,0.0
2015-01-02,3487.106658761161,3496.7395500837056,3352.246180245536,3371.511962890625,10028600,0.0,0.0
2015-01-02,3448.575370558647,3544.9042915239725,3448.575370558647,3516.005615234375,14661000,0.0,0.0
2015-01-02,3554.5369441820226,3631.6000757632046,3506.3724869437838,3544.904052734375,11764000,0.0,0.0
2015-01-02,3602.70166015625,3621.9674444351604,3535.2714151800633,3602.70166015625,16226200,0.0,0.0
2015-01-02,3631.6000831789083,3660.4987575808623,3573.802734375,3573.802734375,15841100,0.0,0.0
2015-01-02,3573.8025856829704,3631.599932082156,3506.372348217254,3621.967041015625,10090400,0.0,0.0
2015-01-02,3660.498708089193,3718.296056111654,3621.9671427408857,3699.0302734375,16170800,0.0,0.0
2015-01-02,3650.8657391436686,3708.6630859375,3593.0683923498377,3708.6630859375,12563400,0.0,0.0
2015-01-02,3708.663229702006,3718.2961212077257,3593.068531633372,3631.60009765625,7583700,0.0,0.0
2015-01-02,3660.499012992981,3679.7647972718914,3535.2714151800633,3602.70166015625,8580700,0.0,0.0
2015-01-02,3583.435509121295,3747.194658731677,3554.5368356606396,3737.561767578125,21621400,0.0,0.0
2015-01-02,3756.82738311531,3776.0931645671835,3718.2958202115633,3727.9287109375,10455900,0.0,0.0
2015-01-02,3727.9287109375,3776.0931645671835,3679.7642573078165,3727.9287109375,9755900,0.0,0.0
2015-01-02,3766.4603619808404,3824.257707688986,3747.194580078125,3747.194580078125,12169400,0.0,0.0
2015-01-02,3747.194580078125,3747.194580078125,3747.194580078125,3747.194580078125,0,0.0,0.0
2015-01-02,3621.967428296233,3650.8661045858303,3477.4740468482446,3516.005615234375,16485600,0.0,0.0
2015-01-02,3516.0055236816406,3525.638415527344,3429.309497070313,3467.841064453125,7548300,0.0,0.0
2015-01-02,3458.2080869195183,3496.739653347591,3438.942303705482,3448.5751953125,6254800,0.0,0.0
2015-01-02,3458.208093701307,3516.005443456761,3438.9423104494895,3477.473876953125,4833400,0.0,0.0
2015-01-02,3496.7395733591575,3496.7395733591575,3458.2080078125,3458.2080078125,2288700,0.0,0.0
2015-01-02,3429.309586365582,3535.27139942744,3419.6766942690497,3516.005615234375,3237300,0.0,0.0
2015-01-02,3516.0055931026473,3535.2713771744425,3371.512212564182,3400.410888671875,7128000,0.0,0.0
2015-01-02,3390.7775968309857,3438.9420513314262,3381.144705930898,3419.67626953125,5732000,0.0,0.0
2015-01-02,3419.6763563823965,3487.1065943955705,3419.6763563823965,3438.942138671875,8580100,0.0,0.0
2015-01-02,3477.4739562988284,3516.0055236816406,3458.208172607422,3467.841064453125,8219900,0.0,0.0
2015-01-02,3419.6763563823965,3448.575029816614,3400.410574092918,3438.942138671875,3329700,0.0,0.0
2015-01-02,3400.410865761318,3400.410865761318,3284.816162109375,3284.816162109375,8199600,0.0,0.0
2015-01-02,3332.9805415638707,3352.2463250411183,3275.183191132127,3294.448974609375,3578500,0.0,0.0
2015-01-02,3323.3474749503052,3342.613257413785,3255.917236328125,3255.917236328125,3664600,0.0,0.0
2015-01-02,3246.2844165185256,3284.815982293226,3207.752850743825,3217.3857421875,2841900,0.0,0.0
2015-01-02,3227.0187260900625,3323.347643286781,3188.4871592113755,3265.55029296875,5538000,0.0,0.0
2015-01-02,3323.3473605303698,3438.9420513314262,3313.7144696302817,3419.67626953125,10155200,0.0,0.0
2015-01-02,3438.9422827778026,3458.208065874597,3342.613367293831,3361.879150390625,7486500,0.0,0.0
2015-01-02,3361.879150390625,3361.879150390625,3361.879150390625,3361.879150390625,0,0.0,0.0
2015-01-02,3371.5120348627165,3400.4107094472542,3284.816011109104,3332.98046875,6660300,0.0,0.0
2015-01-02,3371.5120348627165,3371.5120348627165,3304.0817941654623,3332.98046875,2275800,0.0,0.0
2015-01-02,3323.347555551048,3342.6133384817786,3227.0186408973946,3246.284423828125,6233900,0.0,0.0
2015-01-02,3227.0187130489862,3275.1831714527025,3198.1200380067567,3207.7529296875,7546600,0.0,0.0
2015-01-02,3207.7528282752405,3246.284393780048,3111.423914513221,3130.689697265625,9333600,0.0,0.0
2015-01-02,3149.9555091744714,3265.550206758856,3130.689726243741,3246.284423828125,8988700,0.0,0.0
2015-01-02,3227.018476213728,3236.6513671875,3188.486912318638,3236.6513671875,2732900,0.0,0.0
2015-01-02,3227.0186408973946,3275.1830982242213,3227.0186408973946,3246.284423828125,5866400,0.0,0.0
2015-01-02,3246.2844014981897,3246.2844014981897,3159.58837890625,3159.58837890625,11962900,0.0,0.0
2015-01-02,3159.58837890625,3159.58837890625,3159.58837890625,3159.58837890625,0,0.0,0.0
2015-01-02,3178.8542204083137,3217.3857867162933,3034.3608467533904,3063.259521484375,18667800,0.0,0.0
2015-01-02,3063.259521484375,3063.259521484375,3063.259521484375,3063.259521484375,0,0.0,0.0
2015-01-02,3072.8921588231647,3092.1579403831847,3015.094814143105,3034.360595703125,5955900,0.0,0.0
2015-01-02,3024.7280395507814,3130.6898498535156,3024.7280395507814,3082.525390625,6687600,0.0,0.0
2015-01-02,3082.525371784566,3082.525371784566,2976.5635621294714,2995.829345703125,10408700,0.0,0.0
2015-01-02,2995.829237467448,3005.46212890625,2889.867431640625,2889.867431640625,9997100,0.0,0.0
2015-01-02,2889.867283555328,2957.2975201716185,2870.601501664959,2938.03173828125,6448400,0.0,0.0
2015-01-02,2938.0318249631005,2986.1962811100366,2918.766042504326,2957.297607421875,5301900,0.0,0.0
2015-01-02,2957.2975201716185,2976.5633020619875,2918.765956390881,2938.03173828125,6434800,0.0,0.0
2015-01-02,2938.03173828125,2938.03173828125,2938.03173828125,2938.03173828125,0,0.0,0.0
2015-01-02,2918.7660984848485,2928.39898989899,2803.1714015151515,2860.96875,11473200,0.0,0.0
2015-01-02,2860.9684958944513,2909.1329486872874,2822.4369336601826,2832.06982421875,8567000,0.0,0.0
2015-01-02,2774.2727909482755,2812.804357489224,2716.4754411368535,2793.53857421875,4969900,0.0,0.0
2015-01-02,2812.8042074947034,2870.6015542240466,2803.171316373146,2841.702880859375,12976100,0.0,0.0
2015-01-02,2812.8042780820447,2822.4371694453394,2774.272712628866,2803.17138671875,9170800,0.0,0.0
2015-01-02,2803.1712911112327,2803.1712911112327,2716.475271798514,2755.0068359375,8252300,0.0,0.0
2015-01-02,2793.5384799890353,2803.1713712993424,2668.310892955044,2745.3740234375,8282000,0.0,0.0
2015-01-02,2735.7409375,2774.2725,2649.044921875,2649.044921875,6805900,0.0,0.0
2015-01-02,2620.1467239776953,2620.1467239776953,2562.3493697723047,2591.248046875,10707800,0.0,0.0
2015-01-02,2649.0452191301883,2677.9438942479724,2514.1847352471973,2523.817626953125,8896300,0.0,0.0
2015-01-02,2523.8176949295344,2533.450586894914,2398.5900993795954,2456.387451171875,13422500,0.0,0.0
2015-01-02,2504.5518092105262,2514.184700784413,2379.32421875,2379.32421875,6788800,0.0,0.0
2015-01-02,2379.32421875,2427.488676619433,2321.52686930668,2379.32421875,3982400,0.0,0.0
2015-01-02,2369.6912639948328,2533.4504163847196,2369.6912639948328,2446.75439453125,10487900,0.0,0.0
2015-01-02,2437.1215181790867,2523.817540564904,2427.4886268028845,2504.5517578125,5636800,0.0,0.0
2015-01-02,2494.9189518353414,2610.5136523064766,2485.2860601294133,2523.817626953125,7793100,0.0,0.0
2015-01-02,2523.817800302045,2649.0454010803905,2485.2862308317845,2591.248046875,8450000,0.0,0.0
2015-01-02,2668.310703125,2697.209375,2629.779140625,2649.044921875,12297800,0.0,0.0
2015-01-02,2668.310853407118,2716.4753092447913,2600.880615234375,2600.880615234375,9698100,0.0,0.0
2015-01-02,2600.880773743587,2629.7794490074043,2562.349206725163,2581.614990234375,4810600,0.0,0.0
2015-01-02,2581.614990234375,2581.614990234375,2581.614990234375,2581.614990234375,0,0.0,0.0
2015-01-02,2552.716159396701,2620.146397569444,2552.716159396701,2600.880615234375,4931100,0.0,0.0
2015-01-02,2600.880615234375,2600.880615234375,2600.880615234375,2600.880615234375,0,0.0,0.0
2015-01-02,2600.880615234375,2600.880615234375,2600.880615234375,2600.880615234375,0,0.0,0.0
2015-01-02,2600.880615234375,2600.880615234375,2600.880615234375,2600.880615234375,0,0.0,0.0
2015-01-02,2600.880615234375,2600.880615234375,2600.880615234375,2600.880615234375,0,0.0,0.0
2015-01-02,2600.880615234375,2600.880615234375,2600.880615234375,2600.880615234375,0,0.0,0.0
2015-01-02,2629.7792358398438,2706.842363630022,2620.1463448660716,2697.20947265625,8766500,0.0,0.0
2015-01-02,2726.1081034689632,2870.6014658436434,2726.1081034689632,2822.43701171875,11136300,0.0,0.0
2015-01-02,2832.06982421875,2928.3987298044217,2822.4369336601826,2832.06982421875,12564700,0.0,0.0
2015-01-02,2832.070053100586,2851.3358357747397,2755.0069224039717,2774.272705078125,4700200,0.0,0.0
2015-01-02,2774.2725391986064,2803.171211481925,2726.108085393075,2764.6396484375,2359200,0.0,0.0
2015-01-02,2764.6397004385717,2783.9054823231613,2668.310791015625,2668.310791015625,3042200,0.0,0.0
2015-01-02,2649.044921875,2706.842265625,2629.779140625,2649.044921875,4136600,0.0,0.0
2015-01-02,2841.702714777317,2870.6013864530187,2803.1711525430483,2832.06982421875,6199700,0.0,0.0
2015-01-02,2851.3358357747397,2880.23450978597,2716.475357055664,2774.272705078125,4011500,0.0,0.0
2015-01-02,2783.9055259391052,2822.4370903119648,2745.3739615662457,2812.80419921875,3782800,0.0,0.0
2015-01-02,2812.8041643415177,2986.1962018694194,2793.5383823939733,2966.930419921875,12944600,0.0,0.0
2015-01-02,2966.930411116803,3005.461974897541,2909.1330654456965,2938.03173828125,6361800,0.0,0.0
2015-01-02,2986.1961418030755,3043.993486483135,2938.0316879030256,3034.360595703125,11056000,0.0,0.0
2015-01-02,3043.993724333934,3053.6266158666367,2995.8292666704224,3005.462158203125,5011700,0.0,0.0
2015-01-02,3043.99365234375,3111.423891477947,3015.094978429094,3043.99365234375,17955500,0.0,0.0
2015-01-02,3024.727765764509,3024.727765764509,2957.297528948103,2966.930419921875,3484900,0.0,0.0
2015-01-02,2880.2343566686222,2880.2343566686222,2793.538339243814,2822.43701171875,17084700,0.0,0.0
2015-01-02,2841.702714777317,2889.867167570153,2812.8040431016157,2832.06982421875,7873200,0.0,0.0
2015-01-02,2851.3358357747397,2860.9687271118164,2764.6398137410483,2774.272705078125,6601900,0.0,0.0
2015-01-02,2774.272712628866,2822.4371694453394,2735.7411471756873,2803.17138671875,7137100,0.0,0.0
2015-01-02,2822.4371843434346,2928.39898989899,2822.4371843434346,2860.96875,18165000,0.0,0.0
2015-01-02,2889.867327964469,2899.500219057684,2803.1713081255352,2812.80419921875,12678600,0.0,0.0
2015-01-02,2860.9686107197745,2957.2975201716185,2822.437046939037,2938.03173828125,25167400,0.0,0.0
2015-01-02,2986.196346028646,2995.829237467448,2851.3358658854168,2889.867431640625,24479800,0.0,0.0
2015-01-02,2947.6647802734374,2976.563454589844,2889.867431640625,2889.867431640625,21711700,0.0,0.0
2015-01-02,2918.7661204618566,3005.4621438419117,2909.133228975184,2947.664794921875,36557300,0.0,0.0
2015-01-02,2966.9305143021165,3053.6265358239316,2957.297623021915,3015.094970703125,30153100,0.0,0.0
2015-01-02,3063.259521484375,3159.5884372543237,3043.993738330385,3063.259521484375,35009400,0.0,0.0
2015-01-02,3130.6895845255276,3178.854039672074,3005.4620011445063,3024.727783203125,29275600,0.0,0.0
2015-01-02,3015.094856716939,3015.094856716939,2889.867274808568,2909.133056640625,17047600,0.0,0.0
2015-01-02,2909.1330654456965,3005.461974897541,2909.1330654456965,2938.03173828125,17169700,0.0,0.0
2015-01-02,2966.930411116803,2995.8290839523565,2918.765956390881,2938.03173828125,13790700,0.0,0.0
2015-01-02,2976.563454589844,2995.829237467448,2870.601648763021,2889.867431640625,17242200,0.0,0.0
2015-01-02,2889.867327964469,2889.867327964469,2793.53841703232,2812.80419921875,18099600,0.0,0.0
2015-01-02,2812.8042780820447,2841.7029521719287,2755.0069299022766,2803.17138671875,7284600,0.0,0.0
2015-01-02,2851.3357882578903,2947.6647000233597,2841.7028970813435,2899.500244140625,17856000,0.0,0.0
2015-01-02,2909.132978483395,2938.0316504550847,2880.234306511706,2918.765869140625,6827500,0.0,0.0
2015-01-02,2938.0316203629886,2947.664510921556,2812.8040431016157,2832.06982421875,20277100,0.0,0.0
2015-01-02,2793.538408642409,2841.7028639638297,2755.0068443852724,2783.905517578125,19010000,0.0,0.0
2015-01-02,2745.373847934275,2774.2725200177933,2706.84228515625,2706.84228515625,19650100,0.0,0.0
2015-01-02,2697.209514036017,2870.6015542240466,2649.0450584282307,2841.702880859375,22419700,0.0,0.0
2015-01-02,2851.3359440321906,2928.399077654682,2851.3359440321906,2880.234619140625,22849500,0.0,0.0
2015-01-02,3015.0951292767786,3101.7911553582194,2966.9306703426446,2995.829345703125,35416900,0.0,0.0
2015-01-02,3053.6265662560095,3140.3225886418268,2986.196326622596,3130.689697265625,40393000,0.0,0.0
2015-01-02,3178.853985821759,3188.486876687886,3024.7277319637346,3121.056640625,36751700,0.0,0.0
2015-01-02,3121.0568277507487,3255.9173079622005,3092.158153419723,3217.3857421875,35227700,0.0,0.0
2015-01-02,3227.0188102834036,3323.3477299933556,3178.854350428427,3284.816162109375,28150000,0.0,0.0
2015-01-02,3227.018578107967,3323.3474908873095,3207.7527955520986,3313.714599609375,25768500,0.0,0.0
2015-01-02,3342.6131423305455,3467.84072403169,3332.980251430458,3419.67626953125,29512100,0.0,0.0
2015-01-02,3400.410796768364,3419.6765803194594,3332.9805543395296,3352.246337890625,8222400,0.0,0.0
2015-01-02,3323.3477299933556,3352.2464059063414,3255.9174861963893,3284.816162109375,13297000,0.0,0.0
2015-01-02,3275.1830344976383,3332.9803821652436,3198.1199042741646,3313.714599609375,19193300,0.0,0.0
2015-01-02,3323.3475480679267,3332.980439511602,3217.3857421875,3217.3857421875,9529900,0.0,0.0
2015-01-02,3227.0187063506155,3236.6515980113636,3149.9555730646307,3178.854248046875,12278400,0.0,0.0
2015-01-02,3111.423883505142,3121.0567747853434,2966.9305143021165,3015.094970703125,19214000,0.0,0.0
2015-01-02,3043.993823242188,3111.4240661621093,3034.3609313964844,3082.525390625,10143700,0.0,0.0
2015-01-02,3082.525337837838,3227.0187130489862,3043.9937711148646,3207.7529296875,23964300,0.0,0.0
2015-01-02,3246.2845159162553,3323.3476498252467,3246.2845159162553,3294.448974609375,20441600,0.0,0.0
2015-01-02,3371.512212564182,3419.6766727436707,3294.449076277001,3400.410888671875,28253400,0.0,0.0
2015-01-02,3660.4984281525503,4161.408739373425,3660.4984281525503,3824.257568359375,166118500,0.0,0.0
2015-01-02,3804.9919076625733,3891.687925811847,3621.9669804585506,3689.397216796875,48560800,0.0,0.0
2015-01-02,3699.03003875969,3872.4220718265506,3699.03003875969,3727.9287109375,34119700,0.0,0.0
2015-01-02,3708.663303896825,3727.9290872936913,3573.8028201187585,3593.068603515625,39838800,0.0,0.0
2015-01-02,3535.2713314589632,3670.131818217616,3516.0055476362986,3583.435791015625,15632400,0.0,0.0
2015-01-02,3631.6000265286666,3737.5618310162404,3564.1697873093012,3670.131591796875,34692400,0.0,0.0
2015-01-02,3718.295951680934,3737.561733813996,3612.334149949094,3621.967041015625,27963500,0.0,0.0
2015-01-02,3621.9669129521963,3737.5616016634367,3621.9669129521963,3727.9287109375,26872200,0.0,0.0
2015-01-02,3708.6630859375,3776.093323863636,3660.498630275974,3708.6630859375,39660400,0.0,0.0
2015-01-02,3670.131641553796,3689.3974244490914,3516.005378391432,3544.904052734375,28013500,0.0,0.0
2015-01-02,3516.005267829788,3583.435505842962,3419.6763563823965,3438.942138671875,22214300,0.0,0.0
2015-01-02,3448.5751164258354,3487.106681972493,3400.410659492514,3458.2080078125,17017400,0.0,0.0
2015-01-02,3467.841170203877,3631.6003365746155,3448.5753859249667,3602.70166015625,30175000,0.0,0.0
2015-01-02,3631.5999951039553,3650.86577757135,3535.2710827669803,3554.536865234375,20486900,0.0,0.0
2015-01-02,3583.4356607229597,3718.296142578125,3554.5369860397104,3718.296142578125,26698300,0.0,0.0
2015-01-02,3650.8657309647006,3718.2959687397743,3631.599948743251,3679.764404296875,25942700,0.0,0.0
2015-01-02,3631.6001499720983,3641.2330416165864,3506.37255859375,3506.37255859375,27638400,0.0,0.0
2015-01-02,3506.372544954609,3525.6383281686453,3448.5751953125,3448.5751953125,10116400,0.0,0.0
2015-01-02,3496.739595496136,3573.802727077318,3458.208029705545,3544.904052734375,13451100,0.0,0.0
2015-01-02,3525.6380694322183,3544.903851232394,3410.043378631162,3419.67626953125,14894500,0.0,0.0
2015-01-02,3438.942370292468,3448.5752620860044,3352.246344150641,3381.14501953125,13944500,0.0,0.0
2015-01-02,3332.980366182045,3371.511931109005,3236.651453864645,3255.917236328125,16718600,0.0,0.0
2015-01-02,3294.448954814189,3323.3476298564187,3188.4871463260133,3207.7529296875,21062800,0.0,0.0
2015-01-02,3207.752831759227,3496.7395733591575,3198.1199403725627,3458.2080078125,31761100,0.0,0.0
2015-01-02,3467.8410705061983,3544.904205406336,3381.1450437435433,3496.73974609375,32527300,0.0,0.0
2015-01-02,3516.005363675112,3554.5369293044287,3429.3093410091506,3487.106689453125,29861200,0.0,0.0
2015-01-02,3438.942138671875,3506.372376685049,3381.14479180344,3438.942138671875,21989800,0.0,0.0
2015-01-02,3419.6764422658425,3496.7395733591575,3419.6764422658425,3458.2080078125,21885300,0.0,0.0
2015-01-02,3487.106574146603,3679.7643959226584,3467.8407919689976,3650.86572265625,45198800,0.0,0.0
2015-01-02,3641.2327622695007,3718.2958895132992,3593.0683077421263,3689.397216796875,26240800,0.0,0.0
2015-01-02,3650.8656531749753,3814.624798568048,3650.8656531749753,3689.397216796875,46385100,0.0,0.0
2015-01-02,3631.6000757632046,3689.3974244490914,3544.904052734375,3544.904052734375,29578400,0.0,0.0
2015-01-02,3564.169813065808,3593.0684872258007,3438.9422250391713,3458.2080078125,23951100,0.0,0.0
2015-01-02,3381.14501953125,3429.3094784989316,3352.246344150641,3381.14501953125,33108800,0.0,0.0
2015-01-02,3400.410796768364,3448.5752556461025,3323.3476625639814,3352.246337890625,18438000,0.0,0.0
2015-01-02,3352.246164721112,3371.5119472769807,3275.1830344976383,3313.714599609375,16691100,0.0,0.0
2015-01-02,3275.18310546875,3313.7146714154414,3246.2844310087316,3275.18310546875,12913400,0.0,0.0
2015-01-02,3361.8790638508644,3390.7777377521616,3304.081716048271,3342.61328125,28348200,0.0,0.0
2015-01-02,3381.1449799408783,3573.8028135557433,3361.8791965793916,3564.169921875,53788800,0.0,0.0
2015-01-02,3564.169813065808,3583.4355958391366,3458.2080078125,3458.2080078125,31080000,0.0,0.0
2015-01-02,3458.207833131602,3506.372287632042,3400.4104877310738,3419.67626953125,16683100,0.0,0.0
2015-01-02,3593.0685969172296,3689.397513724662,3429.3094383445946,3564.169921875,160376500,0.0,0.0
2015-01-02,3583.4354767495015,3641.2328231486867,3573.8025856829704,3621.967041015625,26441700,0.0,0.0
2015-01-02,3641.232974646226,3670.1316490481804,3516.0053855710917,3573.802734375,17267600,0.0,0.0
2015-01-02,3593.068576464032,3602.701468089941,3467.840985327216,3477.473876953125,8437300,0.0,0.0
2015-01-02,3477.4739562988284,3525.638415527344,3419.6766052246094,3467.841064453125,8952100,0.0,0.0
2015-01-02,3390.77785885989,3506.37255859375,3371.5120755709136,3506.37255859375,11796400,0.0,0.0
2015-01-02,3506.372551830852,3554.5370099603965,3448.5752020753985,3477.473876953125,6994200,0.0,0.0
2015-01-02,3516.005615234375,3535.27139942744,3332.980665400257,3516.005615234375,30112100,0.0,0.0
2015-01-02,3419.6764348062234,3496.739565731434,3419.6764348062234,3429.309326171875,9352100,0.0,0.0
2015-01-02,3381.1448385549147,3419.676403666652,3304.081708331441,3313.714599609375,13190300,0.0,0.0
2015-01-02,3275.18310546875,3313.7146714154414,3217.3857565487133,3275.18310546875,14456500,0.0,0.0
2015-01-02,3323.3474908873095,3410.0435123887173,3294.448817053507,3313.714599609375,14658900,0.0,0.0
2015-01-02,3313.7144949776784,3332.9802769252233,3217.385585239955,3236.6513671875,10056400,0.0,0.0
2015-01-02,3207.752694266183,3246.284258161272,3188.486912318638,3236.6513671875,9626600,0.0,0.0
2015-01-02,3207.752756043408,3246.284320680566,3149.955409087671,3169.22119140625,6741400,0.0,0.0
2015-01-02,3130.6897897431345,3207.7529230291193,3130.6897897431345,3178.854248046875,7744600,0.0,0.0
2015-01-02,3178.854065886223,3178.854065886223,3101.790937016254,3111.423828125,11796100,0.0,0.0
2015-01-02,3082.525337837838,3255.9173880912163,3072.8924461570946,3207.7529296875,18311800,0.0,0.0
2015-01-02,3246.2844896721117,3294.448947975852,3149.9555730646307,3178.854248046875,12621500,0.0,0.0
2015-01-02,3246.284320680566,3275.1829941584347,3159.5883002469604,3169.22119140625,5825000,0.0,0.0
2015-01-02,3178.853985821759,3188.486876687886,3121.056640625,3121.056640625,5562000,0.0,0.0
2015-01-02,3130.689674087718,3159.5883480023736,3043.99365234375,3043.99365234375,8714500,0.0,0.0
2015-01-02,2986.1962647295472,3015.094938259188,2889.8673529640782,2899.500244140625,14002000,0.0,0.0
2015-01-02,2851.3358658854168,2947.6647802734374,2841.7029744466145,2889.867431640625,4894500,0.0,0.0
2015-01-02,2860.96886068755,3015.0951292767786,2851.3359689007234,2995.829345703125,12357000,0.0,0.0
2015-01-02,2966.9305778952207,3034.36081830193,2918.7661204618566,2947.664794921875,10210600,0.0,0.0
2015-01-02,2909.133228975184,2966.9305778952207,2889.8674460018383,2947.664794921875,6593800,0.0,0.0
2015-01-02,2947.664886768991,3043.9938046372586,2947.664886768991,2995.829345703125,9335400,0.0,0.0
2015-01-02,3034.360682731171,3082.5251380126183,3024.7277916748817,3053.62646484375,10019000,0.0,0.0
2015-01-02,3092.1581088681764,3121.056782782832,3043.99365234375,3043.99365234375,9554300,0.0,0.0
2015-01-02,3053.6267150878907,3092.1582824707034,3043.993823242188,3082.525390625,4881300,0.0,0.0
2015-01-02,3101.7909452286235,3169.2211831683762,3101.7909452286235,3140.322509765625,11629300,0.0,0.0
2015-01-02,3207.752694266183,3275.182931082589,3207.752694266183,3236.6513671875,17337900,0.0,0.0
2015-01-02,3275.18312645505,3381.1449334874196,3255.917343358256,3361.879150390625,20040100,0.0,0.0
2015-01-02,3381.1449606940355,3477.473876953125,3371.512069068127,3477.473876953125,16947000,0.0,0.0
2015-01-02,3487.106768579034,3535.2712267085785,3410.0436355717625,3477.473876953125,15492200,0.0,0.0
2015-01-02,3467.840777853261,3467.840777853261,3313.714521059783,3323.347412109375,14110300,0.0,0.0
2015-01-02,3323.3474986491356,3361.8790638508644,3294.448824747839,3342.61328125,7209800,0.0,0.0
2015-01-02,3381.14479180344,3448.575029816614,3381.14479180344,3438.942138671875,12623400,0.0,0.0
2015-01-02,3477.473876953125,3516.005443456761,3477.473876953125,3477.473876953125,8790000,0.0,0.0
2015-01-02,3477.4738701335546,3477.4738701335546,3429.309412098464,3448.5751953125,3942700,0.0,0.0
2015-01-02,3448.5753488513633,3448.5753488513633,3400.410888671875,3400.410888671875,3978500,0.0,0.0
2015-01-02,3429.3094254378434,3544.904125171703,3419.676533793355,3506.37255859375,13890100,0.0,0.0
2015-01-02,3516.005363675112,3535.2711464897707,3381.1448839725053,3487.106689453125,9602500,0.0,0.0
2015-01-02,3506.3724414062503,3516.0053327287947,3371.511962890625,3371.511962890625,15293400,0.0,0.0
2015-01-02,3361.8793205282846,3419.6766727436707,3323.3477523846936,3400.410888671875,6444300,0.0,0.0
2015-01-02,3390.7777607092694,3438.942217537526,3371.511977977967,3429.309326171875,8089400,0.0,0.0
2015-01-02,3400.410809360655,3429.309484794315,3371.512133926995,3410.043701171875,4157200,0.0,0.0
2015-01-02,3458.207920961353,3467.8408121060925,3419.6763563823965,3438.942138671875,5115600,0.0,0.0
2015-01-02,3438.942370292468,3438.942370292468,3381.14501953125,3381.14501953125,4468200,0.0,0.0
2015-01-02,3381.1449263908958,3410.0436009754335,3323.3475772218208,3332.98046875,7904700,0.0,0.0
2015-01-02,3323.3476498252467,3371.512108518366,3284.816082870751,3294.448974609375,6605300,0.0,0.0
2015-01-02,3294.44905408037,3342.6135139353464,3255.9174861963893,3284.816162109375,6964200,0.0,0.0
2015-01-02,3371.512212564182,3400.410888671875,3352.2464284923867,3400.410888671875,9435700,0.0,0.0
2015-01-02,3342.613288922991,3390.7777455357145,3323.347506277902,3371.511962890625,8216300,0.0,0.0
2015-01-02,3371.5120348627165,3390.777817919075,3323.3475772218208,3332.98046875,4419600,0.0,0.0
2015-01-02,3323.347562902114,3323.347562902114,3265.5502139820774,3275.18310546875,5409600,0.0,0.0
2015-01-02,3246.284258161272,3304.0816040039062,3227.018476213728,3236.6513671875,5507000,0.0,0.0
2015-01-02,3236.6515980113636,3236.6515980113636,3178.854248046875,3178.854248046875,5460300,0.0,0.0
2015-01-02,3169.2212777036916,3207.7528433900584,3159.5883862820997,3188.487060546875,3588400,0.0,0.0
2015-01-02,3140.322509765625,3140.322509765625,3082.5251629601225,3140.322509765625,7362800,0.0,0.0
2015-01-02,3092.1582165639334,3178.854241327408,3082.5253249235475,3149.95556640625,6158600,0.0,0.0
2015-01-02,3149.955487507146,3178.854161704459,3149.955487507146,3159.58837890625,5105700,0.0,0.0
2015-01-02,3178.8542896528334,3178.8542896528334,2928.3991031953374,2995.829345703125,11525900,0.0,0.0
2015-01-02,3034.360761038865,3043.99365234375,2899.5002827704707,3043.99365234375,11500400,0.0,0.0
2015-01-02,3043.9936748798077,3130.689697265625,2976.5634352463944,3130.689697265625,8700000,0.0,0.0
2015-01-02,3130.6897897431345,3207.7529230291193,3121.0568980823864,3178.854248046875,11726300,0.0,0.0
2015-01-02,3178.854248046875,3188.487139707623,3130.6897897431345,3178.854248046875,4691800,0.0,0.0
2015-01-02,3227.018626233242,3227.018626233242,3159.5883862820997,3188.487060546875,4690400,0.0,0.0
2015-01-02,3188.487060546875,3198.1199519684665,3159.5883862820997,3188.487060546875,4336400,0.0,0.0
2015-01-02,3130.6896186313747,3188.4869654368767,3121.056727497124,3140.322509765625,5749300,0.0,0.0
2015-01-02,3178.8540825655396,3178.8540825655396,3159.5883002469604,3169.22119140625,2512000,0.0,0.0
2015-01-02,3178.854161704459,3178.854161704459,3149.955487507146,3159.58837890625,3748800,0.0,0.0
2015-01-02,3169.2213288313187,3178.8542204083137,3034.3608467533904,3063.259521484375,3285400,0.0,0.0
2015-01-02,3063.2594271041335,3082.5252096645368,3005.4620794229236,3015.094970703125,1566400,0.0,0.0
2015-01-02,3024.727934112055,3024.727934112055,2928.3990190129452,2976.5634765625,7290100,0.0,0.0
2015-01-02,2957.297693542678,3034.360825621966,2947.664802032767,2976.5634765625,4467500,0.0,0.0
2015-01-02,2976.563381797389,2995.8291642038444,2918.7660345780223,2928.39892578125,5381600,0.0,0.0
2015-01-02,2947.664809006911,3015.095049735827,2947.664809006911,3005.462158203125,8775800,0.0,0.0
2015-01-02,3024.7279268152574,3043.993709788603,2918.7661204618566,2947.664794921875,7151700,0.0,0.0
2015-01-02,2909.133135317172,2938.031808846813,2880.234461787531,2899.500244140625,5082600,0.0,0.0
2015-01-02,2889.867431640625,2928.3989973958332,2870.601648763021,2889.867431640625,3277800,0.0,0.0
2015-01-02,2880.234337570775,2899.500119092988,2677.9436315875437,2764.6396484375,10357500,0.0,0.0
2015-01-02,2764.639919601324,2764.639919601324,2514.1847352471973,2523.817626953125,16618700,0.0,0.0
2015-01-02,2446.7546237244896,2446.7546237244896,2205.932318239796,2360.05859375,16567700,0.0,0.0
2015-01-02,2427.48868359375,2456.3873583984373,2263.7295263671876,2408.222900390625,12477900,0.0,0.0
2015-01-02,2475.6528813979207,2629.7791308234723,2437.121319041533,2620.146240234375,18538700,0.0,0.0
2015-01-02,2620.146318611624,2658.677882120618,2533.450300716386,2610.513427734375,9474100,0.0,0.0
2015-01-02,2649.045314145892,2677.9439903002108,2533.4506095286165,2571.982177734375,10288500,0.0,0.0
2015-01-02,2523.817781797179,2523.817781797179,2446.7546434216924,2475.6533203125,6116600,0.0,0.0
2015-01-02,2360.058374789798,2360.058374789798,2119.236091647982,2148.134765625,13198500,0.0,0.0
2015-01-02,2205.932136272562,2311.893941945043,2148.134787723936,2234.830810546875,18329000,0.0,0.0
2015-01-02,2234.830687356651,2234.830687356651,2022.9070876935207,2099.97021484375,15679400,0.0,0.0
2015-01-02,1984.3756615831444,1984.3756615831444,1859.1480712890625,1859.1480712890625,9482500,0.0,0.0
2015-01-02,1859.1480712890625,1859.1480712890625,1859.1480712890625,1859.1480712890625,0,0.0,0.0
2015-01-02,1810.9835767424509,1810.9835767424509,1714.6546630859375,1714.6546630859375,4016600,0.0,0.0
2015-01-02,1714.6547616246235,1714.6547616246235,1599.06005859375,1599.06005859375,3715000,0.0,0.0
2015-01-02,1589.4270991353155,1589.4270991353155,1488.28173828125,1488.28173828125,4857000,0.0,0.0
2015-01-02,1387.1363525390625,1387.1363525390625,1387.1363525390625,1387.1363525390625,2047900,0.0,0.0
2015-01-02,1382.3198464500983,1541.2625465645694,1290.807382747827,1454.5665283203125,25660600,0.0,0.0
2015-01-02,1425.6679620150862,1464.1995285560345,1353.4212747508082,1396.769287109375,9162600,0.0,0.0
2015-01-02,1444.9337397780373,1589.427113755841,1396.769281785436,1546.0791015625,14151400,0.0,0.0
2015-01-02,1570.1612813636739,1921.7618136935764,1565.344835715319,1820.616455078125,15380800,0.0,0.0
2015-01-02,1897.679573364258,1994.0084857177735,1878.4137908935547,1926.5782470703125,20310500,0.0,0.0
2015-01-02,1888.0466477800126,2013.2742315613398,1791.7177371789915,1945.843994140625,8084300,0.0,0.0
2015-01-02,1984.37567364728,2148.134831181279,1984.37567364728,2080.70458984375,9181300,0.0,0.0
2015-01-02,2080.704515278633,2186.6663192974524,1936.2111461620611,1955.4769287109375,10298300,0.0,0.0
2015-01-02,1926.5781868636877,2138.5017874186933,1859.1479503234586,2128.868896484375,10698500,0.0,0.0
2015-01-02,2138.501896299165,2282.99526767073,2138.501896299165,2234.830810546875,9716800,0.0,0.0
2015-01-02,2273.362487296748,2379.324298145325,2167.4006764481705,2369.69140625,13180800,0.0,0.0
2015-01-02,2466.0202922077924,2485.2860757406656,2215.5651062804386,2225.197998046875,13993800,0.0,0.0
2015-01-02,2234.830696761878,2234.830696761878,2071.071550878464,2128.868896484375,7703100,0.0,0.0
2015-01-02,2177.0336118185573,2205.9322880816353,1994.0086621523953,2186.66650390625,4405800,0.0,0.0
2015-01-02,2205.932226768526,2282.995361328125,2138.5019840288764,2282.995361328125,5787100,0.0,0.0
2015-01-02,2282.995234880789,2437.121495463459,2282.995234880789,2417.855712890625,10435700,0.0,0.0
2015-01-02,2408.222973831301,2475.653217098577,2273.362487296748,2369.69140625,14492700,0.0,0.0
2015-01-02,2350.4254997953058,2350.4254997953058,2205.93212890625,2205.93212890625,19500100,0.0,0.0
2015-01-02,2263.7295263671876,2446.754466796875,2234.8308515625,2408.222900390625,24556700,0.0,0.0
2015-01-02,2456.387278036292,2562.3490821868772,2369.691256458541,2417.855712890625,33597900,0.0,0.0
2015-01-02,2456.387427059221,2456.387427059221,2311.8940489969136,2340.792724609375,10928300,0.0,0.0
2015-01-02,2282.9952040157555,2321.526768640494,2244.4636393910173,2302.260986328125,11924400,0.0,0.0
2015-01-02,2350.425442109048,2369.6912244214172,2282.9952040157555,2302.260986328125,7813500,0.0,0.0
2015-01-02,2331.159732380319,2350.425515292553,2244.463709275266,2263.7294921875,7060500,0.0,0.0
2015-01-02,2321.526768640494,2340.7925509528636,2282.9952040157555,2302.260986328125,2515300,0.0,0.0
2015-01-02,2321.526840924202,2321.526840924202,2254.0966007313828,2263.7294921875,4570500,0.0,0.0
2015-01-02,2311.8942029936975,2340.792880531119,2282.9955254562765,2292.62841796875,6247900,0.0,0.0
2015-01-02,2331.159935858463,2475.6533203125,2311.8941512645915,2475.6533203125,20237300,0.0,0.0
2015-01-02,2398.590040905071,2658.6781176297172,2360.058473982901,2552.71630859375,33216400,0.0,0.0
2015-01-02,2571.981941731771,2639.412179904514,2562.3490505642358,2600.880615234375,10415100,0.0,0.0
2015-01-02,2639.4121352556317,2745.3739363060404,2600.8805712373014,2726.108154296875,20558000,0.0,0.0
2015-01-02,2726.108297304814,2986.196368072411,2726.108297304814,2976.5634765625,29645300,0.0,0.0
2015-01-02,2966.930563151042,3072.892368977865,2851.3358658854168,2889.867431640625,11674900,0.0,0.0
2015-01-02,2889.8672474936006,2938.031701618494,2793.538339243814,2822.43701171875,8827100,0.0,0.0
2015-01-02,2793.53851010101,2889.8674242424245,2745.374053030303,2860.96875,6123700,0.0,0.0
2015-01-02,2841.7030523293793,2957.2977527631165,2812.804377220945,2880.234619140625,11243900,0.0,0.0
2015-01-02,2870.6015371566823,2899.500210349535,2764.6397354495566,2783.905517578125,6667700,0.0,0.0
2015-01-02,2793.53857421875,2841.7030323949352,2755.0070076778015,2793.53857421875,3976600,0.0,0.0
2015-01-02,2870.6015542240466,2938.031792074947,2822.4370986162608,2841.702880859375,11335800,0.0,0.0
2015-01-02,2841.702802503431,2870.6014750712625,2793.538348223712,2851.335693359375,4350500,0.0,0.0
2015-01-02,2851.3357961554275,2966.9304905941613,2832.070013748972,2928.39892578125,6255900,0.0,0.0
2015-01-02,2938.0318658048755,2966.9305398947595,2803.17138671875,2803.17138671875,9015200,0.0,0.0
2015-01-02,2812.8041733381187,2860.9686283610317,2697.2094812831274,2726.108154296875,10686600,0.0,0.0
2015-01-02,2774.2727630395684,2793.5385461162323,2639.4122815029227,2677.94384765625,14212000,0.0,0.0
2015-01-02,2697.2094309940276,2880.2343566686222,2697.2094309940276,2822.43701171875,18168300,0.0,0.0
2015-01-02,2860.9687271118164,2909.1331837972007,2735.741139729818,2774.272705078125,23761500,0.0,0.0
2015-01-02,2793.5382619844813,2909.1329486872874,2774.272480867347,2832.06982421875,36046600,0.0,0.0
2015-01-02,2851.3356345400166,2966.930322426774,2832.069853225557,2918.765869140625,48332900,0.0,0.0
2015-01-02,2957.2976717122397,3024.7279117838543,2870.601648763021,2889.867431640625,33184000,0.0,0.0
2015-01-02,2938.031783430544,2957.2975656169733,2793.53841703232,2812.80419921875,25461400,0.0,0.0
2015-01-02,2822.4370731807257,2851.335746284965,2697.209489729021,2755.0068359375,19616400,0.0,0.0
2015-01-02,2755.0067576763936,2803.171211481925,2677.9436315875437,2764.6396484375,12413300,0.0,0.0
2015-01-02,2697.2094812831274,2755.006827310623,2649.0450262602144,2726.108154296875,15334700,0.0,0.0
2015-01-02,2726.108208848443,2755.006882440476,2591.247732085623,2629.779296875,15068500,0.0,0.0
2015-01-02,2677.943819986979,2889.867431640625,2677.943819986979,2889.867431640625,24755500,0.0,0.0
2015-01-02,2909.133143374794,2947.6647081877054,2812.8042313425162,2928.39892578125,16402700,0.0,0.0
2015-01-02,2909.133110150899,2938.031783430544,2812.80419921875,2812.80419921875,11955800,0.0,0.0
2015-01-02,2774.272626513841,2851.335755028114,2774.272626513841,2783.905517578125,8672400,0.0,0.0
2015-01-02,2697.209489729021,2803.1712911112327,2687.5765986942747,2755.0068359375,14027900,0.0,0.0
2015-01-02,2793.5383913289534,2793.5383913289534,2687.5765902785447,2726.108154296875,9411900,0.0,0.0
2015-01-02,2745.373768907912,2774.272440159574,2706.842207239029,2716.47509765625,8586800,0.0,0.0
2015-01-02,2687.576581682478,2745.3739275251114,2677.943690708705,2697.20947265625,4852900,0.0,0.0
2015-01-02,2716.4751758507564,2745.373847934275,2697.2093944617436,2706.84228515625,6694200,0.0,0.0
2015-01-02,2706.842363630022,2735.741036551339,2677.943690708705,2697.20947265625,10817100,0.0,0.0
2015-01-02,2716.4752546037944,2735.741036551339,2687.576581682478,2697.20947265625,8641200,0.0,0.0
2015-01-02,2716.4752546037944,2716.4752546037944,2668.310799734933,2697.20947265625,11307500,0.0,0.0
2015-01-02,2716.475137515944,2860.9684958944513,2697.2093563988096,2832.06982421875,21050600,0.0,0.0
2015-01-02,2851.3357635916095,2860.9686546848243,2803.1713081255352,2812.80419921875,11494900,0.0,0.0
2015-01-02,2841.702927659495,3024.727861983327,2822.4371450990916,3015.094970703125,55359200,0.0,0.0
2015-01-02,3043.993486483135,3111.4237219432043,3015.094814143105,3034.360595703125,47808600,0.0,0.0
2015-01-02,3043.993724333934,3072.892398932041,2986.19637513772,3005.462158203125,20148500,0.0,0.0
2015-01-02,3015.0949628276207,3043.993636592742,2976.5633978074598,2986.1962890625,13934800,0.0,0.0
2015-01-02,2976.5634765625,3034.360825621966,2938.031910522856,2976.5634765625,15424100,0.0,0.0
2015-01-02,3043.9938464796687,3198.1201171875,3005.462278802711,3198.1201171875,44799600,0.0,0.0
2015-01-02,3178.8541541466348,3178.8541541466348,3082.5252403846152,3130.689697265625,25037800,0.0,0.0
2015-01-02,3198.119929153727,3198.119929153727,3092.158124272127,3101.791015625,12198900,0.0,0.0
2015-01-02,3101.791007971689,3130.689681959003,3063.2594426552705,3072.892333984375,7676600,0.0,0.0
2015-01-02,3063.2596069335937,3121.0569580078127,3053.6267150878907,3082.525390625,9348000,0.0,0.0
2015-01-02,3082.5252096645368,3092.1581009447386,2995.8291881427217,3015.094970703125,12427700,0.0,0.0
2015-01-02,3053.626650002389,3149.95556640625,3015.0950834408445,3149.95556640625,21595100,0.0,0.0
2015-01-02,3178.8540825655396,3246.284320680566,3140.3225179283813,3169.22119140625,33863800,0.0,0.0
2015-01-02,3169.2212627704325,3198.1199368990383,3111.423914513221,3130.689697265625,10653100,0.0,0.0
2015-01-02,3178.854161704459,3284.8159670946075,3149.955487507146,3159.58837890625,42603800,0.0,0.0
2015-01-02,3198.119911743516,3361.8790638508644,3188.4870204430836,3342.61328125,29558200,0.0,0.0
2015-01-02,3371.5120276626276,3458.208051231095,3255.9173295713376,3304.081787109375,29028200,0.0,0.0
2015-01-02,3294.4488884420957,3332.9804543887867,3236.651539522059,3275.18310546875,17851000,0.0,0.0
2015-01-02,3352.2463250411183,3381.14500025699,3284.816082870751,3294.448974609375,11143500,0.0,0.0
2015-01-02,3294.448793143657,3342.613249183769,3072.892295359142,3227.0185546875,16796700,0.0,0.0
2015-01-02,3227.0187324390076,3323.3476498252467,3217.3858407003836,3294.448974609375,7781100,0.0,0.0
2015-01-02,3313.7146441212017,3496.739580860454,3304.081752713873,3487.106689453125,27823900,0.0,0.0
2015-01-02,3496.7395178321904,3612.33421263656,3487.1066265984928,3554.536865234375,30042600,0.0,0.0
2015-01-02,3554.537183620505,3602.701644103168,3477.4740468482446,3516.005615234375,24748500,0.0,0.0
2015-01-02,3516.005450238238,3554.5370168161917,3477.473883660285,3506.37255859375,5010600,0.0,0.0
2015-01-02,3525.6382550824414,3554.5369293044287,3477.4737980457962,3487.106689453125,4637600,0.0,0.0
2015-01-02,3487.1068356616347,3487.1068356616347,3371.512133926995,3410.043701171875,14306000,0.0,0.0
2015-01-02,3438.942217537526,3448.5751089031774,3390.7777607092694,3429.309326171875,5731300,0.0,0.0
2015-01-02,3467.8408363217213,3612.334204501793,3467.8408363217213,3525.63818359375,20169700,0.0,0.0
2015-01-02,3564.170091598429,3650.866120853526,3564.170091598429,3602.70166015625,14740600,0.0,0.0
2015-01-02,3650.866120853526,3650.866120853526,3564.170091598429,3602.70166015625,5008800,0.0,0.0
2015-01-02,3583.435538935468,3641.2328863376524,3525.6381915332827,3554.536865234375,6824600,0.0,0.0
2015-01-02,3612.334236266121,3699.030257936508,3564.1697797825727,3641.23291015625,14493500,0.0,0.0
2015-01-02,3641.23291015625,3689.3973666397983,3631.6000188595403,3641.23291015625,12254200,0.0,0.0
2015-01-02,3660.4985440804503,3727.9287804187743,3650.8656531749753,3689.397216796875,12304800,0.0,0.0
2015-01-02,3689.3973666397983,3727.928931826637,3621.9671275628307,3641.23291015625,11640900,0.0,0.0
2015-01-02,3670.1315048338556,3699.030178100264,3631.5999404786444,3650.86572265625,9374800,0.0,0.0
2015-01-02,3650.86575512508,3776.0933403932227,3641.2328639506077,3766.46044921875,21360900,0.0,0.0
2015-01-02,3785.7261699120604,3843.523516017588,3727.928823806533,3833.890625,20605400,0.0,0.0
2015-01-02,3853.1564697890026,3882.05514331242,3727.92888452086,3766.46044921875,18286600,0.0,0.0
2015-01-02,3718.2959933463876,3766.46044921875,3660.4986462995525,3766.46044921875,9843200,0.0,0.0
2015-01-02,3776.0933403932227,3804.99201391664,3737.5617756953325,3766.46044921875,7814000,0.0,0.0
2015-01-02,3776.0933321923326,3795.3591144994366,3737.561767578125,3737.561767578125,2691900,0.0,0.0
2015-01-02,3699.0303381962867,3699.0303381962867,3602.7014231390917,3631.60009765625,15317400,0.0,0.0
2015-01-02,3419.6766942690497,3564.1700757170374,3419.6766942690497,3516.005615234375,11335100,0.0,0.0
2015-01-02,3448.57501763948,3708.6630776290494,3429.3092354180303,3679.764404296875,10864100,0.0,0.0
2015-01-02,3747.19476010101,3824.257891414142,3747.19476010101,3814.625,10273200,0.0,0.0
2015-01-02,3853.15664556962,3853.15664556962,3756.82772943038,3804.9921875,6038500,0.0,0.0
2015-01-02,3804.9921011500082,3824.257883940641,3766.460535568742,3785.726318359375,3565600,0.0,0.0
2015-01-02,3804.9918367449936,3804.9918367449936,3718.2958202115633,3727.9287109375,5707800,0.0,0.0
2015-01-02,3727.92888452086,3776.0933403932227,3727.92888452086,3766.46044921875,4890900,0.0,0.0
2015-01-02,3766.460600383541,3766.460600383541,3718.296142578125,3718.296142578125,10575900,0.0,0.0
2015-01-02,3689.3975204999583,3689.3975204999583,3535.271253325025,3593.068603515625,10934500,0.0,0.0
2015-01-02,3641.233212489298,3641.233212489298,3467.841154751712,3516.005615234375,9581300,0.0,0.0
2015-01-02,3467.8410456730767,3467.8410456730767,3294.448993389423,3381.14501953125,13306600,0.0,0.0
2015-01-02,3371.511992565176,3516.005363675112,3323.347535528531,3487.106689453125,9233900,0.0,0.0
2015-01-02,3506.3724722677835,3535.2711464897707,3429.3093410091506,3487.106689453125,2301000,0.0,0.0
2015-01-02,3525.6382550824414,3554.5369293044287,3448.575123823809,3487.106689453125,4483100,0.0,0.0
2015-01-02,3487.106674365783,3496.739565731434,3381.144869343618,3429.309326171875,3822300,0.0,0.0
2015-01-02,3477.473883660285,3525.6383418827268,3438.9423170823316,3506.37255859375,2790600,0.0,0.0
2015-01-02,3506.372551830852,3535.2712267085785,3419.6765271976715,3477.473876953125,2988100,0.0,0.0
2015-01-02,3477.4738701335546,3496.739653347591,3429.309412098464,3448.5751953125,3450000,0.0,0.0
2015-01-02,3487.106689453125,3525.6382550824414,3477.4737980457962,3487.106689453125,3571700,0.0,0.0
2015-01-02,3458.2079687783885,3506.3724251680596,3275.1830344976383,3313.714599609375,21394400,0.0,0.0
2015-01-02,3352.246180245536,3390.7777455357145,3342.613288922991,3371.511962890625,23178600,0.0,0.0
2015-01-02,3438.9421704300053,3593.068430169165,3429.3092791963077,3554.536865234375,23629000,0.0,0.0
2015-01-02,3612.3341981529584,3804.9920220544495,3612.3341981529584,3795.359130859375,25151000,0.0,0.0
2015-01-02,3756.827453135199,3756.827453135199,3679.7643258914,3689.397216796875,11913100,0.0,0.0
2015-01-02,3660.4984197866947,4527.458571841438,3641.232638629923,4036.18115234375,58870700,0.0,0.0
2015-01-02,4122.877525252526,4199.940656565656,3795.3592171717173,3814.625,44396900,0.0,0.0
2015-01-02,3853.156565656566,3920.5868055555557,3785.726325757576,3814.625,13702000,0.0,0.0
2015-01-02,3872.422307579263,3988.0170033278973,3872.422307579263,3968.751220703125,23821600,0.0,0.0
2015-01-02,3978.384033203125,4036.181379932468,3930.219577595339,3978.384033203125,20683400,0.0,0.0
2015-01-02,4045.8143116603387,4190.307679933922,4036.1814204421,4122.87744140625,30872100,0.0,0.0
2015-01-02,4113.244613828681,4122.877505195962,4045.81437425772,4055.447265625,10741600,0.0,0.0
2015-01-02,4074.7130483595606,4093.9788310941212,4055.447265625,4055.447265625,7350400,0.0,0.0
2015-01-02,4055.4471621755824,4074.712944418697,3968.7511420815677,3978.384033203125,9557900,0.0,0.0
2015-01-02,3949.4855022665897,3968.751285204475,3882.055261983989,3901.321044921875,14723900,0.0,0.0
2015-01-02,4045.8143890881147,4344.434022568428,4045.8143890881147,4113.24462890625,38577400,0.0,0.0
2015-01-02,4161.4089095744675,4180.674691563238,4074.712890625,4074.712890625,15327100,0.0,0.0
2015-01-02,4113.244582346424,4132.510364933527,3910.9538651818457,3939.8525390625,23276600,0.0,0.0
2015-01-02,4045.8143890881147,4142.143303114022,4045.8143890881147,4113.24462890625,19849200,0.0,0.0
2015-01-02,4142.143303114022,4151.776194516613,4074.713063295887,4113.24462890625,8586100,0.0,0.0
2015-01-02,4190.307982057006,4402.231604138049,4142.143522493132,4382.9658203125,39117900,0.0,0.0
2015-01-02,4460.0286994866565,4488.927373565404,4277.003763654591,4354.06689453125,21426700,0.0,0.0
2015-01-02,4392.59836409396,4469.6614932885905,4286.6365614513425,4305.90234375,21856800,0.0,0.0
2015-01-02,4354.066782702665,4354.066782702665,4209.5734160200545,4248.10498046875,10336800,0.0,0.0
2015-01-02,4238.471835759132,4257.737616830765,4171.0416020084185,4219.2060546875,9457000,0.0,0.0
2015-01-02,4286.636810980903,4354.067052951389,4277.003919270834,4334.80126953125,13779700,0.0,0.0
2015-01-02,4344.434018064274,4604.522085664575,4344.434018064274,4411.8642578125,31044200,0.0,0.0
2015-01-02,4440.763195095022,4614.155250434957,4440.763195095022,4498.560546875,21833000,0.0,0.0
2015-01-02,4498.560388626066,4556.357738372868,4479.294605377132,4517.826171875,10262000,0.0,0.0
2015-01-02,4527.458613880894,4527.458613880894,4382.965253863418,4392.59814453125,24120300,0.0,0.0
2015-01-02,4488.92724609375,4527.458810437903,4450.395681749597,4488.92724609375,11737400,0.0,0.0
2015-01-02,4508.19334669237,4508.19334669237,4421.49732079444,4450.39599609375,17880700,0.0,0.0
2015-01-02,4498.560120159646,4508.19301120924,4392.59831861413,4431.1298828125,12864000,0.0,0.0
2015-01-02,4460.02880859375,4479.29459178422,4431.130133808046,4460.02880859375,5239100,0.0,0.0
2015-01-02,4498.560467581464,4556.357818342682,4460.028900407318,4508.193359375,17321700,0.0,0.0
2015-01-02,4508.19293146692,4594.888949379745,4354.0666773996745,4440.7626953125,24079700,0.0,0.0
2015-01-02,4450.395759828629,4498.5602161038305,4334.801064768145,4479.29443359375,9086700,0.0,0.0
2015-01-02,4527.458950424974,4720.116778102633,4479.29449350556,4710.48388671875,34792400,0.0,0.0
2015-01-02,4710.484226648956,4936.857190506319,4710.484226648956,4787.54736328125,33930400,0.0,0.0
2015-01-02,4816.44603951836,4816.44603951836,4749.015794965103,4787.54736328125,11642200,0.0,0.0
2015-01-02,4864.6104425168505,4960.9393621706495,4864.6104425168505,4912.77490234375,18266300,0.0,0.0
2015-01-02,4960.93897213153,4985.021200151586,4797.179821595149,4840.52783203125,15053800,0.0,0.0
2015-01-02,4960.93897213153,5105.432340251866,4816.4456040111945,4840.52783203125,33872800,0.0,0.0
2015-01-02,5105.432229366029,5177.678911857058,4960.938864383971,5033.185546875,20425200,0.0,0.0
2015-01-02,5201.761737263033,5249.9261977932465,5033.186125407286,5081.3505859375,22682200,0.0,0.0
2015-01-02,5081.350295293899,5105.432524181548,4936.856921968006,5057.26806640625,20916000,0.0,0.0
2015-01-02,5129.5142578125,5683.40546875,5057.267578125,5298.08984375,83266100,0.0,0.0
2015-01-02,5298.090142144097,5418.501281738281,5153.596774631076,5201.76123046875,31492500,0.0,0.0
2015-01-02,5201.761918604651,5346.255305232558,5129.515225290698,5177.6796875,24948600,0.0,0.0
2015-01-02,5249.925686306423,5298.090142144097,5081.3500908745655,5201.76123046875,25172200,0.0,0.0
2015-01-02,5177.679431391697,5201.761661305147,4840.528212603401,4912.77490234375,40718100,0.0,0.0
2015-01-02,4912.774611299261,4960.9390682727835,4623.787869458128,4888.6923828125,32462500,0.0,0.0
2015-01-02,4985.021559670707,5153.59716796875,4840.528181129527,5153.59716796875,27386500,0.0,0.0
2015-01-02,5225.843571589543,5274.008028470553,4985.021287184495,5009.103515625,21764600,0.0,0.0
2015-01-02,5009.103821997549,5033.186051910999,4840.528212603401,4912.77490234375,15687700,0.0,0.0
2015-01-02,5009.103125,5298.08984375,4816.4453125,5298.08984375,34467200,0.0,0.0
2015-01-02,5298.09031080163,5611.159283712635,5201.761396059783,5538.91259765625,66285900,0.0,0.0
2015-01-02,5635.241606613685,5659.323835701778,5177.679253939925,5587.0771484375,42312200,0.0,0.0
2015-01-02,5683.4058192728135,6694.859397278992,5635.2413631772815,6333.6259765625,142914600,0.0,0.0
2015-01-02,6405.872765174279,6743.023963341346,6237.297166090745,6261.37939453125,80518500,0.0,0.0
2015-01-02,6261.37890625,6285.4611328125,5972.392187500001,6020.556640625,70983200,0.0,0.0
2015-01-02,6020.55682915058,6405.872466216217,5900.1456925675675,6237.296875,75061400,0.0,0.0
2015-01-02,6333.626358376409,6598.5308828712405,6189.132981379229,6405.873046875,80107500,0.0,0.0
2015-01-02,6405.8729543974905,6839.353079131156,6261.379579486269,6357.70849609375,121101200,0.0,0.0
2015-01-02,6622.612811394458,6743.023953419812,6357.708298938679,6381.79052734375,50165400,0.0,0.0
2015-01-02,6357.708228326613,6502.201597152218,5948.310349987399,5972.392578125,51284100,0.0,0.0
2015-01-02,5948.310366334034,5948.310366334034,5562.99471507353,5731.5703125,74430300,0.0,0.0
2015-01-02,5731.5706208881575,6429.95527637453,5707.488391388628,6405.873046875,75949000,0.0,0.0
2015-01-02,6526.283595202137,6622.6125043564125,6285.46132231645,6478.119140625,45688300,0.0,0.0
2015-01-02,6478.119360641057,6502.201588747529,6044.639254724555,6092.8037109375,41096600,0.0,0.0
2015-01-02,6068.721287524607,6213.214651513287,5707.487877552904,6116.8857421875,32262200,0.0,0.0
2015-01-02,6165.050304878048,6333.625899152058,5803.816888576601,5924.22802734375,29133900,0.0,0.0
2015-01-02,5924.228256623642,5948.310485309104,5514.830368970788,5538.91259765625,60646700,0.0,0.0
2015-01-02,5394.419053819444,5538.912421332465,5153.596774631076,5201.76123046875,76528100,0.0,0.0
2015-01-02,5298.08984375,5659.3232421875,5033.1853515625,5298.08984375,55872500,0.0,0.0
2015-01-02,5394.41875,6068.72109375,5033.1853515625,6020.556640625,87291800,0.0,0.0
2015-01-02,6116.885862188824,6140.968089992717,5635.241306110964,5683.40576171875,50442600,0.0,0.0
2015-01-02,5803.816802717682,5876.063484909188,5538.912301348825,5635.2412109375,24288200,0.0,0.0
2015-01-02,5659.323438334669,5803.816802717682,5538.912301348825,5635.2412109375,18261900,0.0,0.0
2015-01-02,5683.406233791494,5851.9818424209025,5587.077314574689,5803.8173828125,26852100,0.0,0.0
2015-01-02,5924.22802734375,6020.556938357469,5827.899116330031,5924.22802734375,29191400,0.0,0.0
2015-01-02,5972.392594537815,5972.392594537815,5635.2413996848745,5731.5703125,28008900,0.0,0.0
2015-01-02,5779.735153008299,5876.064072225104,5659.324003987293,5803.8173828125,15835800,0.0,0.0
2015-01-02,5900.145976945466,6261.3794041053925,5803.817063036152,6140.96826171875,89617000,0.0,0.0
2015-01-02,6140.967872256324,6189.132326156374,6020.5567375062,6068.72119140625,23435100,0.0,0.0
2015-01-02,6116.8862441955325,6165.050702811245,5972.392868348394,5996.47509765625,31809000,0.0,0.0
2015-01-02,6068.721498842593,6092.803727012603,5731.570304462449,5851.9814453125,27155000,0.0,0.0
2015-01-02,5851.981437436996,5996.4748062626,5755.652524886593,5972.392578125,19280000,0.0,0.0
2015-01-02,6068.721482831027,6116.885939043972,5900.145886085721,6092.8037109375,32144700,0.0,0.0
2015-01-02,6237.297270184825,6381.790643239299,6165.050583657588,6189.1328125,62201300,0.0,0.0
2015-01-02,6213.214647683398,6309.543556949807,6116.885738416989,6237.296875,20733700,0.0,0.0
2015-01-02,6237.296780056424,6261.379007006449,5972.392283606151,6068.72119140625,15368000,0.0,0.0
2015-01-02,6213.214553106399,6261.379007006449,6044.638964456225,6068.72119140625,19069000,0.0,0.0
2015-01-02,5779.734760802469,5948.310357992542,5707.488076292439,5851.9814453125,38750200,0.0,0.0
2015-01-02,5924.228129822531,5948.310357992542,5731.570304462449,5851.9814453125,10044400,0.0,0.0
2015-01-02,5827.898828125,5851.981054687501,5611.1587890625,5659.3232421875,27009500,0.0,0.0
2015-01-02,5659.3233390196465,5731.570019943301,5587.076658095992,5707.48779296875,14076000,0.0,0.0
2015-01-02,5394.419046945702,5418.501274833852,5322.17236328125,5322.17236328125,47709400,0.0,0.0
2015-01-02,4960.939453125,5201.761756674758,4960.939453125,4960.939453125,101200300,0.0,0.0
2015-01-02,5009.103503493789,5081.350188640334,4623.787849378882,4652.6865234375,77938000,0.0,0.0
2015-01-02,4623.788118131868,4633.421010044643,4344.434252661401,4382.9658203125,113826500,0.0,0.0
2015-01-02,4411.864656629416,4469.662010209713,4296.2699494688195,4363.7001953125,48612700,0.0,0.0
2015-01-02,4450.395838244208,4643.053666739628,4411.864272545124,4469.66162109375,104333100,0.0,0.0
2015-01-02,4469.662038880042,4565.990962131767,4363.700223303144,4537.09228515625,51202800,0.0,0.0
2015-01-02,4575.623067220052,4594.888848555715,4315.535019188596,4392.59814453125,47029800,0.0,0.0
2015-01-02,4344.43408203125,4411.864322772311,4305.9025158935,4344.43408203125,37586500,0.0,0.0
2015-01-02,4421.4970703125,4469.661526416122,4392.598396650327,4421.4970703125,30447400,0.0,0.0
2015-01-02,4392.598619791666,4402.231511501736,4315.535486111111,4334.80126953125,38380200,0.0,0.0
2015-01-02,4382.965568609998,4411.8642426887445,4334.801111812085,4354.06689453125,22481100,0.0,0.0
2015-01-02,4373.332836371528,4392.598619791666,4296.269702690972,4334.80126953125,25548500,0.0,0.0
2015-01-02,4286.63693450218,4296.269826489825,4122.877770712209,4142.1435546875,36680000,0.0,0.0
2015-01-02,4161.408866112385,4267.37066594395,4113.244411643492,4199.9404296875,24187900,0.0,0.0
2015-01-02,4248.1052809495195,4517.826251168536,4219.20660556891,4508.193359375,80072600,0.0,0.0
2015-01-02,4527.459281215584,4546.72506539097,4344.434331549422,4373.3330078125,38826000,0.0,0.0
2015-01-02,4411.864403211805,4431.1301866319445,4315.535486111111,4334.80126953125,17162200,0.0,0.0
2015-01-02,4286.636288438213,4296.269178974029,4180.674492544235,4219.2060546875,17867700,0.0,0.0
2015-01-02,4315.53564453125,4334.801428658622,4219.206723894392,4315.53564453125,14830000,0.0,0.0
2015-01-02,4373.332904204289,4382.96579606377,4228.8395263120765,4267.37109375,12044500,0.0,0.0
2015-01-02,4315.535206545064,4508.193028265826,4296.269424372988,4488.92724609375,32268500,0.0,0.0
2015-01-02,4527.459142962072,4556.357818342682,4450.396008613782,4508.193359375,19824800,0.0,0.0
2015-01-02,4537.091904256354,4662.319493970435,4488.927446674014,4643.0537109375,29419700,0.0,0.0
2015-01-02,4643.053831422484,4652.686723188921,4450.39599609375,4450.39599609375,18607800,0.0,0.0
2015-01-02,4421.497118483744,4421.497118483744,4257.737965947309,4296.26953125,11530300,0.0,0.0
2015-01-02,4334.800821474542,4334.800821474542,4161.40878861556,4209.5732421875,12066800,0.0,0.0
2015-01-02,4209.573742593115,4286.636877468962,4209.573742593115,4267.37109375,11222700,0.0,0.0
2015-01-02,4296.269744235789,4305.902636039008,4142.1434753842805,4151.7763671875,17030400,0.0,0.0
2015-01-02,4171.041835039511,4228.839181483477,4151.776052891523,4190.3076171875,17932700,0.0,0.0
2015-01-02,4190.307934400377,4190.307934400377,4142.1434753842805,4151.7763671875,10661100,0.0,0.0
2015-01-02,4132.5104117114315,4142.143303114022,4055.4472804907055,4113.24462890625,17350100,0.0,0.0
2015-01-02,4074.71320108267,4074.71320108267,3959.118500342736,4007.282958984375,27339500,0.0,0.0
2015-01-02,4007.282480608592,4084.3456052356805,4007.282480608592,4036.18115234375,17765900,0.0,0.0
2015-01-02,4045.814358998494,4045.814358998494,3988.017011012801,3997.64990234375,10375700,0.0,0.0
2015-01-02,4045.8145573520883,4161.4092589907195,4045.8145573520883,4151.7763671875,24265600,0.0,0.0
2015-01-02,4209.57355793519,4238.472232245958,4132.51042643981,4171.0419921875,20059700,0.0,0.0
2015-01-02,4171.042263575962,4325.168536594936,4171.042263575962,4315.53564453125,23478900,0.0,0.0
2015-01-02,4363.699738533266,4498.5602161038305,4354.066847278225,4479.29443359375,34853500,0.0,0.0
2015-01-02,4460.028477070906,4469.661367950109,4373.33245915808,4440.7626953125,16972300,0.0,0.0
2015-01-02,4479.294577834382,4517.826144095323,4392.598553747265,4402.2314453125,15291000,0.0,0.0
2015-01-02,4431.130110943904,4729.749748855341,4402.231436307313,4700.85107421875,43546100,0.0,0.0
2015-01-02,4671.952658332809,4816.44603951836,4585.256629621479,4787.54736328125,43941500,0.0,0.0
2015-01-02,4768.281658541771,4840.52835033786,4739.382981823337,4777.91455078125,28951600,0.0,0.0
2015-01-02,4787.547306793811,4960.9393621706495,4787.547306793811,4912.77490234375,36708300,0.0,0.0
2015-01-02,5006.717398865582,5346.979746361301,5006.717398865582,5322.67529296875,51678500,46.63133,0.0
2015-01-02,5225.457213805602,5444.19728322072,5128.2394051766605,5395.58837890625,30356900,0.0,0.0
2015-01-02,5346.979874320652,5346.979874320652,5031.02197265625,5031.02197265625,27582200,0.0,0.0
2015-01-02,5128.240209158597,5249.762488996479,4958.109017385564,5176.84912109375,33212600,0.0,0.0
2015-01-02,5128.240099009901,5201.153465346534,4885.195544554455,4909.5,21685100,0.0,0.0
2015-01-02,4831.725761556328,4933.804474828645,4647.0118994445165,4676.17724609375,36947500,0.0,0.0
2015-01-02,4666.455433618844,4705.342562232334,4462.298008398019,4540.072265625,31732000,0.0,0.0
2015-01-02,4520.628483072916,4578.959173177083,4297.027504340278,4374.8017578125,26357600,0.0,0.0
2015-01-02,4442.8541656166,4608.124451864919,4442.8541656166,4520.62841796875,27760700,0.0,0.0
2015-01-02,4588.681015114379,4598.402796926062,4413.688942504085,4462.2978515625,31487800,0.0,0.0
2015-01-02,4588.681073050214,4637.2899827223555,4520.628599509215,4549.7939453125,30850500,0.0,0.0
2015-01-02,4578.9592682594475,4647.011741460756,4530.350358829942,4598.40283203125,16270200,0.0,0.0
2015-01-02,4676.17685953776,4676.17685953776,4569.2372639973955,4666.455078125,18917600,0.0,0.0
2015-01-02,4666.455439814815,4802.560390142747,4627.568311149692,4724.7861328125,24010000,0.0,0.0
2015-01-02,4656.733627060712,4656.733627060712,4569.237588138903,4588.68115234375,12660800,0.0,0.0
2015-01-02,4588.680805992408,4598.402587361036,4472.0194295688725,4481.7412109375,10042100,0.0,0.0
2015-01-02,4481.741312839674,4491.463094429348,4403.967060122282,4472.01953125,15527200,0.0,0.0
2015-01-02,4501.184794108072,4695.620422363281,4501.184794108072,4666.455078125,18139500,0.0,0.0
2015-01-02,4666.455305232558,4676.177087118459,4578.9592682594475,4598.40283203125,11895000,0.0,0.0
2015-01-02,4666.455158832645,4744.229411479855,4637.289814089941,4705.34228515625,13304500,0.0,0.0
2015-01-02,4695.620402102127,4715.06396484375,4637.289713877255,4715.06396484375,10616100,0.0,0.0
2015-01-02,4666.4551800626305,4685.898743312891,4578.959145436456,4656.7333984375,17143000,0.0,0.0
2015-01-02,4569.237532481777,4617.846442401796,4481.741494625742,4501.18505859375,9596100,0.0,0.0
2015-01-02,4452.576274446116,4501.185185739196,4413.689145411652,4442.8544921875,12802500,0.0,0.0
2015-01-02,4442.85421349333,4442.85421349333,4160.922545678654,4190.087890625,32429600,0.0,0.0
2015-01-02,4112.313637434745,4306.749270410383,4063.7047291908357,4190.087890625,20346400,0.0,0.0
2015-01-02,4277.583781108597,4365.079812994909,4209.531311863688,4297.02734375,11213100,0.0,0.0
2015-01-02,4335.914697826868,4345.63647966056,4228.97509765625,4228.97509765625,7448500,0.0,0.0
2015-01-02,4287.305788658406,4316.471134159483,4209.531533988865,4228.97509765625,6600300,0.0,0.0
2015-01-02,4306.749364373967,4442.854310426418,4306.749364373967,4413.68896484375,17082500,0.0,0.0
2015-01-02,4403.967000415742,4491.4630335365855,4345.636311668514,4384.5234375,10811500,0.0,0.0
2015-01-02,4365.079954713256,4433.132426167582,4326.192828167926,4423.41064453125,8990600,0.0,0.0
2015-01-02,4462.297648200244,4510.906555043384,4403.966959988476,4481.7412109375,11562100,0.0,0.0
2015-01-02,4481.741231282552,4491.4630126953125,4355.358072916666,4433.13232421875,11579000,0.0,0.0
2015-01-02,4433.132631415563,4433.132631415563,4365.0801568105,4403.96728515625,5025400,0.0,0.0
2015-01-02,4433.132441653481,4608.12451171875,4384.523533302017,4608.12451171875,16241900,0.0,0.0
2015-01-02,4627.568089978448,4860.890850817698,4617.846308276813,4792.83837890625,27670700,0.0,0.0
2015-01-02,4744.2297506313125,4812.2822265625,4647.011927872474,4812.2822265625,16995600,0.0,0.0
2015-01-02,4841.447265625,4982.4130996642825,4812.281920651356,4841.447265625,27749300,0.0,0.0
2015-01-02,4860.89101938101,5079.631115253155,4841.447455303485,5055.32666015625,27917700,0.0,0.0
2015-01-02,5152.54448054387,5249.76230093149,5031.022205059345,5055.32666015625,23725300,0.0,0.0
2015-01-02,5103.935334578805,5152.544242527174,4982.413064707881,5031.02197265625,19764300,0.0,0.0
2015-01-02,5103.935546875,5201.153366815476,5006.717726934524,5103.935546875,25939300,0.0,0.0
2015-01-02,5031.021951629785,5152.544220992823,5031.021951629785,5079.630859375,14413600,0.0,0.0
2015-01-02,5152.544410776869,5298.371139383761,5128.2399560090535,5201.1533203125,34706800,0.0,0.0
2015-01-02,5201.1533203125,5249.762229848131,5128.2399560090535,5201.1533203125,12607000,0.0,0.0
2015-01-02,5103.935546875,5152.5444568452385,4982.413271949405,5103.935546875,15495100,0.0,0.0
2015-01-02,5128.239978718308,5201.153343344634,5079.631068967423,5152.54443359375,8711900,0.0,0.0
2015-01-02,5225.4580078125,5274.066919513081,5128.240184411337,5225.4580078125,21578700,0.0,0.0
2015-01-02,5346.979766705069,5395.588673675115,5225.457499279954,5274.06640625,17554700,0.0,0.0
2015-01-02,5371.28452747273,5395.588982348172,5079.631068967423,5152.54443359375,16708700,0.0,0.0
2015-01-02,5152.544665126174,5225.458033028903,5128.240209158597,5176.84912109375,15849200,0.0,0.0
2015-01-02,5225.457752369069,5298.371116355614,5152.544388382523,5249.76220703125,17439700,0.0,0.0
2015-01-02,5176.848326526989,5346.9794921875,5152.543874289773,5346.9794921875,18770100,0.0,0.0
2015-01-02,5249.76220703125,5298.371116355614,5201.153297706886,5249.76220703125,11827800,0.0,0.0
2015-01-02,5201.153390737681,5225.457845834585,5006.7177499624395,5055.32666015625,12465500,0.0,0.0
2015-01-02,5055.326448170732,5079.630902248476,4958.108631859756,4982.4130859375,8281900,0.0,0.0
2015-01-02,4982.413016253638,4982.413016253638,4763.672932613234,4802.56005859375,23783700,0.0,0.0
2015-01-02,4812.282124180948,4909.499944871472,4812.282124180948,4822.00390625,7016500,0.0,0.0
2015-01-02,4763.672932613234,4831.725403079137,4685.898680652202,4802.56005859375,15938200,0.0,0.0
2015-01-02,4792.838662010732,4860.891137941919,4724.786186079546,4812.2822265625,11169900,0.0,0.0
2015-01-02,4958.10888671875,5006.717797372856,4885.195520737592,4958.10888671875,16185100,0.0,0.0
2015-01-02,4982.413342045803,5006.717797372856,4885.195520737592,4958.10888671875,13650000,0.0,0.0
2015-01-02,4982.413342045803,5006.717797372856,4885.195520737592,4958.10888671875,5530100,0.0,0.0
2015-01-02,4958.108653402093,4982.4131075854375,4860.890836668719,4933.80419921875,9604900,0.0,0.0
2015-01-02,4909.499840841927,4909.499840841927,4792.8384584852865,4831.7255859375,15289600,0.0,0.0
2015-01-02,4744.229390337423,4822.003642638037,4666.455138036809,4753.951171875,23171600,0.0,0.0
2015-01-02,4802.560419921875,4909.500024414062,4792.838637695312,4860.89111328125,10289300,0.0,0.0
2015-01-02,4933.80429549956,4933.80429549956,4695.620639854754,4831.7255859375,10228600,0.0,0.0
2015-01-02,4841.447548828125,4909.500024414062,4822.003984375,4860.89111328125,6866100,0.0,0.0
2015-01-02,4885.195593631629,4885.195593631629,4802.560444286616,4812.2822265625,5971200,0.0,0.0
2015-01-02,4812.282124180948,4851.169252457157,4783.116777973791,4822.00390625,4330700,0.0,0.0
2015-01-02,4860.890836668719,4982.4131075854375,4851.169054995382,4933.80419921875,8553200,0.0,0.0
2015-01-02,4982.4131075854375,5006.717561768781,4860.890836668719,4933.80419921875,11189200,0.0,0.0
2015-01-02,4933.8042210820895,4933.8042210820895,4860.890858208955,4885.1953125,5940500,0.0,0.0
2015-01-02,4860.890858208955,4909.499766791045,4822.003731343284,4885.1953125,4249200,0.0,0.0
2015-01-02,4933.804431391697,4982.413342045803,4860.891065410539,4958.10888671875,4330800,0.0,0.0
2015-01-02,4958.108653402093,5055.326470135468,4909.499745035407,4933.80419921875,8143800,0.0,0.0
2015-01-02,4933.8042210820895,5006.717583955224,4860.890858208955,4885.1953125,7398600,0.0,0.0
2015-01-02,4860.89093152666,4933.80429549956,4792.8384584852865,4831.7255859375,8362900,0.0,0.0
2015-01-02,4831.725719018076,4982.413342045803,4783.11680836397,4958.10888671875,11633800,0.0,0.0
2015-01-02,5055.3266838592235,5176.848959913532,4982.413318226639,5006.7177734375,34106900,0.0,0.0
2015-01-02,4982.4131075854375,4982.4131075854375,4860.890836668719,4933.80419921875,7968900,0.0,0.0
2015-01-02,4860.890858208955,4933.8042210820895,4860.890858208955,4885.1953125,4113800,0.0,0.0
2015-01-02,4860.891034526209,4909.499944871472,4812.282124180948,4822.00390625,12099000,0.0,0.0
2015-01-02,4860.891083140432,4909.499993971836,4715.064350646219,4724.7861328125,19459600,0.0,0.0
2015-01-02,4724.785746214562,4783.116434439433,4685.898620731315,4715.06396484375,11581900,0.0,0.0
2015-01-02,4715.064374959395,4763.6732860414495,4627.568335011694,4676.17724609375,8721900,0.0,0.0
2015-01-02,4627.568075059336,4656.7334200702135,4578.959166707872,4608.12451171875,9478000,0.0,0.0
2015-01-02,4608.12479483981,4666.455488445378,4598.4030125722165,4627.568359375,5945600,0.0,0.0
2015-01-02,4656.733317228619,4685.8986615953945,4608.124409950658,4617.84619140625,8314000,0.0,0.0
2015-01-02,4627.568384255573,4685.899078174761,4569.237690336385,4578.95947265625,16387600,0.0,0.0
2015-01-02,4588.680785608905,4617.846129585233,4520.628316330807,4530.35009765625,8843900,0.0,0.0
2015-01-02,4520.628397190824,4598.402649185505,4520.628397190824,4569.2373046875,17185500,0.0,0.0
2015-01-02,4569.237612085118,4569.237612085118,4501.18513701151,4540.072265625,19229800,0.0,0.0
2015-01-02,4540.0721060559645,4559.51566967933,4462.2978515625,4462.2978515625,15257700,0.0,0.0
2015-01-02,4423.410460885647,4472.019367049225,4345.6362110239215,4394.2451171875,50389600,0.0,0.0
2015-01-02,4403.967172790271,4656.733500588389,4403.967172790271,4647.01171875,25629700,0.0,0.0
2015-01-02,4637.290166575438,4753.951554413813,4569.237690336385,4578.95947265625,29306300,0.0,0.0
2015-01-02,4598.402934446173,4637.2900628558655,4540.072241831634,4588.68115234375,18382400,0.0,0.0
2015-01-02,4588.681230304622,4676.177270712972,4588.681230304622,4627.568359375,24631100,0.0,0.0
2015-01-02,4715.064169052472,4773.394859803636,4656.733478301307,4695.62060546875,20822800,0.0,0.0
2015-01-02,4783.116604477612,4909.499766791045,4744.229477611941,4885.1953125,32235200,0.0,0.0
2015-01-02,4860.891137941919,4885.195593631629,4802.560444286616,4812.2822265625,13450500,0.0,0.0
2015-01-02,4812.281840088879,4822.003621584008,4734.507588127846,4802.56005859375,20320900,0.0,0.0
2015-01-02,4802.560372625613,4982.413342045803,4802.560372625613,4958.10888671875,24793300,0.0,0.0
2015-01-02,4982.413342045803,5031.022252699908,4885.195520737592,4958.10888671875,20273000,0.0,0.0
2015-01-02,5055.326448170732,5079.630902248476,4982.4130859375,4982.4130859375,22204800,0.0,0.0
2015-01-02,4982.413366336634,4982.413366336634,4831.725742574257,4909.5,22326200,0.0,0.0
2015-01-02,5055.3267578125,5103.9356689453125,4851.169331054687,4860.89111328125,37669200,0.0,0.0
2015-01-02,4783.11669921875,4822.003826854675,4715.064225855882,4783.11669921875,17534600,0.0,0.0
2015-01-02,4744.229697145062,4792.838607976466,4715.064350646219,4724.7861328125,9829300,0.0,0.0
2015-01-02,4753.951479311343,4783.116825810185,4724.7861328125,4724.7861328125,8251000,0.0,0.0
2015-01-02,4724.7857666015625,4734.507548014322,4637.289733886719,4666.455078125,19013100,0.0,0.0
2015-01-02,4627.568053562109,4676.176961687761,4588.680927061587,4656.7333984375,12108700,0.0,0.0
2015-01-02,4734.507527585374,4753.9510903269975,4676.1768393605025,4715.06396484375,14054300,0.0,0.0
2015-01-02,4685.8986409505205,4724.7857666015625,4656.733296712239,4666.455078125,8986800,0.0,0.0
2015-01-02,4705.3426175157565,4715.06439978335,4617.846577107405,4627.568359375,8099000,0.0,0.0
2015-01-02,4627.568257009958,4656.733603167584,4578.959346747249,4637.2900390625,11649100,0.0,0.0
2015-01-02,4627.568053562109,4676.176961687761,4617.846271936978,4656.7333984375,7558000,0.0,0.0
2015-01-02,4637.290117228105,4676.17724609375,4617.846552795283,4676.17724609375,5975600,0.0,0.0
2015-01-02,4685.898620731315,4744.229308956185,4685.898620731315,4715.06396484375,8483100,0.0,0.0
2015-01-02,4744.229411479855,4753.951193060757,4685.898721994447,4705.34228515625,5269100,0.0,0.0
2015-01-02,4705.34228515625,4715.064066737152,4685.898721994447,4705.34228515625,2515300,0.0,0.0
2015-01-02,4705.342387260611,4734.507732636193,4695.62060546875,4695.62060546875,3136800,0.0,0.0
2015-01-02,4715.064045724693,4753.951171875,4715.064045724693,4753.951171875,7891300,0.0,0.0
2015-01-02,4753.951479311343,4802.560390142747,4715.064350646219,4724.7861328125,4722300,0.0,0.0
2015-01-02,4715.0642717923365,4715.0642717923365,4666.455361773859,4685.89892578125,3670200,0.0,0.0
2015-01-02,4695.620731377751,4705.342513430293,4617.846474957416,4637.2900390625,7716900,0.0,0.0
2015-01-02,4637.2900628558655,4656.733627060712,4588.68115234375,4588.68115234375,5876000,0.0,0.0
2015-01-02,4617.846250928138,4715.064066737152,4617.846250928138,4705.34228515625,9174100,0.0,0.0
2015-01-02,4705.342466632444,4744.229594455852,4647.011774897331,4734.5078125,8413800,0.0,0.0
2015-01-02,4763.673055680071,4802.560182665215,4734.507710441214,4744.2294921875,13267700,0.0,0.0
2015-01-02,4753.951376411704,4773.394940323408,4715.064248588295,4734.5078125,8407800,0.0,0.0
2015-01-02,4802.560160607885,4885.195305071787,4783.116597204615,4792.83837890625,19101400,0.0,0.0
2015-01-02,4763.673205745545,4763.673205745545,4617.846474957416,4637.2900390625,14814300,0.0,0.0
2015-01-02,4588.6808470394735,4647.0115357730265,4540.071939761513,4617.84619140625,6653800,0.0,0.0
2015-01-02,4608.124490311848,4705.342306563152,4598.402708686717,4656.7333984375,10489600,0.0,0.0
2015-01-02,4656.733442164179,4666.455223880597,4549.793843283583,4559.515625,8788700,0.0,0.0
2015-01-02,4569.237363811326,4666.4551800626305,4540.0720189359345,4656.7333984375,8222900,0.0,0.0
2015-01-02,4656.7337061777835,4695.620835248162,4598.4030125722165,4627.568359375,5069300,0.0,0.0
2015-01-02,4627.5679728618425,4666.4550986842105,4578.959065583882,4617.84619140625,4908300,0.0,0.0
2015-01-02,4637.28993691161,4676.177064265167,4617.846373234833,4647.01171875,2740400,0.0,0.0
2015-01-02,4685.898765081092,4705.342328421677,4608.12451171875,4608.12451171875,4919500,0.0,0.0
2015-01-02,4647.011515299479,4685.8986409505205,4617.846171061197,4666.455078125,4294800,0.0,0.0
2015-01-02,4637.2900390625,4647.011821115042,4598.402910852332,4637.2900390625,3388200,0.0,0.0
2015-01-02,4637.290166575438,4647.011948895302,4578.95947265625,4578.95947265625,4544500,0.0,0.0
2015-01-02,4588.681254976114,4598.403037295979,4540.072343376791,4578.95947265625,8711100,0.0,0.0
2015-01-02,4569.237325688844,4588.680888776882,4520.62841796875,4520.62841796875,5374100,0.0,0.0
2015-01-02,4530.35011778064,4549.793680517896,4481.7412109375,4481.7412109375,4883400,0.0,0.0
2015-01-02,4510.906535005365,4569.2372229580205,4491.4629723544795,4530.35009765625,5683400,0.0,0.0
2015-01-02,4491.46337890625,4520.628725522524,4472.0198144954,4491.46337890625,6730200,0.0,0.0
2015-01-02,4452.576250084551,4530.35050772795,4442.854467879126,4491.46337890625,5491100,0.0,0.0
2015-01-02,4491.4630335365855,4510.906596452328,4384.5234375,4384.5234375,9524600,0.0,0.0
2015-01-02,4384.523720983375,4433.132631415563,4384.523720983375,4403.96728515625,4086600,0.0,0.0
2015-01-02,4423.41068097015,4569.237406716418,4423.41068097015,4559.515625,4807100,0.0,0.0
2015-01-02,4569.237406716418,4598.402751865672,4540.072061567164,4559.515625,2346500,0.0,0.0
2015-01-02,4578.95947265625,4598.403037295979,4569.237690336385,4578.95947265625,1929100,0.0,0.0
2015-01-02,4608.124451864919,4608.124451864919,4501.184854880712,4520.62841796875,2189700,0.0,0.0
2015-01-02,4549.7939453125,4569.2375091813565,4530.350381443643,4549.7939453125,2497800,0.0,0.0
2015-01-02,4569.237665769433,4637.290141642595,4549.7941012342435,4627.568359375,5255800,0.0,0.0
2015-01-02,4637.289796496976,4647.011578040994,4520.62841796875,4520.62841796875,4924500,0.0,0.0
2015-01-02,4569.237243255152,4578.95902462378,4433.13230409436,4481.7412109375,9546700,0.0,0.0
2015-01-02,4481.741231282552,4501.184794108072,4433.13232421875,4433.13232421875,4664100,0.0,0.0
2015-01-02,4433.132344789357,4462.297689162971,4384.5234375,4384.5234375,8146400,0.0,0.0
2015-01-02,4403.967000415742,4442.854126247228,4384.5234375,4384.5234375,4279100,0.0,0.0
2015-01-02,4384.523654641544,4403.967218520221,4122.035542279412,4131.75732421875,12877300,0.0,0.0
2015-01-02,4267.861917852811,4365.079729193421,4170.6441065122,4258.14013671875,20166200,0.0,0.0
2015-01-02,4287.305980009191,4647.011923910189,4287.305980009191,4627.568359375,37580300,0.0,0.0
2015-01-02,4627.568257009958,4637.2900390625,4540.0722185370805,4637.2900390625,11593100,0.0,0.0
2015-01-02,4627.567910910676,4627.567910910676,4520.628316330807,4530.35009765625,7081800,0.0,0.0
2015-01-02,4559.51580603648,4588.68115234375,4481.741549217095,4588.68115234375,13448700,0.0,0.0
2015-01-02,4559.515541123466,4792.838298025306,4530.350196510736,4753.951171875,30043700,0.0,0.0
2015-01-02,4812.282202148437,5031.022302246093,4792.838637695312,4860.89111328125,113874800,0.0,0.0
2015-01-02,4860.890858208955,4958.108675373134,4841.44729477612,4885.1953125,62019100,0.0,0.0
2015-01-02,4958.1085413013525,4958.1085413013525,4831.725382405436,4851.1689453125,13070000,0.0,0.0
2015-01-02,4763.67287169781,4763.67287169781,4647.011495248067,4715.06396484375,14683200,0.0,0.0
2015-01-02,4666.455260093167,4724.785950844333,4617.846351133864,4695.62060546875,19140000,0.0,0.0
2015-01-02,4666.455201740507,4676.176983410799,4578.959166707872,4608.12451171875,11079600,0.0,0.0
2015-01-02,4617.846212184175,4617.846212184175,4520.628397190824,4569.2373046875,14784600,0.0,0.0
2015-01-02,4569.237690336385,4588.681254976114,4530.350561056926,4578.95947265625,12771100,0.0,0.0
2015-01-02,4666.455305232558,4724.785996547965,4598.40283203125,4598.40283203125,12550200,0.0,0.0
2015-01-02,4598.402649185505,4598.402649185505,4491.463052692819,4569.2373046875,17570200,0.0,0.0
2015-01-02,4569.237486373547,4627.568177688953,4520.628576944041,4598.40283203125,14711900,0.0,0.0
2015-01-02,4608.124819615844,4617.846601935708,4540.072343376791,4578.95947265625,25722400,0.0,0.0
2015-01-02,4588.680888776882,4608.124451864919,4520.62841796875,4520.62841796875,9819700,0.0,0.0
2015-01-02,4520.628316330807,4588.680785608905,4491.4629723544795,4530.35009765625,8291300,0.0,0.0
2015-01-02,4569.2372639973955,4753.951110839844,4569.2372639973955,4666.455078125,14257300,0.0,0.0
2015-01-02,4685.898846103556,4715.064191618723,4598.402809558054,4647.01171875,9349900,0.0,0.0
2015-01-02,4598.402649185505,4608.12443068484,4491.463052692819,4569.2373046875,23357000,0.0,0.0
2015-01-02,4569.237612085118,4588.681176391863,4520.628701318255,4540.072265625,7902200,0.0,0.0
2015-01-02,4559.515704487645,4627.568177688953,4530.350358829942,4598.40283203125,14108700,0.0,0.0
2015-01-02,4608.124409950658,4627.5679728618425,4540.071939761513,4617.84619140625,10280800,0.0,0.0
2015-01-02,4647.011951929209,4812.282251474809,4627.568387276786,4763.67333984375,26650300,0.0,0.0
2015-01-02,4783.116904496173,4822.00403380102,4715.064428212691,4763.67333984375,13032100,0.0,0.0
2015-01-02,4763.673213835686,4860.891034526209,4705.342521421371,4822.00390625,22200300,0.0,0.0
2015-01-02,4841.447184574266,4851.168966069395,4783.116495603492,4802.56005859375,13284400,0.0,0.0
2015-01-02,4792.838590494792,5055.326708026961,4734.507897709866,4958.10888671875,51140200,0.0,0.0
2015-01-02,5031.022115071614,5298.371116355614,5031.022115071614,5249.76220703125,58909100,0.0,0.0
2015-01-02,5322.675641741072,5419.893461681548,5055.326636904762,5103.935546875,35131100,0.0,0.0
2015-01-02,5176.848911830357,5249.762276785715,5103.935546875,5103.935546875,37484400,0.0,0.0
2015-01-02,5225.457752369069,5322.675571017795,5128.2399337203415,5249.76220703125,40926200,0.0,0.0
2015-01-02,5346.97974033043,5954.591074458888,5346.97974033043,5930.28662109375,80288100,0.0,0.0
2015-01-02,6464.984977722168,6853.856254577637,6124.722610473633,6221.9404296875,186528000,0.0,0.0
2015-01-02,6124.722268853306,6173.331175748967,5808.764374031508,5881.677734375,83621600,0.0,0.0
2015-01-02,5784.460086439508,6149.0268986100655,5662.937815715989,6051.80908203125,46780400,0.0,0.0
2015-01-02,6051.809125876914,6173.331397480867,5930.286854272959,5954.59130859375,19293200,0.0,0.0
2015-01-02,5954.591246487801,5978.895700555098,5541.41552734375,5541.41552734375,37807200,0.0,0.0
2015-01-02,5346.979457310268,5687.241786411831,5346.979457310268,5444.197265625,32818500,0.0,0.0
2015-01-02,5590.023978097099,5590.023978097099,5298.370553152902,5444.197265625,21170000,0.0,0.0
2015-01-02,5444.197519618834,5541.415332469171,5371.284159981082,5419.89306640625,14352700,0.0,0.0
2015-01-02,5444.197669719828,5687.242208546605,5444.197669719828,5638.63330078125,26057800,0.0,0.0
2015-01-02,5687.242229959239,5711.546683933424,5541.415506114131,5590.0244140625,15095100,0.0,0.0
2015-01-02,5590.024255271849,6051.808867663872,5590.024255271849,5978.8955078125,36705400,0.0,0.0
2015-01-02,6027.504791259766,6246.244884490967,6003.200336456299,6221.9404296875,51683600,0.0,0.0
2015-01-02,6537.898414076914,6586.50732421875,6343.462773509571,6586.50732421875,50252100,0.0,0.0
2015-01-02,6586.507048001255,6756.63822636291,6464.984777742929,6659.42041015625,33906200,0.0,0.0
2015-01-02,6562.20263671875,6659.420453559028,6416.375911458334,6562.20263671875,18569600,0.0,0.0
2015-01-02,6440.680135847468,6586.506855904391,6416.375682504647,6537.89794921875,20636300,0.0,0.0
2015-01-02,6513.593495875929,6659.420215932853,6416.375682504647,6537.89794921875,26802600,0.0,0.0
2015-01-02,6586.507112873135,6586.507112873135,6440.680387126866,6513.59375,10709500,0.0,0.0
2015-01-02,6513.593665081522,6902.464928668479,6464.984757133152,6708.029296875,56152900,0.0,0.0
2015-01-02,6780.94287109375,6853.856235299058,6683.725052153338,6780.94287109375,18906000,0.0,0.0
2015-01-02,6853.855999185027,6853.855999185027,6732.333729695931,6756.63818359375,12042500,0.0,0.0
2015-01-02,6732.334030877976,6878.160760788691,6610.811755952381,6635.1162109375,20527800,0.0,0.0
2015-01-02,6635.116056116616,7072.596235640789,6537.898238444578,6975.37841796875,40635200,0.0,0.0
2015-01-02,7048.291611876031,7364.24951171875,6975.378250373866,7364.24951171875,34085200,0.0,0.0
2015-01-02,7364.249884618472,7461.467704877462,6975.378603582513,7096.90087890625,34202800,0.0,0.0
2015-01-02,7048.291856374172,7339.9453125,6951.074037665563,7339.9453125,20431800,0.0,0.0
2015-01-02,7339.9451217908245,7364.24957583649,7145.509489425505,7218.4228515625,17728100,0.0,0.0
2015-01-02,7242.727085986481,7826.0339653947885,7194.118179369122,7753.12060546875,48615100,0.0,0.0
2015-01-02,7753.12071577325,8141.991974244635,7704.511808464326,8069.07861328125,30048600,0.0,0.0
2015-01-02,8117.687606943444,8457.949961725504,8020.469791291426,8433.6455078125,37228300,0.0,0.0
2015-01-02,8457.950048396018,8555.167865044248,8166.296598451328,8239.2099609375,32969700,0.0,0.0
2015-01-02,8166.296557617187,8214.905465698243,7777.42529296875,7777.42529296875,35164400,0.0,0.0
2015-01-02,7728.81640625,7898.947585003931,7534.380773388364,7728.81640625,49921200,0.0,0.0
2015-01-02,7631.598440028317,7680.2073472896445,7339.944996460356,7510.076171875,59781600,0.0,0.0
2015-01-02,7388.554389105903,7388.554389105903,6999.68310546875,6999.68310546875,58395700,0.0,0.0
2015-01-02,6708.029419370645,7194.118507730836,6610.811601698607,6975.37841796875,72764700,0.0,0.0
2015-01-02,7023.987513712008,7291.33651942423,7023.987513712008,7096.90087890625,34581500,0.0,0.0
2015-01-02,6999.68287238676,7218.422962148846,6732.333873788654,6975.37841796875,42678700,0.0,0.0
2015-01-02,6610.8115234375,6780.9427023494945,6489.289252786076,6610.8115234375,56593900,0.0,0.0
2015-01-02,6635.116234360586,6926.7696952116,6562.202869147832,6586.50732421875,37149500,0.0,0.0
2015-01-02,6586.507135147439,6853.856133253054,6464.98486328125,6464.98486328125,42693200,0.0,0.0
2015-01-02,6659.420388926631,6926.769382642663,6537.898119055707,6708.029296875,51676200,0.0,0.0
2015-01-02,6805.24719448024,7096.900645672251,6780.942740214239,7072.59619140625,34443100,0.0,0.0
2015-01-02,7169.813834176937,7194.118287852113,6805.2470290492965,6902.46484375,34069900,0.0,0.0
2015-01-02,6756.638146772541,7558.685121029713,6659.420331711066,7412.8583984375,54694200,0.0,0.0
2015-01-02,7631.598338925352,7947.556231938185,7582.989432307993,7753.12060546875,76251600,0.0,0.0
2015-01-02,7850.338522704288,8044.774151749595,7437.16281098301,7510.076171875,31082200,0.0,0.0
2015-01-02,7631.5986328125,7753.120904035629,7582.989724323248,7631.5986328125,22772300,0.0,0.0
2015-01-02,7582.98933490954,7680.20714689556,7339.944804944491,7388.5537109375,35376800,0.0,0.0
2015-01-02,7534.380352313702,7655.902616060697,7437.1625413161055,7582.9892578125,36405400,0.0,0.0
2015-01-02,7728.8161324474295,7874.64285192757,7534.380506473909,7801.7294921875,41615300,0.0,0.0
2015-01-02,7826.034345910904,7996.16552734375,7510.076437535619,7996.16552734375,256138500,0.0,0.0
2015-01-02,7947.556252464511,7996.165159207413,7680.207265378549,7704.51171875,32948300,0.0,0.0
2015-01-02,7728.8162758296,7777.4251832247555,7437.162831458672,7461.46728515625,25172100,0.0,0.0
2015-01-02,7461.467305968237,7510.076213498975,7194.1183145491805,7412.8583984375,34928200,0.0,0.0
2015-01-02,7437.16259765625,7534.380409390318,7339.944785922181,7437.16259765625,23078700,0.0,0.0
2015-01-02,7485.771484375,7485.771484375,7291.335861404221,7485.771484375,12660900,0.0,0.0
2015-01-02,7485.771503523284,7485.771503523284,7242.726974188113,7437.16259765625,18689000,0.0,0.0
2015-01-02,7291.336471970017,7315.640926876584,7048.291922904349,7194.11865234375,21944100,0.0,0.0
2015-01-02,6999.68310546875,7048.2920159233945,6805.247463650174,6999.68310546875,21354500,0.0,0.0
2015-01-02,6853.856374104818,6999.68310546875,6829.551918877496,6999.68310546875,27888600,0.0,0.0
2015-01-02,6975.378532547383,6975.378532547383,6537.898345837094,6732.333984375,30579800,0.0,0.0
2015-01-02,6902.46484375,6975.3782047755285,6732.333668023768,6902.46484375,15181300,0.0,0.0
2015-01-02,6708.029296875,6780.942658797555,6586.507027004076,6708.029296875,14589200,0.0,0.0
2015-01-02,6708.029407013628,6805.247224506579,6464.98486328125,6464.98486328125,20034400,0.0,0.0
2015-01-02,6513.593604554521,6975.378225772938,6489.289150806183,6853.85595703125,25072000,0.0,0.0
2015-01-02,6829.551633029514,6878.1605414496535,6562.20263671875,6562.20263671875,19487300,0.0,0.0
2015-01-02,6537.898342132568,6537.898342132568,6124.722610473633,6221.9404296875,84939600,0.0,0.0
2015-01-02,6197.635527111235,6197.635527111235,5930.28654358879,6124.72216796875,44395700,0.0,0.0
2015-01-02,6003.200064966234,6003.200064966234,5711.546620514433,5735.85107421875,88718100,0.0,0.0
2015-01-02,5711.546405579399,5760.155311158798,5444.197424892704,5662.9375,36954300,0.0,0.0
2015-01-02,5614.32861328125,5760.155330509335,5541.4152546672085,5614.32861328125,52039800,0.0,0.0
2015-01-02,5662.937819759403,5687.242273921461,5419.893278138828,5492.806640625,22993800,0.0,0.0
2015-01-02,5371.284503687208,5444.197867990654,5128.2399560090535,5201.1533203125,30242300,0.0,0.0
2015-01-02,5201.152796194094,5322.675057787414,5006.717177644782,5298.37060546875,29050200,0.0,0.0
2015-01-02,5395.588414743406,5492.806224018062,5298.37060546875,5298.37060546875,25983200,0.0,0.0
2015-01-02,5274.066490355862,5274.066490355862,5079.630859375,5079.630859375,20712700,0.0,0.0
2015-01-02,5031.022277227723,5103.935643564357,4909.5,4909.5,20694600,0.0,0.0
2015-01-02,5006.717704341097,5201.153343344634,4958.108794590212,5152.54443359375,20129500,0.0,0.0
2015-01-02,5152.54450470267,5176.848959913532,4958.1088630157765,5006.7177734375,6913500,0.0,0.0
2015-01-02,5031.022228648361,5079.631139070085,4958.1088630157765,5006.7177734375,12139200,0.0,0.0
2015-01-02,5006.717583955224,5006.717583955224,4860.890858208955,4885.1953125,12327300,0.0,0.0
2015-01-02,4860.890836668719,4958.108653402093,4822.00370997537,4933.80419921875,7098800,0.0,0.0
2015-01-02,4753.951423693003,4831.725680113338,4608.124692904874,4637.2900390625,28229900,0.0,0.0
2015-01-02,4695.620583456071,4831.725527904073,4676.177019963498,4744.2294921875,18284300,0.0,0.0
2015-01-02,4783.116785497573,5006.7177734375,4763.673221328883,5006.7177734375,21992200,0.0,0.0
2015-01-02,5103.935594280946,5152.54450470267,4933.804407804915,5006.7177734375,21028600,0.0,0.0
2015-01-02,5055.32666015625,5128.240025446965,4982.413294865535,5055.32666015625,12762300,0.0,0.0
2015-01-02,5128.239808199698,5614.328889545642,5103.935354132401,5541.41552734375,57420000,0.0,0.0
2015-01-02,5638.633145319507,5711.5465049572595,5371.284159981082,5419.89306640625,18373400,0.0,0.0
2015-01-02,5444.197711074561,5590.0244354783445,5395.588802939967,5541.41552734375,13418200,0.0,0.0
2015-01-02,5492.806640625,5565.720003111172,5419.893278138828,5492.806640625,8062800,0.0,0.0
2015-01-02,5565.720019135881,6076.113558008604,5565.720019135881,6003.2001953125,44993100,0.0,0.0
2015-01-02,6076.11334128458,6124.722248014857,5857.373260998335,5930.28662109375,23951400,0.0,0.0
2015-01-02,6173.3310546875,6294.853319543553,6027.504336860236,6173.3310546875,34029700,0.0,0.0
2015-01-02,6149.026722301137,6149.026722301137,5881.677734375,5881.677734375,28713800,0.0,0.0
2015-01-02,5735.850994172643,5978.895527824026,5687.242087442367,5930.28662109375,15954500,0.0,0.0
2015-01-02,6027.504434554304,6051.808887919442,5857.373260998335,5930.28662109375,17280500,0.0,0.0
2015-01-02,5954.591074458888,6027.504434554304,5857.373260998335,5930.28662109375,17870000,0.0,0.0
2015-01-02,5930.286769701087,6149.02685546875,5881.677861752718,6149.02685546875,15268000,0.0,0.0
2015-01-02,6270.549186197917,6610.811545138889,6173.331369357639,6562.20263671875,37749600,0.0,0.0
2015-01-02,6610.8113711977185,6610.8113711977185,6343.46238192134,6392.0712890625,20632100,0.0,0.0
2015-01-02,6537.898345837094,6756.638439192238,6489.289436202617,6732.333984375,30749500,0.0,0.0
2015-01-02,6780.942616489955,6926.769339425223,6683.724801199776,6805.2470703125,19854300,0.0,0.0
2015-01-02,6780.942770133342,6780.942770133342,6464.98486328125,6464.98486328125,15385500,0.0,0.0
2015-01-02,6464.984670587884,6464.984670587884,6246.244587748443,6343.46240234375,39206800,0.0,0.0
2015-01-02,6294.853557751225,6319.158011642156,6124.722380514706,6197.6357421875,22986100,0.0,0.0
2015-01-02,6221.940384615385,6343.462657752404,6124.722566105769,6319.158203125,23010800,0.0,0.0
2015-01-02,6343.462286180066,6367.766739383821,6003.199941327495,6027.50439453125,18713700,0.0,0.0
2015-01-02,6051.808828125,6149.026640625,6027.504375,6076.11328125,14627700,0.0,0.0
2015-01-02,6076.113320947663,6149.026680799035,5978.8955078125,5978.8955078125,14416000,0.0,0.0
2015-01-02,6003.19996109629,6076.113320947663,5930.2866012449185,5978.8955078125,11915000,0.0,0.0
2015-01-02,6027.504671556122,6076.113580197704,5930.286854272959,5954.59130859375,8153800,0.0,0.0
2015-01-02,5833.069080653528,6027.504716675311,5735.851262642635,5857.37353515625,14198300,0.0,0.0
2015-01-02,5930.286854272959,6100.418034518495,5905.982399952169,5954.59130859375,12522800,0.0,0.0
2015-01-02,5954.591074458888,6027.504434554304,5784.459900902921,5930.28662109375,25712700,0.0,0.0
2015-01-02,5954.59087547398,5978.895328026935,5784.459707603295,5808.76416015625,11850100,0.0,0.0
2015-01-02,5735.850877637988,5808.764236252029,5590.024160409903,5614.32861328125,28064300,0.0,0.0
2015-01-02,5638.633239233193,5881.677775407037,5638.633239233193,5784.4599609375,18540500,0.0,0.0
2015-01-02,5905.982378384363,6051.809103776569,5881.677924152328,6003.2001953125,22862600,0.0,0.0
2015-01-02,6003.200217235331,6149.026943160076,5930.286854272959,5954.59130859375,24013800,0.0,0.0
2015-01-02,6003.199941327495,6100.417754142515,6003.199941327495,6027.50439453125,12271900,0.0,0.0
2015-01-02,6051.809103776569,6076.113558008604,5833.069015688259,6003.2001953125,20401800,0.0,0.0
2015-01-02,6124.722588117733,6270.54931640625,6076.113678688227,6270.54931640625,33401500,0.0,0.0
2015-01-02,6416.375682504647,6586.506855904391,6416.375682504647,6537.89794921875,38925500,0.0,0.0
2015-01-02,6440.680365668403,6562.20263671875,6343.462548828125,6562.20263671875,18870800,0.0,0.0
2015-01-02,6610.8115895206765,6708.029407013628,6440.680408908012,6464.98486328125,24045500,0.0,0.0
2015-01-02,6367.766855992577,6367.766855992577,6221.940134099617,6343.46240234375,21405100,0.0,0.0
2015-01-02,6440.680216939057,6489.28912423671,6270.54904139727,6343.46240234375,12190300,0.0,0.0
2015-01-02,6440.680237994691,6464.9846917229725,6294.853515625,6294.853515625,12804200,0.0,0.0
2015-01-02,6294.853454820165,6440.68017578125,6246.2445478331365,6440.68017578125,14094600,0.0,0.0
2015-01-02,6319.1581370418235,6489.289317654488,6319.1581370418235,6464.98486328125,10366800,0.0,0.0
2015-01-02,6440.68017578125,6513.593536261792,6392.071268794221,6440.68017578125,8758600,0.0,0.0
2015-01-02,6319.158203125,6319.158203125,6221.940384615385,6319.158203125,9581800,0.0,0.0
2015-01-02,6221.940114068441,6392.0712890625,6124.722299786122,6392.0712890625,12361600,0.0,0.0
2015-01-02,6367.76671875,6367.76671875,6051.808828125,6076.11328125,12308500,0.0,0.0
2015-01-02,6197.635546875,6197.635546875,6051.808828125,6076.11328125,7504200,0.0,0.0
2015-01-02,6076.113700866699,6246.244884490967,6051.809246063232,6221.9404296875,13794500,0.0,0.0
2015-01-02,6124.722466472673,6221.94028340081,6003.2001953125,6003.2001953125,12138500,0.0,0.0
2015-01-02,6124.7225444298665,6392.071544385139,6076.11363534709,6367.76708984375,17089200,0.0,0.0
2015-01-02,6440.680135847468,6586.506855904391,6440.680135847468,6537.89794921875,15289600,0.0,0.0
2015-01-02,6537.89794921875,6562.20240256157,6416.375682504647,6537.89794921875,9630000,0.0,0.0
2015-01-02,6610.8115234375,6610.8115234375,6537.898161046645,6610.8115234375,13516300,0.0,0.0
2015-01-02,6513.593515917603,6562.202422752809,6343.462341994383,6489.2890625,12255700,0.0,0.0
2015-01-02,6562.202726174857,6562.202726174857,6367.76708984375,6367.76708984375,8469100,0.0,0.0
2015-01-02,6392.0712890625,6513.593556915399,6294.8534747801805,6392.0712890625,11308900,0.0,0.0
2015-01-02,6489.28912423671,6489.28912423671,6343.46240234375,6343.46240234375,5854000,0.0,0.0
2015-01-02,6440.680387126866,6513.59375,6367.7670242537315,6513.59375,8086700,0.0,0.0
2015-01-02,6513.593556915399,6513.593556915399,6319.157928350761,6392.0712890625,5846200,0.0,0.0
2015-01-02,6464.98486328125,6464.98486328125,6367.767045788299,6464.98486328125,3856000,0.0,0.0
2015-01-02,6513.593665081522,6732.333750849185,6440.680303158968,6708.029296875,18198800,0.0,0.0
2015-01-02,6683.72509765625,6708.029552556818,6537.898368252841,6683.72509765625,10286400,0.0,0.0
2015-01-02,6683.724731909459,6708.029185480038,6392.0712890625,6392.0712890625,15878500,0.0,0.0
2015-01-02,6416.3759765625,6464.984885475852,6367.767067649148,6416.3759765625,8531500,0.0,0.0
2015-01-02,6464.984609082398,6513.593515917603,6392.0712488295885,6489.2890625,6999800,0.0,0.0
2015-01-02,6513.59375,6586.507112873135,6464.9848414179105,6513.59375,9178000,0.0,0.0
2015-01-02,6562.20263671875,6635.115999348958,6489.289274088542,6562.20263671875,9381300,0.0,0.0
2015-01-02,6537.898294771635,6537.898294771635,6124.722566105769,6319.158203125,35676300,0.0,0.0
2015-01-02,6319.158203125,6343.462657752404,6246.244839242789,6319.158203125,11128100,0.0,0.0
2015-01-02,6343.46240234375,6367.766855992577,6246.244587748443,6343.46240234375,10834500,0.0,0.0
2015-01-02,6537.897989755306,6562.202443248821,6367.766815300707,6440.68017578125,15760000,0.0,0.0
2015-01-02,6440.68017578125,6513.593536261792,6416.375722287736,6440.68017578125,4340900,0.0,0.0
2015-01-02,6343.462548828125,6562.20263671875,6319.158094618056,6562.20263671875,9856200,0.0,0.0
2015-01-02,6708.029665646853,6951.07421875,6635.116299715909,6951.07421875,37131700,0.0,0.0
2015-01-02,6951.074031083185,7048.291849699734,6805.247303158363,6829.5517578125,11404000,0.0,0.0
2015-01-02,6926.769509132731,7218.422962148846,6902.465054714721,6975.37841796875,24677300,0.0,0.0
2015-01-02,7023.98711212588,7096.900473151409,6805.2470290492965,6902.46484375,12011600,0.0,0.0
2015-01-02,7169.81394347117,7291.336213699495,7072.59612728851,7218.4228515625,42507800,0.0,0.0
2015-01-02,7339.945429553724,7339.945429553724,7048.291968776755,7096.90087890625,24844500,0.0,0.0
2015-01-02,7242.727609294735,7364.249884618472,7048.291968776755,7096.90087890625,30632100,0.0,0.0
2015-01-02,7194.118462736254,7194.118462736254,6951.0739200762455,7072.59619140625,10280500,0.0,0.0
2015-01-02,6902.46484375,6975.3782047755285,6708.029214348592,6902.46484375,9237600,0.0,0.0
2015-01-02,6853.856020720109,6926.769382642663,6708.029296875,6708.029296875,21045000,0.0,0.0
2015-01-02,6756.638393850089,6926.769576429048,6756.638393850089,6829.5517578125,4236500,0.0,0.0
2015-01-02,6829.551524135044,6878.160431780134,6732.333708844866,6805.2470703125,6550100,0.0,0.0
2015-01-02,6975.378650241429,7048.2920159233945,6951.074195014106,6999.68310546875,7987900,0.0,0.0
2015-01-02,6999.68287238676,7048.291781222779,6902.465054714721,6975.37841796875,4114900,0.0,0.0
2015-01-02,6975.378440241228,6999.682894736842,6829.551713267544,6926.76953125,5788300,0.0,0.0
2015-01-02,6902.465054714721,6999.68287238676,6829.551691460692,6975.37841796875,5204600,0.0,0.0
2015-01-02,7023.987513712008,7145.509789035745,6999.683058647261,7096.90087890625,16219300,0.0,0.0
2015-01-02,7194.118418961864,7218.422873079979,7072.596148371293,7169.81396484375,35907400,0.0,0.0
2015-01-02,7242.727609294735,7339.945429553724,7096.90087890625,7096.90087890625,23571500,0.0,0.0
2015-01-02,7194.11865234375,7315.640926876584,7169.814197437183,7194.11865234375,24735700,0.0,0.0
2015-01-02,7315.64066774516,7437.162937973485,7194.118397516835,7218.4228515625,20512000,0.0,0.0
2015-01-02,7145.509789035745,7194.11869916524,7023.987513712008,7096.90087890625,9000600,0.0,0.0
2015-01-02,7096.900735700088,7145.509644848719,6853.856189956935,6878.16064453125,13161800,0.0,0.0
2015-01-02,6999.68278601695,7315.640689552437,6926.769423662606,7169.81396484375,23783300,0.0,0.0
2015-01-02,7048.2919921875,7145.509812769396,6951.074171605604,7048.2919921875,8136400,0.0,0.0
2015-01-02,6951.074125744048,7145.509765625,6926.769670758928,7145.509765625,5822900,0.0,0.0
2015-01-02,7194.1184850778545,7194.1184850778545,6951.073941663062,7023.9873046875,10833000,0.0,0.0
2015-01-02,7048.291715550342,7145.509532316553,7023.987261358789,7121.205078125,4247600,0.0,0.0
2015-01-02,7121.205099938251,7145.509554204252,6999.682828608247,7072.59619140625,6029300,0.0,0.0
2015-01-02,6999.68278601695,7194.118418961864,6975.378331898835,7169.81396484375,7874600,0.0,0.0
2015-01-02,7169.813986508106,7169.813986508106,7072.596169741894,7121.205078125,3040400,0.0,0.0
2015-01-02,7048.2920159233945,7096.900926378039,6926.769739786784,6999.68310546875,8058600,0.0,0.0
2015-01-02,7048.29175902898,7121.205122053418,6999.682850346021,7023.9873046875,4451200,0.0,0.0
2015-01-02,7145.509576394897,7145.509576394897,7023.9873046875,7023.9873046875,3545100,0.0,0.0
2015-01-02,6975.378225772938,6999.682679521276,6829.551503282912,6853.85595703125,10326700,0.0,0.0
2015-01-02,6853.855936399648,6951.073751100353,6829.551482724472,6902.46484375,2406600,0.0,0.0
2015-01-02,6951.073985745615,7023.987349232457,6902.465076754386,6926.76953125,3062800,0.0,0.0
2015-01-02,6951.073985745615,6975.378440241228,6853.856167763158,6926.76953125,3149900,0.0,0.0
2015-01-02,6926.769509132731,6975.37841796875,6878.160600296712,6975.37841796875,3640300,0.0,0.0
2015-01-02,6999.682658450704,6999.682658450704,6902.46484375,6902.46484375,2344700,0.0,0.0
2015-01-02,6926.769318276263,6975.378225772938,6853.85595703125,6853.85595703125,1289400,0.0,0.0
2015-01-02,6853.855936399648,6951.073751100353,6732.333668023768,6902.46484375,4378800,0.0,0.0
2015-01-02,6999.683058647261,7218.423154229988,6999.683058647261,7096.90087890625,11306200,0.0,0.0
2015-01-02,7048.291565801057,7145.509380501761,6780.94257537412,6902.46484375,14374200,0.0,0.0
2015-01-02,6902.465215773809,7145.509765625,6805.247395833333,7145.509765625,7538000,0.0,0.0
2015-01-02,7194.118397516835,7291.336213699495,7072.59612728851,7218.4228515625,9662500,0.0,0.0
2015-01-02,7218.423178205819,7242.727633351293,6951.074171605604,7048.2919921875,7604100,0.0,0.0
2015-01-02,7048.291715550342,7145.509532316553,6999.682807167235,7121.205078125,4909500,0.0,0.0
2015-01-02,7145.509532316553,7267.031803274318,7096.900623933448,7121.205078125,6412400,0.0,0.0
2015-01-02,7194.118397516835,7291.336213699495,7145.509489425505,7218.4228515625,3998600,0.0,0.0
2015-01-02,7267.031993891569,7291.336448720637,7145.509719746225,7242.7275390625,4375600,0.0,0.0
2015-01-02,7267.031445954975,7534.38042891653,7242.726992958471,7388.5537109375,20645200,0.0,0.0
2015-01-02,7388.554244791666,7461.467609049479,7194.118606770833,7291.33642578125,9265600,0.0,0.0
2015-01-02,7339.9453352864575,7412.85869954427,7194.118606770833,7291.33642578125,9687900,0.0,0.0
2015-01-02,7339.9453125,7388.554221854305,7218.423039114238,7339.9453125,12228600,0.0,0.0
2015-01-02,7339.94538178315,7364.249836689717,7194.11865234375,7194.11865234375,4869800,0.0,0.0
2015-01-02,7242.727609294735,7267.032064359482,7048.291968776755,7096.90087890625,7824800,0.0,0.0
2015-01-02,7096.900645672251,7194.118462736254,6999.682828608247,7072.59619140625,7194800,0.0,0.0
2015-01-02,7121.20503537984,7267.03175965383,7023.98721919718,7218.4228515625,9713200,0.0,0.0
2015-01-02,7218.422894891211,7218.422894891211,7048.291715550342,7121.205078125,6081500,0.0,0.0
2015-01-02,7145.509489425505,7242.727305608165,7048.291673242845,7218.4228515625,9856100,0.0,0.0
2015-01-02,7267.031696382529,7437.1628732209165,7242.727242548473,7364.24951171875,14121000,0.0,0.0
2015-01-02,7315.64066774516,7315.64066774516,7194.118397516835,7218.4228515625,5320000,0.0,0.0
2015-01-02,7291.336235434323,7339.945143670551,7096.900602489407,7169.81396484375,4760800,0.0,0.0
2015-01-02,7169.8142679148705,7169.8142679148705,6999.683081896552,7048.2919921875,7277200,0.0,0.0
2015-01-02,6999.682807167235,7121.205078125,6951.07389878413,7121.205078125,6454900,0.0,0.0
2015-01-02,7145.509554204252,7145.509554204252,7072.59619140625,7072.59619140625,3598400,0.0,0.0
2015-01-02,7096.900950611888,7096.900950611888,6951.07421875,6951.07421875,11365600,0.0,0.0
2015-01-02,7048.2920159233945,7072.596471150717,6853.856374104818,6999.68310546875,11411900,0.0,0.0
2015-01-02,6975.378440241228,6975.378440241228,6853.856167763158,6926.76953125,7882800,0.0,0.0
2015-01-02,6902.465076754386,6975.378440241228,6853.856167763158,6926.76953125,4193400,0.0,0.0
2015-01-02,6926.769360878485,6951.073814776304,6708.0292757981115,6756.63818359375,12971300,0.0,0.0
2015-01-02,6780.942940848215,6805.247395833333,6513.593936011905,6635.1162109375,25747200,0.0,0.0
2015-01-02,6635.116234360586,6683.725144502421,6562.202869147832,6586.50732421875,13090600,0.0,0.0
2015-01-02,6562.202422752809,6586.506876170412,6367.766795411985,6489.2890625,16288000,0.0,0.0
2015-01-02,6562.202869147832,6659.420689431504,6537.898414076914,6586.50732421875,6977100,0.0,0.0
2015-01-02,6586.507069307216,6610.8115234375,6489.289252786076,6610.8115234375,6618500,0.0,0.0
2015-01-02,6610.811612215909,6610.811612215909,6416.3759765625,6416.3759765625,15350500,0.0,0.0
2015-01-02,6343.462361807193,6464.984629274764,6319.157908313679,6440.68017578125,15079900,0.0,0.0
2015-01-02,6392.071500161537,6489.289317654488,6343.462591415061,6464.98486328125,11511600,0.0,0.0
2015-01-02,6537.898390997024,6683.7251209077385,6440.680571056548,6635.1162109375,14276500,0.0,0.0
2015-01-02,6635.1161651060465,6732.333984375,6586.50725547157,6732.333984375,11854600,0.0,0.0
2015-01-02,6732.334030877976,6732.334030877976,6635.1162109375,6635.1162109375,8187100,0.0,0.0
2015-01-02,6635.1162109375,6659.420665922619,6586.507300967262,6635.1162109375,4793000,0.0,0.0
2015-01-02,6659.420689431504,6683.725144502421,6562.202869147832,6586.50732421875,4733900,0.0,0.0
2015-01-02,6562.202726174857,6562.202726174857,6343.462635302361,6367.76708984375,11638500,0.0,0.0
2015-01-02,6319.157990333171,6319.157990333171,6076.113452243434,6246.24462890625,19915400,0.0,0.0
2015-01-02,6246.244413601132,6294.853319543553,6149.026601716289,6173.3310546875,8265200,0.0,0.0
2015-01-02,6124.722610473633,6246.244884490967,6076.113700866699,6221.9404296875,13963600,0.0,0.0
2015-01-02,6221.94028340081,6221.94028340081,6003.2001953125,6003.2001953125,9579000,0.0,0.0
2015-01-02,6027.504693930041,6149.026965985082,5833.069058641975,5905.982421875,16801300,0.0,0.0
2015-01-02,5905.982147961128,6003.19996109629,5881.677694677337,5978.8955078125,10664900,0.0,0.0
2015-01-02,5930.2866012449185,6003.19996109629,5760.155428258384,5978.8955078125,23220200,0.0,0.0
2015-01-02,6076.113242802658,6197.635507658711,6003.199883889026,6173.3310546875,15298900,0.0,0.0
2015-01-02,6173.331288296568,6221.940196078431,6027.50456495098,6197.6357421875,7076300,0.0,0.0
2015-01-02,6197.635507658711,6197.635507658711,6051.808789831447,6173.3310546875,6171100,0.0,0.0
2015-01-02,6149.026813670355,6270.549082715224,6124.722359861382,6246.24462890625,6662700,0.0,0.0
2015-01-02,6319.157990333171,6367.766897951119,6246.24462890625,6246.24462890625,4131600,0.0,0.0
2015-01-02,6294.853495046097,6343.46240234375,6221.940134099617,6343.46240234375,5399100,0.0,0.0
2015-01-02,6392.0715221058235,6416.3759765625,6319.158158735795,6416.3759765625,7367800,0.0,0.0
2015-01-02,6392.071268794221,6440.68017578125,6343.462361807193,6440.68017578125,4607100,0.0,0.0
2015-01-02,6440.680408908012,6562.202680774201,6392.071500161537,6464.98486328125,9494300,0.0,0.0
2015-01-02,6537.898414076914,6610.811779289668,6489.289503935079,6586.50732421875,4375300,0.0,0.0
2015-01-02,6537.898182508681,6562.20263671875,6440.680365668403,6562.20263671875,4208100,0.0,0.0
2015-01-02,6537.898226400964,6610.8115895206765,6319.1581370418235,6464.98486328125,9108800,0.0,0.0
2015-01-02,6464.984977722168,6464.984977722168,6221.9404296875,6221.9404296875,12862300,0.0,0.0
2015-01-02,6270.549339294434,6294.8537940979,6149.0270652771,6221.9404296875,4478400,0.0,0.0
2015-01-02,6221.940134099617,6392.071309641404,6221.940134099617,6343.46240234375,8548300,0.0,0.0
2015-01-02,6367.7671352652615,6392.071589980014,6221.940406976744,6270.54931640625,9268300,0.0,0.0
2015-01-02,6270.549103860294,6294.853557751225,6197.6357421875,6197.6357421875,2515400,0.0,0.0
2015-01-02,6221.940114068441,6392.0712890625,6197.635660497861,6392.0712890625,5632700,0.0,0.0
2015-01-02,6440.68049940952,6464.984954124273,6221.940406976744,6270.54931640625,4919600,0.0,0.0
2015-01-02,6270.549249822443,6440.6804310191765,6221.940340909091,6416.3759765625,4725700,0.0,0.0
2015-01-02,6367.767067649148,6416.3759765625,6221.940340909091,6416.3759765625,9647500,0.0,0.0
2015-01-02,6537.8982488458805,6635.1160666725855,6319.158158735795,6416.3759765625,14888200,0.0,0.0
2015-01-02,6464.98495953741,6780.94287109375,6464.98495953741,6780.94287109375,21019400,0.0,0.0
2015-01-02,6805.247325828853,6829.551780563956,6683.725052153338,6780.94287109375,8623100,0.0,0.0
2015-01-02,6805.247112771739,6805.247112771739,6635.115934952446,6708.029296875,3543600,0.0,0.0
2015-01-02,6659.420575233541,6853.856212466637,6659.420575233541,6829.5517578125,7382100,0.0,0.0
2015-01-02,6829.551524135044,6853.855977957589,6659.420347377232,6805.2470703125,9857700,0.0,0.0
2015-01-02,6853.856235299058,6853.856235299058,6683.725052153338,6780.94287109375,5244000,0.0,0.0
2015-01-02,6708.029462511042,6902.465099105565,6708.029462511042,6878.16064453125,4566700,0.0,0.0
2015-01-02,6829.551780563956,6878.160690034162,6756.638416358646,6780.94287109375,3619500,0.0,0.0
2015-01-02,6756.63820482337,6756.63820482337,6562.202573029892,6708.029296875,8569400,0.0,0.0
2015-01-02,6683.724930037314,6683.724930037314,6513.59375,6513.59375,7124000,0.0,0.0
2015-01-02,6513.59375,6586.507112873135,6416.375932835821,6513.59375,5925600,0.0,0.0
2015-01-02,6502.099933638996,6551.358266469595,6305.066602316602,6378.9541015625,11824100,88.33334,0.0
2015-01-02,6354.325161508414,6403.58349609375,6231.179325045072,6403.58349609375,9083600,0.0,0.0
2015-01-02,6403.583564758301,6403.583564758301,6255.808559417725,6305.06689453125,17193800,0.0,0.0
2015-01-02,6403.583366786067,6403.583366786067,6231.17919921875,6231.17919921875,3751300,0.0,0.0
2015-01-02,6231.179358194041,6428.212697583575,6231.179358194041,6354.3251953125,6239600,0.0,0.0
2015-01-02,6354.324841538915,6526.72900390625,6305.066509433962,6526.72900390625,5142600,0.0,0.0
2015-01-02,6526.729298365935,6551.35846552958,6403.58346254771,6452.841796875,7032500,0.0,0.0
2015-01-02,6452.841536953421,6526.729035468155,6403.583204610266,6477.470703125,5414800,0.0,0.0
2015-01-02,6502.100199854652,6502.100199854652,6255.808525617733,6354.3251953125,6184500,0.0,0.0
2015-01-02,6354.324903466236,6502.099901221264,6305.066570881226,6428.21240234375,3836100,0.0,0.0
2015-01-02,6428.212297712053,6477.4706294952875,6206.5498046875,6206.5498046875,19418700,0.0,0.0
2015-01-02,6206.55009321733,6551.3584317294035,6181.920926180753,6502.10009765625,7319000,0.0,0.0
2015-01-02,6502.10009765625,6600.616765802557,6403.583429509943,6502.10009765625,5413500,0.0,0.0
2015-01-02,6551.3584317294035,6625.245932839133,6452.8417635830965,6502.10009765625,7546500,0.0,0.0
2015-01-02,6575.987432884894,6575.987432884894,6354.3249351472,6378.9541015625,3847300,0.0,0.0
2015-01-02,6428.212265855685,6428.212265855685,6255.80810546875,6255.80810546875,5051600,0.0,0.0
2015-01-02,6255.808559417725,6305.06689453125,6206.550224304199,6305.06689453125,4187100,0.0,0.0
2015-01-02,6280.437693041425,6378.954362736192,6206.550190770349,6354.3251953125,7079500,0.0,0.0
2015-01-02,6477.470734928759,6526.729067513769,6403.583236051245,6428.21240234375,10577000,0.0,0.0
2015-01-02,6477.470930619674,6551.3584317294035,6428.21259654652,6502.10009765625,8584600,0.0,0.0
2015-01-02,6551.3584317294035,6551.3584317294035,6428.21259654652,6502.10009765625,7611900,0.0,0.0
2015-01-02,6403.58349609375,6477.4709979717545,6378.954328801082,6403.58349609375,2171100,0.0,0.0
2015-01-02,6403.5832679778,6403.5832679778,6305.066602316602,6378.9541015625,2067800,0.0,0.0
2015-01-02,6378.95413386126,6403.583300401264,6305.066634241245,6329.69580078125,2329400,0.0,0.0
2015-01-02,6329.695602777436,6378.953934316561,6255.80810546875,6255.80810546875,3090400,0.0,0.0
2015-01-02,6255.808136470734,6305.066468253968,6206.5498046875,6206.5498046875,4722500,0.0,0.0
2015-01-02,6206.5498046875,6255.808136470734,6181.920638795883,6206.5498046875,3512000,0.0,0.0
2015-01-02,6206.5498046875,6280.437302362351,6108.033141121032,6206.5498046875,4771400,0.0,0.0
2015-01-02,6206.550065363546,6280.437566141683,6157.291731511455,6181.9208984375,3519800,0.0,0.0
2015-01-02,6181.920669921875,6231.179001953125,6132.662337890625,6157.29150390625,3144800,0.0,0.0
2015-01-02,6157.291698832757,6329.695866400074,6132.662532037426,6231.17919921875,8631500,0.0,0.0
2015-01-02,6305.066437007874,6329.695602777436,6231.178939699188,6255.80810546875,4951000,0.0,0.0
2015-01-02,6231.17919921875,6255.808366014081,6206.550032423419,6231.17919921875,5128500,0.0,0.0
2015-01-02,6181.920638795883,6280.437302362351,6181.920638795883,6206.5498046875,2101700,0.0,0.0
2015-01-02,6255.808525617733,6378.954362736192,6206.550190770349,6354.3251953125,8507300,0.0,0.0
2015-01-02,6354.325229644775,6378.954397201538,6280.437726974487,6305.06689453125,3163100,0.0,0.0
2015-01-02,6378.9541015625,6428.212434393098,6305.066602316602,6378.9541015625,5330400,0.0,0.0
2015-01-02,6378.954166666666,6378.954166666666,6280.4375,6280.4375,4925900,0.0,0.0
2015-01-02,6305.06689453125,6354.325229644775,6280.437726974487,6305.06689453125,3902800,0.0,0.0
2015-01-02,6305.066634241245,6329.69580078125,6280.43746770124,6329.69580078125,3261400,0.0,0.0
2015-01-02,6403.58346254771,6502.10013120229,6378.954295384065,6452.841796875,5979700,0.0,0.0
2015-01-02,6452.8417635830965,6526.729264692826,6378.954262473367,6502.10009765625,5437300,0.0,0.0
2015-01-02,6502.099869296578,6551.358201639734,6452.841536953421,6477.470703125,3153500,0.0,0.0
2015-01-02,6551.3583984375,6699.133399906015,6526.729231526081,6551.3583984375,9945700,0.0,0.0
2015-01-02,6699.1333663712685,6748.391699947528,6551.358365642491,6600.61669921875,10759200,0.0,0.0
2015-01-02,6600.616732260339,6625.245899171758,6502.100064614661,6551.3583984375,2578900,0.0,0.0
2015-01-02,6551.35852363782,6723.7626953125,6502.100188873626,6723.7626953125,4984000,0.0,0.0
2015-01-02,6723.762661576705,6797.650163352273,6674.504327059659,6773.02099609375,5188900,0.0,0.0
2015-01-02,6773.0207360309105,6896.166567595108,6773.0207360309105,6797.64990234375,7801600,0.0,0.0
2015-01-02,6797.650163352273,6797.650163352273,6674.504327059659,6773.02099609375,4492200,0.0,0.0
2015-01-02,6773.0210645612315,6773.0210645612315,6649.875227023755,6674.50439453125,3010400,0.0,0.0
2015-01-02,6674.50439453125,6748.391897053736,6674.50439453125,6674.50439453125,1800200,0.0,0.0
2015-01-02,6674.503968428136,6674.503968428136,6551.358138752341,6575.9873046875,3178100,0.0,0.0
2015-01-02,6575.987400098778,6600.616566391283,6428.21240234375,6428.21240234375,5281200,0.0,0.0
2015-01-02,6428.212697583575,6477.47103243096,6329.696027888808,6354.3251953125,6879400,0.0,0.0
2015-01-02,6354.325,6378.954166666666,6280.4375,6280.4375,6741100,0.0,0.0
2015-01-02,6280.437532809412,6280.437532809412,6231.17919921875,6231.17919921875,6279000,0.0,0.0
2015-01-02,6231.179391860962,6354.325229644775,6157.291889190674,6305.06689453125,31931300,0.0,0.0
2015-01-02,6329.695833333333,6329.695833333333,6255.808333333333,6280.4375,11515300,0.0,0.0
2015-01-02,6255.80823250127,6280.43739877096,6009.516569804369,6058.77490234375,21981400,0.0,0.0
2015-01-02,6108.033532664609,6108.033532664609,5960.258527842078,5984.8876953125,7447400,0.0,0.0
2015-01-02,5984.8877297555755,6034.146064979902,5935.62939453125,5935.62939453125,7629800,0.0,0.0
2015-01-02,5960.25830078125,6009.516633845558,5861.741634652634,5960.25830078125,13718900,0.0,0.0
2015-01-02,6009.516434035042,6009.516434035042,5886.37060546875,5886.37060546875,18186000,0.0,0.0
2015-01-02,5935.628936895267,5935.628936895267,5886.37060546875,5886.37060546875,8398700,0.0,0.0
2015-01-02,5886.37086602219,5911.00003282563,5837.11253241531,5861.74169921875,12480400,0.0,0.0
2015-01-02,5910.999771182009,5960.258102608525,5861.741439755492,5886.37060546875,11478300,0.0,0.0
2015-01-02,5935.629166666667,5935.629166666667,5886.370833333333,5911.0,5883000,0.0,0.0
2015-01-02,5911.00003282563,5935.62919962907,5861.74169921875,5861.74169921875,6884400,0.0,0.0
2015-01-02,5861.741732322564,5911.000066207627,5713.966730667373,5812.4833984375,24951900,0.0,0.0
2015-01-02,5812.483138844937,5861.741470530063,5738.595641317247,5837.1123046875,5956600,0.0,0.0
2015-01-02,5910.999771182009,5984.887268321783,5886.37060546875,5886.37060546875,8990200,0.0,0.0
2015-01-02,5911.0,5935.629166666667,5886.370833333333,5911.0,11724300,0.0,0.0
2015-01-02,5911.0,5960.258333333333,5886.370833333333,5911.0,11042000,0.0,0.0
2015-01-02,5911.0,5911.0,5837.1125,5911.0,8285900,0.0,0.0
2015-01-02,5910.999833776596,5910.999833776596,5787.85400390625,5787.85400390625,6251700,0.0,0.0
2015-01-02,5787.85400390625,5837.112335854388,5713.966505984043,5787.85400390625,10264100,0.0,0.0
2015-01-02,5837.112335854388,5886.370667802526,5763.224837932181,5787.85400390625,5506700,0.0,0.0
2015-01-02,5787.854298558728,5837.112633014547,5590.820960735452,5713.966796875,15408500,0.0,0.0
2015-01-02,5738.595930572249,5837.112598908253,5713.966763488248,5763.22509765625,7231100,0.0,0.0
2015-01-02,5812.4833984375,5861.741732322564,5763.225064552436,5812.4833984375,24672100,0.0,0.0
2015-01-02,5812.4833984375,5837.112565380032,5763.225064552436,5812.4833984375,4718300,0.0,0.0
2015-01-02,5837.112667713995,5837.112667713995,5640.079328719429,5664.70849609375,6375400,0.0,0.0
2015-01-02,5664.708267944869,5763.224933474345,5640.0791015625,5640.0791015625,8533700,0.0,0.0
2015-01-02,5664.708300351046,5689.337466874312,5566.191634257985,5590.82080078125,7854300,0.0,0.0
2015-01-02,5590.821027789199,5664.708530359101,5566.191860265899,5615.4501953125,5025000,0.0,0.0
2015-01-02,5615.449967304516,5664.708300351046,5566.191634257985,5590.82080078125,5953100,0.0,0.0
2015-01-02,5590.820866469311,5640.079200094591,5443.04586559347,5492.30419921875,9257500,0.0,0.0
2015-01-02,5492.304166666667,5615.45,5467.675,5541.5625,7322400,0.0,0.0
2015-01-02,5640.079397556001,5640.079397556001,5516.933559181416,5566.19189453125,6940200,0.0,0.0
2015-01-02,5640.079200094591,5640.079200094591,5467.67503240611,5492.30419921875,6142200,0.0,0.0
2015-01-02,5492.30419921875,5516.9333660313905,5369.158365155549,5492.30419921875,11909900,0.0,0.0
2015-01-02,5492.30430047523,5516.933467741936,5295.270962341589,5344.529296875,9642100,0.0,0.0
2015-01-02,5319.899934287383,5393.787433374708,5270.6416015625,5270.6416015625,5080700,0.0,0.0
2015-01-02,5295.270896669966,5467.675065398756,5295.270896669966,5443.0458984375,3420900,0.0,0.0
2015-01-02,5492.304134688188,5640.079133827781,5467.6749681649235,5590.82080078125,6867400,0.0,0.0
2015-01-02,5640.079166666666,5640.079166666666,5516.933333333333,5541.5625,3849800,0.0,0.0
2015-01-02,5566.191467835022,5615.449799408783,5467.6748046875,5467.6748046875,6477900,0.0,0.0
2015-01-02,5516.933433219178,5541.562600331764,5393.78759765625,5393.78759765625,4193100,0.0,0.0
2015-01-02,5418.416798675115,5492.30430047523,5344.529296875,5344.529296875,4049700,0.0,0.0
2015-01-02,5369.158397553733,5492.304232360011,5344.529230592477,5443.0458984375,3352200,0.0,0.0
2015-01-02,5467.675223831582,5566.19189453125,5467.675223831582,5566.19189453125,3178600,0.0,0.0
2015-01-02,5516.933491847826,5664.70849609375,5516.933491847826,5664.70849609375,5712000,0.0,0.0
2015-01-02,5664.708236099837,5689.33740234375,5516.933238636364,5689.33740234375,10738500,0.0,0.0
2015-01-02,5713.966830842391,5738.595998216711,5615.450161345108,5664.70849609375,2765300,0.0,0.0
2015-01-02,5664.708366907231,5689.337533719871,5467.67503240611,5492.30419921875,3480200,0.0,0.0
2015-01-02,5492.304134688188,5590.82080078125,5492.304134688188,5590.82080078125,2153400,0.0,0.0
2015-01-02,5640.079234127545,5664.708401088801,5443.0458984375,5443.0458984375,4969100,0.0,0.0
2015-01-02,5443.045733416522,5443.045733416522,5319.89990234375,5319.89990234375,4198100,0.0,0.0
2015-01-02,5393.787326124238,5393.787326124238,5024.349838033537,5048.97900390625,14339300,0.0,0.0
2015-01-02,5098.2372743159385,5172.124771045155,5024.349777586723,5147.49560546875,10792200,0.0,0.0
2015-01-02,5172.125207149621,5196.754374802715,4847.020194128788,4876.5751953125,15638400,0.0,0.0
2015-01-02,4827.316541435305,4876.5748734907675,4738.651543735473,4768.20654296875,10892000,0.0,0.0
2015-01-02,4787.909771665592,4827.316436452964,4738.6514406813785,4778.05810546875,12325700,0.0,0.0
2015-01-02,4778.058250071311,4906.129914506212,4778.058250071311,4856.87158203125,5925600,0.0,0.0
2015-01-02,4886.426686356707,4925.8333531821645,4837.168352824886,4847.02001953125,5263200,0.0,0.0
2015-01-02,4847.019811962297,4876.574810815727,4787.90981425544,4866.72314453125,5825800,0.0,0.0
2015-01-02,4837.168419549079,4847.020086391338,4738.651751126491,4748.50341796875,4493900,0.0,0.0
2015-01-02,4748.503199800532,4778.058198969415,4630.283203125,4630.283203125,9032000,0.0,0.0
2015-01-02,4630.283339927936,4669.690006650728,4571.17333984375,4571.17333984375,8700200,0.0,0.0
2015-01-02,4571.17333984375,4649.9866732893315,4413.546672952586,4571.17333984375,21747700,0.0,0.0
2015-01-02,4590.876679360617,4758.355013157035,4541.618345891083,4709.0966796875,14221900,0.0,0.0
2015-01-02,4630.283299708104,4659.8382994934755,4482.50830078125,4482.50830078125,25844000,0.0,0.0
2015-01-02,4492.359873670212,4630.283203125,4492.359873670212,4630.283203125,8184300,0.0,0.0
2015-01-02,4630.283373331972,4640.135040083742,4521.9150390625,4521.9150390625,10242400,0.0,0.0
2015-01-02,4541.618236517137,4610.57990171371,4512.0632371471775,4581.02490234375,16802900,0.0,0.0
2015-01-02,4581.02490234375,4610.57990171371,4551.46990297379,4581.02490234375,3336300,0.0,0.0
2015-01-02,4590.87663332761,4590.87663332761,4462.804967591002,4482.50830078125,5177300,0.0,0.0
2015-01-02,4482.508372055419,4541.61837256604,4443.101705048339,4521.9150390625,10968600,0.0,0.0
2015-01-02,4531.766705814271,4561.321706069581,4512.06337231073,4521.9150390625,4044200,0.0,0.0
2015-01-02,4521.9147884402655,4561.321453263274,4452.953125,4452.953125,7707400,0.0,0.0
2015-01-02,4452.953111622432,4472.6564439747435,4295.326452803938,4315.02978515625,21607400,0.0,0.0
2015-01-02,4383.991641957622,4679.5416402918445,4364.288308735341,4620.431640625,31513600,0.0,0.0
2015-01-02,4649.986666666667,4669.69,4433.25,4433.25,252731900,0.0,0.0
2015-01-02,4462.805067027699,4472.656733842329,4305.178397993608,4334.7333984375,61869800,0.0,0.0
2015-01-02,4344.5849609375,4443.101626718396,4285.474961468963,4344.5849609375,41644300,0.0,0.0
2015-01-02,4344.5849202473955,4354.436586733218,4255.919921875,4255.919921875,32630600,0.0,0.0
2015-01-02,4255.920031601124,4423.39836617802,4236.216698121489,4383.99169921875,39330800,0.0,0.0
2015-01-02,4393.843360281323,4393.843360281323,4206.661692466648,4246.068359375,33415500,0.0,0.0
2015-01-02,4246.068326897577,4364.2883267183915,4246.068326897577,4295.32666015625,21184500,0.0,0.0
2015-01-02,4295.326470204355,4305.178136420421,4127.84814453125,4127.84814453125,23613000,0.0,0.0
2015-01-02,4137.699987040876,4186.958320219935,4117.9966537692535,4157.4033203125,9989200,0.0,0.0
2015-01-02,4157.403456351057,4167.255123309235,3950.518450229322,3960.3701171875,25006200,0.0,0.0
2015-01-02,3970.221685542191,4157.403353098771,3970.221685542191,4108.14501953125,24832800,0.0,0.0
2015-01-02,4137.699987040876,4177.106653584123,4088.441653861819,4157.4033203125,15771500,0.0,0.0
2015-01-02,4157.403424695665,4157.403424695665,4108.14509027984,4147.5517578125,5450700,0.0,0.0
2015-01-02,4088.441686104242,4167.255019812275,4058.886685963729,4108.14501953125,13792800,0.0,0.0
2015-01-02,4147.551446878685,4265.771440613945,4127.848114589475,4177.1064453125,20421100,0.0,0.0
2015-01-02,4177.106829044118,4226.36516429228,4157.403494944853,4186.95849609375,7148300,0.0,0.0
2015-01-02,4206.66162109375,4265.771620453381,4196.809954533812,4206.66162109375,6202800,0.0,0.0
2015-01-02,4186.958530970982,4324.881870814732,4186.958530970982,4275.62353515625,10712200,0.0,0.0
2015-01-02,4305.17822265625,4354.4365547232555,4285.474889829448,4305.17822265625,9885900,0.0,0.0
2015-01-02,4295.326693010441,4305.178359737529,4246.068359375,4246.068359375,4211000,0.0,0.0
2015-01-02,4255.919860011312,4383.991522465356,4246.068193668693,4354.4365234375,9046500,0.0,0.0
2015-01-02,4344.584857094881,4393.843188807975,4305.178191724406,4354.4365234375,6676200,0.0,0.0
2015-01-02,4354.436837094248,4383.991838250997,4275.623500676253,4324.8818359375,7742300,0.0,0.0
2015-01-02,4324.881693191705,4334.733359918794,4226.365025920823,4246.068359375,8403900,0.0,0.0
2015-01-02,4255.919848860981,4285.474847811404,4216.51318359375,4216.51318359375,5070300,0.0,0.0
2015-01-02,4226.364983174887,4226.364983174887,4078.5899837631773,4088.441650390625,18665100,0.0,0.0
2015-01-02,4088.441790067233,4167.255125779372,4088.441790067233,4098.29345703125,6540600,0.0,0.0
2015-01-02,4098.293349847561,4117.9966832602895,4039.183349609375,4039.183349609375,12329800,0.0,0.0
2015-01-02,4058.8865832461124,4127.848248495439,4049.034916781923,4117.99658203125,5067000,0.0,0.0
2015-01-02,4117.996650272967,4147.551650155308,4078.5899837631773,4088.441650390625,7718100,0.0,0.0
2015-01-02,4088.4416503906245,4117.996650272967,4078.5899837631773,4088.441650390625,7404100,0.0,0.0
2015-01-02,4088.441683141197,4117.9966832602895,4029.3316829030105,4039.183349609375,9666500,0.0,0.0
2015-01-02,4049.034948168886,4088.4416143311137,4049.034948168886,4068.73828125,5131000,0.0,0.0
2015-01-02,4088.4416468003215,4127.8483132755055,4019.47998046875,4019.47998046875,11790700,0.0,0.0
2015-01-02,4029.3315743927906,4039.1832408338487,3970.2215757464414,3980.0732421875,9137800,0.0,0.0
2015-01-02,3980.0733066307107,4029.3316396335663,3852.001640823287,3881.556640625,21167600,0.0,0.0
2015-01-02,3930.815048104745,4009.6283824025845,3861.8533805941356,3989.925048828125,13292300,0.0,0.0
2015-01-02,4019.4799127509127,4108.1449108263005,3970.2215804868083,4049.034912109375,14699300,0.0,0.0
2015-01-02,4049.035047061479,4058.8867138426504,3920.96337890625,3920.96337890625,6330900,0.0,0.0
2015-01-02,3920.963410530683,3940.666744251943,3773.1884076212355,3802.743408203125,13943200,0.0,0.0
2015-01-02,3822.446673160347,3881.556673260765,3753.4850063765266,3832.29833984375,7115400,0.0,0.0
2015-01-02,3842.1499704760176,3940.666636385659,3812.594970703125,3812.594970703125,5769900,0.0,0.0
2015-01-02,3812.595076932252,3901.260078721374,3812.595076932252,3871.705078125,7200800,0.0,0.0
2015-01-02,3861.853339893959,3881.556673260765,3783.040006426735,3832.29833984375,9044600,0.0,0.0
2015-01-02,3832.298230841017,3861.8532300505876,3773.188232421875,3773.188232421875,5666800,0.0,0.0
2015-01-02,3763.3367717025717,3783.040105585831,3615.561767578125,3615.561767578125,44062900,0.0,0.0
2015-01-02,3635.2649606173154,3674.6716268570694,3566.303294697746,3605.7099609375,21700300,0.0,0.0
2015-01-02,3684.52328235645,4098.293276631774,3674.671615826085,3999.776611328125,59857400,0.0,0.0
2015-01-02,4049.0350495515045,4117.996717062114,3980.073382040895,3989.925048828125,32913100,0.0,0.0
2015-01-02,4058.886750488281,4167.25508605957,3930.8150811767578,3940.666748046875,32104800,0.0,0.0
2015-01-02,3891.408218342437,3940.6665502201895,3595.858227075923,3635.264892578125,52632700,0.0,0.0
2015-01-02,3586.0066051136364,3832.2982675527596,3556.4516056209413,3792.8916015625,38627600,0.0,0.0
2015-01-02,3802.7432635271994,3861.8532624421296,3704.2265986689818,3723.929931640625,20154600,0.0,0.0
2015-01-02,3723.9300332559123,3723.9300332559123,3625.4133657094594,3645.11669921875,17206100,0.0,0.0
2015-01-02,3694.3750062761087,3861.853339893959,3694.3750062761087,3832.29833984375,25722300,0.0,0.0
2015-01-02,3911.111781175831,3970.2217829064475,3881.5567803105223,3891.408447265625,22813800,0.0,0.0
2015-01-02,3930.8148948729195,3930.8148948729195,3763.336566018685,3773.188232421875,13922500,0.0,0.0
2015-01-02,3723.9300432828204,3960.3700460309356,3674.6717093769626,3920.96337890625,27757700,0.0,0.0
2015-01-02,3950.5182786763007,4058.886610510314,3871.7049464333822,3999.776611328125,25654600,0.0,0.0
2015-01-02,4049.0350495515045,4049.0350495515045,3950.518381679205,3989.925048828125,15493900,0.0,0.0
2015-01-02,4019.4800161966464,4098.293349847561,3980.073349371189,4039.183349609375,19817000,0.0,0.0
2015-01-02,4039.1834540705227,4078.590121915113,4009.6284531870797,4029.331787109375,7401500,0.0,0.0
2015-01-02,4058.886685963729,4157.403353098771,4039.1833525367206,4108.14501953125,17186300,0.0,0.0
2015-01-02,4098.293276631774,4098.293276631774,3989.92494479776,3999.776611328125,15288100,0.0,0.0
2015-01-02,3999.776751094134,4049.0350854672142,3989.9250842195174,4009.62841796875,5977700,0.0,0.0
2015-01-02,4049.034939644032,4068.738272683662,3881.556608807174,3930.81494140625,21798300,0.0,0.0
2015-01-02,3980.0734556686048,4255.920130813954,3980.0734556686048,4236.216796875,37958600,0.0,0.0
2015-01-02,4236.2168313419115,4285.475166590074,4147.55182789522,4186.95849609375,17277400,0.0,0.0
2015-01-02,4186.95842534516,4246.068426644151,4127.84842404617,4147.5517578125,16546300,0.0,0.0
2015-01-02,4147.551653676688,4226.364986763181,4068.7383205901956,4157.4033203125,10765000,0.0,0.0
2015-01-02,4157.403247888008,4186.958247280577,4078.589916174492,4117.99658203125,12063300,0.0,0.0
2015-01-02,4117.996577279121,4137.699910184763,4029.3315792037333,4049.034912109375,11223700,0.0,0.0
2015-01-02,4068.738390139011,4236.216725810593,4068.738390139011,4196.81005859375,18515700,0.0,0.0
2015-01-02,4206.661649919993,4206.661649919993,4058.886650508283,4088.441650390625,13447200,0.0,0.0
2015-01-02,4117.9966832602895,4117.9966832602895,3970.2216826648246,4039.183349609375,13201900,0.0,0.0
2015-01-02,4049.0349439799493,4049.0349439799493,3989.92494479776,3999.776611328125,9228000,0.0,0.0
2015-01-02,3989.9250842195174,4029.331751717982,3960.3700835956693,4009.62841796875,8110900,0.0,0.0
2015-01-02,4009.62841796875,4019.480084843366,3970.2217504702853,4009.62841796875,5986400,0.0,0.0
2015-01-02,4019.480084843366,4049.0350854672142,3920.963416097205,4009.62841796875,10142100,0.0,0.0
2015-01-02,3999.7766154661017,4078.589947790557,3940.6666162227602,4068.73828125,11265000,0.0,0.0
2015-01-02,4068.7384192164463,4098.2934198402945,3999.776751094134,4009.62841796875,7431100,0.0,0.0
2015-01-02,4039.1832456565544,4117.996577279121,4009.6282462980917,4049.034912109375,9282700,0.0,0.0
2015-01-02,4058.8866830221036,4078.5900164348323,4019.4800161966464,4039.183349609375,7486400,0.0,0.0
2015-01-02,4068.7383944424714,4383.9917325106535,4058.886727627841,4334.7333984375,48418100,0.0,0.0
2015-01-02,4354.436619492828,4383.991619172643,4186.958287973873,4206.66162109375,29768300,0.0,0.0
2015-01-02,4236.216692647912,4324.881693191705,4167.255025558295,4246.068359375,20382500,0.0,0.0
2015-01-02,4275.623397549716,4344.58506525213,4117.996728515625,4334.7333984375,34149500,0.0,0.0
2015-01-02,4383.9916272498585,4462.804959874575,4334.733294359411,4344.5849609375,34893100,0.0,0.0
2015-01-02,4374.140099676724,4383.991766567888,4275.623430765086,4285.47509765625,21161800,0.0,0.0
2015-01-02,4285.475094176812,4285.475094176812,4147.5517578125,4147.5517578125,16263000,0.0,0.0
2015-01-02,4147.551683379383,4177.106683498476,3989.925016077553,4039.183349609375,19166500,0.0,0.0
2015-01-02,4058.886787992818,4068.738454953965,3950.518451420194,4029.331787109375,11182000,0.0,0.0
2015-01-02,4029.3315838535436,4127.848248495439,4019.4799173893543,4117.99658203125,6838500,0.0,0.0
2015-01-02,4137.7001608455885,4206.661830193015,4098.293492647059,4186.95849609375,10688100,0.0,0.0
2015-01-02,4186.958387060073,4186.958387060073,4019.4800515776697,4058.88671875,8048200,0.0,0.0
2015-01-02,4058.8867523418303,4088.4417529656785,3980.0734173449014,4009.62841796875,5461400,0.0,0.0
2015-01-02,4058.886891754079,4255.920236013986,4058.886891754079,4226.365234375,11612700,0.0,0.0
2015-01-02,4236.216576360887,4620.431568170363,4236.216576360887,4581.02490234375,43610400,0.0,0.0
2015-01-02,4590.876812397652,4600.728479377047,4452.953474686135,4512.0634765625,15405500,0.0,0.0
2015-01-02,4512.063227549889,4512.063227549889,4364.288231014412,4443.1015625,9126100,0.0,0.0
2015-01-02,4443.101771297327,4482.508438891982,4364.288436108018,4423.3984375,10800000,0.0,0.0
2015-01-02,4423.3984375,4472.656771993318,4354.436769209354,4423.3984375,12846400,0.0,0.0
2015-01-02,4492.360212053572,4541.618547712053,4403.695207868303,4413.546875,14236600,0.0,0.0
2015-01-02,4502.211579707072,4876.574905809629,4472.656580277922,4718.9482421875,59912300,0.0,0.0
2015-01-02,4817.465061817355,5122.866732402913,4817.465061817355,5073.6083984375,97901000,0.0,0.0
2015-01-02,5073.608466120049,5073.608466120049,4925.833462252475,4975.091796875,32081400,0.0,0.0
2015-01-02,4975.091901506697,4975.091901506697,4778.058558872768,4827.31689453125,19562900,0.0,0.0
2015-01-02,4797.76185782387,4827.316859001429,4649.986851936071,4738.65185546875,29203400,0.0,0.0
2015-01-02,4738.651758769914,5073.608431946997,4738.651758769914,5024.35009765625,26285300,0.0,0.0
2015-01-02,5024.350031926082,5221.383366511418,4975.091698279748,5122.86669921875,22843000,0.0,0.0
2015-01-02,5073.608212145457,5073.608212145457,4896.27821638115,4906.1298828125,12427600,0.0,0.0
2015-01-02,4906.129986952968,5024.349986638581,4837.168320469693,4896.2783203125,12813700,0.0,0.0
2015-01-02,4896.278280289446,4915.9816134093235,4797.761614690062,4807.61328125,15698900,0.0,0.0
2015-01-02,4807.613306236673,4866.723305903518,4610.579974013859,4620.431640625,26717100,0.0,0.0
2015-01-02,4590.87692005855,4600.728587268976,4354.436907008324,4364.28857421875,26996200,0.0,0.0
2015-01-02,4423.39815676559,4482.50815440611,4383.99149167191,4403.69482421875,16576400,0.0,0.0
2015-01-02,4452.953366397473,4531.766700316011,4374.140032478933,4383.99169921875,15452300,0.0,0.0
2015-01-02,4370.577702280694,4380.290348383588,4186.042236709606,4195.7548828125,15323931,0.0,0.0
2015-01-02,4195.754889322538,4224.891865599649,4127.767809611963,4176.330078125,20872165,0.0,0.0
2015-01-02,4176.330377585782,4205.467355952139,4011.2194705675556,4040.356689453125,20600931,0.0,0.0
2015-01-02,4069.4936879612487,4147.192938707336,3991.794677734375,3991.794677734375,10615773,0.0,0.0
2015-01-02,3991.794454329425,4069.493460207793,3914.095207931858,3933.52001953125,15777848,0.0,0.0
2015-01-02,3950.518384026092,4098.29338592233,3911.111716853762,4058.88671875,16072800,0.0,0.0
2015-01-02,4078.589980181526,4098.293313419117,3980.073313993566,4019.47998046875,9855800,0.0,0.0
2015-01-02,4039.1833206827605,4216.513320127369,4029.331654046949,4157.4033203125,16836300,0.0,0.0
2015-01-02,4157.403313131893,4177.106646369485,3999.7766472311578,4019.47998046875,13355600,0.0,0.0
2015-01-02,4029.3316434256158,4039.1833100354584,3950.518310546875,3950.518310546875,13694000,0.0,0.0
2015-01-02,3950.518346289547,3989.925013085453,3930.8150128915945,3970.2216796875,9943100,0.0,0.0
2015-01-02,3950.5184149169922,3960.3700817871095,3920.9634143066405,3940.666748046875,10839500,0.0,0.0
2015-01-02,3970.2216542320793,4216.513320127369,3970.2216542320793,4157.4033203125,27987700,0.0,0.0
2015-01-02,4088.441859654018,4196.810198102678,4049.0351911272323,4137.7001953125,13192900,0.0,0.0
2015-01-02,4157.403350085747,4177.106683498476,4019.4800161966464,4039.183349609375,17234500,0.0,0.0
2015-01-02,3999.7766797844292,4029.3316798813585,3930.8150128915945,3970.2216796875,22185500,0.0,0.0
2015-01-02,4009.6282415106743,4078.5899065980816,3970.2215757464414,3980.0732421875,18750600,0.0,0.0
2015-01-02,3980.0732421875,4019.4799079517325,3970.2215757464414,3980.0732421875,8782200,0.0,0.0
2015-01-02,3999.776751094134,4049.0350854672142,3950.518416721053,4009.62841796875,16393100,0.0,0.0
2015-01-02,3999.776749267578,4009.6284161376952,3940.666748046875,3940.666748046875,21215900,0.0,0.0
2015-01-02,3940.666712468593,3970.2217128121074,3920.96337890625,3920.96337890625,14934300,0.0,0.0
2015-01-02,3911.111632658306,3920.9632992393094,3723.9299676192436,3743.63330078125,46989600,0.0,0.0
2015-01-02,3743.633333333333,3783.04,3694.375,3694.375,19138700,0.0,0.0
2015-01-02,3694.374890831428,3723.929889958079,3625.4132262025746,3635.264892578125,21965700,0.0,0.0
2015-01-02,3645.116634971217,3783.0399671052633,3645.116634971217,3743.63330078125,25683400,0.0,0.0
2015-01-02,3783.0400744818653,3832.2984087850145,3743.633407039346,3802.743408203125,17822900,0.0,0.0
2015-01-02,3802.743231631446,3802.743231631446,3743.6332332123043,3773.188232421875,8966800,0.0,0.0
2015-01-02,3753.485038757324,3783.0400390625,3743.633371988932,3783.0400390625,6306400,0.0,0.0
2015-01-02,3783.0399305555557,3783.0399305555557,3714.0782651548034,3723.929931640625,9947800,0.0,0.0
2015-01-02,3723.9301052807486,3753.48510611631,3674.6717705548126,3684.5234375,12706700,0.0,0.0
2015-01-02,3684.5234375,3723.9301052807486,3664.8201036096257,3684.5234375,5481200,0.0,0.0
2015-01-02,3684.5232244558774,3684.5232244558774,3615.561559827024,3635.264892578125,11591200,0.0,0.0
2015-01-02,3654.9684366644383,3704.2267713903743,3645.1167697192514,3684.5234375,5127700,0.0,0.0
2015-01-02,3694.374896110372,3753.484894448138,3684.5232297207444,3704.2265625,9595400,0.0,0.0
2015-01-02,3674.67166336723,3674.67166336723,3625.413330078125,3625.413330078125,12652700,0.0,0.0
2015-01-02,3645.1167697192514,3714.0784383355613,3625.413435828877,3684.5234375,13855600,0.0,0.0
2015-01-02,3743.6332332123043,3783.0398988250654,3704.226567599543,3773.188232421875,19162700,0.0,0.0
2015-01-02,3743.6333694255636,3763.3367029488563,3704.226702378979,3714.078369140625,12437400,0.0,0.0
2015-01-02,3645.116696528495,3674.671696770618,3556.4516958021263,3576.155029296875,24576700,0.0,0.0
2015-01-02,3595.8583984375,3625.413398972603,3566.3033979023976,3595.8583984375,9603700,0.0,0.0
2015-01-02,3615.5617321275686,3664.82006635274,3595.8583984375,3595.8583984375,7640900,0.0,0.0
2015-01-02,3595.858326750779,3615.5616600480434,3556.45166015625,3556.45166015625,6808000,0.0,0.0
2015-01-02,3625.413330078125,3654.968330051588,3605.709996762483,3625.413330078125,8791000,0.0,0.0
2015-01-02,3664.8199370941556,3792.8916015625,3664.8199370941556,3792.8916015625,18413000,0.0,0.0
2015-01-02,3871.70497024891,3881.556636839874,3802.743304112161,3812.594970703125,17827500,0.0,0.0
2015-01-02,3822.446776062172,3852.0017769080137,3753.485107421875,3753.485107421875,13566800,0.0,0.0
2015-01-02,3753.4848996154947,3802.743231631446,3704.226567599543,3773.188232421875,27596100,0.0,0.0
2015-01-02,3802.743408203125,3852.0017425062742,3783.0400744818653,3802.743408203125,35922700,0.0,0.0
2015-01-02,3812.595109113558,3822.446776062172,3743.633440473261,3753.485107421875,12222600,0.0,0.0
2015-01-02,3802.743408203125,3852.0017425062742,3792.891741342495,3802.743408203125,23310200,0.0,0.0
2015-01-02,3832.298230841017,3842.1498972442073,3773.188232421875,3773.188232421875,19421100,0.0,0.0
2015-01-02,3773.1882272273933,3773.1882272273933,3694.374896110372,3704.2265625,18187600,0.0,0.0
2015-01-02,3704.226634457237,3753.4849673622534,3694.3749678762338,3743.63330078125,15014700,0.0,0.0
2015-01-02,3743.633440473261,3783.0401082677167,3733.781773524647,3753.485107421875,17044600,0.0,0.0
2015-01-02,3753.48503618721,3773.1883697105027,3694.3750356173327,3714.078369140625,14641300,0.0,0.0
2015-01-02,3753.484894448138,3783.039893617021,3694.374896110372,3704.2265625,17698600,0.0,0.0
2015-01-02,3714.078402611517,3714.078402611517,3654.9684015089465,3664.820068359375,16194500,0.0,0.0
2015-01-02,3694.3750381469727,3783.0400390625,3674.6717046101885,3783.0400390625,51089400,0.0,0.0
2015-01-02,3743.63330078125,3783.0399671052633,3733.781634200247,3743.63330078125,16516300,0.0,0.0
2015-01-02,3753.4849999999997,3773.188333333333,3694.375,3694.375,8552200,0.0,0.0
2015-01-02,3664.819891704776,3714.0782235825286,3635.264892578125,3635.264892578125,20268800,0.0,0.0
2015-01-02,3635.265101461385,3645.1167684030142,3595.8584336948657,3615.561767578125,10618900,0.0,0.0
2015-01-02,3625.413330078125,3674.67166336723,3625.413330078125,3625.413330078125,7554500,0.0,0.0
2015-01-02,3625.413398972603,3664.82006635274,3576.155064747432,3595.8583984375,13116900,0.0,0.0
2015-01-02,3615.5616962863724,3635.265029781121,3576.155029296875,3576.155029296875,8653300,0.0,0.0
2015-01-02,3576.155029296875,3615.5616962863724,3566.303362549501,3576.155029296875,8646900,0.0,0.0
2015-01-02,3605.7098934514734,3664.819891704776,3605.7098934514734,3635.264892578125,13748800,0.0,0.0
2015-01-02,3654.968435344644,3664.820102286274,3595.8584336948657,3615.561767578125,9422100,0.0,0.0
2015-01-02,3645.1167346585185,3694.3750689106605,3625.4134009576615,3664.820068359375,13270700,0.0,0.0
2015-01-02,3654.968330051588,3664.819996709409,3625.413330078125,3625.413330078125,9468100,0.0,0.0
2015-01-02,3625.4132262025746,3664.819891704776,3615.561559827024,3635.264892578125,7430700,0.0,0.0
2015-01-02,3664.8200327280406,3704.2266997466218,3645.11669921875,3645.11669921875,15009700,0.0,0.0
2015-01-02,3664.8199999999997,3723.93,3645.1166666666663,3694.375,13906100,0.0,0.0
2015-01-02,3694.3750708587568,3743.6334051368735,3654.968403436263,3733.78173828125,11487200,0.0,0.0
2015-01-02,3763.336575832415,3930.8149051233863,3743.6332429746535,3911.111572265625,75089500,0.0,0.0
2015-01-02,3920.9634493547883,3970.2217841456777,3852.0017806475435,3960.3701171875,38510300,0.0,0.0
2015-01-02,3989.925013085453,4019.480013182382,3930.8150128915945,3970.2216796875,28554600,0.0,0.0
2015-01-02,3999.7766472311578,4049.034980325138,3901.2599810431984,4019.47998046875,42119500,0.0,0.0
2015-01-02,4058.8866539543837,4167.254986948312,4029.331654046949,4157.4033203125,43469300,0.0,0.0
2015-01-02,4147.551794149709,4236.216796875,4088.4417923328488,4236.216796875,40480600,0.0,0.0
2015-01-02,4285.474921332466,4344.5849202473955,4216.5132559317135,4255.919921875,30917300,0.0,0.0
2015-01-02,4226.365129905524,4255.920130813954,4157.403461119186,4236.216796875,26533200,0.0,0.0
2015-01-02,4246.068397105824,4364.288398881392,4236.216730291193,4334.7333984375,27218300,0.0,0.0
2015-01-02,4324.8816113044795,4344.584944385593,4019.4799485472154,4068.73828125,43343600,0.0,0.0
2015-01-02,4058.886650508283,4098.293317018072,3970.2216508612573,4088.441650390625,24209600,0.0,0.0
2015-01-02,4068.738421011662,4117.996755406477,4049.0350872537365,4078.590087890625,20085300,0.0,0.0
2015-01-02,4098.29345703125,4137.70012488732,4078.5901231032153,4098.29345703125,9835000,0.0,0.0
2015-01-02,4127.84842404617,4177.106758461995,4068.7384227471794,4147.5517578125,15418600,0.0,0.0
2015-01-02,4157.403353098771,4157.403353098771,4058.886685963729,4108.14501953125,10851100,0.0,0.0
2015-01-02,4108.144947412227,4117.996613952784,4058.886614709443,4068.73828125,9160700,0.0,0.0
2015-01-02,4068.7383855430826,4098.29338592233,4039.183385163835,4058.88671875,10893400,0.0,0.0
2015-01-02,4049.0350519569174,4068.7383855430826,3989.9250511984224,4058.88671875,23073300,0.0,0.0
2015-01-02,4068.7384914981617,4285.475166590074,4068.7384914981617,4186.95849609375,26332400,0.0,0.0
2015-01-02,4196.81005859375,4216.513392202171,4088.441723747432,4196.81005859375,14262700,0.0,0.0
2015-01-02,4196.810198102678,4196.810198102678,4127.848528180803,4137.7001953125,7857500,0.0,0.0
2015-01-02,4137.70005309466,4137.70005309466,4058.88671875,4058.88671875,7038000,0.0,0.0
2015-01-02,4058.8867523418303,4098.2934198402945,4009.62841796875,4009.62841796875,5240800,0.0,0.0
2015-01-02,4019.480118936567,4058.8867867692784,3950.518450229322,3960.3701171875,7049500,0.0,0.0
2015-01-02,3960.3699409656956,3980.073274005326,3901.2599418468044,3930.81494140625,10013800,0.0,0.0
2015-01-02,3930.814969794695,3940.666636385659,3792.891637521197,3812.594970703125,21530900,0.0,0.0
2015-01-02,3743.6333365714986,3832.298336648192,3694.375003195558,3763.336669921875,24112700,0.0,0.0
2015-01-02,3763.336633943257,3783.0399671052633,3704.226634457237,3743.63330078125,5664500,0.0,0.0
2015-01-02,3763.3367029488563,3802.7433699954413,3714.078369140625,3714.078369140625,8070800,0.0,0.0
2015-01-02,3773.188372294108,3812.595039367676,3704.2267049153643,3783.0400390625,7777200,0.0,0.0
2015-01-02,3783.039963136729,3792.891629707398,3654.968297718038,3674.671630859375,9160200,0.0,0.0
2015-01-02,3684.5232974300434,3714.0782971420495,3615.561631435364,3674.671630859375,9856500,0.0,0.0
2015-01-02,3704.226669870746,3783.0400032722514,3704.226669870746,3763.336669921875,9222900,0.0,0.0
2015-01-02,3763.3367002744935,3763.3367002744935,3625.4133657094594,3645.11669921875,11315600,0.0,0.0
2015-01-02,3645.116663393767,3654.968330051588,3605.709996762483,3625.413330078125,5775900,0.0,0.0
2015-01-02,3625.413435828877,3704.2267713903743,3625.413435828877,3684.5234375,5109600,0.0,0.0
2015-01-02,3684.523438781578,3911.1117785996967,3654.968437935737,3753.485107421875,15247900,0.0,0.0
2015-01-02,3763.336669921875,3783.0400032722514,3694.375003195558,3763.336669921875,6390700,0.0,0.0
2015-01-02,3743.6332227091802,3743.6332227091802,3635.264892578125,3635.264892578125,5207100,0.0,0.0
2015-01-02,3654.96826171875,3733.7815935078333,3654.96826171875,3654.96826171875,5656900,0.0,0.0
2015-01-02,3664.820068359375,3684.523402060232,3625.4134009576615,3664.820068359375,4600500,0.0,0.0
2015-01-02,3664.819996709409,3664.819996709409,3615.5616634203043,3625.413330078125,3393000,0.0,0.0
2015-01-02,3625.413294057377,3635.2649606173154,3595.8582943775614,3605.7099609375,6593200,0.0,0.0
2015-01-02,3645.1167684030142,3645.1167684030142,3595.8584336948657,3615.561767578125,7351300,0.0,0.0
2015-01-02,3635.265065817637,3645.1167326626714,3595.8583984375,3595.8583984375,3768500,0.0,0.0
2015-01-02,3595.8582217390367,3625.4132208218234,3556.4515562953216,3566.30322265625,4626400,0.0,0.0
2015-01-02,3576.155098470052,3586.006765407986,3526.896763780382,3546.60009765625,4848200,0.0,0.0
2015-01-02,3586.0065498459508,3586.0065498459508,3497.341552734375,3497.341552734375,4101900,0.0,0.0
2015-01-02,3497.341725928152,3536.7483932625537,3457.93505859375,3457.93505859375,5880100,0.0,0.0
2015-01-02,3487.4899968686314,3654.968330051588,3477.63833021081,3625.413330078125,6535800,0.0,0.0
2015-01-02,3625.413257640797,3625.413257640797,3576.154925335895,3586.006591796875,4625700,0.0,0.0
2015-01-02,3586.006591796875,3635.264924101777,3576.154925335895,3586.006591796875,1704300,0.0,0.0
2015-01-02,3595.8582217390367,3605.7098880999656,3546.5998899343926,3566.30322265625,3221600,0.0,0.0
2015-01-02,3566.3032330452124,3714.0782288896276,3566.3032330452124,3704.2265625,10689100,0.0,0.0
2015-01-02,3704.2266666666665,3743.633333333333,3664.8199999999997,3694.375,4711500,0.0,0.0
2015-01-02,3694.3749060997598,3891.4082344250805,3635.2649076021635,3842.14990234375,13074400,0.0,0.0
2015-01-02,3861.8534464003164,3930.8151150860363,3792.8917777145966,3891.408447265625,14615300,0.0,0.0
2015-01-02,3891.4082665381493,3891.4082665381493,3753.4849355722404,3792.8916015625,4077800,0.0,0.0
2015-01-02,3792.891560006649,3802.7432263962764,3694.374896110372,3704.2265625,3616200,0.0,0.0
2015-01-02,3704.2266666666665,3783.04,3684.523333333333,3694.375,3203300,0.0,0.0
2015-01-02,3654.9684339735245,3664.8201009114587,3546.60009765625,3546.60009765625,8656100,0.0,0.0
2015-01-02,3546.599990068856,3605.709989903337,3487.489990234375,3487.489990234375,5153900,0.0,0.0
2015-01-02,3497.341725928152,3526.896726428953,3448.08339176015,3457.93505859375,4684200,0.0,0.0
2015-01-02,3477.638287630948,3507.1932872425427,3467.78662109375,3467.78662109375,1258900,0.0,0.0
2015-01-02,3457.935060639621,3586.0067295521994,3457.935060639621,3526.896728515625,2715200,0.0,0.0
2015-01-02,3526.896557212535,3625.4132208218234,3526.896557212535,3566.30322265625,2842500,0.0,0.0
2015-01-02,3566.3032541141456,3605.7099199054624,3507.1932554271707,3517.044921875,3175000,0.0,0.0
2015-01-02,3517.0450261148176,3546.60002633427,3497.341692635183,3507.193359375,1514600,0.0,0.0
2015-01-02,3517.0451302363954,3526.8967972678697,3418.5284599216507,3428.380126953125,8128600,0.0,0.0
2015-01-02,3428.3799869416425,3448.083320199928,3418.5283203125,3418.5283203125,5193700,0.0,0.0
2015-01-02,3418.528353150128,3428.3800198739036,3349.566686083699,3369.27001953125,7999800,0.0,0.0
2015-01-02,3369.270124060667,3388.973458119501,3349.5667900018325,3359.41845703125,3614100,0.0,0.0
2015-01-02,3359.4182491914175,3408.6765812909985,3359.4182491914175,3379.12158203125,2808200,0.0,0.0
2015-01-02,3398.8249148710825,3448.0832469706634,3379.12158203125,3379.12158203125,5468400,0.0,0.0
2015-01-02,3388.9733302904215,3694.3749966828723,3388.9733302904215,3625.413330078125,18120900,0.0,0.0
2015-01-02,3645.1167326626714,3654.9683995077057,3526.8967305222604,3595.8583984375,8441400,0.0,0.0
2015-01-02,3566.303290661995,3576.154957210785,3526.896624466835,3536.748291015625,3703700,0.0,0.0
2015-01-02,3546.5999212184875,3576.154920561975,3507.1932554271707,3517.044921875,3584000,0.0,0.0
2015-01-02,3517.0450616761955,3595.8583963916285,3517.0450616761955,3526.896728515625,4849200,0.0,0.0
2015-01-02,3546.600062194483,3586.0067295521994,3526.896728515625,3526.896728515625,3025900,0.0,0.0
2015-01-02,3536.7483234297756,3566.3033233470164,3487.489990234375,3487.489990234375,3338000,0.0,0.0
2015-01-02,3487.4900202165572,3487.4900202165572,3369.27001953125,3369.27001953125,6833300,0.0,0.0
2015-01-02,3379.1216771015866,3408.676677192854,3152.533343068536,3162.385009765625,19583400,0.0,0.0
2015-01-02,3172.236742521587,3182.088409423828,2965.3517375745273,2994.90673828125,16002000,0.0,0.0
2015-01-02,2994.9066666666668,3034.313333333333,2945.648333333333,2955.5,12502300,0.0,0.0
2015-01-02,2965.351621815856,2975.2032883335164,2768.3182914626427,2797.873291015625,18695500,0.0,0.0
2015-01-02,2807.7249210438827,2866.834919381649,2758.4665890957444,2778.169921875,8754300,0.0,0.0
2015-01-02,2807.7249575332858,2837.2799570862676,2758.4666249449824,2797.873291015625,7042800,0.0,0.0
2015-01-02,2827.428290568607,2827.428290568607,2738.763291909661,2797.873291015625,7340300,0.0,0.0
2015-01-02,2807.7249968336714,2896.389996733682,2758.4666635558874,2886.538330078125,10357200,0.0,0.0
2015-01-02,2896.3900642529816,2896.3900642529816,2788.021728515625,2788.021728515625,6072800,0.0,0.0
2015-01-02,2788.0217618484776,2827.4284298604703,2669.8017578125,2669.8017578125,5669900,0.0,0.0
2015-01-02,2669.8017578125,2738.763426833487,2659.950090809502,2669.8017578125,7446400,0.0,0.0
2015-01-02,2699.3567597094197,2758.4667617468526,2679.6534256969426,2738.763427734375,6294000,0.0,0.0
2015-01-02,2758.4667617468526,2797.8734297718074,2738.763427734375,2738.763427734375,4746400,0.0,0.0
2015-01-02,2768.3183980100484,2955.5000690498737,2768.3183980100484,2925.945068359375,7969100,0.0,0.0
2015-01-02,2925.9451034698995,2975.2034385451507,2896.3901024247493,2945.6484375,6871600,0.0,0.0
2015-01-02,2945.6482558728912,2945.6482558728912,2847.131591796875,2847.131591796875,3953500,0.0,0.0
2015-01-02,2847.1317665413635,2886.538434590379,2807.725098492348,2876.686767578125,2729100,0.0,0.0
2015-01-02,2945.6483014216187,3044.164967021004,2916.0933017418033,3004.75830078125,11746800,0.0,0.0
2015-01-02,2994.9065555909865,2994.9065555909865,2886.538226276839,2896.389892578125,5632100,0.0,0.0
2015-01-02,2896.389912997159,2896.389912997159,2709.208251953125,2709.208251953125,5995000,0.0,0.0
2015-01-02,2709.20836130778,2906.241696675618,2679.653361002604,2837.280029296875,6349100,0.0,0.0
2015-01-02,2847.1315967456717,2985.0549266918288,2837.279930320946,2916.09326171875,11446600,0.0,0.0
2015-01-02,2906.241627067225,2906.241627067225,2738.7632960158935,2866.8349609375,7489100,0.0,0.0
2015-01-02,2866.835065328664,2886.538399110991,2817.5767308728446,2856.9833984375,4180200,0.0,0.0
2015-01-02,2876.6865802556817,2886.5382466264205,2669.8015864701706,2709.208251953125,5889000,0.0,0.0
2015-01-02,2728.9117615816886,2847.1317656935307,2719.060094572368,2807.72509765625,5139200,0.0,0.0
2015-01-02,2797.873291015625,2876.68662315691,2778.1699579803035,2797.873291015625,4389000,0.0,0.0
2015-01-02,2847.131605972782,3122.9782667590725,2837.2799395161287,3054.0166015625,22740400,0.0,0.0
2015-01-02,3034.3132080078126,3034.3132080078126,2738.763220214844,2758.466552734375,30887900,0.0,0.0
2015-01-02,2738.763350736178,2738.763350736178,2522.0266826923075,2561.433349609375,31433900,0.0,0.0
2015-01-02,2561.4333831188724,2571.285049977022,2482.6200482536765,2512.175048828125,15506700,0.0,0.0
2015-01-02,2551.5816799962945,2561.433346714427,2472.7683462512355,2492.4716796875,11095400,0.0,0.0
2015-01-02,2522.026676829268,2522.026676829268,2423.510009765625,2423.510009765625,16465100,0.0,0.0
2015-01-02,2443.2132443405512,2541.7299074187995,2423.5099117249015,2502.3232421875,28916200,0.0,0.0
2015-01-02,2502.323414994856,2512.175081983025,2354.548410172325,2393.955078125,22559600,0.0,0.0
2015-01-02,2393.954901123047,2403.8065673828123,2305.289904785156,2364.39990234375,28604900,0.0,0.0
2015-01-02,2354.5482995074726,2393.954965608016,2256.031634256114,2265.88330078125,24321500,0.0,0.0
2015-01-02,2265.8832528658,2265.8832528658,2108.256591796875,2108.256591796875,34194400,0.0,0.0
2015-01-02,2078.7017647879466,2108.256766183036,1990.0367606026787,2068.85009765625,32224400,0.0,0.0
2015-01-02,2068.85009765625,2216.6251046316966,2009.7400948660716,2137.811767578125,35882200,0.0,0.0
2015-01-02,2157.515101841518,2305.290108816964,2137.811767578125,2275.735107421875,31655900,0.0,0.0
2015-01-02,2265.883369613849,2265.883369613849,2206.773368667401,2236.328369140625,10752000,0.0,0.0
2015-01-02,1950.6300384047117,1950.6300384047117,1901.3717041015625,1901.3717041015625,27392200,0.0,0.0
2015-01-02,1866.890831657078,1891.5199983016305,1797.929165052331,1812.7066650390625,40803800,0.0,0.0
2015-01-02,1970.3333237591912,2118.1083230411305,1901.3716574276195,2009.739990234375,64205600,0.0,0.0
2015-01-02,1990.036567583476,2206.7732234589043,1960.4815690550085,2157.514892578125,29223200,0.0,0.0
2015-01-02,2167.3666007058664,2275.7349307411596,2167.3666007058664,2246.179931640625,21657600,0.0,0.0
2015-01-02,2246.179967730978,2315.1416334069295,2196.9216351052987,2265.88330078125,16184900,0.0,0.0
2015-01-02,2265.883371728098,2354.5483732305024,2196.9217038928955,2305.2900390625,18846800,0.0,0.0
2015-01-02,2305.2900063742154,2403.8066733132846,2305.2900063742154,2354.54833984375,13504200,0.0,0.0
2015-01-02,2364.400006537657,2423.5100067010985,2344.6966731498433,2354.54833984375,9904000,0.0,0.0
2015-01-02,2364.399948120117,2531.8782777786255,2334.8449487686157,2522.026611328125,18202100,0.0,0.0
2015-01-02,2561.4334542410716,2561.4334542410716,2384.103445870536,2413.658447265625,19213600,0.0,0.0
2015-01-02,2413.6583071849386,2492.4716396644467,2384.1033075051228,2403.806640625,17237600,0.0,0.0
2015-01-02,2423.509977667455,2522.026643426295,2423.509977667455,2472.768310546875,14385700,0.0,0.0
2015-01-02,2492.4716436986428,2502.3233102745266,2443.213310819223,2472.768310546875,4893500,0.0,0.0
2015-01-02,2482.619977122759,2492.4716436986428,2462.916643970991,2472.768310546875,4837700,0.0,0.0
2015-01-02,2522.026606425703,2551.581605719754,2453.06494140625,2453.06494140625,27129800,0.0,0.0
2015-01-02,2453.0650457566785,2492.471713158392,2423.510045205393,2443.21337890625,10919000,0.0,0.0
2015-01-02,2453.0650810546877,2502.323416015625,2453.0650810546877,2462.916748046875,8458400,0.0,0.0
2015-01-02,2502.323317732901,2620.543316995873,2472.768317917158,2610.691650390625,34148800,0.0,0.0
2015-01-02,2610.6917574698464,2925.945101768092,2600.8400904605264,2807.72509765625,70354500,0.0,0.0
2015-01-02,2827.4283942623415,2876.686728657156,2709.208391714787,2719.06005859375,39319500,0.0,0.0
2015-01-02,2719.05999371722,2837.279993444056,2719.05999371722,2817.57666015625,26095600,0.0,0.0
2015-01-02,2866.835065328664,2935.7967335668104,2837.2800646551723,2856.9833984375,28666600,0.0,0.0
2015-01-02,2856.9832901215887,2886.538289674571,2797.873291015625,2797.873291015625,13347200,0.0,0.0
2015-01-02,2856.9833653336864,3034.3133673199154,2837.280031779661,2906.24169921875,64101300,0.0,0.0
2015-01-02,2925.9449999999997,2994.9066666666668,2925.9449999999997,2955.5,24720300,0.0,0.0
2015-01-02,2955.4999966670225,2965.351663322579,2886.538330078125,2886.538330078125,14460700,0.0,0.0
2015-01-02,2906.241710316051,3270.7533824573866,2906.241710316051,3251.050048828125,61047300,0.0,0.0
2015-01-02,3280.604984059053,3388.9733168658086,3260.9016508214613,3349.566650390625,58538300,0.0,0.0
2015-01-02,3408.676657121734,3517.0449901516154,3408.676657121734,3487.489990234375,25383700,0.0,0.0
2015-01-02,3487.490096028646,3694.3751017252607,3487.490096028646,3546.60009765625,43848000,0.0,0.0
2015-01-02,3600.0,3600.0,3510.0,3520.0,14369800,53.4,0.0
2015-01-02,3530.0,3650.0,3500.0,3510.0,24858300,0.0,0.0
2015-01-02,3520.0,3540.0,3450.0,3530.0,12540300,0.0,0.0
2015-01-02,3550.0,3640.0,3540.0,3590.0,17136600,0.0,0.0
2015-01-02,3630.0,3920.0,3610.0,3870.0,47796900,0.0,0.0
2015-01-02,3880.0,3900.0,3680.0,3710.0,23768200,0.0,0.0
2015-01-02,3710.0,3730.0,3400.0,3500.0,50171100,0.0,0.0
2015-01-02,3500.0,3540.0,3370.0,3520.0,39270300,0.0,0.0
2015-01-02,3510.0,3520.0,3440.0,3460.0,16121900,0.0,0.0
2015-01-02,3470.0,3530.0,3430.0,3430.0,8545600,0.0,0.0
2015-01-02,3430.0,3660.0,3400.0,3630.0,30644600,0.0,0.0
2015-01-02,3640.0,3660.0,3560.0,3630.0,17240400,0.0,0.0
2015-01-02,3640.0,3640.0,3440.0,3460.0,14199000,0.0,0.0
2015-01-02,3460.0,3510.0,3310.0,3310.0,15213400,0.0,0.0
2015-01-02,3310.0,3340.0,3230.0,3250.0,12718700,0.0,0.0
2015-01-02,3210.0,3210.0,3050.0,3100.0,27991200,0.0,0.0
2015-01-02,3120.0,3210.0,3120.0,3170.0,8125300,0.0,0.0
2015-01-02,3210.0,3210.0,3080.0,3090.0,6352000,0.0,0.0
2015-01-02,3100.0,3270.0,3100.0,3230.0,12277000,0.0,0.0
2015-01-02,3270.0,3500.0,3230.0,3450.0,15322400,0.0,0.0
2015-01-02,3460.0,3530.0,3390.0,3500.0,15143600,0.0,0.0
2015-01-02,3500.0,3510.0,3390.0,3430.0,9152200,0.0,0.0
2015-01-02,3450.0,3510.0,3430.0,3450.0,6395100,0.0,0.0
2015-01-02,3500.0,3580.0,3470.0,3560.0,14179600,0.0,0.0
2015-01-02,3600.0,3600.0,3400.0,3420.0,11432500,0.0,0.0
2015-01-02,3410.0,3420.0,3310.0,3320.0,7802900,0.0,0.0
2015-01-02,3350.0,3360.0,3300.0,3310.0,5835800,0.0,0.0
2015-01-02,3320.0,3420.0,3320.0,3360.0,9744800,0.0,0.0
2015-01-02,3400.0,3450.0,3390.0,3410.0,7850500,0.0,0.0
2015-01-02,3430.0,3470.0,3370.0,3460.0,7575100,0.0,0.0
2015-01-02,3470.0,3520.0,3400.0,3470.0,12145700,0.0,0.0
2015-01-02,3520.0,3540.0,3500.0,3500.0,7790500,0.0,0.0
2015-01-02,3510.0,3510.0,3420.0,3420.0,7597400,0.0,0.0
2015-01-02,3440.0,3460.0,3320.0,3330.0,14926100,0.0,0.0
2015-01-02,3350.0,3690.0,3350.0,3650.0,29292700,0.0,0.0
2015-01-02,3700.0,3820.0,3630.0,3630.0,41062200,0.0,0.0
2015-01-02,3680.0,3700.0,3570.0,3690.0,8159000,0.0,0.0
2015-01-02,3700.0,3750.0,3650.0,3710.0,10317800,0.0,0.0
2015-01-02,3710.0,3750.0,3610.0,3650.0,7136100,0.0,0.0
2015-01-02,3670.0,3760.0,3640.0,3720.0,12230900,0.0,0.0
2015-01-02,3730.0,3770.0,3700.0,3760.0,9309700,0.0,0.0
2015-01-02,3760.0,3790.0,3660.0,3670.0,7383900,0.0,0.0
2015-01-02,3650.0,3650.0,3450.0,3450.0,20708600,0.0,0.0
2015-01-02,3460.0,3570.0,3460.0,3560.0,6300500,0.0,0.0
2015-01-02,3580.0,3790.0,3570.0,3770.0,17970800,0.0,0.0
2015-01-02,3780.0,3800.0,3690.0,3690.0,12625200,0.0,0.0
2015-01-02,3750.0,3890.0,3700.0,3890.0,19456700,0.0,0.0
2015-01-02,3900.0,4140.0,3810.0,4100.0,48350900,0.0,0.0
2015-01-02,4110.0,4120.0,4010.0,4010.0,15578300,0.0,0.0
2015-01-02,4030.0,4080.0,3920.0,3920.0,12747300,0.0,0.0
2015-01-02,3920.0,3990.0,3870.0,3920.0,9275200,0.0,0.0
2015-01-02,4000.0,4070.0,3930.0,3930.0,11556400,0.0,0.0
2015-01-02,4020.0,4020.0,3910.0,3930.0,4446100,0.0,0.0
2015-01-02,3900.0,3980.0,3670.0,3690.0,16634600,0.0,0.0
2015-01-02,3740.0,3780.0,3670.0,3720.0,8810800,0.0,0.0
2015-01-02,3700.0,3780.0,3700.0,3740.0,8762800,0.0,0.0
2015-01-02,3780.0,3790.0,3650.0,3700.0,9165300,0.0,0.0
2015-01-02,3700.0,3750.0,3670.0,3690.0,4983300,0.0,0.0
2015-01-02,3710.0,3750.0,3670.0,3690.0,5112700,0.0,0.0
2015-01-02,3700.0,3730.0,3610.0,3620.0,9992700,0.0,0.0
2015-01-02,3640.0,3840.0,3610.0,3840.0,18107500,0.0,0.0
2015-01-02,3870.0,3900.0,3750.0,3800.0,11573500,0.0,0.0
2015-01-02,3760.0,3770.0,3630.0,3740.0,13047600,0.0,0.0
