Date,Open,High,Low,Close,Volume,Dividends,Stock Splits
2015-01-02,768.0175536813089,786.9809500685017,768.0175536813089,781.2919311523438,966800,0.0,0.0
2015-01-02,781.2919294084821,805.944344656808,769.9138916015625,796.462646484375,1555200,0.0,0.0
2015-01-02,805.9444016676683,805.9444016676683,796.4627028245193,801.2035522460938,772000,0.0,0.0
2015-01-02,804.0480050223214,804.0480050223214,779.3955897739955,796.462646484375,3833600,0.0,0.0
2015-01-02,797.4108076746323,806.8925057444853,786.9809397977941,805.9443359375,1433200,0.0,0.0
2015-01-02,806.8924972179324,815.426025390625,796.4626294513081,815.426025390625,1079200,0.0,0.0
2015-01-02,805.9443785328264,853.3528713876985,804.996208675729,850.5083618164062,5050800,0.0,0.0
2015-01-02,850.5082665769845,853.3527758297504,843.871078320531,847.6637573242188,2567600,0.0,0.0
2015-01-02,834.3895134288593,838.1821930353542,816.374285298009,823.011474609375,731200,0.0,0.0
2015-01-02,824.9077758789062,834.389474452227,823.0114361642421,824.9077758789062,1112800,0.0,0.0
2015-01-02,821.1151475386187,851.4565848610619,818.2706377896396,834.3895263671875,1158800,0.0,0.0
2015-01-02,834.3895263671875,843.871225530451,829.6486767855558,834.3895263671875,476800,0.0,0.0
2015-01-02,832.4930845976697,832.4930845976697,823.0113865954183,825.8558959960938,337600,0.0,0.0
2015-01-02,824.9077667916087,824.9077667916087,796.4626713850015,808.7888793945312,5110400,0.0,0.0
2015-01-02,807.8406372070312,807.8406372070312,789.8254117294097,807.8406372070312,1343600,0.0,0.0
2015-01-02,802.1516881657326,815.426065984078,796.4626691007275,798.3590087890625,947600,0.0,0.0
2015-01-02,798.3589413526581,824.9076947468083,770.8620181944311,777.4992065429688,922800,0.0,0.0
2015-01-02,786.9809705114072,791.7218197313555,766.121233943635,772.7584228515625,910400,0.0,0.0
2015-01-02,772.7583577225847,786.9809041837366,772.7583577225847,777.4992065429688,812400,0.0,0.0
2015-01-02,782.2401053739555,791.7218036209125,759.4840295812586,776.5510864257812,742000,0.0,0.0
2015-01-02,777.499256250477,777.499256250477,743.3651425614316,776.5510864257812,8150400,0.0,0.0
2015-01-02,776.5511439382058,776.5511439382058,745.2615374058971,755.69140625,643200,0.0,0.0
2015-01-02,757.5876750456981,760.4321844638922,739.5724487304688,739.5724487304688,668400,0.0,0.0
2015-01-02,739.5725024505501,761.380409574092,739.5725024505501,759.4840698242188,2573600,0.0,0.0
2015-01-02,759.4840539778241,768.0175826742042,758.5358841226708,763.2767333984375,810800,0.0,0.0
2015-01-02,765.173084419951,766.1212542891207,758.535895335763,764.2249145507812,1189600,0.0,0.0
2015-01-02,764.2248463439942,764.2248463439942,758.5358276367188,758.5358276367188,553600,0.0,0.0
2015-01-02,758.5358911631058,758.5358911631058,739.5724938840282,743.3651733398438,954800,0.0,0.0
2015-01-02,743.36513671875,743.36513671875,730.0907592773438,730.0907592773438,2132800,0.0,0.0
2015-01-02,737.6761361494027,753.7950234431557,731.9871171045488,736.7279663085938,1090000,0.0,0.0
2015-01-02,739.5724487304688,746.2096373729217,736.7279393122747,739.5724487304688,295600,0.0,0.0
2015-01-02,739.57246006222,746.209648806368,739.57246006222,740.5206298828125,640000,0.0,0.0
2015-01-02,739.57246006222,749.0541582681458,739.57246006222,740.5206298828125,357600,0.0,0.0
2015-01-02,744.3133432037976,752.8468719793825,740.5206637479821,743.3651733398438,913200,0.0,0.0
2015-01-02,739.5724984831314,750.0023670514832,738.6243286132812,738.6243286132812,1647200,0.0,0.0
2015-01-02,744.3133318865741,744.3133318865741,739.5724826388889,742.4169921875,5103600,0.0,0.0
2015-01-02,742.4169965850641,765.1730731087442,742.4169965850641,763.2767333984375,1432800,0.0,0.0
2015-01-02,765.1730346679688,767.069374283007,765.1730346679688,765.1730346679688,2006000,0.0,0.0
2015-01-02,766.1212406506928,787.9291472533733,766.1212406506928,778.4474487304688,1954000,0.0,0.0
2015-01-02,778.4474329723012,782.2401123046875,778.4474329723012,782.2401123046875,510400,0.0,0.0
2015-01-02,782.2401191353367,794.566327073227,782.2401191353367,787.9291381835938,910800,0.0,0.0
2015-01-02,788.8772437118902,789.825413475967,766.1211693740472,777.4992065429688,1077600,0.0,0.0
2015-01-02,777.499258753765,792.669975997741,768.0175604762801,786.98095703125,2449200,0.0,0.0
2015-01-02,777.4992065429688,786.9809041837366,777.4992065429688,777.4992065429688,1804000,0.0,0.0
2015-01-02,777.4993013959029,786.0328303136628,777.4993013959029,780.3438110351562,767200,0.0,0.0
2015-01-02,781.2919809149073,798.3590387504271,777.4993013959029,780.3438110351562,1030400,0.0,0.0
2015-01-02,771.8102821173962,786.9810001934139,769.913942357894,780.3438110351562,789600,0.0,0.0
2015-01-02,780.3438481837143,781.2920181086034,767.0694692352672,768.0176391601562,2284000,0.0,0.0
2015-01-02,768.0176391601562,768.0176391601562,768.0176391601562,768.0176391601562,52000,0.0,0.0
2015-01-02,773.7065949890284,783.1882934570312,773.7065949890284,783.1882934570312,280400,0.0,0.0
2015-01-02,777.4992065429688,778.4473763070455,768.0175089022008,777.4992065429688,1302400,0.0,0.0
2015-01-02,777.499250139509,801.2034955705915,768.0175519670759,796.462646484375,7294400,0.0,0.0
2015-01-02,801.2035522460938,804.9962317833534,796.4627028245193,801.2035522460938,900000,0.0,0.0
2015-01-02,801.2035206194361,814.4778984758527,796.4626713850015,808.7888793945312,769600,0.0,0.0
2015-01-02,805.9443698538705,810.6852190883051,782.2401236816979,808.7888793945312,3830800,0.0,0.0
2015-01-02,805.9443698538705,839.1303144949122,791.7218221505669,808.7888793945312,2702000,0.0,0.0
2015-01-02,796.4626759239875,796.4626759239875,777.4992788781783,778.4474487304688,1038800,0.0,0.0
2015-01-02,780.3438038035027,819.2187685130332,780.3438038035027,800.25537109375,658400,0.0,0.0
2015-01-02,786.9809729161324,813.5297286289658,786.9809729161324,808.7888793945312,1860400,0.0,0.0
2015-01-02,796.4626713850015,808.7888793945312,796.4626713850015,808.7888793945312,2780800,0.0,0.0
2015-01-02,781.291953834811,815.4260683227396,777.4992744472634,808.7888793945312,587200,0.0,0.0
2015-01-02,797.4108412318884,808.7888793945312,797.4108412318884,808.7888793945312,747600,0.0,0.0
2015-01-02,796.4626736111111,808.7888816550926,779.3956163194445,793.6181640625,719200,0.0,0.0
2015-01-02,793.6181072088388,793.6181072088388,784.1364093927236,788.8772583007812,1200,0.0,0.0
2015-01-02,778.447471275654,780.3438110351562,777.4993013959029,780.3438110351562,1660800,0.0,0.0
2015-01-02,780.3437682370105,789.8254665144955,778.4474285815136,786.98095703125,2170000,0.0,0.0
2015-01-02,778.4474487304688,781.2919582873402,778.4474487304688,778.4474487304688,789600,0.0,0.0
2015-01-02,778.4474487304688,804.0480347423112,778.4474487304688,778.4474487304688,3177600,0.0,0.0
2015-01-02,779.3956477000717,786.0328369140625,778.4474778123587,786.0328369140625,550800,0.0,0.0
2015-01-02,779.3956298828125,781.2919696148874,779.3956298828125,779.3956298828125,118800,0.0,0.0
2015-01-02,778.4475083339362,779.3956782588252,768.0176391601562,768.0176391601562,4494800,0.0,0.0
2015-01-02,768.0175089022008,795.5144320604277,768.0175089022008,777.4992065429688,4479600,0.0,0.0
2015-01-02,778.4474693260756,785.0846584677108,768.965770552311,769.9139404296875,5007600,0.0,0.0
2015-01-02,770.8620181944311,788.8772437118902,769.9138484303544,777.4992065429688,7050400,0.0,0.0
2015-01-02,772.7583577225847,777.4992065429688,772.7583577225847,777.4992065429688,61200,0.0,0.0
2015-01-02,777.499258753765,786.98095703125,777.499258753765,786.98095703125,462800,0.0,0.0
2015-01-02,779.3955460711223,779.3955460711223,773.7065274866616,777.4992065429688,2061600,0.0,0.0
2015-01-02,777.4992335119913,778.4474033089571,773.7065543241279,774.6547241210938,1550800,0.0,0.0
2015-01-02,771.8102076068319,771.8102076068319,768.0175284539728,768.9656982421875,3624800,0.0,0.0
2015-01-02,768.9656952667236,768.9656952667236,751.8986391448975,758.5358276367188,2421200,0.0,0.0
2015-01-02,750.9504693603516,764.2248463439942,737.676092376709,758.5358276367188,5917600,0.0,0.0
2015-01-02,758.5359111985662,769.9139498665446,753.795061753575,760.4322509765625,2982800,0.0,0.0
2015-01-02,760.4321672058106,760.4321672058106,752.8468089294433,758.5358276367188,7122000,0.0,0.0
2015-01-02,758.5358276367188,759.4839974212647,749.0541297912598,758.5358276367188,3411200,0.0,0.0
2015-01-02,758.5358958801348,758.5358958801348,732.9353093941803,738.6243286132812,2521600,0.0,0.0
2015-01-02,738.624274653538,752.846821662271,730.0907464482981,744.3132934570312,4916800,0.0,0.0
2015-01-02,739.5724031114087,743.3650821017236,723.4535174025702,735.7797241210938,1074400,0.0,0.0
2015-01-02,739.5724734313806,742.4169829445781,724.4017560276599,726.298095703125,976400,0.0,0.0
2015-01-02,730.0907750540551,737.6761337559154,724.4017560276599,726.298095703125,268800,0.0,0.0
2015-01-02,722.5054186964587,736.7279663085938,722.5054186964587,736.7279663085938,69200,0.0,0.0
2015-01-02,728.1944595223325,766.1212542891207,728.1944595223325,764.2249145507812,651600,0.0,0.0
2015-01-02,752.8468260153746,752.8468260153746,739.5724487304688,739.5724487304688,558800,0.0,0.0
2015-01-02,739.5725290398849,739.5725290398849,711.1274317691201,720.609130859375,724000,0.0,0.0
2015-01-02,720.6090766767297,730.0907750540551,720.6090766767297,726.298095703125,362000,0.0,0.0
2015-01-02,729.1426097253305,730.0907795689266,721.5572509765625,721.5572509765625,104000,0.0,0.0
2015-01-02,723.4535367286811,736.7279135493909,719.6608576370497,727.2462158203125,4724000,0.0,0.0
2015-01-02,730.0907407988102,730.0907407988102,720.6090428663581,723.4535522460938,108000,0.0,0.0
2015-01-02,716.8164248259171,720.6091043223505,697.85302734375,697.85302734375,974800,0.0,0.0
2015-01-02,700.6975323346302,707.3347214095184,693.1121733919008,702.5938720703125,852400,0.0,0.0
2015-01-02,709.2310678259915,713.0237473330824,707.3347280724461,708.2828979492188,448400,0.0,0.0
2015-01-02,701.6455918829631,706.3864404767669,687.4230461015517,688.3712158203125,849600,0.0,0.0
2015-01-02,688.3713414809283,709.2310791015625,688.3713414809283,709.2310791015625,1098800,0.0,0.0
2015-01-02,709.2310451840394,711.1273848770448,706.3865356445312,706.3865356445312,387200,0.0,0.0
2015-01-02,706.3865192445031,722.5054062608207,684.57861328125,684.57861328125,758400,0.0,0.0
2015-01-02,696.9048209996105,696.9048209996105,684.57861328125,684.57861328125,601600,0.0,0.0
2015-01-02,682.6822710640822,682.6822710640822,673.2005728548589,674.1487426757812,654000,0.0,0.0
2015-01-02,674.1488149407205,675.0969848632812,671.3043051730381,675.0969848632812,2736800,0.0,0.0
2015-01-02,673.2005003201403,690.267555257834,670.355991163858,688.3712158203125,974400,0.0,0.0
2015-01-02,697.85302734375,697.85302734375,688.3713286026664,697.85302734375,522000,0.0,0.0
2015-01-02,697.8530530427631,730.09082994963,697.8530530427631,720.609130859375,1922000,0.0,0.0
2015-01-02,721.5572002185341,738.6242562026781,721.5572002185341,737.6760864257812,1947200,0.0,0.0
2015-01-02,730.0907271454856,760.4321599619215,721.557199165863,752.8468017578125,5400000,0.0,0.0
2015-01-02,746.2097120188703,751.8987314243509,740.5206926133898,750.9505615234375,338400,0.0,0.0
2015-01-02,745.2615421179569,755.6914110280046,745.2615421179569,750.9505615234375,536800,0.0,0.0
2015-01-02,750.9505615234375,751.8987314243509,748.1060518206972,750.9505615234375,681600,0.0,0.0
2015-01-02,750.9505455745524,756.6395648592081,750.9505455745524,754.7432250976562,1441600,0.0,0.0
2015-01-02,755.6913922690405,772.7584500618169,752.8468826369111,769.9139404296875,260400,0.0,0.0
2015-01-02,758.5358773662391,768.0175758333171,755.6913678261157,757.5877075195312,109600,0.0,0.0
2015-01-02,758.5358999492821,768.0175986986482,757.5877300743456,759.4840698242188,915200,0.0,0.0
2015-01-02,744.3133362953707,763.2767333984375,737.6761473092973,763.2767333984375,697200,0.0,0.0
2015-01-02,763.2766765594483,763.2766765594483,757.5876578521729,758.5358276367188,5225200,0.0,0.0
2015-01-02,758.5358276367188,758.5358276367188,758.5358276367188,758.5358276367188,1516800,0.0,0.0
2015-01-02,758.5358276367188,758.5358276367188,754.7431484985352,758.5358276367188,3678800,0.0,0.0
2015-01-02,758.5359399112655,768.0176391601562,758.5359399112655,768.0176391601562,236000,0.0,0.0
2015-01-02,768.0176391601562,768.9658090850453,767.0694692352672,768.0176391601562,334800,0.0,0.0
2015-01-02,758.5358276367188,758.5358276367188,758.5358276367188,758.5358276367188,309600,0.0,0.0
2015-01-02,758.5358276367188,759.4839974212647,758.5358276367188,758.5358276367188,1266800,0.0,0.0
2015-01-02,759.4839974212647,759.4839974212647,758.5358276367188,758.5358276367188,252400,0.0,0.0
2015-01-02,758.5358276367188,759.4839974212647,758.5358276367188,758.5358276367188,381200,0.0,0.0
2015-01-02,758.5358112614329,777.4992065429688,753.7949624410489,777.4992065429688,1578400,0.0,0.0
2015-01-02,777.499258753765,786.98095703125,777.499258753765,786.98095703125,3036400,0.0,0.0
2015-01-02,786.0327616846838,815.426025390625,786.0327616846838,815.426025390625,1046400,0.0,0.0
2015-01-02,815.4260930508444,823.959621931609,814.4779231752038,821.1151123046875,616000,0.0,0.0
2015-01-02,815.4261425216763,823.9596719201589,815.4261425216763,820.1669921875,177200,0.0,0.0
2015-01-02,820.1669490009273,838.1821767824506,820.1669490009273,826.8041381835938,313200,0.0,0.0
2015-01-02,821.1151188841653,834.3894972494983,821.1151188841653,826.8041381835938,436800,0.0,0.0
2015-01-02,822.0633320538295,823.0115019869942,815.4261425216763,820.1669921875,2170800,0.0,0.0
2015-01-02,820.166890153261,820.166890153261,796.4626447731089,811.6333618164062,3266400,0.0,0.0
2015-01-02,809.7370066088299,821.1150441724201,809.7370066088299,815.426025390625,202000,0.0,0.0
2015-01-02,812.5815159997275,819.2187045784883,811.6333462027616,815.426025390625,1027200,0.0,0.0
2015-01-02,813.5296857966933,815.426025390625,813.5296857966933,815.426025390625,406400,0.0,0.0
2015-01-02,815.426025390625,815.426025390625,815.426025390625,815.426025390625,264800,0.0,0.0
2015-01-02,817.3223649845567,819.2187045784883,815.426025390625,815.426025390625,1574800,0.0,0.0
2015-01-02,815.4260773055854,826.8041155935704,815.4260773055854,824.9077758789062,1423200,0.0,0.0
2015-01-02,816.3741951875908,824.9077233602834,814.4778555936591,815.426025390625,1121600,0.0,0.0
2015-01-02,813.5297176634492,833.4412841796875,805.9443589905966,833.4412841796875,239200,0.0,0.0
2015-01-02,824.9078049366458,832.4931640625,813.5297662478645,832.4931640625,2242000,0.0,0.0
2015-01-02,815.4260661275532,834.3894630142405,805.9443676842095,823.9595947265625,497200,0.0,0.0
2015-01-02,831.5450300087136,831.5450300087136,805.9444418556517,809.7371215820312,5794000,0.0,0.0
2015-01-02,810.6851464929714,810.6851464929714,801.2034488731706,807.8406372070312,1226800,0.0,0.0
2015-01-02,796.4626490663558,812.5815360117463,795.5144792460387,806.8925170898438,395600,0.0,0.0
2015-01-02,805.944344656808,807.8406842912946,796.462646484375,796.462646484375,1738000,0.0,0.0
2015-01-02,786.9809041837366,795.5144320604277,777.4992065429688,777.4992065429688,196400,0.0,0.0
2015-01-02,768.0175803552737,801.2035251854398,768.0175803552737,778.4474487304688,149600,0.0,0.0
2015-01-02,777.4992065429688,780.3437158351991,772.7583577225847,777.4992065429688,540800,0.0,0.0
2015-01-02,768.9657341902118,777.4992626830749,756.6395263671875,756.6395263671875,137200,0.0,0.0
2015-01-02,739.5724307789523,777.4992221009497,739.5724307789523,773.70654296875,963600,0.0,0.0
2015-01-02,758.5358276367188,759.4839974212647,753.7949787139893,758.5358276367188,1832800,0.0,0.0
2015-01-02,741.4688720703125,758.5359305067135,741.4688720703125,741.4688720703125,909600,0.0,0.0
2015-01-02,743.3651733398438,766.1212500747368,743.3651733398438,743.3651733398438,586800,0.0,0.0
2015-01-02,747.1578242658132,792.669975997741,746.2096544380648,786.98095703125,1227200,0.0,0.0
2015-01-02,782.2400520994282,782.2400520994282,756.6394685761743,767.0693359375,4625600,0.0,0.0
2015-01-02,765.1730548600506,765.1730548600506,754.7431867021069,756.6395263671875,1456000,0.0,0.0
2015-01-02,771.8102944636136,771.8102944636136,749.0542169855709,755.69140625,4288400,0.0,0.0
2015-01-02,755.6913606728336,755.6913606728336,726.298095703125,726.298095703125,200000,0.0,0.0
2015-01-02,731.9871147295202,731.9871147295202,726.298095703125,726.298095703125,2698000,0.0,0.0
2015-01-02,736.7279639181829,736.7279639181829,726.298095703125,726.298095703125,36400,0.0,0.0
2015-01-02,720.6090879698057,730.0907864957243,701.6456909179688,701.6456909179688,146400,0.0,0.0
2015-01-02,701.6456909179688,702.5938607705607,700.6975210653769,701.6456909179688,1458000,0.0,0.0
2015-01-02,701.6456441676363,720.6090399559507,701.6456441676363,713.023681640625,186400,0.0,0.0
2015-01-02,713.0237245700503,728.1944421140939,706.3865356445312,706.3865356445312,6179200,0.0,0.0
2015-01-02,701.6456720714191,720.6090686138899,669.4078979492188,669.4078979492188,3166400,0.0,0.0
2015-01-02,669.4078979492188,682.6822755289484,663.7188789864775,669.4078979492188,3774400,0.0,0.0
2015-01-02,670.3560677763423,680.7859358747013,663.7188789864775,669.4078979492188,991200,0.0,0.0
2015-01-02,669.4078979492188,682.6822755289484,669.4078979492188,669.4078979492188,1038000,0.0,0.0
2015-01-02,669.4078909737723,669.4078909737723,627.688419015067,663.7188720703125,135721200,0.0,0.0
2015-01-02,663.7189410221627,682.6823393370817,663.7189410221627,679.8378295898438,1128800,0.0,0.0
2015-01-02,679.8377932195795,701.6457001150471,679.8377932195795,692.1640014648438,2561200,0.0,0.0
2015-01-02,692.1640014648438,706.3865494401488,679.8377932195795,692.1640014648438,6781200,0.0,0.0
2015-01-02,701.6457068401834,705.4383863366168,693.1121779732082,697.85302734375,1247600,0.0,0.0
2015-01-02,697.8530115076014,710.1792195912955,697.8530115076014,701.6456909179688,6326000,0.0,0.0
2015-01-02,692.1640014648438,701.6457001150471,682.6823028146405,692.1640014648438,1594400,0.0,0.0
2015-01-02,692.1639241536459,711.1273193359375,682.6822265625,711.1273193359375,2382400,0.0,0.0
2015-01-02,712.0755243545924,739.5724487304688,712.0755243545924,739.5724487304688,964800,0.0,0.0
2015-01-02,727.2462412516277,749.0541467911158,720.6090526091747,739.5724487304688,90800,0.0,0.0
2015-01-02,739.5724319458008,775.602883758545,712.0755081939698,758.5358276367188,1554000,0.0,0.0
2015-01-02,758.5358621987953,786.98095703125,758.5358621987953,786.98095703125,1053600,0.0,0.0
2015-01-02,782.2401078925076,786.98095703125,764.2248811652862,786.98095703125,692000,0.0,0.0
2015-01-02,786.9809344832304,786.9809344832304,744.3132934570312,744.3132934570312,255200,0.0,0.0
2015-01-02,746.2096043284346,777.4992065429688,736.7279066876666,777.4992065429688,2164800,0.0,0.0
2015-01-02,777.4992967688519,786.9809955099354,777.4992967688519,785.0846557617188,259600,0.0,0.0
2015-01-02,785.084564655583,786.9809041837366,768.0175089022008,777.4992065429688,120000,0.0,0.0
2015-01-02,758.5358999492821,775.602957698141,749.0542011999162,759.4840698242188,1627200,0.0,0.0
2015-01-02,759.4840698242188,759.4840698242188,759.4840698242188,759.4840698242188,75200,0.0,0.0
2015-01-02,759.4839810255097,777.4992065429688,758.5358112614329,777.4992065429688,602800,0.0,0.0
2015-01-02,760.4322481411886,775.6029663085938,760.4322481411886,775.6029663085938,7600,0.0,0.0
2015-01-02,775.6029663085938,775.6029663085938,763.276757797577,775.6029663085938,78400,0.0,0.0
2015-01-02,768.0175089022008,777.4992065429688,768.0175089022008,777.4992065429688,67200,0.0,0.0
2015-01-02,768.0175089022008,777.4992065429688,766.1211693740472,777.4992065429688,4202000,0.0,0.0
2015-01-02,786.98095703125,788.8772966867471,777.499258753765,786.98095703125,3144800,0.0,0.0
2015-01-02,777.4992221009497,785.0845803653493,760.4321660060509,773.70654296875,155600,0.0,0.0
2015-01-02,763.2766765594483,764.2248463439942,753.7949787139893,758.5358276367188,1345600,0.0,0.0
2015-01-02,764.2249594606,777.499338409047,750.0024105872637,768.0176391601562,68800,0.0,0.0
2015-01-02,767.0694191871224,794.5663452148438,754.7432109677991,794.5663452148438,74000,0.0,0.0
2015-01-02,796.4626713122352,796.4626713122352,781.2919537634307,783.1882934570312,686000,0.0,0.0
2015-01-02,783.188277720256,796.462655308735,783.188277720256,786.98095703125,744000,0.0,0.0
2015-01-02,786.9809483119419,796.462646484375,786.9809483119419,796.462646484375,1129200,0.0,0.0
2015-01-02,788.8773215080071,810.6852282323871,786.9809817928436,799.3071899414062,1152000,0.0,0.0
2015-01-02,799.307178773869,824.9077645708968,799.307178773869,823.9595947265625,609600,0.0,0.0
2015-01-02,823.0113431490385,867.5753214071085,823.0113431490385,862.83447265625,2968400,0.0,0.0
2015-01-02,862.8344236499202,914.0355872511242,862.8344236499202,909.2947387695312,1792400,0.0,0.0
2015-01-02,913.0875854492188,920.672944414529,896.9686976479345,913.0875854492188,1016400,0.0,0.0
2015-01-02,913.0875490467968,913.0875490467968,890.3314730580915,899.8131713867188,2342800,0.0,0.0
2015-01-02,909.2948070783071,914.9838256835938,893.1759210299952,914.9838256835938,1330800,0.0,0.0
2015-01-02,900.7614471979932,904.554126975669,893.1760876426417,903.60595703125,340800,0.0,0.0
2015-01-02,910.2430356460245,932.0509417083772,910.2430356460245,930.1546020507812,2061200,0.0,0.0
2015-01-02,932.0509869105925,937.7400061592838,910.2430797906092,933.9473266601562,3617200,0.0,0.0
2015-01-02,935.8436664097201,947.2217049071027,919.724778538428,933.9473266601562,951200,0.0,0.0
2015-01-02,943.4289141933314,1014.5416464189593,940.5844049043062,990.83740234375,3208000,0.0,0.0
2015-01-02,995.5783247514205,1061.950213068182,995.5783247514205,1042.98681640625,5526000,0.0,0.0
2015-01-02,1057.2092562075013,1066.690953572591,1024.0233154296875,1024.0233154296875,3505200,0.0,0.0
2015-01-02,1042.9867810400847,1042.9867810400847,995.5782909928081,1014.5416870117188,1328000,0.0,0.0
2015-01-02,1014.5417214133523,1047.727665571733,1005.0600230823865,1042.98681640625,3230400,0.0,0.0
2015-01-02,1047.727674571746,1061.950222190367,1019.282579334504,1033.505126953125,1384000,0.0,0.0
2015-01-02,1066.6910443987165,1080.913591657366,1047.7276480538503,1061.9501953125,2443200,0.0,0.0
2015-01-02,1061.9501953125,1071.431893484933,1052.468497140067,1061.9501953125,1947600,0.0,0.0
2015-01-02,1071.431893484933,1071.431893484933,1042.9867989676338,1061.9501953125,46400,0.0,0.0
2015-01-02,1042.9867101598668,1061.9501048900463,1024.0233154296875,1024.0233154296875,858000,0.0,0.0
2015-01-02,1042.9867101598668,1052.4684075249565,1005.0599206995081,1024.0233154296875,383200,0.0,0.0
2015-01-02,1042.98681640625,1042.98681640625,1019.2825705788352,1042.98681640625,326000,0.0,0.0
2015-01-02,1024.0232849121094,1024.0232849121094,952.9105567932129,986.0964965820312,4362800,0.0,0.0
2015-01-02,986.0964965820312,986.0964965820312,986.0964965820312,986.0964965820312,0,0.0,0.0
2015-01-02,986.0966306364155,1042.9868208654395,986.0966306364155,1038.2459716796875,718000,0.0,0.0
2015-01-02,1038.2458147732716,1042.986663242556,1005.0598754882812,1005.0598754882812,128800,0.0,0.0
2015-01-02,1005.0598907470703,1005.0598907470703,967.1331024169922,986.0964965820312,831600,0.0,0.0
2015-01-02,986.0965829981436,986.0965829981436,948.1697913443688,957.6514892578125,734800,0.0,0.0
2015-01-02,957.6514053344727,995.5781936645508,957.6514053344727,986.0964965820312,1527600,0.0,0.0
2015-01-02,1005.0600360923099,1033.505131453413,995.5783376386089,1028.7642822265625,913600,0.0,0.0
2015-01-02,1014.5418042559957,1033.5052024663883,995.5784060456033,1019.2826538085938,431200,0.0,0.0
2015-01-02,1038.2459672407672,1042.98681640625,1024.0234197443183,1042.98681640625,1434800,0.0,0.0
2015-01-02,1042.986682840527,1071.4317741907232,1038.2458342821608,1057.209228515625,1254400,0.0,0.0
2015-01-02,1042.986790479812,1076.1727338132605,1042.986790479812,1071.431884765625,4755600,0.0,0.0
2015-01-02,1071.43197842302,1104.6179246573613,1071.43197842302,1099.8770751953125,1120800,0.0,0.0
2015-01-02,1099.8768655409192,1099.8768655409192,1057.209228515625,1057.209228515625,332800,0.0,0.0
2015-01-02,1057.209363902699,1099.8770063920456,1042.98681640625,1042.98681640625,1189600,0.0,0.0
2015-01-02,1042.9869115408596,1042.9869115408596,1009.8009643554688,1009.8009643554688,220400,0.0,0.0
2015-01-02,995.5782233344183,1066.690953572591,995.5782233344183,1024.0233154296875,314000,0.0,0.0
2015-01-02,1042.9869015715844,1061.9502997819768,1005.0601051507995,1019.2826538085938,2585600,0.0,0.0
2015-01-02,1005.0599890022634,1038.245932035357,1005.0599890022634,1014.5416870117188,196000,0.0,0.0
2015-01-02,995.5781785497126,1014.5415724268499,957.6513907954378,1005.0598754882812,1609200,0.0,0.0
2015-01-02,1024.0235131492077,1024.0235131492077,1000.3192651596428,1009.8009643554688,158400,0.0,0.0
2015-01-02,1005.0600360923099,1028.7642822265625,1000.3191868654594,1028.7642822265625,618000,0.0,0.0
2015-01-02,1028.7641641122323,1042.9867101598668,1014.5416180645977,1024.0233154296875,1661200,0.0,0.0
2015-01-02,1024.0233154296875,1042.9867101598668,1005.0599206995081,1024.0233154296875,322000,0.0,0.0
2015-01-02,1042.9868208654395,1042.9868208654395,1024.0234241224314,1038.2459716796875,77200,0.0,0.0
2015-01-02,1005.0598754882812,1024.0232693654186,1005.0598754882812,1005.0598754882812,1283200,0.0,0.0
2015-01-02,995.5783645123668,1009.8009125768291,995.5783645123668,1000.3192138671875,683600,0.0,0.0
2015-01-02,1009.8007239575657,1033.5049663039874,1000.319027018997,1005.0598754882812,1375600,0.0,0.0
2015-01-02,1005.0600334616267,1033.5051287482765,967.1332397460936,967.1332397460938,623600,0.0,0.0
2015-01-02,986.0966275409587,1005.0600242244386,976.6149291992186,976.6149291992188,674400,0.0,0.0
2015-01-02,986.0965535287082,1014.5416464189593,986.0965535287082,990.83740234375,42000,0.0,0.0
2015-01-02,995.5781785497126,1005.0598754882812,995.5781785497126,1005.0598754882812,104400,0.0,0.0
2015-01-02,1014.5417257509275,1057.2093684226954,1009.8008765651755,1038.2459716796875,928000,0.0,0.0
2015-01-02,1042.986825365539,1057.20937298416,1014.5417301282971,1033.505126953125,942400,0.0,0.0
2015-01-02,1033.5051224939355,1047.7276700511914,1028.7642733081834,1038.2459716796875,1507200,0.0,0.0
2015-01-02,1047.7276567338822,1057.2093549848676,1042.9868076083897,1052.468505859375,1114400,0.0,0.0
2015-01-02,1061.950222190367,1066.691071396574,1033.505126953125,1033.505126953125,2791600,0.0,0.0
2015-01-02,1038.2459672407672,1061.950213068182,1005.0600230823865,1042.98681640625,180400,0.0,0.0
2015-01-02,1047.7276567338822,1052.468505859375,1038.2459584828969,1052.468505859375,1378000,0.0,0.0
2015-01-02,1038.2459806802635,1042.986829907114,1019.2825837728615,1028.7642822265625,3747600,0.0,0.0
2015-01-02,1033.5049857237948,1057.209228515625,1033.5049857237948,1057.209228515625,1580000,0.0,0.0
2015-01-02,1042.986690469457,1057.209236248586,1014.5415989111991,1047.7275390625,386800,0.0,0.0
2015-01-02,1052.468514737216,1052.468514737216,1033.5051180752841,1042.98681640625,1776800,0.0,0.0
2015-01-02,1024.0235033611918,1033.5052024663883,1019.2826538085939,1019.2826538085938,1684000,0.0,0.0
2015-01-02,1024.0233154296875,1024.0233154296875,1014.5416180645977,1024.0233154296875,1371600,0.0,0.0
2015-01-02,1024.0233154296875,1042.9867101598668,1009.800769382053,1024.0233154296875,701200,0.0,0.0
2015-01-02,1024.0233154296875,1033.5050127947773,1024.0233154296875,1024.0233154296875,1288800,0.0,0.0
2015-01-02,1019.2824667471426,1042.9867101598668,1019.2824667471426,1024.0233154296875,2062400,0.0,0.0
2015-01-02,1024.0233525815217,1028.7642014360658,981.355712890625,981.355712890625,1057200,0.0,0.0
2015-01-02,986.0966703869049,1009.8009172712054,967.1332728794644,995.578369140625,760400,0.0,0.0
2015-01-02,995.5784388950893,1005.0601383131378,919.7248435507016,929.20654296875,2656800,0.0,0.0
2015-01-02,929.2065010070802,952.9107484817506,891.2797050476075,910.2431030273438,276000,0.0,0.0
2015-01-02,929.2064726858429,952.9107194380326,929.2064726858429,938.6881713867188,280800,0.0,0.0
2015-01-02,938.6880918485344,938.6880918485344,929.2063939510745,932.0509033203125,544400,0.0,0.0
2015-01-02,934.895394116093,986.0965617451691,934.895394116093,981.355712890625,2306800,0.0,0.0
2015-01-02,971.8741222563244,995.578369140625,967.1332728794644,995.578369140625,178000,0.0,0.0
2015-01-02,995.5784060456033,1019.2826538085939,986.096706940407,1019.2826538085938,300800,0.0,0.0
2015-01-02,1019.2826635512947,1028.7643627471207,995.5784155617297,1009.8009643554688,864800,0.0,0.0
2015-01-02,1009.8008430917884,1076.1727294921875,1009.8008430917884,1076.1727294921875,1256800,0.0,0.0
2015-01-02,1076.1727294921875,1080.9135785207875,1061.9501824063877,1076.1727294921875,990000,0.0,0.0
2015-01-02,1057.2093333777877,1080.9135785207875,1052.4684843491877,1076.1727294921875,858400,0.0,0.0
2015-01-02,1061.9501909722221,1076.172738172743,1042.986794704861,1066.6910400390625,1946400,0.0,0.0
2015-01-02,1066.6910400390625,1066.6910400390625,1066.6910400390625,1066.6910400390625,0,0.0,0.0
2015-01-02,1066.6910400390625,1066.6910400390625,1066.6910400390625,1066.6910400390625,0,0.0,0.0
2015-01-02,1137.8038376046024,1156.7672348980125,1123.581289634545,1133.06298828125,1735200,0.0,0.0
2015-01-02,1133.0631052652993,1137.803955078125,1114.0997060139973,1137.803955078125,485200,0.0,0.0
2015-01-02,1137.8039301658164,1161.5081787109375,1137.8039301658164,1161.5081787109375,2352800,0.0,0.0
2015-01-02,1166.2489335447176,1175.7306321914225,1123.581289634545,1133.06298828125,1038800,0.0,0.0
2015-01-02,1137.803955078125,1152.0265045166016,1109.3588562011719,1137.803955078125,1728800,0.0,0.0
2015-01-02,1137.8036949282787,1156.76708984375,1118.8403000128073,1156.76708984375,3461200,0.0,0.0
2015-01-02,1156.7670819042175,1166.248779296875,1137.8036871189024,1166.248779296875,4341200,0.0,0.0
2015-01-02,1166.2488752092634,1194.6939697265625,1161.5080261230469,1194.6939697265625,8209600,0.0,0.0
2015-01-02,1189.9531035423279,1223.1390466690063,1189.9531035423279,1213.6573486328125,4364400,0.0,0.0
2015-01-02,1218.3982196215138,1223.1390687250996,1137.8037848605577,1189.953125,1590800,0.0,0.0
2015-01-02,1189.953120640346,1213.6573660714284,1185.2122715541295,1194.6939697265625,2918000,0.0,0.0
2015-01-02,1175.7305952682186,1175.7305952682186,1137.8038018724696,1170.98974609375,824400,0.0,0.0
2015-01-02,1170.989878128986,1180.4715775470345,1161.5081787109375,1161.5081787109375,148000,0.0,0.0
2015-01-02,1161.5079466764591,1161.5079466764591,1137.8037028667354,1147.285400390625,127200,0.0,0.0
2015-01-02,1147.2853963718492,1170.9896400985403,1142.544547626511,1152.0262451171875,64000,0.0,0.0
2015-01-02,1170.98974609375,1170.98974609375,1152.0263493958755,1170.98974609375,148800,0.0,0.0
2015-01-02,1180.4715576171875,1213.6575050200804,1175.730707988203,1180.4715576171875,3696800,0.0,0.0
2015-01-02,1170.9898583592183,1194.6941065041417,1152.0264598432796,1180.4715576171875,2267600,0.0,0.0
2015-01-02,1180.4715576171875,1180.4715576171875,1180.4715576171875,1180.4715576171875,0,0.0,0.0
2015-01-02,1180.4714399768459,1180.4714399768459,1161.508043350712,1175.7305908203125,2426000,0.0,0.0
2015-01-02,1175.7305908203125,1175.7305908203125,1175.7305908203125,1175.7305908203125,0,0.0,0.0
2015-01-02,1175.7305908203125,1175.7305908203125,1175.7305908203125,1175.7305908203125,0,0.0,0.0
2015-01-02,1175.7305908203125,1175.7305908203125,1175.7305908203125,1175.7305908203125,0,0.0,0.0
2015-01-02,1175.7305908203125,1175.7305908203125,1175.7305908203125,1175.7305908203125,0,0.0,0.0
2015-01-02,1175.7305908203125,1175.7305908203125,1175.7305908203125,1175.7305908203125,0,0.0,0.0
2015-01-02,1204.1757860749135,1204.1757860749135,1185.2123878690095,1199.4349365234375,16,0.0,0.0
2015-01-02,1199.434917524167,1218.3983154296875,1185.2123690950268,1218.3983154296875,630400,0.0,0.0
2015-01-02,1218.398184875724,1232.620731780888,1199.4347890021718,1227.8798828125,1062800,0.0,0.0
2015-01-02,1270.5475105110925,1270.5475105110925,1232.6207191525525,1242.1024169921875,3077600,0.0,0.0
2015-01-02,1242.1025437395233,1242.1025437395233,1204.1757485108358,1237.3616943359375,920000,0.0,0.0
2015-01-02,1237.3616536458333,1294.2518446180557,1213.6574074074074,1280.029296875,13660800,0.0,0.0
2015-01-02,1280.0293059847247,1294.2518538289996,1251.5842102961753,1270.547607421875,2329600,0.0,0.0
2015-01-02,1270.547607421875,1270.547607421875,1208.9165667633513,1270.547607421875,3024800,0.0,0.0
2015-01-02,1270.5476401610392,1270.5476401610392,1218.3982967215936,1237.3616943359375,88800,0.0,0.0
2015-01-02,1237.361713335208,1237.361713335208,1213.6574659533076,1218.3983154296875,519200,0.0,0.0
2015-01-02,1218.3981976509094,1227.8798956871033,1189.9531035423279,1213.6573486328125,1003200,0.0,0.0
2015-01-02,1213.6574337121212,1265.8067765669389,1204.1757350112453,1251.584228515625,774000,0.0,0.0
2015-01-02,1251.584228515625,1251.584228515625,1223.1391324129972,1251.584228515625,492000,0.0,0.0
2015-01-02,1270.547607421875,1284.7701552661497,1261.0659088590253,1270.547607421875,212800,0.0,0.0
2015-01-02,1280.0293059847247,1280.0293059847247,1261.0659088590253,1270.547607421875,342400,0.0,0.0
2015-01-02,1270.547607421875,1280.0293059847247,1232.6208131704757,1270.547607421875,241200,0.0,0.0
2015-01-02,1256.3250595776003,1270.547607421875,1251.5842102961753,1270.547607421875,315200,0.0,0.0
2015-01-02,1280.0293059847247,1280.0293059847247,1261.0659088590253,1270.547607421875,617200,0.0,0.0
2015-01-02,1265.80675814045,1270.547607421875,1261.0659088590253,1270.547607421875,791200,0.0,0.0
2015-01-02,1270.547497788915,1270.547497788915,1246.8432534271815,1256.324951171875,220000,0.0,0.0
2015-01-02,1256.324951171875,1256.324951171875,1218.3981601931014,1256.324951171875,742800,0.0,0.0
2015-01-02,1251.5843404898967,1261.0660400390625,1251.5843404898967,1261.0660400390625,16,0.0,0.0
2015-01-02,1251.5842331570816,1261.0659318931203,1242.1025344210432,1246.8433837890625,16,0.0,0.0
2015-01-02,1242.1024169921875,1256.3249637516399,1242.1024169921875,1242.1024169921875,40000,0.0,0.0
2015-01-02,1242.102529814749,1261.065927216501,1213.6574337121212,1251.584228515625,168800,0.0,0.0
2015-01-02,1232.620831113873,1251.584228515625,1223.1391324129972,1251.584228515625,126800,0.0,0.0
2015-01-02,1232.620831113873,1251.584228515625,1223.1391324129972,1251.584228515625,380000,0.0,0.0
2015-01-02,1242.1025344210432,1246.8433837890625,1232.6208356850047,1246.8433837890625,567600,0.0,0.0
2015-01-02,1227.8799955287654,1242.1025437395233,1213.6574473180076,1237.3616943359375,16,0.0,0.0
2015-01-02,1232.6207447052002,1242.102442741394,1213.6573486328125,1213.6573486328125,4400000,0.0,0.0
2015-01-02,1213.6573486328125,1218.3981976509094,1208.9164996147156,1213.6573486328125,1844000,0.0,0.0
2015-01-02,1218.3983013446516,1232.620849609375,1208.9166025015024,1232.620849609375,1615200,0.0,0.0
2015-01-02,1232.620849609375,1242.1025484525242,1213.657451923077,1232.620849609375,558000,0.0,0.0
2015-01-02,1232.6208356850047,1246.8433837890625,1218.398287580947,1246.8433837890625,1265600,0.0,0.0
2015-01-02,1246.8433791651871,1251.584228515625,1213.6574337121212,1251.584228515625,550000,0.0,0.0
2015-01-02,1251.5841276544402,1251.5841276544402,1227.8798828125,1227.8798828125,1020000,0.0,0.0
2015-01-02,1227.8800001878005,1251.584247295673,1223.139150766226,1232.620849609375,1460800,0.0,0.0
2015-01-02,1227.8798870707667,1227.8798870707667,1223.1390380859375,1223.1390380859375,476000,0.0,0.0
2015-01-02,1223.139136948966,1251.5842331570816,1213.6574382129277,1246.8433837890625,1583200,0.0,0.0
2015-01-02,1246.8432659120049,1246.8432659120049,1242.1024169921875,1242.1024169921875,867600,0.0,0.0
2015-01-02,1242.1025484525242,1242.1025484525242,1223.139150766226,1232.620849609375,803600,0.0,0.0
2015-01-02,1227.8800001878005,1232.620849609375,1218.3983013446516,1232.620849609375,102000,0.0,0.0
2015-01-02,1232.620736055596,1232.620736055596,1218.3981891011083,1223.1390380859375,2250800,0.0,0.0
2015-01-02,1218.3983013446516,1251.584247295673,1189.9532048152043,1232.620849609375,1566000,0.0,0.0
2015-01-02,1232.620849609375,1232.620849609375,1213.657451923077,1232.620849609375,687600,0.0,0.0
2015-01-02,1213.6574659533076,1218.3983154296875,1185.2123690950268,1218.3983154296875,4375200,0.0,0.0
2015-01-02,1218.3983154296875,1227.8800143824478,1199.434917524167,1218.3983154296875,706800,0.0,0.0
2015-01-02,1213.657451923077,1251.584247295673,1194.6940542367788,1232.620849609375,1461200,0.0,0.0
2015-01-02,1232.620863858828,1246.8434122879682,1213.6574659533076,1218.3983154296875,2038000,0.0,0.0
2015-01-02,1218.3982019761029,1218.3982019761029,1194.6939568014707,1208.91650390625,2078000,0.0,0.0
2015-01-02,1208.91650390625,1208.91650390625,1199.4348058363971,1208.91650390625,1083200,0.0,0.0
2015-01-02,1208.916462448408,1256.324951171875,1208.916462448408,1256.324951171875,7386800,0.0,0.0
2015-01-02,1261.065927216501,1270.547625917377,1213.6574337121212,1251.584228515625,4820400,0.0,0.0
2015-01-02,1232.620849609375,1251.584247295673,1213.657451923077,1232.620849609375,3133200,0.0,0.0
2015-01-02,1242.1026359872426,1289.5111335440074,1232.6209364758895,1265.806884765625,4984000,0.0,0.0
2015-01-02,1265.806616479224,1298.9925577352335,1265.806616479224,1294.251708984375,7836800,0.0,0.0
2015-01-02,1298.992873336738,1346.4013723636263,1294.252023434049,1341.6605224609375,2502800,0.0,0.0
2015-01-02,1346.401131704344,1351.1419807596408,1308.474339261968,1336.91943359375,1906800,0.0,0.0
2015-01-02,1327.4377618319747,1327.4377618319747,1261.065873740376,1308.474365234375,4322000,0.0,0.0
2015-01-02,1308.474365234375,1317.9560635331748,1294.2518177861753,1308.474365234375,3683200,0.0,0.0
2015-01-02,1308.4743741446168,1308.4743741446168,1298.99267578125,1298.99267578125,120000,0.0,0.0
2015-01-02,1298.9926496233259,1327.437744140625,1298.9926496233259,1327.437744140625,611200,0.0,0.0
2015-01-02,1327.4376339688629,1327.4376339688629,1308.4742391978791,1313.215087890625,187600,0.0,0.0
2015-01-02,1313.2151968819753,1336.919442313058,1313.2151968819753,1327.437744140625,3520400,0.0,0.0
2015-01-02,1327.437744140625,1346.401140485491,1289.510951450893,1327.437744140625,789200,0.0,0.0
2015-01-02,1308.4743741446168,1308.4743741446168,1280.0292790545166,1298.99267578125,2735200,0.0,0.0
2015-01-02,1298.9925658729244,1298.9925658729244,1270.5474731895758,1284.77001953125,1121200,0.0,0.0
2015-01-02,1298.9927031104244,1298.9927031104244,1265.80675814045,1270.547607421875,1322400,0.0,0.0
2015-01-02,1270.5477345213014,1308.4745325667136,1261.0660350099486,1265.806884765625,874000,0.0,0.0
2015-01-02,1246.8433837890625,1261.0659318931203,1237.3616850530238,1246.8433837890625,1040000,0.0,0.0
2015-01-02,1246.8433978740986,1270.5476449819712,1227.8800001878005,1232.620849609375,2524400,0.0,0.0
2015-01-02,1251.5841276544402,1256.3249766228282,1213.657335907336,1227.8798828125,2773600,0.0,0.0
2015-01-02,1251.5843020519578,1251.5843020519578,1180.4715576171875,1180.4715576171875,2634400,0.0,0.0
2015-01-02,1194.6940497036637,1246.8433931431093,1194.6940497036637,1237.3616943359375,5415600,0.0,0.0
2015-01-02,1237.3616850530238,1251.5842331570816,1237.3616850530238,1246.8433837890625,1967200,0.0,0.0
2015-01-02,1251.5841022995282,1265.8066489165683,1242.102404554835,1256.324951171875,12037200,0.0,0.0
2015-01-02,1256.3250778660629,1256.3250778660629,1185.2123376094935,1251.584228515625,6850800,0.0,0.0
2015-01-02,1251.584228515625,1256.3250778660629,1208.9165843616834,1251.584228515625,926400,0.0,0.0
2015-01-02,1246.8434122879682,1246.8434122879682,1194.6940680477871,1218.3983154296875,4243200,0.0,0.0
2015-01-02,1218.3982151576452,1223.1390642438616,1189.953120640346,1194.6939697265625,2120000,0.0,0.0
2015-01-02,1194.69385546875,1204.175552734375,1180.4713095703125,1185.212158203125,1314000,0.0,0.0
2015-01-02,1189.9530227785187,1204.175568867505,1128.321989726245,1166.248779296875,4357200,0.0,0.0
2015-01-02,1185.212321301219,1185.212321301219,1137.8038284491702,1142.544677734375,2562400,0.0,0.0
2015-01-02,1142.5445205078124,1185.212158203125,1137.803671875,1185.212158203125,2066800,0.0,0.0
2015-01-02,1185.2122891333795,1185.2122891333795,1156.7671941941783,1175.7305908203125,847200,0.0,0.0
2015-01-02,1166.2490539550781,1166.2490539550781,1137.803955078125,1137.803955078125,549200,0.0,0.0
2015-01-02,1156.767354329427,1161.5082041422525,1128.3222554524739,1137.803955078125,1552000,0.0,0.0
2015-01-02,1137.8037975680443,1175.7305908203125,1118.8404009419103,1175.7305908203125,1652000,0.0,0.0
2015-01-02,1175.730622730809,1175.730622730809,1142.544677734375,1142.544677734375,120400,0.0,0.0
2015-01-02,1142.5447203537512,1142.5447203537512,1095.1362257332637,1099.8770751953125,2127200,0.0,0.0
2015-01-02,1109.3587789163962,1118.8404778814936,1028.7643377130682,1095.13623046875,9854000,0.0,0.0
2015-01-02,1066.690925632357,1085.6543198658212,1042.986682840527,1057.209228515625,3922800,0.0,0.0
2015-01-02,1057.209363902699,1057.209363902699,1033.5051180752841,1042.98681640625,4091600,0.0,0.0
2015-01-02,1042.986663242556,1042.986663242556,1000.319027018997,1005.0598754882812,2433200,0.0,0.0
2015-01-02,1005.0598907470703,1005.0598907470703,976.6147994995117,986.0964965820312,2980800,0.0,0.0
2015-01-02,986.0965259693287,1024.0233154296875,976.6148286042389,1024.0233154296875,2898800,0.0,0.0
2015-01-02,1033.505088234788,1076.1727294921875,1014.5416921203882,1076.1727294921875,1743600,0.0,0.0
2015-01-02,1080.913619015195,1099.877015840023,1033.505126953125,1033.505126953125,3207200,0.0,0.0
2015-01-02,1033.5052024663883,1057.2094502293787,981.3558573878089,1019.2826538085938,2535200,0.0,0.0
2015-01-02,1019.2826112864707,1024.0234606412914,990.8375151575459,1000.3192138671875,405600,0.0,0.0
2015-01-02,1000.3192185174852,1009.8009172712054,990.8375197637649,995.578369140625,1464400,0.0,0.0
2015-01-02,1009.8009643554688,1024.0235131492077,1000.3192651596428,1009.8009643554688,3024400,0.0,0.0
2015-01-02,1009.8008809220901,1033.505126953125,1009.8008809220901,1033.505126953125,1285200,0.0,0.0
2015-01-02,1057.209228515625,1061.950077073991,1038.2458342821608,1057.209228515625,860400,0.0,0.0
2015-01-02,1071.4318761992874,1080.91357421875,1052.4684801603619,1080.91357421875,2315600,0.0,0.0
2015-01-02,1080.9135872395832,1080.9135872395832,1057.209341905382,1066.6910400390625,1200800,0.0,0.0
2015-01-02,1061.9502704326924,1114.0996140700122,1061.9502704326924,1109.3587646484375,1114000,0.0,0.0
2015-01-02,1114.0997060139973,1156.767354329427,1114.0997060139973,1137.803955078125,1106800,0.0,0.0
2015-01-02,1137.8038284491702,1156.7672255899897,1118.8404313083506,1142.544677734375,2702000,0.0,0.0
2015-01-02,1137.8037806919642,1194.6939697265625,1137.8037806919642,1194.6939697265625,6613200,0.0,0.0
2015-01-02,1194.6939525604248,1213.6573486328125,1189.9531035423279,1213.6573486328125,9021600,0.0,0.0
2015-01-02,1213.6574803149606,1213.6574803149606,1185.2123831200788,1204.17578125,2560800,0.0,0.0
2015-01-02,1204.17578125,1213.6574803149606,1194.6940821850394,1204.17578125,2695200,0.0,0.0
2015-01-02,1204.17578125,1208.9166307824803,1194.6940821850394,1204.17578125,15392400,0.0,0.0
2015-01-02,1204.17578125,1204.17578125,1194.6940821850394,1204.17578125,9772800,0.0,0.0
2015-01-02,1204.1756548713236,1208.91650390625,1199.4348058363971,1208.91650390625,2465200,0.0,0.0
2015-01-02,1213.6573529411764,1213.6573529411764,1204.1756548713236,1208.91650390625,110400,0.0,0.0
2015-01-02,1208.91650390625,1208.91650390625,1204.1756548713236,1208.91650390625,3930000,0.0,0.0
2015-01-02,1208.9166164769274,1223.1391649060677,1208.9166164769274,1218.3983154296875,2547600,0.0,0.0
2015-01-02,1223.1391649060677,1223.1391649060677,1213.6574659533076,1218.3983154296875,2417200,0.0,0.0
2015-01-02,1213.6573486328125,1223.1390466690063,1208.9164996147156,1213.6573486328125,2455600,0.0,0.0
2015-01-02,1213.6573486328125,1218.3981976509094,1208.9164996147156,1213.6573486328125,4010000,0.0,0.0
2015-01-02,1213.6573486328125,1218.3981976509094,1213.6573486328125,1213.6573486328125,4412800,0.0,0.0
2015-01-02,1213.6573486328125,1223.1390466690063,1213.6573486328125,1213.6573486328125,1322800,0.0,0.0
2015-01-02,1213.6573486328125,1218.3981976509094,1208.9164996147156,1213.6573486328125,1054000,0.0,0.0
2015-01-02,1213.6573660714284,1213.6573660714284,1185.2122715541295,1194.6939697265625,2240800,0.0,0.0
2015-01-02,1189.953120640346,1194.6939697265625,1189.953120640346,1194.6939697265625,56400,0.0,0.0
2015-01-02,1194.6939525604248,1218.3981976509094,1194.6939525604248,1213.6573486328125,4238800,0.0,0.0
2015-01-02,1213.657340116279,1232.620736055596,1213.657340116279,1223.1390380859375,1739200,0.0,0.0
2015-01-02,1223.1391324129972,1251.584228515625,1223.1391324129972,1251.584228515625,1790000,0.0,0.0
2015-01-02,1251.584228515625,1251.584228515625,1242.102529814749,1251.584228515625,4172800,0.0,0.0
2015-01-02,1251.5841022995282,1261.0658000442218,1213.6573113207546,1256.324951171875,487200,0.0,0.0
2015-01-02,1256.3250967172476,1256.3250967172476,1218.3983013446516,1232.620849609375,185600,0.0,0.0
2015-01-02,1232.620878444882,1232.620878444882,1204.17578125,1204.17578125,54000,0.0,0.0
2015-01-02,1204.1756548713236,1213.6573529411764,1204.1756548713236,1208.91650390625,85600,0.0,0.0
2015-01-02,1218.3981891011083,1232.620736055596,1213.657340116279,1223.1390380859375,1782800,0.0,0.0
2015-01-02,1223.1390466690063,1223.1390466690063,1185.212254524231,1213.6573486328125,172000,0.0,0.0
2015-01-02,1213.657340116279,1232.620736055596,1213.657340116279,1223.1390380859375,598400,0.0,0.0
2015-01-02,1204.17578125,1232.620878444882,1194.6940821850394,1204.17578125,679600,0.0,0.0
2015-01-02,1194.6938796746927,1194.6938796746927,1156.76708984375,1156.76708984375,922800,0.0,0.0
2015-01-02,1156.7671941941783,1218.398233229114,1142.544646724578,1175.7305908203125,1483200,0.0,0.0
2015-01-02,1175.7305908203125,1223.1390823856475,1156.7671941941783,1175.7305908203125,7890800,0.0,0.0
2015-01-02,1185.212158203125,1194.69385546875,1185.212158203125,1185.212158203125,2980000,0.0,0.0
2015-01-02,1185.212158203125,1194.69385546875,1180.4713095703125,1185.212158203125,1990400,0.0,0.0
2015-01-02,1180.4715576171875,1185.2124072461722,1166.2490087302335,1180.4715576171875,16,0.0,0.0
2015-01-02,1156.7670819042175,1175.7304766895325,1156.7670819042175,1166.248779296875,230800,0.0,0.0
2015-01-02,1170.9897242954798,1194.6939697265625,1170.9897242954798,1194.6939697265625,6244000,0.0,0.0
2015-01-02,1194.6938796746927,1194.6938796746927,1156.76708984375,1156.76708984375,82400,0.0,0.0
2015-01-02,1175.7304766895325,1175.7304766895325,1166.248779296875,1166.248779296875,266800,0.0,0.0
2015-01-02,1166.2488925072455,1175.7305908203125,1166.2488925072455,1175.7305908203125,246800,0.0,0.0
2015-01-02,1175.7305908203125,1175.7305908203125,1175.7305908203125,1175.7305908203125,7600,0.0,0.0
2015-01-02,1175.730556488037,1213.6573486328125,1175.730556488037,1213.6573486328125,81200,0.0,0.0
2015-01-02,1213.6573705179283,1213.6573705179283,1175.730577689243,1189.953125,599200,0.0,0.0
2015-01-02,1185.2122715541295,1194.6939697265625,1185.2122715541295,1194.6939697265625,81600,0.0,0.0
2015-01-02,1194.6939697265625,1199.434818812779,1185.2122715541295,1194.6939697265625,5478000,0.0,0.0
2015-01-02,1194.6939697265625,1213.6573660714284,1189.953120640346,1194.6939697265625,4418400,0.0,0.0
2015-01-02,1199.4349317175197,1232.620878444882,1199.4349317175197,1204.17578125,6158000,0.0,0.0
2015-01-02,1223.1390687250996,1223.1390687250996,1185.2122758964142,1189.953125,1092000,0.0,0.0
2015-01-02,1189.953125,1194.6939741035856,1189.953125,1189.953125,454800,0.0,0.0
2015-01-02,1189.953125,1204.175672310757,1189.953125,1189.953125,224000,0.0,0.0
2015-01-02,1204.175672310757,1223.1390687250996,1185.2122758964142,1189.953125,70800,0.0,0.0
2015-01-02,1213.6573840725805,1213.6573840725805,1166.2488925072455,1175.7305908203125,189600,0.0,0.0
2015-01-02,1175.7304766895325,1175.7304766895325,1147.2853845115599,1166.248779296875,1044800,0.0,0.0
2015-01-02,1156.7670979145144,1156.7670979145144,1137.8037028667354,1147.285400390625,306800,0.0,0.0
2015-01-02,1147.2854958811113,1213.6573840725805,1137.8037975680443,1175.7305908203125,5409600,0.0,0.0
2015-01-02,1175.7307278380104,1175.7307278380104,1137.8039301658164,1161.5081787109375,41600,0.0,0.0
2015-01-02,1170.98974609375,1170.98974609375,1137.8038018724696,1170.98974609375,73200,0.0,0.0
2015-01-02,1185.2122758964142,1189.953125,1170.9897285856573,1189.953125,121200,0.0,0.0
2015-01-02,1194.69385546875,1194.69385546875,1166.248763671875,1185.212158203125,1111600,0.0,0.0
2015-01-02,1185.2122715541295,1194.6939697265625,1156.7671770368304,1194.6939697265625,5288400,0.0,0.0
2015-01-02,1194.693944176962,1227.8798870707667,1161.5080012831577,1223.1390380859375,3112400,0.0,0.0
2015-01-02,1223.1390380859375,1242.1024340252543,1223.1390380859375,1223.1390380859375,2326000,0.0,0.0
2015-01-02,1223.1390380859375,1223.1390380859375,1223.1390380859375,1223.1390380859375,0,0.0,0.0
2015-01-02,1223.1390642438616,1223.1390642438616,1175.7305733816963,1194.6939697265625,1910400,0.0,0.0
2015-01-02,1194.6938796746927,1194.6938796746927,1156.76708984375,1156.76708984375,380400,0.0,0.0
2015-01-02,1175.730753580729,1175.730753580729,1137.803955078125,1137.803955078125,1244800,0.0,0.0
2015-01-02,1137.8038284491702,1142.544677734375,1133.0629791639653,1142.544677734375,1289600,0.0,0.0
2015-01-02,1142.544547626511,1156.7670938625256,1142.544547626511,1152.0262451171875,1119600,0.0,0.0
2015-01-02,1152.0262491525698,1156.7670979145144,1147.285400390625,1147.285400390625,139200,0.0,0.0
2015-01-02,1147.2854958811113,1180.4714399768459,1147.2854958811113,1175.7305908203125,759600,0.0,0.0
2015-01-02,1175.7305952682186,1175.7305952682186,1170.98974609375,1170.98974609375,504000,0.0,0.0
2015-01-02,1147.285500221407,1175.7305952682186,1147.285500221407,1170.98974609375,3618000,0.0,0.0
2015-01-02,1170.98974609375,1170.98974609375,1166.2488969192814,1170.98974609375,428800,0.0,0.0
2015-01-02,1170.9896442003487,1170.9896442003487,1147.285400390625,1147.285400390625,43200,0.0,0.0
2015-01-02,1147.2853923860143,1156.76708984375,1147.2853923860143,1156.76708984375,188800,0.0,0.0
2015-01-02,1156.76708984375,1156.76708984375,1147.2853923860143,1156.76708984375,319600,0.0,0.0
2015-01-02,1156.7673290019134,1161.5081787109375,1156.7673290019134,1161.5081787109375,75200,0.0,0.0
2015-01-02,1161.5079306005462,1166.248779296875,1161.5079306005462,1166.248779296875,22000,0.0,0.0
2015-01-02,1166.248763671875,1194.69385546875,1166.248763671875,1185.212158203125,237600,0.0,0.0
2015-01-02,1185.2122891333795,1185.2122891333795,1175.7305908203125,1175.7305908203125,136800,0.0,0.0
2015-01-02,1175.7304609375,1194.69385546875,1175.7304609375,1185.212158203125,262400,0.0,0.0
2015-01-02,1185.2122891333795,1185.2122891333795,1175.7305908203125,1175.7305908203125,143200,0.0,0.0
2015-01-02,1175.7305733816963,1194.6939697265625,1175.7305733816963,1194.6939697265625,318800,0.0,0.0
2015-01-02,1223.1390380859375,1223.1390380859375,1180.4713972224745,1223.1390380859375,813200,0.0,0.0
2015-01-02,1223.1391842808177,1223.1391842808177,1194.6940869719615,1199.4349365234375,57200,0.0,0.0
2015-01-02,1185.2122587316176,1208.91650390625,1175.7305606617647,1208.91650390625,88000,0.0,0.0
2015-01-02,1208.91650390625,1208.91650390625,1185.2122587316176,1208.91650390625,3700400,0.0,0.0
2015-01-02,1208.91650390625,1213.6573529411764,1204.1756548713236,1208.91650390625,914400,0.0,0.0
2015-01-02,1213.6574659533076,1223.1391649060677,1189.953218571407,1218.3983154296875,5280800,0.0,0.0
2015-01-02,1218.3983013446516,1242.1025484525242,1218.3983013446516,1232.620849609375,752000,0.0,0.0
2015-01-02,1232.6207490808824,1232.6207490808824,1208.91650390625,1208.91650390625,44800,0.0,0.0
2015-01-02,1208.9166164769274,1218.3983154296875,1204.1757670005472,1218.3983154296875,1386400,0.0,0.0
2015-01-02,1218.3983013446516,1237.3616990309497,1204.175753079928,1232.620849609375,3748000,0.0,0.0
2015-01-02,1232.6208131704757,1275.2884567033,1223.139114607626,1270.547607421875,2450000,0.0,0.0
2015-01-02,1270.547607421875,1270.547607421875,1270.547607421875,1270.547607421875,0,0.0,0.0
2015-01-02,1270.547625917377,1270.547625917377,1237.3616804643111,1251.584228515625,1243600,0.0,0.0
2015-01-02,1251.584228515625,1251.584228515625,1251.584228515625,1251.584228515625,903600,0.0,0.0
2015-01-02,1256.324951171875,1256.324951171875,1256.324951171875,1256.324951171875,6800,0.0,0.0
2015-01-02,1256.3250418270334,1289.510986328125,1251.5841926125918,1289.510986328125,8772400,0.0,0.0
2015-01-02,1289.5109730113638,1308.4743696732955,1280.0292746803977,1303.7335205078125,2189600,0.0,0.0
2015-01-02,1303.7334987095423,1346.401140485491,1303.7334987095423,1327.437744140625,1844400,0.0,0.0
2015-01-02,1327.437744140625,1336.919442313058,1327.437744140625,1327.437744140625,66400,0.0,0.0
2015-01-02,1327.437744140625,1332.1785932268415,1327.437744140625,1327.437744140625,1098400,0.0,0.0
2015-01-02,1327.4377269476233,1346.401123046875,1308.4743308483714,1346.401123046875,780800,0.0,0.0
2015-01-02,1355.8828386579241,1355.8828386579241,1327.437744140625,1327.437744140625,989200,0.0,0.0
2015-01-02,1322.6968779228102,1351.141972071688,1322.6968779228102,1346.401123046875,536800,0.0,0.0
2015-01-02,1346.4013723636263,1346.4013723636263,1332.1788226555598,1341.6605224609375,104800,0.0,0.0
2015-01-02,1341.6604099477313,1346.401259452847,1298.9927644016902,1332.1787109375,4311200,0.0,0.0
2015-01-02,1327.437744140625,1327.437744140625,1327.437744140625,1327.437744140625,242400,0.0,0.0
2015-01-02,1327.437744140625,1332.1785932268415,1298.9926496233259,1327.437744140625,12400,0.0,0.0
2015-01-02,1322.6968994140625,1327.437748515905,1308.474352108535,1322.6968994140625,281600,0.0,0.0
2015-01-02,1313.2151968819753,1327.437744140625,1313.2151968819753,1327.437744140625,203600,0.0,0.0
2015-01-02,1327.437744140625,1341.6602913992745,1308.4743477957588,1327.437744140625,48400,0.0,0.0
2015-01-02,1327.437744140625,1332.1785932268415,1308.4743477957588,1327.437744140625,241200,0.0,0.0
2015-01-02,1336.919442313058,1355.8828386579241,1289.510951450893,1327.437744140625,1000000,0.0,0.0
2015-01-02,1317.956045968192,1327.437744140625,1308.4743477957588,1327.437744140625,5912800,0.0,0.0
2015-01-02,1327.437748515905,1327.437748515905,1317.95605031222,1322.6968994140625,3685600,0.0,0.0
2015-01-02,1308.474365234375,1308.474365234375,1303.7335160849752,1308.474365234375,1517600,0.0,0.0
2015-01-02,1327.437744140625,1327.437744140625,1280.0292532784597,1327.437744140625,14543200,0.0,0.0
2015-01-02,1327.437748515905,1327.437748515905,1308.474352108535,1322.6968994140625,33200,0.0,0.0
2015-01-02,1317.95605031222,1327.437748515905,1280.0292574974799,1322.6968994140625,1598800,0.0,0.0
2015-01-02,1322.6968994140625,1327.437748515905,1317.95605031222,1322.6968994140625,272800,0.0,0.0
2015-01-02,1327.437744140625,1327.437744140625,1313.2151968819753,1327.437744140625,954800,0.0,0.0
2015-01-02,1327.437748515905,1327.437748515905,1270.5475592937948,1322.6968994140625,21779200,0.0,0.0
2015-01-02,1322.6968994140625,1327.437748515905,1298.99265390485,1322.6968994140625,735200,0.0,0.0
2015-01-02,1322.6968950544085,1365.364536830357,1317.956045968192,1327.437744140625,620400,0.0,0.0
2015-01-02,1327.4377269476233,1346.401123046875,1322.6968779228102,1346.401123046875,263600,0.0,0.0
2015-01-02,1346.401140485491,1346.401140485491,1322.6968950544085,1327.437744140625,1689200,0.0,0.0
2015-01-02,1327.437744140625,1327.437744140625,1327.437744140625,1327.437744140625,0,0.0,0.0
2015-01-02,1327.437748515905,1327.437748515905,1298.99265390485,1322.6968994140625,539600,0.0,0.0
2015-01-02,1322.6969308292164,1322.6969308292164,1289.510986328125,1289.510986328125,55600,0.0,0.0
2015-01-02,1280.029228583916,1365.3645104895104,1280.029228583916,1355.8828125,1299200,0.0,0.0
2015-01-02,1355.8828125,1370.1053594842656,1308.4743225524476,1355.8828125,1530400,0.0,0.0
2015-01-02,1346.401123046875,1355.882821096501,1327.4377269476233,1346.401123046875,1976800,0.0,0.0
2015-01-02,1346.4011145104894,1379.5870574737762,1327.4377185314684,1355.8828125,156400,0.0,0.0
2015-01-02,1355.882816783169,1355.882816783169,1351.1419677734375,1351.1419677734375,1584000,0.0,0.0
2015-01-02,1379.5870574737762,1379.5870574737762,1355.8828125,1355.8828125,176400,0.0,0.0
2015-01-02,1355.8828125,1355.8828125,1355.8828125,1355.8828125,0,0.0,0.0
2015-01-02,1355.8829298916594,1389.0688757281685,1355.8829298916594,1360.623779296875,21600,0.0,0.0
2015-01-02,1360.623756304179,1384.3280029296875,1346.4012083288742,1384.3280029296875,519200,0.0,0.0
2015-01-02,1384.328012190194,1393.8097109038256,1365.364614762931,1374.8463134765625,437200,0.0,0.0
2015-01-02,1374.8462128220945,1365.3645148026317,1351.1419677734375,1351.1419677734375,2262400,0.0,0.0
2015-01-02,1351.1419635052446,1360.6236614947552,1351.1419635052446,1355.8828125,867200,0.0,0.0
2015-01-02,1355.8829298916594,1384.3280263229528,1355.8829298916594,1360.623779296875,7250800,0.0,0.0
2015-01-02,1355.8829252454968,1365.3646240234375,1355.8829252454968,1365.3646240234375,45600,0.0,0.0
2015-01-02,1365.3645104895104,1365.3645104895104,1355.8828125,1355.8828125,526400,0.0,0.0
2015-01-02,1336.919532270797,1360.623779296875,1336.919532270797,1360.623779296875,1550400,0.0,0.0
2015-01-02,1360.6237654061154,1374.8463134765625,1360.6237654061154,1374.8463134765625,136000,0.0,0.0
2015-01-02,1374.8462084790208,1389.0687554632866,1298.992624562937,1355.8828125,4892800,0.0,0.0
2015-01-02,1355.8828125,1365.3645104895104,1355.8828125,1355.8828125,1016800,0.0,0.0
2015-01-02,1355.8829298916594,1365.3646287020906,1351.1420804864438,1360.623779296875,1241600,0.0,0.0
2015-01-02,1360.623779296875,1360.623779296875,1351.1420804864438,1360.623779296875,1638400,0.0,0.0
2015-01-02,1360.6236281622025,1393.8095703125,1360.6236281622025,1393.8095703125,226000,0.0,0.0
2015-01-02,1393.8096788194446,1412.7730758101852,1389.0688295717594,1408.0322265625,379600,0.0,0.0
2015-01-02,1408.0322265625,1412.7730758101852,1393.8096788194446,1408.0322265625,224400,0.0,0.0
2015-01-02,1408.0322310988968,1422.2547788877746,1384.3279847841006,1403.2913818359375,1548400,0.0,0.0
2015-01-02,1403.2912434895834,1422.254638671875,1384.3278483072918,1422.254638671875,633600,0.0,0.0
2015-01-02,1412.7729700498612,1412.7729700498612,1327.4376899797353,1389.0687255859375,672000,0.0,0.0
2015-01-02,1384.3279331752233,1384.3279331752233,1298.9926496233259,1327.437744140625,3858000,0.0,0.0
2015-01-02,1322.6969401041667,1322.6969401041667,1280.029296875,1280.029296875,958400,0.0,0.0
2015-01-02,1280.0292878992416,1317.9560816147748,1280.0292878992416,1289.510986328125,316800,0.0,0.0
2015-01-02,1275.2884521484375,1289.5109999419144,1261.0659043549606,1275.2884521484375,360800,0.0,0.0
2015-01-02,1270.547602883945,1303.7335477353915,1265.8067536194528,1275.2884521484375,2592000,0.0,0.0
2015-01-02,1275.288321970134,1298.9925658729244,1275.288321970134,1284.77001953125,1062000,0.0,0.0
2015-01-02,1284.77001953125,1284.77001953125,1284.77001953125,1284.77001953125,0,0.0,0.0
2015-01-02,1284.7702889119773,1284.7702889119773,1261.0660400390625,1261.0660400390625,500400,0.0,0.0
2015-01-02,1274.7101758178253,1284.2944628540497,1274.7101758178253,1279.5023193359375,421600,17.795,0.0
2015-01-02,1274.7101355919472,1279.5022789588343,1236.372988656851,1245.957275390625,2319200,0.0,0.0
2015-01-02,1245.9571213018698,1250.749264076108,1169.2828369140625,1169.2828369140625,3270400,0.0,0.0
2015-01-02,1188.4515438988096,1226.7886904761906,1183.659400576637,1207.6201171875,1596400,0.0,0.0
2015-01-02,1212.4122545796056,1226.7886844758066,1188.4515380859375,1188.4515380859375,867600,0.0,0.0
2015-01-02,1202.828037051704,1226.7887549212599,1193.2437499038817,1217.2044677734375,332400,0.0,0.0
2015-01-02,1217.2043746526062,1226.7886610671937,1198.0358018234313,1212.4122314453125,1979600,0.0,0.0
2015-01-02,1202.827880859375,1212.4121667626368,1188.451452004482,1202.827880859375,1803600,0.0,0.0
2015-01-02,1202.827880859375,1212.4121667626368,1193.243594956113,1202.827880859375,364800,0.0,0.0
2015-01-02,1207.620111280872,1221.996541177073,1188.4515380859375,1188.4515380859375,3580400,0.0,0.0
2015-01-02,1188.451359375,1207.6199296875,1188.451359375,1198.03564453125,773200,0.0,0.0
2015-01-02,1198.035661564317,1245.9570880268896,1198.035661564317,1236.372802734375,915600,0.0,0.0
2015-01-02,1236.3728960545366,1245.9571820704632,1217.2043240226833,1241.1650390625,500400,0.0,0.0
2015-01-02,1241.1651320237381,1245.957275390625,1221.99655855619,1245.957275390625,481600,0.0,0.0
2015-01-02,1245.957275390625,1245.957275390625,1245.957275390625,1245.957275390625,0,0.0,0.0
2015-01-02,1245.957275390625,1245.957275390625,1245.957275390625,1245.957275390625,0,0.0,0.0
2015-01-02,1245.957275390625,1245.957275390625,1245.957275390625,1245.957275390625,0,0.0,0.0
2015-01-02,1245.957275390625,1245.957275390625,1245.957275390625,1245.957275390625,0,0.0,0.0
2015-01-02,1245.957275390625,1245.957275390625,1245.957275390625,1245.957275390625,0,0.0,0.0
2015-01-02,1245.957275390625,1245.957275390625,1245.957275390625,1245.957275390625,0,0.0,0.0
2015-01-02,1245.9571820704632,1265.1257541023165,1198.03575199083,1241.1650390625,1858800,0.0,0.0
2015-01-02,1241.1650906890748,1241.1650906890748,1202.827945030725,1212.4122314453125,971600,0.0,0.0
2015-01-02,1207.6200882380188,1226.7886610671937,1207.6200882380188,1212.4122314453125,2372000,0.0,0.0
2015-01-02,1212.4122314453125,1217.2043746526062,1207.6200882380188,1212.4122314453125,3117600,0.0,0.0
2015-01-02,1212.412242126465,1212.412242126465,1130.9458068847657,1150.1143798828125,4854000,0.0,0.0
2015-01-02,1150.1144199139676,1188.4515672444331,1150.1144199139676,1183.659423828125,277600,0.0,0.0
2015-01-02,1183.6592652367765,1188.4514080110143,1169.2828369140625,1169.2828369140625,214000,0.0,0.0
2015-01-02,1169.282942579669,1221.9965178599,1169.282942579669,1212.4122314453125,3547600,0.0,0.0
2015-01-02,1207.620111280872,1207.620111280872,1178.8672514884704,1188.4515380859375,5068000,0.0,0.0
2015-01-02,1188.4515438988096,1207.6201171875,1188.4515438988096,1207.6201171875,243600,0.0,0.0
2015-01-02,1207.6201171875,1217.2044038318452,1202.8279738653275,1207.6201171875,941200,0.0,0.0
2015-01-02,1212.4122605096727,1217.2044038318452,1207.6201171875,1207.6201171875,2368000,0.0,0.0
2015-01-02,1207.620023811006,1217.204309714268,1198.035737907744,1202.827880859375,1366400,0.0,0.0
2015-01-02,1202.8277871093749,1207.6199296875,1193.243501953125,1198.03564453125,811200,0.0,0.0
2015-01-02,1202.827880859375,1207.620023811006,1193.243594956113,1202.827880859375,532000,0.0,0.0
2015-01-02,1193.243501953125,1202.8277871093749,1193.243501953125,1198.03564453125,158000,0.0,0.0
2015-01-02,1207.6201171875,1212.4122605096727,1188.4515438988096,1207.6201171875,2759600,0.0,0.0
2015-01-02,1207.620023811006,1207.620023811006,1193.243594956113,1202.827880859375,434000,0.0,0.0
2015-01-02,1198.0358018234313,1226.7886610671937,1198.0358018234313,1212.4122314453125,3148000,0.0,0.0
2015-01-02,1207.620002746582,1226.78857421875,1198.035717010498,1226.78857421875,3495600,0.0,0.0
2015-01-02,1226.788701923077,1265.1258488581732,1212.412271822416,1245.957275390625,5064000,0.0,0.0
2015-01-02,1245.957145690918,1255.541431427002,1217.204288482666,1226.78857421875,137600,0.0,0.0
2015-01-02,1250.749267578125,1255.5414103657806,1207.619982489224,1250.749267578125,3476000,0.0,0.0
2015-01-02,1250.749418757512,1255.5415621243992,1212.412271822416,1245.957275390625,3371200,0.0,0.0
2015-01-02,1245.9571247904694,1255.5414103657806,1245.9571247904694,1250.749267578125,543600,0.0,0.0
2015-01-02,1250.7494009694747,1255.5415442682083,1178.8672514884704,1188.4515380859375,1243200,0.0,0.0
2015-01-02,1193.2435189180596,1236.372802734375,1193.2435189180596,1236.372802734375,841600,0.0,0.0
2015-01-02,1245.9572239925988,1279.5022261770148,1226.7886513157896,1274.7100830078125,2403200,0.0,0.0
2015-01-02,1284.2943757233797,1313.0472348813657,1274.7100893373843,1293.878662109375,1439600,0.0,0.0
2015-01-02,1293.8786911521258,1298.6708344526892,1269.9179746493087,1289.0865478515625,18249600,0.0,0.0
2015-01-02,1289.0864544768833,1298.6707403837745,1274.7100256165463,1284.2943115234375,774800,0.0,0.0
2015-01-02,1284.294275132665,1303.462846403302,1265.1257038620283,1269.9178466796875,674400,0.0,0.0
2015-01-02,1269.9178826631005,1284.2943115234375,1269.9178826631005,1284.2943115234375,539600,0.0,0.0
2015-01-02,1284.2943115234375,1284.2943115234375,1284.2943115234375,1284.2943115234375,0,0.0,0.0
2015-01-02,1293.8785144894623,1303.4627997819769,1226.7885174418604,1236.372802734375,818000,0.0,0.0
2015-01-02,1241.1649453806324,1245.9570880268896,1226.7885174418604,1236.372802734375,852400,0.0,0.0
2015-01-02,1236.3729537785748,1241.1650970102746,1221.9965240834752,1231.580810546875,1437600,0.0,0.0
2015-01-02,1231.5806684421218,1265.1256671934636,1231.5806684421218,1255.5413818359375,1861200,0.0,0.0
2015-01-02,1255.541431427002,1260.333574295044,1226.78857421875,1226.78857421875,221600,0.0,0.0
2015-01-02,1226.7886029411764,1231.5807459214154,1217.2043169806984,1221.9964599609375,3164000,0.0,0.0
2015-01-02,1221.996431350708,1250.74928855896,1221.996431350708,1226.78857421875,8490000,0.0,0.0
2015-01-02,1226.7885174418604,1245.9570880268896,1226.7885174418604,1236.372802734375,1382400,0.0,0.0
2015-01-02,1236.3728960545366,1245.9571820704632,1221.9964670306467,1241.1650390625,698000,0.0,0.0
2015-01-02,1241.1649453806324,1241.1649453806324,1226.7885174418604,1236.372802734375,1389600,0.0,0.0
2015-01-02,1236.372802734375,1236.372802734375,1236.372802734375,1236.372802734375,0,0.0,0.0
2015-01-02,1241.1649453806324,1250.749230673147,1226.7885174418604,1236.372802734375,1469200,0.0,0.0
2015-01-02,1231.5807530465734,1250.7493250784266,1226.78861003861,1241.1650390625,229600,0.0,0.0
2015-01-02,1241.1650390625,1245.9571820704632,1241.1650390625,1241.1650390625,284400,0.0,0.0
2015-01-02,1245.957275390625,1265.1258488581732,1236.372988656851,1245.957275390625,3036800,0.0,0.0
2015-01-02,1245.9571748621324,1260.3336038028492,1221.9964599609375,1221.9964599609375,138000,0.0,0.0
2015-01-02,1221.9963747956033,1245.9570880268896,1221.9963747956033,1236.372802734375,1056800,0.0,0.0
2015-01-02,1226.7886029411764,1236.3728889016543,1221.9964599609375,1221.9964599609375,1742800,0.0,0.0
2015-01-02,1221.996547154018,1226.7886904761906,1207.6201171875,1207.6201171875,798000,0.0,0.0
2015-01-02,1226.7887549212599,1231.5808984951711,1207.6201806256151,1217.2044677734375,11814000,0.0,0.0
2015-01-02,1217.204264656442,1221.9964074306802,1116.569266397445,1169.2828369140625,6192000,0.0,0.0
2015-01-02,1188.4515438988096,1217.2044038318452,1174.0751139322917,1207.6201171875,2334000,0.0,0.0
2015-01-02,1217.2044038318452,1217.2044038318452,1207.6201171875,1207.6201171875,47600,0.0,0.0
2015-01-02,1193.243574142456,1226.78857421875,1193.243574142456,1226.78857421875,396800,0.0,0.0
2015-01-02,1226.78857421875,1226.78857421875,1226.78857421875,1226.78857421875,0,0.0,0.0
2015-01-02,1226.78857421875,1226.78857421875,1188.451431274414,1226.78857421875,2604800,0.0,0.0
2015-01-02,1221.996431350708,1226.78857421875,1207.620002746582,1226.78857421875,1404000,0.0,0.0
2015-01-02,1226.78857421875,1226.78857421875,1193.243574142456,1226.78857421875,868800,0.0,0.0
2015-01-02,1226.78857421875,1231.580717086792,1188.451431274414,1226.78857421875,3269200,0.0,0.0
2015-01-02,1226.7886904761906,1226.7886904761906,1207.6201171875,1207.6201171875,1307600,0.0,0.0
2015-01-02,1207.6199296875,1221.996357421875,1198.03564453125,1198.03564453125,1424400,0.0,0.0
2015-01-02,1221.996357421875,1221.996357421875,1198.03564453125,1198.03564453125,102800,0.0,0.0
2015-01-02,1198.035737907744,1226.7885956175298,1198.035737907744,1202.827880859375,4896800,0.0,0.0
2015-01-02,1212.4122314453125,1226.7886610671937,1207.6200882380188,1212.4122314453125,8101600,0.0,0.0
2015-01-02,1212.4121667626368,1221.996452665899,1198.035737907744,1202.827880859375,252800,0.0,0.0
2015-01-02,1202.8279974933578,1202.8279974933578,1169.2829935792004,1183.659423828125,5268400,0.0,0.0
2015-01-02,1183.659423828125,1183.659423828125,1169.2829935792004,1183.659423828125,3337200,0.0,0.0
2015-01-02,1183.6594870693714,1198.0359180864082,1178.8673433970257,1193.2437744140625,2086400,0.0,0.0
2015-01-02,1193.243574142456,1226.78857421875,1183.659288406372,1226.78857421875,895200,0.0,0.0
2015-01-02,1226.7886904761906,1226.7886904761906,1169.282970610119,1207.6201171875,6076000,0.0,0.0
2015-01-02,1207.620111280872,1207.620111280872,1188.4515380859375,1188.4515380859375,2889200,0.0,0.0
2015-01-02,1188.4515380859375,1207.620111280872,1188.4515380859375,1188.4515380859375,1663600,0.0,0.0
2015-01-02,1193.2436813846712,1193.2436813846712,1164.4908215922694,1188.4515380859375,2108000,0.0,0.0
2015-01-02,1178.8671224625384,1183.6592652367765,1164.4906941398247,1169.2828369140625,304800,0.0,0.0
2015-01-02,1169.2827803448934,1178.8670654296875,1154.906352717702,1178.8670654296875,1411600,0.0,0.0
2015-01-02,1178.8671224625384,1183.6592652367765,1159.6985513655866,1169.2828369140625,2641200,0.0,0.0
2015-01-02,1164.4906941398247,1188.4514080110143,1154.9064085913487,1169.2828369140625,277200,0.0,0.0
2015-01-02,1169.282964891003,1188.4515380859375,1159.6986782935357,1188.4515380859375,1859600,0.0,0.0
2015-01-02,1188.451555962343,1193.243699333159,1130.9458355125523,1145.322265625,3414000,0.0,0.0
2015-01-02,1150.114408995816,1159.6986957374477,1140.530122254184,1145.322265625,5275200,0.0,0.0
2015-01-02,1183.6593826293945,1183.6593826293945,1145.322236633301,1150.1143798828125,1053200,0.0,0.0
2015-01-02,1150.1143798828125,1183.6593826293945,1145.322236633301,1150.1143798828125,5252000,0.0,0.0
2015-01-02,1150.1143798828125,1150.1143798828125,1111.7772338867187,1150.1143798828125,4728400,0.0,0.0
2015-01-02,1145.322236633301,1150.1143798828125,1126.153663635254,1150.1143798828125,4053600,0.0,0.0
2015-01-02,1150.1144330929487,1150.1144330929487,1111.7772853231838,1121.361572265625,1560800,0.0,0.0
2015-01-02,1121.361479010193,1126.1536220828862,1111.777192864807,1116.5693359375,553600,0.0,0.0
2015-01-02,1116.5692998471468,1130.9457286005436,1102.19287109375,1102.19287109375,3723200,0.0,0.0
2015-01-02,1102.1928635318723,1102.1928635318723,1083.0242919921875,1083.0242919921875,1159600,0.0,0.0
2015-01-02,1092.6085490088105,1092.6085490088105,1087.81640625,1087.81640625,2785600,0.0,0.0
2015-01-02,1092.6085205078125,1102.1928057754249,1092.6085205078125,1092.6085205078125,4668400,0.0,0.0
2015-01-02,1097.4007791791644,1097.4007791791644,1073.4400634765625,1073.4400634765625,1966800,0.0,0.0
2015-01-02,1083.0242919921875,1111.7771493017146,1083.0242919921875,1083.0242919921875,676800,0.0,0.0
2015-01-02,1078.2321565047555,1102.19287109375,1078.2321565047555,1102.19287109375,3042000,0.0,0.0
2015-01-02,1111.7771493017146,1116.5692921866357,1073.4400062223451,1083.0242919921875,952800,0.0,0.0
2015-01-02,1097.4007791791644,1126.1536380222865,1073.4400634765625,1073.4400634765625,1590000,0.0,0.0
2015-01-02,1092.6084735576922,1097.400615985577,1059.0634765625,1059.0634765625,1661200,0.0,0.0
2015-01-02,1063.855770596591,1073.4400568181818,1054.271484375,1054.271484375,2860800,0.0,0.0
2015-01-02,1059.0634957772716,1059.0634957772716,1035.102783203125,1035.102783203125,7162400,0.0,0.0
2015-01-02,1035.102773990271,1044.6870589346256,1015.9342041015624,1015.9342041015625,8222000,0.0,0.0
2015-01-02,1025.5184890459168,1039.8949164624482,1015.9342041015624,1015.9342041015625,1276000,0.0,0.0
2015-01-02,1025.5187033702978,1025.5187033702978,1006.3501294755258,1011.1422729492188,2486400,0.0,0.0
2015-01-02,1011.1422729492188,1015.9344164229118,1006.3501294755258,1011.1422729492188,1723200,0.0,0.0
2015-01-02,1011.1422467098058,1030.310820107148,1011.1422467098058,1025.5186767578125,552800,0.0,0.0
2015-01-02,1035.102783203125,1044.6870682327835,1030.3106406882957,1035.102783203125,716000,0.0,0.0
2015-01-02,1035.1029634564836,1049.4793935044904,1025.5186767578125,1025.5186767578125,468000,0.0,0.0
2015-01-02,1025.5186767578125,1025.5186767578125,1025.5186767578125,1025.5186767578125,0,0.0,0.0
2015-01-02,1025.5186767578125,1035.1029634564836,1006.3501033604701,1025.5186767578125,4277600,0.0,0.0
2015-01-02,1030.310814267113,1030.310814267113,1006.35009765625,1006.35009765625,5435600,0.0,0.0
2015-01-02,1006.3499542236327,1006.3499542236327,958.4285278320312,958.4285278320312,5154400,0.0,0.0
2015-01-02,958.4287188932027,977.5972932710667,939.2601445153387,941.177001953125,646000,0.0,0.0
2015-01-02,943.0936583843427,943.0936583843427,920.0913740335051,929.6756591796875,1666800,0.0,0.0
2015-01-02,927.7588888242749,943.0937464907919,920.0914599910164,933.5094604492188,3062400,0.0,0.0
2015-01-02,927.7588922764228,950.7611788617886,927.7588922764228,943.09375,2807600,0.0,0.0
2015-01-02,952.6781465798434,954.5950040176299,933.5095722019794,941.177001953125,578800,0.0,0.0
2015-01-02,958.4286173836128,958.4286173836128,935.4263305664061,935.4263305664062,703200,0.0,0.0
2015-01-02,948.8443603515624,958.42864681976,939.2600738833648,948.8443603515625,673600,0.0,0.0
2015-01-02,948.8443506886821,958.4286370592748,948.8443506886821,956.5117797851562,221600,0.0,0.0
2015-01-02,958.4286077235772,958.4286077235772,939.2600355691056,943.09375,422400,0.0,0.0
2015-01-02,939.2599443258698,941.1768013551062,893.2553756241946,929.6756591796875,15183600,0.0,0.0
2015-01-02,920.0914884868422,920.0914884868422,910.5072021484376,910.5072021484375,750800,0.0,0.0
2015-01-02,910.5071798029305,916.2577514648438,900.9228936997418,916.2577514648438,601600,0.0,0.0
2015-01-02,916.2577514648438,916.2577514648438,916.2577514648438,916.2577514648438,0,0.0,0.0
2015-01-02,916.2577514648438,916.2577514648438,916.2577514648438,916.2577514648438,0,0.0,0.0
2015-01-02,916.2577739514803,916.2577739514803,910.5072021484376,910.5072021484375,370400,0.0,0.0
2015-01-02,920.091439896271,939.2600115607767,910.5071540640182,912.4240112304688,1163600,0.0,0.0
2015-01-02,912.4241231282552,920.0915527343751,910.5072657267253,920.091552734375,404800,0.0,0.0
2015-01-02,920.0915527343751,920.0915527343751,920.0915527343751,920.091552734375,0,0.0,0.0
2015-01-02,922.0083457545231,929.6757748252468,910.5072021484376,910.5072021484375,612000,0.0,0.0
2015-01-02,922.0083457545231,922.0083457545231,908.5903448807567,910.5072021484375,1171200,0.0,0.0
2015-01-02,912.4241231282552,923.9252675374349,900.9229787190756,920.091552734375,3238800,0.0,0.0
2015-01-02,920.0913740335051,935.4262302673968,914.3408029457956,929.6756591796875,1845200,0.0,0.0
2015-01-02,929.6757146125831,1006.350000353827,929.6757146125831,991.9735717773438,8157600,0.0,0.0
2015-01-02,991.9736512066568,1049.4793701171875,977.597221479024,1049.4793701171875,6164800,0.0,0.0
2015-01-02,1063.8557998448202,1078.232229572453,1044.6872268746433,1049.4793701171875,9049200,0.0,0.0
2015-01-02,1049.4792675581134,1169.2828369140625,1044.6871247838756,1169.2828369140625,16472800,0.0,0.0
2015-01-02,1207.6200988769533,1265.125817871094,1121.3615203857423,1150.1143798828125,31036800,0.0,0.0
2015-01-02,1150.1143973214287,1150.1143973214287,1097.4008207775298,1106.985107421875,2664400,0.0,0.0
2015-01-02,1106.985065460205,1106.985065460205,1044.6872046334404,1073.4400634765625,14642800,0.0,0.0
2015-01-02,1073.4399233217594,1073.4399233217594,1025.5184981734665,1035.102783203125,9882000,0.0,0.0
2015-01-02,1044.6872268746433,1097.40080254263,1044.6872268746433,1049.4793701171875,12630800,0.0,0.0
2015-01-02,1063.8556189903845,1068.6477614182693,1054.2713341346152,1059.0634765625,1928000,0.0,0.0
2015-01-02,1068.6477614182693,1073.4399038461538,1054.2713341346152,1059.0634765625,2053200,0.0,0.0
2015-01-02,1068.647920336042,1083.0243497576032,1039.89506149292,1073.4400634765625,2381200,0.0,0.0
2015-01-02,1073.4400761045258,1135.7379376641634,1059.0636465138402,1111.7772216796875,5508800,0.0,0.0
2015-01-02,1126.1535483204846,1140.5299765969162,1083.0242634911895,1087.81640625,1917600,0.0,0.0
2015-01-02,1097.4007281759511,1111.777156929348,1087.8164423403532,1102.19287109375,2137200,0.0,0.0
2015-01-02,1111.7772507440477,1140.5301106770835,1092.608677455357,1106.985107421875,2495200,0.0,0.0
2015-01-02,1106.985065460205,1111.7772086007255,1059.0636340550013,1073.4400634765625,2809600,0.0,0.0
2015-01-02,1073.4399038461538,1092.6084735576922,1044.6870492788462,1059.0634765625,5267200,0.0,0.0
2015-01-02,1059.0634207276485,1083.0241316038396,1059.0634207276485,1068.647705078125,3395200,0.0,0.0
2015-01-02,1068.6478633374238,1111.7771493017146,1059.0635775675817,1083.0242919921875,797200,0.0,0.0
2015-01-02,1083.0243728149972,1083.0243728149972,1049.4793701171875,1049.4793701171875,4984000,0.0,0.0
2015-01-02,1049.4794286209317,1049.4794286209317,1020.726567562824,1039.8951416015625,2318800,0.0,0.0
2015-01-02,1039.8951124838732,1054.2715426103784,1035.1029691083716,1044.687255859375,1327600,0.0,0.0
2015-01-02,1063.8556382921008,1063.8556382921008,1035.102783203125,1035.102783203125,570400,0.0,0.0
2015-01-02,1035.102998091878,1049.4794286209317,1030.3108545821933,1039.8951416015625,568400,0.0,0.0
2015-01-02,1039.8949257179543,1044.6870682327835,1030.3106406882957,1035.102783203125,2416800,0.0,0.0
2015-01-02,1039.8951416015625,1044.687285111247,1035.102998091878,1039.8951416015625,414400,0.0,0.0
2015-01-02,1054.271462673611,1083.0243207465278,1044.6871766493055,1078.232177734375,1941200,0.0,0.0
2015-01-02,1083.0242919921875,1102.1928635318723,1083.0242919921875,1083.0242919921875,1930000,0.0,0.0
2015-01-02,1083.0242919921875,1083.0242919921875,1083.0242919921875,1083.0242919921875,0,0.0,0.0
2015-01-02,1083.0242919921875,1087.8164348771086,1054.2714346826604,1083.0242919921875,523600,0.0,0.0
2015-01-02,1083.024188701923,1083.024188701923,1054.2713341346152,1059.0634765625,452800,0.0,0.0
2015-01-02,1059.0636915602126,1068.6479783616624,1054.2715481594876,1063.8558349609375,843200,0.0,0.0
2015-01-02,1063.8558349609375,1073.4401217623874,1054.2715481594876,1063.8558349609375,577600,0.0,0.0
2015-01-02,1063.8557486979166,1078.232177734375,1063.8557486979166,1078.232177734375,1326000,0.0,0.0
2015-01-02,1083.0242919921875,1087.8164348771086,1073.4400062223451,1083.0242919921875,967200,0.0,0.0
2015-01-02,1083.0241316038396,1087.8162737790778,1063.8555629028867,1068.647705078125,662400,0.0,0.0
2015-01-02,1068.647920336042,1087.8164928981237,1063.8557771955218,1073.4400634765625,1354000,0.0,0.0
2015-01-02,1073.4401161123853,1073.4401161123853,1039.8951124838732,1044.687255859375,3870000,0.0,0.0
2015-01-02,1044.687285111247,1044.687285111247,1035.102998091878,1039.8951416015625,324400,0.0,0.0
2015-01-02,1039.8950550426136,1059.0636274857955,1039.8950550426136,1054.271484375,901600,0.0,0.0
2015-01-02,1059.0636915602126,1073.4401217623874,1049.4794047587627,1063.8558349609375,1371600,0.0,0.0
2015-01-02,1063.8557771955218,1073.4400634765625,1015.934345790318,1073.4400634765625,849600,0.0,0.0
2015-01-02,1073.4401217623874,1073.4401217623874,1044.6872613580376,1063.8558349609375,1560000,0.0,0.0
2015-01-02,1063.855829361382,1063.855829361382,1035.1029691083716,1044.687255859375,1808800,0.0,0.0
2015-01-02,1044.687148912818,1087.8164348771086,1044.687148912818,1083.0242919921875,1326400,0.0,0.0
2015-01-02,1083.0243497576032,1111.7772086007255,1063.8557771955218,1073.4400634765625,2922000,0.0,0.0
2015-01-02,1083.0241316038396,1087.8162737790778,1059.0634207276485,1068.647705078125,123200,0.0,0.0
2015-01-02,1054.27134387898,1054.27134387898,996.7656342128537,1015.9342041015625,1851200,0.0,0.0
2015-01-02,1025.5184795673076,1025.5184795673076,996.765625,996.765625,656400,0.0,0.0
2015-01-02,1001.5578828699448,1001.5578828699448,977.59716796875,977.59716796875,79200,0.0,0.0
2015-01-02,977.5971435052664,991.9735720862262,939.2600006227069,946.9274291992188,826800,0.0,0.0
2015-01-02,956.5117895261205,958.42864681976,945.0106457642834,948.8443603515625,732000,0.0,0.0
2015-01-02,956.5117895261205,958.42864681976,948.8443603515624,948.8443603515625,336800,0.0,0.0
2015-01-02,941.1769215922079,956.5117797851562,939.2600643180893,956.5117797851562,211600,0.0,0.0
2015-01-02,956.5117895261205,956.5117895261205,935.4263592960858,948.8443603515625,1715600,0.0,0.0
2015-01-02,956.5117149198587,958.4285720639866,941.1768577668349,946.9274291992188,511600,0.0,0.0
2015-01-02,943.0936583843427,943.0936583843427,922.0082310627415,929.6756591796875,744000,0.0,0.0
2015-01-02,929.6757748252468,933.5094893606087,908.5903448807567,910.5072021484375,323200,0.0,0.0
2015-01-02,910.5072021484376,910.5072021484376,910.5072021484376,910.5072021484375,0,0.0,0.0
2015-01-02,918.1745827298205,923.9251542291721,910.5071540640182,912.4240112304688,374800,0.0,0.0
2015-01-02,912.4240437491994,987.1814759051213,912.4240437491994,935.4263305664062,1145600,0.0,0.0
2015-01-02,956.5117469489942,956.5117469489942,927.7588888242749,933.5094604492188,1892400,0.0,0.0
2015-01-02,939.2601109758208,939.2601109758208,904.7566783277293,908.5903930664062,694400,0.0,0.0
2015-01-02,916.2578379313152,923.9252675374349,908.5904083251954,920.091552734375,3528000,0.0,0.0
2015-01-02,920.0915172782677,929.6758039165829,920.0915172782677,923.9252319335938,170000,0.0,0.0
2015-01-02,927.7589823404949,929.6758397420248,914.3409805297853,920.091552734375,1074000,0.0,0.0
2015-01-02,920.0914176670145,931.5925603878522,918.174560546875,918.174560546875,3145600,0.0,0.0
2015-01-02,920.0914659061193,929.675752009308,914.3408942442061,916.2577514648438,442000,0.0,0.0
2015-01-02,923.9252520211135,923.9252520211135,908.5903930664062,908.5903930664062,3848400,0.0,0.0
2015-01-02,908.5903930664062,908.5903930664062,908.5903930664062,908.5903930664062,0,0.0,0.0
2015-01-02,908.5903930664062,908.5903930664062,908.5903930664062,908.5903930664062,0,0.0,0.0
2015-01-02,906.6734679649616,912.4240396433863,887.5048957035459,889.4217529296875,5427200,0.0,0.0
2015-01-02,889.4217529296875,889.4217529296875,889.4217529296875,889.4217529296875,0,0.0,0.0
2015-01-02,889.4217529296875,889.4217529296875,889.4217529296875,889.4217529296875,0,0.0,0.0
2015-01-02,891.3386456378095,891.3386456378095,881.754359125575,885.5880737304688,3200000,0.0,0.0
2015-01-02,887.5049666694973,887.5049666694973,877.9206797724185,881.75439453125,2600400,0.0,0.0
2015-01-02,881.75439453125,881.75439453125,881.75439453125,881.75439453125,0,0.0,0.0
2015-01-02,881.75439453125,881.75439453125,881.75439453125,881.75439453125,0,0.0,0.0
2015-01-02,881.75439453125,881.75439453125,881.75439453125,881.75439453125,0,0.0,0.0
2015-01-02,747.5743708534847,751.4080855758102,714.9877957137174,724.5720825195312,7633200,0.0,0.0
2015-01-02,724.5720825195312,724.5720825195312,724.5720825195312,724.5720825195312,0,0.0,0.0
2015-01-02,724.5719734936716,728.4056876391408,716.9045452027333,726.4888305664062,10652800,0.0,0.0
2015-01-02,726.4888881744548,728.4057453991895,711.1540303765771,716.9046020507812,4818000,0.0,0.0
2015-01-02,713.0708357527449,716.9045499234586,709.2371215820312,709.2371215820312,540000,0.0,0.0
2015-01-02,718.8214254642719,718.8214254642719,693.9022827148438,693.9022827148438,1177200,0.0,0.0
2015-01-02,699.6528004491051,699.6528004491051,649.8145187732786,659.3988037109375,1995600,0.0,0.0
2015-01-02,659.3988517561041,686.2348515368759,653.6482803745103,657.4819946289062,1738800,0.0,0.0
2015-01-02,657.4819946289062,657.4819946289062,657.4819946289062,657.4819946289062,0,0.0,0.0
2015-01-02,657.4820332609848,680.4843201389202,651.7314615415011,663.2326049804688,1222400,0.0,0.0
2015-01-02,663.2326212931682,663.2326212931682,619.1449036927553,638.3134765625,2929200,0.0,0.0
2015-01-02,622.9785547023866,640.2302685249142,622.9785547023866,628.7291259765625,5717200,0.0,0.0
2015-01-02,628.7291259765625,636.3965543421303,626.8122688851705,628.7291259765625,5355200,0.0,0.0
2015-01-02,628.7291259765625,661.3156965302259,626.8122688851705,628.7291259765625,11794800,0.0,0.0
2015-01-02,641.0802208562816,643.0407108283191,631.2777709960938,631.2777709960938,3278400,18.25,0.0
2015-01-02,631.277832796581,639.1197934524392,623.435872140723,625.3963623046875,3850000,0.0,0.0
2015-01-02,627.3567914359178,635.1987513288667,619.5148315429688,619.5148315429688,1850400,0.0,0.0
2015-01-02,619.5148111979166,629.3172607421875,619.5148111979166,623.435791015625,1548800,0.0,0.0
2015-01-02,623.4358322240745,650.8826927622413,611.6728919934316,615.5938720703125,8969600,0.0,0.0
2015-01-02,617.554439968533,648.9222845383632,617.554439968533,635.1988525390625,11434800,0.0,0.0
2015-01-02,643.04077074679,678.3295935316748,641.0802805920742,648.9222412109375,29958000,0.0,0.0
2015-01-02,648.9222412109375,648.9222412109375,648.9222412109375,648.9222412109375,0,0.0,0.0
2015-01-02,648.922119506105,658.7245684412426,643.0406501450225,654.8035888671875,18213200,0.0,0.0
2015-01-02,658.7246715198864,670.4876120827415,637.1592804879854,646.9617309570312,20588400,0.0,0.0
2015-01-02,646.9617309570312,646.9617309570312,646.9617309570312,646.9617309570312,0,0.0,0.0
2015-01-02,646.9616297190775,660.68505822827,643.0406501450225,654.8035888671875,9891600,0.0,0.0
2015-01-02,654.8036098036655,697.9343864973201,654.8036098036655,674.4085083007812,18685600,0.0,0.0
2015-01-02,674.408570058247,682.2505301752034,662.6456298828125,662.6456298828125,9908000,0.0,0.0
2015-01-02,670.4875278702701,670.4875278702701,648.9221395469574,650.8826293945312,7280800,0.0,0.0
2015-01-02,650.8826703327458,656.7641402453911,637.1592405365734,643.0407104492188,12712400,0.0,0.0
2015-01-02,643.0407104492188,643.0407104492188,643.0407104492188,643.0407104492188,0,0.0,0.0
2015-01-02,643.0407104492188,643.0407104492188,643.0407104492188,643.0407104492188,0,0.0,0.0
2015-01-02,643.0407104492188,643.0407104492188,643.0407104492188,643.0407104492188,0,0.0,0.0
2015-01-02,643.0407104492188,643.0407104492188,643.0407104492188,643.0407104492188,0,0.0,0.0
2015-01-02,643.0407104492188,643.0407104492188,643.0407104492188,643.0407104492188,0,0.0,0.0
2015-01-02,643.0407104492188,643.0407104492188,643.0407104492188,643.0407104492188,0,0.0,0.0
2015-01-02,643.0407104492188,643.0407104492188,643.0407104492188,643.0407104492188,0,0.0,0.0
2015-01-02,645.0012004201005,650.8826703327458,619.5148307986376,643.0407104492188,6068000,0.0,0.0
2015-01-02,645.00113993205,670.4875071634076,643.0406501450225,654.8035888671875,8107200,0.0,0.0
2015-01-02,656.7641814260772,660.6851616136955,645.001240863222,646.9617309570312,2351200,0.0,0.0
2015-01-02,646.9617326682974,646.9617326682974,623.4358514803592,629.3173217773438,5712400,0.0,0.0
2015-01-02,629.317281409155,633.2382613556294,615.5938515964943,619.5148315429688,1720000,0.0,0.0
2015-01-02,619.5148918127938,629.3173426326165,619.5148918127938,625.3963623046875,2185200,0.0,0.0
2015-01-02,623.4358526320684,627.3568328373016,613.6334021189856,617.5543823242188,4053600,0.0,0.0
2015-01-02,619.5148111979166,631.2777506510416,617.5543212890625,623.435791015625,4242800,0.0,0.0
2015-01-02,625.3963218713033,641.0802421690162,615.5938716852327,621.475341796875,1714000,0.0,0.0
2015-01-02,621.4753625294519,625.396342734685,617.5543823242188,617.5543823242188,1816000,0.0,0.0
2015-01-02,617.5543811833747,629.3173217773438,617.5543811833747,629.3173217773438,1763600,0.0,0.0
2015-01-02,631.2778312800481,639.1197919170673,623.4358706430288,637.1593017578125,1686800,0.0,0.0
2015-01-02,637.1592405365734,646.9616903909822,635.1987505656916,643.0407104492188,2030800,0.0,0.0
2015-01-02,650.8827313656533,660.6851821392324,643.04077074679,648.9222412109375,2320800,0.0,0.0
2015-01-02,650.8826900652984,658.7246501865671,648.9222000349813,656.76416015625,3554800,0.0,0.0
2015-01-02,656.764078654215,658.7245684412426,635.1986909969124,654.8035888671875,5427600,0.0,0.0
2015-01-02,654.8036861843533,721.4603488498263,654.8036861843533,705.7764282226562,12158800,0.0,0.0
2015-01-02,711.6578969567772,741.0652480706937,711.6578969567772,723.4208374023438,11017200,0.0,0.0
2015-01-02,723.4208175032106,725.3813075235445,709.6973873608732,715.578857421875,3816000,0.0,0.0
2015-01-02,725.3812856772512,760.6701049804688,717.5393258320917,760.6701049804688,8794000,0.0,0.0
2015-01-02,760.6701035202975,825.3662721186734,756.7491236052444,819.4848022460938,13331200,0.0,0.0
2015-01-02,819.4848439757261,856.7341550655319,786.1565130006368,805.7614135742188,12278400,0.0,0.0
2015-01-02,803.8008825858814,825.3662721186734,768.5120633504037,819.4848022460938,6204000,0.0,0.0
2015-01-02,829.2872520337264,843.0106817364122,809.682352458461,819.4848022460938,4423600,0.0,0.0
2015-01-02,835.1687434498857,835.1687434498857,803.8009033203125,803.8009033203125,5410000,0.0,0.0
2015-01-02,805.7613736015722,805.7613736015722,774.3935342399539,778.3145141601562,4011200,0.0,0.0
2015-01-02,778.3145545443198,790.0774949152667,778.3145545443198,782.2355346679688,1831200,0.0,0.0
2015-01-02,782.2354940803585,784.1959840404596,770.4725543197516,778.3145141601562,1920000,0.0,0.0
2015-01-02,780.2750050889471,780.2750050889471,743.0256958007812,743.0256958007812,2994000,0.0,0.0
2015-01-02,743.0258072638444,743.0258072638444,688.132080078125,688.132080078125,9028800,0.0,0.0
2015-01-02,688.1320201044497,688.1320201044497,654.8036886463995,676.3690795898438,3042400,0.0,0.0
2015-01-02,678.3295501167253,684.2110202044425,662.6456298828125,662.6456298828125,1983200,0.0,0.0
2015-01-02,664.6061202775186,664.6061202775186,654.8036701259329,656.76416015625,1481200,0.0,0.0
2015-01-02,662.6456088965124,705.7763881738002,656.7641389950641,684.2109985351562,4935200,0.0,0.0
2015-01-02,686.1714680989584,697.9344075520834,662.6455891927084,682.25048828125,2978400,0.0,0.0
2015-01-02,686.1714680989584,694.013427734375,682.25048828125,682.25048828125,1731600,0.0,0.0
2015-01-02,686.1714473990506,692.0529169481854,674.4085083007812,674.4085083007812,1091200,0.0,0.0
2015-01-02,680.2900597613791,686.171530018682,676.3690795898438,676.3690795898438,1406800,0.0,0.0
2015-01-02,674.4085499833269,676.3690399542087,643.0407104492188,643.0407104492188,1465200,0.0,0.0
2015-01-02,643.0406501450225,672.4479969504351,627.3567318488024,654.8035888671875,1084800,0.0,0.0
2015-01-02,660.6851201871546,660.6851201871546,639.1197305074552,643.0407104492188,538800,0.0,0.0
2015-01-02,643.0407108283191,643.0407108283191,631.2777709960938,631.2777709960938,876800,0.0,0.0
2015-01-02,631.2777709960938,631.2777709960938,631.2777709960938,631.2777709960938,0,0.0,0.0
2015-01-02,633.2382808755511,646.9617111112442,617.5543606061876,639.1197509765625,660800,0.0,0.0
2015-01-02,641.0802413893189,646.961711493808,631.2777912151703,633.23828125,1172000,0.0,0.0
2015-01-02,633.23828125,633.23828125,633.23828125,633.23828125,0,0.0,0.0
2015-01-02,643.0407314241486,645.0012214589783,631.2777912151703,633.23828125,2113200,0.0,0.0
2015-01-02,633.2382609681313,639.119730884244,631.2777709960938,631.2777709960938,549600,0.0,0.0
2015-01-02,631.2777908418807,646.9617111112442,631.2777908418807,639.1197509765625,821600,0.0,0.0
2015-01-02,641.080220478337,650.8826703327458,639.1197305074552,643.0407104492188,977600,0.0,0.0
2015-01-02,643.040750769413,666.5666318951231,643.040750769413,646.9617309570312,3049200,0.0,0.0
2015-01-02,646.9617315169868,658.724672090023,639.1197711349627,641.0802612304688,1540400,0.0,0.0
2015-01-02,637.1593428246769,646.9617942527489,633.2383622534481,635.1988525390625,1048000,0.0,0.0
2015-01-02,635.1988525390625,641.0803233959057,635.1988525390625,635.1988525390625,217200,0.0,0.0
2015-01-02,637.1592409122064,645.0012008003566,627.3567910520186,631.2777709960938,630000,0.0,0.0
2015-01-02,627.3568548387096,627.3568548387096,594.0285219254032,607.751953125,3900000,0.0,0.0
2015-01-02,603.8309334256002,607.7519135127793,592.0679931640625,592.0679931640625,1137600,0.0,0.0
2015-01-02,594.0285251284606,603.8309760381711,582.2655840368079,584.22607421875,2627200,0.0,0.0
2015-01-02,584.2260540792035,588.147034307923,578.3445837361243,582.2655639648438,711200,0.0,0.0
2015-01-02,582.2655639648438,582.2655639648438,582.2655639648438,582.2655639648438,0,0.0,0.0
2015-01-02,582.2655029296875,590.1074625651041,576.384033203125,576.384033203125,1540400,0.0,0.0
2015-01-02,576.384033203125,599.909912109375,576.384033203125,594.0284423828125,1094000,0.0,0.0
2015-01-02,594.0284832076521,607.7519135127793,588.1470130768832,592.0679931640625,812800,0.0,0.0
2015-01-02,592.0680145366425,592.0680145366425,580.3050738504841,582.2655639648438,574400,0.0,0.0
2015-01-02,582.2655437572582,588.1470138962204,580.3050537109375,580.3050537109375,374400,0.0,0.0
2015-01-02,580.3050738504841,588.147034307923,580.3050738504841,582.2655639648438,251600,0.0,0.0
2015-01-02,582.2655840368079,588.1470545826343,578.3446036729237,584.22607421875,961200,0.0,0.0
2015-01-02,586.1865435791016,588.1470336914062,586.1865435791016,588.1470336914062,476400,0.0,0.0
2015-01-02,588.1470545826343,588.1470545826343,584.22607421875,584.22607421875,330400,0.0,0.0
2015-01-02,584.2260750463453,586.1865652310646,574.423624122749,578.3446044921875,3059600,0.0,0.0
2015-01-02,578.3446036729237,590.1075447645763,574.4236233090395,584.22607421875,3326400,0.0,0.0
2015-01-02,584.2260534667969,594.0285040283203,582.2655633544922,588.1470336914062,1760000,0.0,0.0
2015-01-02,592.0679323290216,597.9494018554688,582.2654831182762,597.9494018554688,950000,0.0,0.0
2015-01-02,597.9494848797217,597.9494848797217,580.3050738504841,582.2655639648438,2811200,0.0,0.0
2015-01-02,582.2655658721924,582.2655658721924,560.7001745435927,564.6211547851562,5033200,0.0,0.0
2015-01-02,564.6211146763393,564.6211146763393,546.9767048427037,548.9371948242188,4992000,0.0,0.0
2015-01-02,548.9372159090909,548.9372159090909,535.2137855113637,539.134765625,1174400,0.0,0.0
2015-01-02,539.1347249348959,560.7001139322916,527.3717854817709,541.09521484375,1844800,0.0,0.0
2015-01-02,541.0952552411196,558.7396657381126,535.2137850754553,545.0162353515625,600800,0.0,0.0
2015-01-02,545.0162357954546,548.9372159090909,539.134765625,539.134765625,390000,0.0,0.0
2015-01-02,539.1347249348959,543.0557047526041,535.2137451171875,541.09521484375,649200,0.0,0.0
2015-01-02,537.1742553710938,541.0952353373061,529.332295438669,537.1742553710938,426800,0.0,0.0
2015-01-02,546.9767258522727,548.9372159090909,531.2928053977273,539.134765625,566000,0.0,0.0
2015-01-02,539.1347249348959,546.9766845703125,527.3717854817709,529.332275390625,594400,0.0,0.0
2015-01-02,529.3322963569001,535.2137663164211,513.6483764648438,513.6483764648438,2398400,0.0,0.0
2015-01-02,513.6483356182392,523.450784771259,509.72735595703125,509.72735595703125,1557600,0.0,0.0
2015-01-02,509.72733637971703,525.4112544221698,509.72733637971703,519.52978515625,1474400,0.0,0.0
2015-01-02,519.52990631559,533.2533378031717,519.52990631559,525.411376953125,1039600,0.0,0.0
2015-01-02,539.1348234364684,635.1988465215119,527.3718818342182,556.7792358398438,57880000,0.0,0.0
2015-01-02,548.9372173108552,564.6211378054511,521.4903564453125,521.4903564453125,14744800,0.0,0.0
2015-01-02,521.4903364108719,525.411316383886,511.6878864783367,513.6483764648438,4242400,0.0,0.0
2015-01-02,509.7274500630291,509.7274500630291,488.1620579449779,492.0830383300781,8354400,0.0,0.0
2015-01-02,503.8459277442592,503.8459277442592,484.24102783203125,484.24102783203125,3772000,0.0,0.0
2015-01-02,484.2411100426499,503.846013283243,480.32012939453125,480.32012939453125,5515200,0.0,0.0
2015-01-02,480.3200480977043,484.2410280821753,474.4385781209977,478.35955810546875,4309600,0.0,0.0
2015-01-02,478.3595892561916,480.32007937609404,470.51762877658194,472.4781188964844,3087200,0.0,0.0
2015-01-02,472.47812856666343,476.39910888671875,470.5176384066358,476.39910888671875,2546000,0.0,0.0
2015-01-02,480.3200488800698,480.3200488800698,454.83367893949463,460.71514892578125,6076400,0.0,0.0
2015-01-02,460.71514892578125,474.43857889378324,460.71514892578125,460.71514892578125,967200,0.0,0.0
2015-01-02,464.63612891663894,470.5175989029255,460.71514892578125,460.71514892578125,3019200,0.0,0.0
2015-01-02,466.5966191785089,466.5966191785089,454.83367919921875,454.83367919921875,2021200,0.0,0.0
2015-01-02,460.71511814167405,462.6756080061067,448.95217895507807,448.9521789550781,9221600,0.0,0.0
2015-01-02,448.95225124782985,454.83372178819445,437.1893101671007,441.11029052734375,3816000,0.0,0.0
2015-01-02,441.1102401378543,441.1102401378543,421.5053405761719,421.5053405761719,3245200,0.0,0.0
2015-01-02,421.5053607799389,431.3078110306351,411.7029105292426,423.4658508300781,1104000,0.0,0.0
2015-01-02,427.38681059063606,427.38681059063606,415.6238708496094,415.6238708496094,726800,0.0,0.0
2015-01-02,415.6238914853051,419.54487159365704,411.7029113769531,411.7029113769531,4371200,0.0,0.0
2015-01-02,413.66341015177034,448.95223187087873,413.66341015177034,427.3868408203125,2722400,0.0,0.0
2015-01-02,427.3868309303566,435.22879113091363,419.54487072979964,423.4658508300781,962000,0.0,0.0
2015-01-02,423.4658508300781,423.4658508300781,423.4658508300781,423.4658508300781,0,0.0,0.0
2015-01-02,423.4658203125,425.4263102213542,417.5843505859375,417.5843505859375,578800,0.0,0.0
2015-01-02,417.58436080644714,423.4658306769605,411.7028909359338,415.6238708496094,3012400,0.0,0.0
2015-01-02,417.5843711238337,421.5053511343861,411.70290110800505,413.66339111328125,1792800,0.0,0.0
2015-01-02,413.6634130618842,419.5448833897783,394.05851196890393,397.9794921875,3065600,0.0,0.0
2015-01-02,397.9794716439596,419.54486173304116,397.9794716439596,401.90045166015625,3988400,0.0,0.0
2015-01-02,405.8214313800518,413.6633914067195,403.8609413733849,407.78192138671875,628400,0.0,0.0
2015-01-02,407.78194273399015,423.4658636083744,390.13753175030786,397.9794921875,3660000,0.0,0.0
2015-01-02,401.9004418207356,403.8609317808367,389.1572570800781,389.1572570800781,6018000,0.0,0.0
2015-01-02,392.0980013333834,407.78192138671875,392.0980013333834,407.78192138671875,4068400,0.0,0.0
2015-01-02,411.7029229525862,415.62390317118223,396.01900207820194,397.9794921875,2892000,0.0,0.0
2015-01-02,397.9795033823905,397.9795033823905,389.15729764238677,390.1375427246094,7120800,0.0,0.0
2015-01-02,392.0980128319815,396.0189929603014,384.2560525753419,385.2362976074219,3499600,0.0,0.0
2015-01-02,386.21653265082745,388.1770226642834,376.41408258354755,381.3153076171875,9523600,0.0,0.0
2015-01-02,382.2955532731681,386.21653330673905,369.5523681640625,369.5523681640625,6837600,0.0,0.0
2015-01-02,371.5128481478304,371.5128481478304,359.74990836478565,362.6906433105469,4784400,0.0,0.0
2015-01-02,362.6906539326873,367.5918789858318,351.90795881576963,354.84869384765625,8490400,0.0,0.0
2015-01-02,356.8092047835196,357.78944985160615,347.9869991707402,350.927734375,9596000,0.0,0.0
2015-01-02,352.88822383671015,363.6709195650541,350.927733704284,356.8092041015625,4730800,0.0,0.0
2015-01-02,358.76968460724135,360.73017468706234,347.9869891682259,349.9474792480469,6462000,0.0,0.0
2015-01-02,348.9672656806446,359.74996209212514,342.10554978242965,344.0660400390625,4670000,0.0,0.0
2015-01-02,346.0264896096001,347.0067346226585,340.14501953125,340.14501953125,6376400,0.0,0.0
2015-01-02,341.1252542840034,345.0462342183023,340.1450093004287,342.1054992675781,3788000,0.0,0.0
2015-01-02,342.1054993557792,342.1054993557792,336.22402945281453,339.1647644042969,7772400,0.0,0.0
2015-01-02,339.1647644042969,339.1647644042969,339.1647644042969,339.1647644042969,0,0.0,0.0
2015-01-02,339.1647644042969,339.1647644042969,339.1647644042969,339.1647644042969,0,0.0,0.0
2015-01-02,338.1845505658318,338.1845505658318,328.3820998247932,333.2833251953125,3847200,0.0,0.0
2015-01-02,335.24379499988447,336.224040014504,330.3425699267867,331.32281494140625,1653600,0.0,0.0
2015-01-02,333.28332555753894,333.28332555753894,330.34259033203125,330.34259033203125,3665600,0.0,0.0
2015-01-02,330.34259033203125,330.34259033203125,330.34259033203125,330.34259033203125,0,0.0,0.0
2015-01-02,330.34259033203125,330.34259033203125,330.34259033203125,330.34259033203125,0,0.0,0.0
2015-01-02,330.34257048169167,331.32281549795783,322.5006103515625,322.5006103515625,3734800,0.0,0.0
2015-01-02,322.500620431611,329.3623357599432,322.500620431611,323.4808654785156,6680800,0.0,0.0
2015-01-02,324.4611091945482,349.94748030952786,324.4611091945482,338.1845397949219,11822400,0.0,0.0
2015-01-02,342.10550920956535,353.86844935430685,341.12526419750355,346.0264892578125,22875200,0.0,0.0
2015-01-02,347.9869688250682,358.76966363373225,347.9869688250682,353.8684387207031,34400400,0.0,0.0
2015-01-02,360.7301931423611,441.11029052734375,359.74994805230034,441.11029052734375,315234400,0.0,0.0
2015-01-02,411.70290282575513,411.70290282575513,370.53261254317965,381.3153076171875,140989200,0.0,0.0
2015-01-02,382.29558244536196,394.05852344368077,381.3153373621687,387.1968078613281,25240800,0.0,0.0
2015-01-02,387.19678569975355,415.6238914853051,384.2560506184896,411.7029113769531,58466000,0.0,0.0
2015-01-02,419.5448404947917,423.4658203125,401.9004313151042,417.5843505859375,40871600,0.0,0.0
2015-01-02,417.58438153948106,433.26830197288876,411.7029113769531,411.7029113769531,48536800,0.0,0.0
2015-01-02,411.702880859375,419.5448404947917,394.0584716796875,399.93994140625,11574800,0.0,0.0
2015-01-02,403.8609311085827,415.6238708496094,401.90044115174493,415.6238708496094,13776400,0.0,0.0
2015-01-02,419.54485091067954,423.4658308257326,405.82142120799375,409.7424011230469,9586000,0.0,0.0
2015-01-02,411.7028988108915,507.76690853343285,403.8609388335412,466.59661865234375,182573200,0.0,0.0
2015-01-02,468.5571210706556,582.2655437572582,460.71516088537265,580.3050537109375,237891200,0.0,0.0
2015-01-02,582.2655658721924,625.3963485293918,558.7396844228109,564.6211547851562,194335600,0.0,0.0
2015-01-02,568.5420735677084,568.5420735677084,529.332275390625,529.332275390625,48158000,0.0,0.0
2015-01-02,531.2928053977273,592.067997159091,515.6088849431818,539.134765625,121112400,0.0,0.0
2015-01-02,545.0162367129415,550.8977068932969,515.608885811164,527.371826171875,28350800,0.0,0.0
2015-01-02,529.3323162319934,545.0162367129415,515.608885811164,527.371826171875,62772400,0.0,0.0
2015-01-02,533.2532754048814,546.9767052866247,529.332295438669,537.1742553710938,51359600,0.0,0.0
2015-01-02,539.1347440954756,576.3840536875267,533.2532741598886,572.4630737304688,192221200,0.0,0.0
2015-01-02,578.3446005544355,619.5148941532258,564.6211693548387,607.751953125,243988000,0.0,0.0
2015-01-02,607.751953125,607.751953125,607.751953125,607.751953125,0,0.0,0.0
2015-01-02,607.7519290808476,656.7641814260772,607.7519290808476,646.9617309570312,163435200,0.0,0.0
2015-01-02,646.9616891593168,703.8158982066508,646.9616891593168,684.2109985351562,156490800,0.0,0.0
2015-01-02,692.052958582178,697.9344284851428,664.6060990350095,678.3295288085938,59133200,0.0,0.0
2015-01-02,676.3690384951506,721.4603077281605,670.4875685951927,690.0924682617188,97184000,0.0,0.0
2015-01-02,688.1320018183234,699.894942020346,615.5938705725172,639.1197509765625,105966000,0.0,0.0
2015-01-02,643.0407318115234,666.5666122436523,617.5543613433838,627.3568115234375,59488000,0.0,0.0
2015-01-02,637.1592203776041,737.1442057291666,627.3567708333334,735.1837158203125,194750400,0.0,0.0
2015-01-02,735.1837364402977,743.0256962956609,686.1714873442778,725.3812866210938,101940800,0.0,0.0
2015-01-02,731.2627565126161,743.0256962956609,709.6973669103674,725.3812866210938,54735200,0.0,0.0
2015-01-02,725.3813290066189,725.3813290066189,688.1320175170898,705.7764282226562,71608800,0.0,0.0
2015-01-02,707.7369183010525,733.223289320204,695.9739778306749,705.7764282226562,40741600,0.0,0.0
2015-01-02,709.6973674066179,729.3022670587344,695.9739376501363,707.7368774414062,30652800,0.0,0.0
2015-01-02,709.6973684772458,715.5788383817534,660.6851192730161,672.4480590820312,39794000,0.0,0.0
2015-01-02,676.3691011316636,688.1320420209099,650.8827292049632,666.566650390625,39367200,0.0,0.0
2015-01-02,668.5271249922495,676.3690854027158,607.7519318111359,617.5543823242188,43724400,0.0,0.0
2015-01-02,621.4753804837741,652.8432230318509,605.7914592097355,637.1593017578125,31918400,0.0,0.0
2015-01-02,641.0802606756038,650.8827111446496,609.7124191746567,646.9617309570312,23660000,0.0,0.0
2015-01-02,648.9221395469574,670.4875278702701,639.1196903090879,650.8826293945312,33321600,0.0,0.0
2015-01-02,650.8826497395834,656.7641194661459,621.4753011067709,623.435791015625,15694800,0.0,0.0
2015-01-02,623.435791015625,637.1592203776041,611.6728515625,623.435791015625,25877600,0.0,0.0
2015-01-02,623.4357698034067,623.4357698034067,590.1074424868725,597.9494018554688,23216000,0.0,0.0
2015-01-02,597.9494018554688,597.9494018554688,597.9494018554688,597.9494018554688,0,0.0,0.0
2015-01-02,595.989019710689,601.8704902999393,546.9767648002705,554.8187255859375,30936400,0.0,0.0
2015-01-02,554.8187273486857,556.7792175513313,533.2533351195849,543.0557861328125,19652400,0.0,0.0
2015-01-02,535.2137451171875,543.0557047526041,519.5298258463541,523.4508056640625,10856800,0.0,0.0
2015-01-02,527.3717854817709,560.7001139322916,525.4112955729166,546.9766845703125,31119600,0.0,0.0
2015-01-02,552.8581754677409,556.7791554355973,523.4508257088186,531.2927856445312,16496000,0.0,0.0
2015-01-02,533.2532754048814,545.0162153035185,531.2927854217752,537.1742553710938,9299200,0.0,0.0
2015-01-02,535.2137451171875,572.4630533854166,535.2137451171875,570.5025634765625,30784800,0.0,0.0
2015-01-02,595.9889528394933,607.7518926981676,578.344543051482,590.1074829101562,35631200,0.0,0.0
2015-01-02,584.2260136016428,595.9889534728168,566.5816037948817,572.4630737304688,11427200,0.0,0.0
2015-01-02,568.5421146831446,584.2260350881969,562.66064453125,562.66064453125,12929600,0.0,0.0
2015-01-02,568.5421569608548,570.5026471572714,550.897745193104,554.8187255859375,6757600,0.0,0.0
2015-01-02,552.8581979265684,552.8581979265684,513.6483966551806,515.60888671875,14050800,0.0,0.0
2015-01-02,529.3322646617889,537.1742241382599,499.9249166250229,501.8854064941406,17275200,0.0,0.0
2015-01-02,509.72740741804535,515.6088775036382,492.08299716126686,499.9249572753906,11572000,0.0,0.0
2015-01-02,505.806396484375,519.5298258463541,499.9249267578125,505.806396484375,4745200,0.0,0.0
2015-01-02,501.88548929282865,509.7274500630291,490.122548137528,492.0830383300781,3927600,0.0,0.0
2015-01-02,490.1225197764121,494.0434999346234,464.6361487480387,468.55712890625,10434400,0.0,0.0
2015-01-02,468.55709865062533,484.24101827072997,450.91268907800765,456.7941589355469,13060000,0.0,0.0
2015-01-02,456.7941589355469,456.7941589355469,456.7941589355469,456.7941589355469,0,0.0,0.0
2015-01-02,456.7941979372649,486.20154973580134,456.7941979372649,472.4781188964844,7402400,0.0,0.0
2015-01-02,480.3200466942241,515.6088664513508,480.3200466942241,513.6483764648438,21362800,0.0,0.0
2015-01-02,513.6483874751073,519.5298575607001,496.00397721832877,499.9249572753906,10525600,0.0,0.0
2015-01-02,511.68793852691056,513.6484287128374,496.00401703949564,503.8459777832031,12154800,0.0,0.0
2015-01-02,509.7273763020833,509.7273763020833,499.9249267578125,505.806396484375,4402400,0.0,0.0
2015-01-02,507.7669677734375,519.5299091118183,499.9250068811836,507.7669677734375,5756400,0.0,0.0
2015-01-02,501.88545454545454,543.0557457386363,499.92496448863636,539.134765625,38916000,0.0,0.0
2015-01-02,539.1347455802438,546.9767055159565,513.6483757891777,531.2927856445312,19586800,0.0,0.0
2015-01-02,531.2927856445312,560.7001354034536,529.3322956606031,531.2927856445312,34526800,0.0,0.0
2015-01-02,531.2927856445312,531.2927856445312,531.2927856445312,531.2927856445312,0,0.0,0.0
2015-01-02,531.2927854217752,541.0952353373061,519.5298455231381,537.1742553710938,14568000,0.0,0.0
2015-01-02,537.1742553710938,537.1742553710938,537.1742553710938,537.1742553710938,0,0.0,0.0
2015-01-02,537.1742350260416,545.0161946614584,523.4508056640625,529.332275390625,10287600,0.0,0.0
2015-01-02,527.371806370393,533.2532763299141,511.6878864783367,513.6483764648438,23773200,0.0,0.0
2015-01-02,513.648419576978,521.4903801812065,490.1225377642919,494.04351806640625,16420400,0.0,0.0
2015-01-02,494.043467367849,499.92493721746627,480.3200377187421,486.2015075683594,8734800,0.0,0.0
2015-01-02,486.20156775242776,507.766959870479,482.28058736732754,492.0830383300781,17902800,0.0,0.0
2015-01-02,494.0434765997734,523.4508263973789,492.0829866132663,513.6483764648438,25136800,0.0,0.0
2015-01-02,517.5693976742098,521.4903779596204,499.9249863898617,511.68792724609375,32622400,0.0,0.0
2015-01-02,511.68792724609375,511.68792724609375,511.68792724609375,511.68792724609375,0,0.0,0.0
2015-01-02,511.68794025557924,517.5694108332295,490.122548137528,492.0830383300781,7704000,0.0,0.0
2015-01-02,492.0830713388871,494.04356166294644,470.5176777742347,480.32012939453125,10581200,0.0,0.0
2015-01-02,480.32007158590307,480.32007158590307,443.0707599118943,445.03125,23054400,0.0,0.0
2015-01-02,446.9917305611275,452.87320070008974,431.30781019056167,435.2287902832031,23341200,0.0,0.0
2015-01-02,435.2287702693496,435.2287702693496,411.70289079533063,421.5053405761719,10699600,0.0,0.0
2015-01-02,423.4658313818482,433.268281182354,389.1572570800781,389.1572570800781,32837600,0.0,0.0
2015-01-02,389.15726660751716,405.8214316763529,374.4535915467797,401.90045166015625,34046800,0.0,0.0
2015-01-02,407.78193334526077,409.7424234094207,385.2362976074219,385.2362976074219,13947200,0.0,0.0
2015-01-02,382.29555294345624,385.23628796609825,371.5128578604357,375.433837890625,23440000,0.0,0.0
2015-01-02,376.41408408149175,377.39432909212064,353.86844883702736,354.84869384765625,13290800,0.0,0.0
2015-01-02,354.84870580483596,361.7104211104544,333.28331484432107,335.2438049316406,20711200,0.0,0.0
2015-01-02,335.243784556931,350.92770430228455,333.28329458876186,336.2240295410156,14785600,0.0,0.0
2015-01-02,336.2240391371946,350.9277143181215,329.36232405276206,346.0264892578125,22608800,0.0,0.0
2015-01-02,346.0264988369412,368.5721347384982,346.0264988369412,352.8882141113281,13437600,0.0,0.0
2015-01-02,352.8882141113281,355.8289492289225,345.046253797743,352.8882141113281,6561200,0.0,0.0
2015-01-02,352.8881931057224,378.3745626078024,352.8881931057224,377.3943176269531,24756800,0.0,0.0
2015-01-02,377.39431778799576,396.0189724320786,370.53260291912306,371.5128479003906,20944400,0.0,0.0
2015-01-02,372.4930923461914,396.01897186279297,371.512847366333,392.0979919433594,44016000,0.0,0.0
2015-01-02,392.0980332772943,401.9004841092267,386.2165627781349,387.1968078613281,31276800,0.0,0.0
2015-01-02,387.1967872103354,396.01899248854556,387.1967872103354,391.1177673339844,10963600,0.0,0.0
2015-01-02,391.1177673339844,391.1177673339844,391.1177673339844,391.1177673339844,0,0.0,0.0
2015-01-02,391.11775661561546,411.7029017006479,391.11775661561546,401.90045166015625,46049200,0.0,0.0
2015-01-02,401.90045166015625,401.90045166015625,401.90045166015625,401.90045166015625,0,0.0,0.0
2015-01-02,401.90045166015625,401.90045166015625,401.90045166015625,401.90045166015625,0,0.0,0.0
2015-01-02,401.90045166015625,401.90045166015625,401.90045166015625,401.90045166015625,0,0.0,0.0
2015-01-02,401.90045166015625,401.90045166015625,401.90045166015625,401.90045166015625,0,0.0,0.0
2015-01-02,401.90045166015625,401.90045166015625,401.90045166015625,401.90045166015625,0,0.0,0.0
2015-01-02,407.7819312686012,425.4263417561849,403.8609511602493,411.7029113769531,26142800,0.0,0.0
2015-01-02,413.6634014311291,419.54487159365704,407.7819312686012,411.7029113769531,16320400,0.0,0.0
2015-01-02,411.7029229525862,417.5843932804803,396.01900207820194,397.9794921875,16981600,0.0,0.0
2015-01-02,397.9794727315633,401.90045275847524,381.3153076171875,381.3153076171875,25853600,0.0,0.0
2015-01-02,382.2955728125999,387.19679810506915,380.3350826956122,383.27581787109375,8904400,0.0,0.0
2015-01-02,386.2165623957188,396.0190132179452,385.2363173134962,390.1375427246094,9982800,0.0,0.0
2015-01-02,391.1177881941011,394.05852344368077,386.2165627781349,387.1968078613281,4896800,0.0,0.0
2015-01-02,388.1770120239258,392.0979919433594,388.1770120239258,392.0979919433594,4829600,0.0,0.0
2015-01-02,394.05851814963603,435.2288110906428,391.1177829395641,431.3078308105469,68264800,0.0,0.0
2015-01-02,441.1102874369561,478.35960059829904,437.1893071041832,464.63616943359375,109275600,0.0,0.0
2015-01-02,470.5176399327532,474.43862026552614,450.91273826888846,464.63616943359375,46860800,0.0,0.0
2015-01-02,472.4780888983544,472.4780888983544,458.7546589303524,460.71514892578125,18498000,0.0,0.0
2015-01-02,464.6361261909738,533.2532756284594,450.9126963034767,531.2927856445312,113773600,0.0,0.0
2015-01-02,531.2927652994791,539.1347249348959,505.806396484375,505.806396484375,59243200,0.0,0.0
2015-01-02,505.80643640090307,527.3718271001663,496.0039860830561,515.60888671875,43306400,0.0,0.0
2015-01-02,519.529864219584,552.8581951317839,505.80643384397246,550.897705078125,104323600,0.0,0.0
2015-01-02,554.8187074766054,570.5026285360148,533.2533160199175,535.2138061523438,76166400,0.0,0.0
2015-01-02,535.2137451171875,543.0557047526041,499.9249267578125,505.806396484375,42188000,0.0,0.0
2015-01-02,505.8064359507166,535.2137868780839,505.8064359507166,521.4903564453125,48894800,0.0,0.0
2015-01-02,523.4508257088186,537.1742555963157,513.6483757891777,531.2927856445312,33281200,0.0,0.0
2015-01-02,529.3323171637358,533.2532972908746,513.6483966551806,515.60888671875,15833600,0.0,0.0
2015-01-02,515.60888671875,533.2532972908746,513.6483966551806,515.60888671875,17797200,0.0,0.0
2015-01-02,517.5694118540194,556.7792157823543,517.5694118540194,554.8187255859375,97229200,0.0,0.0
2015-01-02,556.7792175513313,582.2655901857232,535.2138253222304,543.0557861328125,116217600,0.0,0.0
2015-01-02,543.0557047526041,550.8976643880209,525.4112955729166,529.332275390625,34597200,0.0,0.0
2015-01-02,529.332275390625,545.0161946614584,523.4508056640625,541.09521484375,23158800,0.0,0.0
2015-01-02,541.0952342736267,566.5816040039062,541.0952342736267,566.5816040039062,78148000,0.0,0.0
2015-01-02,568.5421991010085,572.4631797844637,550.8977860254599,552.8582763671875,39254800,0.0,0.0
2015-01-02,552.858154296875,560.7001139322916,539.1347249348959,541.09521484375,21331200,0.0,0.0
2015-01-02,541.09521484375,550.8976643880209,539.1347249348959,541.09521484375,17502800,0.0,0.0
2015-01-02,539.1347249348959,560.7001139322916,531.2927652994791,546.9766845703125,27973600,0.0,0.0
2015-01-02,548.9371952697308,556.7791552021555,533.2532754048814,537.1742553710938,22016800,0.0,0.0
2015-01-02,543.0557666820484,552.8582173441793,535.2138061523438,535.2138061523438,24016000,0.0,0.0
2015-01-02,543.055778904965,601.8704842015317,543.055778904965,595.989013671875,217885200,0.0,0.0
2015-01-02,595.9889716859077,629.317302339396,592.0679916090268,615.5938720703125,157912000,0.0,0.0
2015-01-02,617.5543785095215,664.6061406816755,599.9099676949637,658.7246704101562,111305200,0.0,0.0
2015-01-02,658.7246905137241,676.3691018667703,652.8432200627086,660.6851806640625,70978400,0.0,0.0
2015-01-02,660.6851394966551,676.3690597220949,646.9617092993951,668.527099609375,78262800,0.0,0.0
2015-01-02,668.5270999705298,670.4875899997689,658.7246498243344,662.6456298828125,27110400,0.0,0.0
2015-01-02,662.6456313806077,662.6456313806077,617.5543606061876,639.1197509765625,57909200,0.0,0.0
2015-01-02,633.2383229605456,654.8037147641555,623.435872140723,625.3963623046875,30250800,0.0,0.0
2015-01-02,611.6729125976562,635.1987938514122,592.0680115528596,611.6729125976562,60526000,0.0,0.0
2015-01-02,615.593888419015,666.566630772182,613.6333983285086,658.7246704101562,64174000,0.0,0.0
2015-01-02,656.7641808678795,674.4085916971659,652.8432006835938,652.8432006835938,50382000,0.0,0.0
2015-01-02,646.9617100046642,664.6061202775186,646.9617100046642,656.76416015625,18464800,0.0,0.0
2015-01-02,658.7246663411458,705.7764282226562,650.8827060275607,705.7764282226562,68309200,0.0,0.0
2015-01-02,707.7369568866233,731.2628391100013,695.9740157749342,721.4603881835938,86986000,0.0,0.0
2015-01-02,725.3813065309575,739.1047366545162,715.5788564427014,733.2232666015625,49245200,0.0,0.0
2015-01-02,729.30224609375,731.2627360026041,697.9344075520834,711.6578369140625,23327200,0.0,0.0
2015-01-02,711.6578773812072,733.2232676048801,711.6578773812072,715.578857421875,17124000,0.0,0.0
2015-01-02,721.4603255548303,774.3935559623858,721.4603255548303,750.86767578125,67290800,0.0,0.0
2015-01-02,754.7886801825629,760.6701504177516,705.7764282226562,705.7764282226562,48485600,0.0,0.0
2015-01-02,705.7764872566598,741.0653116194928,705.7764872566598,717.5394287109375,37602800,0.0,0.0
2015-01-02,721.4603288774788,731.2627789980967,680.2900383708835,692.052978515625,31595600,0.0,0.0
2015-01-02,695.9739839046373,701.8554541911553,627.3568305619266,641.0802612304688,40334400,0.0,0.0
2015-01-02,641.0802392148552,680.2900397784549,599.9099486230755,668.527099609375,43712000,0.0,0.0
2015-01-02,676.3690386665585,697.9344283052025,672.4480587322596,684.2109985351562,26094800,0.0,0.0
2015-01-02,684.2110562167325,715.5788983355511,684.2110562167325,713.618408203125,26582800,0.0,0.0
2015-01-02,717.5393671795605,741.0652480706937,715.5788771052994,723.4208374023438,35219200,0.0,0.0
2015-01-02,723.4208175032106,733.2232676048801,715.578857421875,715.578857421875,10092000,0.0,0.0
2015-01-02,713.6183865454889,733.2232872747607,699.8949560349987,729.3023071289062,22344800,0.0,0.0
2015-01-02,731.262757746743,743.0256975496396,672.4480587322596,684.2109985351562,24970400,0.0,0.0
2015-01-02,680.290081428079,709.6974336511948,656.7641996495864,666.566650390625,16504400,0.0,0.0
2015-01-02,670.4875286013581,684.2109575493391,664.6060590522234,674.4085083007812,21449600,0.0,0.0
2015-01-02,680.2900582006422,713.6183895822298,676.3690780381024,694.0134887695312,24133600,0.0,0.0
2015-01-02,694.013427734375,707.7368570963541,676.3690185546875,682.25048828125,9434000,0.0,0.0
2015-01-02,686.1715087890625,697.9344489397322,684.211018763951,686.1715087890625,7660800,0.0,0.0
2015-01-02,686.1715091408502,694.013469245317,676.3690590102666,680.2900390625,6157200,0.0,0.0
2015-01-02,676.3691018667703,686.1715526184626,658.7246905137241,660.6851806640625,8504800,0.0,0.0
2015-01-02,660.6851610521654,668.5271214207371,648.9222204993079,652.8432006835938,10513600,0.0,0.0
2015-01-02,652.843182392301,652.843182392301,617.5543617224467,621.475341796875,14265200,0.0,0.0
2015-01-02,621.4753207695193,650.8826703327458,611.6728709151105,643.0407104492188,19041200,0.0,0.0
2015-01-02,646.9617111112442,660.6851413469373,639.1197509765625,639.1197509765625,14787200,0.0,0.0
2015-01-02,652.8432029652819,652.8432029652819,627.356831678349,629.3173217773438,10609200,0.0,0.0
2015-01-02,631.2778118763387,637.1592821733232,619.5148712823695,629.3173217773438,5644800,0.0,0.0
2015-01-02,637.1592845731569,637.1592845731569,597.949482445578,605.7914428710938,11672000,0.0,0.0
2015-01-02,605.7914027217219,605.7914027217219,582.2655230043734,590.1074829101562,8208400,0.0,0.0
2015-01-02,592.0679737341858,592.0679737341858,566.5816040039062,566.5816040039062,12619200,0.0,0.0
2015-01-02,572.4631315532483,601.8704842015317,566.5816610235917,595.989013671875,32742800,0.0,0.0
2015-01-02,601.870485856229,601.870485856229,574.4236233090395,584.22607421875,16132000,0.0,0.0
2015-01-02,584.2259928385416,584.2259928385416,558.7396240234375,558.7396240234375,13426000,0.0,0.0
2015-01-02,562.6606863716045,572.4631373536882,552.8582353895208,554.8187255859375,8286000,0.0,0.0
2015-01-02,548.9371744791666,558.7396240234375,519.5298258463541,523.4508056640625,14116400,0.0,0.0
2015-01-02,523.4508056640625,539.1347249348959,511.6878662109375,529.332275390625,13259600,0.0,0.0
2015-01-02,533.2532945951957,558.7396652927603,527.3718244342193,550.897705078125,35746400,0.0,0.0
2015-01-02,554.8187074766054,586.1865495954241,533.2533160199175,535.2138061523438,46077200,0.0,0.0
2015-01-02,535.2137859568876,550.8977064244888,515.6088853723862,533.2532958984375,20832000,0.0,0.0
2015-01-02,529.3322956606031,543.0557255481002,527.3718056766749,531.2927856445312,11556000,0.0,0.0
2015-01-02,529.332275390625,541.09521484375,521.4903157552084,523.4508056640625,20026400,0.0,0.0
2015-01-02,529.3323573781483,533.2533378031717,519.52990631559,525.411376953125,11784800,0.0,0.0
2015-01-02,529.3323476690995,595.989013671875,529.3323476690995,595.989013671875,89920000,0.0,0.0
2015-01-02,607.7519104378355,674.4085715826303,597.9494602694833,639.1197509765625,170909200,0.0,0.0
2015-01-02,639.1197904373583,678.3295935316748,639.1197904373583,648.9222412109375,56430400,0.0,0.0
2015-01-02,650.8826497395834,656.7641194661459,615.5938313802084,623.435791015625,26166400,0.0,0.0
2015-01-02,623.4358744959677,627.3568548387096,597.9495022681451,607.751953125,29920000,0.0,0.0
2015-01-02,611.6729131902306,621.4753637221253,597.949482445578,605.7914428710938,13216800,0.0,0.0
2015-01-02,607.7519275586515,664.6061401367188,607.7519275586515,664.6061401367188,110587600,0.0,0.0
2015-01-02,666.5666318951231,676.3690823641691,641.0802606756038,646.9617309570312,54144000,0.0,0.0
2015-01-02,660.6850786324007,664.6060583275485,643.0406700042357,650.8826293945312,36844800,0.0,0.0
2015-01-02,652.843204171317,660.6851645817833,607.7519318111359,617.5543823242188,29075200,0.0,0.0
2015-01-02,621.4753625294519,641.0802635556175,617.5543823242188,617.5543823242188,22424400,0.0,0.0
2015-01-02,619.5148521471936,625.396322262515,611.6728919934316,615.5938720703125,11772000,0.0,0.0
2015-01-02,623.4358310758514,652.8431815982972,621.4753410410217,633.23828125,46652400,0.0,0.0
2015-01-02,633.2382207663662,652.8431192421052,625.3962613760707,650.8826293945312,30243600,0.0,0.0
2015-01-02,650.8826919555664,654.8036720275879,619.5148513793945,627.3568115234375,18086400,0.0,0.0
2015-01-02,623.435872140723,639.1197934524392,619.5148918127938,625.3963623046875,17471200,0.0,0.0
2015-01-02,627.3568509615385,643.0407722355769,619.5148903245192,637.1593017578125,26343600,0.0,0.0
2015-01-02,646.9617489085477,668.5271405388327,633.2383178710937,666.566650390625,97920000,0.0,0.0
2015-01-02,668.5270173763801,682.2504458855726,646.9616297190775,654.8035888671875,80375200,0.0,0.0
2015-01-02,670.4875885881697,695.9739589146205,658.7246484375,686.1715087890625,84549200,0.0,0.0
2015-01-02,686.1715098629949,686.1715098629949,660.6851394966551,668.527099609375,41250800,0.0,0.0
2015-01-02,666.5665891775237,682.2505089228772,666.5665891775237,672.4480590820312,19547600,0.0,0.0
2015-01-02,672.4481230675274,678.3295935316748,637.1593002826426,648.9222412109375,34779600,0.0,0.0
2015-01-02,648.9222412109375,662.6456722939482,637.1593002826426,648.9222412109375,19210800,0.0,0.0
2015-01-02,650.8827146872496,660.685165209648,607.7519323886969,611.6729125976562,27984800,0.0,0.0
2015-01-02,611.6728919934316,629.317302339396,599.9099517627886,615.5938720703125,21834400,0.0,0.0
2015-01-02,611.6728515625,633.2382405598959,597.9494222005209,623.435791015625,17196400,0.0,0.0
2015-01-02,627.3568328373016,641.0802635556175,617.5543823242188,617.5543823242188,19009200,0.0,0.0
2015-01-02,619.5147901191086,623.4357698034067,588.1469526447233,597.9494018554688,34081200,0.0,0.0
2015-01-02,599.9098916976178,607.7518510662142,590.1074424868725,597.9494018554688,15275200,0.0,0.0
2015-01-02,599.9099719707782,617.5543829110952,597.9494818662986,611.6729125976562,20050400,0.0,0.0
2015-01-02,615.5939138104839,617.5544039818549,601.870482610887,607.751953125,84138800,0.0,0.0
2015-01-02,607.7518717447916,607.7518717447916,592.0679524739584,594.0284423828125,10262000,0.0,0.0
2015-01-02,595.9889753919861,599.9099554932492,556.7791743793554,562.66064453125,19926800,0.0,0.0
2015-01-02,564.6211756993007,574.4236266663024,533.2533326048951,560.7001953125,17566000,0.0,0.0
2015-01-02,564.6211132163621,594.0284628630476,564.6211132163621,590.1074829101562,13027600,0.0,0.0
2015-01-02,592.0680139160156,605.7914447021484,580.3050732421875,588.1470336914062,12728000,0.0,0.0
2015-01-02,586.1865441935632,592.0680145366425,572.4631133930451,582.2655639648438,4722800,0.0,0.0
2015-01-02,588.1470506564497,613.6334228515625,584.2260703187401,613.6334228515625,29622800,0.0,0.0
2015-01-02,615.5938934029886,621.4753637221253,595.9889923391991,605.7914428710938,25722400,0.0,0.0
2015-01-02,607.7519126991173,613.633382822012,599.9099525352577,603.8309326171875,12469200,0.0,0.0
2015-01-02,609.7124449077405,617.5544056139494,594.0285234953228,595.989013671875,13208400,0.0,0.0
2015-01-02,597.9494632948313,605.7914234691898,590.1075031204729,592.0679931640625,10205600,0.0,0.0
2015-01-02,595.9889322916666,599.909912109375,592.0679524739584,594.0284423828125,9296400,0.0,0.0
2015-01-02,599.9099719707782,621.4753631200546,595.9889917618189,611.6729125976562,30926000,0.0,0.0
2015-01-02,613.633382423131,627.3568127009646,607.7519123040595,609.71240234375,16456400,0.0,0.0
2015-01-02,611.6729131902306,615.5938934029886,599.9099725519569,605.7914428710938,9735600,0.0,0.0
2015-01-02,605.7914447021484,605.7914447021484,584.2260534667969,588.1470336914062,26388000,0.0,0.0
2015-01-02,590.1075039425411,595.9889740815033,572.4630935256546,580.3050537109375,14057600,0.0,0.0
2015-01-02,580.3050130208334,586.1864827473959,564.62109375,570.5025634765625,18330800,0.0,0.0
2015-01-02,572.4630533854166,580.3050130208334,570.5025634765625,570.5025634765625,11449200,0.0,0.0
2015-01-02,572.4630533854166,578.3445231119791,564.62109375,576.384033203125,6582400,0.0,0.0
2015-01-02,578.3445231119791,580.3050130208334,570.5025634765625,576.384033203125,7008000,0.0,0.0
2015-01-02,580.3050130208334,580.3050130208334,570.5025634765625,570.5025634765625,5498800,0.0,0.0
2015-01-02,570.5026047337761,574.4235848350393,560.7001544806185,562.66064453125,4570800,0.0,0.0
2015-01-02,562.6606240454016,572.4630739416631,562.6606240454016,566.5816040039062,4690400,0.0,0.0
2015-01-02,568.5420735677084,570.5025634765625,558.7396240234375,558.7396240234375,11581200,0.0,0.0
2015-01-02,560.7001540611531,576.384074454472,560.7001540611531,568.5421142578125,14173200,0.0,0.0
2015-01-02,554.8186442057291,564.62109375,554.8186442057291,558.7396240234375,7294000,0.0,0.0
2015-01-02,558.739664429987,564.6211345818815,554.8186843287239,562.66064453125,5291600,0.0,0.0
2015-01-02,564.6211140246539,576.3840539001676,564.6211140246539,566.5816040039062,13458000,0.0,0.0
2015-01-02,566.581623793462,576.3840740321032,566.581623793462,574.423583984375,7241600,0.0,0.0
2015-01-02,576.384095509847,580.3050757514106,564.6211547851562,564.6211547851562,7123600,0.0,0.0
2015-01-02,564.62109375,570.5025634765625,545.0161946614584,546.9766845703125,15216800,0.0,0.0
2015-01-02,546.9767469469008,546.9767469469008,533.2533160199175,535.2138061523438,18617600,0.0,0.0
2015-01-02,537.1742555963157,546.9767055159565,531.2927856445312,531.2927856445312,12116000,0.0,0.0
2015-01-02,535.2137031987029,535.2137031987029,515.6088056456368,519.52978515625,11699600,0.0,0.0
2015-01-02,519.5298575607001,523.450837617762,499.9249572753906,499.9249572753906,19648800,0.0,0.0
2015-01-02,496.0040120957773,507.76695309409615,464.63616943359375,464.63616943359375,30286800,0.0,0.0
2015-01-02,464.6361487480387,478.35957930177824,445.0312479569822,468.55712890625,28215600,0.0,0.0
2015-01-02,472.4780680338542,474.4385579427083,456.7941487630208,458.754638671875,10386800,0.0,0.0
2015-01-02,454.8336800203195,460.71515002058226,437.18927001953125,437.18927001953125,13656400,0.0,0.0
2015-01-02,435.2287995594714,452.8732103524229,421.5053689427313,445.03125,22393600,0.0,0.0
2015-01-02,450.91268907800765,466.5966086981123,443.07072926795536,456.7941589355469,22836800,0.0,0.0
2015-01-02,458.75462827724135,462.6756080061067,441.1102194973475,448.9521789550781,11547200,0.0,0.0
2015-01-02,450.91266881951077,450.91266881951077,431.3077701751842,448.9521789550781,15031600,0.0,0.0
2015-01-02,446.9917526596702,446.9917526596702,425.4263610839844,425.4263610839844,9670800,0.0,0.0
2015-01-02,431.30784126177224,441.1102921995398,415.62391976134415,429.34735107421875,22465600,0.0,0.0
2015-01-02,433.2683260599772,482.2805801391602,431.3078358968099,470.51763916015625,85776000,0.0,0.0
2015-01-02,478.35960059829904,480.3200907646855,454.8337186016614,464.63616943359375,55669200,0.0,0.0
2015-01-02,464.63616943359375,476.39911043191256,458.7546989344343,464.63616943359375,20790000,0.0,0.0
2015-01-02,462.6756716027724,468.55714200450257,439.14978999585173,443.0707702636719,20669200,0.0,0.0
2015-01-02,441.1102921995398,452.87323332486085,427.3868608866652,429.34735107421875,32430400,0.0,0.0
2015-01-02,433.26832165696106,441.1102822299377,423.4658709407402,425.4263610839844,17296000,0.0,0.0
2015-01-02,425.42634366738673,431.3078138563368,383.27580731324474,388.1770324707031,65044000,0.0,0.0
2015-01-02,389.1572757539295,417.58438153948106,388.1770307268415,411.7029113769531,59152000,0.0,0.0
2015-01-02,399.93996165205795,407.7819216844512,389.15726660751716,401.90045166015625,32146400,0.0,0.0
2015-01-02,401.90047936505437,425.4263610839844,399.9399892218102,425.4263610839844,39390800,0.0,0.0
2015-01-02,427.3868676227072,454.8337306810462,425.4263774042544,450.9127502441406,33931600,0.0,0.0
2015-01-02,450.9127502441406,460.71520133640456,439.1498089334239,450.9127502441406,17170800,0.0,0.0
2015-01-02,450.9127322110263,450.9127322110263,429.34734067049897,431.3078308105469,16048400,0.0,0.0
2015-01-02,431.3078315137169,446.9917526596702,423.4658709407402,425.4263610839844,14017600,0.0,0.0
2015-01-02,423.4658400189182,439.14976001961884,411.70290001839265,437.18927001953125,14132800,0.0,0.0
2015-01-02,435.2287702693496,435.2287702693496,419.5448506200036,421.5053405761719,13998400,0.0,0.0
2015-01-02,419.54486173304116,427.38682176543443,392.0980016196646,401.90045166015625,15008400,0.0,0.0
2015-01-02,391.11773681640625,399.93994140625,367.59185791015625,399.93994140625,38274400,0.0,0.0
2015-01-02,399.93995133541415,417.584360953153,394.05848146283455,409.7424011230469,19183200,0.0,0.0
2015-01-02,411.7029105292426,427.3868309303566,411.7029105292426,423.4658508300781,14356000,0.0,0.0
2015-01-02,421.50537879066127,446.99175053149196,415.6239083889311,443.0707702636719,22978400,0.0,0.0
2015-01-02,443.07079124450684,454.83373260498047,433.2683401107788,439.1498107910156,12779600,0.0,0.0
2015-01-02,433.2683010807744,437.1892811810529,419.54487072979964,423.4658508300781,12107200,0.0,0.0
2015-01-02,411.70289154052733,419.5448513793945,390.13750198364255,392.0979919433594,11371200,0.0,0.0
2015-01-02,392.0979916470722,411.7028912294258,392.0979916470722,403.8609313964844,12033200,0.0,0.0
2015-01-02,407.7819122072889,417.5843620199641,364.65113303151793,371.5128479003906,14200400,0.0,0.0
2015-01-02,371.512848968061,371.512848968061,335.243784556931,336.2240295410156,20356400,0.0,0.0
2015-01-02,336.2240295410156,336.2240295410156,336.2240295410156,336.2240295410156,0,0.0,0.0
2015-01-02,330.3425604904754,330.3425604904754,309.7574157714844,309.7574157714844,8732400,0.0,0.0
2015-01-02,307.7969156901042,309.7574055989583,288.1920166015625,288.1920166015625,4370000,0.0,0.0
2015-01-02,290.15251749971486,294.07349746592723,268.5871276855469,268.5871276855469,21485600,0.0,0.0
2015-01-02,268.5871339087393,268.5871339087393,249.9624786376953,249.9624786376953,872800,0.0,0.0
2015-01-02,247.02174715909092,269.5673828125,233.29831676136365,269.5673828125,31629600,0.0,0.0
2015-01-02,260.745152592659,260.745152592659,250.9427032470703,250.9427032470703,2360400,0.0,0.0
2015-01-02,248.98225072224935,263.68592694600426,234.27857449849446,235.25881958007812,18300000,0.0,0.0
2015-01-02,239.17980592642257,284.2710808141908,239.17980592642257,262.7056884765625,43712800,0.0,0.0
2015-01-02,274.4685974121094,307.79692709786553,263.6859025137765,274.4685974121094,54404000,0.0,0.0
2015-01-02,268.5871175130208,279.36981201171875,255.84393310546875,279.36981201171875,9901200,0.0,0.0
2015-01-02,284.2710557551246,313.6784063504823,284.2710557551246,304.856201171875,19920400,0.0,0.0
2015-01-02,305.83646673387096,321.52038810483873,297.0142609627016,303.8759765625,18396400,0.0,0.0
2015-01-02,302.89570903503244,343.0857545704251,292.1130138913905,340.14501953125,24516400,0.0,0.0
2015-01-02,347.00673238170793,394.05849270465137,343.08575235479594,381.3153076171875,36224800,0.0,0.0
2015-01-02,389.1572839579451,427.3868408203125,389.1572839579451,427.3868408203125,25646400,0.0,0.0
2015-01-02,435.22877072825014,464.6361201017806,397.9794615217783,403.8609313964844,52398400,0.0,0.0
2015-01-02,399.93997383117676,403.8609539667765,376.4140930175781,376.4140930175781,27157600,0.0,0.0
2015-01-02,382.2955728125999,397.97949374850145,372.49312222766144,383.27581787109375,20629200,0.0,0.0
2015-01-02,391.117787806832,397.9795033823905,364.6511705868208,390.1375427246094,12854400,0.0,0.0
2015-01-02,392.0980112564161,407.7819317066727,386.21654108756985,405.8214416503906,28883200,0.0,0.0
2015-01-02,409.74240166114015,417.5843615015448,386.2165221399264,389.1572570800781,27046800,0.0,0.0
2015-01-02,389.1572576482245,389.1572576482245,362.6906431482193,368.5721130371094,25143600,0.0,0.0
2015-01-02,368.5721028645833,401.9004313151042,368.5721028645833,399.93994140625,28916800,0.0,0.0
2015-01-02,403.86095321694097,407.78193334526077,383.275807543262,385.2362976074219,26396000,0.0,0.0
2015-01-02,385.23626708984375,387.19675699869794,372.4930826822917,373.47332763671875,11201200,0.0,0.0
2015-01-02,372.4931010024807,427.38682115021476,368.57212099192833,413.66339111328125,62980000,0.0,0.0
2015-01-02,421.50537349907637,423.4658636083744,397.9794921875,397.9794921875,40736800,0.0,0.0
2015-01-02,396.01897186279297,421.50534133911134,390.13750198364255,392.0979919433594,31034000,0.0,0.0
2015-01-02,399.9399714815444,411.7029118192369,397.9794814252623,405.8214416503906,12325600,0.0,0.0
2015-01-02,407.7819010416667,411.702880859375,397.9794514973958,399.93994140625,20900800,0.0,0.0
2015-01-02,401.9004869249132,446.9917610677083,401.9004869249132,441.11029052734375,84678400,0.0,0.0
2015-01-02,439.14975018168604,454.83366983103195,421.5053405761719,421.5053405761719,80087200,0.0,0.0
2015-01-02,421.5053405761719,427.3868104446766,409.7424008391624,421.5053405761719,21281200,0.0,0.0
2015-01-02,423.4658305323401,433.2682803131813,415.62387070766715,421.5053405761719,24980000,0.0,0.0
2015-01-02,425.4263417561849,427.3868318103609,409.74242132277715,411.7029113769531,15504800,0.0,0.0
2015-01-02,415.6238817168445,419.54486173304116,399.93996165205795,401.90045166015625,31432400,0.0,0.0
2015-01-02,405.8214310921764,421.5053511343861,403.8609410869002,413.66339111328125,50268000,0.0,0.0
2015-01-02,413.66338150024416,417.58436141967775,390.13750198364255,392.0979919433594,43333600,0.0,0.0
2015-01-02,394.0585024267211,399.93997261219454,382.2955620557742,391.1177673339844,22062400,0.0,0.0
2015-01-02,391.11773681640625,397.9794514973958,377.39430745442706,382.2955322265625,16596800,0.0,0.0
2015-01-02,388.1770218953048,396.01898193359375,381.3153068618019,396.01898193359375,21990400,0.0,0.0
2015-01-02,399.939982296798,407.78194273399015,394.05851196890393,397.9794921875,37329600,0.0,0.0
2015-01-02,403.86093170166015,409.74240158081057,392.0979919433594,392.0979919433594,21291600,0.0,0.0
2015-01-02,392.0980332772943,397.9795037764537,387.1968078613281,387.1968078613281,8192000,0.0,0.0
2015-01-02,390.1375110499667,415.62388111855745,388.1770210446905,413.66339111328125,34869600,0.0,0.0
2015-01-02,417.5843711238337,421.5053511343861,411.70290110800505,413.66339111328125,24276400,0.0,0.0
2015-01-02,413.6633917087462,417.58437172494286,397.9794716439596,401.90045166015625,26077200,0.0,0.0
2015-01-02,411.7029020101717,413.663392019744,394.0584919240215,396.01898193359375,18682800,0.0,0.0
2015-01-02,396.01899136898027,409.7424217629548,396.01899136898027,405.8214416503906,24634000,0.0,0.0
2015-01-02,411.7028912294258,419.5448510623673,403.8609313964844,403.8609313964844,36480000,0.0,0.0
2015-01-02,407.78191116552034,415.6238709956265,399.93995133541415,409.7424011230469,30851200,0.0,0.0
2015-01-02,403.8609867095947,443.07079124450684,403.8609867095947,439.1498107910156,86015200,0.0,0.0
2015-01-02,450.9127213836256,450.9127213836256,433.268310546875,433.268310546875,67458800,0.0,0.0
2015-01-02,437.18927087516425,443.0707408869378,419.54486083984375,419.54486083984375,28308400,0.0,0.0
2015-01-02,419.544860018743,448.9522100200568,417.5843700186554,437.18927001953125,94009600,0.0,0.0
2015-01-02,439.14976001961884,452.87319002023196,427.38682001909336,437.18927001953125,126876800,0.0,0.0
2015-01-02,427.3868491923914,443.0707702636719,407.78194785329094,443.0707702636719,54378400,0.0,0.0
2015-01-02,446.9917610677083,480.3200941297743,441.11029052734375,441.11029052734375,187797600,0.0,0.0
2015-01-02,460.715148669331,468.5571086466813,450.91269869764307,466.59661865234375,93257600,0.0,0.0
2015-01-02,468.5571089074966,474.43857889378324,456.7941689349235,460.71514892578125,51125200,0.0,0.0
2015-01-02,450.9126696777344,496.00393664550785,448.95217980957034,490.1224670410156,95150000,0.0,0.0
2015-01-02,490.12252747305763,499.9249780225188,484.24105714338094,496.0039978027344,40969600,0.0,0.0
2015-01-02,496.00393664550785,499.92491638183594,476.3990379638672,490.1224670410156,28054800,0.0,0.0
2015-01-02,480.32008997599286,492.08303095499673,468.55714899698893,470.51763916015625,23818000,0.0,0.0
2015-01-02,470.5175986410189,478.3595586183692,458.7546586749934,466.59661865234375,16941600,0.0,0.0
2015-01-02,466.5966191785089,466.5966191785089,454.83367919921875,454.83367919921875,12524800,0.0,0.0
2015-01-02,460.715148175349,480.3200480977043,454.8336781986424,478.35955810546875,23625600,0.0,0.0
2015-01-02,476.3990686240316,476.3990686240316,462.67563866366856,466.59661865234375,13861200,0.0,0.0
2015-01-02,462.67563892121007,476.39906888921206,458.7546589303524,460.71514892578125,16698400,0.0,0.0
2015-01-02,460.7151491888638,466.5966191785089,454.83367919921875,454.83367919921875,8444000,0.0,0.0
2015-01-02,454.83367919921875,466.5966191785089,450.912699206122,454.83367919921875,11791600,0.0,0.0
2015-01-02,460.71518834431964,486.2015604654948,456.79420801798506,470.51763916015625,34390000,0.0,0.0
2015-01-02,470.517568359375,497.96442651367187,470.517568359375,490.1224670410156,49955200,0.0,0.0
2015-01-02,496.0039368867874,515.6088355779648,484.240997672081,501.8854064941406,46987600,0.0,0.0
2015-01-02,503.8459777832031,509.7274483409837,497.9645072254225,503.8459777832031,25999600,0.0,0.0
2015-01-02,507.76695815505684,517.5694090846911,499.92499741134935,503.8459777832031,23568800,0.0,0.0
2015-01-02,499.9249166250229,507.7668761014939,496.0039368867874,501.8854064941406,10520400,0.0,0.0
2015-01-02,503.8459777832031,515.6089188987643,501.8854875972762,503.8459777832031,13088800,0.0,0.0
2015-01-02,503.84593733245254,517.5693675321692,499.9249572753906,499.9249572753906,16089200,0.0,0.0
2015-01-02,505.8064273609835,509.72740741804535,499.9249572753906,499.9249572753906,8712000,0.0,0.0
2015-01-02,507.7669491238064,507.7669491238064,490.1225377642919,494.04351806640625,11328000,0.0,0.0
2015-01-02,496.0039368867874,501.8854064941406,496.0039368867874,501.8854064941406,7696000,0.0,0.0
2015-01-02,503.8459777832031,505.80646796913,486.20156610986135,503.8459777832031,21999200,0.0,0.0
2015-01-02,499.9249166250229,509.72736597061163,499.9249166250229,501.8854064941406,16051600,0.0,0.0
2015-01-02,501.8854473039216,505.8064273609835,496.00397721832877,499.9249572753906,10766000,0.0,0.0
2015-01-02,503.8459168681948,503.8459168681948,497.9644470214844,497.9644470214844,5003200,0.0,0.0
2015-01-02,494.0435285226282,507.766959870479,490.122548137528,492.0830383300781,6541200,0.0,0.0
2015-01-02,494.0434470176697,507.7668761014939,492.08295714855194,501.8854064941406,10278400,0.0,0.0
2015-01-02,497.96450890772843,507.766959870479,490.122548137528,492.0830383300781,10282400,0.0,0.0
2015-01-02,492.0829671223958,497.9644368489583,458.754638671875,458.754638671875,59528400,0.0,0.0
2015-01-02,460.71520133640456,474.43863286557405,433.2683382780655,450.9127502441406,51673600,0.0,0.0
2015-01-02,454.8337132326469,456.7942033758911,419.5448906542519,425.4263610839844,35114800,0.0,0.0
2015-01-02,425.4263292509934,456.7941691957671,425.4263292509934,454.83367919921875,20395600,0.0,0.0
2015-01-02,458.75467901714774,464.6361492609573,445.03124844825874,462.6756591796875,18446800,0.0,0.0
2015-01-02,460.71518834431964,478.35959981282554,460.71518834431964,470.51763916015625,24256400,0.0,0.0
2015-01-02,470.5176189853556,476.39908922267256,456.7941884316161,468.55712890625,15823200,0.0,0.0
2015-01-02,476.39908922267256,476.39908922267256,468.55712890625,468.55712890625,8181200,0.0,0.0
2015-01-02,470.51762877658194,476.3990991362892,466.5966485367771,472.4781188964844,10259600,0.0,0.0
2015-01-02,472.47810906446125,478.35957930177824,458.75467851072176,468.55712890625,11905200,0.0,0.0
2015-01-02,468.55715601947674,496.00401871517835,468.55715601947674,492.0830383300781,51628800,0.0,0.0
2015-01-02,494.04346712367743,503.8459168681948,482.28052743025654,497.9644470214844,33627600,0.0,0.0
2015-01-02,496.0039469401042,503.8459065755208,488.1619873046875,488.1619873046875,27106800,0.0,0.0
2015-01-02,496.0039469401042,496.0039469401042,482.280517578125,488.1619873046875,16138800,0.0,0.0
2015-01-02,490.1225082273406,492.0829982602499,476.399077996975,482.2805480957031,9511600,0.0,0.0
2015-01-02,488.16200781447685,492.08298779692245,482.28053784080845,484.24102783203125,12180000,0.0,0.0
2015-01-02,484.24099743652346,497.96442651367187,478.3595278320313,490.1224670410156,34704800,0.0,0.0
2015-01-02,492.0830301669399,497.9645006470229,468.55714824660816,476.39910888671875,45152800,0.0,0.0
2015-01-02,476.3990686240316,478.3595586183692,462.67563866366856,466.59661865234375,15372800,0.0,0.0
2015-01-02,470.5176524286685,474.43863286557405,441.1102991518767,450.9127502441406,31216800,0.0,0.0
2015-01-02,450.9127502441406,460.71520133640456,448.95226002568785,450.9127502441406,10611200,0.0,0.0
2015-01-02,452.8731790305207,458.75464888805993,450.91268907800765,456.7941589355469,18062800,0.0,0.0
2015-01-02,460.7151690984176,474.4385996673067,458.75467901714774,462.6756591796875,27886000,0.0,0.0
2015-01-02,456.79421032662,462.67568084584684,450.9127398073931,452.87322998046875,14806000,0.0,0.0
2015-01-02,454.83364854837606,454.83364854837606,443.07070936178013,448.9521789550781,8392800,0.0,0.0
2015-01-02,450.9127307993121,452.8732209332221,441.1102801297618,443.0707702636719,10466000,0.0,0.0
2015-01-02,441.1102604221653,448.9522206074483,431.30781019056167,435.2287902832031,10894000,0.0,0.0
2015-01-02,435.2287814800556,435.2287814800556,407.78192138671875,407.78192138671875,23569200,0.0,0.0
2015-01-02,407.78195746527774,446.9917610677083,382.2955851236979,441.11029052734375,15310000,0.0,0.0
2015-01-02,443.0707702636719,460.71518146886234,441.1102801297618,443.0707702636719,23150800,0.0,0.0
2015-01-02,443.0707723731819,448.9522428029144,423.4658709407402,425.4263610839844,11750400,0.0,0.0
2015-01-02,425.4263610839844,435.2288118002052,423.4658709407402,425.4263610839844,5376400,0.0,0.0
2015-01-02,425.4263102213542,431.3077799479167,413.6633707682292,417.5843505859375,6210000,0.0,0.0
2015-01-02,415.62387070766715,429.3473004008448,415.62387070766715,421.5053405761719,5842800,0.0,0.0
2015-01-02,423.4658636083744,425.4263537176724,396.01900207820194,397.9794921875,12715200,0.0,0.0
2015-01-02,397.97946182250973,405.821421661377,385.2362770843506,392.0979919433594,18439600,0.0,0.0
2015-01-02,392.0980233975383,401.9004739824768,381.315327754106,383.27581787109375,19327600,0.0,0.0
2015-01-02,383.27579778957863,383.27579778957863,366.6116326682926,378.37457275390625,20623200,0.0,0.0
2015-01-02,382.2955526239155,388.1770226642834,375.4338375768196,381.3153076171875,14063600,0.0,0.0
2015-01-02,385.23626708984375,399.93994140625,382.2955322265625,399.93994140625,19821600,0.0,0.0
2015-01-02,403.86094197188277,405.82143198145496,390.13751190487704,396.01898193359375,18367200,0.0,0.0
2015-01-02,397.9795033823905,397.9795033823905,383.27582714905094,390.1375427246094,11054000,0.0,0.0
2015-01-02,390.137521200134,419.5448720443652,390.137521200134,405.8214416503906,27925600,0.0,0.0
2015-01-02,405.821421661377,405.821421661377,389.1572570037842,392.0979919433594,11906400,0.0,0.0
2015-01-02,397.979471943166,399.93996195273826,392.09800191444924,396.01898193359375,4132000,0.0,0.0
2015-01-02,411.702880859375,413.6633707682292,399.93994140625,399.93994140625,19792000,0.0,0.0
2015-01-02,399.9399613600511,417.58437142005334,396.0189813467172,407.78192138671875,28013600,0.0,0.0
2015-01-02,407.7819317066727,415.62389193180104,403.86095159410854,405.8214416503906,10830800,0.0,0.0
2015-01-02,405.8214416503906,411.7029118192369,403.86095159410854,405.8214416503906,5236400,0.0,0.0
2015-01-02,407.7819113129551,413.6633811876612,401.900441438249,403.8609313964844,8632000,0.0,0.0
2015-01-02,403.8609313964844,411.7028912294258,397.9794615217783,403.8609313964844,22551600,0.0,0.0
2015-01-02,403.8609312504672,415.6238709956265,401.9004412929407,409.7424011230469,35826400,0.0,0.0
2015-01-02,405.8214111328125,411.702880859375,397.9794514973958,399.93994140625,16198400,0.0,0.0
2015-01-02,399.93996165205795,407.7819216844512,397.9794716439596,401.90045166015625,15550000,0.0,0.0
2015-01-02,405.8214416503906,407.7819317066727,399.9399714815444,405.8214416503906,14825600,0.0,0.0
2015-01-02,405.8214111328125,405.8214111328125,396.0189615885417,399.93994140625,7084400,0.0,0.0
2015-01-02,401.90045166015625,407.7819216844512,397.9794716439596,401.90045166015625,7050000,0.0,0.0
2015-01-02,401.9004313151042,403.8609212239583,396.0189615885417,399.93994140625,3435600,0.0,0.0
2015-01-02,399.93996165205795,405.8214316763529,397.9794716439596,401.90045166015625,3884800,0.0,0.0
2015-01-02,401.9004519623105,405.82143198145496,392.09800191444924,396.01898193359375,30186800,0.0,0.0
2015-01-02,396.0189615885417,399.93994140625,392.0979817708333,394.0584716796875,7290400,0.0,0.0
2015-01-02,396.0189615885417,396.0189615885417,390.1374918619792,394.0584716796875,8413600,0.0,0.0
2015-01-02,399.93994140625,401.9004313151042,392.0979817708333,394.0584716796875,4133600,0.0,0.0
2015-01-02,399.93997261219454,401.900462674019,390.1375223030721,391.1177673339844,17324400,0.0,0.0
2015-01-02,396.0189712812316,417.58436080644714,392.097991367556,415.6238708496094,56862000,0.0,0.0
2015-01-02,415.62388083199477,425.42633085161725,403.8609408084477,419.54486083984375,35192400,0.0,0.0
2015-01-02,421.5053511343861,421.5053511343861,409.74241110272885,413.66339111328125,21215200,0.0,0.0
2015-01-02,417.584360953153,419.54485091067954,409.7424011230469,409.7424011230469,17552400,0.0,0.0
2015-01-02,417.5843903427824,437.1892912978426,409.74242996075833,427.3868408203125,45127600,0.0,0.0
2015-01-02,429.3473004008448,431.30779035701306,417.58436066383535,421.5053405761719,16966000,0.0,0.0
2015-01-02,425.4263603904031,435.2288110906428,421.5053801103072,431.3078308105469,19145600,0.0,0.0
2015-01-02,431.30781019056167,441.1102604221653,431.30781019056167,435.2287902832031,16994000,0.0,0.0
2015-01-02,441.1102500197064,443.070740019794,435.22878001944366,437.18927001953125,19058000,0.0,0.0
2015-01-02,439.1497913707387,441.1102815107866,427.386850530451,431.3078308105469,17907200,0.0,0.0
2015-01-02,431.30784126177224,433.2683314493258,427.3868608866652,429.34735107421875,17577200,0.0,0.0
2015-01-02,429.34734067049897,435.2288110906428,427.386850530451,431.3078308105469,33076000,0.0,0.0
2015-01-02,433.2682698567708,448.9521891276042,429.3472900390625,446.99169921875,43975600,0.0,0.0
2015-01-02,452.87318920267035,458.75465919231544,446.9917192130253,454.83367919921875,32901600,0.0,0.0
2015-01-02,456.79422089949895,466.5966719917629,446.9917698072351,450.9127502441406,31456400,0.0,0.0
2015-01-02,450.91268907800765,464.63611874559916,448.9521991254946,456.7941589355469,12985200,0.0,0.0
2015-01-02,460.71514892578125,464.63612891663894,456.7941689349235,460.71514892578125,15472400,0.0,0.0
2015-01-02,460.715182911266,460.715182911266,431.30783081054693,431.3078308105469,35765600,0.0,0.0
2015-01-02,431.3078000192685,445.0312300198816,425.4263300190058,437.18927001953125,18036800,0.0,0.0
2015-01-02,441.1102933237752,494.0435285226282,435.2288227461249,492.0830383300781,317728000,0.0,0.0
2015-01-02,496.0039573177215,499.92493721746627,480.3200377187421,486.2015075683594,103166000,0.0,0.0
2015-01-02,484.2410074869792,521.4903157552084,478.3595377604167,505.806396484375,183299600,0.0,0.0
2015-01-02,509.7274160743656,535.2137868780839,501.88545582706763,521.4903564453125,117324400,0.0,0.0
2015-01-02,521.4903157552084,531.2927652994791,513.6483561197916,517.5693359375,67664800,0.0,0.0
2015-01-02,517.5693254470825,525.4112849235535,490.1224672794342,501.8854064941406,73596400,0.0,0.0
2015-01-02,501.88541666666663,523.4508056640625,496.0039469401042,523.4508056640625,60890800,0.0,0.0
2015-01-02,527.3718347864466,652.8432006835938,525.4113446943037,652.8432006835938,427096400,0.0,0.0
2015-01-02,672.4481004923143,733.2232932481794,621.4753581809435,664.6061401367188,270410400,0.0,0.0
2015-01-02,680.2900484414247,829.2872924804688,672.4480882288435,829.2872924804688,177081200,0.0,0.0
2015-01-02,837.1292792770464,980.2450577014595,772.43310546875,772.43310546875,387940000,0.0,0.0
2015-01-02,770.4725341796875,913.5882975260416,764.591064453125,893.9833984375,280490800,0.0,0.0
2015-01-02,905.7464062500001,1117.4793323863637,899.8649360795455,1078.26953125,354654000,0.0,0.0
2015-01-02,1102.7757045200892,1176.2940848214284,1004.7511974516369,1029.25732421875,221829600,0.0,0.0
2015-01-02,1029.257277767215,1146.886680940611,972.403066233407,1107.6768798828125,287237600,0.0,0.0
2015-01-02,1107.6768798828125,1107.6768798828125,1107.6768798828125,1107.6768798828125,0,0.0,0.0
2015-01-02,1137.0843037248223,1269.4173907962456,1034.1585693359375,1034.1585693359375,336027200,0.0,0.0
2015-01-02,1029.2572232992343,1053.7633476635017,966.5215449267095,990.0474243164062,135480800,0.0,0.0
2015-01-02,999.8499250740841,1141.9854536385371,994.9486999511719,1137.084228515625,196813200,0.0,0.0
2015-01-02,1117.4791440407791,1166.4913872004624,1078.2693495130325,1092.9730224609375,104781200,0.0,0.0
2015-01-02,1102.7757417171374,1117.4794182733658,1034.1585844547378,1068.4671630859375,71719600,0.0,0.0
2015-01-02,1083.170827057402,1156.689208984375,1068.4671506720074,1156.689208984375,147130400,0.0,0.0
2015-01-02,1156.689208984375,1156.689208984375,1156.689208984375,1156.689208984375,0,0.0,0.0
2015-01-02,1156.689208984375,1156.689208984375,1156.689208984375,1156.689208984375,0,0.0,0.0
2015-01-02,1156.689208984375,1156.689208984375,1156.689208984375,1156.689208984375,0,0.0,0.0
2015-01-02,1166.491552734375,1264.5160529641546,1132.1829776539523,1249.8123779296875,131232000,0.0,0.0
2015-01-02,1254.7137096774193,1259.6149351058468,1186.0965536794354,1215.50390625,57722800,0.0,0.0
2015-01-02,1215.5037434895833,1249.8123168945312,1176.2939453125,1205.7012939453125,34974800,0.0,0.0
2015-01-02,1205.701315800696,1230.2074401055881,1122.3804931640625,1122.3804931640625,51951600,0.0,0.0
2015-01-02,1122.3804522947069,1186.096373167332,1043.9608573745527,1112.5780029296875,62910400,0.0,0.0
2015-01-02,1088.0719963368426,1171.3928248851596,1078.2695459193937,1141.9854736328125,32068800,0.0,0.0
2015-01-02,1156.6891102430557,1161.5903352864584,1083.170734592014,1102.775634765625,18348800,0.0,0.0
2015-01-02,1102.775636437821,1122.38053664116,1039.059710776969,1073.3682861328125,20952000,0.0,0.0
2015-01-02,1048.8622024890988,1097.8744549418604,999.8499500363372,1053.763427734375,23449600,0.0,0.0
2015-01-02,1053.7634671118951,1117.4793976814517,1004.751212827621,1063.56591796875,34523200,0.0,0.0
2015-01-02,1078.26953125,1137.0842329545455,1034.158504971591,1078.26953125,57200400,0.0,0.0
2015-01-02,1078.2694498697917,1088.0718994140625,1004.7510782877604,1014.5535278320312,41552400,0.0,0.0
2015-01-02,1014.5535278320312,1039.0596516927083,944.9561360677084,985.1461791992188,35741600,0.0,0.0
2015-01-02,960.6401139801625,1029.2572649787455,935.1537436092601,999.8499145507812,25277200,0.0,0.0
2015-01-02,1009.6524005268896,1088.0720044513082,980.2450490552325,1053.763427734375,36845600,0.0,0.0
2015-01-02,1068.4670003255208,1068.4670003255208,980.2449544270834,1014.5535278320312,30663200,0.0,0.0
2015-01-02,1019.4546577214126,1156.6889385685258,1019.4546577214126,1092.9730224609375,106695200,0.0,0.0
2015-01-02,1102.7757417171374,1107.6769672358803,1043.9610354922233,1068.4671630859375,27010800,0.0,0.0
2015-01-02,1078.26953125,1112.5781072443183,1068.4670809659092,1078.26953125,32089600,0.0,0.0
2015-01-02,1097.8744318181818,1122.380557528409,1058.6646306818182,1078.26953125,26111600,0.0,0.0
2015-01-02,1092.9732024094155,1146.8866787614495,1048.8621763032058,1137.084228515625,56426400,0.0,0.0
2015-01-02,1141.9855710839024,1205.7015042345063,1137.0843454569329,1166.49169921875,51298400,0.0,0.0
2015-01-02,1166.4915357857697,1195.8988854274276,1156.6890859052169,1186.096435546875,29690400,0.0,0.0
2015-01-02,1186.0964556407537,1195.8989056873713,1151.7878804775914,1190.9976806640625,29943600,0.0,0.0
2015-01-02,1181.1953611167478,1190.9978122463474,1107.676977644751,1132.18310546875,36954800,0.0,0.0
2015-01-02,1112.577919724811,1137.0840413046526,1088.0717981449693,1092.9730224609375,26858000,0.0,0.0
2015-01-02,1092.973124186198,1122.3804728190105,1034.158426920573,1117.479248046875,22048800,0.0,0.0
2015-01-02,1156.6891662597657,1186.096517944336,1127.2818145751953,1176.2940673828125,70416400,0.0,0.0
2015-01-02,1176.2940294989226,1186.0964797447468,1107.676877778152,1137.084228515625,58343600,0.0,0.0
2015-01-02,1141.9853510247453,1166.4914744372936,1102.7755535646684,1112.5780029296875,28396400,0.0,0.0
2015-01-02,1117.479248046875,1132.1829223632812,1107.6767985026042,1117.479248046875,17641200,0.0,0.0
2015-01-02,1097.8744721283783,1137.0842747043919,1088.072021484375,1088.072021484375,39618000,0.0,0.0
2015-01-02,1088.072075385552,1166.4916844223485,1053.7634964319534,1132.18310546875,31187200,0.0,0.0
2015-01-02,1132.1828169886842,1141.9852656206208,1092.9730224609375,1092.9730224609375,14035200,0.0,0.0
2015-01-02,1092.973204486138,1117.479330147262,1092.973204486138,1107.6768798828125,7680000,0.0,0.0
2015-01-02,1107.6768384850543,1186.0964376698369,1092.9731636379076,1127.28173828125,35656000,0.0,0.0
2015-01-02,1127.281759982639,1127.281759982639,1092.9731846788195,1102.775634765625,16707600,0.0,0.0
2015-01-02,1117.4792276121973,1122.3804522947069,1097.8743288821586,1112.5780029296875,12183600,0.0,0.0
2015-01-02,1112.5780645098005,1151.7878641401019,1097.8743896484375,1097.8743896484375,31064000,0.0,0.0
2015-01-02,1092.9732906796517,1117.4794182733658,1058.664712048452,1068.4671630859375,13678000,0.0,0.0
2015-01-02,1068.4670788250137,1107.6768798828125,1058.664628560564,1107.6768798828125,15274400,0.0,0.0
2015-01-02,1107.6768598090277,1127.281759982639,1102.775634765625,1102.775634765625,13456800,0.0,0.0
2015-01-02,1102.775703461064,1293.9234920609817,1102.775703461064,1210.6026611328125,176234000,0.0,0.0
2015-01-02,1210.6025602482566,1264.5160345912964,1166.4915357857697,1186.096435546875,57736400,0.0,0.0
2015-01-02,1195.8989572236032,1377.244290900953,1171.3928310509884,1293.9234619140625,120371600,0.0,0.0
2015-01-02,1298.8247267644208,1362.5406567566376,1274.3185998443373,1303.7259521484375,158148800,0.0,0.0
2015-01-02,1313.5284148185483,1313.5284148185483,1215.50390625,1215.50390625,25834000,0.0,0.0
2015-01-02,1215.5037434895833,1254.7135416666667,1176.2939453125,1205.7012939453125,43484800,0.0,0.0
2015-01-02,1205.7012939453125,1244.9110921223958,1186.0963948567708,1205.7012939453125,14645600,0.0,0.0
2015-01-02,1215.503913565075,1333.1333245552435,1200.800237191304,1308.627197265625,62588400,0.0,0.0
2015-01-02,1313.5282599843147,1323.3307096856902,1254.7135617760619,1269.417236328125,26517200,0.0,0.0
2015-01-02,1274.3185234069824,1308.6270990371704,1254.713623046875,1254.713623046875,16550400,0.0,0.0
2015-01-02,1274.3183984375,1274.3183984375,1205.70125390625,1225.30615234375,20794400,0.0,0.0
2015-01-02,1244.911195063496,1308.6271223698955,1156.68914187002,1230.20751953125,48608400,0.0,0.0
2015-01-02,1225.3062725067139,1254.713623046875,1210.6025972366333,1254.713623046875,13443600,0.0,0.0
2015-01-02,1254.7136029411765,1269.4172779756434,1205.701352826287,1249.8123779296875,14403600,0.0,0.0
2015-01-02,1254.7136548913043,1431.157762610394,1235.1087540336277,1352.7381591796875,62446400,0.0,0.0
2015-01-02,1362.5405692218865,1391.9479196367472,1318.429543599595,1342.9356689453125,25798800,0.0,0.0
2015-01-02,1342.9356707672573,1387.0466964493935,1303.7258701609142,1313.5283203125,20737600,0.0,0.0
2015-01-02,1313.528259507665,1342.9356086011203,1274.3184607163917,1298.8245849609375,24490800,0.0,0.0
2015-01-02,1293.9235090120571,1323.3308614896039,1240.010029469888,1244.9112548828125,23348000,0.0,0.0
2015-01-02,1244.9111515205939,1328.231976622366,1210.6025764786878,1279.2197265625,37120000,0.0,0.0
2015-01-02,1289.0221949335353,1323.3307704640858,1264.5160695545708,1313.5283203125,20849200,0.0,0.0
2015-01-02,1323.3307096856902,1323.3307096856902,1264.5160114774374,1269.417236328125,9366000,0.0,0.0
2015-01-02,1279.2197265625,1298.8246265864464,1269.4172765505268,1279.2197265625,6941200,0.0,0.0
2015-01-02,1284.1209735870361,1313.5283241271973,1254.713623046875,1254.713623046875,26108400,0.0,0.0
2015-01-02,1254.713642996109,1274.318543667923,1235.1087423242948,1259.6148681640625,7346800,0.0,0.0
2015-01-02,1254.713701923077,1279.219828913762,1254.713701923077,1274.318603515625,8532000,0.0,0.0
2015-01-02,1254.7135617760619,1289.022135730876,1254.7135617760619,1269.417236328125,7474800,0.0,0.0
2015-01-02,1269.417236328125,1284.1209108801884,1264.5160114774374,1269.417236328125,9690000,0.0,0.0
2015-01-02,1269.4171757588858,1303.7257480766937,1264.5159511420563,1284.120849609375,6223200,0.0,0.0
2015-01-02,1293.92333984375,1298.8245646158855,1254.7135416666667,1264.5159912109375,11352800,0.0,0.0
2015-01-02,1264.5160515445402,1289.0221765744732,1264.5160515445402,1279.2197265625,5650000,0.0,0.0
2015-01-02,1274.3184003757156,1284.120849609375,1254.713501908397,1284.120849609375,9102800,0.0,0.0
2015-01-02,1284.1209916379516,1298.824667114722,1264.5160910022576,1289.022216796875,9709600,0.0,0.0
2015-01-02,1289.022221660234,1289.022221660234,1210.6026188215887,1230.20751953125,12170400,0.0,0.0
2015-01-02,1210.6026808215724,1240.010033392137,1190.997779107863,1215.50390625,5195200,0.0,0.0
2015-01-02,1220.4050888788133,1254.7136656746031,1215.5038636222719,1235.1087646484375,4840800,0.0,0.0
2015-01-02,1240.0099698860806,1254.7136454183267,1225.3062943538346,1230.20751953125,4085200,0.0,0.0
2015-01-02,1230.2075825352822,1264.5161605342741,1195.8990045362902,1215.50390625,17041600,0.0,0.0
2015-01-02,1220.405195711097,1220.405195711097,1195.8990672831633,1200.80029296875,6275200,0.0,0.0
2015-01-02,1200.8001307106804,1210.602580757298,1181.1952306174446,1190.9976806640625,7087600,0.0,0.0
2015-01-02,1190.9977230566815,1195.8989482544455,1141.9854710790403,1171.392822265625,8641200,0.0,0.0
2015-01-02,1171.392680684074,1205.701252921683,1146.8865576572107,1195.8988037109375,8746800,0.0,0.0
2015-01-02,1195.8990529805674,1205.7015042345063,1161.5904735917804,1166.49169921875,4229600,0.0,0.0
2015-01-02,1166.491552734375,1274.3185029871324,1156.689102711397,1249.8123779296875,23875600,0.0,0.0
2015-01-02,1254.7136600378788,1328.2320385557234,1254.7136600378788,1293.9234619140625,29816000,0.0,0.0
2015-01-02,1293.9234677269346,1313.5283687531003,1205.701413109189,1235.1087646484375,20893600,0.0,0.0
2015-01-02,1259.6148481369019,1259.6148481369019,1215.5038223266602,1254.713623046875,4604000,0.0,0.0
2015-01-02,1254.7137096774193,1274.318611391129,1215.50390625,1215.50390625,9895600,0.0,0.0
2015-01-02,1220.4049277343752,1249.812275390625,1215.5037031250001,1225.30615234375,7650800,0.0,0.0
2015-01-02,1225.3063532311146,1269.4173819474347,1225.3063532311146,1244.9112548828125,7358400,0.0,0.0
2015-01-02,1244.9111116229365,1323.3307092054836,1244.9111116229365,1298.8245849609375,13763200,0.0,0.0
2015-01-02,1303.7258089251466,1372.3429567633123,1274.318459851647,1357.6392822265625,13538000,0.0,0.0
2015-01-02,1357.639431372621,1362.5406567566376,1293.923501380404,1303.7259521484375,7517200,0.0,0.0
2015-01-02,1323.3307704640858,1342.9356707672573,1303.7258701609142,1313.5283203125,4681200,0.0,0.0
2015-01-02,1313.5283030790442,1313.5283030790442,1235.1087028952206,1249.8123779296875,9756400,0.0,0.0
2015-01-02,1249.8124694824219,1362.5406530043658,1244.9112441119025,1333.13330078125,15287600,0.0,0.0
2015-01-02,1347.8369339652684,1411.5528617527173,1333.1332583220108,1352.7381591796875,16437200,0.0,0.0
2015-01-02,1362.5405075242159,1387.046631760263,1303.725809357703,1328.23193359375,9266400,0.0,0.0
2015-01-02,1328.2320331075916,1367.4418348229449,1328.2320331075916,1352.7381591796875,5943200,0.0,0.0
2015-01-02,1357.6393871166088,1372.3430627893517,1293.9234592013888,1323.330810546875,8250000,0.0,0.0
2015-01-02,1323.3307516163793,1333.1332016283525,1274.3185015565134,1279.2197265625,7951200,0.0,0.0
2015-01-02,1279.2196249925453,1298.824523459864,1264.5159511420563,1284.120849609375,5481200,0.0,0.0
2015-01-02,1293.9233988667584,1342.9356488238325,1274.3184988839287,1338.034423828125,17592400,0.0,0.0
2015-01-02,1338.0344019070478,1396.849100891973,1274.3184780067122,1391.9478759765625,17629600,0.0,0.0
2015-01-02,1391.9479556613499,1455.6638832092285,1362.5406044854058,1411.5528564453125,17320000,0.0,0.0
2015-01-02,1411.5527973790322,1445.861372315328,1367.4417724609375,1367.4417724609375,7479200,0.0,0.0
2015-01-02,1367.4418146306818,1367.4418146306818,1333.1332386363636,1347.8369140625,7284400,0.0,0.0
2015-01-02,1342.9356276697392,1362.54052734375,1328.2319529142312,1362.54052734375,3216400,0.0,0.0
2015-01-02,1372.343060037364,1391.9479608950408,1338.03448353643,1352.7381591796875,3884000,0.0,0.0
2015-01-02,1357.6393817874557,1382.1455078125,1313.528354942376,1382.1455078125,8829200,0.0,0.0
2015-01-02,1411.5528199133212,1411.5528199133212,1333.1332188070255,1342.9356689453125,10433600,0.0,0.0
2015-01-02,1338.0344708513192,1338.0344708513192,1259.6148681640625,1259.6148681640625,19100400,0.0,0.0
2015-01-02,1259.6148481369019,1293.9234237670898,1249.8123979568481,1254.713623046875,5199200,0.0,0.0
2015-01-02,1254.7136454183267,1274.3185461279882,1225.3062943538346,1230.20751953125,4697600,0.0,0.0
2015-01-02,1235.1088040569637,1259.6149311215859,1235.1088040569637,1244.9112548828125,4978000,0.0,0.0
2015-01-02,1249.8123168945312,1249.8123168945312,1186.0963948567708,1205.7012939453125,15820000,0.0,0.0
2015-01-02,1210.602580757298,1215.503805780607,1186.0964556407537,1190.9976806640625,13346800,0.0,0.0
2015-01-02,1195.8989056873713,1215.503805780607,1176.2940055941358,1190.9976806640625,6143600,0.0,0.0
2015-01-02,1195.8988444010417,1274.3184407552083,1190.9976196289062,1264.5159912109375,13610800,0.0,0.0
2015-01-02,1264.516056013696,1274.318506060314,1186.0964556407537,1190.9976806640625,15166800,0.0,0.0
2015-01-02,1190.997579105565,1200.8000283163103,1181.1951298948195,1195.8988037109375,4124800,0.0,0.0
2015-01-02,1195.8990672831633,1215.5039700255102,1195.8990672831633,1200.80029296875,4407200,0.0,0.0
2015-01-02,1205.7013557339892,1205.7013557339892,1186.0964556407537,1190.9976806640625,3352800,0.0,0.0
2015-01-02,1190.9976196289062,1220.4049682617188,1181.1951700846355,1205.7012939453125,7487200,0.0,0.0
2015-01-02,1210.6025602482566,1220.4050101288094,1186.096435546875,1186.096435546875,6325200,0.0,0.0
2015-01-02,1190.997579105565,1210.6024775270557,1186.096354500192,1195.8988037109375,7172400,0.0,0.0
2015-01-02,1195.8990529805674,1200.800278607537,1166.49169921875,1166.49169921875,8689600,0.0,0.0
2015-01-02,1166.4915357857697,1190.9976604871513,1166.4915357857697,1186.096435546875,7089200,0.0,0.0
2015-01-02,1195.898907238924,1205.7013572982596,1127.281756823576,1161.59033203125,12612000,0.0,0.0
2015-01-02,1166.4914957682292,1171.3927205403645,1112.5780232747395,1117.479248046875,9753200,0.0,0.0
2015-01-02,1166.491616821289,1200.800193786621,1127.2818145751953,1176.2940673828125,28170400,0.0,0.0
2015-01-02,1195.8990126787605,1230.207590911348,1137.0843071371821,1156.689208984375,11736800,0.0,0.0
2015-01-02,1166.49169921875,1190.9978273535978,1156.689247964811,1166.49169921875,5145600,0.0,0.0
2015-01-02,1166.49169921875,1176.2941504726891,1156.689247964811,1166.49169921875,9620400,0.0,0.0
2015-01-02,1176.294047463389,1190.9977230566815,1156.6891466723325,1171.392822265625,5932400,0.0,0.0
2015-01-02,1181.1951298948195,1195.8988037109375,1156.689006867956,1195.8988037109375,6467200,0.0,0.0
2015-01-02,1195.8988444010417,1215.5037434895833,1176.2939453125,1205.7012939453125,8492000,0.0,0.0
2015-01-02,1186.096517944336,1210.6026443481446,1166.491616821289,1176.2940673828125,4186400,0.0,0.0
2015-01-02,1176.2940836918017,1210.6026611328125,1137.0842809020749,1210.6026611328125,9529600,0.0,0.0
2015-01-02,1215.503883090415,1279.219812445961,1195.898981750247,1240.010009765625,20818800,0.0,0.0
2015-01-02,1244.9112511268029,1313.5284067007212,1240.0100257286658,1274.318603515625,26928400,0.0,0.0
2015-01-02,1289.022221660234,1289.022221660234,1195.8989432893427,1230.20751953125,22948800,0.0,0.0
2015-01-02,1195.8989482544455,1195.8989482544455,1151.7879214745685,1171.392822265625,19302800,0.0,0.0
2015-01-02,1171.392680684074,1244.9110497646645,1166.4914560787013,1195.8988037109375,18796400,0.0,0.0
2015-01-02,1176.2940014367816,1293.9234015804598,1176.2940014367816,1279.2197265625,13301600,0.0,0.0
2015-01-02,1274.318603515625,1293.923505108173,1259.6149273212138,1274.318603515625,4270800,0.0,0.0
2015-01-02,1264.5161565345104,1279.2198327732838,1244.9112548828125,1244.9112548828125,2185200,0.0,0.0
2015-01-02,1244.9111926602018,1274.318543667923,1240.0099674922483,1259.6148681640625,2924000,0.0,0.0
2015-01-02,1279.2197484970093,1284.1209735870361,1244.9111728668213,1254.713623046875,3844800,0.0,0.0
2015-01-02,1254.7137057086613,1254.7137057086613,1244.9112548828125,1244.9112548828125,1086000,0.0,0.0
2015-01-02,1274.318543667923,1279.2197688358767,1244.9111926602018,1259.6148681640625,3065600,0.0,0.0
2015-01-02,1259.614911105793,1264.516136440835,1240.010009765625,1240.010009765625,3962400,0.0,0.0
2015-01-02,1240.0098261718751,1249.812275390625,1215.5037031250001,1225.30615234375,6128800,0.0,0.0
2015-01-02,1225.3063141353546,1240.009989904979,1215.5038636222719,1235.1087646484375,1158800,0.0,0.0
2015-01-02,1235.1087646484375,1249.8124404180617,1225.3063141353546,1235.1087646484375,2272000,0.0,0.0
2015-01-02,1235.108759099787,1323.3308133212004,1230.207533865264,1293.9234619140625,11583600,0.0,0.0
2015-01-02,1293.9234200093283,1342.9356707672573,1293.9234200093283,1313.5283203125,13794800,0.0,0.0
2015-01-02,1313.5282599843147,1333.1331593870657,1269.417236328125,1269.417236328125,7638000,0.0,0.0
2015-01-02,1269.4173936022355,1323.330873639396,1269.4173936022355,1308.627197265625,5604000,0.0,0.0
2015-01-02,1318.4296481814724,1333.1333245552435,1303.7259718077014,1308.627197265625,11910000,0.0,0.0
2015-01-02,1308.627115129095,1333.133240880576,1274.3185390770213,1318.4295654296875,4992000,0.0,0.0
2015-01-02,1328.231972533742,1396.849122406334,1318.4295225519431,1367.4417724609375,25974400,0.0,0.0
2015-01-02,1372.343017578125,1396.8491428920202,1352.738117327009,1372.343017578125,7867200,0.0,0.0
2015-01-02,1372.3429961622808,1426.2564710115132,1372.3429961622808,1396.84912109375,21141600,0.0,0.0
2015-01-02,1480.1700147545855,1504.6761408266814,1328.2320331075916,1352.7381591796875,67453600,0.0,0.0
2015-01-02,1352.7382022633271,1382.145554486443,1328.2320754107307,1333.13330078125,26263200,0.0,0.0
2015-01-02,1333.1332188070255,1357.639344152743,1323.3307686687385,1342.9356689453125,8183600,0.0,0.0
2015-01-02,1362.5405917823537,1362.5405917823537,1303.7258899787987,1318.4295654296875,12640800,0.0,0.0
2015-01-02,1318.4295453882928,1333.1332206156715,1284.1209698577425,1313.5283203125,21699600,0.0,0.0
2015-01-02,1313.5283628521545,1313.5283628521545,1274.3185609759707,1293.9234619140625,15969600,0.0,0.0
2015-01-02,1313.5283241271973,1313.5283241271973,1244.9111728668213,1254.713623046875,17765200,0.0,0.0
2015-01-02,1254.7136454183267,1274.3185461279882,1230.20751953125,1230.20751953125,14085600,0.0,0.0
2015-01-02,1230.2074178059895,1264.5159912109375,1225.3061930338542,1264.5159912109375,5431200,0.0,0.0
2015-01-02,1264.5161490763041,1333.1333044525377,1244.9112475402374,1303.7259521484375,19568000,0.0,0.0
2015-01-02,1303.72589719248,1303.72589719248,1225.3062943538346,1230.20751953125,19072000,0.0,0.0
2015-01-02,1240.0099279067097,1279.2197279986215,1230.2074778837316,1249.8123779296875,10814800,0.0,0.0
2015-01-02,1249.8123979568481,1264.5160732269287,1235.1087226867676,1254.713623046875,8790000,0.0,0.0
2015-01-02,1254.7136029411765,1264.5160529641546,1244.9111529181987,1249.8123779296875,9146400,0.0,0.0
2015-01-02,1235.1087226867676,1264.5160732269287,1230.2074975967407,1254.713623046875,13496400,0.0,0.0
2015-01-02,1254.7137057086613,1269.4173819474347,1240.010029469888,1244.9112548828125,14760800,0.0,0.0
2015-01-02,1244.9112151615204,1264.516116187686,1235.1087646484375,1235.1087646484375,8896400,0.0,0.0
2015-01-02,1235.108642578125,1254.7135416666667,1205.7012939453125,1205.7012939453125,17074800,0.0,0.0
2015-01-02,1210.6024775270557,1230.2073759485463,1186.096354500192,1195.8988037109375,18439600,0.0,0.0
2015-01-02,1195.8989432893427,1230.20751953125,1195.8989432893427,1230.20751953125,16460400,0.0,0.0
2015-01-02,1240.0100257286658,1298.82473050631,1230.207574932392,1274.318603515625,20678800,0.0,0.0
2015-01-02,1274.3185963350184,1333.13330078125,1264.5161455939797,1333.13330078125,18290800,0.0,0.0
2015-01-02,1333.1332583220108,1367.4418348229449,1333.1332583220108,1352.7381591796875,18338400,0.0,0.0
2015-01-02,1352.7381591796875,1362.5406096085258,1308.6271322499151,1352.7381591796875,23616400,0.0,0.0
2015-01-02,1352.738134935758,1485.0712133533864,1342.9356846826001,1406.651611328125,40806000,0.0,0.0
2015-01-02,1411.5527973790322,1445.861372315328,1362.540547470038,1367.4417724609375,17377600,0.0,0.0
2015-01-02,1382.1454064544787,1391.9478561456453,1352.7380573809792,1357.6392822265625,4941600,0.0,0.0
2015-01-02,1357.6393024252473,1391.9478768547663,1347.836852588242,1362.54052734375,8275200,0.0,0.0
2015-01-02,1362.5405264841,1426.2564503844355,1352.738076653279,1391.9478759765625,22169600,0.0,0.0
2015-01-02,1391.9478561456453,1401.7503058368118,1352.7380573809792,1357.6392822265625,16615600,0.0,0.0
2015-01-02,1357.6392426474508,1450.7625119987201,1357.6392426474508,1436.058837890625,30042000,0.0,0.0
2015-01-02,1436.0589850675976,1465.4663362976507,1377.2442826074912,1382.1455078125,12276800,0.0,0.0
2015-01-02,1382.1454677036832,1387.0466927664622,1357.639342389788,1372.343017578125,14256400,0.0,0.0
2015-01-02,1382.145485695231,1406.651611328125,1372.3430354420732,1406.651611328125,12424800,0.0,0.0
2015-01-02,1382.1454677036832,1406.6515930175783,1362.540567452567,1372.343017578125,11065200,0.0,0.0
2015-01-02,1382.145524708045,1421.3553268274222,1372.3430741782006,1416.4541015625,6488800,0.0,0.0
2015-01-02,1431.157906360424,1431.157906360424,1377.2444235865723,1387.046875,14707600,0.0,0.0
2015-01-02,1391.947917829241,1401.7503679547992,1362.540567452567,1372.343017578125,10281200,0.0,0.0
2015-01-02,1377.2442826074912,1391.9479582225179,1372.3430574024824,1382.1455078125,5710800,0.0,0.0
2015-01-02,1387.0466927664622,1391.947917829241,1362.540567452567,1372.343017578125,4690800,0.0,0.0
2015-01-02,1372.3429567633123,1372.3429567633123,1342.9356076898127,1357.6392822265625,6202000,0.0,0.0
2015-01-02,1357.639342389788,1382.1454677036832,1342.935667201451,1372.343017578125,4026800,0.0,0.0
2015-01-02,1372.343017578125,1382.1454677036832,1357.639342389788,1372.343017578125,2434400,0.0,0.0
2015-01-02,1352.7382022633271,1362.5406530043658,1293.9234978170955,1333.13330078125,24426400,0.0,0.0
2015-01-02,1313.5283574643342,1357.6393843941066,1313.5283574643342,1352.7381591796875,13399200,0.0,0.0
2015-01-02,1347.83687381954,1367.4417738023697,1328.2319738367103,1338.034423828125,4226400,0.0,0.0
2015-01-02,1338.0344027512365,1372.3429771807555,1338.0344027512365,1362.54052734375,5621200,0.0,0.0
2015-01-02,1372.343060037364,1372.343060037364,1333.1332583220108,1352.7381591796875,7286000,0.0,0.0
2015-01-02,1352.7380962171053,1406.6515710663377,1352.7380962171053,1396.84912109375,12525600,0.0,0.0
2015-01-02,1450.7625732421875,1509.5772721574112,1411.5527739653714,1450.7625732421875,117840800,0.0,0.0
2015-01-02,1450.7625709096337,1538.984619140625,1450.7625709096337,1538.984619140625,62006800,0.0,0.0
2015-01-02,1553.6882923336848,1617.4042159940568,1548.7870674367332,1597.79931640625,60419600,0.0,0.0
2015-01-02,1578.1944183543987,1627.206667371616,1538.984619140625,1538.984619140625,53875200,0.0,0.0
2015-01-02,1538.9845579092143,1573.293130856235,1514.478434375628,1524.2808837890625,38868400,0.0,0.0
2015-01-02,1529.18212890625,1553.688252766927,1509.5772298177083,1529.18212890625,35639600,0.0,0.0
2015-01-02,1558.5897171585648,1587.9970703125,1538.9848150559412,1587.9970703125,89504000,0.0,0.0
2015-01-02,1648.7337646484375,1648.7337646484375,1648.7337646484375,1648.7337646484375,3378400,207.0325,0.0
2015-01-02,1534.0865478515625,1534.0865478515625,1534.0865478515625,1534.0865478515625,6306400,0.0,0.0
2015-01-02,1430.3583984375,1430.3583984375,1430.3583984375,1430.3583984375,11226000,0.0,0.0
2015-01-02,1430.358296875,1430.358296875,1343.008171875,1364.845703125,82935200,0.0,0.0
2015-01-02,1364.8458165446605,1408.5208826740895,1364.8458165446605,1386.683349609375,33481600,0.0,0.0
2015-01-02,1397.6020916334662,1408.5208579743526,1359.3864094403636,1370.30517578125,15637600,0.0,0.0
2015-01-02,1370.3051511703,1381.2239173150833,1353.927001953125,1353.927001953125,10820400,0.0,0.0
2015-01-02,1353.9270099577357,1370.3051592717404,1310.2519451203893,1332.0894775390625,25968800,0.0,0.0
2015-01-02,1332.0894200348657,1337.548802903861,1310.2518885588843,1321.170654296875,20233200,0.0,0.0
2015-01-02,1315.7114355674776,1326.6302026676226,1293.8739013671875,1293.8739013671875,15157200,0.0,0.0
2015-01-02,1293.8737871554788,1304.792553291812,1255.6581056783127,1272.0362548828125,22549200,0.0,0.0
2015-01-02,1272.036363449772,1282.9551305180103,1222.9019116426991,1233.8206787109375,23737200,0.0,0.0
2015-01-02,1239.279881613595,1239.279881613595,1201.064202444894,1222.9017333984375,24882400,0.0,0.0
2015-01-02,1222.9018311651585,1228.3612143400028,1195.604915290936,1206.523681640625,13586800,0.0,0.0
2015-01-02,1206.5236811233779,1304.7925782284494,1206.5236811233779,1288.4144287109375,34202800,0.0,0.0
2015-01-02,1299.3332613431492,1315.711411696214,1272.036344088041,1277.4957275390625,24472000,0.0,0.0
2015-01-02,1304.792498828919,1353.9269443915143,1272.0362017871887,1343.0081787109375,29217200,0.0,0.0
2015-01-02,1364.8457680979084,1375.7645342426915,1332.0894696635585,1353.927001953125,24475200,0.0,0.0
2015-01-02,1353.9269554049124,1408.5207842518846,1348.467572520215,1403.0614013671875,32426400,0.0,0.0
2015-01-02,1403.0613828125,1413.9801484375,1343.008171875,1364.845703125,26790800,0.0,0.0
2015-01-02,1375.7644757526677,1386.6832414332443,1321.170647349784,1343.0081787109375,23614000,0.0,0.0
2015-01-02,1343.0082281203497,1381.2239094083272,1337.54884507921,1375.7645263671875,15633200,0.0,0.0
2015-01-02,1375.7645263671875,1386.6832924494668,1359.3863772437687,1375.7645263671875,21846400,0.0,0.0
2015-01-02,1375.7645342426915,1381.2239173150833,1343.0082358083419,1353.927001953125,17668000,0.0,0.0
2015-01-02,1353.9270860688025,1370.3052363035058,1288.4144851299895,1299.333251953125,23289600,0.0,0.0
2015-01-02,1299.333251953125,1321.1707855993961,1277.495718306854,1299.333251953125,21982800,0.0,0.0
2015-01-02,1299.3332613431492,1310.2520282451924,1277.4957275390625,1277.4957275390625,8711200,0.0,0.0
2015-01-02,1282.9549742139077,1343.0081857728565,1282.9549742139077,1321.170654296875,16649600,0.0,0.0
2015-01-02,1326.6301690109638,1332.0895524225316,1293.8738685415574,1299.333251953125,7635200,0.0,0.0
2015-01-02,1310.2519614009534,1315.7113445734574,1266.5768960209216,1288.4144287109375,9024000,0.0,0.0
2015-01-02,1282.9550539214035,1304.7925867541085,1266.576904296875,1266.576904296875,12560000,0.0,0.0
2015-01-02,1266.576801124477,1310.2518632322176,1266.576801124477,1304.79248046875,8867600,0.0,0.0
2015-01-02,1304.792569986979,1321.1707194010417,1288.4144205729167,1310.251953125,8992800,0.0,0.0
2015-01-02,1332.0893942860878,1337.5487770495554,1299.3330977052824,1304.79248046875,13570000,0.0,0.0
2015-01-02,1304.7925782284494,1304.7925782284494,1266.5768960209216,1288.4144287109375,12846400,0.0,0.0
2015-01-02,1288.4144851299895,1310.2520187762607,1277.495718306854,1299.333251953125,6634000,0.0,0.0
2015-01-02,1299.3331044298536,1310.2518700132978,1277.4955732629653,1282.9549560546875,3808000,0.0,0.0
2015-01-02,1288.414494441106,1293.8738778921274,1272.036344088041,1277.4957275390625,6172400,0.0,0.0
2015-01-02,1277.495521245565,1282.9549038149905,1228.3610781207356,1250.1986083984375,14095200,0.0,0.0
2015-01-02,1250.1987631279126,1266.5769128632128,1244.7393798828125,1244.7393798828125,11152000,0.0,0.0
2015-01-02,1250.1987631279126,1250.1987631279126,1211.9830804122123,1244.7393798828125,32097200,0.0,0.0
2015-01-02,1244.7394791666666,1250.1988628472222,1222.9019444444443,1228.361328125,12641600,0.0,0.0
2015-01-02,1228.361262518929,1250.1987960748208,1217.4424957409828,1239.280029296875,12610400,0.0,0.0
2015-01-02,1250.1986801079036,1255.6580629904709,1206.5236170473654,1217.4423828125,23081200,0.0,0.0
2015-01-02,1217.442447990314,1228.3612143400028,1201.0642984657807,1206.523681640625,19813200,0.0,0.0
2015-01-02,1206.5237610403415,1239.2800622450566,1206.5237610403415,1233.8206787109375,16829200,0.0,0.0
2015-01-02,1233.8204988752093,1233.8204988752093,1217.4423506600517,1222.9017333984375,12534000,0.0,0.0
2015-01-02,1222.9018061926606,1239.2799553827408,1179.2267416857799,1190.1455078125,15335600,0.0,0.0
2015-01-02,1190.1454434481534,1201.064208984375,1179.2266779119318,1201.064208984375,13614400,0.0,0.0
2015-01-02,1222.9017656950673,1228.3611485776346,1195.604851282231,1217.4423828125,15078800,0.0,0.0
2015-01-02,1217.4425143585902,1222.9018978310503,1190.14559699629,1195.60498046875,13136800,0.0,0.0
2015-01-02,1195.6048831424198,1217.44241525461,1190.1455001143722,1211.9830322265625,12917200,0.0,0.0
2015-01-02,1211.9829745205966,1228.361122824929,1201.064208984375,1201.064208984375,7300800,0.0,0.0
2015-01-02,1206.5236580648136,1277.4956379509792,1206.5236580648136,1272.0362548828125,49442400,0.0,0.0
2015-01-02,1282.954977403307,1288.4143602858744,1211.9829999299327,1217.4423828125,41946000,0.0,0.0
2015-01-02,1222.9017400568182,1250.1986538973722,1190.1454434481534,1201.064208984375,32584400,0.0,0.0
2015-01-02,1211.98313088613,1211.98313088613,1195.60498046875,1195.60498046875,16375200,0.0,0.0
2015-01-02,1201.0642984657807,1211.9830648154696,1195.604915290936,1206.523681640625,11149200,0.0,0.0
2015-01-02,1206.5235985649958,1206.5235985649958,1179.2266845703125,1179.2266845703125,22503200,0.0,0.0
2015-01-02,1184.6860673692493,1184.6860673692493,1124.6328565809463,1179.2266845703125,36898400,0.0,0.0
2015-01-02,1201.0643246299342,1201.0643246299342,1135.5517251046651,1141.0111083984375,9232400,0.0,0.0
2015-01-02,1146.4704421470906,1162.8485913206205,1091.8766115686576,1108.2547607421875,19355600,0.0,0.0
2015-01-02,1124.6328946515846,1162.8485755378035,1102.7953627166025,1151.9298095703125,11570800,0.0,0.0
2015-01-02,1168.30810546875,1190.145640150409,1141.0111871166764,1168.30810546875,15915200,0.0,0.0
2015-01-02,1173.7673086490272,1173.7673086490272,1146.4703944943985,1157.38916015625,10602000,0.0,0.0
2015-01-02,1157.3891280626467,1168.3078934217283,1151.929745383106,1162.8485107421875,8192400,0.0,0.0
2015-01-02,1146.4704916922099,1168.3080248672995,1124.6329585171202,1141.0111083984375,5630400,0.0,0.0
2015-01-02,1141.0111412635217,1157.3892916165867,1130.0923743614785,1135.5517578125,9448800,0.0,0.0
2015-01-02,1135.5517578125,1146.4705247145434,1130.0923743614785,1135.5517578125,7165600,0.0,0.0
2015-01-02,1141.0110116634728,1157.38916015625,1135.551628832547,1157.38916015625,10133200,0.0,0.0
2015-01-02,1162.8486890216207,1173.7674560546875,1141.011154955487,1173.7674560546875,12659200,0.0,0.0
2015-01-02,1173.7673746744792,1179.2267578125,1146.470458984375,1146.470458984375,7903600,0.0,0.0
2015-01-02,1157.38916015625,1179.226691479953,1146.4703944943985,1157.38916015625,12028000,0.0,0.0
2015-01-02,1168.3078934217283,1173.767276101269,1151.929745383106,1162.8485107421875,16439600,0.0,0.0
2015-01-02,1162.8486083984376,1168.3079915364583,1135.5516927083333,1146.470458984375,5284400,0.0,0.0
2015-01-02,1157.3892582797548,1168.3080248672995,1141.0111083984375,1141.0111083984375,7995600,0.0,0.0
2015-01-02,1141.0110436028212,1157.3891925540581,1135.5516606190758,1151.9298095703125,8933600,0.0,0.0
2015-01-02,1151.9298749859825,1151.9298749859825,1135.5517251046651,1141.0111083984375,3233600,0.0,0.0
2015-01-02,1141.011051196407,1151.929817236564,1124.6329021361714,1130.09228515625,7084800,0.0,0.0
2015-01-02,1135.5517578125,1141.0111412635217,1124.6329909104568,1135.5517578125,6335600,0.0,0.0
2015-01-02,1135.5516681763286,1146.4704342164855,1124.6329021361714,1130.09228515625,4676000,0.0,0.0
2015-01-02,1130.0922776353302,1157.3891925540581,1130.0922776353302,1151.9298095703125,9716800,0.0,0.0
2015-01-02,1151.9298504579415,1157.3892336354672,1119.1735513927867,1124.6329345703125,13354800,0.0,0.0
2015-01-02,1124.6329345703125,1135.551700925364,1119.1735513927867,1124.6329345703125,5501600,0.0,0.0
2015-01-02,1124.632831985402,1162.8485107421875,1124.632831985402,1162.8485107421875,10969200,0.0,0.0
2015-01-02,1168.3080248672995,1179.2267914548445,1135.5517251046651,1141.0111083984375,17417600,0.0,0.0
2015-01-02,1141.0111412635217,1146.4705247145434,1124.6329909104568,1135.5517578125,4719600,0.0,0.0
2015-01-02,1141.0110116634728,1173.7673086490272,1135.551628832547,1157.38916015625,20056800,0.0,0.0
2015-01-02,1168.3080248672995,1179.2267914548445,1135.5517251046651,1141.0111083984375,17361200,0.0,0.0
2015-01-02,1151.9298498921805,1222.9018311651585,1130.0923171928027,1206.523681640625,52020000,0.0,0.0
2015-01-02,1217.4423733843053,1370.3050929123795,1211.9829905440167,1343.0081787109375,142484400,0.0,0.0
2015-01-02,1364.8456774259869,1599.5991339432564,1343.008146587171,1555.924072265625,215988400,0.0,0.0
2015-01-02,1555.9240787818337,1566.8428442469694,1463.1145723281804,1534.0865478515625,88910800,0.0,0.0
2015-01-02,1534.0865478515625,1615.97728884008,1534.0865478515625,1534.0865478515625,45463200,0.0,0.0
2015-01-02,1528.6272151295732,1577.7616613301666,1484.9521518401568,1566.8428955078125,38749600,0.0,0.0
2015-01-02,1572.3023767605634,1594.139909771127,1545.0054604973593,1550.46484375,17000800,0.0,0.0
2015-01-02,1545.005306846217,1594.1397512335525,1528.6271587171052,1555.924072265625,21355600,0.0,0.0
2015-01-02,1555.9241115025113,1561.3834943498885,1517.7084315708705,1528.627197265625,32607200,0.0,0.0
2015-01-02,1523.1678172144395,1523.1678172144395,1424.89892578125,1424.89892578125,23904000,0.0,0.0
2015-01-02,1397.602109053498,1408.5208755304784,1326.630126953125,1326.630126953125,16520800,0.0,0.0
2015-01-02,1310.251953125,1364.8457845052083,1250.1987386067708,1310.251953125,44423600,0.0,0.0
2015-01-02,1315.7112936268682,1321.1706765879755,1250.19869809358,1255.6580810546875,19607200,0.0,0.0
2015-01-02,1261.1175128484176,1299.3331950559455,1206.5236811233779,1288.4144287109375,29394800,0.0,0.0
2015-01-02,1288.4144205729167,1353.9270182291666,1244.73935546875,1310.251953125,23529200,0.0,0.0
2015-01-02,1315.7114317227254,1315.7114317227254,1228.3612951768182,1233.8206787109375,38898000,0.0,0.0
2015-01-02,1233.8205643387528,1255.6580964509433,1211.9830322265625,1211.9830322265625,18392000,0.0,0.0
2015-01-02,1211.9831445744608,1255.6582128474142,1211.9831445744608,1233.8206787109375,18482400,0.0,0.0
2015-01-02,1233.8205543264958,1244.739320293987,1151.9298095703125,1151.9298095703125,38598000,0.0,0.0
2015-01-02,1151.9298095703125,1184.6861074727858,1151.9298095703125,1151.9298095703125,16898000,0.0,0.0
2015-01-02,1157.3892252604167,1179.2267578125,1146.470458984375,1146.470458984375,18266800,0.0,0.0
2015-01-02,1157.3892411614343,1195.6049236526137,1135.5517083093318,1184.6861572265625,25729600,0.0,0.0
2015-01-02,1195.6049901208212,1211.9831406704216,1162.8486890216207,1173.7674560546875,19662400,0.0,0.0
2015-01-02,1179.2266587808099,1211.9829548580547,1162.8485107421875,1162.8485107421875,115863600,0.0,0.0
2015-01-02,1179.2267729660562,1277.4956707132274,1168.3080065497038,1266.576904296875,51405200,0.0,0.0
2015-01-02,1277.4956379509792,1332.0894686326449,1250.1987226101462,1272.0362548828125,51787200,0.0,0.0
2015-01-02,1266.5768022017046,1282.9549505060368,1184.6860606800426,1201.064208984375,52534800,0.0,0.0
2015-01-02,1206.5237474136702,1217.4425143585902,1168.3080631064497,1195.60498046875,22486800,0.0,0.0
2015-01-02,1201.0642759261593,1364.8457680979084,1201.0642759261593,1353.927001953125,71982000,0.0,0.0
2015-01-02,1353.9269554049124,1452.1958473294626,1315.7112752120318,1403.0614013671875,101619600,0.0,0.0
2015-01-02,1403.0615059330778,1446.736572265625,1348.4676730173937,1446.736572265625,35648800,0.0,0.0
2015-01-02,1446.7366145207332,1446.7366145207332,1359.3864793043872,1419.439697265625,42942800,0.0,0.0
2015-01-02,1408.5207329644097,1528.627152054398,1392.142584906684,1474.0333251953125,82250000,0.0,0.0
2015-01-02,1479.4927727998192,1506.789687427122,1446.7364752470558,1463.1146240234375,28062000,0.0,0.0
2015-01-02,1484.952294034091,1534.0867449396308,1474.0335271661932,1501.3304443359375,30336400,0.0,0.0
2015-01-02,1484.9523086547852,1490.4116921424866,1397.6021728515625,1397.6021728515625,65028000,0.0,0.0
2015-01-02,1386.683234375,1413.9801484375,1321.170640625,1364.845703125,27344800,0.0,0.0
2015-01-02,1375.764558490954,1474.0334555260222,1375.764558490954,1452.1959228515625,41266000,0.0,0.0
2015-01-02,1452.1959885105941,1474.0335221724076,1381.2240041097004,1441.2772216796875,22492000,0.0,0.0
2015-01-02,1441.2771889740566,1452.1959555571934,1408.5208892246462,1446.736572265625,12931200,0.0,0.0
2015-01-02,1446.736572265625,1506.7897884728773,1446.736572265625,1446.736572265625,20626400,0.0,0.0
2015-01-02,1463.11472214033,1479.4928720150353,1413.9802725162147,1446.736572265625,10922800,0.0,0.0
2015-01-02,1446.736587075626,1484.9522705078125,1435.8178203807156,1484.9522705078125,12922000,0.0,0.0
2015-01-02,1484.9520905671295,1495.8708559389468,1446.7364117657696,1474.0333251953125,21687600,0.0,0.0
2015-01-02,1474.033464038645,1506.7897632395038,1397.6020992366412,1430.3583984375,17275200,0.0,0.0
2015-01-02,1419.4396827908845,1435.817832976933,1364.8458488373888,1381.2239990234375,7755600,0.0,0.0
2015-01-02,1381.2238515625,1392.1426171875,1304.7924921875,1364.845703125,19492000,0.0,0.0
2015-01-02,1392.142708463023,1392.142708463023,1353.9270262699204,1370.30517578125,9728400,0.0,0.0
2015-01-02,1375.7646389007568,1413.9803233146667,1343.0083379745483,1397.6021728515625,22007600,0.0,0.0
2015-01-02,1392.1426036746002,1424.8989002316496,1375.7644553960756,1408.520751953125,14339600,0.0,0.0
2015-01-02,1413.9802993955348,1430.3584495815835,1381.2239990234375,1381.2239990234375,8478800,0.0,0.0
2015-01-02,1381.2240223884583,1408.5209398269653,1375.7646389007568,1397.6021728515625,9013200,0.0,0.0
2015-01-02,1397.6021634615386,1430.3584641676684,1381.2240131084736,1419.439697265625,5041600,0.0,0.0
2015-01-02,1419.4396492064468,1419.4396492064468,1359.386433278482,1386.683349609375,18878400,0.0,0.0
2015-01-02,1381.2240083380398,1392.1427752023721,1348.4677077450428,1359.386474609375,5210400,0.0,0.0
2015-01-02,1359.3863930624038,1370.3051592717404,1321.170711329726,1332.0894775390625,15242800,0.0,0.0
2015-01-02,1332.0895101916153,1348.467659907086,1299.3332107606739,1326.630126953125,11657200,0.0,0.0
2015-01-02,1326.630174016378,1386.6833917702058,1321.170790584212,1359.386474609375,18555600,0.0,0.0
2015-01-02,1375.7646389007568,1413.9803233146667,1364.845871925354,1397.6021728515625,46852800,0.0,0.0
2015-01-02,1370.3052462064304,1452.1959979717549,1370.3052462064304,1419.439697265625,24668000,0.0,0.0
2015-01-02,1419.4395174721415,1435.817665750666,1375.7644553960756,1408.520751953125,13294000,0.0,0.0
2015-01-02,1403.0614824367842,1435.817781637643,1403.0614824367842,1430.3583984375,10805600,0.0,0.0
2015-01-02,1430.3584495815835,1446.7365997676322,1375.764615628088,1381.2239990234375,37881200,0.0,0.0
2015-01-02,1375.764629657452,1424.8990807166467,1353.9270958533655,1419.439697265625,18042800,0.0,0.0
2015-01-02,1424.89892578125,1441.2770743534481,1392.1426286368535,1424.89892578125,25548000,0.0,0.0
2015-01-02,1424.8989751580057,1490.4115717169946,1408.5208260182585,1457.6552734375,20264400,0.0,0.0
2015-01-02,1457.6553860484894,1523.1679876686462,1457.6553860484894,1479.492919921875,50600000,0.0,0.0
2015-01-02,1474.033503812902,1534.0867206349092,1468.5741204654469,1484.9522705078125,49830400,0.0,0.0
2015-01-02,1501.330386267768,1588.6805178324382,1484.9522365993923,1572.3023681640625,62496800,0.0,0.0
2015-01-02,1594.139843067089,1594.139843067089,1539.5460128250654,1561.383544921875,28744800,0.0,0.0
2015-01-02,1561.3836017184788,1583.2211346096462,1550.464835272895,1572.3023681640625,25261600,0.0,0.0
2015-01-02,1583.2211346096462,1621.4368171691895,1534.0866856045193,1572.3023681640625,26646800,0.0,0.0
2015-01-02,1577.7617600132044,1583.221143265845,1545.0054604973593,1550.46484375,11034000,0.0,0.0
2015-01-02,1550.464689555921,1566.842837685033,1490.4114797491775,1555.924072265625,33752000,0.0,0.0
2015-01-02,1572.3022784189895,1588.6804271525207,1555.9241296854584,1566.8428955078125,57405600,0.0,0.0
2015-01-02,1566.843032110305,1637.815016143176,1566.843032110305,1605.0587158203125,37504400,0.0,0.0
2015-01-02,1615.9775157316553,1643.2744332271225,1572.3024477389079,1599.599365234375,32845200,0.0,0.0
2015-01-02,1599.599365234375,1626.8962827298421,1583.2212147370947,1599.599365234375,19374400,0.0,0.0
2015-01-02,1599.599365234375,1621.4368992307486,1572.3024477389079,1599.599365234375,20613200,0.0,0.0
2015-01-02,1637.8150306270763,1643.2744140625,1610.5181134499585,1643.2744140625,32167600,0.0,0.0
2015-01-02,1648.733733283149,1665.1118829515246,1545.005452050103,1572.3023681640625,32860800,0.0,0.0
2015-01-02,1572.3024245689655,1599.5993416621768,1572.3024245689655,1583.22119140625,29967200,0.0,0.0
2015-01-02,1594.1398680795849,1594.1398680795849,1561.3835694204151,1577.76171875,14928800,0.0,0.0
2015-01-02,1583.2211018598616,1594.1398680795849,1572.3023356401384,1577.76171875,20990800,0.0,0.0
2015-01-02,1577.7617513868545,1594.13990105523,1572.3023681640625,1572.3023681640625,22091200,0.0,0.0
2015-01-02,1571.8627772739956,1628.4046037946428,1537.937681361607,1583.171142578125,13038800,62.014107,0.0
2015-01-02,1583.1710741511679,1639.7128982279953,1577.516891743485,1634.0587158203125,28808000,0.0,0.0
2015-01-02,1634.058731132268,1651.021278514264,1583.1710889862804,1622.7503662109375,11773600,0.0,0.0
2015-01-02,1673.6380242598684,1673.6380242598684,1594.479469058388,1611.4420166015625,5313600,0.0,0.0
2015-01-02,1611.4420321299415,1611.4420321299415,1577.5169367166795,1600.1336669921875,6884000,0.0,0.0
2015-01-02,1600.1335376148493,1611.4419018382757,1560.5542628328565,1605.7877197265625,26187600,0.0,0.0
2015-01-02,1611.441993713379,1639.712905883789,1600.1336288452148,1628.404541015625,50291600,0.0,0.0
2015-01-02,1628.4044935926258,1628.4044935926258,1571.8626708984375,1571.8626708984375,15621200,0.0,0.0
2015-01-02,1577.5168991088867,1645.367088317871,1577.5168991088867,1628.404541015625,32268400,0.0,0.0
2015-01-02,1628.4045486716027,1639.7129135929333,1617.096183750272,1622.7503662109375,54000400,0.0,0.0
2015-01-02,1622.750358581543,1645.367088317871,1605.7878112792969,1628.404541015625,76224400,0.0,0.0
2015-01-02,1628.404510916096,1673.637969552654,1617.0961462569564,1651.021240234375,26672000,0.0,0.0
2015-01-02,1628.404564144737,1645.3671116879111,1583.1711040296052,1611.4420166015625,13718800,0.0,0.0
2015-01-02,1611.4420012896069,1656.6754609749291,1600.1336363682763,1622.7503662109375,26042400,0.0,0.0
2015-01-02,1622.7504051695478,1628.4045877659576,1577.5169443982713,1594.4794921875,60732400,0.0,0.0
2015-01-02,1594.479453907611,1622.7503662109375,1594.479453907611,1622.7503662109375,7603600,0.0,0.0
2015-01-02,1622.7502884508453,1622.7502884508453,1583.1710131227758,1588.8251953125,9446800,0.0,0.0
2015-01-02,1594.4795318493343,1594.4795318493343,1560.554435427008,1566.2086181640625,11417200,0.0,0.0
2015-01-02,1566.2085342407227,1628.404541015625,1554.9001693725586,1628.404541015625,14568000,0.0,0.0
2015-01-02,1628.404615752551,1696.2548080755741,1622.7504330589659,1662.3297119140625,38695600,0.0,0.0
2015-01-02,1662.3296731291805,1690.6005859375,1628.4045777591973,1690.6005859375,22383200,0.0,0.0
2015-01-02,1690.6005937205066,1735.8340544220584,1667.9838633697304,1684.9464111328125,36380400,0.0,0.0
2015-01-02,1684.9463342117938,1684.9463342117938,1634.0586932456658,1651.021240234375,14159200,0.0,0.0
2015-01-02,1684.9464426884035,1684.9464426884035,1634.0587984461363,1662.3297119140625,8981200,0.0,0.0
2015-01-02,1651.0212553879312,1690.6005320581896,1622.7503434806035,1639.712890625,32083200,0.0,0.0
2015-01-02,1639.7129656817463,1684.9464268040012,1622.7504177609005,1673.6380615234375,16602000,0.0,0.0
2015-01-02,1673.6381013745704,1679.2922841494844,1622.7504564003436,1645.3671875,14382000,0.0,0.0
2015-01-02,1645.3669945085553,1656.6753587319818,1605.7877197265625,1605.7877197265625,19274000,0.0,0.0
2015-01-02,1611.4420321299415,1622.7503972676955,1583.1711192855566,1600.1336669921875,11048800,0.0,0.0
2015-01-02,1600.1336209363553,1600.1336209363553,1537.9376144688645,1543.591796875,20137200,0.0,0.0
2015-01-02,1543.5917893012945,1577.5168835716527,1509.6666950309364,1549.2459716796875,22636000,0.0,0.0
2015-01-02,1560.5543364364737,1566.2085188148667,1532.2834245445085,1549.2459716796875,10159200,0.0,0.0
2015-01-02,1554.900146484375,1566.2085111860795,1487.0499582741477,1554.900146484375,16447200,0.0,0.0
2015-01-02,1554.9002329508464,1560.5544156161222,1492.7042236328125,1492.7042236328125,10910800,0.0,0.0
2015-01-02,1504.0125678924924,1537.9376634088644,1419.1998291015625,1419.1998291015625,14165600,0.0,0.0
2015-01-02,1419.1998213510665,1441.8165515718006,1385.2747260199653,1424.85400390625,14049200,0.0,0.0
2015-01-02,1430.5081787109375,1492.7041864809783,1424.8539961863885,1430.5081787109375,18607200,0.0,0.0
2015-01-02,1430.5081787109375,1441.816543760036,1407.891448612741,1430.5081787109375,15319600,0.0,0.0
2015-01-02,1453.125,1520.9751945525293,1396.5831712062256,1453.125,43288400,0.0,0.0
2015-01-02,1470.0875244140625,1498.3584383451023,1441.816610483023,1470.0875244140625,10596400,0.0,0.0
2015-01-02,1475.741569693762,1498.3582987312143,1464.4332051750357,1481.395751953125,14287200,0.0,0.0
2015-01-02,1481.3958428174928,1532.2834862730556,1481.3958428174928,1504.0125732421875,19102000,0.0,0.0
2015-01-02,1504.012645914397,1526.6293774319067,1447.4708171206225,1453.125,10831600,0.0,0.0
2015-01-02,1447.4707107843137,1481.395805568321,1419.1997984643076,1441.8165283203125,19238000,0.0,0.0
2015-01-02,1441.816536009781,1453.1249009980932,1419.199806033157,1436.162353515625,20186800,0.0,0.0
2015-01-02,1447.4707103321034,1554.9001771145643,1447.4707103321034,1532.283447265625,35846800,0.0,0.0
2015-01-02,1537.9377044787907,1566.2086181640625,1492.7042425823556,1566.2086181640625,14484800,0.0,0.0
2015-01-02,1560.554435427008,1577.5169836381713,1526.629339004682,1566.2086181640625,15824400,0.0,0.0
2015-01-02,1566.2085264995421,1566.2085264995421,1520.9750672504579,1543.591796875,4941600,0.0,0.0
2015-01-02,1543.5918355913304,1543.5918355913304,1498.3583752077018,1515.3209228515625,4835200,0.0,0.0
2015-01-02,1520.9750747680664,1543.5918045043945,1515.3208923339844,1537.9376220703125,6332400,0.0,0.0
2015-01-02,1537.937660931648,1537.937660931648,1504.0125654699204,1509.666748046875,5410800,0.0,0.0
2015-01-02,1509.6666632499405,1520.9750277686665,1470.0873874343988,1481.395751953125,11969600,0.0,0.0
2015-01-02,1481.3957298422758,1504.012458542158,1441.8164546174823,1498.3582763671875,13388000,0.0,0.0
2015-01-02,1515.3209074797455,1537.9376374421297,1492.7041775173611,1526.6292724609375,14124800,0.0,0.0
2015-01-02,1526.629327694273,1532.2835103894367,1475.741683437797,1487.050048828125,6731600,0.0,0.0
2015-01-02,1487.049934212488,1492.7041164718512,1453.1248406563097,1481.395751953125,9330000,0.0,0.0
2015-01-02,1481.3957977294922,1481.3957977294922,1436.162338256836,1447.470703125,9441600,0.0,0.0
2015-01-02,1447.470734126984,1470.0874643477182,1407.8914562406994,1424.85400390625,16790800,0.0,0.0
2015-01-02,1430.5081864614335,1441.8165515718006,1413.545638795883,1424.85400390625,10774000,0.0,0.0
2015-01-02,1447.470734126984,1447.470734126984,1413.545638795883,1424.85400390625,5829600,0.0,0.0
2015-01-02,1424.8540116876245,1436.1623768597485,1413.5456465155005,1419.1998291015625,7138800,0.0,0.0
2015-01-02,1419.1998447893134,1436.1623927350024,1407.8914794921875,1407.8914794921875,13538400,0.0,0.0
2015-01-02,1413.5455322265625,1424.8538964843751,1396.5829858398438,1413.5455322265625,9945200,0.0,0.0
2015-01-02,1413.5454666516014,1413.5454666516014,1368.31201171875,1368.31201171875,17105600,0.0,0.0
2015-01-02,1368.3121724189082,1385.2747200108781,1334.3870772349683,1340.041259765625,18655600,0.0,0.0
2015-01-02,1345.6954422962817,1362.6579898882517,1334.3870772349683,1340.041259765625,7079600,0.0,0.0
2015-01-02,1362.6581056739103,1362.6581056739103,1300.4620925518645,1345.695556640625,33595600,0.0,0.0
2015-01-02,1345.6954658703926,1345.6954658703926,1300.4620048327324,1323.0787353515625,18956400,0.0,0.0
2015-01-02,1328.73291015625,1334.3870927526596,1300.4619971742022,1328.73291015625,5348800,0.0,0.0
2015-01-02,1334.3870544433594,1368.3121490478516,1328.7328720092773,1357.0037841796875,14794800,0.0,0.0
2015-01-02,1357.0038391899143,1368.3122045164969,1306.1161952202924,1317.424560546875,9847200,0.0,0.0
2015-01-02,1317.424453272964,1334.3869998816288,1255.2284490411932,1306.1160888671875,21330400,0.0,0.0
2015-01-02,1300.4620203478582,1323.0787511365165,1272.1911068620352,1311.7703857421875,15736400,0.0,0.0
2015-01-02,1306.1162188986075,1328.7329499617867,1289.153670601223,1300.4620361328125,19816400,0.0,0.0
2015-01-02,1306.116259765625,1306.116259765625,1260.8827962239584,1272.191162109375,8952800,0.0,0.0
2015-01-02,1294.8076821067118,1306.1160461425782,1226.9574978915127,1243.9200439453125,41566000,0.0,0.0
2015-01-02,1243.9201976634838,1260.8827458134404,1215.649284080223,1221.303466796875,27093600,0.0,0.0
2015-01-02,1232.6118402525435,1232.6118402525435,1193.0325609783793,1215.6492919921875,47465600,0.0,0.0
2015-01-02,1215.6492233276367,1289.1535949707031,1198.6866760253906,1266.536865234375,23806400,0.0,0.0
2015-01-02,1266.536835252193,1300.4619290535911,1238.265923751028,1289.153564453125,10628000,0.0,0.0
2015-01-02,1283.499495727006,1300.4620441286845,1277.8453129264465,1294.807861328125,14988400,0.0,0.0
2015-01-02,1294.807746753358,1300.4619290535911,1272.191017552426,1289.153564453125,3776800,0.0,0.0
2015-01-02,1294.8077774047852,1379.6205139160156,1294.8077774047852,1357.0037841796875,36941200,0.0,0.0
2015-01-02,1379.6203970809363,1385.274579036186,1328.7327594836886,1351.3494873046875,9982000,0.0,0.0
2015-01-02,1357.0038663903063,1396.58314582669,1340.0413180604273,1385.2747802734375,10644000,0.0,0.0
2015-01-02,1390.9289710873463,1396.5831538966445,1368.3122398501537,1379.62060546875,9200400,0.0,0.0
2015-01-02,1379.6205139160156,1390.9288787841797,1340.0412368774414,1357.0037841796875,5860000,0.0,0.0
2015-01-02,1357.003898145747,1362.6580810546875,1340.0413494189252,1362.6580810546875,3172400,0.0,0.0
2015-01-02,1362.6580336103555,1402.2373125948886,1345.695485474127,1396.5831298828125,8317600,0.0,0.0
2015-01-02,1396.5831785083312,1402.2373614172718,1357.003898145747,1362.6580810546875,3468000,0.0,0.0
2015-01-02,1362.6579957992312,1453.1249166821676,1357.0038132440477,1424.85400390625,33406800,0.0,0.0
2015-01-02,1453.1248071289062,1453.1248071289062,1396.5829858398438,1413.5455322265625,9226000,0.0,0.0
2015-01-02,1413.545702324539,1424.8540679431353,1368.3122398501537,1379.62060546875,11361600,0.0,0.0
2015-01-02,1379.6205974968113,1413.545694156569,1340.0413180604273,1385.2747802734375,9971200,0.0,0.0
2015-01-02,1390.9289025415349,1390.9289025415349,1340.041259765625,1340.041259765625,14083200,0.0,0.0
2015-01-02,1340.0413258036629,1396.5831538966445,1340.0413258036629,1379.62060546875,16402000,0.0,0.0
2015-01-02,1379.6206297815095,1407.8915443262124,1362.6580810546875,1362.6580810546875,7310000,0.0,0.0
2015-01-02,1368.3121490478516,1396.5830612182617,1345.6954193115234,1357.0037841796875,9521200,0.0,0.0
2015-01-02,1362.6579439139662,1385.274673273534,1351.349579234182,1373.96630859375,9580000,0.0,0.0
2015-01-02,1373.9661935853565,1379.620375451963,1357.0036479855373,1368.31201171875,4809600,0.0,0.0
2015-01-02,1379.620375451963,1385.2745573185694,1362.6578298521435,1368.31201171875,6718400,0.0,0.0
2015-01-02,1368.31201171875,1379.620375451963,1357.0036479855373,1368.31201171875,11921200,0.0,0.0
2015-01-02,1368.3122086063509,1413.545670047883,1368.3122086063509,1402.2373046875,22187600,0.0,0.0
2015-01-02,1402.2373286033164,1419.1998769331951,1379.6205974968113,1385.2747802734375,10556800,0.0,0.0
2015-01-02,1402.2371029183885,1402.2371029183885,1368.31201171875,1368.31201171875,2407200,0.0,0.0
2015-01-02,1368.3122045164969,1379.6205698430795,1317.424560546875,1317.424560546875,23162000,0.0,0.0
2015-01-02,1317.4243955731893,1362.657851215187,1317.4243955731893,1351.3494873046875,4414000,0.0,0.0
2015-01-02,1362.6579666137695,1373.9663314819336,1334.3870544433594,1357.0037841796875,11656000,0.0,0.0
2015-01-02,1357.0036692599374,1362.657851215187,1340.0411233941882,1351.3494873046875,9882000,0.0,0.0
2015-01-02,1357.0038742315573,1390.9289710873463,1345.695508612961,1379.62060546875,11648800,0.0,0.0
2015-01-02,1390.9288787841797,1396.5830612182617,1340.0412368774414,1357.0037841796875,11159600,0.0,0.0
2015-01-02,1357.003807357595,1379.6205374802216,1340.041259765625,1340.041259765625,6880000,0.0,0.0
2015-01-02,1340.041102385718,1379.620375451963,1340.041102385718,1368.31201171875,8276800,0.0,0.0
2015-01-02,1368.3121490478516,1379.6205139160156,1345.6954193115234,1357.0037841796875,11998800,0.0,0.0
2015-01-02,1357.0038152145128,1373.966362904694,1323.07871983415,1334.3870849609375,24800400,0.0,0.0
2015-01-02,1334.3870849609375,1345.6954500877252,1317.4245372707562,1334.3870849609375,30052800,0.0,0.0
2015-01-02,1334.3870927526596,1340.041275349069,1323.0787275598404,1328.73291015625,11897600,0.0,0.0
2015-01-02,1328.7328947043118,1340.041259765625,1311.7703471123418,1340.041259765625,13046000,0.0,0.0
2015-01-02,1340.041302762051,1424.8540434431934,1311.77038920167,1396.5831298828125,166155200,0.0,0.0
2015-01-02,1402.237273685516,1441.8165515718006,1368.3121783544148,1424.85400390625,75351600,0.0,0.0
2015-01-02,1407.8914873676915,1419.1998527280746,1385.2747566469254,1402.2373046875,76268000,0.0,0.0
2015-01-02,1402.2372436523438,1453.124885559082,1402.2372436523438,1447.470703125,89320000,0.0,0.0
2015-01-02,1447.4707932692309,1509.666803917518,1436.162427696815,1470.0875244140625,98945200,0.0,0.0
2015-01-02,1475.7416080013736,1571.8627089056777,1470.087425595238,1543.591796875,56632800,0.0,0.0
2015-01-02,1560.5543518066406,1583.1710815429688,1509.6667098999023,1537.9376220703125,37992800,0.0,0.0
2015-01-02,1532.2835022897432,1549.2460502855706,1470.0874929717093,1492.7042236328125,24774400,0.0,0.0
2015-01-02,1515.3209074797455,1543.5918199327257,1492.7041775173611,1526.6292724609375,19010800,0.0,0.0
2015-01-02,1532.2835022897432,1537.937684955019,1481.3958583022609,1492.7042236328125,9075600,0.0,0.0
2015-01-02,1492.704192659748,1537.937653043377,1470.0874624679338,1515.3209228515625,18211600,0.0,0.0
2015-01-02,1509.6667024381868,1543.591796875,1509.6667024381868,1543.591796875,14090800,0.0,0.0
2015-01-02,1532.283432062729,1566.2085264995421,1526.6292496565934,1543.591796875,10960800,0.0,0.0
2015-01-02,1543.5918121900947,1543.5918121900947,1526.6292648033902,1532.283447265625,3945600,0.0,0.0
2015-01-02,1537.9377122961957,1571.8628088909647,1532.283529530401,1560.554443359375,18991200,0.0,0.0
2015-01-02,1560.5543739720395,1617.096199115954,1560.5543739720395,1611.4420166015625,27763200,0.0,0.0
2015-01-02,1600.1335822455317,1617.0961290537882,1560.5543063595999,1571.8626708984375,18534000,0.0,0.0
2015-01-02,1571.8627772739956,1588.8253252301897,1543.5918640136717,1583.171142578125,19433600,0.0,0.0
2015-01-02,1583.171142578125,1605.7878731863839,1583.171142578125,1583.171142578125,3010800,0.0,0.0
2015-01-02,1583.171142578125,1594.4795078822544,1560.5544119698661,1583.171142578125,6586000,0.0,0.0
2015-01-02,1583.1711192855566,1605.7878495610646,1543.5918413034176,1600.1336669921875,7266400,0.0,0.0
2015-01-02,1588.8253571883492,1617.0962710173235,1560.554443359375,1560.554443359375,12758800,0.0,0.0
2015-01-02,1577.5169599260603,1594.4795078822544,1566.2085946219308,1583.171142578125,8145600,0.0,0.0
2015-01-02,1583.1710354372751,1588.825217706694,1571.8626708984375,1571.8626708984375,18487200,0.0,0.0
2015-01-02,1571.8627772739956,1583.171142578125,1549.2460466657367,1583.171142578125,18732800,0.0,0.0
2015-01-02,1583.1710737179487,1583.1710737179487,1520.9750672504579,1543.591796875,8092800,0.0,0.0
2015-01-02,1543.5917817826705,1566.2085111860795,1515.3208700284092,1554.900146484375,7049200,0.0,0.0
2015-01-02,1554.900214012633,1628.4045877659576,1537.9376662234042,1594.4794921875,26251600,0.0,0.0
2015-01-02,1600.1336905343192,1639.7129690987722,1560.5544119698661,1583.171142578125,13320400,0.0,0.0
2015-01-02,1594.479399976113,1611.4419467843693,1571.8626708984375,1571.8626708984375,7009200,0.0,0.0
2015-01-02,1577.5169836381713,1583.1711663752255,1549.2460699528995,1566.2086181640625,11578800,0.0,0.0
2015-01-02,1566.2086024130545,1583.171150453629,1554.9002370526714,1577.5169677734375,9456800,0.0,0.0
2015-01-02,1577.5168531678564,1583.1710354372751,1537.9375772819244,1571.8626708984375,10108800,0.0,0.0
2015-01-02,1571.8627089056777,1571.8627089056777,1543.591796875,1543.591796875,6346400,0.0,0.0
2015-01-02,1549.2459792811355,1554.900161687271,1532.283432062729,1543.591796875,10189200,0.0,0.0
2015-01-02,1549.2459792811355,1560.5543440934066,1492.7041552197802,1543.591796875,27160000,0.0,0.0
2015-01-02,1543.5918199327257,1543.5918199327257,1504.0125424985533,1526.6292724609375,10398800,0.0,0.0
2015-01-02,1526.62918724204,1526.62918724204,1492.7040941922169,1498.3582763671875,11635600,0.0,0.0
2015-01-02,1504.0125577556553,1515.3209228515625,1487.0500101117946,1515.3209228515625,9682400,0.0,0.0
2015-01-02,1504.0125577556553,1515.3209228515625,1464.4332799199801,1515.3209228515625,28458400,0.0,0.0
2015-01-02,1509.66677162864,1526.6293196244674,1492.7042236328125,1492.7042236328125,7846800,0.0,0.0
2015-01-02,1498.3584062980883,1504.0125889633641,1481.3958583022609,1492.7042236328125,10776800,0.0,0.0
2015-01-02,1492.7042080298402,1520.9751210607083,1487.0500254236665,1504.0125732421875,16702800,0.0,0.0
2015-01-02,1498.3583752077018,1515.3209228515625,1498.3583752077018,1515.3209228515625,6414800,0.0,0.0
2015-01-02,1520.9751369591916,1532.2835022897432,1492.7042236328125,1492.7042236328125,14712400,0.0,0.0
2015-01-02,1492.7041625976562,1560.5543518066406,1492.7041625976562,1537.9376220703125,15019600,0.0,0.0
2015-01-02,1537.937681361607,1611.4420558384486,1537.937681361607,1583.171142578125,586494400,0.0,0.0
2015-01-02,1605.78788497821,1684.9464426884035,1594.4795195910397,1662.3297119140625,70668800,0.0,0.0
2015-01-02,1662.3296807820366,1684.9464111328125,1628.4045852558725,1684.9464111328125,16257200,0.0,0.0
2015-01-02,1684.9465008666184,1724.5257810883174,1656.6755864225477,1707.563232421875,28884400,0.0,0.0
2015-01-02,1718.8715981995033,1724.5257810883174,1690.6006837554326,1707.563232421875,13990000,0.0,0.0
2015-01-02,1707.5631694178428,1764.104996219758,1701.9089867376513,1752.796630859375,26408000,0.0,0.0
2015-01-02,1752.796638760366,1764.1050041717233,1718.8715425262944,1747.1424560546875,38453200,0.0,0.0
2015-01-02,1747.1424560546875,1803.6842831114734,1730.1799079376517,1747.1424560546875,23577200,0.0,0.0
2015-01-02,1701.9089126586914,1769.7591018676758,1701.9089126586914,1718.8714599609375,15798400,0.0,0.0
2015-01-02,1718.8715194310896,1792.3758936172876,1713.217336801382,1764.10498046875,9819600,0.0,0.0
2015-01-02,1758.4507138131107,1786.7216256107492,1718.871437296417,1735.833984375,9053200,0.0,0.0
2015-01-02,1730.1797540838068,1730.1797540838068,1667.983749852036,1679.2921142578125,45058800,0.0,0.0
2015-01-02,1679.2921829223633,1747.1423721313477,1656.6754531860352,1718.8714599609375,14148000,0.0,0.0
2015-01-02,1718.8715194310896,1769.7591630984575,1718.8715194310896,1764.10498046875,27738800,0.0,0.0
2015-01-02,1764.1049038756128,1764.1049038756128,1724.5256271860958,1730.1798095703125,12486400,0.0,0.0
2015-01-02,1735.8339919545292,1747.1423567229626,1707.5630800334457,1730.1798095703125,12628800,0.0,0.0
2015-01-02,1741.488211935627,1843.263497048748,1730.179846923058,1792.3758544921875,30994000,0.0,0.0
2015-01-02,1822.921432249799,1893.0337950286373,1805.3933415550894,1817.0787353515625,27302000,63.925,0.0
2015-01-02,1817.0788418715167,1852.1350253159833,1776.1799611863057,1834.60693359375,3894800,0.0,0.0
2015-01-02,1834.6069777063863,1904.7193462811526,1834.6069777063863,1875.505859375,22658000,0.0,0.0
2015-01-02,1875.5057830810547,1980.674331665039,1875.5057830810547,1916.4046630859375,64653600,0.0,0.0
2015-01-02,1898.876631403544,1974.8316966596858,1898.876631403544,1939.7755126953125,43034000,0.0,0.0
2015-01-02,1939.7754213253181,2027.4158771080884,1928.0900272209487,1951.4608154296875,33222800,0.0,0.0
2015-01-02,1980.674270809398,2015.730452593635,1945.6180890251608,1986.5169677734375,56573600,0.0,0.0
2015-01-02,1980.6742579794338,2050.78662109375,1928.0899856436968,2050.78662109375,66869600,0.0,0.0
2015-01-02,2050.786635826374,2068.3147267308727,2021.5731509855425,2033.258544921875,39594800,0.0,0.0
2015-01-02,2033.258544921875,2056.6293327945405,2004.0450600810434,2033.258544921875,28679600,0.0,0.0
2015-01-02,2033.2587594269328,2091.685735272534,2009.8879690886922,2021.5733642578125,26414400,0.0,0.0
2015-01-02,2021.5731509855425,2056.6293327945405,2009.8877570492098,2033.258544921875,23050400,0.0,0.0
2015-01-02,2033.2585756138394,2115.056334402902,2004.0450903320314,2044.9439697265625,24470400,0.0,0.0
2015-01-02,2044.944118923611,2120.8991861979166,2015.7306315104165,2103.37109375,48875600,0.0,0.0
2015-01-02,2103.370911315247,2132.5843961946257,2097.5282143393715,2126.74169921875,228513200,0.0,0.0
2015-01-02,2126.7418099930037,2126.7418099930037,1933.9327997463852,1957.3035888671875,37148000,0.0,0.0
2015-01-02,1974.831604360837,2027.415877849735,1963.146210252193,1998.202392578125,14054400,0.0,0.0
2015-01-02,1998.202570511123,2091.6857317046256,1998.202570511123,2068.31494140625,20417600,0.0,0.0
2015-01-02,2068.3147888183594,2091.685577392578,1974.8316345214844,2009.8878173828125,26556800,0.0,0.0
2015-01-02,2015.7304540173761,2103.370908539871,2009.8877570492098,2033.258544921875,29059600,0.0,0.0
2015-01-02,2039.101227241364,2080.000105724715,2004.045045684206,2050.78662109375,10146000,0.0,0.0
2015-01-02,2050.7866508152174,2062.4720448369567,2004.045074728261,2015.73046875,11577600,0.0,0.0
2015-01-02,2015.7305890912712,2097.528352126859,2009.8878917315863,2062.47216796875,26049200,0.0,0.0
2015-01-02,2062.472136686107,2144.2698984810236,2044.944044872911,2097.5283203125,26168400,0.0,0.0
2015-01-02,2097.5283203125,2103.3710175835654,2050.7867421439764,2097.5283203125,19332400,0.0,0.0
2015-01-02,2097.528062683443,2161.797724771236,2068.314579916264,2115.05615234375,31700400,0.0,0.0
2015-01-02,2115.0564724840738,2155.955354548683,2091.6856827328684,2120.899169921875,17188000,0.0,0.0
2015-01-02,2115.0564121256966,2126.7418066678274,2085.842925770369,2097.5283203125,8536800,0.0,0.0
2015-01-02,2097.528259105414,2115.0563504071306,2062.4720765019806,2074.157470703125,9107200,0.0,0.0
2015-01-02,2068.314908854167,2103.37109375,2068.314908854167,2103.37109375,5188000,0.0,0.0
2015-01-02,2062.47215219562,2103.371033400632,2044.9440602506145,2080.000244140625,14603200,0.0,0.0
2015-01-02,2080.000287857266,2132.5845647974775,2068.3148929816634,2120.899169921875,17790800,0.0,0.0
2015-01-02,2126.7418066678274,2132.584503938893,2085.842925770369,2097.5283203125,12245200,0.0,0.0
2015-01-02,2103.370956205986,2115.0563504071306,2068.314773602553,2074.157470703125,8393200,0.0,0.0
2015-01-02,2074.1575312282384,2115.0564121256966,2074.1575312282384,2097.5283203125,14176000,0.0,0.0
2015-01-02,2091.6856230414346,2103.3710175835654,2080.000228499304,2097.5283203125,5113600,0.0,0.0
2015-01-02,2097.528412634585,2103.371110162815,2056.629529936975,2085.843017578125,7233200,0.0,0.0
2015-01-02,2085.842848392955,2085.842848392955,1980.6743014151589,1998.202392578125,28302400,0.0,0.0
2015-01-02,2004.0451202392578,2039.101303100586,1951.4608459472656,2009.8878173828125,30933600,0.0,0.0
2015-01-02,2009.8877873883928,2080.000152064732,2004.0450903320314,2044.9439697265625,19578800,0.0,0.0
2015-01-02,2050.7866674668294,2226.067579216131,2021.5731821752793,2091.685546875,37582400,0.0,0.0
2015-01-02,2109.213668823242,2255.2810974121094,2109.213668823242,2150.112548828125,31442800,0.0,0.0
2015-01-02,2150.112548828125,2155.9552459716797,2115.056365966797,2150.112548828125,18995200,0.0,0.0
2015-01-02,2150.1125957520894,2191.0114766495476,2068.3148339571726,2097.5283203125,18904000,0.0,0.0
2015-01-02,2097.5283203125,2126.7418066678274,2080.000228499304,2097.5283203125,12621600,0.0,0.0
2015-01-02,2097.528352126859,2115.0564442059135,2039.1013785300106,2062.47216796875,13645600,0.0,0.0
2015-01-02,2062.4720297627064,2062.4720297627064,2009.8877570492098,2033.258544921875,11150000,0.0,0.0
2015-01-02,2033.2587239583333,2126.7418836805555,2027.4160264756945,2103.37109375,26576400,0.0,0.0
2015-01-02,2103.3709423044784,2237.752974729487,2103.3709423044784,2185.168701171875,31609600,0.0,0.0
2015-01-02,2191.011490360383,2214.3822795908936,2115.056425361223,2173.4833984375,20119200,0.0,0.0
2015-01-02,2173.4832453547297,2179.3259422508445,2126.741670185811,2161.7978515625,7376800,0.0,0.0
2015-01-02,2161.7980196159383,2220.2249931190718,2144.2699275649984,2155.955322265625,13043200,0.0,0.0
2015-01-02,2161.7979431152344,2284.494583129883,2144.2698516845703,2243.595703125,28983600,0.0,0.0
2015-01-02,2243.595673076923,2348.764220252404,2237.7529760116186,2278.65185546875,30942800,0.0,0.0
2015-01-02,2278.651778900225,2278.651778900225,2243.595597686375,2272.80908203125,9731600,0.0,0.0
2015-01-02,2272.809096578489,2313.7079749230893,2255.281005859375,2255.281005859375,18300000,0.0,0.0
2015-01-02,2261.123824531052,2325.393493962167,2261.123824531052,2302.022705078125,17794000,0.0,0.0
2015-01-02,2302.022781101661,2325.3935707575156,2278.6519914458067,2307.865478515625,6756000,0.0,0.0
2015-01-02,2296.1799466646635,2302.022643729968,2266.966461338141,2278.65185546875,7200800,0.0,0.0
2015-01-02,2278.65185546875,2302.022643729968,2255.281067207532,2278.65185546875,6655200,0.0,0.0
2015-01-02,2278.6517934848607,2284.494490391232,2231.9102182338893,2255.281005859375,8400000,0.0,0.0
2015-01-02,2255.281173904221,2272.809265929383,2243.595779220779,2249.4384765625,8179200,0.0,0.0
2015-01-02,2249.4384002685547,2266.9664916992188,2231.9103088378906,2243.595703125,7895600,0.0,0.0
2015-01-02,2266.9664916992188,2266.9664916992188,2196.8541259765625,2243.595703125,11527200,0.0,0.0
2015-01-02,2243.5956564986736,2243.5956564986736,2196.8540803216183,2202.69677734375,13203200,0.0,0.0
2015-01-02,2220.224898921833,2220.224898921833,2155.9552307951485,2167.640625,15683200,0.0,0.0
2015-01-02,2179.3261506995377,2290.33740234375,2179.3261506995377,2290.33740234375,14978400,0.0,0.0
2015-01-02,2290.3371726381747,2290.3371726381747,2261.1236882933003,2272.80908203125,12086800,0.0,0.0
2015-01-02,2272.8091584034455,2278.65185546875,2231.910278946314,2278.65185546875,9807600,0.0,0.0
2015-01-02,2278.6519161940832,2313.708099520146,2249.438430089031,2302.022705078125,16149200,0.0,0.0
2015-01-02,2319.5507967411563,2337.078888404188,2302.022705078125,2302.022705078125,17666000,0.0,0.0
2015-01-02,2307.865325694776,2337.0788108301526,2296.179931640625,2296.179931640625,9019200,0.0,0.0
2015-01-02,2296.1799168442235,2325.3934017913507,2296.1799168442235,2313.7080078125,7626800,0.0,0.0
2015-01-02,2313.7080078125,2319.5507048019253,2290.3372198547977,2313.7080078125,14636800,0.0,0.0
2015-01-02,2319.550765991211,2360.4496459960938,2302.022674560547,2337.078857421875,16690800,0.0,0.0
2015-01-02,2337.078888404188,2337.078888404188,2284.4946134150937,2302.022705078125,12968800,0.0,0.0
2015-01-02,2302.022613833649,2325.3934017913507,2302.022613833649,2313.7080078125,7912400,0.0,0.0
2015-01-02,2302.022705078125,2313.708099520146,2290.337310636104,2302.022705078125,5948800,0.0,0.0
2015-01-02,2307.8653407952725,2307.8653407952725,2266.966461338141,2278.65185546875,14191200,0.0,0.0
2015-01-02,2278.651811413299,2372.1349626507676,2278.651811413299,2331.236083984375,8039200,0.0,0.0
2015-01-02,2389.6630686750314,2389.6630686750314,2302.022613833649,2313.7080078125,8128000,0.0,0.0
2015-01-02,2325.393431991186,2325.393431991186,2255.281067207532,2278.65185546875,19250400,0.0,0.0
2015-01-02,2278.651870609254,2284.49456771338,2214.3822024638644,2261.123779296875,24419200,0.0,0.0
2015-01-02,2261.1237494781726,2366.29229596553,2255.2810524510974,2296.179931640625,18451600,0.0,0.0
2015-01-02,2296.179919196564,2418.8765561001974,2296.179919196564,2407.191162109375,13503600,0.0,0.0
2015-01-02,2407.1912231445312,2512.3597717285156,2383.8204345703125,2430.56201171875,25022400,0.0,0.0
2015-01-02,2448.0901640392485,2453.932861328125,2360.4497047061013,2453.932861328125,16687600,0.0,0.0
2015-01-02,2453.9328002929688,2483.146286010742,2401.3485260009766,2430.56201171875,21262400,0.0,0.0
2015-01-02,2448.08997778799,2448.08997778799,2354.606828278186,2383.8203125,9975600,0.0,0.0
2015-01-02,2383.8204938616072,2459.7755586170015,2360.4497047061013,2453.932861328125,16329600,0.0,0.0
2015-01-02,2453.9327849977626,2471.460876319175,2418.8766023549374,2448.090087890625,10980000,0.0,0.0
2015-01-02,2448.0901640392485,2483.1463477725074,2413.0339803059896,2453.932861328125,17110400,0.0,0.0
2015-01-02,2453.9327403986567,2535.730498411945,2453.9327403986567,2500.67431640625,13092000,0.0,0.0
2015-01-02,2494.8315719640736,2500.6742688539193,2430.561906175772,2459.775390625,15772800,0.0,0.0
2015-01-02,2459.7755586170015,2500.674439639137,2424.7193748837426,2453.932861328125,9659600,0.0,0.0
2015-01-02,2453.9327687230602,2488.98895113339,2342.921524423684,2372.135009765625,12996800,0.0,0.0
2015-01-02,2372.13516671317,2377.9778641681282,2243.5958227040815,2290.33740234375,57484800,0.0,0.0
2015-01-02,2337.078795770202,2366.2922807173295,2278.651825875947,2313.7080078125,23176400,0.0,0.0
2015-01-02,2313.7080078125,2348.764189749053,2284.4945228653723,2313.7080078125,9876000,0.0,0.0
2015-01-02,2313.7080532340115,2319.5507503381377,2161.797928526728,2261.123779296875,19499200,0.0,0.0
2015-01-02,2261.1238712459412,2266.966568587662,2220.224989853896,2249.4384765625,4611200,0.0,0.0
2015-01-02,2266.9666176653923,2272.809315133602,2185.1688531104555,2196.854248046875,19941200,0.0,0.0
2015-01-02,2196.8540367956607,2255.281005859375,2173.483249170175,2255.281005859375,15954800,0.0,0.0
2015-01-02,2255.2811273100415,2325.393493962167,2237.75303564701,2302.022705078125,17624000,0.0,0.0
2015-01-02,2331.2361602783203,2360.4496459960938,2191.011428833008,2243.595703125,29451600,0.0,0.0
2015-01-02,2284.4946146970074,2284.4946146970074,2173.483367435516,2208.53955078125,23846800,0.0,0.0
2015-01-02,2208.53955078125,2231.9103396784058,2150.1125785383597,2208.53955078125,17095200,0.0,0.0
2015-01-02,2208.539520263672,2249.4384002685547,2132.584457397461,2150.112548828125,36274400,0.0,0.0
2015-01-02,2150.1126092069894,2226.067674206149,2132.5845172841064,2173.4833984375,14910400,0.0,0.0
2015-01-02,2173.4833523006887,2296.179993156373,2167.640655117085,2226.067626953125,18435200,0.0,0.0
2015-01-02,2185.1688531104555,2226.0677353879237,2167.6407607058263,2196.854248046875,7526800,0.0,0.0
2015-01-02,2150.112548828125,2167.640640258789,2126.7417602539062,2150.112548828125,7718800,0.0,0.0
2015-01-02,2150.11259375,2231.91035546875,2150.11259375,2191.011474609375,11990000,0.0,0.0
2015-01-02,2191.011350875979,2202.696744747318,2097.528199905271,2144.269775390625,12330800,0.0,0.0
2015-01-02,2144.2698813140705,2226.067642454117,2144.2698813140705,2208.53955078125,6155200,0.0,0.0
2015-01-02,2208.539582283266,2214.3822795908936,2115.056425361223,2173.4833984375,4419200,0.0,0.0
2015-01-02,2173.483442241095,2243.5958113456463,2173.483442241095,2214.38232421875,7030800,0.0,0.0
2015-01-02,2214.3822795908936,2214.3822795908936,2150.1126092069894,2173.4833984375,4192000,0.0,0.0
2015-01-02,2173.4832750257556,2173.4832750257556,2120.8990022428743,2126.74169921875,9585200,0.0,0.0
2015-01-02,2138.4270931705014,2144.269790146377,2109.213608291123,2126.74169921875,11031600,0.0,0.0
2015-01-02,2126.7418513063526,2144.2699434874485,2109.2137591252563,2138.42724609375,10238800,0.0,0.0
2015-01-02,2138.4270931705014,2144.269790146377,2097.5282143393715,2126.74169921875,8118000,0.0,0.0
2015-01-02,2138.4271394878706,2179.326019204852,2132.5844423854446,2167.640625,8320400,0.0,0.0
2015-01-02,2161.797881074004,2161.797881074004,2021.5731536529875,2126.74169921875,10521600,0.0,0.0
2015-01-02,2085.8428802490234,2155.9552459716797,2085.8428802490234,2150.112548828125,6149200,0.0,0.0
2015-01-02,2150.1126408811474,2167.6407330622437,2120.8991539126537,2138.42724609375,5790800,0.0,0.0
2015-01-02,2138.427169199065,2243.595718503937,2138.427169199065,2226.067626953125,13013200,0.0,0.0
2015-01-02,2226.067626953125,2243.595718503937,2185.168746667897,2226.067626953125,9193600,0.0,0.0
2015-01-02,2226.0675357987925,2249.4383235762075,2196.8540510770235,2237.7529296875,10284400,0.0,0.0
2015-01-02,2226.067674206149,2243.595766129032,2161.7980038222445,2173.4833984375,18896800,0.0,0.0
2015-01-02,2173.483458174036,2208.5396429832945,2161.798063237616,2196.854248046875,15895600,0.0,0.0
2015-01-02,2196.8541876680106,2202.6968849756386,2167.6407011298725,2173.4833984375,7942400,0.0,0.0
2015-01-02,2173.4833828125,2220.2249609375,2150.11259375,2191.011474609375,19514800,0.0,0.0
2015-01-02,2191.011383299486,2220.224868410146,2155.955201166694,2202.69677734375,11179200,0.0,0.0
2015-01-02,2185.168701171875,2202.696792357746,2155.9552158620904,2185.168701171875,7612400,0.0,0.0
2015-01-02,2185.168716943233,2290.3372648175064,2185.168716943233,2261.123779296875,13945600,0.0,0.0
2015-01-02,2261.1239036217844,2284.4946933233014,2202.6969293679913,2214.38232421875,12392400,0.0,0.0
2015-01-02,2220.225005624182,2272.809282073176,2185.168821324853,2231.910400390625,7413600,0.0,0.0
2015-01-02,2237.7529444644324,2261.123732396176,2220.224853515625,2220.224853515625,80852000,0.0,0.0
2015-01-02,2220.224883543616,2226.0675806055733,2150.112518800134,2185.168701171875,16969600,0.0,0.0
2015-01-02,2185.1688531104555,2208.5396429832945,2173.483458174036,2196.854248046875,10107200,0.0,0.0
2015-01-02,2196.854248046875,2196.854248046875,2173.483458174036,2196.854248046875,6872400,0.0,0.0
2015-01-02,2196.854248046875,2208.5396429832945,2150.1126683011967,2196.854248046875,29103200,0.0,0.0
2015-01-02,2196.854248046875,2208.5396429832945,2161.798063237616,2196.854248046875,9843200,0.0,0.0
2015-01-02,2196.854171875,2202.696869140625,2167.640685546875,2191.011474609375,15272400,0.0,0.0
2015-01-02,2191.0113982338316,2196.8540952957887,2167.640609986004,2185.168701171875,4076400,0.0,0.0
2015-01-02,2185.1687773437498,2196.854171875,2161.79798828125,2191.011474609375,6202000,0.0,0.0
2015-01-02,2191.011474609375,2202.696869140625,2173.4833828125,2191.011474609375,4097200,0.0,0.0
2015-01-02,2185.1688531104555,2202.6969455150847,2155.9553657694064,2196.854248046875,13056000,0.0,0.0
2015-01-02,2196.8540803216183,2214.382171388014,2185.168686277354,2202.69677734375,4460400,0.0,0.0
2015-01-02,2202.6968076145554,2202.6968076145554,2167.640625,2167.640625,14703200,0.0,0.0
2015-01-02,2167.6407768515414,2185.168869386729,2161.7980793398124,2179.326171875,10026800,0.0,0.0
2015-01-02,2173.483322102426,2202.6968076145554,2161.797927897574,2167.640625,7074000,0.0,0.0
2015-01-02,2173.483277652138,2243.5956414473685,2173.483277652138,2220.224853515625,17016400,0.0,0.0
2015-01-02,2243.595779220779,2266.966568587662,2220.224989853896,2249.4384765625,12761600,0.0,0.0
2015-01-02,2249.4382945553502,2307.8652632450994,2226.0675070794505,2272.80908203125,10814400,0.0,0.0
2015-01-02,2272.8092940318434,2360.449755241297,2272.8092940318434,2307.865478515625,18307200,0.0,0.0
2015-01-02,2307.865310823074,2331.2360987807765,2290.3372198547977,2313.7080078125,10647600,0.0,0.0
2015-01-02,2348.764220252404,2348.764220252404,2237.7529760116186,2278.65185546875,12008000,0.0,0.0
2015-01-02,2272.8091888427734,2360.4496459960938,2255.2810974121094,2337.078857421875,21241200,0.0,0.0
2015-01-02,2337.078780936717,2360.449568746084,2290.3372053179824,2331.236083984375,4667600,0.0,0.0
2015-01-02,2313.7081311412694,2313.7081311412694,2255.2811581326514,2266.966552734375,4924400,0.0,0.0
2015-01-02,2278.6519161940832,2331.2361911831777,2266.9665217520624,2302.022705078125,16462000,0.0,0.0
2015-01-02,2307.86546256674,2337.078949434673,2307.86546256674,2325.3935546875,7034400,0.0,0.0
2015-01-02,2325.3934631347656,2348.7642517089844,2313.7080688476562,2337.078857421875,4370400,0.0,0.0
2015-01-02,2337.078949434673,2337.078949434673,2290.33737044598,2325.3935546875,14830800,0.0,0.0
2015-01-02,2313.7081473214284,2319.5508446631493,2249.4384765625,2249.4384765625,12197200,0.0,0.0
2015-01-02,2249.438431351273,2255.281128575562,2167.6406702112267,2208.53955078125,14494000,0.0,0.0
2015-01-02,2231.9102327431465,2266.966414409269,2202.6967480213775,2237.7529296875,10421600,0.0,0.0
2015-01-02,2185.168657188316,2278.6518082979765,2185.168657188316,2237.7529296875,8114400,0.0,0.0
2015-01-02,2237.7530818790583,2266.966568587662,2214.3822925121754,2249.4384765625,4478000,0.0,0.0
2015-01-02,2255.281189923511,2266.9665846899543,2191.0115187080746,2231.910400390625,4580800,0.0,0.0
2015-01-02,2231.9104164948876,2237.753113920267,2202.6969293679913,2214.38232421875,8101200,0.0,0.0
2015-01-02,2214.382156532689,2237.7529444644324,2196.8540655838815,2220.224853515625,13508400,0.0,0.0
2015-01-02,2220.2250328842474,2331.2362845284597,2214.382335429289,2290.33740234375,22532800,0.0,0.0
2015-01-02,2296.1800997987084,2325.3935870735013,2284.4947048887916,2290.33740234375,5864400,0.0,0.0
2015-01-02,2290.3372802734375,2360.4496459960938,2290.3372802734375,2337.078857421875,14058400,0.0,0.0
2015-01-02,2337.0789819834185,2342.921679438377,2278.6520074338328,2290.33740234375,9950800,0.0,0.0
2015-01-02,2290.337202186684,2307.8652930197454,2220.2248388544385,2237.7529296875,11270800,0.0,0.0
2015-01-02,2237.7529151402605,2272.809096578489,2237.7529151402605,2255.281005859375,9032800,0.0,0.0
2015-01-02,2272.8092940318434,2307.865478515625,2261.123899203916,2307.865478515625,7176400,0.0,0.0
2015-01-02,2307.8652446666424,2500.674239790691,2307.8652446666424,2494.83154296875,89994000,0.0,0.0
2015-01-02,2494.831650546697,2559.101318359375,2488.988953472817,2559.101318359375,16728000,0.0,0.0
2015-01-02,2564.9440774693735,2564.9440774693735,2418.8766470895685,2488.989013671875,40823200,0.0,0.0
2015-01-02,2488.989013671875,2529.8878941782204,2383.8204637984154,2488.989013671875,49214000,0.0,0.0
2015-01-02,2500.6745381536634,2658.42737116803,2488.989143115562,2611.685791015625,33844000,0.0,0.0
2015-01-02,2611.6858171926287,2862.921813029951,2611.6858171926287,2670.11279296875,70053600,0.0,0.0
2015-01-02,2670.112776515795,2705.168961765455,2600.0004060164742,2687.640869140625,21182800,0.0,0.0
2015-01-02,2687.6406860351562,2775.2811431884766,2658.427200317383,2711.011474609375,31699600,0.0,0.0
2015-01-02,2711.0116428185743,2716.854340324649,2664.2700627699783,2705.1689453125,10336400,0.0,0.0
2015-01-02,2716.8543568486753,2716.8543568486753,2635.0565912661345,2687.640869140625,40366400,0.0,0.0
2015-01-02,2687.640836658396,2781.12399619434,2681.7981391873996,2722.697021484375,31882800,0.0,0.0
2015-01-02,2781.1238247791757,2781.1238247791757,2711.011459448608,2728.53955078125,10281600,0.0,0.0
2015-01-02,2728.5397138793437,2822.022873241377,2652.584646897692,2816.18017578125,37580000,0.0,0.0
2015-01-02,2816.1800231933594,2822.022720336914,2740.2249603271484,2804.49462890625,20459200,0.0,0.0
2015-01-02,2804.494597739362,2804.494597739362,2722.69683863863,2746.067626953125,24336400,0.0,0.0
2015-01-02,2693.4835605140493,2816.18020860688,2693.4835605140493,2781.1240234375,18387200,0.0,0.0
2015-01-02,2781.1239910204877,2816.18017578125,2751.9105037198524,2816.18017578125,17076000,0.0,0.0
2015-01-02,2804.4944756799164,2810.3371725042493,2769.4382947339172,2792.80908203125,18123600,0.0,0.0
2015-01-02,2792.8090767468207,2792.8090767468207,2681.7978372945413,2699.325927734375,24443200,0.0,0.0
2015-01-02,2699.3260803222656,2740.2249603271484,2681.7979888916016,2711.011474609375,5858400,0.0,0.0
2015-01-02,2734.3820942540324,2734.3820942540324,2681.7978232106857,2716.85400390625,12998000,0.0,0.0
2015-01-02,2781.1239024105234,2781.1239024105234,2693.4834433009482,2734.38232421875,17151600,0.0,0.0
2015-01-02,2734.382421875,2740.225119357639,2512.359917534722,2629.2138671875,110243600,0.0,0.0
2015-01-02,2635.0565810918274,2687.640858763283,2570.7869083822707,2611.685791015625,16480800,0.0,0.0
2015-01-02,2611.685484599852,2635.0562719340787,2541.5731225971713,2588.314697265625,16538000,0.0,0.0
2015-01-02,2588.3148966098047,2588.3148966098047,2500.674437356651,2547.416015625,31583200,0.0,0.0
2015-01-02,2547.416015625,2570.786804759174,2524.0452264908254,2547.416015625,23298800,0.0,0.0
2015-01-02,2570.7866067649547,2629.2135751005217,2541.5731225971713,2588.314697265625,14310800,0.0,0.0
2015-01-02,2594.157682291667,2652.5846571180555,2559.101497395833,2629.2138671875,13042800,0.0,0.0
2015-01-02,2594.1575938933483,2640.899172161697,2413.0339781034977,2547.416015625,39231200,0.0,0.0
2015-01-02,2559.101222776017,2559.101222776017,2465.618073085569,2477.303466796875,21334000,0.0,0.0
2015-01-02,2477.3035284024536,2535.730498411945,2395.505770389165,2500.67431640625,26596800,0.0,0.0
2015-01-02,2500.674254219487,2524.045041642099,2418.876498240345,2477.303466796875,19945200,0.0,0.0
2015-01-02,2477.3035260543083,2512.359708026775,2407.191162109375,2407.191162109375,21095200,0.0,0.0
2015-01-02,2395.5058862528667,2570.786804759174,2389.663188969323,2547.416015625,20426000,0.0,0.0
2015-01-02,2564.9440610735605,2629.2137300298455,2506.5170892951196,2600.000244140625,18217600,0.0,0.0
2015-01-02,2600.000228881836,2652.584503173828,2553.2586517333984,2617.5283203125,26966000,0.0,0.0
2015-01-02,2617.5285050675675,2635.056597735431,2570.7869246199325,2594.15771484375,10191200,0.0,0.0
2015-01-02,2600.000228881836,2629.2137145996094,2535.7305603027344,2617.5283203125,17820400,0.0,0.0
2015-01-02,2640.898983487216,2664.2697709517047,2570.78662109375,2570.78662109375,16724000,0.0,0.0
2015-01-02,2570.786804759174,2570.786804759174,2488.989042789564,2547.416015625,21053200,0.0,0.0
2015-01-02,2547.416158088235,2547.416158088235,2453.9329963235296,2483.146484375,15122800,0.0,0.0
2015-01-02,2459.775512410766,2529.887878560242,2448.09011805252,2506.51708984375,11666400,0.0,0.0
2015-01-02,2512.35983421689,2524.0452287946428,2442.247466750372,2453.932861328125,20543600,0.0,0.0
2015-01-02,2453.932861328125,2488.989045061384,2430.562072172619,2453.932861328125,11873600,0.0,0.0
2015-01-02,2465.6183915441175,2518.2026700367646,2453.9329963235296,2483.146484375,20253600,0.0,0.0
2015-01-02,2518.202529207282,2600.000291176892,2453.932859088303,2547.416015625,22175200,0.0,0.0
2015-01-02,2524.045166015625,2570.7867431640625,2477.3035888671875,2524.045166015625,15148800,0.0,0.0
2015-01-02,2524.0450748847925,2570.786650345622,2506.5169840869817,2535.73046875,10672800,0.0,0.0
2015-01-02,2500.674301678509,2547.4158774108178,2483.1462107788934,2518.202392578125,10334800,0.0,0.0
2015-01-02,2535.7305603027344,2541.573257446289,2413.033920288086,2430.56201171875,13949200,0.0,0.0
2015-01-02,2430.562042682927,2453.9328315548782,2395.505859375,2395.505859375,10119600,0.0,0.0
2015-01-02,2418.8768525608716,2418.8768525608716,2354.607177734375,2354.607177734375,6682400,0.0,0.0
2015-01-02,2354.607074348294,2360.4497718032526,2226.067730339206,2290.33740234375,25448800,0.0,0.0
2015-01-02,2266.966548084077,2524.0452287946428,2266.966548084077,2453.932861328125,25319600,0.0,0.0
2015-01-02,2453.9328771357914,2483.1463637683605,2383.820509217626,2436.40478515625,17724400,0.0,0.0
2015-01-02,2418.8766639953164,2418.8766639953164,2354.6069941790156,2377.977783203125,22060800,0.0,0.0
2015-01-02,2401.3484030330883,2436.404584099265,2360.449525122549,2383.8203125,17622800,0.0,0.0
2015-01-02,2418.239942962048,2448.242919921875,2364.2345844343595,2448.242919921875,5300400,67.1,0.0
2015-01-02,2460.244093561747,2568.254809864458,2448.2429028614456,2490.2470703125,15049600,0.0,0.0
2015-01-02,2472.245331554878,2478.245927019817,2442.242354230183,2460.244140625,5964400,0.0,0.0
2015-01-02,2454.243377610565,2478.2457578316953,2430.240997389435,2442.2421875,9475200,0.0,0.0
2015-01-02,2442.242307511295,2520.250047063253,2442.242307511295,2490.2470703125,9521600,0.0,0.0
2015-01-02,2520.2500772819244,2520.2500772819244,2460.244123060926,2502.248291015625,4930800,0.0,0.0
2015-01-02,2538.251863548224,2538.251863548224,2484.2465047493256,2502.248291015625,11692400,0.0,0.0
2015-01-02,2520.2500828008106,2520.2500828008106,2376.23579235505,2406.23876953125,20898800,0.0,0.0
2015-01-02,2412.239212223587,2472.2451627764126,2400.238022113022,2442.2421875,11445600,0.0,0.0
2015-01-02,2448.2427825552827,2472.2451627764126,2430.240997389435,2442.2421875,10291200,0.0,0.0
2015-01-02,2454.2433155145004,2454.2433155145004,2400.2379613833746,2418.23974609375,7243200,0.0,0.0
2015-01-02,2430.241163300305,2472.245331554878,2424.2405678353657,2460.244140625,7894400,0.0,0.0
2015-01-02,2460.244123060926,2556.253649814523,2454.2435276388264,2502.248291015625,19315200,0.0,0.0
2015-01-02,2532.2511904761905,2568.254761904762,2502.2482142857143,2520.25,11294400,0.0,0.0
2015-01-02,2520.249908004982,2520.249908004982,2448.242767776268,2484.246337890625,4408400,0.0,0.0
2015-01-02,2502.248291015625,2520.2500772819244,2472.245313905126,2502.248291015625,6098400,0.0,0.0
2015-01-02,2502.2481229478035,2508.248717966863,2472.245147852506,2484.246337890625,4883200,0.0,0.0
2015-01-02,2484.2463093695237,2568.254638671875,2484.2463093695237,2568.254638671875,16932400,0.0,0.0
2015-01-02,2574.255357142857,2574.255357142857,2490.247023809524,2520.25,9128000,0.0,0.0
2015-01-02,2520.250047063253,2526.2506424134035,2466.244688911898,2490.2470703125,11434000,0.0,0.0
2015-01-02,2508.2486726674374,2526.2504573995,2490.246887935374,2514.249267578125,4621600,0.0,0.0
2015-01-02,2514.2493744626568,2526.2505647942207,2484.246398633747,2508.248779296875,8052000,0.0,0.0
2015-01-02,2502.248184131093,2520.249969628439,2460.244017970619,2508.248779296875,7552800,0.0,0.0
2015-01-02,2502.2482142857143,2520.25,2478.2458333333334,2520.25,6112800,0.0,0.0
2015-01-02,2520.249923814273,2556.253494154477,2514.249328757572,2538.251708984375,6667200,0.0,0.0
2015-01-02,2544.2524369673297,2670.264939741655,2532.251246226918,2640.261962890625,16261600,0.0,0.0
2015-01-02,2640.2617824388585,2790.2766564410667,2640.2617824388585,2760.273681640625,28732800,0.0,0.0
2015-01-02,2778.2756518983006,2808.278628700658,2712.269102933114,2736.271484375,20232800,0.0,0.0
2015-01-02,2736.271377530087,2766.2743531609,2694.2672116469503,2742.27197265625,12752000,0.0,0.0
2015-01-02,2748.2725824839054,2844.282105016094,2742.2719873256437,2796.27734375,15305600,0.0,0.0
2015-01-02,2820.2796936035156,2820.2796936035156,2772.274932861328,2784.276123046875,9446000,0.0,0.0
2015-01-02,2784.276138015328,2874.2850648908234,2784.276138015328,2838.281494140625,14012000,0.0,0.0
2015-01-02,2826.2802262015966,2826.2802262015966,2748.272491720448,2760.273681640625,14097600,0.0,0.0
2015-01-02,2772.274903365259,2868.284423828125,2766.27430833633,2868.284423828125,10361600,0.0,0.0
2015-01-02,2868.2844856491415,2874.2850808074036,2748.2725824839054,2796.27734375,16897600,0.0,0.0
2015-01-02,2808.278628700658,2874.285177665844,2712.269102933114,2736.271484375,24523200,0.0,0.0
2015-01-02,2736.271301800272,2790.2766564410667,2706.26832699983,2760.273681640625,22548400,0.0,0.0
2015-01-02,2760.2738026676016,2814.2791596763154,2748.2726122212207,2808.278564453125,8280800,0.0,0.0
2015-01-02,2814.2791596763154,2832.2809453458867,2790.2767787835537,2808.278564453125,5310400,0.0,0.0
2015-01-02,2814.2792240611293,2814.2792240611293,2712.269102933114,2736.271484375,15703600,0.0,0.0
2015-01-02,2760.27367944116,2772.2748693517733,2652.262970245636,2664.26416015625,19299600,0.0,0.0
2015-01-02,2670.26475282473,2670.26475282473,2568.254638671875,2568.254638671875,22703200,0.0,0.0
2015-01-02,2568.2546681574577,2568.2546681574577,2460.243957814387,2484.246337890625,36084000,0.0,0.0
2015-01-02,2484.246492273667,2514.249469233494,2394.2375613941867,2448.242919921875,16547600,0.0,0.0
2015-01-02,2478.245892218824,2544.25244140625,2436.241724554098,2544.25244140625,17120000,0.0,0.0
2015-01-02,2550.2530197532988,2586.256591796875,2502.248257028531,2586.256591796875,15997600,0.0,0.0
2015-01-02,2604.2583504369704,2610.258945714475,2478.245849609375,2478.245849609375,9983200,0.0,0.0
2015-01-02,2478.245896881702,2496.247683057598,2436.2417291379443,2448.242919921875,11178400,0.0,0.0
2015-01-02,2496.247603190867,2676.265459190208,2478.2458175909323,2562.254150390625,41574400,0.0,0.0
2015-01-02,2586.2566045587714,2658.263749001243,2586.2566045587714,2640.261962890625,31101600,0.0,0.0
2015-01-02,2646.2624067826705,2772.27490234375,2604.258241595644,2772.27490234375,28512400,0.0,0.0
2015-01-02,2784.276123046875,2826.280288696289,2664.2642211914062,2688.2666015625,29098800,0.0,0.0
2015-01-02,2700.267791748047,2712.2689819335938,2670.2648162841797,2688.2666015625,11067200,0.0,0.0
2015-01-02,2688.266617063492,2694.2672121908663,2616.259475535006,2646.262451171875,10605600,0.0,0.0
2015-01-02,2652.2630310058594,2688.2666015625,2640.2618408203125,2688.2666015625,9990400,0.0,0.0
2015-01-02,2688.2666952054797,2694.2672905072773,2628.2607421875,2628.2607421875,11530800,0.0,0.0
2015-01-02,2628.2607767357017,2634.2613721163766,2502.2482737415244,2544.25244140625,23975600,0.0,0.0
2015-01-02,2544.25244140625,2562.2542275482756,2526.250655264225,2544.25244140625,14663600,0.0,0.0
2015-01-02,2544.252289244186,2586.2564543968024,2502.24812409157,2580.255859375,27213200,0.0,0.0
2015-01-02,2580.2559663643647,2580.2559663643647,2532.2512041994464,2574.25537109375,15106800,0.0,0.0
2015-01-02,2574.255448462258,2604.258425717063,2538.251875756492,2556.253662109375,11843200,0.0,0.0
2015-01-02,2550.252883100279,2550.252883100279,2484.246337890625,2484.246337890625,19955600,0.0,0.0
2015-01-02,2484.2464749623496,2520.250047063253,2430.241116810994,2490.2470703125,28227200,0.0,0.0
2015-01-02,2520.249908004982,2556.2534781193385,2484.246337890625,2484.246337890625,30141200,0.0,0.0
2015-01-02,2484.246522484756,2490.247117949695,2436.241758765244,2460.244140625,23250800,0.0,0.0
2015-01-02,2460.244089644359,2586.256591796875,2454.243494303763,2586.256591796875,30112800,0.0,0.0
2015-01-02,2586.2565750749145,2640.261932791096,2544.2524079623286,2628.2607421875,31947200,0.0,0.0
2015-01-02,2646.2624976481866,2688.266664277523,2592.2571405533254,2616.259521484375,25890400,0.0,0.0
2015-01-02,2616.259521484375,2670.2648785792358,2592.2571405533254,2616.259521484375,17241600,0.0,0.0
2015-01-02,2616.259551583904,2676.2655046018835,2616.259551583904,2628.2607421875,17914400,0.0,0.0
2015-01-02,2628.2607895496535,2640.261980369515,2574.255430860277,2598.2578125,15225200,0.0,0.0
2015-01-02,2592.2570043103447,2622.2599788972702,2574.2552195581898,2610.2587890625,6556000,0.0,0.0
2015-01-02,2610.2587890625,2610.2587890625,2586.25640939296,2610.2587890625,13735200,0.0,0.0
2015-01-02,2640.261980369515,2640.261980369515,2586.256621680139,2598.2578125,7035600,0.0,0.0
2015-01-02,2604.2583167904713,2604.2583167904713,2544.252364790691,2562.254150390625,17596800,0.0,0.0
2015-01-02,2580.256043913219,2580.256043913219,2538.251875756492,2556.253662109375,16500400,0.0,0.0
2015-01-02,2544.2524712074533,2580.256043913219,2520.2500894036093,2556.253662109375,21991200,0.0,0.0
2015-01-02,2556.2535985659247,2628.2607421875,2532.251217358733,2628.2607421875,17360000,0.0,0.0
2015-01-02,2628.2606354107347,2688.2665859908884,2604.258255178673,2634.26123046875,19935200,0.0,0.0
2015-01-02,2652.263076678894,2670.2648622672123,2604.2583151100453,2658.263671875,9634400,0.0,0.0
2015-01-02,2670.2648763741013,2724.270233424364,2640.2619002350666,2712.26904296875,21788400,0.0,0.0
2015-01-02,2712.26904296875,2724.270233424364,2658.263685918487,2712.26904296875,12754800,0.0,0.0
2015-01-02,2712.2690764126714,2718.269671714469,2610.2589562821063,2628.2607421875,13456800,0.0,0.0
2015-01-02,2628.2607119498994,2664.2642833464733,2598.257735786088,2616.259521484375,11129600,0.0,0.0
2015-01-02,2610.258897115169,2610.258897115169,2490.246993799529,2508.248779296875,19490000,0.0,0.0
2015-01-02,2532.251220703125,2544.2524113225713,2496.247648844787,2532.251220703125,10603200,0.0,0.0
2015-01-02,2532.2511443014705,2568.2547150735295,2520.2499540441177,2550.2529296875,10680800,0.0,0.0
2015-01-02,2550.252853821371,2580.2558285722107,2538.2516639210353,2568.254638671875,7492800,0.0,0.0
2015-01-02,2568.2548229289505,2568.2548229289505,2508.2488691221993,2544.25244140625,24920800,0.0,0.0
2015-01-02,2544.252286824749,2550.2528818408446,2388.23681640625,2388.23681640625,45706400,0.0,0.0
2015-01-02,2400.238156786152,2490.2470876656325,2352.2333936504288,2448.242919921875,69296800,0.0,0.0
2015-01-02,2520.2499389648438,2550.252914428711,2478.2457733154297,2496.24755859375,21314800,0.0,0.0
2015-01-02,2544.2523193359375,2544.2523193359375,2409.8389892578125,2438.641845703125,14415000,0.0,4.0
2015-01-02,2438.6419702246485,2467.4448281406876,2361.834349115211,2390.63720703125,22589900,0.0,0.0
2015-01-02,2400.238037109375,2419.43994140625,2361.834228515625,2361.834228515625,18613900,0.0,0.0
2015-01-02,2361.8343531185164,2390.6372110833768,2313.82958984375,2313.82958984375,35999100,0.0,0.0
2015-01-02,2313.829587850765,2381.036256377551,2285.0267299107145,2352.2333984375,41630800,0.0,0.0
2015-01-02,2352.2333974490766,2400.238160662323,2352.2333974490766,2371.435302734375,14595700,0.0,0.0
2015-01-02,2381.0361328125,2381.0361328125,2304.228515625,2323.430419921875,23850100,0.0,0.0
2015-01-02,2323.4305395211286,2381.036255377024,2323.4305395211286,2371.435302734375,14715200,0.0,0.0
2015-01-02,2371.4351806640625,2371.4351806640625,2333.0313720703125,2342.63232421875,4211400,0.0,0.0
2015-01-02,2342.63232421875,2342.63232421875,2179.4161376953125,2208.218994140625,28961300,0.0,0.0
2015-01-02,2208.2191223423233,2208.2191223423233,2073.8057844606165,2102.608642578125,60525400,0.0,0.0
2015-01-02,2112.20947265625,2246.622802734375,2102.6085205078125,2227.4208984375,54903200,0.0,0.0
2015-01-02,2246.622802734375,2333.0313720703125,2217.8199462890625,2227.4208984375,51051700,0.0,0.0
2015-01-02,2246.622802734375,2400.238037109375,2246.622802734375,2400.238037109375,37214200,0.0,0.0
2015-01-02,2400.238162696116,2400.238162696116,2285.0267308867024,2333.031494140625,14181400,0.0,0.0
2015-01-02,2333.0314951536566,2333.0314951536566,2246.622921259077,2313.82958984375,11715700,0.0,0.0
2015-01-02,2304.228638206067,2333.031496183643,2256.2238749101075,2294.627685546875,8962300,0.0,0.0
2015-01-02,2304.2286458333333,2304.2286458333333,2112.209592013889,2160.21435546875,29860100,0.0,0.0
2015-01-02,2169.8153060180134,2227.421022106987,2121.810542610535,2198.6181640625,19950200,0.0,0.0
2015-01-02,2208.218994140625,2217.8199462890625,2073.8056640625,2093.007568359375,35673900,0.0,0.0
2015-01-02,2093.007568359375,2131.411376953125,2035.40185546875,2054.603759765625,29329500,0.0,0.0
2015-01-02,2064.2047119140625,2121.8104248046875,2045.0028076171875,2112.20947265625,23806200,0.0,0.0
2015-01-02,2121.8104248046875,2150.61328125,2102.6085205078125,2112.20947265625,7698700,0.0,0.0
2015-01-02,2112.20947265625,2179.4161376953125,2102.6085205078125,2150.61328125,11546200,0.0,0.0
2015-01-02,2169.815185546875,2179.4161376953125,2093.007568359375,2169.815185546875,12441600,0.0,0.0
2015-01-02,2160.2142333984375,2169.815185546875,2112.20947265625,2150.61328125,7913200,0.0,0.0
2015-01-02,2169.8152981505104,2381.036256377551,2160.2143455038267,2352.2333984375,50132200,0.0,0.0
2015-01-02,2352.2332763671875,2352.2332763671875,2246.622802734375,2285.026611328125,20783400,0.0,0.0
2015-01-02,2285.026611328125,2457.84375,2246.622802734375,2400.238037109375,51295800,0.0,0.0
2015-01-02,2400.238037109375,2419.43994140625,2333.0313720703125,2342.63232421875,13809600,0.0,0.0
2015-01-02,2361.834228515625,2429.0408935546875,2361.834228515625,2400.238037109375,18996700,0.0,0.0
2015-01-02,2400.238037109375,2419.43994140625,2313.8294677734375,2342.63232421875,10460800,0.0,0.0
2015-01-02,2342.6324498945146,2342.6324498945146,2256.223875922996,2275.42578125,16613400,0.0,0.0
2015-01-02,2275.4256591796875,2342.63232421875,2275.4256591796875,2304.228515625,12729600,0.0,0.0
2015-01-02,2352.2332763671875,2352.2332763671875,2265.82470703125,2285.026611328125,9255100,0.0,0.0
2015-01-02,2285.0267270760705,2438.6419692324453,2285.0267270760705,2409.839111328125,22441700,0.0,0.0
2015-01-02,2419.43994140625,2457.84375,2390.6370849609375,2457.84375,17621200,0.0,0.0
2015-01-02,2457.8438735177865,2457.8438735177865,2390.6372051012845,2429.041015625,9622300,0.0,0.0
2015-01-02,2429.0408935546875,2448.2427978515625,2371.4351806640625,2400.238037109375,12534700,0.0,0.0
2015-01-02,2400.238037109375,2419.43994140625,2342.63232421875,2381.0361328125,10478300,0.0,0.0
2015-01-02,2381.036255377024,2419.4400659476214,2323.4305395211286,2371.435302734375,15994900,0.0,0.0
2015-01-02,2371.4351806640625,2438.641845703125,2352.2332763671875,2381.0361328125,14307400,0.0,0.0
2015-01-02,2381.0361328125,2448.2427978515625,2352.2332763671875,2419.43994140625,12749200,0.0,0.0
2015-01-02,2448.2429162087096,2525.050537109375,2438.6419635961265,2525.050537109375,56449100,0.0,0.0
2015-01-02,2515.4495863748793,2534.6514916143824,2467.4448232761224,2486.646728515625,11828900,0.0,0.0
2015-01-02,2486.6467304304533,2486.6467304304533,2409.8391094132967,2448.242919921875,6741100,0.0,0.0
2015-01-02,2448.2429259500386,2457.843878600823,2333.031494140625,2333.031494140625,11161900,0.0,0.0
2015-01-02,2294.6275634765625,2333.0313720703125,2265.82470703125,2285.026611328125,15878100,0.0,0.0
2015-01-02,2285.026733913502,2313.8295919040083,2198.618159941983,2275.42578125,14369000,0.0,0.0
2015-01-02,2294.6275634765625,2419.43994140625,2294.6275634765625,2381.0361328125,8900200,0.0,0.0
2015-01-02,2381.0361328125,2409.8389892578125,2342.63232421875,2342.63232421875,8375400,0.0,0.0
2015-01-02,2352.2332763671875,2409.8389892578125,2342.63232421875,2361.834228515625,6822200,0.0,0.0
2015-01-02,2361.834228515625,2381.0361328125,2285.026611328125,2381.0361328125,11097300,0.0,0.0
2015-01-02,2361.834228515625,2361.834228515625,2275.4256591796875,2285.026611328125,14055700,0.0,0.0
2015-01-02,2304.228638206067,2323.430543524451,2285.026732887683,2294.627685546875,5456200,0.0,0.0
2015-01-02,2313.8295929604387,2313.8295929604387,2227.421018949468,2256.223876953125,14448700,0.0,0.0
2015-01-02,2256.2237548828125,2275.4256591796875,2227.4208984375,2246.622802734375,5080800,0.0,0.0
2015-01-02,2246.622802734375,2275.4256591796875,2217.8199462890625,2246.622802734375,6845000,0.0,0.0
2015-01-02,2246.6229222509155,2333.031496183643,2246.6229222509155,2294.627685546875,4544400,0.0,0.0
2015-01-02,2313.8294677734375,2313.8294677734375,2285.026611328125,2285.026611328125,2506400,0.0,0.0
2015-01-02,2285.026732887683,2294.627685546875,2246.6229222509155,2294.627685546875,3847600,0.0,0.0
2015-01-02,2313.8294677734375,2313.8294677734375,2265.82470703125,2265.82470703125,3118000,0.0,0.0
2015-01-02,2265.82470703125,2294.6275634765625,2256.2237548828125,2285.026611328125,5435700,0.0,0.0
2015-01-02,2285.026734956782,2285.026734956782,2246.622924285239,2256.223876953125,5786100,0.0,0.0
2015-01-02,2256.2237548828125,2256.2237548828125,2179.4161376953125,2189.01708984375,11054100,0.0,0.0
2015-01-02,2198.618166232639,2217.8200716145834,2160.21435546875,2160.21435546875,5699500,0.0,0.0
2015-01-02,2169.8153060180134,2217.8200694254915,2169.8153060180134,2198.6181640625,5291400,0.0,0.0
2015-01-02,2208.218994140625,2246.622802734375,2198.6180419921875,2208.218994140625,9231700,0.0,0.0
2015-01-02,2227.4210199839054,2265.824830673283,2208.2191146392165,2237.02197265625,13081300,0.0,0.0
2015-01-02,2237.02197265625,2275.4257833456277,2217.820067311561,2237.02197265625,6047500,0.0,0.0
2015-01-02,2237.0219747884826,2237.0219747884826,2160.2143533365174,2198.6181640625,6271400,0.0,0.0
2015-01-02,2237.0219737131356,2246.6229263900163,2198.618163005614,2217.820068359375,14427200,0.0,0.0
2015-01-02,2217.8199462890625,2217.8199462890625,2121.8104248046875,2150.61328125,18361900,0.0,0.0
2015-01-02,2150.6134027777775,2179.4162608506945,2131.411497395833,2160.21435546875,18326000,0.0,0.0
2015-01-02,2169.815309259389,2169.815309259389,2112.209593084361,2141.012451171875,9938400,0.0,0.0
2015-01-02,2160.214358813142,2160.214358813142,2064.2048317547806,2102.608642578125,13348300,0.0,0.0
2015-01-02,2112.20947265625,2141.0123291015625,2073.8056640625,2131.411376953125,3139100,0.0,0.0
2015-01-02,2131.411376953125,2141.0123291015625,1828.9813842773438,1843.3828125,32268900,0.0,0.0
2015-01-02,1843.3828846153847,1843.3828846153847,1516.950498798077,1560.15478515625,128399400,0.0,0.0
2015-01-02,1569.7556762695312,1689.767578125,1545.7532958984375,1670.565673828125,56036000,0.0,0.0
2015-01-02,1680.1666875394,1684.9671637895128,1612.9600200378243,1665.7652587890625,27100000,0.0,0.0
2015-01-02,1675.3662123694098,1680.1666886226174,1632.1619260905425,1636.96240234375,19760300,0.0,0.0
2015-01-02,1632.161865234375,1694.5680541992188,1627.3613891601562,1670.565673828125,20808800,0.0,0.0
2015-01-02,1670.565673828125,1699.3685302734375,1656.1642456054688,1660.9647216796875,21608100,0.0,0.0
2015-01-02,1660.9647216796875,1660.9647216796875,1608.1594848632812,1632.161865234375,35882300,0.0,0.0
2015-01-02,1632.1619243567486,1776.1762117999913,1632.1619243567486,1684.9671630859375,57943700,0.0,0.0
2015-01-02,1704.1690063476562,1723.3709106445312,1651.36376953125,1660.9647216796875,15661100,0.0,0.0
2015-01-02,1660.9647847189833,1665.7652609753966,1598.558593385611,1608.1595458984375,20609600,0.0,0.0
2015-01-02,1622.5609769555438,1622.5609769555438,1545.7533567446303,1550.5538330078125,22161900,0.0,0.0
2015-01-02,1564.9552614182694,1574.5562139423077,1488.1476412259617,1560.15478515625,22083200,0.0,0.0
2015-01-02,1574.5562154968454,1579.3566917636042,1507.3495477622241,1521.7509765625,17873600,0.0,0.0
2015-01-02,1521.7509155273438,1521.7509155273438,1411.3399658203125,1420.94091796875,39963500,0.0,0.0
2015-01-02,1449.7437744140625,1550.5537719726562,1444.9432983398438,1536.15234375,26227400,0.0,0.0
2015-01-02,1536.15234375,1545.7532958984375,1483.3471069335938,1507.3494873046875,25027300,0.0,0.0
2015-01-02,1540.9528198242188,1564.9552001953125,1516.950439453125,1516.950439453125,24717800,0.0,0.0
2015-01-02,1521.7509155273438,1531.3518676757812,1468.9456787109375,1478.546630859375,43035100,0.0,0.0
2015-01-02,1478.546630859375,1492.9480590820312,1473.7461547851562,1478.546630859375,14592500,0.0,0.0
2015-01-02,1478.546630859375,1492.9480590820312,1449.7437744140625,1478.546630859375,17374200,0.0,0.0
2015-01-02,1497.7485980043316,1497.7485980043316,1444.9433589721277,1454.5443115234375,24721800,0.0,0.0
2015-01-02,1454.5442504882812,1483.3471069335938,1444.9432983398438,1468.9456787109375,16425300,0.0,0.0
2015-01-02,1483.3471069335938,1492.9480590820312,1454.5442504882812,1468.9456787109375,13951300,0.0,0.0
2015-01-02,1468.9456787109375,1521.7509155273438,1449.7437744140625,1507.3494873046875,19188100,0.0,0.0
2015-01-02,1512.1500236487313,1540.9528812420406,1502.5490711176283,1531.3519287109375,16203100,0.0,0.0
2015-01-02,1531.351931933916,1531.351931933916,1420.9409775938532,1454.5443115234375,24932700,0.0,0.0
2015-01-02,1459.3447265625,1459.3447265625,1406.5394897460938,1411.3399658203125,33901000,0.0,0.0
2015-01-02,1420.94091796875,1430.5418701171875,1344.13330078125,1353.7342529296875,29414400,0.0,0.0
2015-01-02,1358.5347936966,1368.1357463022296,1276.9266965487477,1281.7271728515625,44726500,0.0,0.0
2015-01-02,1281.7271694008116,1358.5347900390625,1257.7247879513582,1358.5347900390625,40493200,0.0,0.0
2015-01-02,1358.5347290039062,1406.5394897460938,1334.5323486328125,1401.739013671875,18255800,0.0,0.0
2015-01-02,1401.739013671875,1478.546630859375,1401.739013671875,1449.7437744140625,22649100,0.0,0.0
2015-01-02,1449.7438377563897,1459.3447903243127,1392.1381223488509,1396.9385986328125,18572300,0.0,0.0
2015-01-02,1296.1286056944098,1296.1286056944098,1190.5181267119024,1204.9195556640625,38192800,0.0,0.0
2015-01-02,1204.9194946289062,1310.5299682617188,1204.9194946289062,1296.1285400390625,56227700,0.0,0.0
2015-01-02,1358.53478836112,1425.741456336582,1348.933835793197,1396.9385986328125,53545000,0.0,0.0
2015-01-02,1396.9385994834765,1401.7390757703615,1353.7343129015135,1377.7366943359375,29860100,0.0,0.0
2015-01-02,1411.3400254360465,1459.3447882059802,1406.5395491590532,1444.943359375,26466000,0.0,0.0
2015-01-02,1454.5442504882812,1526.5513916015625,1449.7437744140625,1507.3494873046875,26007300,0.0,0.0
2015-01-02,1507.34954738318,1564.9552625697982,1507.34954738318,1531.3519287109375,26783500,0.0,0.0
2015-01-02,1536.152400036023,1704.1690687899631,1531.3519237859105,1665.7652587890625,58742600,0.0,0.0
2015-01-02,1665.7651977539062,1689.767578125,1574.55615234375,1612.9599609375,42611600,0.0,0.0
2015-01-02,1622.5609728826992,1665.7652591428894,1612.9600203804348,1656.164306640625,22362900,0.0,0.0
2015-01-02,1670.565735039175,1684.9671637895128,1641.7628775384997,1665.7652587890625,18944500,0.0,0.0
2015-01-02,1665.7652548406966,1780.9766845703125,1665.7652548406966,1780.9766845703125,42670900,0.0,0.0
2015-01-02,1795.3781136200032,1809.7795423388802,1756.974303702998,1771.375732421875,22223300,0.0,0.0
2015-01-02,1776.1761474609375,1862.584716796875,1756.9742431640625,1776.1761474609375,37674400,0.0,0.0
2015-01-02,1780.9766820468951,1948.9933501645266,1771.3757295830305,1857.7843017578125,92888700,0.0,0.0
2015-01-02,1872.1856689453125,1958.59423828125,1632.161865234375,1680.1666259765625,99538400,0.0,0.0
2015-01-02,1819.3804321289062,1862.584716796875,1756.9742431640625,1814.5799560546875,79438300,0.0,0.0
2015-01-02,1833.7819212273582,1896.1881122638913,1790.577635125143,1838.5823974609375,25967500,0.0,0.0
2015-01-02,1848.1832885742188,1886.5870971679688,1833.7818603515625,1872.1856689453125,27720500,0.0,0.0
2015-01-02,1872.1856689453125,1876.9861450195312,1833.7818603515625,1872.1856689453125,29363700,0.0,0.0
2015-01-02,1872.185732762232,1876.9862090000838,1780.9766842430463,1790.57763671875,22152200,0.0,0.0
2015-01-02,1790.5775756835938,1824.180908203125,1718.5704345703125,1747.373291015625,26088800,0.0,0.0
2015-01-02,1780.9766835989305,1838.5823984323192,1771.3757311266993,1809.779541015625,16648000,0.0,0.0
2015-01-02,1814.5799560546875,1900.988525390625,1814.5799560546875,1881.78662109375,28935600,0.0,0.0
2015-01-02,1891.3875732421875,1939.392333984375,1843.3828125,1939.392333984375,41016900,0.0,0.0
2015-01-02,1939.392333984375,2045.0028076171875,1929.7913818359375,2016.199951171875,28894000,0.0,0.0
2015-01-02,2035.40185546875,2073.8056640625,1920.1904296875,1968.1951904296875,26534500,0.0,0.0
2015-01-02,1977.796142578125,2054.603759765625,1958.59423828125,2016.199951171875,23125400,0.0,0.0
2015-01-02,2035.40185546875,2045.0028076171875,1987.3970947265625,1996.998046875,13825200,0.0,0.0
2015-01-02,2016.199951171875,2045.0028076171875,1996.998046875,2035.40185546875,7605100,0.0,0.0
2015-01-02,2035.40185546875,2045.0028076171875,2006.5989990234375,2006.5989990234375,12912500,0.0,0.0
2015-01-02,2035.4019758357558,2112.209597565407,2025.8010231195494,2064.204833984375,15258300,0.0,0.0
2015-01-02,2073.8056640625,2093.007568359375,2006.5989990234375,2006.5989990234375,20327200,0.0,0.0
2015-01-02,2006.5989990234375,2025.8009033203125,1929.7913818359375,1987.3970947265625,19769200,0.0,0.0
2015-01-02,1958.59423828125,1996.998046875,1929.7913818359375,1996.998046875,17367600,0.0,0.0
2015-01-02,2006.5989990234375,2016.199951171875,1948.9932861328125,1987.3970947265625,15379400,0.0,0.0
2015-01-02,1987.3970947265625,2006.5989990234375,1948.9932861328125,1996.998046875,8142900,0.0,0.0
2015-01-02,1996.998046875,2045.0028076171875,1996.998046875,2025.8009033203125,14890500,0.0,0.0
2015-01-02,2035.40185546875,2045.0028076171875,1987.3970947265625,2016.199951171875,9833800,0.0,0.0
2015-01-02,2030.0,2120.0,2010.0,2060.0,13853400,83.8,0.0
2015-01-02,2070.0,2110.0,2070.0,2090.0,16283400,0.0,0.0
2015-01-02,2080.0,2110.0,2080.0,2090.0,9771200,0.0,0.0
2015-01-02,2100.0,2110.0,2080.0,2090.0,10767600,0.0,0.0
2015-01-02,2090.0,2100.0,2070.0,2090.0,9590800,0.0,0.0
2015-01-02,2090.0,2190.0,2080.0,2090.0,16619500,0.0,0.0
2015-01-02,2090.0,2120.0,2080.0,2100.0,18810900,0.0,0.0
2015-01-02,2090.0,2090.0,1900.0,2020.0,18392000,0.0,0.0
2015-01-02,2040.0,2090.0,2040.0,2060.0,8504200,0.0,0.0
2015-01-02,2060.0,2070.0,2050.0,2050.0,3032100,0.0,0.0
2015-01-02,2060.0,2120.0,2040.0,2090.0,27008900,0.0,0.0
2015-01-02,2120.0,2160.0,2090.0,2090.0,23126600,0.0,0.0
2015-01-02,2130.0,2150.0,2100.0,2100.0,3308500,0.0,0.0
2015-01-02,2120.0,2170.0,2090.0,2120.0,14476600,0.0,0.0
2015-01-02,2140.0,2150.0,2070.0,2110.0,9957800,0.0,0.0
2015-01-02,2110.0,2120.0,2080.0,2090.0,6765000,0.0,0.0
2015-01-02,2100.0,2110.0,2070.0,2080.0,11085600,0.0,0.0
2015-01-02,2100.0,2120.0,2080.0,2110.0,7519700,0.0,0.0
2015-01-02,2110.0,2120.0,2070.0,2090.0,8809700,0.0,0.0
2015-01-02,2090.0,2110.0,2090.0,2100.0,3475500,0.0,0.0
2015-01-02,2110.0,2120.0,2090.0,2100.0,9712000,0.0,0.0
2015-01-02,2110.0,2120.0,2030.0,2050.0,9066600,0.0,0.0
2015-01-02,2060.0,2070.0,2030.0,2040.0,15399800,0.0,0.0
2015-01-02,2070.0,2140.0,2050.0,2090.0,14070500,0.0,0.0
2015-01-02,2100.0,2290.0,2100.0,2260.0,28948600,0.0,0.0
2015-01-02,2270.0,2380.0,2250.0,2350.0,32344500,0.0,0.0
2015-01-02,2360.0,2470.0,2360.0,2450.0,21925500,0.0,0.0
2015-01-02,2460.0,2520.0,2430.0,2460.0,24710600,0.0,0.0
2015-01-02,2470.0,2480.0,2280.0,2310.0,15163600,0.0,0.0
2015-01-02,2330.0,2340.0,2260.0,2290.0,12100400,0.0,0.0
2015-01-02,2280.0,2280.0,2240.0,2270.0,7120100,0.0,0.0
2015-01-02,2280.0,2320.0,2260.0,2280.0,9391400,0.0,0.0
2015-01-02,2280.0,2310.0,2250.0,2270.0,11985400,0.0,0.0
2015-01-02,2270.0,2270.0,2140.0,2160.0,23752300,0.0,0.0
2015-01-02,2160.0,2250.0,2130.0,2200.0,27911200,0.0,0.0
2015-01-02,2250.0,2310.0,2220.0,2290.0,9876200,0.0,0.0
2015-01-02,2290.0,2290.0,2220.0,2220.0,11405400,0.0,0.0
2015-01-02,2240.0,2250.0,2200.0,2210.0,9025700,0.0,0.0
2015-01-02,2250.0,2280.0,2220.0,2280.0,5881600,0.0,0.0
2015-01-02,2290.0,2300.0,2250.0,2290.0,7181600,0.0,0.0
2015-01-02,2290.0,2380.0,2240.0,2270.0,7688300,0.0,0.0
2015-01-02,2230.0,2260.0,2160.0,2260.0,5765400,0.0,0.0
2015-01-02,2260.0,2330.0,2240.0,2310.0,7796800,0.0,0.0
2015-01-02,2310.0,2370.0,2260.0,2260.0,20869800,0.0,0.0
2015-01-02,2260.0,2300.0,2220.0,2220.0,15715100,0.0,0.0
2015-01-02,2200.0,2250.0,2160.0,2180.0,18176100,0.0,0.0
2015-01-02,2180.0,2240.0,2180.0,2210.0,11304000,0.0,0.0
2015-01-02,2200.0,2220.0,2200.0,2210.0,7219700,0.0,0.0
2015-01-02,2170.0,2190.0,2150.0,2170.0,8840000,0.0,0.0
2015-01-02,2160.0,2190.0,2090.0,2090.0,18725800,0.0,0.0
2015-01-02,2080.0,2120.0,2050.0,2060.0,14888700,0.0,0.0
2015-01-02,2060.0,2100.0,2060.0,2080.0,7845400,0.0,0.0
2015-01-02,2080.0,2090.0,2030.0,2080.0,10870100,0.0,0.0
2015-01-02,2080.0,2080.0,2010.0,2020.0,14567700,0.0,0.0
2015-01-02,2020.0,2060.0,1985.0,2020.0,26918200,0.0,0.0
