Date,Open,High,Low,Close,Volume,Dividends,Stock Splits
2015-01-02,3758.1857226869593,3842.639334432734,3715.958916814072,3836.60693359375,862800,0.0,0.0
2015-01-02,3836.6065382434476,3915.0277410691783,3697.8613332440777,3740.088134765625,1814200,0.0,0.0
2015-01-02,3667.698140008576,3679.762936521762,3498.7909888239706,3516.88818359375,3432100,0.0,0.0
2015-01-02,3450.5328939365268,3559.1160968925715,3444.500493772302,3486.727294921875,1596100,0.0,0.0
2015-01-02,3516.889366769214,3528.9541673413214,3486.7273653389466,3492.759765625,874200,0.0,0.0
2015-01-02,3510.8567570490636,3703.8935546875,3510.8567570490636,3703.8935546875,2814200,0.0,0.0
2015-01-02,3703.8937065972223,3703.8937065972223,3522.921701388889,3528.9541015625,1862300,0.0,0.0
2015-01-02,3498.7909888239706,3553.0825731333084,3486.7261923107844,3516.88818359375,1252500,0.0,0.0
2015-01-02,3583.245713885121,3782.314920212072,3565.1485133099436,3613.40771484375,4737600,0.0,0.0
2015-01-02,3661.666748046875,3734.055547019795,3637.537148389235,3661.666748046875,1612600,0.0,0.0
2015-01-02,3661.6669495857805,3679.764150325084,3583.245746382131,3595.310546875,1508200,0.0,0.0
2015-01-02,3667.699349832215,3667.699349832215,3595.310546875,3595.310546875,718300,0.0,0.0
2015-01-02,3643.569650697314,3667.699251033058,3583.2456498579545,3649.60205078125,987800,0.0,0.0
2015-01-02,3679.763947790105,3679.763947790105,3619.4399486460047,3661.666748046875,885600,0.0,0.0
2015-01-02,3673.731727288948,3709.926128543026,3643.5697262438825,3697.861328125,1458500,0.0,0.0
2015-01-02,3715.9583472765653,3734.055547019795,3643.5695483036448,3661.666748046875,2165100,0.0,0.0
2015-01-02,3625.47265625,3673.7318596609816,3613.407855397255,3625.47265625,941400,0.0,0.0
2015-01-02,3655.6345266619087,3697.861328125,3625.4725256168435,3697.861328125,505800,0.0,0.0
2015-01-02,3679.764578683036,3734.056187220982,3655.6349748883927,3715.958984375,734500,0.0,0.0
2015-01-02,3703.8934298871804,3806.4442251772166,3679.7638309954073,3776.2822265625,1625700,0.0,0.0
2015-01-02,3788.3478938316234,4041.708740234375,3788.3478938316234,4041.708740234375,4086500,0.0,0.0
2015-01-02,3981.384626116071,4023.611432756696,3951.2226213727677,3969.31982421875,838500,0.0,0.0
2015-01-02,4005.5140560482355,4089.9676656637107,3993.4492546745964,4017.578857421875,832600,0.0,0.0
2015-01-02,4065.838062916432,4077.902864290071,3951.222449866859,4017.578857421875,1380700,0.0,0.0
2015-01-02,3981.3832865739855,3981.3832865739855,3878.83250495011,3939.156494140625,969400,0.0,0.0
2015-01-02,3969.319271225527,4029.6432723079815,3969.319271225527,4005.513671875,1476300,0.0,0.0
2015-01-02,4029.643833705357,4029.643833705357,3957.2550223214284,3969.31982421875,529100,0.0,0.0
2015-01-02,3999.4818289620534,4053.7734375,3987.417027064732,4053.7734375,1371700,0.0,0.0
2015-01-02,4041.7080206620067,4162.3560212787825,4023.61082056949,4126.16162109375,1864500,0.0,0.0
2015-01-02,4120.130053290005,4222.680874528556,4102.032849542025,4198.55126953125,1701000,0.0,0.0
2015-01-02,4228.7130302331525,4295.069440122688,4222.680629334104,4240.77783203125,2613800,0.0,0.0
2015-01-02,4270.939627165842,4295.069229579208,4234.745223545792,4264.9072265625,1288000,0.0,0.0
2015-01-02,4264.906433519547,4451.91081745039,4246.809235074627,4445.87841796875,3637100,0.0,0.0
2015-01-02,4488.105214340231,4488.105214340231,4391.586822633989,4445.87841796875,2543100,0.0,0.0
2015-01-02,4439.845617273351,4457.9428140828895,4391.58642578125,4391.58642578125,647400,0.0,0.0
2015-01-02,4385.555703950264,4385.555703950264,4276.972481569102,4283.0048828125,895600,0.0,0.0
2015-01-02,4222.680371678518,4222.680371678518,4029.6435546875,4029.6435546875,2685700,0.0,0.0
2015-01-02,4029.6435546875,4029.6435546875,3921.060345130052,4029.6435546875,1916700,0.0,0.0
2015-01-02,4029.6435884633456,4095.999994860197,3975.3519832295583,4011.54638671875,1245200,0.0,0.0
2015-01-02,3981.384421805658,4108.064835226747,3939.157617331962,4077.90283203125,2163200,0.0,0.0
2015-01-02,4102.031528619829,4264.906309903264,4102.031528619829,4228.7119140625,2383800,0.0,0.0
2015-01-02,4234.743996930803,4343.327176339286,4192.517204938616,4222.67919921875,3196300,0.0,0.0
2015-01-02,4126.160354434743,4198.549132582721,4053.7715762867647,4102.03076171875,976600,0.0,0.0
2015-01-02,4077.90283203125,4138.226838422244,4053.7732294748516,4077.90283203125,864800,0.0,0.0
2015-01-02,4138.2264211554275,4168.388421309622,4083.9348208778783,4126.16162109375,758700,0.0,0.0
2015-01-02,4102.032645089285,4102.032645089285,4011.546630859375,4053.7734375,740700,0.0,0.0
2015-01-02,4053.77354244403,4053.77354244403,3927.093119242654,4041.708740234375,1311900,0.0,0.0
2015-01-02,3981.3839232466603,3981.3839232466603,3939.157124060711,3951.221923828125,824200,0.0,0.0
2015-01-02,3945.1894466433905,4114.096640077664,3945.1894466433905,4089.967041015625,1672000,0.0,0.0
2015-01-02,4102.0320967304915,4180.4532985797505,4065.837695876987,4174.4208984375,1486600,0.0,0.0
2015-01-02,4144.25945172991,4222.6806640625,4053.7734375,4053.7734375,925000,0.0,0.0
2015-01-02,4053.773225075529,4120.1296320336105,3993.44921875,3993.44921875,1060800,0.0,0.0
2015-01-02,3981.384071442018,4053.7728727409635,3975.351671333772,4005.513671875,1247200,0.0,0.0
2015-01-02,4053.7723705947133,4150.290760370778,4053.7723705947133,4108.06396484375,2175200,0.0,0.0
2015-01-02,4108.064507762703,4295.068912668201,4095.99970744622,4258.87451171875,6974600,0.0,0.0
2015-01-02,4270.93902744391,4319.198225494124,4192.517830612313,4234.74462890625,1334600,0.0,0.0
2015-01-02,4234.744911085782,4283.004112351718,4204.582910294574,4258.87451171875,952400,0.0,0.0
2015-01-02,4258.87450042901,4270.939300713511,4156.323698010748,4174.4208984375,761300,0.0,0.0
2015-01-02,4174.4216326414235,4216.648441064097,4035.676404966925,4132.19482421875,673700,0.0,0.0
2015-01-02,4102.032161078717,4174.420963921282,4053.7729591836733,4138.2265625,662300,0.0,0.0
2015-01-02,4174.4206313434825,4252.84182817508,4114.096633780716,4234.74462890625,1142400,0.0,0.0
2015-01-02,4270.939652482433,4289.036854399732,4077.90283203125,4077.90283203125,1467600,0.0,0.0
2015-01-02,4150.291672531906,4174.4212752791855,3981.384453300957,4017.578857421875,2046300,0.0,0.0
2015-01-02,4071.870640345982,4089.967843191964,4041.7086356026784,4053.7734375,1272300,0.0,0.0
2015-01-02,4059.805316840278,4114.096918402778,4059.805316840278,4071.8701171875,1037700,0.0,0.0
2015-01-02,4108.064240312155,4132.193839374194,4047.7402426570566,4089.967041015625,957400,0.0,0.0
2015-01-02,4102.032645089285,4120.129847935268,4035.6762346540177,4053.7734375,1599100,0.0,0.0
2015-01-02,4115.251063701923,4121.52431227464,4065.065075120192,4077.611572265625,1645400,645.0,0.0
2015-01-02,4077.6105305218207,4102.703518401955,3952.145591121149,3970.96533203125,1653000,0.0,0.0
2015-01-02,3776.4951171875,4027.4250253062705,3763.948621781561,3776.4951171875,1893200,0.0,0.0
2015-01-02,3763.94921875,3801.5887109375003,3738.8562239583334,3763.94921875,1115700,0.0,0.0
2015-01-02,3763.9482516686894,3876.86669921875,3701.2157808075444,3876.86669921875,1839800,0.0,0.0
2015-01-02,3914.5074057334714,3939.600401924071,3795.3156738281255,3795.315673828125,1664100,0.0,0.0
2015-01-02,3814.1346034053154,3858.0473373261,3763.948621781561,3776.4951171875,1388900,0.0,0.0
2015-01-02,3801.588025941674,3801.588025941674,3726.3090551309474,3757.67529296875,992900,0.0,0.0
2015-01-02,3776.495143777073,3826.6811257541767,3713.7626663056926,3801.588134765625,1146400,0.0,0.0
2015-01-02,3776.49580522017,3864.3212890625,3745.129560990767,3864.3212890625,988700,0.0,0.0
2015-01-02,3864.3206441627353,3864.3206441627353,3657.3034667968745,3657.303466796875,2810900,0.0,0.0
2015-01-02,3663.577116935484,3738.8560987903224,3663.577116935484,3694.943359375,854600,0.0,0.0
2015-01-02,3669.8498535156255,3726.3090820312505,3444.0129394531255,3444.012939453125,2100500,0.0,0.0
2015-01-02,3450.2868098485706,3487.926302319646,3299.7288399642694,3456.56005859375,1520800,0.0,0.0
2015-01-02,3462.8331005586588,3500.4725907821226,3337.3681331471134,3368.734375,1399800,0.0,0.0
2015-01-02,3312.2749953497023,3375.0074763222347,3161.717041015625,3161.717041015625,2627800,0.0,0.0
2015-01-02,3211.9031007751937,3255.8158384811045,3142.8973700944766,3236.99609375,1369200,0.0,0.0
2015-01-02,3287.1820926028113,3412.647057969331,3274.6355960661595,3375.007568359375,1572300,0.0,0.0
2015-01-02,3375.0070777705578,3400.100067196361,3287.1816147802456,3318.5478515625,2035500,0.0,0.0
2015-01-02,3293.455130342695,3400.100344087125,3293.455130342695,3343.64111328125,1155500,0.0,0.0
2015-01-02,3393.8274016846135,3531.8388671875,3362.4611595248666,3531.8388671875,2065000,0.0,0.0
2015-01-02,3563.205260416667,3763.94921875,3563.205260416667,3763.94921875,2003300,0.0,0.0
2015-01-02,3745.1284819860803,3883.139916833138,3694.9425056780588,3851.773681640625,2922600,0.0,0.0
2015-01-02,3814.1352083333336,3901.9606901041666,3763.94921875,3763.94921875,2427500,0.0,0.0
2015-01-02,3663.576814350329,3901.9602372018917,3381.280655710321,3814.134765625,7898500,0.0,0.0
2015-01-02,3751.4027213541667,3845.501451822917,3738.8562239583334,3763.94921875,1207600,0.0,0.0
2015-01-02,3789.0421904493496,3789.0421904493496,3694.943460554084,3738.856201171875,1605800,0.0,0.0
2015-01-02,3726.309703852506,3782.7689417896654,3726.309703852506,3738.856201171875,1588300,0.0,0.0
2015-01-02,3763.949172561233,3763.949172561233,3701.216686351879,3713.76318359375,966400,0.0,0.0
2015-01-02,3713.76318359375,3751.4026753193625,3713.76318359375,3713.76318359375,363800,0.0,0.0
2015-01-02,3726.309601814516,3745.1293472782254,3669.850365423387,3694.943359375,344000,0.0,0.0
2015-01-02,3694.9435256072684,3776.495759618974,3663.5772817566126,3676.123779296875,2700200,0.0,0.0
2015-01-02,3644.756699741607,3757.675151712948,3550.65798976549,3632.210205078125,3125700,0.0,0.0
2015-01-02,3688.669957602897,3701.2164540573285,3600.8444824218755,3600.844482421875,2599700,0.0,0.0
2015-01-02,3588.297893156829,3613.390885416667,3381.2807070131657,3387.553955078125,33955100,0.0,0.0
2015-01-02,3387.5541201117317,3412.6471135940405,3312.275139664804,3368.734375,1820800,0.0,0.0
2015-01-02,3437.7394695531543,3475.378952796437,3280.9082893728096,3356.187255859375,7472100,0.0,0.0
2015-01-02,3324.821487040083,3368.734223661367,3218.17626953125,3218.17626953125,3523200,0.0,0.0
2015-01-02,3161.716954931358,3274.635417607478,3161.716954931358,3255.815673828125,1749800,0.0,0.0
2015-01-02,3268.362274982177,3324.8215081392586,3243.2692824679184,3299.728515625,2166100,0.0,0.0
2015-01-02,3287.182079699612,3293.455327943314,3199.3566042877906,3236.99609375,2577000,0.0,0.0
2015-01-02,3236.996142205391,3362.461108957538,3236.996142205391,3287.18212890625,1584400,0.0,0.0
2015-01-02,3299.7286010742187,3331.094842529297,3218.1763732910154,3262.089111328125,3075200,0.0,0.0
2015-01-02,3262.0891355558206,3306.001873919072,3249.542638880606,3287.18212890625,1036800,0.0,0.0
2015-01-02,3274.6356322310353,3299.7286255814647,3274.6356322310353,3287.18212890625,1223900,0.0,0.0
2015-01-02,3268.3625716145834,3318.5485611979166,3186.8103385416666,3293.45556640625,2395900,0.0,0.0
2015-01-02,3293.4552381267654,3375.007463070857,3293.4552381267654,3331.0947265625,2115600,0.0,0.0
2015-01-02,3425.193617387251,3425.193617387251,3299.728649717388,3312.275146484375,780000,0.0,0.0
2015-01-02,3287.1819361636512,3349.914415861431,3287.1819361636512,3337.367919921875,1378300,0.0,0.0
2015-01-02,3312.2751464843745,3337.3681400183473,3306.0018981008816,3312.275146484375,270100,0.0,0.0
2015-01-02,3337.3681877477848,3362.4611816406255,3293.455448435314,3362.461181640625,1071400,0.0,0.0
2015-01-02,3337.368934935365,3362.461934446157,3306.002685546875,3306.002685546875,839700,0.0,0.0
2015-01-02,3337.367784492925,3337.367784492925,3280.9085550560144,3324.8212890625,1073800,0.0,0.0
2015-01-02,3324.821423982319,3356.1876638312087,3293.455184133429,3337.367919921875,694300,0.0,0.0
2015-01-02,3337.3675936318527,3337.3675936318527,3274.635120067344,3318.5478515625,773500,0.0,0.0
2015-01-02,3287.1819427133996,3331.094678589342,3224.4494628906245,3224.449462890625,1070400,0.0,0.0
2015-01-02,3243.269206837457,3287.1819427133996,3224.4494628906245,3224.449462890625,238400,0.0,0.0
2015-01-02,3236.996227603161,3287.1822156280164,3224.449730596947,3249.542724609375,360800,0.0,0.0
2015-01-02,3218.1762899536598,3306.001763753565,3218.1762899536598,3299.728515625,155600,0.0,0.0
2015-01-02,3230.722845506298,3299.7285761870153,3224.449597262597,3236.99609375,272300,0.0,0.0
2015-01-02,3236.995822906494,3249.542318344116,3186.809841156006,3211.90283203125,406600,0.0,0.0
2015-01-02,3161.717189100922,3174.2636858830683,3061.34521484375,3061.34521484375,1162600,0.0,0.0
2015-01-02,3011.158685064935,3011.158685064935,2848.0542562905844,2898.240234375,1498400,0.0,0.0
2015-01-02,2873.146866508152,2935.879330842391,2873.146866508152,2885.693359375,496400,0.0,0.0
2015-01-02,2898.2408093904196,2929.60705191629,2822.961827328331,2860.601318359375,580300,0.0,0.0
2015-01-02,2910.7870315956857,2910.7870315956857,2835.508056640625,2835.508056640625,555300,0.0,0.0
2015-01-02,2835.507921006945,2841.781168619792,2766.5021972656255,2766.502197265625,475400,0.0,0.0
2015-01-02,2735.1359009390394,2735.1359009390394,2534.3919816040643,2546.9384765625,2154900,0.0,0.0
2015-01-02,2584.5777202560243,2653.5834360881026,2572.0312264683735,2603.3974609375,1417400,0.0,0.0
2015-01-02,2622.2174738933913,2622.2174738933913,2503.0257705346007,2515.572265625,971600,0.0,0.0
2015-01-02,2484.2058398437503,2553.2115576171877,2484.2058398437503,2509.298828125,814900,0.0,0.0
2015-01-02,2484.20600177032,2565.758219000154,2465.386259332666,2546.9384765625,1258200,0.0,0.0
2015-01-02,2572.0318557624532,2590.85160104852,2503.026123046875,2503.026123046875,1136200,0.0,0.0
2015-01-02,2503.026123046875,2546.9388620476975,2465.386632474742,2503.026123046875,533500,0.0,0.0
2015-01-02,2540.6656785979676,2540.6656785979676,2390.1077124588287,2440.293701171875,1666000,0.0,0.0
2015-01-02,2434.020452582744,2446.5669497610056,2383.8344638696976,2440.293701171875,364200,0.0,0.0
2015-01-02,2402.653655703705,2559.484834274443,2390.107161418046,2534.391845703125,812800,0.0,0.0
2015-01-02,2559.484564887153,2722.588973433883,2559.484564887153,2710.04248046875,2205900,0.0,0.0
2015-01-02,2666.1297550907843,2722.588973433883,2659.8565086082176,2710.04248046875,724600,0.0,0.0
2015-01-02,2666.130599234868,2672.4038477036556,2572.031872203049,2584.578369140625,343200,0.0,0.0
2015-01-02,2509.299322650256,2559.485309103261,2452.840087890625,2452.840087890625,341700,0.0,0.0
2015-01-02,2496.752744694346,2515.5724890010874,2408.9272712628867,2434.020263671875,552300,0.0,0.0
2015-01-02,2408.9269736842107,2421.473468338816,2358.74099506579,2383.833984375,577900,0.0,0.0
2015-01-02,2383.8346055914594,2421.474099363956,2358.7416097431283,2396.381103515625,952700,0.0,0.0
2015-01-02,2358.74099506579,2396.3804790296053,2327.3747584292764,2383.833984375,1135600,0.0,0.0
2015-01-02,2358.741811497326,2396.3813084893045,2327.3755640040104,2346.1953125,1800400,0.0,0.0
2015-01-02,2308.5552851775956,2346.1947735228828,2277.1890448898566,2296.0087890625,1528000,0.0,0.0
2015-01-02,2283.462602593926,2283.462602593926,2201.910366787,2233.276611328125,1404200,0.0,0.0
2015-01-02,2208.1832142857143,2239.549453125,2151.723984375,2195.63671875,1704000,0.0,0.0
2015-01-02,2132.904215736276,2132.904215736276,2001.1660141760942,2114.08447265625,920500,0.0,0.0
2015-01-02,2070.172098094019,2258.369561557112,2019.9861078371946,2183.090576171875,1676800,0.0,0.0
2015-01-02,2258.36962890625,2314.8288696289064,2164.2708943684897,2258.36962890625,2067700,0.0,0.0
2015-01-02,2270.915796832309,2339.921525465335,2258.3693007172133,2296.0087890625,1142300,0.0,0.0
2015-01-02,2383.8339558053526,2434.0199338223074,2302.281741527801,2358.740966796875,2036800,0.0,0.0
2015-01-02,2408.927807486631,2434.0208054812833,2346.1953125,2346.1953125,2779200,0.0,0.0
2015-01-02,2346.1948295697775,2396.380815229024,2289.735595703125,2289.735595703125,1851500,0.0,0.0
2015-01-02,2258.3689707880435,2270.9154650701994,2145.4505222486414,2164.270263671875,5672400,0.0,0.0
2015-01-02,2183.0902232142857,2201.9099665178574,2176.816975446429,2195.63671875,1027900,0.0,0.0
2015-01-02,2195.6364993772645,2195.6364993772645,2157.9970165307973,2164.270263671875,864400,0.0,0.0
2015-01-02,2157.997431024775,2157.997431024775,2070.1719541807433,2088.99169921875,401800,0.0,0.0
2015-01-02,2082.718180091186,2088.991427621581,2032.5321998480244,2063.8984375,669400,0.0,0.0
2015-01-02,2082.718534501571,2289.735738232149,2082.718534501571,2245.822998046875,2019400,0.0,0.0
2015-01-02,2208.18304869186,2208.18304869186,2139.1773284202395,2157.9970703125,891600,0.0,0.0
2015-01-02,2264.642735120061,2314.8287237099794,2183.090503661444,2302.2822265625,1081900,0.0,0.0
2015-01-02,2314.82874686763,2346.1949900501177,2283.4625036851417,2327.375244140625,481900,0.0,0.0
2015-01-02,2333.648005756579,2440.293210320724,2308.5550164473684,2383.833984375,2192700,0.0,0.0
2015-01-02,2396.3806444251018,2421.4736354662023,2308.55517578125,2308.55517578125,1612100,0.0,0.0
2015-01-02,2333.6481668223505,2377.5609011442766,2258.369193699049,2308.55517578125,1617400,0.0,0.0
2015-01-02,2314.8288670085485,2396.381103515625,2264.642875311886,2396.381103515625,1222800,0.0,0.0
2015-01-02,2383.83425394694,2465.3864784240723,2321.101773579915,2408.92724609375,580300,0.0,0.0
2015-01-02,2459.1131193329015,2459.1131193329015,2415.2003850590995,2421.4736328125,310100,0.0,0.0
2015-01-02,2408.9269736842107,2415.2002210115133,2383.833984375,2383.833984375,564900,0.0,0.0
2015-01-02,2421.4737502134562,2440.2934943860996,2296.0087890625,2296.0087890625,426000,0.0,0.0
2015-01-02,2333.6483076523546,2352.4680520689058,2264.642578125,2264.642578125,249700,0.0,0.0
2015-01-02,2264.64228515625,2396.3804790296053,2233.276048519737,2383.833984375,753200,0.0,0.0
2015-01-02,2377.561131576345,2484.2063538370253,2333.648392998418,2477.93310546875,706100,0.0,0.0
2015-01-02,2477.9330257493625,2521.845762914541,2446.566784917092,2459.11328125,863000,0.0,0.0
2015-01-02,2484.2064412957902,2534.3924300088365,2427.7472039936133,2440.293701171875,1561700,0.0,0.0
2015-01-02,2446.566357421875,2553.2115576171877,2446.566357421875,2509.298828125,1493600,0.0,0.0
2015-01-02,2553.21240234375,2572.0321497811733,2540.6659040521345,2553.21240234375,1736100,0.0,0.0
2015-01-02,2572.031902156464,2785.3223525791955,2559.485405072774,2747.682861328125,2434300,0.0,0.0
2015-01-02,2772.7753054596656,2860.6007676235463,2659.8568541061045,2697.496337890625,2356200,0.0,0.0
2015-01-02,2805.9576264880952,2873.408530970982,2785.722355143229,2832.93798828125,3603200,752.0,0.0
2015-01-02,2913.8792895735983,2994.8203809506426,2873.408743885076,2886.89892578125,1753600,0.0,0.0
2015-01-02,2954.3498352621205,2954.3498352621205,2866.6636529369894,2886.89892578125,896200,0.0,0.0
2015-01-02,2900.3891076774244,2940.8596533659465,2866.6636529369894,2886.89892578125,1366200,0.0,0.0
2015-01-02,2832.9378255208335,2900.388726128472,2731.761474609375,2731.761474609375,1805600,0.0,0.0
2015-01-02,2731.7609169277443,2738.5060056115167,2630.5845866711616,2657.56494140625,1230200,0.0,0.0
2015-01-02,2684.546089557686,2751.9969963304925,2650.8206361712832,2671.055908203125,3493500,0.0,0.0
2015-01-02,2671.0555801391597,2718.2712090810137,2576.624322255452,2590.114501953125,2875900,0.0,0.0
2015-01-02,2617.0946929770175,2617.0946929770175,2549.643798828125,2549.643798828125,910800,0.0,0.0
2015-01-02,2583.369438009059,2590.114527925532,2509.173448927859,2536.15380859375,1107400,0.0,0.0
2015-01-02,2536.1541319673483,2576.6246766264017,2536.1541319673483,2556.389404296875,856100,0.0,0.0
2015-01-02,2576.6240716145835,2596.8593391927084,2529.4084472656255,2529.408447265625,1344500,0.0,0.0
2015-01-02,2509.173844676907,2522.6640266375352,2374.2720250706216,2387.76220703125,2579200,0.0,0.0
2015-01-02,2387.761995491005,2407.9972666392337,2266.350368601632,2273.095458984375,1959700,0.0,0.0
2015-01-02,2273.0952695773412,2354.0363474257924,2273.0952695773412,2286.58544921875,1312800,0.0,0.0
2015-01-02,2286.585772597999,2327.0563172457514,2279.840681823374,2306.821044921875,1145200,0.0,0.0
2015-01-02,2320.3110620471016,2347.2914232336957,2313.565971750453,2327.05615234375,1476200,0.0,0.0
2015-01-02,2333.800947709517,2407.9969315962358,2333.800947709517,2374.271484375,1209600,0.0,0.0
2015-01-02,2387.7616861032884,2387.7616861032884,2300.075522489326,2320.310791015625,745600,0.0,0.0
2015-01-02,2347.2911490506904,2354.0362385594567,2300.075522489326,2320.310791015625,573400,0.0,0.0
2015-01-02,2306.820829326923,2313.565919471154,2185.4092067307693,2192.154296875,1070100,0.0,0.0
2015-01-02,2192.1547078197787,2225.8801648631597,2138.1939765503685,2171.91943359375,1264100,0.0,0.0
2015-01-02,2144.9391994724024,2151.6842912946427,2077.48828125,2077.48828125,1522400,0.0,0.0
2015-01-02,2057.252685546875,2097.723230180584,2057.252685546875,2057.252685546875,785600,0.0,0.0
2015-01-02,2063.9977446457438,2063.9977446457438,1929.0959312702048,1956.0762939453125,1139500,0.0,0.0
2015-01-02,1942.5857829361512,1942.5857829361512,1875.1348876953125,1875.1348876953125,1148300,0.0,0.0
2015-01-02,1915.6055772569446,1942.5859375,1895.3703070746528,1942.5859375,828500,0.0,0.0
2015-01-02,1942.586055871212,2010.0369605889625,1922.350784455887,2003.2918701171875,910300,0.0,0.0
2015-01-02,2030.2728254988385,2057.2531952729096,1969.566993507179,1996.54736328125,1048500,0.0,0.0
2015-01-02,2050.507503419613,2050.507503419613,1956.0762368147623,2003.2918701171875,1216400,0.0,0.0
2015-01-02,1996.5468379579743,2003.2919286267513,1929.0959312702048,1956.0762939453125,245500,0.0,0.0
2015-01-02,1956.0764255727315,1962.821516695396,1888.6255143460855,1895.37060546875,808300,0.0,0.0
2015-01-02,1908.8607877140794,1935.8411522047377,1895.3706054687502,1895.37060546875,453400,0.0,0.0
2015-01-02,1908.8606913681574,1922.3508729325965,1902.1156005859377,1902.1156005859375,521600,0.0,0.0
2015-01-02,1908.8607877140794,1922.3509699594085,1888.6255143460855,1895.37060546875,592400,0.0,0.0
2015-01-02,1875.1349112051505,1895.3701800311055,1821.1741943359375,1821.1741943359375,1227000,0.0,0.0
2015-01-02,1821.1747688676398,1848.155135813827,1719.9983928194376,1746.978759765625,3045700,0.0,0.0
2015-01-02,1767.2136622186918,1827.919475042998,1753.7234815910683,1807.6842041015625,1697200,0.0,0.0
2015-01-02,1794.1942841500945,1807.6844667376893,1760.4688276811078,1780.7041015625,433600,0.0,0.0
2015-01-02,1767.213849748884,1834.6647600446431,1760.4687587193082,1794.1942138671875,576300,0.0,0.0
2015-01-02,1814.4295580314865,1814.4295580314865,1767.213918974905,1780.7041015625,549400,0.0,0.0
2015-01-02,1780.704239430147,1780.704239430147,1679.5278621897978,1719.9984130859375,1148500,0.0,0.0
2015-01-02,1719.9984130859375,1719.9984130859375,1719.9984130859375,1719.9984130859375,0,0.0,0.0
2015-01-02,1686.2724722689213,1693.017562157997,1591.8412138218616,1598.5863037109375,1899100,0.0,0.0
2015-01-02,1605.3315314427975,1618.8217123792917,1524.390445823833,1571.6060791015625,1000300,0.0,0.0
2015-01-02,1524.3905553985062,1571.6061920701413,1510.9003734923247,1537.8807373046875,1132900,0.0,0.0
2015-01-02,1524.3903935420049,1571.6060252003856,1510.9002130681818,1558.1158447265625,1513000,0.0,0.0
2015-01-02,1564.8610151241987,1639.0570115309495,1564.8610151241987,1578.3511962890625,1857200,0.0,0.0
2015-01-02,1585.0963236490884,1652.5472310384114,1571.6061421712238,1618.82177734375,2212500,0.0,0.0
2015-01-02,1618.821761877828,1618.821761877828,1490.6650390625,1490.6650390625,1616500,0.0,0.0
2015-01-02,1524.3904495239256,1551.3708114624021,1510.9002685546873,1510.9002685546875,690500,0.0,0.0
2015-01-02,1524.3905029296875,1564.8610472552546,1510.900321487832,1524.3905029296875,1260000,0.0,0.0
2015-01-02,1537.880684371543,1551.3708658133987,1510.900321487832,1524.3905029296875,1261400,0.0,0.0
2015-01-02,1544.625717228574,1591.8413505063036,1531.1355362920801,1571.6060791015625,863800,0.0,0.0
2015-01-02,1571.6057505731999,1578.350839631454,1531.1352162236753,1551.3704833984375,799900,0.0,0.0
2015-01-02,1564.860880356168,1571.6059703577034,1544.6256103515625,1544.6256103515625,664000,0.0,0.0
2015-01-02,1558.115790354633,1578.3510603592385,1537.8805203500274,1544.6256103515625,1272000,0.0,0.0
2015-01-02,1564.860934963474,1605.3314763849432,1544.6256642527394,1558.1158447265625,1286200,0.0,0.0
2015-01-02,1564.8609886333154,1578.3511695698094,1544.625717228574,1571.6060791015625,423100,0.0,0.0
2015-01-02,1544.625690854829,1564.8609619140625,1510.9002390894395,1564.8609619140625,709400,0.0,0.0
2015-01-02,1517.6450381071672,1558.1155724566918,1517.6450381071672,1551.3704833984375,425200,0.0,0.0
2015-01-02,1544.6259249380507,1544.6259249380507,1510.900468061674,1531.1357421875,282900,0.0,0.0
2015-01-02,1537.8809517525337,1544.6260436461853,1497.410400390625,1497.410400390625,426900,0.0,0.0
2015-01-02,1497.4101400459763,1537.880684371543,1497.4101400459763,1524.3905029296875,451500,0.0,0.0
2015-01-02,1497.410129736991,1504.1552204114819,1483.919948388009,1490.6650390625,776200,0.0,0.0
2015-01-02,1497.4102710073444,1510.9004536290322,1456.939723142281,1463.684814453125,484400,0.0,0.0
2015-01-02,1443.449630664988,1443.449630664988,1402.9790802725117,1423.21435546875,534300,0.0,0.0
2015-01-02,1443.4494437423405,1443.4494437423405,1375.9985351562498,1375.99853515625,556700,0.0,0.0
2015-01-02,1369.2535129396995,1382.7436953331942,1332.830020477264,1336.8770751953125,1146500,0.0,0.0
2015-01-02,1336.8767510022615,1340.9238047388978,1273.4729091282893,1281.5670166015625,1400300,0.0,0.0
2015-01-02,1322.0377828663793,1375.99850869766,1303.1515288254311,1369.25341796875,1704600,0.0,0.0
2015-01-02,1409.7239149936408,1477.1748200172601,1402.978824491279,1450.1944580078125,1514700,0.0,0.0
2015-01-02,1409.7238086662671,1409.7238086662671,1355.763088717319,1362.5081787109375,1973500,0.0,0.0
2015-01-02,1402.9788046077806,1416.4689854213168,1322.0377197265625,1322.0377197265625,1913400,0.0,0.0
2015-01-02,1335.5280676553416,1347.6692319067538,1265.3791186471822,1276.1712646484375,5790800,0.0,0.0
2015-01-02,1289.661384059089,1312.5946931898468,1277.5202204016289,1297.7554931640625,6498300,0.0,0.0
2015-01-02,1308.5477026522033,1320.6888669036155,1276.1712646484375,1276.1712646484375,861500,0.0,0.0
2015-01-02,1268.0768915812173,1320.68859240214,1261.331801732381,1295.0572509765625,1515000,0.0,0.0
2015-01-02,1278.8695509453783,1300.4538471638655,1276.1715139180671,1284.265625,890200,0.0,0.0
2015-01-02,1295.0573921402504,1313.943645775629,1289.6613196729993,1293.7083740234375,1309200,0.0,0.0
2015-01-02,1295.057533598643,1303.1516431836346,1285.6144057494862,1292.3594970703125,1275700,0.0,0.0
2015-01-02,1289.6616017053618,1299.1047305881416,1278.8694544107564,1291.0106201171875,563600,0.0,0.0
2015-01-02,1288.312161127726,1313.943502553304,1281.56707127889,1295.0572509765625,896600,0.0,0.0
2015-01-02,1295.0575086805554,1319.339836968316,1289.66143572772,1311.2457275390625,910100,0.0,0.0
2015-01-02,1308.5476386373603,1315.2927295581712,1296.4064749799002,1297.7554931640625,311700,0.0,0.0
2015-01-02,1308.5478068286588,1311.2458435437693,1292.359586537995,1303.1517333984375,798400,0.0,0.0
2015-01-02,1308.5476910626446,1312.5947457772713,1303.1516181098089,1311.2457275390625,597000,0.0,0.0
2015-01-02,1311.2457275390625,1319.339836968316,1307.1986728244356,1311.2457275390625,982900,0.0,0.0
2015-01-02,1319.3396916852678,1463.6846272786458,1319.3396916852678,1416.468994140625,3604200,0.0,0.0
2015-01-02,1416.468994140625,1463.6846272786458,1355.7631801060268,1416.468994140625,4627600,0.0,0.0
2015-01-02,1429.9591827392576,1524.3904495239256,1423.2140922546384,1510.9002685546875,2927300,0.0,0.0
2015-01-02,1524.3904197955953,1591.8413233263739,1524.3904197955953,1564.8609619140625,5283300,0.0,0.0
2015-01-02,1578.3510597922586,1578.3510597922586,1470.4296198064633,1483.9197998046875,1131000,0.0,0.0
2015-01-02,1483.9196890371818,1504.1549575240524,1450.194241559064,1456.9393310546875,868200,0.0,0.0
2015-01-02,1510.9005489864865,1746.9787597656248,1497.4103655133927,1746.978759765625,4790700,0.0,0.0
2015-01-02,1827.9192839445893,2090.9777786820023,1814.429104727286,1821.1741943359375,12031400,0.0,0.0
2015-01-02,1821.1741715026417,1915.6054248398157,1807.683992454474,1875.1348876953125,2563300,0.0,0.0
2015-01-02,1942.5861452792556,1942.5861452792556,1848.1548743281805,1902.1156005859375,2892300,0.0,0.0
2015-01-02,1902.1153139860735,1915.6054935178895,1854.899685624717,1861.644775390625,1085600,0.0,0.0
2015-01-02,1888.6254882812502,1902.115670340402,1794.1942138671877,1794.1942138671875,2551800,0.0,0.0
2015-01-02,1821.174511199302,1929.0959637148162,1807.6843296348627,1902.1156005859375,4863700,0.0,0.0
2015-01-02,1942.5862433274024,2016.7822456767128,1888.6255143460855,1895.37060546875,5934000,0.0,0.0
2015-01-02,1942.5862165178573,1942.5862165178573,1794.1942138671877,1794.1942138671875,3503400,0.0,0.0
2015-01-02,1807.6842041015627,1888.6252878673042,1760.46857190488,1807.6842041015625,4264700,0.0,0.0
2015-01-02,1807.6840151186343,1868.389821596499,1807.6840151186343,1821.1741943359375,1254800,0.0,0.0
2015-01-02,1807.6842341496395,1821.1744150015024,1753.7235107421877,1753.7235107421875,2691200,0.0,0.0
2015-01-02,1760.4686544869692,1834.66465141937,1753.7235638567508,1767.2137451171875,4787500,0.0,0.0
2015-01-02,1834.6643505508093,1875.1348876953125,1814.4290819785579,1875.1348876953125,8049300,0.0,0.0
2015-01-02,1929.095829750175,1942.5860103777986,1807.6842041015627,1807.6842041015625,11963500,0.0,0.0
2015-01-02,1814.4294066918667,1821.1744974230633,1746.9784993799015,1773.9588623046875,4461200,0.0,0.0
2015-01-02,1787.4491928562973,1814.4295580314865,1760.4688276811078,1780.7041015625,2590200,0.0,0.0
2015-01-02,1780.703953035884,1787.4490437670806,1760.4686808422944,1773.9588623046875,1296100,0.0,0.0
2015-01-02,1767.213595920139,1773.9586859809028,1753.723415798611,1760.468505859375,2803300,0.0,0.0
2015-01-02,1760.4685979793508,1814.4293212890627,1760.4685979793508,1814.4293212890625,2504300,0.0,0.0
2015-01-02,1814.4294066918667,1821.1744974230633,1767.213771573491,1773.9588623046875,3020800,0.0,0.0
2015-01-02,1800.9392252294735,1800.9392252294735,1773.9588623046875,1773.9588623046875,1686100,0.0,0.0
2015-01-02,1780.7037625294813,1807.6841225678068,1767.2135825103185,1787.4488525390625,3619400,0.0,0.0
2015-01-02,1787.4492699555244,1814.4296362944758,1787.4492699555244,1800.939453125,1236600,0.0,0.0
2015-01-02,1800.939453125,1814.4296362944758,1787.4492699555244,1800.939453125,1514500,0.0,0.0
2015-01-02,1797.0078015273878,1817.4283447265625,1776.5872583282128,1817.4283447265625,4136400,60.56,0.0
2015-01-02,1817.428133252641,1953.5650720730637,1817.428133252641,1933.14453125,4817800,0.0,0.0
2015-01-02,1987.5991563487141,1987.5991563487141,1865.0759206833825,1885.4964599609375,4181100,0.0,0.0
2015-01-02,1885.496259765625,1899.109951171875,1851.46203125,1871.882568359375,2212400,0.0,0.0
2015-01-02,1905.916796875,1919.53048828125,1851.46203125,1871.882568359375,2595700,0.0,0.0
2015-01-02,1878.689697265625,1912.7239309117413,1858.269157077955,1878.689697265625,1559500,0.0,0.0
2015-01-02,1878.689697265625,1878.689697265625,1878.689697265625,1878.689697265625,0,0.0,0.0
2015-01-02,1878.689697265625,1878.689697265625,1878.689697265625,1878.689697265625,0,0.0,0.0
2015-01-02,1878.689697265625,1878.689697265625,1878.689697265625,1878.689697265625,0,0.0,0.0
2015-01-02,1878.689697265625,1878.689697265625,1878.689697265625,1878.689697265625,0,0.0,0.0
2015-01-02,1878.689697265625,1878.689697265625,1878.689697265625,1878.689697265625,0,0.0,0.0
2015-01-02,2008.019813331398,2028.4403538059544,1994.4061196816933,2014.82666015625,1093800,0.0,0.0
2015-01-02,2082.895111690294,2082.895111690294,2021.6334907582263,2055.667724609375,1911500,0.0,0.0
2015-01-02,2055.6675252278646,2055.6675252278646,2021.6332946777345,2042.0538330078125,1135000,0.0,0.0
2015-01-02,2042.0539781402688,2103.3155974844767,2042.0539781402688,2089.701904296875,1897500,0.0,0.0
2015-01-02,2089.701996957508,2144.1567721225247,2042.0540686881188,2062.474609375,3368200,0.0,0.0
2015-01-02,2123.736328125,2123.736328125,2069.281550480769,2123.736328125,1046800,0.0,0.0
2015-01-02,2137.3495703749004,2184.9974907335763,2116.9290330783247,2130.542724609375,1012100,0.0,0.0
2015-01-02,2130.543175330529,2178.1911057692305,2082.8952448918267,2123.736328125,1031300,0.0,0.0
2015-01-02,2123.736045518489,2144.156584417705,2082.8949677200562,2116.92919921875,735300,0.0,0.0
2015-01-02,2116.929148227354,2171.383917313588,2116.929148227354,2150.96337890625,1199000,0.0,0.0
2015-01-02,2150.9633011544583,2157.7701470441875,2103.315379926353,2137.349609375,1478300,0.0,0.0
2015-01-02,2144.1564161404253,2150.9632619059507,2089.701650016224,2130.542724609375,967200,0.0,0.0
2015-01-02,2123.7359678398057,2130.5428138905745,2082.8948915351943,2103.3154296875,1906700,0.0,0.0
2015-01-02,2123.736032383675,2164.577109929515,2116.929186126035,2157.770263671875,1050100,0.0,0.0
2015-01-02,2178.1908885542166,2293.9072795086595,2150.963502447289,2259.873046875,3518000,0.0,0.0
2015-01-02,2232.6460121268656,2300.714488106343,2232.6460121268656,2280.2939453125,1035500,0.0,0.0
2015-01-02,2259.872969933712,2266.679816228693,2225.838738458807,2246.25927734375,1133000,0.0,0.0
2015-01-02,2259.872969933712,2273.486662523674,2225.838738458807,2246.25927734375,1743200,0.0,0.0
2015-01-02,2246.259483638868,2253.0663305589856,2239.45263671875,2239.45263671875,1613300,0.0,0.0
2015-01-02,2232.645751953125,2253.0662923673303,2184.997824319979,2232.645751953125,1287900,0.0,0.0
2015-01-02,2232.6455592105262,2259.872944078947,2184.997635690789,2198.611328125,739500,0.0,0.0
2015-01-02,2205.418311866554,2280.293624923752,2205.418311866554,2266.679931640625,503700,0.0,0.0
2015-01-02,2266.679947319381,2266.679947319381,2225.8388671875,2225.8388671875,786700,0.0,0.0
2015-01-02,2253.0663305589856,2273.486871319339,2225.8389428785144,2239.45263671875,720800,0.0,0.0
2015-01-02,2239.4527485280796,2361.9759992074273,2225.839054008152,2348.3623046875,1472900,0.0,0.0
2015-01-02,2355.168690074574,2450.464533025568,2348.3618441495028,2396.009765625,1422200,0.0,0.0
2015-01-02,2396.0100478045324,2450.464821618272,2396.0100478045324,2402.81689453125,1369300,0.0,0.0
2015-01-02,2389.202841796875,2423.2370703125002,2361.975458984375,2382.39599609375,1446800,0.0,0.0
2015-01-02,2409.6238526102406,2409.6238526102406,2321.1348410737064,2334.74853515625,1552300,0.0,0.0
2015-01-02,2355.168868663699,2382.3962544285973,2314.3277900163516,2341.55517578125,2131100,0.0,0.0
2015-01-02,2341.5552897604466,2375.589523623244,2321.1347494427687,2361.975830078125,1159400,0.0,0.0
2015-01-02,2361.9759056288053,2409.6238345607985,2361.9759056288053,2375.589599609375,999300,0.0,0.0
2015-01-02,2396.009842867232,2477.691996601342,2382.396150578213,2409.62353515625,2858200,0.0,0.0
2015-01-02,2436.850841175426,2450.464533025568,2389.202919699929,2396.009765625,1775500,0.0,0.0
2015-01-02,2396.0100478045324,2436.851128164837,2396.0100478045324,2402.81689453125,1488000,0.0,0.0
2015-01-02,2402.8166115500712,2423.237149325284,2396.009765625,2396.009765625,591000,0.0,0.0
2015-01-02,2382.3961630634876,2396.0098554238502,2361.9756245229432,2368.782470703125,264000,0.0,0.0
2015-01-02,2368.782393086163,2382.3960850004514,2348.361855214731,2355.168701171875,345900,0.0,0.0
2015-01-02,2355.168778342762,2402.816701604032,2348.3619321625806,2368.782470703125,977600,0.0,0.0
2015-01-02,2361.9759992074273,2368.782846467391,2348.3623046875,2348.3623046875,444900,0.0,0.0
2015-01-02,2348.362147633622,2348.362147633622,2198.6115179294493,2232.645751953125,3028000,0.0,0.0
2015-01-02,2287.1004042514533,2382.3962544285973,2239.4524791628814,2341.55517578125,599500,0.0,0.0
2015-01-02,2368.7828275240386,2416.4307579627402,2368.7828275240386,2389.203369140625,725600,0.0,0.0
2015-01-02,2389.203369140625,2423.237605168269,2389.203369140625,2389.203369140625,789200,0.0,0.0
2015-01-02,2389.202919699929,2409.623457475142,2375.5892278497868,2396.009765625,648800,0.0,0.0
2015-01-02,2396.00977691474,2409.6234688290283,2287.1002416004335,2355.168701171875,1376000,0.0,0.0
2015-01-02,2355.1690586385207,2382.3964465996596,2280.293741745388,2375.589599609375,357700,0.0,0.0
2015-01-02,2375.5896747295674,2511.726618840144,2368.7828275240386,2477.6923828125,1511000,0.0,0.0
2015-01-02,2504.9199375,2572.9884140625,2491.3062421874997,2552.56787109375,990900,0.0,0.0
2015-01-02,2559.37471875,2586.6021093749996,2491.3062421874997,2552.56787109375,1466000,0.0,0.0
2015-01-02,2504.9199375,2559.37471875,2498.1130898437495,2552.56787109375,671700,0.0,0.0
2015-01-02,2559.375214741492,2600.21630859375,2545.7615167907397,2600.21630859375,1151500,0.0,0.0
2015-01-02,2600.2154730902776,2797.6140299479166,2545.760698784722,2756.77294921875,1979700,0.0,0.0
2015-01-02,2770.386704995599,2913.3304907570428,2756.7730111135565,2899.716796875,3180900,0.0,0.0
2015-01-02,2899.7164217320883,2940.557498094512,2790.806884765625,2790.806884765625,784500,0.0,0.0
2015-01-02,2804.4210125219042,2940.5579548773367,2804.4210125219042,2913.33056640625,1168600,0.0,0.0
2015-01-02,2913.330534971835,3199.2181108335567,2913.330534971835,3171.99072265625,1738200,0.0,0.0
2015-01-02,3199.2181498209634,3369.3893280029292,3171.9907613118485,3267.28662109375,1538200,0.0,0.0
2015-01-02,3240.058938063789,3362.5821752174616,3226.4452450467143,3301.320556640625,2255700,0.0,0.0
2015-01-02,3348.9689428244424,3362.5826377139724,3206.0251464843745,3206.025146484375,1863600,0.0,0.0
2015-01-02,3206.025129120925,3294.514145423626,3151.5703498577245,3158.377197265625,398100,0.0,0.0
2015-01-02,3117.5359842936195,3274.093468221028,3117.5359842936195,3267.28662109375,1606500,0.0,0.0
2015-01-02,3267.286044034091,3294.513427734375,3212.831276633523,3294.513427734375,963200,0.0,0.0
2015-01-02,3294.513710132088,3335.3547891833123,3287.7068636235504,3301.320556640625,824400,0.0,0.0
2015-01-02,3328.5478899274553,3348.9684291294643,3260.479425920759,3335.354736328125,694000,0.0,0.0
2015-01-02,3342.1618312585424,3423.8439941406245,3335.354984351702,3423.843994140625,1450700,0.0,0.0
2015-01-02,3423.8441443810093,3485.105769230769,3396.616755558894,3451.071533203125,1140600,0.0,0.0
2015-01-02,3451.071590104426,3532.7537579175487,3410.2305061978645,3417.037353515625,791400,0.0,0.0
2015-01-02,3417.0373342919543,3505.526348925013,3417.0373342919543,3457.87841796875,1301000,0.0,0.0
2015-01-02,3485.10595703125,3539.5607376098633,3457.8785667419434,3485.10595703125,956800,0.0,0.0
2015-01-02,3485.1053822937624,3525.946460992517,3369.38899264729,3383.002685546875,433500,0.0,0.0
2015-01-02,3383.003099876815,3383.003099876815,3212.8319177904564,3280.900390625,1073100,0.0,0.0
2015-01-02,3280.900757828379,3376.1966304623984,3280.900757828379,3348.96923828125,1135300,0.0,0.0
2015-01-02,3376.196044921875,3376.196044921875,3301.320729409495,3376.196044921875,766700,0.0,0.0
2015-01-02,3321.7418461001016,3369.3897824171113,3267.287061737805,3348.96923828125,679900,0.0,0.0
2015-01-02,3348.968805626978,3348.968805626978,3212.831862308808,3226.445556640625,317800,0.0,0.0
2015-01-02,3226.44486328125,3233.251708984375,3199.21748046875,3233.251708984375,196800,0.0,0.0
2015-01-02,3233.2524043089065,3314.9345703125,3233.2524043089065,3314.9345703125,142800,0.0,0.0
2015-01-02,3287.706581809304,3369.3887329101562,3240.058660333807,3294.513427734375,602400,0.0,0.0
2015-01-02,3328.548382463126,3335.355229871026,3131.1498076340245,3158.377197265625,1345600,0.0,0.0
2015-01-02,3158.3764755049124,3171.990167209675,3097.114862833481,3117.535400390625,568200,0.0,0.0
2015-01-02,3117.5358065568566,3117.5358065568566,2995.0125652511288,3015.43310546875,905800,0.0,0.0
2015-01-02,3022.2399522079572,3056.2741859039925,2954.171484815886,3015.43310546875,362100,0.0,0.0
2015-01-02,3008.6263893821024,3022.2400834517043,2954.1716131036933,2995.0126953125,438100,0.0,0.0
2015-01-02,2988.2062620398115,2995.013110017123,2940.55832619863,2981.3994140625,225000,0.0,0.0
2015-01-02,2981.398882020195,2981.398882020195,2872.489333818544,2886.10302734375,351100,0.0,0.0
2015-01-02,2886.10302734375,2967.7851884949882,2831.648253242925,2886.10302734375,483300,0.0,0.0
2015-01-02,2899.716680975275,3117.5357743818686,2899.716680975275,3097.115234375,1639300,0.0,0.0
2015-01-02,3110.729326872548,3110.729326872548,3008.6266137366874,3035.85400390625,209700,0.0,0.0
2015-01-02,3029.0465411417736,3056.27392578125,2981.3986180226893,3056.27392578125,224800,0.0,0.0
2015-01-02,3083.5023064864313,3131.150244997259,3063.081761410362,3103.9228515625,388300,0.0,0.0
2015-01-02,3110.72969992119,3131.150244997259,3083.5023064864313,3103.9228515625,336100,0.0,0.0
2015-01-02,3131.1492986699946,3171.990376478733,3103.9219134641685,3110.728759765625,609100,0.0,0.0
2015-01-02,3110.72969992119,3131.150244997259,3063.081761410362,3103.9228515625,819900,0.0,0.0
2015-01-02,3103.9224793301573,3103.9224793301573,3022.2403088214687,3035.85400390625,258700,0.0,0.0
2015-01-02,3049.4677083333336,3049.4677083333336,2858.8759765625,2858.8759765625,507700,0.0,0.0
2015-01-02,2858.875747642612,2858.875747642612,2681.8977251694982,2729.545654296875,1950400,0.0,0.0
2015-01-02,2722.7390252976193,2886.1033668154764,2722.7390252976193,2858.8759765625,540200,0.0,0.0
2015-01-02,2940.5578014445755,2954.171494969782,2865.682487055941,2886.10302734375,1023100,0.0,0.0
2015-01-02,2886.1031962751777,2954.1716678854414,2872.489501953125,2872.489501953125,177100,0.0,0.0
2015-01-02,2879.296425923814,2886.103273266423,2790.8074104698903,2797.6142578125,213500,0.0,0.0
2015-01-02,2831.648586309524,2858.8759765625,2797.6143484933036,2858.8759765625,238100,0.0,0.0
2015-01-02,2886.1028350611577,2913.3302202975838,2818.0343719700927,2852.068603515625,558900,0.0,0.0
2015-01-02,2858.8761471104963,2872.489843049118,2818.0350592946324,2845.262451171875,284400,0.0,0.0
2015-01-02,2831.6480645883057,2913.3302202975838,2818.0343719700927,2852.068603515625,793700,0.0,0.0
2015-01-02,2886.1032339686762,2899.7169284685287,2777.1936779698585,2879.29638671875,2676100,0.0,0.0
2015-01-02,2879.295732421875,2913.3299609375,2845.2615039062503,2892.909423828125,272000,0.0,0.0
2015-01-02,2995.012348090278,3069.887656792535,2940.5575781250004,3063.080810546875,2321000,0.0,0.0
2015-01-02,2995.0122966241397,3076.6944501684347,2818.0342972781677,2967.784912109375,1007600,0.0,0.0
2015-01-02,2995.0127519880025,3063.081223624093,2974.592210497175,3049.467529296875,1475400,0.0,0.0
2015-01-02,3090.3091548451207,3117.5365482798798,3042.661216334293,3103.9228515625,990700,0.0,0.0
2015-01-02,3103.9228515625,3144.7639417146383,3056.2749130516722,3103.9228515625,443300,0.0,0.0
2015-01-02,3103.922065162272,3383.002777161511,3103.922065162272,3355.775390625,3128900,0.0,0.0
2015-01-02,3362.5823393886526,3525.946663569478,3321.7412583434466,3505.526123046875,3863100,0.0,0.0
2015-01-02,3485.105326295585,3628.0490994444276,3423.8437092317954,3546.366943359375,2178000,0.0,0.0
2015-01-02,3580.4015947020607,3941.1644930275534,3580.4015947020607,3798.220703125,4119800,0.0,0.0
2015-01-02,3757.3795455822838,3886.7096386367466,3743.765851576551,3784.60693359375,1129100,0.0,0.0
2015-01-02,3777.8004918473493,3811.834730512641,3614.4361462539505,3634.856689453125,2052100,0.0,0.0
2015-01-02,3675.697021484375,3784.60656286169,3655.2764824761284,3675.697021484375,1783800,0.0,0.0
2015-01-02,3702.9253906249996,3886.7102905273437,3702.9253906249996,3811.8349609375,4241700,0.0,0.0
2015-01-02,3825.447640878183,3934.3571822554977,3662.0833288122103,3675.697021484375,3930800,0.0,0.0
2015-01-02,3730.152378503114,3879.903021435721,3668.890751848866,3825.4482421875,6878500,0.0,0.0
2015-01-02,3811.833815319981,3839.061199715124,3648.4695089491247,3696.117431640625,3234000,0.0,0.0
2015-01-02,3696.11809054288,3702.9249378551135,3532.753755049272,3594.015380859375,4396900,0.0,0.0
2015-01-02,3634.8562735271275,3682.504202206322,3546.3672631229088,3559.98095703125,2103900,0.0,0.0
2015-01-02,3628.04919589239,3798.220358926742,3525.9464980717785,3736.958740234375,5067800,0.0,0.0
2015-01-02,3770.993026733399,3947.97103881836,3723.3451004028325,3920.74365234375,3823300,0.0,0.0
2015-01-02,3920.744339923469,4077.3018396079133,3920.744339923469,4002.426513671875,3149200,0.0,0.0
2015-01-02,4002.4259664601295,4016.039660223599,3927.5506507610453,3947.97119140625,1709300,0.0,0.0
2015-01-02,3947.971664348822,3988.8127505317407,3845.8689488915247,3900.32373046875,1149600,0.0,0.0
2015-01-02,3975.19793855042,4084.107471113445,3934.3568638392853,4050.0732421875,4139000,0.0,0.0
2015-01-02,4050.074050653176,4220.245229252049,4043.2672035092214,4152.1767578125,5076300,0.0,0.0
2015-01-02,4152.176563159839,4152.176563159839,3954.778005239126,4029.6533203125,2402200,0.0,0.0
2015-01-02,4043.267421177455,4193.01806640625,3920.7441659902597,4193.01806640625,2558900,0.0,0.0
2015-01-02,4220.244846573795,4526.5529402767315,4193.017460466867,4519.74609375,4160400,0.0,0.0
2015-01-02,4641.177160274621,4766.992203776042,4452.454595022491,4613.21826171875,2938900,434.32,0.0
2015-01-02,4669.136565443486,4669.136565443486,4291.691393985479,4452.455078125,3619300,0.0,0.0
2015-01-02,4487.4036233340985,4808.930985753676,4487.4036233340985,4753.01318359375,3864600,0.0,0.0
2015-01-02,4697.096158854167,5130.4591973198785,4529.342724609374,5032.60302734375,6173600,0.0,0.0
2015-01-02,5039.592079130406,5039.592079130406,4808.931137921941,4969.69482421875,1549100,0.0,0.0
2015-01-02,4948.725650024414,4976.684552001953,4473.42431640625,4473.42431640625,3047000,0.0,0.0
2015-01-02,4501.3828125,4655.15675951087,4305.670516304348,4501.3828125,8245000,0.0,0.0
2015-01-02,4445.464859654927,4445.464859654927,4249.752570236156,4291.69091796875,2317300,0.0,0.0
2015-01-02,4305.671337807726,4389.548052180603,4095.979551875531,4116.94873046875,2384700,0.0,0.0
2015-01-02,4109.958984375,4242.763781489158,4054.0411750637754,4109.958984375,2644700,0.0,0.0
2015-01-02,4193.834959369984,4354.5986328125,4193.834959369984,4354.5986328125,2089200,0.0,0.0
2015-01-02,4361.5888671875,4571.2806396484375,4361.5888671875,4529.34228515625,3413900,0.0,0.0
2015-01-02,4522.352559407553,4571.2806396484375,4333.629964192709,4529.34228515625,2508200,0.0,0.0
2015-01-02,4557.300905917554,4690.105686918218,4536.33172997008,4599.2392578125,867200,0.0,0.0
2015-01-02,4613.218654197983,4613.218654197983,4333.62964485265,4417.50634765625,1572600,0.0,0.0
2015-01-02,4417.50634765625,4466.434424291683,4361.588545787184,4417.50634765625,996100,0.0,0.0
2015-01-02,4417.506512451172,4494.393492889404,4312.660630035401,4473.42431640625,2165000,0.0,0.0
2015-01-02,4508.372684601814,4585.25966061828,4487.403509324597,4550.31103515625,1921500,0.0,0.0
2015-01-02,4571.280306516936,4766.992613217968,4543.321405559646,4746.0234375,2780000,0.0,0.0
2015-01-02,4753.012404753265,4864.847990747459,4627.197370509796,4815.919921875,4699600,0.0,0.0
2015-01-02,4815.920999008862,4815.920999008862,4683.1162109375,4683.1162109375,2620200,0.0,0.0
2015-01-02,4669.13634014423,4683.115790264423,4473.424038461539,4543.3212890625,2942500,0.0,0.0
2015-01-02,4550.310865797438,4732.043711436046,4550.310865797438,4655.15673828125,2158600,0.0,0.0
2015-01-02,4669.136594835725,4725.054398366692,4585.259889539275,4627.1982421875,1302000,0.0,0.0
2015-01-02,4641.177186129386,4808.930578399123,4613.218287417763,4780.9716796875,3384400,0.0,0.0
2015-01-02,4780.972136154391,4962.70499513102,4732.044058737606,4934.74609375,2655400,0.0,0.0
2015-01-02,4892.806640625,5004.642220982142,4780.971060267857,4892.806640625,1400600,0.0,0.0
2015-01-02,4892.806887246008,4927.755507869194,4815.919921875,4815.919921875,1277200,0.0,0.0
2015-01-02,4829.899795576713,4885.817593499453,4697.095025510203,4794.951171875,1162000,0.0,0.0
2015-01-02,4787.961948676706,4787.961948676706,4634.18798828125,4634.18798828125,537600,0.0,0.0
2015-01-02,4655.156780676927,4725.0540296360405,4648.167055781016,4669.13623046875,843200,0.0,0.0
2015-01-02,4620.208615316388,4669.136694449845,4494.3935546875,4494.3935546875,1012400,0.0,0.0
2015-01-02,4494.39308763587,4641.177309782609,4494.39308763587,4501.3828125,1004100,0.0,0.0
2015-01-02,4501.383218383789,4543.321571350098,4361.588708496094,4473.42431640625,1109800,0.0,0.0
2015-01-02,4473.423010046367,4550.30996803154,4452.453839686776,4522.35107421875,655100,0.0,0.0
2015-01-02,4529.341566051136,4669.136058830492,4529.341566051136,4613.21826171875,1176800,0.0,0.0
2015-01-02,4641.176996527778,4753.012586805556,4599.238650173612,4718.06396484375,1024600,0.0,0.0
2015-01-02,4718.06396484375,4718.06396484375,4718.06396484375,4718.06396484375,0,0.0,0.0
2015-01-02,4718.063848418307,4892.806953915281,4655.156330439396,4836.88916015625,1436400,0.0,0.0
2015-01-02,4808.930985753676,4808.930985753676,4697.095381433824,4753.01318359375,956600,0.0,0.0
2015-01-02,4746.023467971128,4780.972094392124,4571.280335866153,4592.24951171875,1146300,0.0,0.0
2015-01-02,4571.279998411615,4669.1361451666035,4557.300548875188,4641.17724609375,1380400,0.0,0.0
2015-01-02,4641.1774183840525,4648.167143411739,4501.382917830316,4536.33154296875,832800,0.0,0.0
2015-01-02,4466.433908695276,4529.341428536054,4396.536664427744,4410.51611328125,1931100,0.0,0.0
2015-01-02,4424.496357516077,4487.403888665595,4340.619649316721,4347.609375,2268500,0.0,0.0
2015-01-02,4361.58858684937,4431.48583984375,4340.619410951055,4431.48583984375,1373500,0.0,0.0
2015-01-02,4396.537274946037,4480.413979714483,4389.547549548666,4452.455078125,621700,0.0,0.0
2015-01-02,4445.465248590783,4445.465248590783,4375.56799625445,4417.50634765625,321900,0.0,0.0
2015-01-02,4403.526323646496,4459.444118232484,4361.587977707006,4389.546875,436200,0.0,0.0
2015-01-02,4459.444184268523,4459.444184268523,4382.5572155742375,4410.51611328125,476500,0.0,0.0
2015-01-02,4410.516474999999,4417.5062,4368.578125,4368.578125,470900,0.0,0.0
2015-01-02,4375.567896962955,4375.567896962955,4193.835045012418,4221.7939453125,1231500,0.0,0.0
2015-01-02,4235.772927427685,4284.700997546487,4200.824305914256,4228.783203125,362400,0.0,0.0
2015-01-02,4249.753088048987,4284.701715417811,4109.958578573691,4137.91748046875,1310100,0.0,0.0
2015-01-02,4130.9277726138935,4193.835302146084,4026.081890060241,4061.030517578125,848500,0.0,0.0
2015-01-02,4061.0305981061842,4095.9792263170807,3970.164164757853,4005.11279296875,1325600,0.0,0.0
2015-01-02,4005.1127135495108,4095.9791450960092,3977.1538115352037,4061.030517578125,788700,0.0,0.0
2015-01-02,4088.988610839844,4193.83447265625,4088.988610839844,4193.83447265625,628700,0.0,0.0
2015-01-02,4214.803645019531,4249.752265625,4130.926955566407,4193.83447265625,1728200,0.0,0.0
2015-01-02,4207.814073440074,4284.701041559411,4158.886002818678,4242.7626953125,1403300,0.0,0.0
2015-01-02,4242.763409562095,4326.640116176172,4242.763409562095,4319.650390625,614100,0.0,0.0
2015-01-02,4319.650194385384,4417.50634765625,4242.763216815417,4417.50634765625,1381800,0.0,0.0
2015-01-02,4445.465248590783,4452.454973824416,4340.619370086283,4417.50634765625,1816600,0.0,0.0
2015-01-02,4410.517441187149,4410.517441187149,4361.58935546875,4361.58935546875,600600,0.0,0.0
2015-01-02,4361.5897681451615,4361.5897681451615,4312.661677797379,4333.630859375,291900,0.0,0.0
2015-01-02,4333.629037290335,4382.557107066194,4214.803724977536,4375.5673828125,612900,0.0,0.0
2015-01-02,4403.527055220171,4403.527055220171,4249.753094561688,4305.6708984375,453000,0.0,0.0
2015-01-02,4305.670081114809,4319.649529430117,4200.82421875,4200.82421875,798500,0.0,0.0
2015-01-02,4200.824262476679,4256.742056319963,4179.8550897854475,4214.8037109375,854500,0.0,0.0
2015-01-02,4214.8037109375,4214.8037109375,4214.8037109375,4214.8037109375,0,0.0,0.0
2015-01-02,4214.803904813879,4305.670323988971,4193.834731158088,4277.71142578125,873800,0.0,0.0
2015-01-02,4298.680599437041,4312.660048540901,4186.845006606159,4277.71142578125,873000,0.0,0.0
2015-01-02,4277.7120576282305,4333.62986230311,4249.753155290791,4326.64013671875,790800,0.0,0.0
2015-01-02,4333.628838289524,4739.032826387575,4333.628838289524,4620.20751953125,3790700,0.0,0.0
2015-01-02,4641.178000574272,4704.085533714586,4431.4862234398925,4564.291015625,2069000,0.0,0.0
2015-01-02,4564.2903570300805,4746.023204323774,4487.403383175056,4669.13623046875,1543100,0.0,0.0
2015-01-02,4620.207646385159,4836.889094248911,4620.207646385159,4815.919921875,3177900,0.0,0.0
2015-01-02,4815.920540219261,4836.889715285528,4669.136314755394,4697.09521484375,871400,0.0,0.0
2015-01-02,4766.99169921875,4941.734796697443,4697.094460227273,4920.765625,3757100,0.0,0.0
2015-01-02,4920.765535714286,4997.652497209821,4836.8888504464285,4892.806640625,1400800,0.0,0.0
2015-01-02,4920.766408426184,5074.540358689502,4913.776683414215,5018.62255859375,2964600,0.0,0.0
2015-01-02,4976.684340451141,5018.622691634719,4864.848737294936,4899.79736328125,1779200,0.0,0.0
2015-01-02,4899.796977231653,4920.766151171303,4766.9922089472,4773.98193359375,1261900,0.0,0.0
2015-01-02,4773.981997653972,4822.910070836369,4753.012823432944,4794.951171875,1169800,0.0,0.0
2015-01-02,4794.9516394844895,4850.869442860401,4739.033836108577,4787.9619140625,840200,0.0,0.0
2015-01-02,4780.971911533273,4864.8486117356115,4739.033561432104,4857.85888671875,1085100,0.0,0.0
2015-01-02,4787.961710362347,4850.869236483896,4515.362430502301,4557.30078125,1675200,0.0,0.0
2015-01-02,4564.290506374617,4641.177482745399,4529.3418807515345,4557.30078125,1684000,0.0,0.0
2015-01-02,4620.208239600772,4746.023289998372,4620.208239600772,4697.09521484375,1896200,0.0,0.0
2015-01-02,4697.095381433824,4780.972084673713,4690.1056561638325,4753.01318359375,866400,0.0,0.0
2015-01-02,4780.972034927781,4920.766538873038,4780.972034927781,4899.79736328125,1506800,0.0,0.0
2015-01-02,4899.797548965669,5025.612607284331,4829.90029434419,4962.705078125,1930600,0.0,0.0
2015-01-02,4976.683810162743,5060.560503592452,4913.776290090461,5046.5810546875,1689100,0.0,0.0
2015-01-02,5046.582596902047,5249.28466796875,5046.582596902047,5249.28466796875,2318600,0.0,0.0
2015-01-02,5249.283095127136,5305.200891080554,5144.437227714477,5214.33447265625,2479000,0.0,0.0
2015-01-02,5228.3139088948565,5417.036469777425,5221.324184417725,5368.1083984375,2331200,0.0,0.0
2015-01-02,5375.098215163129,5563.820779284591,5368.108490566037,5556.8310546875,1812300,0.0,0.0
2015-01-02,5584.789822461185,5633.717893496515,5472.954231523289,5514.892578125,1022500,0.0,0.0
2015-01-02,5514.89381587535,5633.719157915757,5507.904089872974,5605.76025390625,3189900,0.0,0.0
2015-01-02,5633.717574939225,5731.573711476632,5556.830610516978,5570.81005859375,2269900,0.0,0.0
2015-01-02,5570.810779533764,5654.687478849203,5556.831329647857,5647.69775390625,2104800,0.0,0.0
2015-01-02,5647.69775390625,5773.512802879409,5612.749129191483,5647.69775390625,1648100,0.0,0.0
2015-01-02,5731.574212151605,6234.834386877112,5731.574212151605,6206.87548828125,4407600,0.0,0.0
2015-01-02,6206.875919917344,6220.855370187427,5983.204715595998,6025.14306640625,5003500,0.0,0.0
2015-01-02,6096.845740134092,6141.132755195599,5963.984694949572,6037.79638671875,4589400,1142.86,0.0
2015-01-02,6111.608078487928,6185.4197702571055,5986.128202480326,6037.79638671875,2127800,0.0,0.0
2015-01-02,6052.558666627798,6096.8456812616605,5882.791777197994,5934.4599609375,1742500,0.0,0.0
2015-01-02,5934.4613413416355,5949.223682986763,5853.2684622934285,5890.17431640625,1484100,0.0,0.0
2015-01-02,5890.1731147670025,5934.460130667507,5735.168559115239,5860.6484375,1681900,0.0,0.0
2015-01-02,5868.029738917496,5868.029738917496,5816.36155253709,5845.88623046875,1452200,0.0,0.0
2015-01-02,5845.887750119579,5853.268921521245,5779.457207504584,5786.83837890625,711600,0.0,0.0
2015-01-02,5801.598742265333,5956.603288814407,5801.598742265333,5927.07861328125,1912200,0.0,0.0
2015-01-02,5927.07861328125,5927.07861328125,5927.07861328125,5927.07861328125,0,0.0,0.0
2015-01-02,5919.697696898794,6008.271727276332,5779.455482134359,5816.361328125,2573400,0.0,0.0
2015-01-02,5816.360735954123,5831.1230728474075,5447.302313622008,5550.638671875,1664000,0.0,0.0
2015-01-02,5550.640788612565,5720.407727625981,5462.066733475131,5639.21484375,2020200,0.0,0.0
2015-01-02,5698.264107572116,5860.649872295674,5683.5017653245195,5757.3134765625,2121300,0.0,0.0
2015-01-02,5786.837091958599,5845.886450039809,5764.693582678145,5794.21826171875,749000,0.0,0.0
2015-01-02,5816.362632761438,5845.887316176471,5528.49696946487,5646.595703125,2694100,0.0,0.0
2015-01-02,5698.263776740771,5742.550800912332,5425.160461016149,5498.97216796875,1516500,0.0,0.0
2015-01-02,5572.7831929806525,5609.68904194079,5329.20458984375,5329.20458984375,1977100,0.0,0.0
2015-01-02,5358.730320745941,5550.640773004059,5351.349149505244,5454.685546875,4113500,0.0,0.0
2015-01-02,5447.3033553413725,5639.213771654212,5395.635166334069,5432.541015625,3326400,0.0,0.0
2015-01-02,5447.3033553413725,5491.590374490489,5395.635166334069,5432.541015625,1433400,0.0,0.0
2015-01-02,5432.540911944046,5432.540911944046,5129.912953534119,5144.67529296875,2724600,0.0,0.0
2015-01-02,5144.676462293587,5174.201147873464,4790.380235335062,4805.142578125,1999600,0.0,0.0
2015-01-02,4827.285245028409,4938.002796519886,4694.424183238636,4709.1865234375,2085200,0.0,0.0
2015-01-02,4775.617243902125,4775.617243902125,4281.0788276093235,4472.9892578125,2879700,0.0,0.0
2015-01-02,4472.9896630859375,4576.326057942708,4413.940294596354,4428.70263671875,2848500,0.0,0.0
2015-01-02,4487.750920664983,4487.750920664983,4340.127535116793,4384.41455078125,2699600,0.0,0.0
2015-01-02,4399.176687602124,4568.943573197508,4317.983829273897,4517.275390625,3746400,0.0,0.0
2015-01-02,4532.037532552084,4664.898567708334,4465.607014973959,4650.13623046875,2965300,0.0,0.0
2015-01-02,4650.137024428542,4723.948723228995,4458.226607547364,4480.3701171875,3504000,0.0,0.0
2015-01-02,4509.89541507077,4605.850636668019,4480.370731502385,4546.80126953125,2304900,0.0,0.0
2015-01-02,4561.5632554840195,4583.706766432971,4502.513892953481,4532.03857421875,1268300,0.0,0.0
2015-01-02,4591.087672424317,4723.94873046875,4539.419483184814,4723.94873046875,3817700,0.0,0.0
2015-01-02,4723.948773734177,4812.522813241693,4657.51824410354,4664.8994140625,1261900,0.0,0.0
2015-01-02,4664.899458661417,4746.09232898622,4613.231268454724,4687.04296875,608200,0.0,0.0
2015-01-02,4701.806422986482,4812.523999665913,4487.75244140625,4487.75244140625,2161900,0.0,0.0
2015-01-02,4487.75244140625,4487.75244140625,4487.75244140625,4487.75244140625,0,0.0,0.0
2015-01-02,4487.751811594203,4679.662250905797,4487.751811594203,4583.70703125,2926400,0.0,0.0
2015-01-02,4694.4232421875,4723.947916666667,4605.849218750001,4650.13623046875,445100,0.0,0.0
2015-01-02,4709.18643683104,4849.428666141055,4709.18643683104,4827.28515625,1995400,0.0,0.0
2015-01-02,4849.428883990119,5041.3393116670495,4849.428883990119,5019.19580078125,3077000,0.0,0.0
2015-01-02,5019.195105435172,5211.10550652534,5019.195105435172,5152.05615234375,2283700,0.0,0.0
2015-01-02,5174.200149114129,5284.917698667213,5070.86376953125,5070.86376953125,2020700,0.0,0.0
2015-01-02,5078.244894462719,5166.818933319627,4871.572137129934,5048.72021484375,1261100,0.0,0.0
2015-01-02,5048.720921716024,5107.770289221475,4871.572819199672,5078.24560546875,2048700,0.0,0.0
2015-01-02,5166.818553877074,5432.54065093361,5137.293876426348,5336.58544921875,4131600,0.0,0.0
2015-01-02,5373.491786287447,5403.016466431884,5166.819025276392,5174.2001953125,1393100,0.0,0.0
2015-01-02,5225.868569048713,5321.823782887178,5019.19580078125,5019.19580078125,2043200,0.0,0.0
2015-01-02,5078.2452943577655,5115.151146787691,5048.720612413825,5085.62646484375,1311300,0.0,0.0
2015-01-02,5166.819202390492,5203.725053836139,5122.532180655716,5181.58154296875,686200,0.0,0.0
2015-01-02,5181.580755153624,5299.679461823792,5152.056078486082,5270.15478515625,1209500,0.0,0.0
2015-01-02,5270.15526779263,5284.9176074783245,4930.621455021676,5107.76953125,1950400,0.0,0.0
2015-01-02,5107.76953125,5107.76953125,5107.76953125,5107.76953125,0,0.0,0.0
2015-01-02,5107.76953125,5107.76953125,5107.76953125,5107.76953125,0,0.0,0.0
2015-01-02,5107.76953125,5107.76953125,5107.76953125,5107.76953125,0,0.0,0.0
2015-01-02,5107.76953125,5107.76953125,5107.76953125,5107.76953125,0,0.0,0.0
2015-01-02,5107.76953125,5107.76953125,5107.76953125,5107.76953125,0,0.0,0.0
2015-01-02,5107.76953125,5107.76953125,5107.76953125,5107.76953125,0,0.0,0.0
2015-01-02,5033.958900708831,5358.730442690046,5033.958900708831,5255.39404296875,2668700,0.0,0.0
2015-01-02,5292.298826050151,5373.491695069051,5174.200107477204,5211.10595703125,772200,0.0,0.0
2015-01-02,5218.487126942059,5329.204675604196,5174.200107477204,5211.10595703125,1974300,0.0,0.0
2015-01-02,5255.393197148224,5403.0166015625,5255.393197148224,5403.0166015625,2571900,0.0,0.0
2015-01-02,5417.77907614512,5417.77907614512,5366.110883320847,5388.25439453125,783900,0.0,0.0
2015-01-02,5358.7290501221705,5403.016067065329,5329.204372160065,5380.87255859375,286500,0.0,0.0
2015-01-02,5380.874086927153,5594.928062950318,5380.874086927153,5506.35400390625,1424500,0.0,0.0
2015-01-02,5521.116222307567,5735.170193493289,5521.116222307567,5705.6455078125,1735600,0.0,0.0
2015-01-02,5705.64361486956,5808.97998046875,5624.450756184483,5808.97998046875,1666500,0.0,0.0
2015-01-02,5808.980779361483,5882.792479226305,5772.074929429072,5801.599609375,1113400,0.0,0.0
2015-01-02,5801.600266535479,5904.936658051379,5801.600266535479,5890.17431640625,1171800,0.0,0.0
2015-01-02,5890.173328517639,5890.173328517639,5727.78759765625,5727.78759765625,623700,0.0,0.0
2015-01-02,5772.074976627296,6325.662730140144,5772.074976627296,6229.70751953125,2479300,0.0,0.0
2015-01-02,6237.089298389576,6465.905592176649,6155.896419949002,6377.33154296875,2530900,0.0,0.0
2015-01-02,6421.6173017785895,6421.6173017785895,6178.038714469747,6244.46923828125,1601800,0.0,0.0
2015-01-02,6244.471248508353,6273.995935262529,6030.417269540572,6185.421875,764600,0.0,0.0
2015-01-02,6155.895456602516,6155.895456602516,5919.698029011052,6052.55908203125,1338400,0.0,0.0
2015-01-02,6155.89577371988,6237.088643637048,6023.034713855422,6126.37109375,801300,0.0,0.0
2015-01-02,6170.657795826982,6200.182474275915,5986.128555521152,6052.55908203125,601700,0.0,0.0
2015-01-02,6023.035065849574,6096.846770087926,5986.129213730397,6059.94091796875,728300,0.0,0.0
2015-01-02,6059.940606079102,6059.940606079102,5853.267844848632,5904.93603515625,1744300,0.0,0.0
2015-01-02,5904.93578255675,6237.088420325568,5904.93578255675,6178.0390625,2118500,0.0,0.0
2015-01-02,6178.040132375864,6229.708329420823,6082.084909292368,6141.13427734375,2185400,0.0,0.0
2015-01-02,6141.133884803921,6141.133884803921,5993.510474111519,6023.03515625,571200,0.0,0.0
2015-01-02,6023.035592384708,6118.990816282994,5978.748565970115,6082.0849609375,1900800,0.0,0.0
2015-01-02,6111.609645213895,6237.089553388577,6008.2732502465105,6082.0849609375,1720700,0.0,0.0
2015-01-02,6118.990058084872,6118.990058084872,5882.792613140703,5949.22314453125,951800,0.0,0.0
2015-01-02,5949.2227021206745,6037.796737387979,5919.698023698239,5971.3662109375,891900,0.0,0.0
2015-01-02,5978.747825149271,5978.747825149271,5890.173783295208,5949.22314453125,1654700,0.0,0.0
2015-01-02,5949.223682986763,5949.223682986763,5875.411974761121,5890.17431640625,594800,0.0,0.0
2015-01-02,5904.936658051379,5963.986024631892,5794.219095712915,5890.17431640625,1270800,0.0,0.0
2015-01-02,5904.935644889841,6045.177866455974,5897.554475333728,6030.41552734375,1205800,0.0,0.0
2015-01-02,6030.41557319455,6074.70259086795,6008.2720643578505,6052.55908203125,1043600,0.0,0.0
2015-01-02,6052.55908203125,6052.55908203125,6052.55908203125,6052.55908203125,0,0.0,0.0
2015-01-02,6111.6099588016405,6148.515816040781,6045.179415771187,6074.7041015625,1327700,0.0,0.0
2015-01-02,6074.703630349758,6096.847142975577,5875.412016717385,5912.31787109375,826800,0.0,0.0
2015-01-02,5934.461383719569,6000.891921597027,5882.793187592658,5912.31787109375,1637200,0.0,0.0
2015-01-02,5934.4599609375,6023.033990205224,5882.791777197994,5934.4599609375,1568400,0.0,0.0
2015-01-02,5934.460362909456,5978.747380543109,5897.554514881413,5971.3662109375,1275600,0.0,0.0
2015-01-02,5978.748408971208,6030.416605098119,5912.31787109375,5912.31787109375,1322000,0.0,0.0
2015-01-02,5912.31688958663,5971.366246785997,5823.742853787579,5831.1240234375,1345900,0.0,0.0
2015-01-02,5904.935201009115,6037.79624303182,5609.688440958659,5668.73779296875,2603200,0.0,0.0
2015-01-02,5727.787393657345,5757.312070944238,5476.82763671875,5476.82763671875,2805800,0.0,0.0
2015-01-02,5491.590978470437,5749.931951919988,5491.590978470437,5742.55078125,2063600,0.0,0.0
2015-01-02,5742.55078125,5742.55078125,5742.55078125,5742.55078125,0,0.0,0.0
2015-01-02,5772.074698036596,5794.218207108347,5609.68896484375,5609.68896484375,583500,0.0,0.0
2015-01-02,5609.689319840879,5690.882191575418,5565.402298894766,5624.45166015625,755600,0.0,0.0
2015-01-02,5668.738372093023,5735.1688998909885,5639.213693071705,5713.025390625,1309500,0.0,0.0
2015-01-02,5705.643770143196,5764.693123521133,5602.307401731805,5653.9755859375,1841800,0.0,0.0
2015-01-02,5653.976209645357,5845.886629293894,5653.976209645357,5801.599609375,648200,0.0,0.0
2015-01-02,5801.598973057381,6045.177555895668,5801.598973057381,6037.79638671875,1292700,0.0,0.0
2015-01-02,6052.560699349442,6192.8029594563195,5956.60546875,5956.60546875,1837400,0.0,0.0
2015-01-02,5963.985162306201,6015.653350593508,5388.253921390504,5713.025390625,3542200,0.0,0.0
2015-01-02,5713.026449819712,5786.838161057693,5513.734829477164,5757.3134765625,2374600,0.0,0.0
2015-01-02,5757.3119745399745,5831.123666521256,5698.262620954949,5816.361328125,927400,0.0,0.0
2015-01-02,5816.361255247201,5934.4599609375,5816.361255247201,5934.4599609375,606500,0.0,0.0
2015-01-02,5934.459699876238,5963.984375,5875.410349628713,5963.984375,710400,0.0,0.0
2015-01-02,5993.51007505545,5993.51007505545,5808.980823976157,5823.7431640625,566800,0.0,0.0
2015-01-02,5823.7431640625,5823.7431640625,5823.7431640625,5823.7431640625,0,0.0,0.0
2015-01-02,5823.742853787579,5993.509755735759,5786.837005537975,5831.1240234375,875200,0.0,0.0
2015-01-02,5875.412214543269,5875.412214543269,5749.932305438702,5757.3134765625,855100,0.0,0.0
2015-01-02,5757.3120312500005,5779.4555390625,5521.114614583334,5535.876953125,1523200,0.0,0.0
2015-01-02,5535.876774501418,5609.688464828104,5476.8274222400705,5528.49560546875,1447500,0.0,0.0
2015-01-02,5528.496831820373,5831.124829289846,5476.828637130463,5742.55078125,1902400,0.0,0.0
2015-01-02,5816.361347415123,5978.7470703125,5742.549655189044,5978.7470703125,2082400,0.0,0.0
2015-01-02,5978.74883534957,6082.085234972896,5779.457207504584,5786.83837890625,1360100,0.0,0.0
2015-01-02,5845.887077945402,5868.030589604286,5735.169519650982,5779.45654296875,1186400,0.0,0.0
2015-01-02,5831.124422661163,6008.272506387579,5801.5997420400945,5868.0302734375,2955100,0.0,0.0
2015-01-02,5904.935106631383,5978.746795464275,5882.791599981515,5927.07861328125,697900,0.0,0.0
2015-01-02,5949.222393422068,6030.415254870756,5927.078885754244,5978.7470703125,1207100,0.0,0.0
2015-01-02,5993.510120738636,6045.178311434659,5963.985440340909,6008.2724609375,449000,0.0,0.0
2015-01-02,6008.2721505943255,6082.083847776074,5978.747471721626,6015.6533203125,717200,0.0,0.0
2015-01-02,6023.033929377256,6222.325493216945,5978.746915190659,6133.75146484375,2439600,0.0,0.0
2015-01-02,6185.419883782136,6333.04327002992,6126.370529283023,6244.46923828125,1217200,0.0,0.0
2015-01-02,6244.470671433669,6288.757697472205,6104.228422311636,6141.13427734375,760500,0.0,0.0
2015-01-02,6214.944874415887,6318.28125,6141.133177570093,6318.28125,804800,0.0,0.0
2015-01-02,6347.807077152937,6458.5246424521165,6288.757708993376,6406.8564453125,1556500,0.0,0.0
2015-01-02,6414.236547908207,6473.285906231873,6259.2319823085845,6362.568359375,696300,0.0,0.0
2015-01-02,6421.617727609985,6643.052821665502,6399.474218204434,6606.14697265625,1592800,0.0,0.0
2015-01-02,6606.148261085185,6606.148261085185,6392.094295083543,6598.76708984375,1760400,0.0,0.0
2015-01-02,6598.766637054308,6716.86536881367,6473.286734559987,6702.10302734375,963800,0.0,0.0
2015-01-02,6702.10271314538,6842.344950534986,6613.528668478261,6790.6767578125,604100,0.0,0.0
2015-01-02,6790.677076163271,6790.677076163271,6598.766637054308,6702.10302734375,1087000,0.0,0.0
2015-01-02,6731.627507267442,6739.008677779797,6347.806640625,6347.806640625,1224200,0.0,0.0
2015-01-02,6384.7118652917525,6576.622279739828,6259.231978921856,6281.37548828125,1934600,0.0,0.0
2015-01-02,6377.3302740980835,6672.577046047069,6377.3302740980835,6547.09716796875,1539600,0.0,0.0
2015-01-02,6584.0036841040255,6650.434214549021,6406.85560291737,6554.47900390625,1662500,0.0,0.0
2015-01-02,6584.004032603481,6775.91446404708,6517.573498642236,6731.62744140625,1020900,0.0,0.0
2015-01-02,6746.388614366319,6775.913291015625,6643.052246093749,6643.05224609375,847800,0.0,0.0
2015-01-02,6702.10159939236,6731.626276041667,6539.71587782118,6643.05224609375,1190600,0.0,0.0
2015-01-02,6893.735175349244,6925.070335237195,6682.222846105574,6729.2255859375,1456500,1300.0,0.0
2015-01-02,6729.223050958188,6815.394708188153,6721.3892639372825,6744.890625,1036100,0.0,0.0
2015-01-02,6752.7260724893,6776.22743933091,6549.047559862012,6635.21923828125,1511100,0.0,0.0
2015-01-02,6635.220998056109,6658.722371130689,6502.046550633496,6627.38720703125,1814500,0.0,0.0
2015-01-02,6697.889162995094,6784.0608364371365,6611.7174895530525,6737.05810546875,2088400,0.0,0.0
2015-01-02,6752.726472875075,6799.729209345203,6533.38036934781,6572.54931640625,926800,0.0,0.0
2015-01-02,6572.549620766252,6674.388887834144,6423.7076150516405,6447.208984375,1248900,0.0,0.0
2015-01-02,6423.706030273438,6423.706030273438,6243.52890991211,6267.0302734375,1540500,0.0,0.0
2015-01-02,6251.3642434864005,6494.211726629355,6220.02908437118,6408.0400390625,1371500,0.0,0.0
2015-01-02,6439.374806123621,6556.881645651425,6329.701755897671,6392.3720703125,914400,0.0,0.0
2015-01-02,6392.372170503708,6486.37764359935,6337.53564453125,6337.53564453125,558200,0.0,0.0
2015-01-02,6337.535953115085,6337.535953115085,6173.0263671875,6173.0263671875,1366400,0.0,0.0
2015-01-02,6173.024819335938,6329.700576171876,6173.024819335938,6267.0302734375,669400,0.0,0.0
2015-01-02,6282.697939243773,6329.70066696879,6212.19384765625,6212.19384765625,355300,0.0,0.0
2015-01-02,6220.02821967438,6267.030951812977,6149.524121466484,6157.35791015625,401900,0.0,0.0
2015-01-02,6188.6942360617895,6267.032137784091,6047.686012961648,6204.36181640625,589900,0.0,0.0
2015-01-02,6126.0239146839485,6251.3645574396305,6086.854963822799,6204.36181640625,490900,0.0,0.0
2015-01-02,6267.030400815218,6486.37646484375,6267.030400815218,6486.37646484375,1462900,0.0,0.0
2015-01-02,6486.378968583776,6627.38720703125,6423.7086403849,6627.38720703125,1134400,0.0,0.0
2015-01-02,6627.38720703125,6627.38720703125,6627.38720703125,6627.38720703125,0,0.0,0.0
2015-01-02,6580.382327107988,6666.554000439164,6439.374134384246,6619.55126953125,1493100,0.0,0.0
2015-01-02,6619.551562268587,6658.7205064240225,6533.379885126629,6611.7177734375,810600,0.0,0.0
2015-01-02,6658.7210928330405,6721.39140900088,6619.55214522814,6674.388671875,1624400,0.0,0.0
2015-01-02,6674.387398197966,6768.392854510614,6627.3846700416425,6643.05224609375,1180800,0.0,0.0
2015-01-02,6643.052928761848,6705.723239410545,6596.050195775326,6611.7177734375,365200,0.0,0.0
2015-01-02,6611.717671198105,6713.556924427459,6447.208108289147,6509.87841796875,423400,0.0,0.0
2015-01-02,6502.044629258799,6572.548727648353,6439.374319579197,6509.87841796875,336600,0.0,0.0
2015-01-02,6580.381920855979,6674.387376868207,6486.37646484375,6486.37646484375,364000,0.0,0.0
2015-01-02,6580.3836998572715,6580.3836998572715,6502.045798668494,6517.71337890625,709200,0.0,0.0
2015-01-02,6486.37793685055,6603.884783532626,6408.040039062501,6408.0400390625,1488000,0.0,0.0
2015-01-02,6486.378138436732,6486.378138436732,6353.2037080582,6376.705078125,567600,0.0,0.0
2015-01-02,6376.70478158346,6564.715733374619,6376.70478158346,6423.70751953125,891800,0.0,0.0
2015-01-02,6439.373605957032,6525.5452722167975,6267.030273437501,6267.0302734375,1321700,0.0,0.0
2015-01-02,6267.031634852217,6408.039846636392,6267.031634852217,6361.037109375,1035100,0.0,0.0
2015-01-02,6361.036913105086,6470.709963331035,6361.036913105086,6392.3720703125,1151700,0.0,0.0
2015-01-02,6392.3720703125,6392.3720703125,6392.3720703125,6392.3720703125,0,0.0,0.0
2015-01-02,6392.3720703125,6392.3720703125,6392.3720703125,6392.3720703125,0,0.0,0.0
2015-01-02,6400.205376029445,6580.382516358303,6400.205376029445,6509.87841796875,371800,0.0,0.0
2015-01-02,6580.383414196211,6603.884783532626,6392.372459504891,6408.0400390625,556800,0.0,0.0
2015-01-02,6455.041312839674,6525.5454048488455,6392.371008831522,6486.37646484375,1029700,0.0,0.0
2015-01-02,6486.37646484375,6486.37646484375,6486.37646484375,6486.37646484375,0,0.0,0.0
2015-01-02,6517.712797619047,6525.546587039263,6408.039745736034,6415.87353515625,577400,0.0,0.0
2015-01-02,6423.706329689456,6455.041482517209,6220.027836309058,6259.19677734375,1189400,0.0,0.0
2015-01-02,6329.700875505286,6502.044216174984,6274.864358019473,6298.36572265625,2091600,0.0,0.0
2015-01-02,6353.203493383007,6611.718555382562,6267.031806049822,6603.884765625,2310700,0.0,0.0
2015-01-02,6603.883552625985,7222.752829799714,6603.883552625985,7199.25146484375,3827700,0.0,0.0
2015-01-02,7238.4217722039475,7363.762408952068,7207.086613016918,7293.25830078125,1682500,0.0,0.0
2015-01-02,7293.257426583792,7496.9359368858095,7293.257426583792,7473.4345703125,1490700,0.0,0.0
2015-01-02,7473.434372527689,7496.935738479035,7348.093754120517,7426.431640625,477600,0.0,0.0
2015-01-02,7442.09912109375,7684.946566097861,7434.26533254523,7442.09912109375,1729800,0.0,0.0
2015-01-02,7520.437311368209,7833.788866008551,7489.102155904175,7786.7861328125,1483700,0.0,0.0
2015-01-02,7771.118275122549,8084.469818474264,7771.118275122549,7990.46435546875,2034000,0.0,0.0
2015-01-02,7982.631246795065,8115.8056640625,7755.451358515323,8115.8056640625,1293000,0.0,0.0
2015-01-02,8084.469922253146,8154.97402041233,7982.630669356546,8092.3037109375,1212700,0.0,0.0
2015-01-02,8092.3025817296375,8319.482421875,8045.2998561823215,8319.482421875,1600400,0.0,0.0
2015-01-02,8335.151380048288,9087.19511358648,8335.151380048288,8922.685546875,2414700,0.0,0.0
2015-01-02,8922.686717893366,9243.872104577851,8922.686717893366,8930.5205078125,2051900,0.0,0.0
2015-01-02,8946.187109375,9337.8765625,8938.3533203125,9322.208984375,2299500,0.0,0.0
2015-01-02,9337.876178637674,9666.895305737324,9337.876178637674,9502.3857421875,1880500,0.0,0.0
2015-01-02,9557.222061538061,9666.895101588498,9400.546290037437,9416.2138671875,986000,0.0,0.0
2015-01-02,9369.212091902957,9894.07597999451,9369.212091902957,9807.904296875,1899500,0.0,0.0
2015-01-02,9807.903703150954,9807.903703150954,9118.530279926286,9431.8818359375,2403200,0.0,0.0
2015-01-02,9369.21306788882,9651.22951474835,9181.2021033158,9494.5537109375,1572000,0.0,0.0
2015-01-02,9494.551767324472,9651.2275390625,9283.039475478136,9651.2275390625,1658600,0.0,0.0
2015-01-02,9588.55862014358,9588.55862014358,9243.871872360642,9275.20703125,3163200,0.0,0.0
2015-01-02,9189.035344304264,9463.217984586148,9008.858180690455,9275.20703125,1250600,0.0,0.0
2015-01-02,9337.875362435567,9337.875362435567,8891.3494432587,9118.529296875,2002400,0.0,0.0
2015-01-02,9118.529876708984,9439.715207417807,9024.5244140625,9024.5244140625,1332600,0.0,0.0
2015-01-02,9024.525,9157.699414062501,8883.516796875001,9087.1953125,1035800,0.0,0.0
2015-01-02,9024.523409893993,9087.19371135159,8789.509779428005,8867.84765625,612300,0.0,0.0
2015-01-02,8836.51328675176,8961.85390074824,8773.842979753521,8899.18359375,440600,0.0,0.0
2015-01-02,8961.854880785035,9369.211920820719,8961.854880785035,9055.8603515625,1229800,0.0,0.0
2015-01-02,8977.523608210155,9204.703524997323,8820.84780352935,9142.033203125,543500,0.0,0.0
2015-01-02,9149.86429758936,9525.886118038237,9149.86429758936,9424.046875,986900,0.0,0.0
2015-01-02,9424.046875,9424.046875,9424.046875,9424.046875,0,0.0,0.0
2015-01-02,9424.049221191406,9518.05469970703,9330.043742675782,9400.5478515625,1076100,0.0,0.0
2015-01-02,9369.210549807132,9447.548430658362,9275.205092785654,9392.7119140625,963100,0.0,0.0
2015-01-02,9392.713877085092,9447.550405141468,9259.53945180532,9275.20703125,1007800,0.0,0.0
2015-01-02,9306.540646114865,9588.557029330466,9196.867608197686,9565.0556640625,1528200,0.0,0.0
2015-01-02,9651.22869430205,10019.416801958054,9651.22869430205,9933.2451171875,2624100,0.0,0.0
2015-01-02,9933.24531808479,10089.921111745434,9839.239841888404,9862.7412109375,1067300,0.0,0.0
2015-01-02,9862.741233277164,9870.57502297794,9525.88827614379,9588.55859375,1288800,0.0,0.0
2015-01-02,9588.557230367289,9713.897847757711,9572.889653193486,9651.2275390625,1450800,0.0,0.0
2015-01-02,9651.229520505385,9776.570163628832,9416.215814648924,9455.384765625,622300,0.0,0.0
2015-01-02,9455.383809496241,9455.383809496241,8954.02128770025,8985.3564453125,2535400,0.0,0.0
2015-01-02,9024.524381868132,9220.36909501631,8554.4970703125,8554.4970703125,1746800,0.0,0.0
2015-01-02,8648.502728630514,8836.513657513786,8491.82695456112,8523.162109375,1757800,0.0,0.0
2015-01-02,8523.160899246705,8766.008314574507,8272.479696327684,8319.482421875,1766800,0.0,0.0
2015-01-02,8366.487881912175,8523.163684944237,8060.970065999651,8429.158203125,4323600,0.0,0.0
2015-01-02,8429.156062788019,8609.333190524194,8429.156062788019,8499.66015625,1931400,0.0,0.0
2015-01-02,8530.996473054985,9243.87129311743,8530.996473054985,9055.8603515625,3060700,0.0,0.0
2015-01-02,9055.859148297992,9204.701123918805,8648.502162388393,8773.8427734375,2157800,0.0,0.0
2015-01-02,8773.842921401516,8773.842921401516,8272.48046875,8272.48046875,2284500,0.0,0.0
2015-01-02,8264.6474609375,8460.4921875,8076.636523437501,8147.140625,1573000,0.0,0.0
2015-01-02,8209.810569687781,8719.0068359375,8084.469950303235,8719.0068359375,6234700,0.0,0.0
2015-01-02,8719.0072265625,8773.84375,8460.4921875,8617.16796875,867000,0.0,0.0
2015-01-02,8554.497457664107,8609.33397982862,8413.4892578125,8413.4892578125,954300,0.0,0.0
2015-01-02,8444.824798037074,8758.176367537522,8444.824798037074,8742.5087890625,1491100,0.0,0.0
2015-01-02,8742.50859375,9008.857421875,8742.50859375,8891.3505859375,1335800,0.0,0.0
2015-01-02,8773.843939230104,9259.538871580342,8577.999208443718,9055.8603515625,1652500,0.0,0.0
2015-01-02,9087.194727570999,9181.200190270009,9055.859573337995,9102.8623046875,966400,0.0,0.0
2015-01-02,9134.198624392435,9400.547469357565,9134.198624392435,9267.373046875,2425100,0.0,0.0
2015-01-02,9212.537979166666,9290.875887152777,8789.513276041665,8813.0146484375,1817600,0.0,0.0
2015-01-02,8820.847448944627,9079.362516276042,8813.013659025493,8930.5205078125,1799400,0.0,0.0
2015-01-02,8930.5205078125,8930.5205078125,8930.5205078125,8930.5205078125,0,0.0,0.0
2015-01-02,9008.856441048036,9157.698417030568,8860.014465065502,8969.6875,1806000,0.0,0.0
2015-01-02,9477.026840535218,9477.026840535218,8840.760020852642,9033.314453125,2206500,1840.0,0.0
2015-01-02,9108.663022813687,9301.217480097434,8706.810242395437,8807.2734375,1684100,0.0,0.0
2015-01-02,8874.250024948678,9192.383516409102,8857.506156977077,9175.6396484375,1607400,0.0,0.0
2015-01-02,9184.011582423302,9276.102856267109,9041.68870466469,9175.6396484375,646100,0.0,0.0
2015-01-02,9091.917543228692,9309.587760654056,9041.685954592069,9184.0087890625,688500,0.0,0.0
2015-01-02,9242.614043277681,9527.259765625,9242.614043277681,9527.259765625,1454100,0.0,0.0
2015-01-02,9527.260875841128,9711.44342352874,9175.6396484375,9175.6396484375,1529700,0.0,0.0
2015-01-02,9242.614866030359,9326.334203584982,9091.920058432037,9100.2919921875,788000,0.0,0.0
2015-01-02,9175.638843201756,9250.986242461624,9066.8037109375,9066.8037109375,543700,0.0,0.0
2015-01-02,9066.804711097235,9167.267921192495,9008.201171875,9008.201171875,758500,0.0,0.0
2015-01-02,9024.943924418603,9200.754520348837,8907.736860465116,8999.828125,1184800,0.0,0.0
2015-01-02,9008.199356574976,9125.406411400301,9008.199356574976,9016.5712890625,546400,0.0,0.0
2015-01-02,9041.686484024664,9376.563761210762,9041.686484024664,9334.7041015625,1082300,0.0,0.0
2015-01-02,9368.193238952803,9376.565172142215,9192.382641975135,9301.2177734375,553500,0.0,0.0
2015-01-02,9301.215263671877,9301.215263671877,9158.892437855115,9209.1240234375,627600,0.0,0.0
2015-01-02,9234.24198595802,9242.613918855535,8907.736602954972,8924.48046875,904900,0.0,0.0
2015-01-02,8924.48072008534,8924.48072008534,8505.884063420923,8522.6279296875,1337900,0.0,0.0
2015-01-02,8572.859013091642,8706.809935171199,8204.49397737286,8313.3291015625,1520000,0.0,0.0
2015-01-02,8313.32919570147,8330.073061151019,7785.897434040651,7903.1044921875,2186700,0.0,0.0
2015-01-02,7894.733320498315,8045.428124070923,7735.666583393895,7919.84912109375,2272000,0.0,0.0
2015-01-02,7919.84912109375,7919.84912109375,7919.84912109375,7919.84912109375,0,0.0,0.0
2015-01-02,8037.054752334025,8304.956577411825,8003.567024199299,8070.54248046875,2276700,0.0,0.0
2015-01-02,8104.0313592351795,8171.006825013982,7459.392501114199,7484.50830078125,1979400,0.0,0.0
2015-01-02,7484.5075257230255,7559.854916921579,7099.39863737486,7526.3671875,1913000,0.0,0.0
2015-01-02,7568.227741903105,7827.757675530313,7568.227741903105,7819.3857421875,1065100,0.0,0.0
2015-01-02,7819.384388514927,7869.615979875836,7434.27552141462,7501.2509765625,870800,0.0,0.0
2015-01-02,7501.251953125,7794.269607543945,7434.2764892578125,7769.15380859375,1474300,0.0,0.0
2015-01-02,7769.15380859375,7769.15380859375,7769.15380859375,7769.15380859375,0,0.0,0.0
2015-01-02,7802.6407774390245,8631.462061737806,7802.6407774390245,8581.23046875,1931300,0.0,0.0
2015-01-02,8581.232938435087,8748.671629916747,8422.16618152751,8673.32421875,2307800,0.0,0.0
2015-01-02,8706.81037808642,8840.761306980057,8706.81037808642,8815.6455078125,1120700,0.0,0.0
2015-01-02,8815.643805727268,9192.380720501937,8614.717451180777,9184.0087890625,1265400,0.0,0.0
2015-01-02,9209.126647659954,9284.474047504444,8807.273848489336,8832.3896484375,1792400,0.0,0.0
2015-01-02,8832.3885544997,8974.711403245192,8581.2305861253,8706.8095703125,1032900,0.0,0.0
2015-01-02,8706.810213414634,8966.34013323757,8572.859287054409,8924.48046875,1874200,0.0,0.0
2015-01-02,8924.480932803555,9033.316066130426,8757.042266146827,8773.7861328125,686800,0.0,0.0
2015-01-02,8740.29765234375,8882.620506835938,8338.44488671875,8371.9326171875,2307300,0.0,0.0
2015-01-02,8388.674879577262,8530.99770687548,8137.516949050997,8187.74853515625,1374400,0.0,0.0
2015-01-02,8221.238636540134,8556.115974077411,8221.238636540134,8422.1650390625,1280200,0.0,0.0
2015-01-02,8438.908189655172,8539.371382389163,8413.792391471676,8497.51171875,489800,0.0,0.0
2015-01-02,8497.51171875,8497.51171875,8497.51171875,8497.51171875,0,0.0,0.0
2015-01-02,8489.141658120174,8865.878713953909,8413.794246953426,8673.32421875,1787400,0.0,0.0
2015-01-02,8706.810563891577,8824.017629174734,8589.603498608421,8648.20703125,1328900,0.0,0.0
2015-01-02,8648.20703125,8648.20703125,8648.20703125,8648.20703125,0,0.0,0.0
2015-01-02,8706.809957426678,8849.1328125,8673.322226821192,8849.1328125,1392700,0.0,0.0
2015-01-02,8857.504752950466,9493.77163501496,8857.504752950466,9443.5400390625,3484200,0.0,0.0
2015-01-02,9493.772535106804,9544.004135821655,9167.267130460274,9259.3583984375,1663400,0.0,0.0
2015-01-02,9301.217576124593,9485.400102384487,8966.34025565206,8991.4560546875,1476400,0.0,0.0
2015-01-02,9083.546183268229,9217.497094726563,8874.247884114584,9041.6865234375,2093700,0.0,0.0
2015-01-02,9041.6865234375,9041.6865234375,9041.6865234375,9041.6865234375,0,0.0,0.0
2015-01-02,9041.6865234375,9041.6865234375,9041.6865234375,9041.6865234375,0,0.0,0.0
2015-01-02,9041.6865234375,9041.6865234375,9041.6865234375,9041.6865234375,0,0.0,0.0
2015-01-02,9041.6865234375,9041.6865234375,9041.6865234375,9041.6865234375,0,0.0,0.0
2015-01-02,9041.6865234375,9041.6865234375,9041.6865234375,9041.6865234375,0,0.0,0.0
2015-01-02,9041.6865234375,9041.6865234375,9041.6865234375,9041.6865234375,0,0.0,0.0
2015-01-02,9041.6865234375,9041.6865234375,9041.6865234375,9041.6865234375,0,0.0,0.0
2015-01-02,8957.967847534655,9041.68717321255,8422.164163196134,8606.3466796875,3435200,0.0,0.0
2015-01-02,8606.345897835303,8606.345897835303,8145.8896484375,8145.8896484375,3839700,0.0,0.0
2015-01-02,8145.891968675753,8145.891968675753,7660.319785548112,7928.2216796875,3258000,0.0,0.0
2015-01-02,7986.824241162911,8037.055840163935,7568.227582821039,7660.31884765625,5133000,0.0,0.0
2015-01-02,7660.318296664895,7919.8482061693885,7551.483173324301,7626.83056640625,2512400,0.0,0.0
2015-01-02,7635.203177609428,7802.641843785073,7400.789044963524,7459.392578125,2419500,0.0,0.0
2015-01-02,7501.251781641961,7635.2027063141395,7317.069260217717,7342.18505859375,2099200,0.0,0.0
2015-01-02,7342.185570334323,7534.740037971369,7342.185570334323,7492.88037109375,2369000,0.0,0.0
2015-01-02,7534.73907713181,7852.872504832931,7107.770529427674,7375.67236328125,2546400,0.0,0.0
2015-01-02,7434.276298415492,7484.507895026408,7116.142853213028,7132.88671875,3158400,0.0,0.0
2015-01-02,7082.657098470782,7476.138048385826,7032.425487843329,7467.76611328125,2172600,0.0,0.0
2015-01-02,7501.252688172043,7819.386172715054,7434.277217741936,7785.8984375,1795300,0.0,0.0
2015-01-02,7802.641757534334,8304.957750508647,7794.269824318096,8229.6103515625,2847000,0.0,0.0
2015-01-02,8237.982131572297,8422.164658904196,8070.5434703614765,8279.841796875,1978600,0.0,0.0
2015-01-02,8279.841358398437,8438.908078125,8120.7746386718745,8371.9326171875,1570800,0.0,0.0
2015-01-02,8330.072658372961,8472.3955078125,8171.005944293478,8472.3955078125,1075600,0.0,0.0
2015-01-02,8472.396257267443,8472.396257267443,8263.097930753918,8279.841796875,1054400,0.0,0.0
2015-01-02,8279.842521324936,8371.933793048469,8053.800308912628,8204.4951171875,1359000,0.0,0.0
2015-01-02,8204.493629680906,8221.237494231276,7777.525083646492,7936.591796875,1555000,0.0,0.0
2015-01-02,7936.591631424329,8120.774137638818,7836.128446216426,8104.0302734375,953000,0.0,0.0
2015-01-02,8137.518516333082,8388.67649523225,8104.030785813193,8313.3291015625,2877500,0.0,0.0
2015-01-02,8388.676184612772,8589.60256029212,8271.469132133152,8472.3955078125,2046500,0.0,0.0
2015-01-02,8472.395285866478,8472.395285866478,8104.0302734375,8104.0302734375,1618100,0.0,0.0
2015-01-02,8120.776004408258,8388.677893213478,8070.5444002572785,8338.4462890625,1384500,0.0,0.0
2015-01-02,8371.932319972826,8522.627101732336,8221.237538213316,8472.3955078125,1575800,0.0,0.0
2015-01-02,8505.885058408445,8824.0185546875,8489.14119018323,8824.0185546875,1885700,0.0,0.0
2015-01-02,8874.250069444444,9443.541583333334,8824.018465277777,9418.42578125,3629700,0.0,0.0
2015-01-02,9443.538624730603,9711.4404296875,9376.563173491379,9711.4404296875,1685300,0.0,0.0
2015-01-02,9711.441080729166,10213.756998697916,9711.441080729166,10046.318359375,3917500,0.0,0.0
2015-01-02,10004.46009126015,10046.31975691396,9426.796705237599,9535.6318359375,4169400,0.0,0.0
2015-01-02,9661.210075384945,9786.7890625,9627.722345487597,9786.7890625,2212400,0.0,0.0
2015-01-02,9786.79163953993,9786.79163953993,9535.633599175348,9644.46875,1044800,0.0,0.0
2015-01-02,9677.952704067888,9803.531675141434,9518.886007374731,9711.4404296875,1873100,0.0,0.0
2015-01-02,9711.441705683797,9711.441705683797,9552.374988090702,9610.978515625,1473600,0.0,0.0
2015-01-02,9610.977945541883,9862.135905791234,9552.3744214837,9694.697265625,1815600,0.0,0.0
2015-01-02,9694.69854896106,9786.789813243075,9594.2353515625,9594.2353515625,1745500,0.0,0.0
2015-01-02,9594.236395833334,9602.60832986111,9418.42578125,9418.42578125,1249100,0.0,0.0
2015-01-02,9418.423988836275,9535.631042919571,9225.869542842289,9309.5888671875,1148600,0.0,0.0
2015-01-02,9041.688121448864,9108.663589015152,8706.810783617424,8840.76171875,1780000,0.0,0.0
2015-01-02,8740.299695342665,8999.829667139238,8648.208415027751,8673.32421875,1606700,0.0,0.0
2015-01-02,8815.645882009345,8974.71261682243,8497.512412383177,8957.96875,1401700,0.0,0.0
2015-01-02,8957.968526146133,9041.68785816619,8740.298262893983,8765.4140625,752600,0.0,0.0
2015-01-02,8765.4140625,8765.4140625,8765.4140625,8765.4140625,0,0.0,0.0
2015-01-02,8815.644864430147,9368.19240579044,8815.644864430147,9250.9853515625,1756700,0.0,0.0
2015-01-02,9250.985694999126,9259.357627754782,8941.22418303988,8974.7119140625,1938900,0.0,0.0
2015-01-02,8974.7119140625,8974.7119140625,8974.7119140625,8974.7119140625,0,0.0,0.0
2015-01-02,8840.761654089581,8907.737121166017,8556.115919014728,8597.9755859375,3454000,0.0,0.0
2015-01-02,8597.976807583253,8765.415499064913,8505.88552726834,8673.32421875,928700,0.0,0.0
2015-01-02,8723.555826194499,8790.531302787163,8556.117134712838,8673.32421875,1136200,0.0,0.0
2015-01-02,8773.785982504502,9343.077439384564,8723.554383368026,9301.2177734375,2516400,0.0,0.0
2015-01-02,9301.216765818242,9544.002802009718,9041.686865061838,9477.02734375,3169000,0.0,0.0
2015-01-02,9493.770213160022,9711.4404296875,9418.422830515894,9711.4404296875,2674500,0.0,0.0
2015-01-02,9544.002802009718,9544.002802009718,9234.241307558525,9477.02734375,2102600,0.0,0.0
2015-01-02,9477.028105858666,9477.028105858666,9225.8701171875,9225.8701171875,607700,0.0,0.0
2015-01-02,9108.663223140495,9276.101885330578,8924.480694731405,9117.03515625,1187000,0.0,0.0
2015-01-02,8874.250648527992,8882.622583102077,8639.836480453669,8673.32421875,1622200,0.0,0.0
2015-01-02,8639.834854351033,8874.248978306294,8413.792663394175,8514.255859375,2084000,0.0,0.0
2015-01-02,8539.371382389163,8690.066171490147,8455.652055110837,8497.51171875,1609300,0.0,0.0
2015-01-02,8497.509765625,8556.11328125,8438.90625,8438.90625,1025700,0.0,0.0
2015-01-02,8438.90625,8438.90625,8438.90625,8438.90625,0,0.0,0.0
2015-01-02,8472.395205655916,8832.38828257608,8464.023273634517,8631.4619140625,2151600,0.0,0.0
2015-01-02,8740.299695342665,8765.415499064913,8547.745200138756,8673.32421875,632100,0.0,0.0
2015-01-02,8757.042312903597,9100.29158138261,8690.066845883302,9075.17578125,1572500,0.0,0.0
2015-01-02,9108.662880589914,9158.894477357873,8757.041703214201,8798.9013671875,1740400,0.0,0.0
2015-01-02,8723.555232731836,8807.274572777247,8606.34815666826,8757.04296875,1372800,0.0,0.0
2015-01-02,8798.9013671875,8882.6206951341,8798.9013671875,8798.9013671875,964100,0.0,0.0
2015-01-02,8798.90049641927,9058.430387369792,8706.809244791666,9041.6865234375,1888800,0.0,0.0
2015-01-02,9083.547788677794,9108.663589015152,8840.76171875,8840.76171875,1903400,0.0,0.0
2015-01-02,8849.133179311088,8874.248978306294,8514.255859375,8514.255859375,1651800,0.0,0.0
2015-01-02,8514.254874229431,8639.833854675293,8514.254874229431,8572.8583984375,473600,0.0,0.0
2015-01-02,8639.834993553537,8690.066592353267,8522.6279296875,8522.6279296875,672900,0.0,0.0
2015-01-02,8572.858949416343,8639.834409958657,8539.371219145185,8606.3466796875,912900,0.0,0.0
2015-01-02,8639.835234828337,8757.04230196748,8531.000101056274,8656.5791015625,1714900,0.0,0.0
2015-01-02,8706.8095703125,8815.644689941406,8606.34638296274,8706.8095703125,1054700,0.0,0.0
2015-01-02,8706.809162621359,8824.016209041261,8539.370524878641,8623.08984375,960700,0.0,0.0
2015-01-02,8673.321841195913,8765.413096266528,8639.834112079327,8706.8095703125,621500,0.0,0.0
2015-01-02,8648.207186244827,8690.0668531676,8572.859785783836,8597.9755859375,712900,0.0,0.0
2015-01-02,8556.115919014728,8614.71945270661,8489.140451938292,8597.9755859375,895100,0.0,0.0
2015-01-02,8597.974845610119,8807.27316220238,8597.974845610119,8790.529296875,1271600,0.0,0.0
2015-01-02,8807.27234526699,8899.363596025485,8547.742456765776,8623.08984375,1187700,0.0,0.0
2015-01-02,8623.090418198528,8681.6939453125,8539.37109375,8539.37109375,1475800,0.0,0.0
2015-01-02,8405.421190721972,8405.421190721972,8254.726388497873,8363.5615234375,1132900,0.0,0.0
2015-01-02,8288.21301783254,8480.767461681175,8288.21301783254,8355.1884765625,902900,0.0,0.0
2015-01-02,8355.189194419869,8413.792725843656,8279.841796875,8279.841796875,617300,0.0,0.0
2015-01-02,8371.93190968781,8505.882820242816,8254.724862952182,8447.279296875,1066200,0.0,0.0
2015-01-02,8539.370924729568,8715.181502591648,8447.279669658954,8706.8095703125,1323200,0.0,0.0
2015-01-02,8706.8095703125,8765.413096266528,8572.858653846155,8706.8095703125,2140700,0.0,0.0
2015-01-02,8706.809634894791,8740.29736425977,8355.1884765625,8355.1884765625,3195100,0.0,0.0
2015-01-02,8413.792255108172,8514.255446213941,8388.67645733173,8489.1396484375,1119900,0.0,0.0
2015-01-02,8388.67508877841,8438.906676136363,8288.2119140625,8288.2119140625,1234200,0.0,0.0
2015-01-02,8489.139069698715,8698.437370233692,8489.139069698715,8631.4619140625,2925800,0.0,0.0
2015-01-02,8631.46176065613,8832.388125598658,8572.858237547893,8740.296875,2227200,0.0,0.0
2015-01-02,8748.668636399872,9041.686246231448,8748.668636399872,9024.9423828125,2718600,0.0,0.0
2015-01-02,9041.686574241328,9075.174302294075,8639.833837608381,8690.0654296875,2906400,0.0,0.0
2015-01-02,8706.809293713872,8790.528613845736,8614.718041568822,8690.0654296875,2423700,0.0,0.0
2015-01-02,8803.430415019453,8874.282973691643,8732.577856347265,8821.1435546875,1832500,1420.0,0.0
2015-01-02,8838.857195454259,8918.566328479397,8785.7177734375,8785.7177734375,1259300,0.0,0.0
2015-01-02,8785.716326530612,8856.56887755102,8537.732397959184,8679.4375,1673700,0.0,0.0
2015-01-02,8679.437918087619,8679.437918087619,8431.453977570829,8440.310546875,1896800,0.0,0.0
2015-01-02,8440.310273316813,8626.298222676363,8440.310273316813,8599.728515625,1734500,0.0,0.0
2015-01-02,8608.585208601804,8644.011485180412,8449.166963998066,8590.8720703125,1365400,0.0,0.0
2015-01-02,8626.300302848775,8688.29630091853,8316.3203125,8316.3203125,2759300,0.0,0.0
2015-01-02,8325.176447809452,8396.029013322724,8148.045034026272,8174.61474609375,1551900,0.0,0.0
2015-01-02,8325.17394060864,8484.592165003272,8148.042580170158,8458.0224609375,1608600,0.0,0.0
2015-01-02,8360.602061170213,8449.167760970744,8325.17578125,8325.17578125,940300,0.0,0.0
2015-01-02,8272.037597115517,8272.037597115517,7988.627315415629,7997.48388671875,2265400,0.0,0.0
2015-01-02,8041.766185756364,8227.754170228704,7997.4833323105695,8174.61474609375,2681000,0.0,0.0
2015-01-02,8245.468350156078,8440.312929859014,8041.767198648463,8068.3369140625,2490600,0.0,0.0
2015-01-02,7988.625154077397,8148.043394402667,7793.78063812429,7802.63720703125,2706700,0.0,0.0
2015-01-02,7802.63720703125,7802.63720703125,7802.63720703125,7802.63720703125,0,0.0,0.0
2015-01-02,7740.642956070537,7740.642956070537,7014.404143258427,7094.11328125,7002900,0.0,0.0
2015-01-02,7244.67300955414,7262.386146496815,6846.127428343949,6952.40625,5079300,0.0,0.0
2015-01-02,7049.830426810237,7218.105273681336,7049.830426810237,7094.11328125,3723300,0.0,0.0
2015-01-02,7138.3944078183085,7209.24695777184,6952.406464190288,7147.2509765625,1868900,0.0,0.0
2015-01-02,7191.533969541139,7209.247107397152,6996.689453125,6996.689453125,3367200,0.0,0.0
2015-01-02,7005.547034390225,7368.666412911083,7005.547034390225,7271.244140625,2103900,0.0,0.0
2015-01-02,7439.518772977941,7545.797612591912,7342.096503331802,7528.08447265625,2344300,0.0,0.0
2015-01-02,7545.797612591912,7829.2078515625,7474.945052849264,7528.08447265625,7040600,0.0,0.0
2015-01-02,7722.929292224703,7758.355573381697,7439.51904296875,7439.51904296875,2152500,0.0,0.0
2015-01-02,7439.519832081389,7705.216968941438,7421.806689624052,7590.08154296875,3156900,0.0,0.0
2015-01-02,7448.374664010354,7572.36663225785,7271.243280799644,7297.81298828125,1890400,0.0,0.0
2015-01-02,7200.392145010142,7492.658984844501,7191.53557410607,7368.6669921875,2506600,0.0,0.0
2015-01-02,7448.375556413518,7466.088696856832,7191.535019985466,7235.81787109375,1131300,0.0,0.0
2015-01-02,7156.107939749053,7244.6736320726795,6952.406847404711,7014.40283203125,2983200,0.0,0.0
2015-01-02,7049.829086986941,7200.390763467817,7032.115948577425,7120.681640625,1530400,0.0,0.0
2015-01-02,7120.681571201126,7519.227181529547,7102.968432964307,7474.9443359375,1749500,0.0,0.0
2015-01-02,7492.657467248305,7634.3625730118665,7412.948345256302,7510.37060546875,2527900,0.0,0.0
2015-01-02,7510.371524621212,7519.228094815341,7306.67041015625,7306.67041015625,1625100,0.0,0.0
2015-01-02,7288.957199664625,7315.52690999147,7138.3955078125,7138.3955078125,930800,0.0,0.0
2015-01-02,7085.255859375,7102.968999023438,6916.981032714844,7085.255859375,4497600,0.0,0.0
2015-01-02,7067.543568586143,7156.109277465668,7049.830426810237,7094.11328125,1715600,0.0,0.0
2015-01-02,7094.112429199219,7138.395278320313,7049.829580078125,7085.255859375,892300,0.0,0.0
2015-01-02,7049.82958984375,7120.682148535647,6996.690170824827,7049.82958984375,1405200,0.0,0.0
2015-01-02,7049.82958984375,7049.82958984375,7049.82958984375,7049.82958984375,0,0.0,0.0
2015-01-02,7049.82958984375,7049.82958984375,7049.82958984375,7049.82958984375,0,0.0,0.0
2015-01-02,7014.403310497802,7102.969008862672,6970.120461315366,7049.82958984375,411200,0.0,0.0
2015-01-02,7138.395028054862,7191.534445137157,7076.3990414588525,7102.96875,864100,0.0,0.0
2015-01-02,7076.399024643132,7173.821289062499,7076.399024643132,7173.8212890625,939300,0.0,0.0
2015-01-02,7173.821289062499,7173.821289062499,7173.821289062499,7173.8212890625,0,0.0,0.0
2015-01-02,7173.821289062499,7173.821289062499,7173.821289062499,7173.8212890625,0,0.0,0.0
2015-01-02,7129.539313025373,7138.39588360056,7067.543318999066,7111.826171875,1095100,0.0,0.0
2015-01-02,7156.108427881595,7156.108427881595,7023.259880334288,7049.82958984375,2248100,0.0,0.0
2015-01-02,7014.403271654114,7714.072284862037,6996.69013207923,7643.2197265625,3855300,0.0,0.0
2015-01-02,7731.786136325314,7838.064983560027,7377.523312209607,7386.3798828125,3383600,0.0,0.0
2015-01-02,7404.091372186438,7820.35009765625,7404.091372186438,7820.35009765625,2999300,0.0,0.0
2015-01-02,7864.6344915785085,7970.913336059299,7829.208210084911,7953.2001953125,2187000,0.0,0.0
2015-01-02,7953.201994185014,7953.201994185014,7705.217967640269,7793.78369140625,1712000,0.0,0.0
2015-01-02,7891.204797403926,8112.6190734253605,7784.925944913637,7979.7705078125,1828500,0.0,0.0
2015-01-02,7979.769436336904,7979.769436336904,7758.355190045646,7882.34716796875,543100,0.0,0.0
2015-01-02,7784.925430402603,7864.634564502288,7687.503155391876,7740.642578125,1098000,0.0,0.0
2015-01-02,7793.781875000001,7935.487000000001,7749.499023437501,7749.4990234375,1376500,0.0,0.0
2015-01-02,7829.206889719203,8041.764542833751,7829.206889719203,7944.34228515625,2225200,0.0,0.0
2015-01-02,7988.625209263392,8218.896002435064,7988.625209263392,8183.4697265625,2194500,0.0,0.0
2015-01-02,8289.74927228319,8351.745260430607,8041.7653196935225,8272.0361328125,1450400,0.0,0.0
2015-01-02,8094.90408216204,8183.469772338867,7926.629270826067,7935.48583984375,1272600,0.0,0.0
2015-01-02,7900.060307672051,7988.626006188553,7846.920888562149,7882.34716796875,1932600,0.0,0.0
2015-01-02,7882.34740663537,7970.91310783352,7882.34740663537,7900.060546875,1303000,0.0,0.0
2015-01-02,7802.63622881356,7935.484745762712,7802.63622881356,7838.0625,2234400,0.0,0.0
2015-01-02,7908.9150423728815,8032.906991525424,7820.349364406779,7838.0625,1809200,0.0,0.0
2015-01-02,7820.351712224685,7935.487128146453,7696.3597258473965,7740.642578125,1286400,0.0,0.0
2015-01-02,7793.7810255028735,7873.490149627334,7590.079930518139,7705.21533203125,1807600,0.0,0.0
2015-01-02,7758.35396535773,8077.190429687499,7758.35396535773,8077.1904296875,2636700,0.0,0.0
2015-01-02,8068.335017087092,8068.335017087092,7722.928797914318,7855.77734375,1628900,0.0,0.0
2015-01-02,7855.7774584138,7882.34716796875,7776.068329748947,7882.34716796875,895100,0.0,0.0
2015-01-02,7882.34716796875,7882.34716796875,7882.34716796875,7882.34716796875,0,0.0,0.0
2015-01-02,7891.203365039719,7908.91650390625,7838.0639484401245,7908.91650390625,885400,0.0,0.0
2015-01-02,7864.633913472379,7935.48647125141,7811.494495138107,7855.77734375,1176100,0.0,0.0
2015-01-02,7793.781875000001,7793.781875000001,7678.646460937501,7749.4990234375,1560000,0.0,0.0
2015-01-02,7793.780937867215,7793.780937867215,7439.518167964159,7536.9404296875,2191400,0.0,0.0
2015-01-02,7492.657453590465,7625.505990001643,7483.800884496386,7581.22314453125,1170900,0.0,0.0
2015-01-02,7652.076462765957,7678.646172706117,7483.801633144947,7492.658203125,1129200,0.0,0.0
2015-01-02,7581.223165358412,7607.7928727136405,7457.231197700681,7474.9443359375,701300,0.0,0.0
2015-01-02,7474.945843036358,7474.945843036358,7244.674999530499,7368.6669921875,2318800,0.0,0.0
2015-01-02,7448.374628582272,7492.657474174319,7430.661490345453,7474.9443359375,1268000,0.0,0.0
2015-01-02,7545.7968681549355,7784.924233695057,7545.7968681549355,7581.22314453125,2364100,0.0,0.0
2015-01-02,7687.50205533632,7793.780885594426,7669.788916959969,7784.92431640625,1394100,0.0,0.0
2015-01-02,7864.634542956025,8210.040789775041,7820.351690799742,8156.9013671875,3491400,0.0,0.0
2015-01-02,8183.47183866279,8378.31640625,8183.47183866279,8378.31640625,4532500,0.0,0.0
2015-01-02,8351.745052687467,8360.601622202512,8103.761106266205,8112.61767578125,1551700,0.0,0.0
2015-01-02,8077.191586809471,8086.04815653185,7829.207634582865,7855.77734375,1859400,0.0,0.0
2015-01-02,7864.632961180795,7953.19864768058,7660.931882231293,7678.64501953125,2182000,0.0,0.0
2015-01-02,7678.647015487938,7740.643012152777,7536.94188025402,7572.3681640625,1424700,0.0,0.0
2015-01-02,7545.7978515625,7687.502975535504,7528.084711065874,7545.7978515625,1583100,0.0,0.0
2015-01-02,7652.076541850221,8050.622195071586,7616.650261563877,8041.765625,2653500,0.0,0.0
2015-01-02,8032.908099038261,8103.760651179722,7838.06358064924,7935.48583984375,1457400,0.0,0.0
2015-01-02,7935.486827354261,7988.62624807315,7802.638275557035,7900.060546875,1698300,0.0,0.0
2015-01-02,7900.060546875,7900.060546875,7900.060546875,7900.060546875,0,0.0,0.0
2015-01-02,7935.48547979798,8006.338028724747,7838.063225023674,7891.20263671875,1471800,0.0,0.0
2015-01-02,7891.204254249796,8254.323641931323,7882.347683818539,8156.9013671875,2881700,0.0,0.0
2015-01-02,8201.184129249657,8254.323551253434,7891.204167560955,8059.47900390625,2092600,0.0,0.0
2015-01-02,8077.191842140558,8254.3232421875,8077.191842140558,8254.3232421875,1866700,0.0,0.0
2015-01-02,8201.182388037965,8236.608661852384,8077.190429687499,8077.1904296875,1336800,0.0,0.0
2015-01-02,8086.048703116452,8165.757836005881,8086.048703116452,8094.9052734375,7738000,0.0,0.0
2015-01-02,8112.618515031216,8272.036782793837,8112.618515031216,8156.9013671875,759200,0.0,0.0
2015-01-02,8227.753828253213,8236.610398574261,8086.048703116452,8094.9052734375,985100,0.0,0.0
2015-01-02,8077.1917699205915,8121.474619536384,7997.482640612165,8086.04833984375,1626500,0.0,0.0
2015-01-02,8121.474325284092,8289.749147727272,8121.474325284092,8280.892578125,1497000,0.0,0.0
2015-01-02,8272.036257368703,8307.462536843515,8236.609977893891,8263.1796875,1407200,0.0,0.0
2015-01-02,8112.61923889544,8617.44379852103,8112.61923889544,8449.1689453125,4996200,0.0,0.0
2015-01-02,8661.725016700339,8670.581586247068,8431.454208485402,8493.4501953125,2578600,0.0,0.0
2015-01-02,8502.307641806723,8520.020782727153,8325.176232602416,8431.455078125,2239600,0.0,0.0
2015-01-02,8431.455802869496,8511.16494386301,8413.742660426493,8449.1689453125,1813000,0.0,0.0
2015-01-02,8502.307993730408,8511.16456455721,8387.172572981975,8475.73828125,2043300,0.0,0.0
2015-01-02,8396.026974073344,8484.592659453865,8396.026974073344,8422.5966796875,2000300,0.0,0.0
2015-01-02,8458.0224609375,8520.018437090968,8440.309324893653,8458.0224609375,3085700,0.0,0.0
2015-01-02,8458.0224609375,8458.0224609375,8458.0224609375,8458.0224609375,0,0.0,0.0
2015-01-02,8446.398876719497,8475.45758845133,7913.655828302556,8097.6943359375,7059100,2045.0,0.0
2015-01-02,8136.439583655631,8175.184534053992,7758.67631727162,7826.47998046875,2478100,0.0,0.0
2015-01-02,7942.716981934218,7942.716981934218,7564.953613281249,7564.95361328125,3630800,0.0,0.0
2015-01-02,7710.245848991298,7768.363280013845,7613.383463953718,7652.12841796875,2383300,0.0,0.0
2015-01-02,7671.500812975889,7768.363196978109,7574.638428973668,7632.755859375,2703400,0.0,0.0
2015-01-02,7642.441618652343,7797.421423339843,7613.382905273437,7748.990234375,1787200,0.0,0.0
2015-01-02,7826.480593061506,7971.774168427746,7787.735639630509,7913.65673828125,2264500,0.0,0.0
2015-01-02,7913.656118865061,8010.518494860961,7768.36255487121,7826.47998046875,1571800,0.0,0.0
2015-01-02,7826.482188084477,7903.972110738778,7748.9922654301745,7768.36474609375,1391700,0.0,0.0
2015-01-02,7768.36474609375,7768.36474609375,7768.36474609375,7768.36474609375,0,0.0,0.0
2015-01-02,7787.737456927281,7865.227381871831,7632.757607038181,7642.44384765625,1889300,0.0,0.0
2015-01-02,7642.44384765625,7642.44384765625,7642.44384765625,7642.44384765625,0,0.0,0.0
2015-01-02,7671.501017511118,7690.873494828065,7574.638630926382,7623.06982421875,612900,0.0,0.0
2015-01-02,7671.501737189441,7836.167809831133,7623.070539353649,7797.4228515625,1363700,0.0,0.0
2015-01-02,7903.969881265471,7903.969881265471,7778.0487924708,7826.47998046875,915300,0.0,0.0
2015-01-02,7826.4822166640915,7874.913418499884,7748.992293726823,7836.16845703125,959800,0.0,0.0
2015-01-02,7787.737129098677,7884.599531201893,7700.560967205781,7865.22705078125,598800,0.0,0.0
2015-01-02,7855.539551392366,7855.539551392366,7719.9322101846055,7739.3046875,1087800,0.0,0.0
2015-01-02,7700.560491633818,7778.050408530762,7409.973303270277,7448.71826171875,1715300,0.0,0.0
2015-01-02,7448.718261718749,7448.718261718749,7448.718261718749,7448.71826171875,0,0.0,0.0
2015-01-02,7458.403852039757,7526.2075234219365,7216.247882817687,7293.73779296875,1836100,0.0,0.0
2015-01-02,7293.737796987525,7313.110274535965,7051.58182763203,7061.26806640625,2201900,0.0,0.0
2015-01-02,6983.777995016164,7109.699096174569,6906.288086610992,7022.52294921875,730300,0.0,0.0
2015-01-02,7041.896611166264,7177.503973692162,6974.092929903315,7012.837890625,1101800,0.0,0.0
2015-01-02,6974.091919456067,6974.091919456067,6780.367143915621,6945.033203125,1105200,0.0,0.0
2015-01-02,6945.032822870575,6954.719061117256,6547.897054756637,6567.26953125,1751400,0.0,0.0
2015-01-02,6547.8987956661895,6838.486020325931,6547.8987956661895,6760.99609375,2323500,0.0,0.0
2015-01-02,6741.621472837553,7216.247122505713,6625.386619857594,6886.9150390625,2479800,0.0,0.0
2015-01-02,6780.367024739583,6964.4055582682295,6683.504638671875,6857.85693359375,1201700,0.0,0.0
2015-01-02,6867.544086731133,6906.289046317768,6702.878008487933,6722.25048828125,944800,0.0,0.0
2015-01-02,6664.131996783089,6722.249426987592,6489.779706169577,6586.64208984375,1495400,0.0,0.0
2015-01-02,6586.642252604167,6770.6807861328125,6247.6239013671875,6276.6826171875,1058000,0.0,0.0
2015-01-02,6276.683389108243,6305.742108502263,5879.547557389975,6286.36962890625,1395700,0.0,0.0
2015-01-02,6286.368506791483,6702.876743759178,6286.368506791483,6596.328125,763100,0.0,0.0
2015-01-02,6567.269410792951,6722.2492198972095,6489.779506240822,6596.328125,436100,0.0,0.0
2015-01-02,6547.8971780613165,6693.190754497588,6528.524701203148,6654.44580078125,1132200,0.0,0.0
2015-01-02,6654.4459228515625,6702.877115885417,6547.897298177083,6625.38720703125,1245500,0.0,0.0
2015-01-02,6606.01513671875,6712.56376795615,6586.64265831195,6606.01513671875,390800,0.0,0.0
2015-01-02,6606.014566578585,6664.131996783089,6576.955851476333,6586.64208984375,487800,0.0,0.0
2015-01-02,6557.584734488224,6702.878340126811,6557.584734488224,6683.505859375,1163600,0.0,0.0
2015-01-02,6683.505859375,6683.505859375,6683.505859375,6683.505859375,0,0.0,0.0
2015-01-02,6702.877075717725,6819.111938302425,6547.897258938125,6790.05322265625,1200500,0.0,0.0
2015-01-02,6790.05322265625,6790.05322265625,6790.05322265625,6790.05322265625,0,0.0,0.0
2015-01-02,6790.05322265625,6790.05322265625,6790.05322265625,6790.05322265625,0,0.0,0.0
2015-01-02,6790.05322265625,6790.05322265625,6790.05322265625,6790.05322265625,0,0.0,0.0
2015-01-02,6790.05322265625,6790.05322265625,6790.05322265625,6790.05322265625,0,0.0,0.0
2015-01-02,6790.05322265625,6790.05322265625,6790.05322265625,6790.05322265625,0,0.0,0.0
2015-01-02,6790.053095559513,6954.719147805607,6499.465944536994,6586.64208984375,3941000,0.0,0.0
2015-01-02,6586.64208984375,6606.014566578585,6480.09346780216,6586.64208984375,4352200,0.0,0.0
2015-01-02,6586.642252604167,6644.759684244792,6557.5835367838545,6625.38720703125,1159700,0.0,0.0
2015-01-02,6586.64208984375,6673.818235150506,6538.210898006664,6586.64208984375,970500,0.0,0.0
2015-01-02,6586.642746698289,6635.073943365188,6451.035396030971,6509.15283203125,2394600,0.0,0.0
2015-01-02,6470.4074699786715,6557.583618526289,6470.4074699786715,6528.52490234375,1404500,0.0,0.0
2015-01-02,6586.64208984375,6625.38704331342,6528.524659639246,6586.64208984375,1283000,0.0,0.0
2015-01-02,6557.583172723935,6615.700601138032,6557.583172723935,6596.328125,1361900,0.0,0.0
2015-01-02,6596.328328211168,6615.700804946002,6518.838421271829,6586.64208984375,1199200,0.0,0.0
2015-01-02,6606.014566578585,6644.759520048254,6470.4072294347425,6586.64208984375,1995300,0.0,0.0
2015-01-02,6528.524458516887,6606.014363069016,6509.151982378854,6596.328125,1443100,0.0,0.0
2015-01-02,6586.643174913194,6974.0927734375,6567.270694986979,6974.0927734375,2417700,0.0,0.0
2015-01-02,7090.32666015625,7167.816569010417,6819.111979166667,6857.85693359375,2550900,0.0,0.0
2015-01-02,6896.601276810829,6974.091178797468,6809.425137075861,6886.9150390625,788600,0.0,0.0
2015-01-02,6964.406808532541,6964.406808532541,6799.74072265625,6799.74072265625,771300,0.0,0.0
2015-01-02,6799.738981142619,6915.973835521126,6722.249078223615,6906.28759765625,1015100,0.0,0.0
2015-01-02,6906.289388020833,6945.034349524456,6654.447138247282,6683.505859375,1534700,0.0,0.0
2015-01-02,6683.504679303093,6722.24963396572,6635.07348597481,6693.19091796875,1466500,0.0,0.0
2015-01-02,6586.643378679142,6770.681943671648,6586.643378679142,6664.13330078125,775200,0.0,0.0
2015-01-02,6819.112622893258,6935.3474971471205,6819.112622893258,6896.6025390625,1124600,0.0,0.0
2015-01-02,6877.230746759845,6896.603227736633,6693.192177480356,6702.87841796875,550100,0.0,0.0
2015-01-02,6770.6807861328125,6770.6807861328125,6664.132161458333,6741.6220703125,1315700,0.0,0.0
2015-01-02,6741.622717633929,6799.7401548549105,6741.622717633929,6780.36767578125,792600,0.0,0.0
2015-01-02,6809.426394391741,6838.4851130022325,6741.622717633929,6780.36767578125,1411000,0.0,0.0
2015-01-02,6741.623301630435,6780.368263134058,6644.760897871377,6683.505859375,1395500,0.0,0.0
2015-01-02,6702.877398672884,6751.30859375,6644.759964580345,6751.30859375,1001900,0.0,0.0
2015-01-02,6741.622354734577,6770.681071780847,6693.191159657461,6751.30859375,1226800,0.0,0.0
2015-01-02,6731.935790661284,6751.308267756713,6625.387166636429,6673.818359375,1442100,0.0,0.0
2015-01-02,6683.504597922713,6693.190836470428,6547.897258254717,6673.818359375,1787500,0.0,0.0
2015-01-02,6683.505702783345,6683.505702783345,6625.388261889577,6644.7607421875,718100,0.0,0.0
2015-01-02,6664.132244528932,6683.504721983957,6528.52490234375,6528.52490234375,1060700,0.0,0.0
2015-01-02,6528.524578263274,6586.642007743362,6528.524578263274,6567.26953125,823500,0.0,0.0
2015-01-02,6586.64265831195,6625.38761512555,6586.64265831195,6606.01513671875,635400,0.0,0.0
2015-01-02,6615.700722483407,6654.445675470132,6499.46586352323,6567.26953125,1330900,0.0,0.0
2015-01-02,6596.328328211168,6596.328328211168,6509.152182904412,6586.64208984375,986000,0.0,0.0
2015-01-02,6596.3277203628295,6615.7001953125,6538.210295513818,6615.7001953125,809000,0.0,0.0
2015-01-02,6625.387622434701,6625.387622434701,6489.7802734375,6489.7802734375,518800,0.0,0.0
2015-01-02,6509.152628157503,6528.525106217497,6499.466389127508,6518.8388671875,1769900,0.0,0.0
2015-01-02,6518.838663616237,6547.897379798776,6518.838663616237,6528.52490234375,841100,0.0,0.0
2015-01-02,6489.779947433698,6547.897379798776,6470.4074699786715,6528.52490234375,876200,0.0,0.0
2015-01-02,6528.52490234375,6528.52490234375,6441.348753796133,6528.52490234375,913800,0.0,0.0
2015-01-02,6509.153110397196,6509.153110397196,6218.56591796875,6218.56591796875,1116700,0.0,0.0
2015-01-02,6218.565351935708,6354.172696058917,6082.9580078125,6082.9580078125,1435100,0.0,0.0
2015-01-02,6044.213180566884,6131.389332209676,5927.978311709829,5937.66455078125,1535400,0.0,0.0
2015-01-02,6005.467517130399,6005.467517130399,5811.742758513289,5831.115234375,1611300,0.0,0.0
2015-01-02,5927.978452298421,5937.6646915995625,5676.13623046875,5676.13623046875,1174100,0.0,0.0
2015-01-02,5647.077446637834,5647.077446637834,5424.2939453125,5424.2939453125,2049900,0.0,0.0
2015-01-02,5521.156545239825,5559.901503452034,5375.862951944041,5414.60791015625,1488100,0.0,0.0
2015-01-02,5230.568683681204,5346.803543318563,5143.392538953183,5191.82373046875,1859300,0.0,0.0
2015-01-02,5230.56884765625,5414.6073811848955,4891.5504964192705,4998.09912109375,5722900,0.0,0.0
2015-01-02,5036.845137548263,5085.276340793919,4969.041453004344,5017.47265625,893700,0.0,0.0
2015-01-02,5075.588823742746,5094.961300169246,4988.412679823501,5007.78515625,1033500,0.0,0.0
2015-01-02,5036.843734248992,5036.843734248992,4775.315309586063,4804.3740234375,1917700,0.0,0.0
2015-01-02,4785.002164273648,4804.374642671518,4639.708576289631,4659.0810546875,2145000,0.0,0.0
2015-01-02,4659.081620810688,4910.923870584239,4649.395380434782,4678.4541015625,2971700,0.0,0.0
2015-01-02,4630.022540283203,4649.39501953125,4533.160144042969,4649.39501953125,950400,0.0,0.0
2015-01-02,4697.826533083055,4794.688935827036,4678.45405253426,4726.88525390625,1078200,0.0,0.0
2015-01-02,4746.256061078093,4910.922087686925,4736.56982421875,4736.56982421875,1405300,0.0,0.0
2015-01-02,4775.316188163908,4939.982263617836,4755.94370869874,4901.2373046875,1484400,0.0,0.0
2015-01-02,4998.099282602164,5056.2167161207935,4949.6680880033055,5036.84423828125,1731600,0.0,0.0
2015-01-02,5036.844840298695,5056.21732045369,4823.74755859375,4823.74755859375,937800,0.0,0.0
2015-01-02,4910.9231787012295,4939.981895734965,4843.119505622514,4872.17822265625,517000,0.0,0.0
2015-01-02,5027.15727483365,5133.705887595057,5007.784799786122,5094.9609375,1296200,0.0,0.0
2015-01-02,5114.334099264706,5433.97998046875,5046.530427494151,5433.97998046875,1848000,0.0,0.0
2015-01-02,5482.411809805568,5627.7054090053625,5482.411809805568,5588.96044921875,2357200,0.0,0.0
2015-01-02,5588.9604639655,5889.233903104027,5501.784304215605,5772.9990234375,2188500,0.0,0.0
2015-01-02,5772.999199484481,5792.371680019664,5627.70559547061,5695.50927734375,1128300,0.0,0.0
2015-01-02,5714.8809011084395,5811.74328926282,5647.077229400374,5666.44970703125,1120300,0.0,0.0
2015-01-02,5666.45030372308,5734.253982571048,5453.35302734375,5453.35302734375,1373200,0.0,0.0
2015-01-02,5443.665840063202,5443.665840063202,5143.392457426265,5172.451171875,1942800,0.0,0.0
2015-01-02,5240.255251776903,5298.372685253172,5114.334145911654,5153.0791015625,1381400,0.0,0.0
2015-01-02,5230.569012864192,5269.313968515037,5114.334145911654,5153.0791015625,893900,0.0,0.0
2015-01-02,5143.392491235493,5153.078729448743,5007.78515625,5007.78515625,1599600,0.0,0.0
2015-01-02,5007.785607192095,5036.844324448529,4920.609455422794,4939.98193359375,809000,0.0,0.0
2015-01-02,4939.981647698692,5007.785317372987,4814.060546875,4814.060546875,1564800,0.0,0.0
2015-01-02,4910.923719291228,4939.98243952372,4814.061318516253,4823.74755859375,796100,0.0,0.0
2015-01-02,4843.119303385417,5056.216552734375,4688.139485677083,4998.09912109375,2249000,0.0,0.0
2015-01-02,5056.217591884785,5056.217591884785,4881.865261130137,4949.6689453125,1190900,0.0,0.0
2015-01-02,5017.471927642822,5017.471927642822,4901.237056732178,4959.3544921875,844000,0.0,0.0
2015-01-02,4978.726520124507,5046.530188686514,4910.9228515625,4910.9228515625,842700,0.0,0.0
2015-01-02,4910.922640892767,4939.981354744204,4785.001547536543,4804.3740234375,776500,0.0,0.0
2015-01-02,4862.49280396731,4949.668969775488,4814.061600740543,4833.43408203125,626800,0.0,0.0
2015-01-02,4785.002616222993,4823.747576678241,4707.5126953125,4707.5126953125,829500,0.0,0.0
2015-01-02,4688.139932345361,4726.884890463917,4630.022495167525,4697.826171875,884300,0.0,0.0
2015-01-02,4794.688403472583,4804.374642671518,4649.394815488566,4659.0810546875,573000,0.0,0.0
2015-01-02,4707.512126323605,4746.257082095816,4659.080931608341,4688.1396484375,485600,0.0,0.0
2015-01-02,4804.3740234375,4833.432737288937,4726.8841198336695,4804.3740234375,530200,0.0,0.0
2015-01-02,4823.747386826828,4939.982263617836,4794.688667629076,4901.2373046875,638700,0.0,0.0
2015-01-02,4901.236934921117,4988.4130859375,4843.119500910195,4988.4130859375,1007300,0.0,0.0
2015-01-02,4988.412679823501,5027.157632676499,4959.353965183753,5007.78515625,530000,0.0,0.0
2015-01-02,5036.8435123574145,5104.647175023764,5007.784799786122,5094.9609375,783700,0.0,0.0
2015-01-02,5065.902955040565,5124.0203885591945,5017.471760441707,5036.84423828125,725100,0.0,0.0
2015-01-02,5056.2164270525145,5065.902665418515,4901.236613196499,4910.9228515625,1409200,0.0,0.0
2015-01-02,4930.296199446223,4939.98243952372,4804.375078438756,4823.74755859375,1064000,0.0,0.0
2015-01-02,4785.002774234694,4852.806457270408,4746.2578125,4746.2578125,2065200,0.0,0.0
2015-01-02,4785.002108226103,4969.040650850184,4785.002108226103,4939.98193359375,1256000,0.0,0.0
2015-01-02,4949.667600616695,4978.726314514641,4833.432745024914,4920.60888671875,831600,0.0,0.0
2015-01-02,4920.609135397305,5220.882527518007,4872.177943119773,5211.1962890625,2574400,0.0,0.0
2015-01-02,5308.0602430555555,5346.805208333333,5211.197829861111,5230.5703125,3205000,0.0,0.0
2015-01-02,5240.255780561514,5327.431939572704,5211.197060891118,5220.88330078125,2126100,0.0,0.0
2015-01-02,5249.942020451646,5298.373219902308,5211.197060891118,5220.88330078125,1511800,0.0,0.0
2015-01-02,5259.627024580793,5259.627024580793,5153.078410823171,5162.7646484375,1313600,0.0,0.0
2015-01-02,5191.823812151487,5249.941242884526,5172.451335240474,5211.1962890625,1285800,0.0,0.0
2015-01-02,5249.9414906896145,5259.627729602326,5065.902951348096,5153.0791015625,1974900,0.0,0.0
2015-01-02,5175.58203125,5247.180992156621,5042.612532423419,5175.58203125,1479400,705.0,0.0
2015-01-02,5196.0383125,5216.49515625,5114.2109375,5114.2109375,993500,0.0,0.0
2015-01-02,5114.211377910539,5318.779833026961,5103.982955154718,5216.49560546875,2010300,0.0,0.0
2015-01-02,5318.77914308563,5380.149671659695,5185.809664508489,5196.0380859375,1423700,0.0,0.0
2015-01-02,5196.0379284274195,5267.6368762600805,5032.383190524193,5073.296875,1694000,0.0,0.0
2015-01-02,5216.495190997456,5298.322566542514,5124.439393509266,5277.86572265625,2578200,0.0,0.0
2015-01-02,5277.866941495706,5400.608033158396,5185.811122748688,5359.6943359375,1632500,0.0,0.0
2015-01-02,5349.464581121056,5359.693002882282,5236.951941747573,5267.63720703125,1234800,0.0,0.0
2015-01-02,5257.40884375,5288.094109375,5093.75409375,5114.2109375,1861100,0.0,0.0
2015-01-02,5093.755003400177,5185.810816714638,5011.927613787323,5052.84130859375,1623300,0.0,0.0
2015-01-02,5052.841400331439,5124.440367542614,5032.384552556819,5063.06982421875,591500,0.0,0.0
2015-01-02,5093.754938844774,5114.211785988729,4981.242279553023,4991.470703125,932700,0.0,0.0
2015-01-02,4991.470143931536,5001.698566357624,4930.099609375,4930.099609375,1277900,0.0,0.0
2015-01-02,4950.5572509765625,4991.470947265625,4909.6435546875,4909.6435546875,1242700,0.0,0.0
2015-01-02,4919.871421331091,4919.871421331091,4838.04403802413,4848.2724609375,1443300,0.0,0.0
2015-01-02,4848.272727850461,4950.556962615239,4664.161105273862,4715.30322265625,2391300,0.0,0.0
2015-01-02,4745.988493085683,4817.5874574210275,4705.0747991797725,4715.30322265625,1519000,0.0,0.0
2015-01-02,4735.759220089532,4766.444485014518,4623.24658203125,4623.24658203125,5271500,0.0,0.0
2015-01-02,4664.159915453767,4684.616757188213,4480.04833984375,4480.04833984375,2114300,0.0,0.0
2015-01-02,4480.048384862588,4480.048384862588,4316.3936493424935,4326.6220703125,1362700,0.0,0.0
2015-01-02,4316.394801058222,4326.623224757412,4183.42529296875,4183.42529296875,1426200,0.0,0.0
2015-01-02,4183.425298713235,4347.080078125,4183.425298713235,4347.080078125,1276300,0.0,0.0
2015-01-02,4347.079252442594,4367.536095983501,4203.88134765625,4203.88134765625,1619400,0.0,0.0
2015-01-02,4224.3384004480695,4265.252089556526,4142.511022231158,4173.1962890625,1803200,0.0,0.0
2015-01-02,4214.10959738552,4255.02328279703,4132.2822265625,4132.2822265625,2482500,0.0,0.0
2015-01-02,4142.510647915377,4183.424333326888,4111.825383856745,4132.2822265625,2216300,0.0,0.0
2015-01-02,4152.739444508272,4214.109978170955,4152.739444508272,4173.1962890625,2784600,0.0,0.0
2015-01-02,4173.196734591014,4469.821012294787,4173.196734591014,4439.1357421875,5332700,0.0,0.0
2015-01-02,4377.765716054779,4531.1920846081,4357.308866914335,4387.994140625,3370400,0.0,0.0
2015-01-02,4387.9932571765985,4459.592214752907,4357.307989643895,4398.2216796875,1757800,0.0,0.0
2015-01-02,4428.907085159785,4551.648159113405,4408.4502395008485,4520.962890625,2328400,0.0,0.0
2015-01-02,4541.419484031593,4756.216351519574,4541.419484031593,4653.93212890625,3541600,0.0,0.0
2015-01-02,4745.987545038803,4745.987545038803,4500.5054306402435,4613.01806640625,1870800,0.0,0.0
2015-01-02,4582.333471302428,4664.160854718542,4541.419779594371,4633.4755859375,1474900,0.0,0.0
2015-01-02,4623.246789741092,4633.475211842288,4541.419412931515,4592.5615234375,1082800,0.0,0.0
2015-01-02,4633.475678431305,4643.7041015625,4561.876716512941,4643.7041015625,864900,0.0,0.0
2015-01-02,4643.703939894435,4653.932362669533,4561.876557693652,4572.10498046875,831300,0.0,0.0
2015-01-02,4572.104772135417,4653.9321506076385,4561.876349826389,4602.7900390625,729700,0.0,0.0
2015-01-02,4582.333101336303,4633.475211842288,4561.876257133908,4592.5615234375,532400,0.0,0.0
2015-01-02,4592.561960656659,4715.303037556168,4592.561960656659,4694.84619140625,1387600,0.0,0.0
2015-01-02,4684.61779408728,4684.61779408728,4592.5619859065255,4643.7041015625,866600,0.0,0.0
2015-01-02,4725.530929337687,4817.586726662447,4664.160397787847,4797.1298828125,1902800,0.0,0.0
2015-01-02,4797.130162125927,4919.871232372219,4735.759627002781,4827.8154296875,1353300,0.0,0.0
2015-01-02,4868.72900390625,4889.185848460478,4807.3584702435655,4868.72900390625,1004200,0.0,0.0
2015-01-02,4858.50041436234,4930.099367837153,4797.1298828125,4797.1298828125,1420400,0.0,0.0
2015-01-02,4797.130738595071,4858.501281093089,4786.902314845402,4838.04443359375,1452100,0.0,0.0
2015-01-02,4991.470036674063,5216.495325212648,4991.470036674063,5185.81005859375,4392600,0.0,0.0
2015-01-02,5308.550729130091,5482.4338936680715,5308.550729130091,5461.97705078125,3302800,0.0,0.0
2015-01-02,5523.3483794936565,5574.490494118598,5380.150458543821,5441.52099609375,2644100,0.0,0.0
2015-01-02,5318.77914308563,5359.692828801673,5083.525450218381,5196.0380859375,3030500,0.0,0.0
2015-01-02,5175.581243079479,5257.408614511565,5165.352821650467,5196.0380859375,1596900,0.0,0.0
2015-01-02,5196.0393376956945,5257.4098810543055,5175.582489909491,5226.724609375,742500,0.0,0.0
2015-01-02,5226.72460641572,5236.953030303031,5022.156128669508,5063.06982421875,763900,0.0,0.0
2015-01-02,5073.298402134774,5083.526826332626,4971.01416015625,4971.01416015625,604400,0.0,0.0
2015-01-02,4960.784782679314,4960.784782679314,4878.957404820686,4919.87109375,954600,0.0,0.0
2015-01-02,4940.328267157832,5022.155650464794,4827.81561511076,4848.2724609375,1422800,0.0,0.0
2015-01-02,4858.50081484542,4899.414505917802,4786.90185546875,4786.90185546875,693100,0.0,0.0
2015-01-02,4756.216756005644,4756.216756005644,4602.790409037721,4643.7041015625,903000,0.0,0.0
2015-01-02,4602.790248794044,4643.703939894435,4520.9628665932605,4572.10498046875,2068400,0.0,0.0
2015-01-02,4582.332855504587,4643.703384819381,4459.591796875,4459.591796875,2517600,0.0,0.0
2015-01-02,4459.592214752907,4490.27748228561,4336.851144622093,4398.2216796875,1403900,0.0,0.0
2015-01-02,4398.220980060634,4418.677821828358,4111.8251953125,4111.8251953125,2668400,0.0,0.0
2015-01-02,4111.8251953125,4255.023087686567,4009.5409864738804,4111.8251953125,3045400,0.0,0.0
2015-01-02,4132.283385929803,4234.567628155788,4122.054961707205,4152.740234375,1370400,0.0,0.0
2015-01-02,4244.794717451032,4316.393664492374,4244.794717451032,4275.47998046875,2809900,0.0,0.0
2015-01-02,4398.221821184679,4408.450244024644,4285.709169945071,4306.166015625,1858900,0.0,0.0
2015-01-02,4306.166133889764,4316.394557010642,4224.338748922737,4265.25244140625,1145100,0.0,0.0
2015-01-02,4255.0244766009855,4255.0244766009855,4132.283385929803,4152.740234375,1627900,0.0,0.0
2015-01-02,4142.511810152402,4193.653931265394,4101.598113262007,4152.740234375,1430800,0.0,0.0
2015-01-02,4193.653652295286,4203.8820758374695,4111.826263957817,4122.0546875,1471100,0.0,0.0
2015-01-02,4173.1970828201975,4173.1970828201975,4111.826537484606,4152.740234375,940400,0.0,0.0
2015-01-02,4132.282037080224,4162.967299731809,4101.596774428638,4111.8251953125,1156400,0.0,0.0
2015-01-02,4142.511160714286,4295.9375,4122.054315476191,4295.9375,1853300,0.0,0.0
2015-01-02,4306.165185100956,4490.276760710973,4306.165185100956,4480.04833984375,2077500,0.0,0.0
2015-01-02,4469.819837782118,4469.819837782118,4367.535630967882,4418.677734375,1313300,0.0,0.0
2015-01-02,4418.678686355835,4531.191338091748,4408.450263470752,4469.82080078125,1956000,0.0,0.0
2015-01-02,4439.134700982565,4439.134700982565,4285.708386432476,4326.6220703125,1617700,0.0,0.0
2015-01-02,4255.023877640845,4367.53652825154,4214.110186509683,4357.30810546875,1927500,0.0,0.0
2015-01-02,4336.8515713778415,4572.105312278054,4275.481030273438,4500.50634765625,3497200,0.0,0.0
2015-01-02,4357.308479890695,4572.105376786715,4357.308479890695,4561.876953125,2552400,0.0,0.0
2015-01-02,4572.103920865221,4643.702863697562,4306.164990345096,4510.7333984375,3220000,0.0,0.0
2015-01-02,4387.992884273022,4623.24658203125,4224.338138006429,4623.24658203125,3843400,0.0,0.0
2015-01-02,4561.875915948276,4592.561179956897,4377.764331896552,4449.36328125,2510300,0.0,0.0
2015-01-02,4449.363930818721,4582.3334276018095,4449.363930818721,4520.962890625,2895600,0.0,0.0
2015-01-02,4439.1346563748575,4582.332548515981,4428.906235507634,4480.04833984375,2944300,0.0,0.0
2015-01-02,4480.048639979931,4561.876012399656,4449.363375322535,4459.591796875,1200100,0.0,0.0
2015-01-02,4377.765095735912,4418.678788219425,4255.024018285372,4265.25244140625,2154300,0.0,0.0
2015-01-02,4091.3694371727747,4142.511555137435,3907.2578125,3907.2578125,2647400,0.0,0.0
2015-01-02,3866.3439350328945,4060.6839740953947,3866.3439350328945,3886.80078125,2336200,0.0,0.0
2015-01-02,3886.8007298519738,3948.171267691742,3692.460693359375,3692.460693359375,1714900,0.0,0.0
2015-01-02,3641.3183152532,3641.3183152532,3395.836181640625,3395.836181640625,1698600,0.0,0.0
2015-01-02,3354.9227505387935,3354.9227505387935,3160.5827131600217,3262.866943359375,2625200,0.0,0.0
2015-01-02,3273.0956375838923,3273.0956375838923,3037.8418886325503,3048.0703125,1195200,0.0,0.0
2015-01-02,2966.242280589591,2986.6991239040017,2843.501220703125,2843.501220703125,3494700,0.0,0.0
2015-01-02,2843.501662795608,2843.501662795608,2649.16162109375,2649.16162109375,2232900,0.0,0.0
2015-01-02,2598.0192962266597,2598.0192962266597,2465.0498046875,2465.0498046875,1769200,0.0,0.0
2015-01-02,2454.8212139423076,2843.501239483173,2311.623309795673,2792.359130859375,3412300,0.0,0.0
2015-01-02,2659.389762878418,2904.871894836426,2598.019229888916,2618.47607421875,4594000,0.0,0.0
2015-01-02,2618.4762687969924,2863.9584189967104,2618.4762687969924,2720.760498046875,2479700,0.0,0.0
2015-01-02,2761.674014820772,3191.2677504595586,2761.674014820772,3129.897216796875,3792300,0.0,0.0
2015-01-02,3232.181396484375,3477.663527862935,3150.354019358188,3232.181396484375,3502100,0.0,0.0
2015-01-02,3150.354422433036,3170.8112693319517,3007.156494140625,3007.156494140625,1966100,0.0,0.0
2015-01-02,3099.2119231047454,3314.0087890625,3007.156123408565,3314.0087890625,3905600,0.0,0.0
2015-01-02,3273.095100308642,3395.836166570216,3170.8108784239967,3314.0087890625,2045100,0.0,0.0
2015-01-02,3232.1813560439036,3354.9224201974694,3191.267667992715,3334.465576171875,904500,0.0,0.0
2015-01-02,3365.151123046875,3467.435351710914,3334.4658544476633,3365.151123046875,1097000,0.0,0.0
2015-01-02,3375.380031419837,3528.806396484375,3375.380031419837,3528.806396484375,1392400,0.0,0.0
2015-01-02,3539.034153053977,3682.2320667613635,3375.3793945312495,3375.37939453125,2041200,0.0,0.0
2015-01-02,3436.750328563084,3467.435599353826,3150.3544678494936,3283.323974609375,2377700,0.0,0.0
2015-01-02,3314.0091114229367,3314.0091114229367,3140.1259173050667,3160.582763671875,1547100,0.0,0.0
2015-01-02,3191.2681262600804,3201.4965497416833,3150.354432333669,3170.811279296875,1080400,0.0,0.0
2015-01-02,3170.811136179957,3273.0953663793107,3160.5827131600217,3262.866943359375,1540700,0.0,0.0
2015-01-02,3262.8666629066947,3314.0087736105615,3150.354019358188,3232.181396484375,1418300,0.0,0.0
2015-01-02,3232.1818152421356,3232.1818152421356,3078.7554632527936,3088.98388671875,873400,0.0,0.0
2015-01-02,3129.897402280337,3191.267939579951,3119.6689793970677,3150.354248046875,1106400,0.0,0.0
2015-01-02,3150.353736979167,3191.2674218750003,3058.2979459635417,3068.5263671875,1090100,0.0,0.0
2015-01-02,3048.069928362653,3048.069928362653,2874.1867445298844,2925.328857421875,1731600,0.0,0.0
2015-01-02,2894.6434824148237,2894.6434824148237,2782.1308382220213,2833.27294921875,1840800,0.0,0.0
2015-01-02,2843.501800865255,2925.3291908182123,2843.501800865255,2853.730224609375,1025800,0.0,0.0
2015-01-02,2853.730439559273,2956.0146847047668,2792.3598924719768,2823.045166015625,1568900,0.0,0.0
2015-01-02,2863.9586198833626,2915.1007380955657,2823.0449253136007,2904.872314453125,850800,0.0,0.0
2015-01-02,2904.87256213202,2945.786260190217,2812.8167415010753,2823.045166015625,1376100,0.0,0.0
2015-01-02,2833.27294921875,2874.1866380161323,2812.8161048200586,2833.27294921875,941600,0.0,0.0
2015-01-02,2853.729606628418,2986.6990865071616,2853.729606628418,2945.785400390625,2345300,0.0,0.0
2015-01-02,2904.871941266741,2956.014052908761,2843.5014072963168,2863.958251953125,846900,0.0,0.0
2015-01-02,2945.7856158088234,3140.1256390739886,2904.8719267003676,3129.897216796875,2988800,0.0,0.0
2015-01-02,3150.354075437898,3232.1814540207006,3129.897230792197,3211.724609375,3288400,0.0,0.0
2015-01-02,3201.496037171379,3273.0949900793653,3150.353927951389,3221.952880859375,3280300,0.0,0.0
2015-01-02,3252.6388549804688,3293.5525512695312,3170.8114624023438,3191.268310546875,2367400,0.0,0.0
2015-01-02,3191.267939579951,3283.323745529373,3150.354248046875,3150.354248046875,1421900,0.0,0.0
2015-01-02,3150.3540613511027,3191.2677504595586,3088.983527688419,3129.897216796875,755000,0.0,0.0
2015-01-02,3078.7548828125,3170.810676650747,3068.526461274917,3078.7548828125,930700,0.0,0.0
2015-01-02,3129.8972613360434,3150.3541061813767,2986.699347418708,3027.613037109375,878900,0.0,0.0
2015-01-02,3027.613262287621,3191.268033222087,3017.384839104217,3160.582763671875,1331900,0.0,0.0
2015-01-02,3181.039342406449,3252.638298666401,3181.039342406449,3211.724609375,1368700,0.0,0.0
2015-01-02,3211.7249401974755,3211.7249401974755,3119.66912980965,3140.1259765625,952900,0.0,0.0
2015-01-02,3170.8108784239967,3314.0087890625,3170.8108784239967,3314.0087890625,3255700,0.0,0.0
2015-01-02,3334.4657622546683,3395.8362977562883,3273.095226753049,3354.922607421875,2720800,0.0,0.0
2015-01-02,3354.922607421875,3426.521565507098,3324.2373396710655,3354.922607421875,3076500,0.0,0.0
2015-01-02,3365.1509000048227,3365.1509000048227,3273.095100308642,3314.0087890625,2493600,0.0,0.0
2015-01-02,3375.3792605779868,3477.6634805955014,3354.9224165744836,3467.43505859375,3981800,0.0,0.0
2015-01-02,3477.663567302585,3610.633056640625,3467.4351450458125,3610.633056640625,4258900,0.0,0.0
2015-01-02,3631.090029761905,3753.8311011904766,3610.6331845238096,3651.546875,5685700,0.0,0.0
2015-01-02,3682.232142857143,3702.6889880952385,3569.7194940476193,3651.546875,6492500,0.0,0.0
2015-01-02,3889.7388149527615,3889.7388149527615,3671.2141624273254,3758.6240234375,9295300,570.0,0.0
2015-01-02,3802.328977325259,3835.107675405649,3660.2879523102347,3693.066650390625,6073200,0.0,0.0
2015-01-02,3693.0663461775434,3714.918809764393,3452.6892467222,3463.615478515625,5596000,0.0,0.0
2015-01-02,3365.2791299143146,3518.246363092238,3365.2791299143146,3387.131591796875,2787600,0.0,0.0
2015-01-02,3376.2054751460164,3419.910400390625,3201.385774167582,3419.910400390625,3084400,0.0,0.0
2015-01-02,3452.6899688015674,3507.3211391939976,3299.7226917027638,3310.64892578125,2173500,0.0,0.0
2015-01-02,3365.2795208001594,3463.6156106936705,3365.2795208001594,3430.8369140625,2134600,0.0,0.0
2015-01-02,3463.6153256352336,3463.6153256352336,3387.1317064571685,3419.910400390625,1944000,0.0,0.0
2015-01-02,3419.9102846207156,3452.6889774445563,3387.131591796875,3387.131591796875,1661500,0.0,0.0
2015-01-02,3408.9847602184254,3408.9847602184254,3157.681396484375,3157.681396484375,18816500,0.0,0.0
2015-01-02,3234.164905152592,3288.7960690909804,3190.459974001881,3266.943603515625,10095500,0.0,0.0
2015-01-02,3277.8697245829812,3310.648421828811,3234.164794921875,3234.164794921875,3283100,0.0,0.0
2015-01-02,3256.017259752428,3277.8697245829812,3234.164794921875,3234.164794921875,3267200,0.0,0.0
2015-01-02,3234.1643578178696,3234.1643578178696,3157.6807412478524,3179.533203125,3901400,0.0,0.0
2015-01-02,3234.164567618535,3234.164567618535,3146.7547144396553,3168.607177734375,2878600,0.0,0.0
2015-01-02,3190.4600961018596,3190.4600961018596,3113.9764636610616,3157.681396484375,2348500,0.0,0.0
2015-01-02,3201.3866456797427,3201.3866456797427,3103.050537109375,3103.050537109375,4574900,0.0,0.0
2015-01-02,3124.9022511449357,3190.459641029095,3081.197324555496,3168.607177734375,4387700,0.0,0.0
2015-01-02,3201.386267006803,3266.9436649659865,3190.4600340136058,3212.3125,5531700,0.0,0.0
2015-01-02,3245.091409416329,3266.943876819806,3201.386474609375,3201.386474609375,2225300,0.0,0.0
2015-01-02,3234.1650752314813,3256.0175419560187,3201.386375144676,3245.09130859375,1959600,0.0,0.0
2015-01-02,3277.8700086805557,3321.5749421296296,3234.1650752314813,3245.09130859375,2514900,0.0,0.0
2015-01-02,3256.0173707279473,3266.943603515625,3212.3124395772365,3266.943603515625,3035800,0.0,0.0
2015-01-02,3288.7963922674007,3441.7636663263493,3266.943924544694,3365.280029296875,10393800,0.0,0.0
2015-01-02,3299.722512059564,3365.2799129614095,3245.0913446413592,3256.017578125,4024300,0.0,0.0
2015-01-02,3256.016820501512,3398.057822738155,3190.4594348538308,3387.131591796875,5981700,0.0,0.0
2015-01-02,3408.9843557889344,3408.9843557889344,3332.500732421875,3332.500732421875,4401000,0.0,0.0
2015-01-02,3376.205981524837,3398.0584474246743,3354.353515625,3354.353515625,2254100,0.0,0.0
2015-01-02,3365.279748574919,3376.205981524837,3332.501049725163,3354.353515625,1981800,0.0,0.0
2015-01-02,3387.1319852209394,3540.099236166401,3343.427056379379,3430.8369140625,9901300,0.0,0.0
2015-01-02,3496.3945439739414,3496.3945439739414,3354.353515625,3354.353515625,3068200,0.0,0.0
2015-01-02,3398.0583863869692,3430.837084647937,3365.279688126002,3408.984619140625,2970900,0.0,0.0
2015-01-02,3452.6889774445563,3463.6152083858365,3376.205360855595,3387.131591796875,2790300,0.0,0.0
2015-01-02,3408.9845233386077,3529.1730802511865,3387.1320584454115,3452.689453125,5518500,0.0,0.0
2015-01-02,3452.689612174267,3452.689612174267,3343.4272826750816,3354.353515625,3677500,0.0,0.0
2015-01-02,3365.279266357422,3496.39404296875,3354.3530349731445,3496.39404296875,6373500,0.0,0.0
2015-01-02,3518.24658203125,3649.3613614858305,3507.3203504100347,3518.24658203125,6011200,0.0,0.0
2015-01-02,3551.0255451443827,3551.0255451443827,3419.9107557852058,3452.689453125,2774000,0.0,0.0
2015-01-02,3452.689453125,3474.541918018196,3408.9845233386077,3452.689453125,3453200,0.0,0.0
2015-01-02,3452.6895743974674,3474.5420400582107,3234.1649177900326,3343.42724609375,4671500,0.0,0.0
2015-01-02,3343.4275968977545,3398.058766781705,3321.5751289441746,3376.206298828125,1970400,0.0,0.0
2015-01-02,3354.3538308745447,3408.985000758495,3266.943959060224,3376.206298828125,4259300,0.0,0.0
2015-01-02,3387.1324038131856,3496.3947394200627,3387.1324038131856,3485.468505859375,3150500,0.0,0.0
2015-01-02,3474.5418429040606,3496.3943073248406,3408.9844496417195,3430.8369140625,2027400,0.0,0.0
2015-01-02,3463.615934054984,3758.6242312773325,3441.763467594069,3747.697998046875,12694300,0.0,0.0
2015-01-02,3747.6977007054575,3791.4026301597482,3616.582912342584,3660.287841796875,7418200,0.0,0.0
2015-01-02,3660.288213641827,3660.288213641827,3529.1734119591347,3551.02587890625,6189000,0.0,0.0
2015-01-02,3551.0254652857416,3638.4353228927753,3529.173000883983,3572.8779296875,3425000,0.0,0.0
2015-01-02,3583.804579326923,3605.6570462740383,3540.0996454326923,3551.02587890625,2854500,0.0,0.0
2015-01-02,3551.0257441823073,3627.509375595465,3551.0257441823073,3583.804443359375,2321800,0.0,0.0
2015-01-02,3583.804443359375,3627.509375595465,3540.099511123285,3583.804443359375,4469000,0.0,0.0
2015-01-02,3583.804369967408,3605.6568356379407,3529.1732057910754,3561.951904296875,2684800,0.0,0.0
2015-01-02,3572.878113528332,3627.50927734375,3561.9518807652485,3627.50927734375,3883000,0.0,0.0
2015-01-02,3649.36188906715,3758.624221075149,3627.5094226655506,3671.21435546875,5773700,0.0,0.0
2015-01-02,3693.0664809283085,3769.5501062729777,3671.2140165441174,3714.9189453125,4373600,0.0,0.0
2015-01-02,3714.9190929324127,3835.1076518214027,3714.9190929324127,3758.6240234375,4349900,0.0,0.0
2015-01-02,3802.328962896526,3824.181428200529,3605.6567751604985,3616.5830078125,5923000,0.0,0.0
2015-01-02,3671.214234104046,3780.4765625,3583.8043713872835,3780.4765625,4708300,0.0,0.0
2015-01-02,3714.9192371587646,3867.886499865302,3714.9192371587646,3802.3291015625,5411900,0.0,0.0
2015-01-02,3802.329028179191,3824.1814938583816,3725.845398302023,3780.4765625,2297100,0.0,0.0
2015-01-02,3736.771409696691,3736.771409696691,3660.287784352022,3714.9189453125,1790300,0.0,0.0
2015-01-02,3714.9187768411916,3769.5499353241503,3660.287618358233,3736.771240234375,2388400,0.0,0.0
2015-01-02,3736.771240234375,3791.4023987173337,3725.8450085377835,3736.771240234375,1861000,0.0,0.0
2015-01-02,3693.0665388875937,3703.9927712511662,3638.43537706973,3660.287841796875,2986700,0.0,0.0
2015-01-02,3627.509274213742,3627.509274213742,3408.984619140625,3408.984619140625,7230600,0.0,0.0
2015-01-02,3310.6482355291196,3638.4351895419036,3277.869540127841,3605.656494140625,4721100,0.0,0.0
2015-01-02,3649.3616094333024,3693.0665388875937,3638.43537706973,3660.287841796875,1536000,0.0,0.0
2015-01-02,3671.2141850036983,3703.9928830840886,3627.509254229845,3693.066650390625,2128200,0.0,0.0
2015-01-02,3693.0668218703495,3714.9192882719494,3627.5094226655506,3671.21435546875,1707100,0.0,0.0
2015-01-02,3714.9191394484187,3736.771604974586,3605.656811817583,3627.50927734375,1223700,0.0,0.0
2015-01-02,3703.9929441159907,3714.919176989489,3616.583081128003,3638.435546875,1370700,0.0,0.0
2015-01-02,3649.3617057685046,3693.066636376511,3616.5830078125,3616.5830078125,1630700,0.0,0.0
2015-01-02,3561.9519167605104,3671.2142454954956,3518.2469852665163,3638.435546875,2720300,0.0,0.0
2015-01-02,3671.214095744681,3682.1403281724924,3561.9517714665653,3594.73046875,2069200,0.0,0.0
2015-01-02,3561.95150851611,3594.730203379755,3507.3203504100347,3518.24658203125,1996400,0.0,0.0
2015-01-02,3561.9516974866206,3594.7303940892584,3540.099233084862,3572.8779296875,1024700,0.0,0.0
2015-01-02,3627.5086862664475,3627.5086862664475,3529.172607421875,3529.172607421875,909500,0.0,0.0
2015-01-02,3561.9516974866206,3660.2877872945337,3540.099233084862,3572.8779296875,2346900,0.0,0.0
2015-01-02,3561.951904296875,3605.6568356379407,3518.246972955809,3561.951904296875,866600,0.0,0.0
2015-01-02,3572.8782103003523,3605.65690947742,3551.0257441823073,3583.804443359375,1343200,0.0,0.0
2015-01-02,3605.6570462740383,3616.583279747596,3485.4684780649036,3551.02587890625,1457900,0.0,0.0
2015-01-02,3551.0250693873354,3561.951300370066,3518.2463764391446,3529.172607421875,842600,0.0,0.0
2015-01-02,3561.9521123798077,3572.8783458533653,3540.0996454326923,3551.02587890625,1171100,0.0,0.0
2015-01-02,3551.0255978431233,3594.7305282781153,3529.1731326256267,3540.099365234375,912700,0.0,0.0
2015-01-02,3583.804579326923,3594.7308128004806,3540.0996454326923,3551.02587890625,1038400,0.0,0.0
2015-01-02,3561.951830451871,3572.8780630606193,3529.1731326256267,3540.099365234375,1262600,0.0,0.0
2015-01-02,3540.099511123285,3583.804443359375,3540.099511123285,3583.804443359375,1042200,0.0,0.0
2015-01-02,3583.804443359375,3583.804443359375,3496.394578887195,3583.804443359375,4365300,0.0,0.0
2015-01-02,3561.9517714665653,3605.6567011778116,3540.099306610942,3594.73046875,2232600,0.0,0.0
2015-01-02,3594.7305282781153,3638.4354587131074,3540.099365234375,3540.099365234375,2211800,0.0,0.0
2015-01-02,3540.0994152390813,3638.4355101068336,3529.1731824759977,3627.50927734375,3078600,0.0,0.0
2015-01-02,3627.509254229845,3703.9928830840886,3627.509254229845,3693.066650390625,3508900,0.0,0.0
2015-01-02,3693.0665012747945,3703.992733527087,3627.5091077610405,3649.361572265625,3527100,0.0,0.0
2015-01-02,3693.066560600304,3693.066560600304,3594.73046875,3594.73046875,1526400,0.0,0.0
2015-01-02,3605.6564350009703,3616.5826666221856,3518.24658203125,3518.24658203125,7631900,0.0,0.0
2015-01-02,3540.0988384046054,3561.951300370066,3529.172607421875,3529.172607421875,944900,0.0,0.0
2015-01-02,3518.247178485577,3583.804579326923,3518.247178485577,3551.02587890625,2706700,0.0,0.0
2015-01-02,3551.02587890625,3583.804579326923,3518.247178485577,3551.02587890625,1842100,0.0,0.0
2015-01-02,3583.8040305397726,3671.2138849431817,3583.8040305397726,3605.656494140625,3532200,0.0,0.0
2015-01-02,3627.50927734375,3660.2879756330008,3616.5830445806664,3627.50927734375,1672400,0.0,0.0
2015-01-02,3649.3617057685046,3660.287938420506,3594.730542508497,3616.5830078125,1830300,0.0,0.0
2015-01-02,3649.361572265625,3660.2878045179173,3616.582875508748,3649.361572265625,1702100,0.0,0.0
2015-01-02,3682.1400817514163,3747.697471930967,3660.287618358233,3736.771240234375,4319000,0.0,0.0
2015-01-02,3791.402930968705,3802.329164199162,3725.8455315859605,3747.697998046875,5578600,0.0,0.0
2015-01-02,3830.194580078125,3830.194580078125,3762.2029603134247,3830.194580078125,5287900,307.0,0.0
2015-01-02,3830.1948614484054,3886.8545487479378,3796.199049068686,3864.190673828125,5119900,0.0,0.0
2015-01-02,3875.52197265625,3920.8497150264984,3864.1900370636877,3875.52197265625,2237300,0.0,0.0
2015-01-02,3852.8578136522865,3852.8578136522865,3818.862009414178,3841.52587890625,1647300,0.0,0.0
2015-01-02,3864.190178839715,4124.82470703125,3864.190178839715,4124.82470703125,8581100,0.0,0.0
2015-01-02,4204.14795722336,4306.1353739754095,4136.156346055328,4147.48828125,6809200,0.0,0.0
2015-01-02,4147.488957944124,4238.144454292629,4147.488957944124,4170.15283203125,2770700,0.0,0.0
2015-01-02,4170.1525243309,4759.413207116788,4158.820588123479,4657.42578125,12185400,0.0,0.0
2015-01-02,4691.421603198122,4952.056136709129,4555.438368322814,4600.76611328125,6548300,0.0,0.0
2015-01-02,4668.7575985863095,4804.740829613095,4634.761790829613,4759.4130859375,5758800,0.0,0.0
2015-01-02,4895.396564640411,5031.37980254709,4850.068818671519,4963.38818359375,8011300,0.0,0.0
2015-01-02,5076.70703125,5677.299604143415,4963.387677873884,5076.70703125,13020300,0.0,0.0
2015-01-02,5258.018665081521,5405.33384319803,5144.699297299592,5212.69091796875,5903800,0.0,0.0
2015-01-02,5326.009176391087,5427.996586151767,5246.685635466113,5371.3369140625,5450200,0.0,0.0
2015-01-02,5529.985776479008,6413.876945670324,5439.330271946565,5937.935546875,31753000,0.0,0.0
2015-01-02,6164.573511096014,6379.880306520324,5960.5986522729845,6255.22900390625,15724500,0.0,0.0
2015-01-02,6391.211472557773,6776.497270548844,6289.224055442489,6742.50146484375,13603400,0.0,0.0
2015-01-02,6912.48109139052,7116.455943267617,6708.506239513423,6753.833984375,19555500,0.0,0.0
2015-01-02,6980.472401494565,7003.136272927989,6753.833687160326,6776.49755859375,10424800,0.0,0.0
2015-01-02,6889.81701272955,6969.1405638629485,6776.49765396755,6787.82958984375,8669500,0.0,0.0
2015-01-02,6889.816926644182,6889.816926644182,6685.842083421164,6719.837890625,8973600,0.0,0.0
2015-01-02,6708.506716008772,6719.838653029057,6391.212479440789,6459.2041015625,12725200,0.0,0.0
2015-01-02,6538.526355541951,6685.841507399915,6527.194420783646,6651.845703125,7534300,0.0,0.0
2015-01-02,6799.162153764204,7025.800892223011,6799.162153764204,6980.47314453125,10132600,0.0,0.0
2015-01-02,7025.800717107964,7071.128463669951,6833.15779421952,6901.1494140625,7160100,0.0,0.0
2015-01-02,7014.467885502049,7048.463691086065,6878.484663165984,6912.48046875,5551200,0.0,0.0
2015-01-02,6912.4804024299665,6912.4804024299665,6640.513960367148,6674.509765625,8846300,0.0,0.0
2015-01-02,6697.173723903624,6787.829205783876,6674.509853433561,6742.50146484375,4811200,0.0,0.0
2015-01-02,6742.501740969631,6867.153033659826,6617.850448279436,6833.1572265625,5778700,0.0,0.0
2015-01-02,6810.49373443657,6810.49373443657,6436.539835540719,6470.53564453125,5631600,0.0,0.0
2015-01-02,6481.867975603071,6651.847030907346,6028.590494791667,6459.2041015625,7554500,0.0,0.0
2015-01-02,6470.53544207317,6561.190929878048,6357.2160823170725,6504.53125,2890300,0.0,0.0
2015-01-02,6572.5230715028465,6651.846625814087,6436.539835540719,6470.53564453125,2572200,0.0,0.0
2015-01-02,6459.203052727324,6459.203052727324,6164.5727380415165,6277.89208984375,6034000,0.0,0.0
2015-01-02,6255.227936126374,6255.227936126374,5869.942157451923,6187.236328125,8796600,0.0,0.0
2015-01-02,6187.237114401425,6277.8926032571235,6051.2538811178765,6164.5732421875,3562100,0.0,0.0
2015-01-02,6073.918400297619,6073.918400297619,5892.60740327381,5949.26708984375,6643200,0.0,0.0
2015-01-02,5892.607258812616,6164.573747680891,5620.640769944342,6107.9140625,11828000,0.0,0.0
2015-01-02,6300.556475471048,6436.539708754595,6119.245497759651,6164.5732421875,7736000,0.0,0.0
2015-01-02,6345.88407526643,6425.20762620726,6243.896652628219,6379.8798828125,6480900,0.0,0.0
2015-01-02,6391.21142578125,6470.534971845911,6255.228203956117,6391.21142578125,3789400,0.0,0.0
2015-01-02,6663.177934695513,6821.825028378739,6493.198905749199,6629.18212890625,7977700,0.0,0.0
2015-01-02,6708.505965667518,6731.169837173151,6481.8672506111825,6663.17822265625,5214400,0.0,0.0
2015-01-02,6663.179278306558,6663.179278306558,6368.548902054908,6436.54052734375,3542500,0.0,0.0
2015-01-02,6345.88379786036,6515.862828160191,6255.2283150337835,6289.22412109375,4230300,0.0,0.0
2015-01-02,6255.229243970316,6289.22505507885,6051.25437731911,6107.9140625,3273700,0.0,0.0
2015-01-02,5983.261504120879,6187.236328125,5960.597634787088,6187.236328125,2595600,0.0,0.0
2015-01-02,6255.22853724631,6300.556280269834,6096.581436663976,6141.9091796875,1815600,0.0,0.0
2015-01-02,6141.909224586925,6141.909224586925,5892.606636135058,5915.2705078125,3321700,0.0,0.0
2015-01-02,5915.270947844615,5915.270947844615,5665.968340847332,5733.9599609375,3686400,0.0,0.0
2015-01-02,5733.959591533577,5915.270566759935,5473.325064645686,5631.97216796875,4250500,0.0,0.0
2015-01-02,5654.635477530856,5745.290956128545,5314.677432789522,5394.0009765625,7559300,0.0,0.0
2015-01-02,5303.34530755538,5631.971405673128,5258.017569883967,5371.3369140625,7450000,0.0,0.0
2015-01-02,5484.6568239795915,5597.976179846939,5348.6735969387755,5552.6484375,5322300,0.0,0.0
2015-01-02,5484.656711861223,5654.6357421875,5371.337358310371,5654.6357421875,3831300,0.0,0.0
2015-01-02,5643.30474209045,5677.300553789791,5427.997934661296,5473.32568359375,4453300,0.0,0.0
2015-01-02,5461.993705667826,5461.993705667826,5224.02302554537,5292.0146484375,5696900,0.0,0.0
2015-01-02,5280.6819929929125,5529.984576353093,5258.018121778351,5495.98876953125,5801600,0.0,0.0
2015-01-02,5575.312662760417,5801.951388888889,5552.648790147569,5711.2958984375,4704800,0.0,0.0
2015-01-02,5892.606366650295,5937.93410793222,5733.959272163556,5767.955078125,2670300,0.0,0.0
2015-01-02,5824.61466552249,5869.942406110214,5575.31209229001,5699.96337890625,2971200,0.0,0.0
2015-01-02,5699.963580078124,5745.291322265624,5563.980353515624,5665.9677734375,1601300,0.0,0.0
2015-01-02,5665.968493605213,5892.607233349421,5586.644934694739,5869.943359375,2517600,0.0,0.0
2015-01-02,5892.606464460784,6005.925819546568,5779.287109375,5779.287109375,3191200,0.0,0.0
2015-01-02,5779.286820451183,5835.946495161489,5688.631340914694,5745.291015625,1667600,0.0,0.0
2015-01-02,5745.291735197368,5767.955607920041,5563.980753415992,5597.9765625,1388700,0.0,0.0
2015-01-02,5688.631773646476,5688.631773646476,5484.656929173097,5507.32080078125,1990900,0.0,0.0
2015-01-02,5507.320504610656,5529.984375,5427.996958247951,5529.984375,1401100,0.0,0.0
2015-01-02,5541.317489833048,5801.95205479452,5529.985552226028,5790.6201171875,3342100,0.0,0.0
2015-01-02,5790.620200722377,5801.952138492871,5541.317569771512,5563.9814453125,3169200,0.0,0.0
2015-01-02,5563.980383174936,5575.312318782217,5484.656833923969,5495.98876953125,1902800,0.0,0.0
2015-01-02,5541.3159220041325,5620.639462809917,5484.65625,5484.65625,1985800,0.0,0.0
2015-01-02,5439.328893442623,5552.648245389344,5371.3372822745905,5529.984375,2693000,0.0,0.0
2015-01-02,5529.984285853216,5575.312025901193,5450.660740769255,5461.99267578125,1775600,0.0,0.0
2015-01-02,5552.649454752604,5586.645267740885,5416.666202799479,5439.330078125,3451000,0.0,0.0
2015-01-02,5518.652358081106,5518.652358081106,5405.3330078125,5405.3330078125,1639700,0.0,0.0
2015-01-02,5394.0009765625,5484.65645516019,5348.673237263655,5394.0009765625,3199200,0.0,0.0
2015-01-02,5371.338208478319,5416.665957073073,5280.682711288811,5292.0146484375,2568600,0.0,0.0
2015-01-02,5360.005184582887,5382.669054285139,5258.017770922747,5280.681640625,2089700,0.0,0.0
2015-01-02,5337.34202822223,5371.337837319186,5190.02685546875,5190.02685546875,3188100,0.0,0.0
2015-01-02,5190.027249726477,5280.682747538293,5178.6953125,5178.6953125,1308800,0.0,0.0
2015-01-02,5201.358683796672,5360.005789620535,5190.026747666396,5235.3544921875,2865700,0.0,0.0
2015-01-02,5280.682305430761,5427.99747704149,5190.026815208774,5360.005859375,3275900,0.0,0.0
2015-01-02,5382.66943359375,5439.329111842106,5326.009755345395,5382.66943359375,1887100,0.0,0.0
2015-01-02,5394.001282649254,5405.333218117004,5292.013863439499,5314.677734375,1047800,0.0,0.0
2015-01-02,5394.002378755092,5609.309196394475,5371.338503214104,5563.9814453125,4792500,0.0,0.0
2015-01-02,5563.980363202336,5654.635847735164,5450.6610075363005,5609.30810546875,3925100,0.0,0.0
2015-01-02,5722.627257075175,5813.2827383753765,5620.63984061245,5643.3037109375,4428700,0.0,0.0
2015-01-02,5779.287707664279,5983.262567934783,5665.968340847332,5733.9599609375,5376300,0.0,0.0
2015-01-02,5665.968616556677,5688.632491022903,5450.661809127523,5473.32568359375,2994000,0.0,0.0
2015-01-02,5450.661827438546,5518.653451065638,5360.00632926909,5416.666015625,2311000,0.0,0.0
2015-01-02,5461.992763831967,5541.316310194672,5394.001152663935,5529.984375,1605700,0.0,0.0
2015-01-02,5575.312018737166,5586.6439537346,5473.324603760267,5518.65234375,1129600,0.0,0.0
2015-01-02,5507.32012707674,5507.32012707674,5360.0049796446465,5371.3369140625,1233900,0.0,0.0
2015-01-02,5405.33405702954,5405.33405702954,5178.6953125,5178.6953125,2868100,0.0,0.0
2015-01-02,5212.691180889424,5371.338303786058,5201.359243539664,5303.3466796875,1623400,0.0,0.0
2015-01-02,5348.6733821358275,5756.623046875,5337.3414470041835,5756.623046875,6388900,0.0,0.0
2015-01-02,5756.623054640904,5767.954989787835,5575.31209229001,5699.96337890625,3102900,0.0,0.0
2015-01-02,5575.312662760417,5722.627834743924,5541.3168538411455,5711.2958984375,1677200,0.0,0.0
2015-01-02,5711.295314053181,5745.291119493973,5620.639832877734,5699.96337890625,1409300,0.0,0.0
2015-01-02,5688.631654434975,5722.627461134785,5586.644234335543,5609.30810546875,1498200,0.0,0.0
2015-01-02,5609.307738232012,5665.967412355567,5382.669041737789,5394.0009765625,1797700,0.0,0.0
2015-01-02,5382.670241135817,5473.3257399338945,5303.3466796875,5303.3466796875,2755200,0.0,0.0
2015-01-02,5348.674374029503,5495.989558059977,5348.674374029503,5473.32568359375,1106400,0.0,0.0
2015-01-02,5607.538096174005,5607.538096174005,5423.684388102725,5481.138671875,1497500,167.0,0.0
2015-01-02,5492.629528629455,5504.12038538391,5377.720961084906,5481.138671875,904300,0.0,0.0
2015-01-02,5492.629799494667,5917.791520376054,5469.648084852431,5791.39208984375,5021800,0.0,0.0
2015-01-02,5791.391517857142,5802.882374043367,5573.065250318878,5630.51953125,1077900,0.0,0.0
2015-01-02,5550.084068769291,5607.538355195474,5538.593211484053,5584.556640625,696800,0.0,0.0
2015-01-02,5584.557538334627,5619.030115731754,5492.630665275621,5550.0849609375,743900,0.0,0.0
2015-01-02,5469.648947010869,5596.048397467003,5469.648947010869,5550.0849609375,750500,0.0,0.0
2015-01-02,5550.083724782437,5550.083724782437,5423.684302478903,5446.666015625,1050100,0.0,0.0
2015-01-02,5446.666419934316,5504.120707064424,5377.721275378185,5412.19384765625,706800,0.0,0.0
2015-01-02,5412.193664037881,5492.629663291098,5412.193664037881,5469.64794921875,434100,0.0,0.0
2015-01-02,5492.630586751302,5596.048317464193,5481.139727783204,5515.6123046875,1584500,0.0,0.0
2015-01-02,5538.593227796052,5538.593227796052,5412.193797286184,5458.1572265625,1903400,0.0,0.0
2015-01-02,5435.175511924342,5469.648083881579,5400.702939967105,5458.1572265625,1040500,0.0,0.0
2015-01-02,5492.629083806818,5596.046786221591,5446.665660511364,5561.57421875,1228500,0.0,0.0
2015-01-02,5561.575740559896,5573.066599527995,5492.630586751302,5515.6123046875,577300,0.0,0.0
2015-01-02,5573.06591796875,5699.465351159794,5538.593345280284,5573.06591796875,1280300,0.0,0.0
2015-01-02,5642.0102990246405,5699.464579055441,5561.57430698152,5596.046875,1337800,0.0,0.0
2015-01-02,5630.5204544376265,5699.465602859312,5584.557022156503,5676.48388671875,1687100,0.0,0.0
2015-01-02,5791.392073725729,6009.718362219357,5791.392073725729,5917.79150390625,7472800,0.0,0.0
2015-01-02,5975.24609375,6193.572393329327,5883.319230769231,5975.24609375,7422700,0.0,0.0
2015-01-02,5975.24569042782,6021.2091188157265,5894.809690748984,6009.71826171875,2261300,0.0,0.0
2015-01-02,6009.7194131451815,6021.210272443738,5825.865664368273,5871.8291015625,2014400,0.0,0.0
2015-01-02,5871.828040415847,5963.754898191437,5756.919468196358,5837.35546875,1954900,0.0,0.0
2015-01-02,5929.282190109283,5975.245617939588,5768.410192703217,5848.84619140625,1502300,0.0,0.0
2015-01-02,5975.245471449137,6136.117464911229,5917.7911880698175,5986.736328125,4175800,0.0,0.0
2015-01-02,6067.172597543353,6113.136026312621,5917.791454043232,5963.7548828125,2340100,0.0,0.0
2015-01-02,6021.209798805502,6044.191515594836,5940.773790042834,5952.2646484375,1756900,0.0,0.0
2015-01-02,5986.736597197134,6113.136026312621,5929.282311235549,5963.7548828125,2974300,0.0,0.0
2015-01-02,6067.172373670213,6090.154087206843,5883.318665377176,5940.77294921875,2388900,0.0,0.0
2015-01-02,6009.718334184518,6515.316052548034,5998.227476948984,6503.8251953125,14867800,0.0,0.0
2015-01-02,6503.823770434831,6515.314625152914,6365.9335138178385,6457.8603515625,2495000,0.0,0.0
2015-01-02,6423.388977483654,6492.334118565769,6377.425550095578,6480.84326171875,3315700,0.0,0.0
2015-01-02,6469.353328302556,6469.353328302556,6285.4995925071025,6319.97216796875,2346100,0.0,0.0
2015-01-02,6434.879173989455,6607.24200900703,6423.388318321617,6538.296875,5497100,0.0,0.0
2015-01-02,6572.770202959657,6618.733630952382,6492.3342039723875,6515.31591796875,1753600,0.0,0.0
2015-01-02,6561.279259647883,6584.260973341921,6457.861548024712,6480.84326171875,1720500,0.0,0.0
2015-01-02,6572.770681496435,6928.987274374738,6572.770681496435,6848.55126953125,9271900,0.0,0.0
2015-01-02,6871.533284369801,6917.496717710067,6756.624701019135,6906.005859375,2803100,0.0,0.0
2015-01-02,6871.53200132568,6986.440563220758,6779.605151809617,6974.94970703125,4343400,0.0,0.0
2015-01-02,6940.477005807977,6986.4404296875,6848.550158048931,6986.4404296875,2489000,0.0,0.0
2015-01-02,6986.440744393687,6986.440744393687,6837.0596100563225,6917.49560546875,2433500,0.0,0.0
2015-01-02,6917.497082017872,6928.987940958101,6584.2621727512305,6710.66162109375,3753000,0.0,0.0
2015-01-02,6664.697316487631,6664.697316487631,6365.935022989909,6618.73388671875,2463200,0.0,0.0
2015-01-02,6618.7333901192505,6756.623669080068,6595.751676959114,6745.1328125,1561100,0.0,0.0
2015-01-02,6503.824483695652,6699.1690353260865,6480.8427717391305,6607.2421875,3322900,0.0,0.0
2015-01-02,6607.242810186193,6664.69709549216,6377.425668962325,6595.751953125,2887600,0.0,0.0
2015-01-02,6584.2621727512305,6814.079351555811,6572.771313811001,6710.66162109375,4048800,0.0,0.0
2015-01-02,6802.586739130435,6814.077595108695,6549.787907608696,6607.2421875,2229800,0.0,0.0
2015-01-02,6572.770773182745,6584.261631177819,6228.0450333305025,6342.95361328125,3941900,0.0,0.0
2015-01-02,6331.4634966783115,6549.789824149978,6216.554903272172,6526.80810546875,2736100,0.0,0.0
2015-01-02,6641.71544645852,6641.71544645852,6342.953159939624,6423.38916015625,1968200,0.0,0.0
2015-01-02,6480.843298489493,6618.733581436078,6388.916443191769,6561.279296875,2531100,0.0,0.0
2015-01-02,6572.770166015625,6595.751879882812,6411.898168945313,6434.8798828125,1374800,0.0,0.0
2015-01-02,6572.77096690731,7204.768175263783,6572.77096690731,7112.84130859375,9027600,0.0,0.0
2015-01-02,7032.404258135331,7089.858541290031,6814.077982147469,6951.96826171875,2733600,0.0,0.0
2015-01-02,6894.514532574152,6986.441393008475,6722.151669259799,6779.60595703125,1879900,0.0,0.0
2015-01-02,6779.605906065867,6871.532765809134,6733.642476194234,6825.5693359375,1708200,0.0,0.0
2015-01-02,6894.5141231028665,7055.3861193086,6768.114697512648,6814.078125,2109300,0.0,0.0
2015-01-02,6825.569094348867,6883.023379654835,6526.806810757839,6595.751953125,1830300,0.0,0.0
2015-01-02,6618.734112835571,6963.45984787909,6572.770681496435,6848.55126953125,3513100,0.0,0.0
2015-01-02,6848.550466543812,6963.459031418708,6802.587040593853,6917.49560546875,1427600,0.0,0.0
2015-01-02,6940.477225281762,7147.312639280225,6928.986368948515,7009.42236328125,2435300,0.0,0.0
2015-01-02,7009.4235835899635,7170.295600262521,7009.4235835899635,7112.84130859375,2433100,0.0,0.0
2015-01-02,7147.313581535016,7170.2952972312705,7009.423287357492,7055.38671875,1857600,0.0,0.0
2015-01-02,7078.367893949468,7572.474743689448,7066.877036978771,7560.98388671875,7982100,0.0,0.0
2015-01-02,7538.0024923312885,7538.0024923312885,7319.676200632669,7492.0390625,2851800,0.0,0.0
2015-01-02,7492.039577442473,7538.003010432917,7342.658420223528,7365.64013671875,1555800,0.0,0.0
2015-01-02,7377.129661560059,7526.510791778564,7273.71195602417,7354.14794921875,1583900,0.0,0.0
2015-01-02,7354.148787313433,7710.365369198927,7354.148787313433,7698.87451171875,3039200,0.0,0.0
2015-01-02,7698.875800437592,7940.183847913994,7664.403222226678,7836.76611328125,2697400,0.0,0.0
2015-01-02,7859.745428304756,7917.199707751429,7606.946598739399,7790.80029296875,2758100,0.0,0.0
2015-01-02,7859.745428304756,7917.199707751429,7664.400878186071,7790.80029296875,1194600,0.0,0.0
2015-01-02,7790.800915401127,7802.291772208503,7675.8923473273635,7779.31005859375,1404900,0.0,0.0
2015-01-02,7767.819656599813,7802.292229040345,7629.929366837686,7698.87451171875,1191100,0.0,0.0
2015-01-02,7744.83789213905,7882.728181019865,7308.1853106831395,7411.60302734375,4279600,0.0,0.0
2015-01-02,7354.148473724884,7515.020471587615,7342.657616734688,7434.58447265625,1631800,0.0,0.0
2015-01-02,7733.347187883544,7894.219194763737,7480.548319928956,7606.94775390625,5549000,0.0,0.0
2015-01-02,7733.346668265716,7986.145519234284,7595.456385919225,7859.74609375,7353700,0.0,0.0
2015-01-02,7997.636769553829,8158.508773539107,7894.21905270615,7951.67333984375,6456800,0.0,0.0
2015-01-02,8020.618089820906,8032.108946683114,7790.800952576754,7859.74609375,3136800,0.0,0.0
2015-01-02,7859.745733519453,8066.581147559438,7790.800595506124,7974.654296875,4042400,0.0,0.0
2015-01-02,7951.673822170351,7951.673822170351,7503.530355313929,7538.0029296875,7173500,0.0,0.0
2015-01-02,7538.001647949219,7606.9467849731445,7147.312538146973,7354.14794921875,6442600,0.0,0.0
2015-01-02,7354.148536392405,7446.07539309731,7147.313108806368,7262.2216796875,3771000,0.0,0.0
2015-01-02,7239.240083783586,7388.621228369597,7216.258369231892,7377.13037109375,2706600,0.0,0.0
2015-01-02,7400.112224902981,7446.075654871323,6928.987067727481,7032.40478515625,7483900,0.0,0.0
2015-01-02,7032.405704646916,7193.277730570211,7009.423986657874,7078.369140625,1959100,0.0,0.0
2015-01-02,7089.859727384203,7170.295737257282,7055.387151724312,7101.3505859375,2232900,0.0,0.0
2015-01-02,7101.349213947234,7124.330926613729,6940.477225281762,7009.42236328125,1596100,0.0,0.0
2015-01-02,7124.331394630142,7273.7125367756125,7089.858823365803,7262.2216796875,2996600,0.0,0.0
2015-01-02,7285.202812194824,7354.14794921875,7181.785106658936,7354.14794921875,2428500,0.0,0.0
2015-01-02,7354.149519230769,7503.530681340144,7308.1860847355765,7469.05810546875,2647200,0.0,0.0
2015-01-02,7538.0026081004535,7652.911184443448,7469.057462294656,7606.94775390625,2884200,0.0,0.0
2015-01-02,7698.874060942117,7882.7277698601365,7629.928920097858,7779.31005859375,3470000,0.0,0.0
2015-01-02,7825.273756510417,8020.618328993056,7721.856041666667,7756.32861328125,1994300,0.0,0.0
2015-01-02,7767.819420793447,7836.764563581554,7675.892563742636,7802.2919921875,1064400,0.0,0.0
2015-01-02,7813.783050713511,7997.636769553829,7802.292193285992,7951.67333984375,3711000,0.0,0.0
2015-01-02,7951.67333984375,7951.67333984375,7779.310478430952,7951.67333984375,2928800,0.0,0.0
2015-01-02,7940.182941520301,7963.164657704151,7836.7652186929745,7871.23779296875,1361600,0.0,0.0
2015-01-02,7871.237502658264,8032.109510011864,7825.2740719858075,8020.61865234375,1969400,0.0,0.0
2015-01-02,8078.072653640339,8319.380656096168,8066.5817963805375,8169.99951171875,4111000,0.0,0.0
2015-01-02,8181.49013671875,8560.688415527344,8169.999279785156,8273.4169921875,7063100,0.0,0.0
2015-01-02,8399.816051744436,8618.142323951199,8273.416630993152,8388.3251953125,5094400,0.0,0.0
2015-01-02,8250.434749737027,8296.398174526648,8101.053619170758,8192.98046875,4178000,0.0,0.0
2015-01-02,8273.415921565156,8273.415921565156,8055.0896680794085,8112.5439453125,1657600,0.0,0.0
2015-01-02,8066.581712625794,8158.508569749735,7974.6548555018535,8135.52685546875,2967600,0.0,0.0
2015-01-02,8135.525923295455,8445.779030539774,8135.525923295455,8342.361328125,5525200,0.0,0.0
2015-01-02,8457.271194926569,8618.143201351802,8457.271194926569,8606.65234375,5325200,0.0,0.0
2015-01-02,8710.070082253556,8790.506085651677,8411.307783917684,8480.2529296875,5960600,0.0,0.0
2015-01-02,8526.216443678306,8733.05188301282,8422.798724011049,8514.7255859375,2815300,0.0,0.0
2015-01-02,8664.106735306948,9054.7958984375,8664.106735306948,9054.7958984375,8110000,0.0,0.0
2015-01-02,9054.795374519847,9238.649087708067,8974.359375,8974.359375,6296200,0.0,0.0
2015-01-02,9066.287602351262,9790.21170748197,9066.287602351262,9560.39453125,10377800,0.0,0.0
2015-01-02,9606.356432629871,9997.04556984209,9606.356432629871,9732.755859375,8163800,0.0,0.0
2015-01-02,10111.954396617497,11421.912125270219,10100.463539348613,11295.5126953125,14176700,0.0,0.0
2015-01-02,11916.018601892938,12410.125448451661,11307.00318636707,11410.4208984375,11392400,0.0,0.0
2015-01-02,12272.23512883772,12318.198556286548,11617.256287691886,11789.619140625,7975900,0.0,0.0
2015-01-02,11261.038980693716,11261.038980693716,10973.767578125,10973.767578125,9258600,0.0,0.0
2015-01-02,10663.515530684104,11720.6743979502,10571.588672660966,11421.912109375,9878300,0.0,0.0
2015-01-02,11548.312020845502,12341.18120436624,11421.912585791471,12295.2177734375,7529400,0.0,0.0
2015-01-02,12410.126648237938,12754.85238846677,11950.492327932829,12145.8369140625,8845700,0.0,0.0
2015-01-02,12134.345535714285,12318.19925595238,11893.037527901784,12065.400390625,4508700,0.0,0.0
2015-01-02,12019.438826290363,12145.838278574487,11709.185625229331,11743.658203125,5001900,0.0,0.0
2015-01-02,11835.583608774039,12088.382481971154,11686.202456430288,11950.4921875,4779400,0.0,0.0
2015-01-02,11858.56463759737,12042.418352908957,11732.165208320654,11801.1103515625,4065100,0.0,0.0
2015-01-02,11766.63913470993,11870.056861479843,11674.71226647001,11686.203125,2916000,0.0,0.0
2015-01-02,10870.351862825722,11215.077609004127,10870.351862825722,11134.6416015625,11720700,0.0,0.0
2015-01-02,10433.69818884585,11249.549038414194,10376.243903664981,10939.2958984375,8629100,0.0,0.0
2015-01-02,11215.076678822938,11513.838967398138,11215.076678822938,11421.912109375,4086500,0.0,0.0
2015-01-02,11490.857321118552,11582.7841796875,11203.585888090587,11582.7841796875,4182900,0.0,0.0
2015-01-02,11582.786005434782,11582.786005434782,11077.188203610249,11100.169921875,3019400,0.0,0.0
2015-01-02,10962.277398063821,10962.277398063821,10330.2802734375,10330.2802734375,8828100,0.0,0.0
2015-01-02,10111.953305844907,10479.660698784723,9778.7184809932,9928.099609375,14505300,0.0,0.0
2015-01-02,9675.302115519662,10284.31756934691,9468.466678370787,10226.86328125,8565800,0.0,0.0
2015-01-02,9997.04564323824,10169.408499156141,9813.191930259147,9893.6279296875,4887500,0.0,0.0
2015-01-02,10203.881297295404,10341.771585096692,10100.463581444437,10249.8447265625,4887400,0.0,0.0
2015-01-02,10571.588178362164,10617.55160522461,10192.389906747001,10295.8076171875,6459600,0.0,0.0
2015-01-02,10295.808510638299,10307.299368351063,10065.99135638298,10261.3359375,3285900,0.0,0.0
2015-01-02,10341.77130093232,10410.716442938536,10261.33530192507,10399.2255859375,2289900,0.0,0.0
2015-01-02,10548.606455002757,10617.551595231533,10353.261891021224,10422.20703125,4313900,0.0,0.0
2015-01-02,10422.207226343295,10422.207226343295,10134.93580334596,10238.353515625,5554900,0.0,0.0
2015-01-02,10502.371342699884,10623.926566573726,10344.34955166389,10490.2158203125,5716200,1218.0,0.0
2015-01-02,10502.37048736462,10550.992572954272,10052.616195660348,10101.23828125,7600200,0.0,0.0
2015-01-02,10040.461432729624,10040.461432729624,9396.21875,9396.21875,13203200,0.0,0.0
2015-01-02,9420.530085538694,9590.707403212942,9250.352767864448,9286.8193359375,8718600,0.0,0.0
2015-01-02,9420.530390918702,9785.196083470395,9408.374867833647,9700.107421875,6970800,0.0,0.0
2015-01-02,9675.794981971154,9687.950503305288,9408.373512620192,9481.306640625,3040500,0.0,0.0
2015-01-02,9578.55190423637,9943.217585869734,9493.463245188585,9809.5068359375,4425600,0.0,0.0
2015-01-02,9809.506625976563,9833.817670898437,9590.707221679688,9724.41796875,2767500,0.0,0.0
2015-01-02,10016.1507849614,10247.105718109782,9858.128988596718,10234.9501953125,6752000,0.0,0.0
2015-01-02,10453.749351275206,10453.749351275206,10137.705766236655,10247.10546875,4838800,0.0,0.0
2015-01-02,10356.506285346579,10538.839142482962,10222.795523446564,10478.0615234375,4058900,0.0,0.0
2015-01-02,10405.12688379743,10429.437927918452,9894.594957255968,9931.0615234375,4406800,0.0,0.0
2015-01-02,9724.418974550897,10174.173352123877,9675.796879678144,10149.8623046875,3655400,0.0,0.0
2015-01-02,9967.529523455627,10478.0615234375,9918.907428219258,10478.0615234375,5651700,0.0,0.0
2015-01-02,10210.637709330143,10405.126046650717,10089.082498504784,10162.015625,3340500,0.0,0.0
2015-01-02,10234.950734375,10672.549578125,10210.639687500001,10636.0830078125,5238600,0.0,0.0
2015-01-02,10636.083332955699,10672.549904382977,10417.28390439204,10478.0615234375,1862100,0.0,0.0
2015-01-02,10490.215589798328,10526.682156159157,10295.72723587391,10453.7490234375,1554400,0.0,0.0
2015-01-02,10441.59359421503,10465.904638671875,10174.172105189731,10210.638671875,2650400,0.0,0.0
2015-01-02,10332.194674744898,10332.194674744898,10113.39525810324,10125.55078125,1567400,0.0,0.0
2015-01-02,10210.638224774097,10405.12657191265,10089.0830078125,10089.0830078125,2093100,0.0,0.0
2015-01-02,10089.083622415266,10125.550189725202,9760.884516625854,9773.0400390625,3488000,0.0,0.0
2015-01-02,9845.974860456583,9991.84115468557,9821.663811418417,9833.8193359375,1205800,0.0,0.0
2015-01-02,9821.661842712178,9906.750497290128,9602.862445226014,9882.439453125,2238100,0.0,0.0
2015-01-02,9906.750497290128,10101.238850611162,9760.884232299353,9882.439453125,2508100,0.0,0.0
2015-01-02,9931.061850585937,10003.994985351563,9700.106923828125,9724.41796875,1976500,0.0,0.0
2015-01-02,9845.972346867442,10052.6162109375,9845.972346867442,10052.6162109375,2974200,0.0,0.0
2015-01-02,10052.617826349875,10052.617826349875,9724.418695380775,9736.57421875,1943300,0.0,0.0
2015-01-02,9760.884459252451,9967.528339460783,9760.884459252451,9918.90625,1192600,0.0,0.0
2015-01-02,9967.528884925558,10052.617546138337,9797.3515625,9797.3515625,1422700,0.0,0.0
2015-01-02,9821.662630533043,9894.595768878586,9724.418446072319,9748.7294921875,1118400,0.0,0.0
2015-01-02,9736.573471752565,9845.973173682369,9663.640337132696,9773.0400390625,1108800,0.0,0.0
2015-01-02,9797.3515625,9821.662608560795,9748.729470378412,9797.3515625,584700,0.0,0.0
2015-01-02,9797.352001096491,10429.439226973685,9797.352001096491,10392.97265625,4824700,0.0,0.0
2015-01-02,10380.816699796598,10405.127745931954,10222.79489991679,10271.4169921875,1474700,0.0,0.0
2015-01-02,10234.949831495098,10234.949831495098,9858.12863817402,9918.90625,2800400,0.0,0.0
2015-01-02,9408.373253383757,9663.639194367039,9396.217732384554,9542.083984375,6248000,0.0,0.0
2015-01-02,9554.240427972083,9712.262216220985,9542.08490579909,9687.951171875,3148100,0.0,0.0
2015-01-02,9797.351584417862,10076.928614742441,9724.418446072319,9748.7294921875,3537100,0.0,0.0
2015-01-02,9748.727841361464,9773.038883359872,9505.617421377388,9542.083984375,3597300,0.0,0.0
2015-01-02,9675.79660190387,9906.751545919164,9578.552414950063,9736.57421875,4142100,0.0,0.0
2015-01-02,9773.040538302681,9833.818153590633,9712.262923014729,9748.7294921875,997200,0.0,0.0
2015-01-02,9894.595494985286,10052.617290359743,9785.195790495276,9809.5068359375,2554500,0.0,0.0
2015-01-02,9858.12892682195,9943.217585869734,9773.040267774164,9809.5068359375,1386900,0.0,0.0
2015-01-02,9943.216287261075,10113.393583131068,9870.283160459649,10016.1494140625,2109100,0.0,0.0
2015-01-02,10089.083505529137,10149.861117008228,9967.528282570955,10064.7724609375,1899700,0.0,0.0
2015-01-02,10186.328330713757,10283.572515255179,10137.706238443048,10271.4169921875,2603100,0.0,0.0
2015-01-02,10320.03915159814,10429.438859918968,10028.30659607593,10125.55078125,3156200,0.0,0.0
2015-01-02,10149.861556533413,10295.727830399761,9991.839759844868,10186.328125,1383200,0.0,0.0
2015-01-02,10186.328396983794,10259.261535864345,10089.084211809724,10125.55078125,1465800,0.0,0.0
2015-01-02,10089.083486703727,10149.86109806941,9991.839308518629,10113.39453125,1176700,0.0,0.0
2015-01-02,10113.394404069768,10453.7490234375,10076.92783770894,10453.7490234375,4409400,0.0,0.0
2015-01-02,10490.21539241939,10587.4595675519,10234.949432696556,10320.0380859375,2437700,0.0,0.0
2015-01-02,10320.037329557901,10490.2146235671,10271.415245555272,10405.1259765625,2321800,0.0,0.0
2015-01-02,10405.127292607223,10769.79296875,10380.816247531038,10769.79296875,5322500,0.0,0.0
2015-01-02,10781.94745292579,11037.213401642184,10636.081196516421,10964.2802734375,3732600,0.0,0.0
2015-01-02,10964.281432682592,11012.903523293158,10514.527094534858,10526.6826171875,3660000,0.0,0.0
2015-01-02,10526.682932023006,10611.771593136356,10283.57247169915,10368.6611328125,2195200,0.0,0.0
2015-01-02,10380.815748207886,10417.282314068101,9906.75039202509,10174.171875,3394600,0.0,0.0
2015-01-02,10174.172142615686,10295.727365347055,10064.772442157451,10113.39453125,1219500,0.0,0.0
2015-01-02,10222.794423747035,10368.660693764827,10210.638901245551,10247.10546875,2379600,0.0,0.0
2015-01-02,10356.505721038415,10380.816767331933,10113.39525810324,10125.55078125,4245300,0.0,0.0
2015-01-02,10222.794550871464,10526.6826171875,10174.172460260897,10526.6826171875,3160900,0.0,0.0
2015-01-02,10550.992748161765,10575.303791360295,10307.88231617647,10332.193359375,1934600,0.0,0.0
2015-01-02,10332.194921875,10636.0830078125,10283.572828125,10636.0830078125,2595900,0.0,0.0
2015-01-02,10636.083238907442,11170.926281778216,10636.083238907442,11146.615234375,5991900,0.0,0.0
2015-01-02,11146.613689630682,11377.568607954545,11085.836079545454,11365.4130859375,3541700,0.0,0.0
2015-01-02,11401.880609774362,11535.591363193891,11280.325379392973,11414.0361328125,3412500,0.0,0.0
2015-01-02,11377.568680291077,11389.724202385405,11085.836150027204,11170.9248046875,2998100,0.0,0.0
2015-01-02,11085.83685064935,11268.169693587663,10988.592667748917,11231.703125,1670700,0.0,0.0
2015-01-02,11243.860100566953,11401.881918196545,11219.549051700864,11256.015625,1498600,0.0,0.0
2015-01-02,11353.257349474676,11389.723914837015,11122.3024355132,11280.32421875,2174400,0.0,0.0
2015-01-02,11535.590288752934,11717.923117342283,11389.724025881453,11657.1455078125,4480000,0.0,0.0
2015-01-02,11912.410996148054,13298.140438557113,11803.011303326286,13115.8076171875,19453000,0.0,0.0
2015-01-02,13127.965162253984,13468.319814608716,12957.787836076617,12969.943359375,8341200,0.0,0.0
2015-01-02,13298.141543286618,13832.984530402351,13298.141543286618,13444.0078125,8939000,0.0,0.0
2015-01-02,13869.4522421875,14209.8068984375,13577.7196796875,13674.9638671875,7478400,0.0,0.0
2015-01-02,14234.115730592386,14294.893338323354,13857.294562660394,14209.8046875,12324500,0.0,0.0
2015-01-02,14586.62815617207,14683.872343879884,14404.295304219919,14623.0947265625,11311000,0.0,0.0
2015-01-02,14489.383123067579,14489.383123067579,13626.341007515735,13760.0517578125,9665100,0.0,0.0
2015-01-02,13808.670961668166,14173.336568050247,13419.694314860611,13516.9384765625,7098500,0.0,0.0
2015-01-02,13261.675073556919,13456.163433939055,12726.832082506044,13200.8974609375,7828000,0.0,0.0
2015-01-02,12811.919808153305,13602.028714728223,12775.453243234462,13152.2744140625,3818000,0.0,0.0
2015-01-02,13298.141105307397,13310.296627341499,12520.18769512488,12653.8984375,5760100,0.0,0.0
2015-01-02,12641.742951355276,12763.298172041385,12398.63250998306,12556.654296875,3423100,0.0,0.0
2015-01-02,12653.897803051146,13115.8076171875,12641.742281626506,13115.8076171875,3449600,0.0,0.0
2015-01-02,13127.962994593632,13176.585079758794,12690.364228107177,12787.6083984375,4173600,0.0,0.0
2015-01-02,12836.23062442076,13237.362831433908,12787.608538722196,13115.8076171875,3322300,0.0,0.0
2015-01-02,13115.80791491997,13127.963436620543,12884.853002609052,12957.7861328125,3184500,0.0,0.0
2015-01-02,12921.322302223778,13407.543273144709,12897.01125367773,13298.1435546875,5209400,0.0,0.0
2015-01-02,13516.941837956772,13662.808116783644,13480.475268250055,13638.4970703125,5351500,0.0,0.0
2015-01-02,13857.29304251911,13966.692724433735,13371.072234009667,13516.9384765625,11516500,0.0,0.0
2015-01-02,13614.18615797546,13905.918718503506,13614.18615797546,13869.4521484375,9149000,0.0,0.0
2015-01-02,13881.605348967205,14319.20411653535,13881.605348967205,14270.58203125,6139800,0.0,0.0
2015-01-02,14294.894864915876,14416.450093359037,13905.918133897756,14088.2509765625,6603800,0.0,0.0
2015-01-02,14100.407139507945,14124.718186300199,13687.119344039607,13772.2080078125,8894300,0.0,0.0
2015-01-02,13808.673311624343,14003.161668126095,13808.673311624343,13881.6064453125,7237200,0.0,0.0
2015-01-02,13905.918649718127,14015.318359375,13820.82998665167,14015.318359375,12158600,0.0,0.0
2015-01-02,14580.603515625,14580.603515625,14580.603515625,14580.603515625,2043100,3040.0,0.0
2015-01-02,14037.058426179696,14322.419730100097,13914.760724499523,14254.4765625,9575000,0.0,0.0
2015-01-02,14403.950968608597,15083.382618071268,14403.950968608597,15015.439453125,10995200,0.0,0.0
2015-01-02,15029.029002470128,15137.738073012408,14308.831410127526,14784.43359375,8539200,0.0,0.0
2015-01-02,14770.844601271043,15029.02863753981,14702.901433831894,14933.908203125,5062600,0.0,0.0
2015-01-02,15029.02863753981,15409.510375199045,14798.021868246702,14933.908203125,7191100,0.0,0.0
2015-01-02,14920.31943221831,14974.673965669013,14471.89453125,14471.89453125,4635900,0.0,0.0
2015-01-02,14838.79032414596,15382.335757264862,14838.79032414596,15314.392578125,8244000,0.0,0.0
2015-01-02,15327.97944732774,15463.865789945892,15124.14993340051,15382.333984375,4332900,0.0,0.0
2015-01-02,15327.979721344765,15450.27743188741,15001.852493231047,15056.20703125,5527100,0.0,0.0
2015-01-02,15192.093899409563,15192.093899409563,14702.903040394587,14743.6689453125,5017300,0.0,0.0
2015-01-02,14933.90908167156,15001.852253107736,14512.661418767266,14757.2568359375,4644800,0.0,0.0
2015-01-02,14865.967077938818,15151.32842038554,14730.08072439276,14825.201171875,4943900,0.0,0.0
2015-01-02,14811.612536520393,14974.676160775663,14648.548912265123,14825.201171875,4347500,0.0,0.0
2015-01-02,14621.370160914179,14662.136062849813,14458.306553171642,14567.015625,4055000,0.0,0.0
2015-01-02,14567.01385753327,14621.368386852422,14295.241210937498,14295.2412109375,3972400,0.0,0.0
2015-01-02,14295.24281812154,14798.022270850148,14295.24281812154,14730.0791015625,3240100,0.0,0.0
2015-01-02,15015.441765583737,15436.689453125,14906.732684927927,15436.689453125,8582400,0.0,0.0
2015-01-02,15654.107049036778,15953.057010042688,15232.859376710268,15518.220703125,9592100,0.0,0.0
2015-01-02,15137.73721869551,15654.10527462947,14784.432759372277,15586.162109375,10687300,0.0,0.0
2015-01-02,16252.00629865917,16714.019855644463,15708.460937499998,15708.4609375,9993500,0.0,0.0
2015-01-02,15708.460679290252,16537.36734143273,15708.460679290252,16034.587890625,9475000,0.0,0.0
2015-01-02,16306.360815602839,17298.33109855201,16224.829011524824,17243.9765625,10436500,0.0,0.0
2015-01-02,17393.453453453454,18249.537490615614,17311.921640390392,18100.0625,7142300,0.0,0.0
2015-01-02,18235.947250600962,18439.77676532452,17420.629191706732,17665.224609375,7790700,0.0,0.0
2015-01-02,17366.27265500795,17570.10214626391,16985.79093799682,17094.5,6494300,0.0,0.0
2015-01-02,17216.798971432963,17977.762461883038,17216.798971432963,17964.173828125,4831400,0.0,0.0
2015-01-02,18100.060724971507,18371.833408529637,17773.93350470175,17882.642578125,4005000,0.0,0.0
2015-01-02,17773.932955512482,18127.237433221446,17760.344321754445,17964.173828125,2605000,0.0,0.0
2015-01-02,17787.52296980892,18263.125188253012,17719.57979574548,18045.70703125,4143500,0.0,0.0
2015-01-02,18263.12385844749,18290.301126093986,17760.344406987253,17855.46484375,2862400,0.0,0.0
2015-01-02,17936.99767414122,18018.529481750953,17719.579520515268,17801.111328125,2608600,0.0,0.0
2015-01-02,18004.940325055806,19024.087890625,17964.174422433036,19024.087890625,6144000,0.0,0.0
2015-01-02,18969.733254100578,19024.087790645277,18697.960571377072,18847.435546875,3166300,0.0,0.0
2015-01-02,18956.142305693404,19431.74444239539,18942.553673216204,18996.908203125,3304700,0.0,0.0
2015-01-02,19078.441872999643,19309.448647815167,18942.555534872863,19105.619140625,2317600,0.0,0.0
2015-01-02,19132.79681069959,20111.17846579218,19132.79681069959,19812.228515625,4236300,0.0,0.0
2015-01-02,19703.519028382823,19812.228098884243,19037.67597156161,19105.619140625,4462200,0.0,0.0
2015-01-02,19105.619695870537,19200.740135323664,18915.378816964287,19024.087890625,3010800,0.0,0.0
2015-01-02,18806.668093448403,18915.37715757238,18235.94550679751,18303.888671875,5146600,0.0,0.0
2015-01-02,17665.223507764862,18018.52797792016,17284.741770674544,17828.287109375,6138600,0.0,0.0
2015-01-02,17393.452471482888,18154.416017110263,17379.863836739543,17869.0546875,4035500,0.0,0.0
2015-01-02,17869.052066772656,17923.406597774243,17012.968203497614,17094.5,5585900,0.0,0.0
2015-01-02,17665.221643740413,18100.0578688171,17542.923955437596,17719.576171875,4152600,0.0,0.0
2015-01-02,17638.046666175313,17638.046666175313,17067.32404677673,17284.7421875,4871500,0.0,0.0
2015-01-02,17366.273212859425,17379.861846046326,16714.01881988818,17012.96875,5023500,0.0,0.0
2015-01-02,17597.28098790514,17977.762738994978,17366.274210457734,17923.408203125,5879200,0.0,0.0
2015-01-02,17977.763485157433,18208.770272192716,17515.749911086874,17909.8203125,6384300,0.0,0.0
2015-01-02,17896.228535338218,17896.228535338218,17311.917353091034,17502.158203125,3586600,0.0,0.0
2015-01-02,17651.633156723117,17746.7535817401,17434.215042398584,17502.158203125,1772300,0.0,0.0
2015-01-02,17502.160608747046,17583.69241282506,17121.67885638298,17243.9765625,3568600,0.0,0.0
2015-01-02,17257.562429699727,17488.569170884686,17176.03063869327,17366.271484375,1780900,0.0,0.0
2015-01-02,17352.687701353094,17352.687701353094,17067.326353092783,17135.26953125,2363100,0.0,0.0
2015-01-02,16863.494782115933,17026.55839000102,16578.133468317035,16673.25390625,4094800,0.0,0.0
2015-01-02,16673.25369809013,16945.026374505618,16279.183317287676,16319.94921875,4248800,0.0,0.0
2015-01-02,16319.951403422681,16578.135480579243,15885.115062948473,16333.5400390625,5241900,0.0,0.0
2015-01-02,16591.723193359376,17936.998046875,16591.723193359376,17936.998046875,7752100,0.0,0.0
2015-01-02,17665.223846435547,17665.223846435547,17162.444398498534,17393.451171875,3938600,0.0,0.0
2015-01-02,17393.451726844585,17556.515336783752,17216.79948274382,17311.919921875,1583200,0.0,0.0
2015-01-02,17678.811367731716,17936.995392318113,17556.513671875,17556.513671875,2994600,0.0,0.0
2015-01-02,17542.927171003485,17665.22488172311,16972.204520978587,17053.736328125,5211800,0.0,0.0
2015-01-02,17284.744369369368,18290.30339714715,17230.389827327326,18100.0625,6715600,0.0,0.0
2015-01-02,18317.47944595969,18548.486234224758,17936.997677052514,18371.833984375,5676500,0.0,0.0
2015-01-02,18371.833153471714,18725.13763719232,17909.819597837068,18494.130859375,4289900,0.0,0.0
2015-01-02,18371.834363162878,18371.834363162878,17936.998046875,17936.998046875,2910500,0.0,0.0
2015-01-02,17570.104176523466,18127.238183667676,17502.161004920516,17950.5859375,1613300,0.0,0.0
2015-01-02,17855.46731770833,18399.012745949072,17733.169596354164,18344.658203125,2600100,0.0,0.0
2015-01-02,18534.897972879957,18657.195686777257,18426.188893860133,18507.720703125,2552800,0.0,0.0
2015-01-02,18534.895000228767,18684.369959908032,18412.597305945736,18562.072265625,2086300,0.0,0.0
2015-01-02,18602.839959294815,19200.739855722113,18466.953619197702,19064.853515625,2944700,0.0,0.0
2015-01-02,19078.442894079886,19404.570123038517,19037.67699046006,19051.265625,3452400,0.0,0.0
2015-01-02,19200.73793149798,19350.212890625,19146.383400906336,19350.212890625,2353300,0.0,0.0
2015-01-02,19635.57571999518,21306.977667095118,19635.57571999518,21143.9140625,8455200,0.0,0.0
2015-01-02,21157.502337019385,21728.22494341297,20872.14103382259,21293.388671875,5124000,0.0,0.0
2015-01-02,21374.921508789062,21660.28282581676,21293.389703924007,21524.396484375,3919800,0.0,0.0
2015-01-02,21524.397411809816,22217.41778302339,21306.97925613497,22149.474609375,4759700,0.0,0.0
2015-01-02,22149.475088443396,22149.475088443396,21551.57514740566,21605.9296875,3257300,0.0,0.0
2015-01-02,21605.93041537267,22067.94402173913,21605.93041537267,21877.703125,2597500,0.0,0.0
2015-01-02,21755.399386798064,21850.519808851524,21347.74043514039,21415.68359375,4096900,0.0,0.0
2015-01-02,20926.497936320753,21904.87965801887,20926.497936320753,21605.9296875,4714300,0.0,0.0
2015-01-02,21306.978338068184,21551.573752663353,21198.269264914776,21524.396484375,2988500,0.0,0.0
2015-01-02,21687.461029754504,21986.410993823803,21687.461029754504,21864.11328125,3062400,0.0,0.0
2015-01-02,21959.23344447891,22434.835653981856,21836.935733463866,21904.87890625,3540200,0.0,0.0
2015-01-02,21687.461036195145,21687.461036195145,20382.952101687166,20437.306640625,23464200,0.0,0.0
2015-01-02,20410.128815707783,20858.55374974131,20124.767494050084,20518.837890625,5979400,0.0,0.0
2015-01-02,20546.01487097855,20777.02165193532,20274.2421875,20274.2421875,3763000,0.0,0.0
2015-01-02,20274.242458915192,20437.306071185285,19839.40615952827,19948.115234375,4011900,0.0,0.0
2015-01-02,20165.532353940216,20437.305027173912,19948.11421535326,20002.46875,4406500,0.0,0.0
2015-01-02,20165.533026041667,20777.02156119792,20138.3557578125,20382.951171875,4180700,0.0,0.0
2015-01-02,20532.4248985115,20681.899864682,19839.404600811908,20084.0,3640900,0.0,0.0
2015-01-02,20083.99854217729,20831.37331878064,20083.99854217729,20790.607421875,4437100,0.0,0.0
2015-01-02,20722.66631308733,21008.027619693778,20437.30500648088,20967.26171875,3148700,0.0,0.0
2015-01-02,20994.43926288555,21089.559699675323,20790.609755478894,20926.49609375,2497400,0.0,0.0
2015-01-02,21048.79379819399,21062.382432021102,20844.964290787335,20926.49609375,1431800,0.0,0.0
2015-01-02,20722.66662057522,21605.92782079646,20464.482577433628,21497.21875,4071400,0.0,0.0
2015-01-02,21633.106868262526,21728.227313035037,21361.334168912494,21429.27734375,3922200,0.0,0.0
2015-01-02,21402.09988892533,21429.277158625555,21021.618113122215,21361.333984375,2139400,0.0,0.0
2015-01-02,21429.27578416511,21918.466607392722,21306.97807835821,21850.5234375,3847700,0.0,0.0
2015-01-02,21959.232145614576,22149.47301816322,21932.05487810763,21999.998046875,3092700,0.0,0.0
2015-01-02,22013.585602416275,23535.512508262338,22013.585602416275,23127.853515625,6620800,0.0,0.0
2015-01-02,23467.56798908814,24174.176868898554,23467.56798908814,24011.11328125,6097400,0.0,0.0
2015-01-02,23915.993398637136,24242.120581345825,23494.745787638414,23929.58203125,3380800,0.0,0.0
2015-01-02,23698.57506594373,23834.46139086313,23155.02976626612,23182.20703125,3430300,0.0,0.0
2015-01-02,23222.976288634236,23630.635322372695,22733.785448148083,23549.103515625,2177800,0.0,0.0
2015-01-02,23630.635326842217,23888.819381592075,23345.274003171322,23834.46484375,1410100,0.0,0.0
2015-01-02,23956.76368084457,23970.352315944314,23630.636438450772,23671.40234375,1372800,0.0,0.0
2015-01-02,23372.452371555682,23861.64323514638,23318.097831156716,23671.40234375,2373100,0.0,0.0
2015-01-02,23834.464288884945,24595.42780095881,23834.464288884945,23915.99609375,4380700,0.0,0.0
2015-01-02,23915.993631260797,24038.291325966107,23426.802852439552,23603.455078125,3268100,0.0,0.0
2015-01-02,23562.690138047015,23562.690138047015,22828.903939976346,22978.37890625,3629500,0.0,0.0
2015-01-02,23046.321407363423,23345.27133127969,22652.251053110154,22883.2578125,2198500,0.0,0.0
2015-01-02,22665.84454916226,23182.212710354204,22339.71728946208,23114.26953125,2512200,0.0,0.0
2015-01-02,23127.856122394343,23902.408295706024,22964.792506960308,23793.69921875,3224100,0.0,0.0
2015-01-02,23603.45637192919,23603.45637192919,23222.97463421243,23508.3359375,2386000,0.0,0.0
2015-01-02,23100.67827349425,23100.67827349425,22298.948851061214,22448.423828125,7422300,0.0,0.0
2015-01-02,22760.962703499248,22883.2604135479,22557.133186751496,22693.01953125,3284200,0.0,0.0
2015-01-02,22611.48696969697,22788.139211647725,22421.24609375,22421.24609375,2549200,0.0,0.0
2015-01-02,22665.83992375753,22801.72625423569,22475.5990610881,22557.130859375,2796900,0.0,0.0
2015-01-02,22394.067535455644,22733.783365787192,22190.238037256713,22516.365234375,2546700,0.0,0.0
2015-01-02,22557.131084111803,22910.435546874996,22543.542450928602,22910.435546875,1531800,0.0,0.0
2015-01-02,22951.20253884131,24011.115977579982,22951.20253884131,23997.52734375,5310500,0.0,0.0
2015-01-02,24051.88459763833,24133.416409833713,23698.580078124996,23698.580078125,1903000,0.0,0.0
2015-01-02,23698.577276991917,24051.881754745235,23535.513671875,23535.513671875,1522600,0.0,0.0
2015-01-02,23549.103059672874,23943.173451323488,23426.805351919236,23807.287109375,1810700,0.0,0.0
2015-01-02,23345.27341419302,23345.27341419302,22774.55078125,22774.55078125,3768300,0.0,0.0
2015-01-02,22937.614480290766,23100.67809034023,22611.487260191847,22665.841796875,2429800,0.0,0.0
2015-01-02,22937.615047534164,23059.912758095663,22693.01962641117,22869.671875,2321700,0.0,0.0
2015-01-02,23250.150742187503,23481.1575,23073.498515625,23100.67578125,2434700,0.0,0.0
2015-01-02,23236.56349684718,23304.506664966615,22896.847656249996,22896.84765625,1448700,0.0,0.0
2015-01-02,22910.436395759716,23263.740871613663,22828.904593639578,23073.5,1701300,0.0,0.0
2015-01-02,23209.38707301611,23277.330243604567,22652.253074190783,22774.55078125,2349200,0.0,0.0
2015-01-02,22774.55078125,22937.614390662293,22611.48717183771,22774.55078125,2439600,0.0,0.0
2015-01-02,22788.138281924264,23875.22895726949,22788.138281924264,23617.044921875,8048300,0.0,0.0
2015-01-02,23671.39863202991,23848.050860627143,23535.512302339725,23739.341796875,1903100,0.0,0.0
2015-01-02,23807.28647013024,24092.64778055988,23698.577399490376,23997.52734375,2189400,0.0,0.0
2015-01-02,23997.529488839285,24065.4726640625,23372.452276785716,23780.111328125,2557800,0.0,0.0
2015-01-02,23807.285970231533,24690.547150633956,23657.811001240352,24649.78125,4555800,0.0,0.0
2015-01-02,24649.781978062223,24812.845585414343,24337.24339730399,24350.83203125,2237800,0.0,0.0
2015-01-02,24323.651203239053,24445.948890853106,24092.64445996807,24201.353515625,1619400,0.0,0.0
2015-01-02,24269.29866771296,24609.014494528652,24269.29866771296,24486.716796875,2254600,0.0,0.0
2015-01-02,24119.82742201352,24119.82742201352,22883.26162178635,22991.970703125,6919800,0.0,0.0
2015-01-02,23114.26786113596,23372.451923076926,22665.842911449017,22788.140625,3682500,0.0,0.0
2015-01-02,23657.814172027305,24269.302763492688,23508.339183002434,23698.580078125,10199900,0.0,0.0
2015-01-02,23684.9914427591,23902.40960861346,23589.87099519782,23698.580078125,3471500,0.0,0.0
2015-01-02,23712.16359298802,23943.17034432372,23562.688636241393,23684.986328125,3640800,0.0,0.0
2015-01-02,23671.399903195896,23671.399903195896,23209.386357438914,23358.861328125,6013300,0.0,0.0
2015-01-02,23073.501956618966,23141.445130813954,22760.963355322005,22788.140625,9618300,0.0,0.0
2015-01-02,22244.596467443884,22353.305552196205,21510.81014536571,21945.646484375,14213600,0.0,0.0
2015-01-02,22734.5390625,23309.713819074568,22734.5390625,22734.5390625,15699400,4128.0,0.0
2015-01-02,22719.404889129884,22916.175217949796,22401.545127190027,22462.08984375,3595300,0.0,0.0
2015-01-02,22583.182091743878,22901.041893303274,22492.365005584048,22870.76953125,4536500,0.0,0.0
2015-01-02,23188.628304893093,23249.173026315788,22855.632337068255,23006.994140625,4292000,0.0,0.0
2015-01-02,22991.856547398915,23037.265085675543,22734.541497164693,23022.12890625,2408000,0.0,0.0
2015-01-02,23128.084915826286,23294.58290933027,22916.178378639397,23264.310546875,3089700,0.0,0.0
2015-01-02,23612.44192216981,24172.48060878538,23445.943934257077,24066.52734375,4092900,0.0,0.0
2015-01-02,24217.887281494877,25186.60277275467,24217.887281494877,25110.921875,5371800,0.0,0.0
2015-01-02,25110.923628682023,25459.05578266616,25004.970364425983,25050.37890625,3996700,0.0,0.0
2015-01-02,25126.057923169268,25413.645333133256,25110.92174369748,25216.875,2409500,0.0,0.0
2015-01-02,25247.149334720525,25307.694057345754,24641.702108468235,24777.927734375,2128800,0.0,0.0
2015-01-02,24777.9265222956,25110.92248044496,24777.9265222956,24853.607421875,1678300,0.0,0.0
2015-01-02,25141.19644540584,25383.375339521728,25141.19644540584,25337.966796875,2593300,0.0,0.0
2015-01-02,25428.78368263473,25640.690213323353,25216.877151946108,25277.421875,2696900,0.0,0.0
2015-01-02,25489.325967261902,25610.41540178571,25277.419456845237,25428.78125,1911000,0.0,0.0
2015-01-02,25353.101495596078,25353.101495596078,25095.786435640777,25186.603515625,1270400,0.0,0.0
2015-01-02,25383.374202952666,25383.374202952666,24641.701372931988,24702.24609375,2022300,0.0,0.0
2015-01-02,24747.655035251526,25004.970102896343,24414.65906535823,24823.3359375,1815900,0.0,0.0
2015-01-02,24959.559338866005,25065.512592578598,24444.92924940485,25035.240234375,1853600,0.0,0.0
2015-01-02,25020.104578672737,25020.104578672737,24293.567966587867,24611.427734375,2199200,0.0,0.0
2015-01-02,24611.42679637739,24626.56297521895,23672.983708200638,23763.80078125,2919700,0.0,0.0
2015-01-02,23763.80306234336,24278.43319235589,23370.262374686718,24157.34375,1510400,0.0,0.0
2015-01-02,23975.707492852605,24021.11602977089,23763.80098723396,23824.345703125,1413700,0.0,0.0
2015-01-02,24036.251658950616,24671.971161265432,24036.251658950616,24520.609375,1950400,0.0,0.0
2015-01-02,24535.746558086983,24671.972171302765,24233.02297316302,24384.384765625,1530800,0.0,0.0
2015-01-02,24217.889855295565,24581.158203124996,24096.800406019087,24581.158203125,1927300,0.0,0.0
2015-01-02,24596.294044349263,24656.838768150737,24369.25133009373,24626.56640625,955500,0.0,0.0
2015-01-02,24671.97319512569,24989.83297248621,24490.33903663397,24687.109375,2699700,0.0,0.0
2015-01-02,24762.791215701218,24914.15302019817,24596.293230754574,24823.3359375,1986700,0.0,0.0
2015-01-02,24929.289200647865,25065.51482469512,24717.382674352135,24823.3359375,1654700,0.0,0.0
2015-01-02,24853.608437308634,24853.608437308634,24581.157187691366,24717.3828125,922100,0.0,0.0
2015-01-02,24823.33471921411,24914.151797455135,24369.249328008973,24460.06640625,1133500,0.0,0.0
2015-01-02,24399.522360248448,24444.93090062112,24323.84145962733,24369.25,652000,0.0,0.0
2015-01-02,24581.15659351445,24581.15659351445,23975.70938677764,24096.798828125,1554000,0.0,0.0
2015-01-02,24217.88923346056,24217.88923346056,23794.076171875,23794.076171875,1706200,0.0,0.0
2015-01-02,23824.348474535556,23900.029378203075,23597.305763532993,23627.578125,2089700,0.0,0.0
2015-01-02,23642.71495225694,24217.889835858583,23642.71495225694,23975.7109375,715600,0.0,0.0
2015-01-02,23975.70884683099,24005.981206486078,23627.576710797457,23642.712890625,1454700,0.0,0.0
2015-01-02,23642.71323284477,23672.98559293804,22704.270069953363,22719.40625,3524000,0.0,0.0
2015-01-02,22719.405827702703,22719.405827702703,21205.787851173543,21281.46875,5661500,0.0,0.0
2015-01-02,21251.195924920554,21871.77928170242,20887.927618511654,21432.830078125,3838200,0.0,0.0
2015-01-02,21432.82883216595,21644.735331919,20751.70079724542,21069.560546875,2579100,0.0,0.0
2015-01-02,21069.56126644737,21871.778757195723,20781.97386410362,21856.642578125,2876500,0.0,0.0
2015-01-02,21856.643992550242,22159.367593555093,21372.28623094248,21841.5078125,2119700,0.0,0.0
2015-01-02,21780.962610607075,21780.962610607075,21084.698343693995,21114.970703125,3028100,0.0,0.0
2015-01-02,21251.19572193697,21478.238411273902,21251.19572193697,21372.28515625,1176400,0.0,0.0
2015-01-02,21372.2861669191,21372.2861669191,20978.745486791693,21236.060546875,1065900,0.0,0.0
2015-01-02,20918.199325883437,21523.646484375,20918.199325883437,21523.646484375,1655200,0.0,0.0
2015-01-02,21750.690462513132,22098.822599352243,21493.37540484944,21614.46484375,1969900,0.0,0.0
2015-01-02,21220.92545263738,22386.411372646708,21220.92545263738,22310.73046875,1497700,0.0,0.0
2015-01-02,22401.546141144816,23415.67018942637,22371.27378149462,23203.763671875,2872300,0.0,0.0
2015-01-02,23006.993125,23022.1293046875,22568.043914062502,22704.26953125,2093300,0.0,0.0
2015-01-02,22704.270004491784,22704.270004491784,22113.958984375,22113.958984375,1835900,0.0,0.0
2015-01-02,21478.24051518016,21629.602322898132,21130.108357428824,21266.333984375,4227400,0.0,0.0
2015-01-02,21493.374280427633,21886.914936266447,21493.374280427633,21856.642578125,2506100,0.0,0.0
2015-01-02,21856.64263017181,22113.95767498685,21523.64668982293,21584.19140625,1598200,0.0,0.0
2015-01-02,21493.374482044197,21917.1875,21342.012689917126,21917.1875,2913800,0.0,0.0
2015-01-02,21644.740729533452,21780.966370488557,21493.37890625,21493.37890625,1775400,0.0,0.0
2015-01-02,21326.876207487534,21629.599787437677,21251.1953125,21251.1953125,1900900,0.0,0.0
2015-01-02,21251.195073167397,21387.420682610777,20721.428814220915,20751.701171875,2638800,0.0,0.0
2015-01-02,20751.702857093474,21024.154098105642,20358.162175631453,20524.66015625,2450000,0.0,0.0
2015-01-02,21175.515307951628,22416.682037938786,21069.5620505137,22098.822265625,6081400,0.0,0.0
2015-01-02,22250.183233963817,22386.40884560033,21508.510459498357,21856.642578125,1951200,0.0,0.0
2015-01-02,21311.738162544167,21614.461715989397,21160.376385821553,21417.69140625,1651100,0.0,0.0
2015-01-02,20827.383281478767,20948.472719161786,20539.795866981607,20676.021484375,3286100,0.0,0.0
2015-01-02,21009.017183064232,21493.374927918736,21009.017183064232,21326.876953125,2420600,0.0,0.0
2015-01-02,21342.014888233985,21478.24051518016,21114.97217665703,21266.333984375,1465900,0.0,0.0
2015-01-02,21387.424025229357,21765.82855504587,21387.424025229357,21447.96875,1913000,0.0,0.0
2015-01-02,21614.46423132945,21675.008949064268,21342.013001522777,21432.830078125,724800,0.0,0.0
2015-01-02,21342.014888233985,21357.151069005784,21099.83599588523,21266.333984375,1484300,0.0,0.0
2015-01-02,21251.19998899648,21508.515088578348,21114.974348041374,21493.37890625,1347000,0.0,0.0
2015-01-02,21493.375266714083,21735.554142958747,21220.924030938833,21281.46875,1218400,0.0,0.0
2015-01-02,21735.553534566057,21735.553534566057,21402.557589050422,21538.783203125,1457100,0.0,0.0
2015-01-02,21675.009966922004,21992.869749956477,21629.60142648851,21735.5546875,3500600,0.0,0.0
2015-01-02,21932.325773388704,22144.23230260019,21599.329798913514,21811.236328125,3271400,0.0,0.0
2015-01-02,21811.234914073335,21992.86907019331,21690.14547666002,21826.37109375,2007000,0.0,0.0
2015-01-02,21841.5085921749,22840.496511151716,21826.372411584343,22522.63671875,4923200,0.0,0.0
2015-01-02,22522.63577586207,22583.180495689652,22250.184536637928,22386.41015625,2432500,0.0,0.0
2015-01-02,22507.500188887745,23006.994140625,22386.41074604235,23006.994140625,2904700,0.0,0.0
2015-01-02,23052.40160135664,23309.716655344204,22795.086547369072,22976.720703125,1869200,0.0,0.0
2015-01-02,22885.90321812914,22885.90321812914,22522.63491307947,22855.630859375,1422400,0.0,0.0
2015-01-02,22568.043434282157,22779.94994540218,22416.681640625,22416.681640625,1277800,0.0,0.0
2015-01-02,22356.138190035457,22946.44921875,22129.09548668371,22946.44921875,3387800,0.0,0.0
2015-01-02,23006.99386815515,23218.900390625,22795.0873456853,23218.900390625,2594100,0.0,0.0
2015-01-02,23188.62742279895,23188.62742279895,22946.448546320633,23037.265625,1416000,0.0,0.0
2015-01-02,23037.267018649192,23551.897162298388,23022.130837953628,23461.080078125,3822400,0.0,0.0
2015-01-02,23491.35031687792,23491.35031687792,22598.315736532688,22689.1328125,3227400,0.0,0.0
2015-01-02,22764.815056068604,23203.764282548647,22719.406515398252,22946.44921875,2000900,0.0,0.0
2015-01-02,22825.360330561158,22825.360330561158,21886.917133946572,22522.63671875,2838000,0.0,0.0
2015-01-02,22522.63411624204,23763.80078125,22522.63411624204,23763.80078125,13410000,0.0,0.0
2015-01-02,23642.71412538858,23642.71412538858,22976.722178194534,23128.083984375,1215800,0.0,0.0
2015-01-02,23249.172750977836,23370.26219238918,23022.130048331568,23218.900390625,1184700,0.0,0.0
2015-01-02,23249.171875,23370.26131184896,23158.35479736328,23249.171875,1471500,0.0,0.0
2015-01-02,23309.716796875004,23521.623313210228,23128.082640016237,23309.716796875,3260500,0.0,0.0
2015-01-02,23430.805326659847,24066.52485102659,23370.26061005349,24051.388671875,4144700,0.0,0.0
2015-01-02,24096.798885569853,24823.33553538603,24096.798885569853,24702.24609375,5353500,0.0,0.0
2015-01-02,24793.061290981972,25126.057230177088,23249.17102744097,23718.392578125,8988400,0.0,0.0
2015-01-02,23869.753365918463,24369.24725372779,23824.34483066307,23854.6171875,8890800,0.0,0.0
2015-01-02,24051.390487938595,24233.02465147243,24036.25430764411,24157.34375,5651200,0.0,0.0
2015-01-02,24460.069093152375,24702.247995064776,24293.5710980876,24535.75,5018800,0.0,0.0
2015-01-02,24535.75024593139,24793.065331792484,24338.97988615526,24762.79296875,3738800,0.0,0.0
2015-01-02,24823.33472644377,25126.058320668693,24762.790007598785,24899.015625,5781000,0.0,0.0
2015-01-02,24944.424636850155,25110.92261682913,24429.79451691514,24747.654296875,12093500,0.0,0.0
2015-01-02,27308.669921875,27308.669921875,27308.669921875,27308.669921875,634700,6416.0,0.0
2015-01-02,25405.50390625,25405.50390625,25405.50390625,25405.50390625,1914000,0.0,0.0
2015-01-02,24561.645310242053,25136.186721007947,24507.782052982748,24848.916015625,6879100,0.0,0.0
2015-01-02,24830.96397939446,24830.96397939446,24220.513671875,24220.513671875,5871600,0.0,0.0
2015-01-02,24202.559544573644,24202.559544573644,23125.29428294574,23161.203125,6301500,0.0,0.0
2015-01-02,23215.063602617305,24364.146410480807,23215.063602617305,24202.556640625,4753400,0.0,0.0
2015-01-02,24418.01037822878,24615.508991582104,24220.51176487546,24328.23828125,3251100,0.0,0.0
2015-01-02,24382.100138346355,24382.100138346355,24058.9206077939,24130.73828125,1880500,0.0,0.0
2015-01-02,24130.740146396394,24148.694566148177,23807.5605908643,23915.287109375,2192500,0.0,0.0
2015-01-02,23915.28729281768,23951.196132596684,22748.25,22748.25,3841100,0.0,0.0
2015-01-02,22766.206391486223,23125.294820374016,21994.166269377463,22802.115234375,2839000,0.0,0.0
2015-01-02,22766.20294957899,22927.792718148557,22371.20573752005,22389.16015625,2089500,0.0,0.0
2015-01-02,21976.207327677068,22030.070580931177,21240.07619987089,21293.939453125,4819400,0.0,0.0
2015-01-02,21293.940869140624,21868.482275390626,21293.940869140624,21545.302734375,2527800,0.0,0.0
2015-01-02,21563.257766736402,21760.756380753137,21311.895894351463,21455.53125,1824400,0.0,0.0
2015-01-02,21473.48641219992,22012.119014512624,21473.48641219992,21688.939453125,1704700,0.0,0.0
2015-01-02,21042.578422026967,21150.30493271994,20288.492847176174,20306.447265625,5874300,0.0,0.0
2015-01-02,20108.950471698114,20306.44909240229,19767.816490481804,19983.26953125,2497500,0.0,0.0
2015-01-02,19983.269510135135,20360.31233108108,19893.49740990991,19929.40625,2256800,0.0,0.0
2015-01-02,20019.17761896307,20198.721812855114,19749.861328125,19749.861328125,1488900,0.0,0.0
2015-01-02,19749.85889971483,19767.813316896387,18780.320371910646,18888.046875,4314300,0.0,0.0
2015-01-02,18816.231986968625,18816.231986968625,17738.966796875,17738.966796875,5010200,0.0,0.0
2015-01-02,18026.236353339125,18313.50705219712,17846.69216655288,18080.099609375,2899300,0.0,0.0
2015-01-02,18313.5071531526,18493.051340928607,18169.871802931797,18295.552734375,2028400,0.0,0.0
2015-01-02,18169.87162606463,18241.68930047595,17792.828835405184,17918.509765625,0,0.0,0.0
2015-01-02,17379.87614889706,17379.87614889706,16948.97012867647,17092.60546875,3226500,0.0,0.0
2015-01-02,16877.15495483528,17487.605240435707,16805.337274176407,16895.109375,1754500,0.0,0.0
2015-01-02,16895.10655263874,16966.924221300327,16284.656369015234,16500.109375,2568000,0.0,0.0
2015-01-02,16589.884107529793,16787.38272785753,16392.385487202057,16571.9296875,2273100,0.0,0.0
2015-01-02,16230.794103107344,16284.657357874294,15889.66015625,15889.66015625,3356200,0.0,0.0
2015-01-02,16158.978258070054,16571.92992466518,16033.297316062843,16338.5224609375,3362700,0.0,0.0
2015-01-02,16913.061893644404,17164.423747690074,16751.47213032933,17002.833984375,3738400,0.0,0.0
2015-01-02,16877.154109238538,16913.062947768834,16374.430369814412,16446.248046875,2980700,0.0,0.0
2015-01-02,16769.42843384697,17092.6079968119,16625.793072529224,16895.109375,2706800,0.0,0.0
2015-01-02,16913.06306642723,17092.607260338347,16643.746775560554,16715.564453125,1522900,0.0,0.0
2015-01-02,16877.153662420384,17128.51552547771,16733.51831210191,16913.0625,1999300,0.0,0.0
2015-01-02,16913.06313580452,16913.06313580452,16661.701263297873,16877.154296875,1178200,0.0,0.0
2015-01-02,16877.15495483528,17002.83589598831,16715.565173352818,16895.109375,1511000,0.0,0.0
2015-01-02,16895.110832796392,17505.56117106959,16787.384302512888,17415.7890625,2127900,0.0,0.0
2015-01-02,17649.19389754257,17792.829249709754,17254.196679082816,17397.83203125,3398900,0.0,0.0
2015-01-02,17236.2421875,17397.831958007813,16984.880322265624,17236.2421875,1177400,0.0,0.0
2015-01-02,17236.242163009403,17415.78635220742,17146.470068410395,17182.37890625,1397800,0.0,0.0
2015-01-02,17290.10544433594,17505.558471679688,17164.42451171875,17236.2421875,1590500,0.0,0.0
2015-01-02,17308.06052451873,17487.604720831165,17254.197265625,17254.197265625,1117500,0.0,0.0
2015-01-02,17308.061143436193,17397.83324480256,17164.42578125,17164.42578125,1705700,0.0,0.0
2015-01-02,17200.333349609376,17290.10544433594,17164.42451171875,17236.2421875,841300,0.0,0.0
2015-01-02,17272.15041693653,17326.013671875,17236.24158031088,17326.013671875,954200,0.0,0.0
2015-01-02,17487.60234216692,17864.645103137664,17487.60234216692,17721.009765625,2762400,0.0,0.0
2015-01-02,17738.966185171197,17990.328054191843,17738.966185171197,17828.73828125,1587300,0.0,0.0
2015-01-02,17846.691433676027,18062.144448971914,17846.691433676027,17900.5546875,2198700,0.0,0.0
2015-01-02,17918.5093460083,18511.00514602661,17900.554927825928,18385.32421875,2399800,0.0,0.0
2015-01-02,18241.688600352114,18277.597436179578,17792.828152508802,17846.69140625,3184900,0.0,0.0
2015-01-02,17882.600457391945,18421.233001289293,17882.600457391945,18277.59765625,1717900,0.0,0.0
2015-01-02,18277.597081353557,18528.95892726608,18277.597081353557,18421.232421875,1222300,0.0,0.0
2015-01-02,18385.324752475248,18385.324752475248,18116.00847192141,18133.962890625,1113500,0.0,0.0
2015-01-02,18044.19330642884,18098.05657003012,17828.74025202372,17882.603515625,1610800,0.0,0.0
2015-01-02,17882.60165550595,18098.0546875,17846.692816840277,18098.0546875,1194700,0.0,0.0
2015-01-02,18169.872434242872,18385.325467059978,18133.96359544002,18259.64453125,1370500,0.0,0.0
2015-01-02,18295.552658957302,18349.415915068068,18098.05405321782,18133.962890625,967200,0.0,0.0
2015-01-02,18241.692080269608,18528.962821691177,18241.692080269608,18313.509765625,1604000,0.0,0.0
2015-01-02,18385.325863678805,19283.046853116244,18367.371443890057,19229.18359375,3412300,0.0,0.0
2015-01-02,19606.227392578126,20162.814433942523,19426.683185686386,20108.951171875,4262000,0.0,0.0
2015-01-02,20755.307454870574,20755.307454870574,19767.814453125,19767.814453125,4511100,0.0,0.0
2015-01-02,19893.497513888888,20288.494756944445,19893.497513888888,20198.72265625,2114900,0.0,0.0
2015-01-02,20288.492103869314,20324.40093945138,19965.312583630686,20126.90234375,1583800,0.0,0.0
2015-01-02,20108.947869955155,20108.947869955155,19444.634413536995,20019.17578125,1673400,0.0,0.0
2015-01-02,20019.177524342256,20073.040782255284,19534.408203125,19534.408203125,2968700,0.0,0.0
2015-01-02,19588.27402886285,19731.909402126737,19247.14001736111,19390.775390625,1748400,0.0,0.0
2015-01-02,19318.953675176057,19318.953675176057,19103.50066021127,19121.455078125,1254400,0.0,0.0
2015-01-02,19085.54707624195,19588.27079979301,19031.683820147195,19516.453125,998200,0.0,0.0
2015-01-02,19749.85992739899,19767.81434551481,19534.406910009184,19552.361328125,1128700,0.0,0.0
2015-01-02,19552.361328125,19678.04225493572,19516.452491893368,19552.361328125,759400,0.0,0.0
2015-01-02,19695.999361991016,19749.86262369199,19552.36399745507,19731.908203125,1059600,0.0,0.0
2015-01-02,19785.768378242396,20073.0390625,19660.087453879696,20073.0390625,1472500,0.0,0.0
2015-01-02,20108.949339207047,20557.80981552863,20108.949339207047,20378.265625,2871900,0.0,0.0
2015-01-02,20037.13272758152,20037.13272758152,19570.317807404892,19821.6796875,2156800,0.0,0.0
2015-01-02,19821.678539626002,20252.58459483526,19821.678539626002,20162.8125,1918600,0.0,0.0
2015-01-02,20288.49609375,20378.268200359515,20090.997459209073,20288.49609375,1193700,0.0,0.0
2015-01-02,20288.494777814714,20324.403618129432,20108.950576241135,20252.5859375,1196100,0.0,0.0
2015-01-02,20252.585895721924,20324.403576203207,20108.95053475936,20144.859375,1275000,0.0,0.0
2015-01-02,20180.766967449068,20342.356738540744,20180.766967449068,20270.5390625,1253500,0.0,0.0
2015-01-02,20288.4932205304,21293.940672167304,20288.4932205304,21114.396484375,4285800,0.0,0.0
2015-01-02,21258.03125,21509.39310599662,21240.076831714527,21258.03125,2471700,0.0,0.0
2015-01-02,21186.213416595197,21186.213416595197,20755.307381003433,20934.8515625,2042800,0.0,0.0
2015-01-02,20827.126864655926,20827.126864655926,20539.85614928136,20611.673828125,1221100,0.0,0.0
2015-01-02,20791.218178598163,21114.397735778446,20791.218178598163,20988.716796875,1274400,0.0,0.0
2015-01-02,21168.2622650199,21258.034369621342,20827.128267534423,20863.037109375,974800,0.0,0.0
2015-01-02,20863.034547049057,21078.487571631318,20863.034547049057,20952.806640625,789900,0.0,0.0
2015-01-02,20898.94264531115,20934.851481471476,20773.26171875,20773.26171875,951300,0.0,0.0
2015-01-02,20827.126364511987,21024.624976589257,20827.126364511987,20970.76171875,479900,0.0,0.0
2015-01-02,21635.07513777492,22514.841678647095,21635.07513777492,22245.525390625,4750100,0.0,0.0
2015-01-02,22263.478488783345,22568.703597097312,22155.75197996665,22209.615234375,2757000,0.0,0.0
2015-01-02,22425.068968549036,22460.97780596865,22245.524781450964,22335.296875,2071000,0.0,0.0
2015-01-02,22299.390548780488,22299.390548780488,22048.028658536587,22083.9375,1954300,0.0,0.0
2015-01-02,22083.9375,22263.481707317074,21976.210975609756,22083.9375,2184600,0.0,0.0
2015-01-02,22083.93542631173,22245.525197723768,21545.302854938273,21814.619140625,6157600,0.0,0.0
2015-01-02,22117.654296875,22393.141094167036,22038.94378336299,22117.654296875,4173700,2660.0,0.0
2015-01-02,22117.653728287158,22511.20628572999,22117.653728287158,22373.462890625,2239500,0.0,0.0
2015-01-02,22609.594458714862,23298.311435264055,22609.594458714862,23101.53515625,3756800,0.0,0.0
2015-01-02,23140.890880926723,23219.601394127156,22589.917288523706,22826.048828125,1882100,0.0,0.0
2015-01-02,22826.049408783783,22944.115181587837,22530.88497677365,22570.240234375,1121900,0.0,0.0
2015-01-02,22570.239660223597,22924.436969625538,22550.56203192349,22826.048828125,705900,0.0,0.0
2015-01-02,23101.53562432651,23101.53562432651,22826.048828125,22826.048828125,1258800,0.0,0.0
2015-01-02,22826.05180278019,22826.05180278019,22648.953125,22648.953125,939200,0.0,0.0
2015-01-02,22629.274066014274,22944.11613997621,22589.91880676903,22747.33984375,804300,0.0,0.0
2015-01-02,23101.537917159287,23101.537917159287,22786.695833109417,22885.083984375,991000,0.0,0.0
2015-01-02,22904.761163651314,22983.471683114036,22334.1098975466,22432.498046875,1566500,0.0,0.0
2015-01-02,22432.49752202643,22570.240927863437,22314.431745594713,22334.109375,1687600,0.0,0.0
2015-01-02,22373.467105263157,22904.763157894737,22373.467105263157,22806.375,1578700,0.0,0.0
2015-01-02,22707.98363597973,22826.049408783783,22570.240234375,22570.240234375,982100,0.0,0.0
2015-01-02,22570.24152949532,22570.24152949532,22038.945521390375,22078.30078125,1995300,0.0,0.0
2015-01-02,22038.94387637868,22038.94387637868,21389.582137163947,21409.259765625,2343400,0.0,0.0
2015-01-02,21409.25997150997,21409.25997150997,20622.154825498576,20720.54296875,2866400,0.0,0.0
2015-01-02,20681.188236575497,21035.385561274223,20622.15534912571,20818.931640625,1841300,0.0,0.0
2015-01-02,21133.773962436284,21507.648920803407,21114.09633304854,21232.162109375,2086600,0.0,0.0
2015-01-02,21527.32532300299,21645.391092598988,21330.549040343,21369.904296875,1633500,0.0,0.0
2015-01-02,21566.681955186534,21940.556916088488,21487.97143710191,21625.71484375,2127100,0.0,0.0
2015-01-02,21625.7161585632,21763.459573585893,21035.38723703736,21133.775390625,2027300,0.0,0.0
2015-01-02,21251.83873793658,21487.97027946921,21232.161109475528,21409.259765625,1230100,0.0,0.0
2015-01-02,21665.07010279231,21901.20165704618,21586.359584707687,21625.71484375,1108800,0.0,0.0
2015-01-02,21724.101456255667,21724.101456255667,21586.358059341,21704.423828125,630500,0.0,0.0
2015-01-02,21665.069726913152,21960.234164609516,21547.003951834606,21920.87890625,938900,0.0,0.0
2015-01-02,21920.877379388417,22176.68654090731,21802.81161253354,21999.587890625,1233500,0.0,0.0
2015-01-02,21960.233479962255,22176.687394191275,21606.036165769314,22157.009765625,1273000,0.0,0.0
2015-01-02,22157.008401113013,22157.008401113013,21547.001953125,21547.001953125,1183900,0.0,0.0
2015-01-02,21547.004011390854,21822.49082066891,21547.004011390854,21566.681640625,522200,0.0,0.0
2015-01-02,21547.00533973624,21743.781644208717,21448.6171875,21448.6171875,996500,0.0,0.0
2015-01-02,21448.61748210545,21448.61748210545,21094.420129189944,21133.775390625,915500,0.0,0.0
2015-01-02,21173.12922121177,21369.9055150892,21153.45159182403,21232.162109375,637800,0.0,0.0
2015-01-02,21251.840625,21330.55114583333,20661.51171875,20661.51171875,1446900,0.0,0.0
2015-01-02,20622.15566093308,21114.09639711946,20484.412254800896,20877.96484375,1714600,0.0,0.0
2015-01-02,20720.543349228898,20838.60912329858,19697.306640625,19697.306640625,1972200,0.0,0.0
2015-01-02,19756.338422943507,20110.53572534688,19736.66079503221,19854.7265625,639200,0.0,0.0
2015-01-02,19953.11565646488,20169.569573842706,19953.11565646488,20031.826171875,830900,0.0,0.0
2015-01-02,20031.82507157651,20208.923721521685,19933.43693271808,20189.24609375,652800,0.0,0.0
2015-01-02,20110.53823039941,20130.215860761833,19953.1171875,19953.1171875,424000,0.0,0.0
2015-01-02,19992.469776921134,20031.825032387515,19362.78568945905,19461.173828125,855900,0.0,0.0
2015-01-02,19697.307549192734,19756.340438950556,19500.53125,19500.53125,742700,0.0,0.0
2015-01-02,19539.88682289047,19716.985495001256,19500.5315624214,19559.564453125,433400,0.0,0.0
2015-01-02,19559.561751994683,19598.917007028875,19402.140731857904,19421.818359375,994700,0.0,0.0
2015-01-02,19421.821658203124,19815.374275390626,19421.821658203124,19677.630859375,684000,0.0,0.0
2015-01-02,19854.727302611343,20307.312761441928,19854.727302611343,19992.470703125,854800,0.0,0.0
2015-01-02,20307.312868731562,20307.312868731562,19933.437922504916,20012.1484375,692300,0.0,0.0
2015-01-02,20012.148648337832,20287.635453723015,20012.148648337832,20051.50390625,1029300,0.0,0.0
2015-01-02,20090.859689712524,20208.925466537476,20071.1820602417,20149.892578125,759300,0.0,0.0
2015-01-02,20169.570207595825,20189.24783706665,19953.116283416748,20149.892578125,733100,0.0,0.0
2015-01-02,20110.537004162587,20228.6027791381,20051.504116674827,20090.859375,527300,0.0,0.0
2015-01-02,20149.892051030423,20149.892051030423,20012.148648337832,20051.50390625,554900,0.0,0.0
2015-01-02,20071.18121770423,20110.53647499385,19972.793074480192,19992.470703125,340300,0.0,0.0
2015-01-02,19992.471819196428,20110.53759765625,19815.373151506697,19835.05078125,667600,0.0,0.0
2015-01-02,19835.04983108108,19913.760346283783,19657.951171875,19657.951171875,883400,0.0,0.0
2015-01-02,19677.6296021002,19677.6296021002,19402.1427876708,19441.498046875,1038500,0.0,0.0
2015-01-02,19461.17701040606,19500.532272307788,19303.755962799132,19323.43359375,750900,0.0,0.0
2015-01-02,19579.24279611125,19716.98621276731,19323.43359375,19323.43359375,760600,0.0,0.0
2015-01-02,19362.788959181078,19520.210007629707,19303.756066012844,19343.111328125,1006800,0.0,0.0
2015-01-02,19362.78630610647,19441.496819545926,18851.16796875,18851.16796875,1826400,0.0,0.0
2015-01-02,18870.847134188287,18969.235284001574,18772.458984375,18772.458984375,1089800,0.0,0.0
2015-01-02,18772.4584595627,18890.524236037934,18575.6821654373,18674.0703125,1173100,0.0,0.0
2015-01-02,18772.459606933593,19047.946435546877,18752.78197631836,18890.525390625,1484400,0.0,0.0
2015-01-02,18733.103515625,18851.169294084822,18693.74825613839,18733.103515625,941600,0.0,0.0
2015-01-02,18752.78197631836,19087.301696777344,18713.42671508789,18890.525390625,779400,0.0,0.0
2015-01-02,18772.458775111605,18792.13640485491,18595.360107421875,18733.103515625,1346100,0.0,0.0
2015-01-02,18733.10465342679,18969.236224688473,18654.394129672895,18949.55859375,740500,0.0,0.0
2015-01-02,18949.55627516296,19579.240388148643,18929.878646632154,19244.720703125,1604300,0.0,0.0
2015-01-02,19244.721607050622,19382.465013236055,18929.87953576963,19047.9453125,1229900,0.0,0.0
2015-01-02,19047.94473114169,19343.10916395897,18910.201329160296,19303.75390625,509900,0.0,0.0
2015-01-02,19323.432684129282,20149.893145161288,19323.432684129282,19520.208984375,1644300,0.0,0.0
2015-01-02,19559.563237543705,19697.306640625,19421.819834462414,19697.306640625,595100,0.0,0.0
2015-01-02,19756.34088387574,19992.472448224853,19598.91984097633,19953.1171875,616800,0.0,0.0
2015-01-02,19953.1171875,20051.50533931213,19638.275101701183,19953.1171875,1044700,0.0,0.0
2015-01-02,19972.79543887868,20346.670427389705,19972.79543887868,20071.18359375,1272300,0.0,0.0
2015-01-02,20110.535582663255,20326.9894881518,19894.08167717471,20189.24609375,919800,0.0,0.0
2015-01-02,20149.891943127965,20799.253695201423,20110.53668542654,20759.8984375,1695100,0.0,0.0
2015-01-02,20700.866846177185,20700.866846177185,20208.92609412925,20267.958984375,1593300,0.0,0.0
2015-01-02,20366.346784319197,21094.419084821428,20366.346784319197,20936.998046875,2019700,0.0,0.0
2015-01-02,20976.354035364147,21133.775078781513,20956.676404936978,21074.7421875,1109500,0.0,0.0
2015-01-02,21114.096852657978,21566.68233971402,21114.096852657978,21330.55078125,1179200,0.0,0.0
2015-01-02,21330.550256313716,21468.29366202792,20976.352927334337,21232.162109375,1040300,0.0,0.0
2015-01-02,21291.19499753823,21566.681808966638,21212.484479987255,21232.162109375,920000,0.0,0.0
2015-01-02,21251.838998367537,21291.194255771923,21055.062711345618,21094.41796875,470400,0.0,0.0
2015-01-02,21094.418599257886,21369.905409322822,21094.418599257886,21212.484375,680500,0.0,0.0
2015-01-02,21369.903624487706,21645.390411543714,21369.903624487706,21606.03515625,2054500,0.0,0.0
2015-01-02,21625.71452832744,21645.39215756159,21330.55008981524,21566.681640625,779000,0.0,0.0
2015-01-02,21606.036899093295,21901.201337605497,21566.681640625,21566.681640625,1150300,0.0,0.0
2015-01-02,21586.359969586025,21606.037599458024,21271.517891633994,21330.55078125,908900,0.0,0.0
2015-01-02,21369.90477058069,21448.61528538946,20956.674567834656,21094.41796875,1435600,0.0,0.0
2015-01-02,21094.419583333332,21173.130104166667,20523.768307291666,20661.51171875,1127700,0.0,0.0
2015-01-02,20641.832611908783,20759.898384712837,20307.312922297297,20386.0234375,1207800,0.0,0.0
2015-01-02,20405.70249984845,20661.511692228418,20149.893307468476,20287.63671875,1111800,0.0,0.0
2015-01-02,20287.63596032634,21015.708249882187,20287.63596032634,20877.96484375,1247900,0.0,0.0
2015-01-02,20877.965573428723,21114.097135050913,20661.511641941714,21015.708984375,864100,0.0,0.0
2015-01-02,21074.74034004781,21133.773226154386,20956.674567834656,21094.41796875,784900,0.0,0.0
2015-01-02,21035.3859849488,21133.774132680082,20759.8991713012,20897.642578125,569200,0.0,0.0
2015-01-02,21055.063756353975,21409.261090573014,21055.063756353975,21291.1953125,837800,0.0,0.0
2015-01-02,21291.193504254694,21310.871132262324,20897.640944102113,20956.673828125,1201700,0.0,0.0
2015-01-02,20956.67408320424,21074.739852687082,20622.15440300286,20641.83203125,1271200,0.0,0.0
2015-01-02,20681.189140028626,20877.965440124048,20622.15625,20622.15625,717600,0.0,0.0
2015-01-02,20779.575281425892,20996.029190607413,20661.509512781427,20976.3515625,815500,0.0,0.0
2015-01-02,21015.708984375,21153.452395321277,20976.353724104632,21015.708984375,424600,0.0,0.0
2015-01-02,21055.063756353975,21448.616349930682,21055.063756353975,21291.1953125,910100,0.0,0.0
2015-01-02,21291.193677995394,21448.614703341013,21291.193677995394,21350.2265625,604000,0.0,0.0
2015-01-02,21448.61448955448,21547.00262941482,21251.838209833797,21310.87109375,1052200,0.0,0.0
2015-01-02,21369.905726034922,21409.26098519889,21251.839948543016,21271.517578125,555300,0.0,0.0
2015-01-02,21330.547863372092,21350.225490552326,21094.416337209303,21153.44921875,587100,0.0,0.0
2015-01-02,21192.805148680032,21251.83803210254,20877.963103759994,20917.318359375,1178700,0.0,0.0
2015-01-02,21173.12907223796,21173.12907223796,20759.89885800283,20838.609375,976800,0.0,0.0
2015-01-02,20641.833355180366,20681.188614198825,20464.734689597313,20523.767578125,2016900,0.0,0.0
2015-01-02,20523.76809995229,20661.511510019085,20267.958909828245,20622.15625,1340300,0.0,0.0
2015-01-02,20622.156537669573,20641.83416795361,20307.314453125,20307.314453125,1321700,0.0,0.0
2015-01-02,20307.313653523488,20661.510984689598,20307.313653523488,20523.767578125,970200,0.0,0.0
2015-01-02,20838.608952902843,20877.964210604267,20681.187922097157,20759.8984375,812400,0.0,0.0
2015-01-02,20779.577290076337,20936.998330152674,20563.123359971374,20622.15625,1201700,0.0,0.0
2015-01-02,20641.834088541666,20779.5775,20582.801197916666,20661.51171875,574800,0.0,0.0
2015-01-02,20681.187922097157,20976.35235485782,20661.510293246447,20759.8984375,1795200,0.0,0.0
2015-01-02,20818.93080870515,21409.259659613614,20818.93080870515,21389.58203125,2812200,0.0,0.0
2015-01-02,21389.581818836406,21507.647587845622,21251.838421658987,21350.2265625,1752800,0.0,0.0
2015-01-02,21330.5494133574,21901.20064305054,21251.838898916965,21802.8125,2561500,0.0,0.0
2015-01-02,21842.167544925407,21901.20043018196,21724.101774412295,21763.45703125,1098100,0.0,0.0
2015-01-02,21763.460210503472,21763.460210503472,21251.841796875,21251.841796875,2104000,0.0,0.0
2015-01-02,21291.194831346944,21704.42504526403,21271.5172021128,21566.681640625,1344900,0.0,0.0
2015-01-02,21566.68233971402,21960.23493715406,21330.55078125,21330.55078125,3447300,0.0,0.0
2015-01-02,21428.936188998287,21665.06771725171,21409.258561643834,21547.001953125,830100,0.0,0.0
2015-01-02,21547.003271349862,21586.35852846648,21409.25987144169,21428.9375,800200,0.0,0.0
2015-01-02,21428.93724370758,21822.489810166855,21428.93724370758,21743.779296875,1673500,0.0,0.0
2015-01-02,21822.492291314753,22137.334380278717,21665.07124683277,21842.169921875,2232500,0.0,0.0
2015-01-02,21842.168179518885,22117.654985386693,21842.168179518885,21881.5234375,1236200,0.0,0.0
2015-01-02,22117.656749718466,22117.656749718466,21802.814660754502,21842.169921875,1650500,0.0,0.0
2015-01-02,21960.23384760351,21960.23384760351,21842.1680742293,21861.845703125,1067700,0.0,0.0
2015-01-02,21881.52219382146,22373.462890625,21881.52219382146,22373.462890625,2285300,0.0,0.0
2015-01-02,22432.498354108146,22648.952285595155,20996.031354239818,21015.708984375,7868300,0.0,0.0
2015-01-02,21015.707291171577,21015.707291171577,20464.73369177757,20700.865234375,2598500,0.0,0.0
2015-01-02,20700.864873769915,20996.029296875,20641.8319891489,20996.029296875,1748900,0.0,0.0
2015-01-02,21055.063444885312,21330.550256313716,21035.385815497568,21232.162109375,2480100,0.0,0.0
2015-01-02,21232.161793535084,21271.51705172514,20956.674986204693,21173.12890625,1331700,0.0,0.0
2015-01-02,21232.16354421264,21251.841174930167,21055.06486775489,21133.775390625,2061100,0.0,0.0
2015-01-02,21606.036899093295,21606.036899093295,21291.194831346944,21566.681640625,5801000,0.0,0.0
2015-01-02,21669.247684205755,21816.371577308997,21564.159189132013,21732.30078125,4189600,1747.0,0.0
2015-01-02,21816.37316929846,22089.6032764284,21732.30236710463,21795.35546875,2177700,0.0,0.0
2015-01-02,21858.40770914397,21858.40770914397,21459.071414457685,21606.1953125,1532800,0.0,0.0
2015-01-02,21606.19592344819,21711.284425021382,21459.072021245724,21501.107421875,1050800,0.0,0.0
2015-01-02,21501.105709782078,21501.105709782078,21206.85792880754,21459.0703125,1003500,0.0,0.0
2015-01-02,21459.071161936023,21501.106560882028,21290.929566151997,21311.947265625,994300,0.0,0.0
2015-01-02,21290.92943138451,21290.92943138451,20954.64624194507,20996.681640625,1366500,0.0,0.0
2015-01-02,20996.68199736926,21185.841294642858,20597.345703125,20597.345703125,1283800,0.0,0.0
2015-01-02,20597.34547219439,20996.681761961423,20176.991482965932,20975.6640625,1155600,0.0,0.0
2015-01-02,21206.859375,21269.912475222995,21038.71777440535,21206.859375,1274700,0.0,0.0
2015-01-02,21227.876702120982,21438.053699171687,20891.593506839858,20933.62890625,814700,0.0,0.0
2015-01-02,21017.70007238167,21143.80627281596,20807.523071657855,20870.576171875,607100,0.0,0.0
2015-01-02,21122.78819555166,21122.78819555166,20555.31030373087,20597.345703125,892000,0.0,0.0
2015-01-02,20597.344261907765,20912.60973530431,20597.344261907765,20849.556640625,390400,0.0,0.0
2015-01-02,20891.593276164942,21311.947265625,20849.557877218936,21311.947265625,1023900,0.0,0.0
2015-01-02,20681.41772312373,20912.612433443202,20198.01060154665,20723.453125,2061100,0.0,0.0
2015-01-02,20681.416501913267,20849.558099489797,20597.345703125,20597.345703125,621700,0.0,0.0
2015-01-02,20639.38109439834,20681.416493775934,20261.0625,20261.0625,1212000,0.0,0.0
2015-01-02,20303.099363216683,20429.20557044163,20261.063960808366,20345.134765625,705700,0.0,0.0
2015-01-02,20345.133420950155,20387.168820580217,20219.02722205997,20240.044921875,1081800,0.0,0.0
2015-01-02,20240.045529469327,20576.32873660485,20240.045529469327,20471.240234375,792300,0.0,0.0
2015-01-02,20534.29186130799,20807.521947487112,20261.061775128866,20387.16796875,864500,0.0,0.0
2015-01-02,20597.346560251797,20597.346560251797,20345.134153391573,20450.22265625,559900,0.0,0.0
2015-01-02,20450.221065560567,20513.274162371134,20387.16796875,20387.16796875,651700,0.0,0.0
2015-01-02,20387.167727623455,20513.273919753086,20387.167727623455,20429.203125,592900,0.0,0.0
2015-01-02,20450.222411858973,20597.346314102564,20429.20471153846,20492.2578125,745800,0.0,0.0
2015-01-02,20492.256974887274,21017.699461422846,20282.079980273047,20975.6640625,1044000,0.0,0.0
2015-01-02,20996.681640625,21185.840934684686,20786.50464722535,20996.681640625,1656200,0.0,0.0
2015-01-02,21017.700074331024,21206.859375,20849.558473736375,21206.859375,1208500,0.0,0.0
2015-01-02,21206.858527236098,21522.12401574803,21164.82312876784,21353.982421875,1173200,0.0,0.0
2015-01-02,21206.859249245474,21227.87694919517,20849.558350100604,20891.59375,1071300,0.0,0.0
2015-01-02,20891.593007653708,20891.593007653708,20660.398316422128,20681.416015625,720300,0.0,0.0
2015-01-02,20681.417234848486,20807.5234375,20660.399534406566,20807.5234375,414700,0.0,0.0
2015-01-02,20807.52306966479,20807.52306966479,20387.169068257423,20534.29296875,880300,0.0,0.0
2015-01-02,20576.32799533195,20576.32799533195,20261.0625,20261.0625,1090100,0.0,0.0
2015-01-02,20261.061535493827,20450.220823688273,20240.043836805555,20429.203125,822100,0.0,0.0
2015-01-02,20429.20557044163,20471.240972849948,20345.134765625,20345.134765625,405700,0.0,0.0
2015-01-02,20387.168943282224,20408.186643223755,20176.991943866946,20219.02734375,693400,0.0,0.0
2015-01-02,20219.028202715966,20282.08130521924,19819.69188686191,20071.904296875,829300,0.0,0.0
2015-01-02,20092.919921875,20176.990716527198,20050.884524548903,20092.919921875,390100,0.0,0.0
2015-01-02,20092.92018363402,20513.274162371134,20092.92018363402,20387.16796875,749400,0.0,0.0
2015-01-02,20387.16770315769,20387.16770315769,20071.902223211953,20092.919921875,923700,0.0,0.0
2015-01-02,20134.956787109375,20176.9921875,19840.708984375,19840.708984375,1221400,0.0,0.0
2015-01-02,19882.74341435793,20050.885007714023,19840.708016018907,20008.849609375,595100,0.0,0.0
2015-01-02,20008.849851973682,20029.867551398023,19861.725956003287,19966.814453125,397500,0.0,0.0
2015-01-02,19966.813729896705,20155.973017864148,19945.796031233658,20092.919921875,819300,0.0,0.0
2015-01-02,20155.973161125774,20513.27404093718,20155.973161125774,20408.185546875,603300,0.0,0.0
2015-01-02,20408.187837890626,21122.789677734374,20408.187837890626,21017.701171875,1712400,0.0,0.0
2015-01-02,21017.699249031008,21753.31872274709,21017.699249031008,21690.265625,2145800,0.0,0.0
2015-01-02,21690.265878943595,22089.602169350503,21690.265878943595,21984.513671875,1974000,0.0,0.0
2015-01-02,22005.531371370103,22362.832262786807,21711.283578438695,21984.513671875,1414100,0.0,0.0
2015-01-02,21963.498666616586,22110.622581129806,21711.28624173678,21858.41015625,918200,0.0,0.0
2015-01-02,21837.388888038688,21942.47738124388,21459.0703125,21459.0703125,2057800,0.0,0.0
2015-01-02,21459.071656463206,21774.337155823585,21459.071656463206,21564.16015625,572800,0.0,0.0
2015-01-02,21690.267095588235,21753.320197610294,21438.0546875,21438.0546875,740300,0.0,0.0
2015-01-02,21480.08984375,21648.23144722358,21290.93053984222,21480.08984375,664200,0.0,0.0
2015-01-02,21480.09008884804,21585.178592218137,21332.966184129902,21438.0546875,544100,0.0,0.0
2015-01-02,21543.1429412783,22005.53235074964,21543.1429412783,21816.373046875,1359300,0.0,0.0
2015-01-02,21858.407218992248,21921.46031673934,21648.23022650194,21690.265625,822400,0.0,0.0
2015-01-02,21690.267684455586,22026.550904369626,21501.10837325394,22005.533203125,1600200,0.0,0.0
2015-01-02,22068.58460105443,22404.86779497526,22047.56690143438,22299.779296875,2390000,0.0,0.0
2015-01-02,22362.83419504113,22993.365234375,22320.798792418875,22993.365234375,3903100,0.0,0.0
2015-01-02,22993.362760905253,23476.76983905957,22404.8671875,22404.8671875,3158000,0.0,0.0
2015-01-02,22404.86865512334,22551.992558111953,22152.65625,22152.65625,1127700,0.0,0.0
2015-01-02,22152.65575890715,22467.921258322338,21732.3017596869,21900.443359375,1374300,0.0,0.0
2015-01-02,21900.443603515625,22194.69140625,21879.425903320312,22194.69140625,447800,0.0,0.0
2015-01-02,22194.69251432665,22425.88722801755,22005.533203125,22005.533203125,1074900,0.0,0.0
2015-01-02,22026.55004743833,22383.850954696394,22026.55004743833,22152.65625,842800,0.0,0.0
2015-01-02,22257.74303224513,22278.760731048005,21900.442152596246,22110.619140625,1271500,0.0,0.0
2015-01-02,22152.656851525822,22488.940067488264,22152.656851525822,22383.8515625,1142300,0.0,0.0
2015-01-02,22278.76136758573,22678.09765625,22194.690569972197,22678.09765625,1614900,0.0,0.0
2015-01-02,22615.045282012194,22615.045282012194,21353.983277439023,21543.142578125,2754700,0.0,0.0
2015-01-02,21648.229600269344,21879.424285320765,21227.875627448582,21459.0703125,2320900,0.0,0.0
2015-01-02,21522.124031007752,21900.44261749031,21522.124031007752,21690.265625,1622400,0.0,0.0
2015-01-02,21732.302857272505,21984.515269542593,21522.125847047435,21711.28515625,815600,0.0,0.0
2015-01-02,21816.371577308997,21984.513169426984,21648.229985191007,21732.30078125,1016300,0.0,0.0
2015-01-02,21795.354743935906,22362.83263987252,21795.354743935906,22257.744140625,1560000,0.0,0.0
2015-01-02,22341.81518668453,22636.062987826186,22341.81518668453,22551.9921875,1205800,0.0,0.0
2015-01-02,22005.531007954003,22194.690300285987,21879.424813066013,22047.56640625,2048100,0.0,0.0
2015-01-02,22047.566527388477,22110.61962517891,21921.46033180761,22026.548828125,916500,0.0,0.0
2015-01-02,22110.620483975876,22446.903685253077,22110.620483975876,22215.708984375,1122000,0.0,0.0
2015-01-02,22236.726440775496,22299.77954032401,22026.54944228045,22257.744140625,792200,0.0,0.0
2015-01-02,22257.744506835938,22320.797607421875,22173.673706054688,22194.69140625,800000,0.0,0.0
2015-01-02,22236.727411843956,22530.97522258669,22194.692010309278,22425.88671875,859100,0.0,0.0
2015-01-02,22341.813729610032,22551.990716718312,22110.619043790924,22467.919921875,1942500,0.0,0.0
2015-01-02,22467.92212028468,22762.169931027413,22383.851317215325,22425.88671875,1979500,0.0,0.0
2015-01-02,22425.887073206017,22762.17029079861,22425.887073206017,22699.1171875,1913400,0.0,0.0
2015-01-02,22825.223394097222,22867.258796296297,22530.975578703703,22699.1171875,964900,0.0,0.0
2015-01-02,22699.11608987603,22888.275390625,22699.11608987603,22888.275390625,1236800,0.0,0.0
2015-01-02,22888.275634990227,23329.647341450094,22783.187133452164,22846.240234375,2526100,0.0,0.0
2015-01-02,22846.23999045856,22993.363891041092,22762.16919012569,22888.275390625,1453400,0.0,0.0
2015-01-02,23203.540650406503,23644.912347560978,23182.522950542007,23266.59375,4146500,0.0,0.0
2015-01-02,23392.699339942108,23686.94713038163,23287.610843356564,23371.681640625,2851500,0.0,0.0
2015-01-02,23287.61034090909,23476.769630681818,23098.451051136362,23119.46875,2729700,0.0,0.0
2015-01-02,23119.469845611824,23245.576044769707,22804.204347717117,22930.310546875,2444900,0.0,0.0
2015-01-02,22951.328490874657,23119.470091540403,22867.25769054178,22888.275390625,1709600,0.0,0.0
2015-01-02,22909.29309070822,23035.39929120753,22783.186890208908,22888.275390625,3133800,0.0,0.0
2015-01-02,22978.95703125,23089.009507453302,22890.915050287356,22978.95703125,2918600,1228.0,0.0
2015-01-02,22912.92651179387,22978.95800030048,22868.90551945613,22890.916015625,1520000,0.0,0.0
2015-01-02,22890.914840047393,23375.14573089455,22890.914840047393,23221.072265625,2487100,0.0,0.0
2015-01-02,23221.073473282442,23221.073473282442,23000.96851145038,23067.0,850600,0.0,0.0
2015-01-02,23067.000468447775,23089.010965077974,22714.832522364602,22758.853515625,2332800,0.0,0.0
2015-01-02,22868.905758422734,23022.979233214803,22802.874269226133,22824.884765625,886200,0.0,0.0
2015-01-02,22824.88452711839,23000.96849646935,22802.87403094952,22890.916015625,1246700,0.0,0.0
2015-01-02,22890.91698841699,22956.94847972973,22758.854005791505,22802.875,1742900,0.0,0.0
2015-01-02,22890.91675620821,23089.011228136937,22890.91675620821,23044.990234375,2831400,0.0,0.0
2015-01-02,23111.020090322952,23705.303464074117,23111.020090322952,23683.29296875,3048500,0.0,0.0
2015-01-02,23683.294165292176,23837.367640345194,23331.126222313855,23353.13671875,2864200,0.0,0.0
2015-01-02,23419.16894162736,23507.210930129717,23155.042976120283,23331.126953125,1414900,0.0,0.0
2015-01-02,23331.126953125,23375.14794737618,22758.85402785967,23331.126953125,2047400,0.0,0.0
2015-01-02,23331.125730347027,23485.199202151205,22934.936802850567,23309.115234375,1689000,0.0,0.0
2015-01-02,23287.1044829222,23287.1044829222,22912.926055502845,23199.0625,1321400,0.0,0.0
2015-01-02,23199.062222322285,23199.062222322285,22890.9152857829,22912.92578125,1625400,0.0,0.0
2015-01-02,22956.946536009338,23044.988516971982,22846.894059806033,22978.95703125,827100,0.0,0.0
2015-01-02,22978.95873435996,23022.979728103946,22846.895753128007,22868.90625,704700,0.0,0.0
2015-01-02,23243.084223646725,23463.189187885804,23022.979259407646,23177.052734375,1790500,0.0,0.0
2015-01-02,23243.082473608447,23375.145442208493,22934.935546875,22934.935546875,1439500,0.0,0.0
2015-01-02,22934.935546875,22934.935546875,22802.872578274953,22934.935546875,1072300,0.0,0.0
2015-01-02,22934.936276717097,23000.967763118395,22758.852312980307,22912.92578125,857400,0.0,0.0
2015-01-02,23000.968736815936,23000.968736815936,22824.884765625,22824.884765625,665000,0.0,0.0
2015-01-02,22868.905026944845,22890.91552263969,22758.85254847062,22846.89453125,573800,0.0,0.0
2015-01-02,22846.896488109465,23155.0434542304,22780.864995369262,23022.98046875,1248300,0.0,0.0
2015-01-02,23177.052951598766,23177.052951598766,22758.853515625,22758.853515625,2334900,0.0,0.0
2015-01-02,22802.87353986031,23000.96800111392,22802.87353986031,22846.89453125,838300,0.0,0.0
2015-01-02,22846.895262023867,22934.937247619335,22824.884765625,22824.884765625,508600,0.0,0.0
2015-01-02,22890.915760869564,22890.915760869564,22780.86328125,22780.86328125,671700,0.0,0.0
2015-01-02,22802.874269226133,22824.884765625,22758.8532764284,22824.884765625,871200,0.0,0.0
2015-01-02,22824.884255948757,22824.884255948757,22582.768800967624,22604.779296875,1536100,0.0,0.0
2015-01-02,22626.789792782376,22714.83177641188,22604.779296875,22604.779296875,517400,0.0,0.0
2015-01-02,22626.788304970618,22626.788304970618,22450.70434928991,22472.71484375,1081200,0.0,0.0
2015-01-02,22450.70434928991,22494.725338210086,22186.578415768854,22472.71484375,1217000,0.0,0.0
2015-01-02,22472.717036698796,22472.717036698796,22252.612070619474,22406.685546875,532400,0.0,0.0
2015-01-02,22406.68454119036,22406.68454119036,22010.495620029822,22142.55859375,1243800,0.0,0.0
2015-01-02,22142.558831318544,22428.695277448904,22076.52734375,22076.52734375,2220200,0.0,0.0
2015-01-02,22076.52666015625,22450.705078125,22076.52666015625,22450.705078125,1298000,0.0,0.0
2015-01-02,22450.706273320895,22450.706273320895,22098.538331778607,22120.548828125,622400,0.0,0.0
2015-01-02,22142.559825277094,22384.675290563424,22142.559825277094,22340.654296875,770500,0.0,0.0
2015-01-02,22450.706528465347,22450.706528465347,22120.54907951733,22230.6015625,1119800,0.0,0.0
2015-01-02,22230.600360281464,22384.673828125,22032.50590162549,22384.673828125,916900,0.0,0.0
2015-01-02,22384.67503867574,22428.69603186881,22208.591065903467,22230.6015625,830500,0.0,0.0
2015-01-02,22186.57958499006,22362.6635499503,22120.54809812997,22142.55859375,773600,0.0,0.0
2015-01-02,22142.558168166343,22758.852033681906,22120.54767296936,22626.7890625,1657700,0.0,0.0
2015-01-02,23331.125954198473,23397.157442748092,22868.905534351146,23067.0,2726900,0.0,0.0
2015-01-02,23177.051510887002,23243.082996673005,23066.999034576995,23155.041015625,2185100,0.0,0.0
2015-01-02,23155.042976120283,23375.14794737618,23155.042976120283,23331.126953125,2175500,0.0,0.0
2015-01-02,23331.126483938548,23749.325920914805,23331.126483938548,23639.2734375,3255700,0.0,0.0
2015-01-02,23639.27294557486,23683.29393802472,23353.13649465077,23595.251953125,1827600,0.0,0.0
2015-01-02,23507.208984375,23573.240470286168,23419.167003160113,23507.208984375,1193000,0.0,0.0
2015-01-02,23507.210723458902,24563.71457619863,23507.210723458902,24101.494140625,5154500,0.0,0.0
2015-01-02,24145.515878312275,24651.757323345257,24145.515878312275,24607.736328125,4856600,0.0,0.0
2015-01-02,24607.732860620472,24607.732860620472,24057.470497905342,24299.5859375,2875200,0.0,0.0
2015-01-02,24321.597636665338,24519.692097054467,24123.50317627621,24145.513671875,1507600,0.0,0.0
2015-01-02,24167.523909684067,24211.54490041209,23947.41895604396,24035.4609375,929700,0.0,0.0
2015-01-02,24035.460365853658,24035.460365853658,23441.177005159472,23463.1875,2146000,0.0,0.0
2015-01-02,23463.18801550883,24079.481884584107,23463.18801550883,23683.29296875,1315000,0.0,0.0
2015-01-02,23683.2949290821,23969.431391979935,23683.2949290821,23859.37890625,1664700,0.0,0.0
2015-01-02,23947.418977272726,24365.61838955966,23947.418977272726,24211.544921875,1310900,0.0,0.0
2015-01-02,24211.546384050547,24299.58837090164,23881.38893335895,24167.525390625,882600,0.0,0.0
2015-01-02,24167.525887719992,24497.683345202506,24101.49439622349,24387.630859375,1861800,0.0,0.0
2015-01-02,24387.628436377916,24563.71239620736,24211.544476548475,24519.69140625,1043800,0.0,0.0
2015-01-02,24519.692628923764,24563.713621076233,24387.629652466367,24541.703125,1045200,0.0,0.0
2015-01-02,24541.701461034463,25224.026793134974,24541.701461034463,24827.837890625,4022500,0.0,0.0
2015-01-02,24827.83909455843,24981.91256411686,24475.67116413916,24673.765625,1132700,0.0,0.0
2015-01-02,24673.764871100764,24827.838335951525,24409.6389313566,24519.69140625,687700,0.0,0.0
2015-01-02,24475.671382319822,24497.68187816723,24079.482457066442,24431.650390625,908800,0.0,0.0
2015-01-02,24431.649351347478,24431.649351347478,23815.35549383601,23991.439453125,1186600,0.0,0.0
2015-01-02,23991.44042069521,24189.534882884436,23683.29347951197,23903.3984375,667200,0.0,0.0
2015-01-02,23837.367627092237,23837.367627092237,23177.052734375,23177.052734375,1383000,0.0,0.0
2015-01-02,23177.05066647282,23419.16610553379,22450.70434928991,22472.71484375,1888500,0.0,0.0
2015-01-02,22560.75903463085,22692.822014345762,22274.62257858187,22582.76953125,1456000,0.0,0.0
2015-01-02,22538.749011857708,22538.749011857708,22274.623046875,22274.623046875,981100,0.0,0.0
2015-01-02,22362.66457628143,22846.89550214579,22362.66457628143,22758.853515625,571200,0.0,0.0
2015-01-02,22758.852144048455,23507.208984375,22538.747191011236,23507.208984375,1317600,0.0,0.0
2015-01-02,23353.13719070857,23529.221165756328,23044.990234375,23044.990234375,894700,0.0,0.0
2015-01-02,23044.988539314996,23331.124977721007,22934.936063004992,23155.041015625,453800,0.0,0.0
2015-01-02,23155.04195433624,23199.062946644863,22714.83203125,22714.83203125,981400,0.0,0.0
2015-01-02,22714.83203125,22846.89500817587,22516.737565861193,22714.83203125,526200,0.0,0.0
2015-01-02,22714.8327432266,22736.84324007081,22340.654296875,22340.654296875,836400,0.0,0.0
2015-01-02,22384.675532284462,22450.707023530136,22252.612549793106,22274.623046875,594700,0.0,0.0
2015-01-02,22274.621823998517,22406.684799239614,22120.548352883903,22252.611328125,798900,0.0,0.0
2015-01-02,22340.652816061694,22428.694797602824,21988.484889897176,22208.58984375,1550600,0.0,0.0
2015-01-02,22626.790015994095,22736.842496616635,22274.62207800197,22362.6640625,735000,0.0,0.0
2015-01-02,22362.663607402912,22670.810546875,22362.663607402912,22670.810546875,532800,0.0,0.0
2015-01-02,22780.86353478065,23044.989488807092,22670.811053936297,22890.916015625,676500,0.0,0.0
2015-01-02,22890.915050287356,23022.97802173132,22824.88356456537,22978.95703125,538900,0.0,0.0
2015-01-02,23022.97997104247,23221.074444980695,22714.83301158301,22802.875,611500,0.0,0.0
2015-01-02,22912.924818705145,23155.04025867225,22846.89333507775,23000.966796875,689600,0.0,0.0
2015-01-02,23022.978299432358,23397.156723036896,23000.967803926207,23265.09375,1068000,0.0,0.0
2015-01-02,23265.094480572327,23441.178450150925,23177.052495783028,23243.083984375,826200,0.0,0.0
2015-01-02,23243.084223646725,23331.126209342354,23155.042237951093,23177.052734375,426400,0.0,0.0
2015-01-02,23155.042953667955,23155.042953667955,22714.83301158301,22802.875,683300,0.0,0.0
2015-01-02,22802.87377717391,22802.87377717391,22494.72683423913,22780.86328125,683500,0.0,0.0
2015-01-02,22780.863298103428,22956.947265625,22604.779330581856,22956.947265625,709200,0.0,0.0
2015-01-02,22956.947248641303,23022.978736413042,22736.84228940217,22780.86328125,376800,0.0,0.0
2015-01-02,23331.124452675147,23331.124452675147,22758.851588741603,22934.935546875,583900,0.0,0.0
2015-01-02,22934.937465465373,22934.937465465373,22274.622567227405,22406.685546875,925900,0.0,0.0
2015-01-02,22428.69532961599,22868.90524776351,22076.52739509798,22604.779296875,691800,0.0,0.0
2015-01-02,22736.842480856278,22736.842480856278,22186.580078125,22186.580078125,417400,0.0,0.0
2015-01-02,22186.57982303091,22296.632302311813,22054.516847893818,22076.52734375,660800,0.0,0.0
2015-01-02,22626.78951707347,22626.78951707347,22032.506134815703,22318.642578125,619300,0.0,0.0
2015-01-02,22318.642341906343,22384.673828125,22098.53738784415,22384.673828125,344100,0.0,0.0
2015-01-02,22340.653581619263,22538.748046875,22340.653581619263,22538.748046875,453200,0.0,0.0
2015-01-02,22538.748299319726,22648.80078125,22340.653831845237,22648.80078125,533100,0.0,0.0
2015-01-02,22648.799322563045,22868.90427224782,22604.77833262609,22692.8203125,352400,0.0,0.0
2015-01-02,22692.820548090953,22868.90450966683,22516.73658651508,22626.7890625,728200,0.0,0.0
2015-01-02,22626.789256070366,22648.79975145565,22186.579348364718,22208.58984375,644900,0.0,0.0
2015-01-02,22230.600832251483,22362.66380749258,22098.537857010386,22252.611328125,468400,0.0,0.0
2015-01-02,22252.611566452753,22296.632558671256,22098.538093687996,22186.580078125,379700,0.0,0.0
2015-01-02,22164.568809793553,22230.600295820746,21746.369398288014,21856.421875,990000,0.0,0.0
2015-01-02,21812.403319323075,22010.497799518744,21482.245852330296,21724.361328125,691600,0.0,0.0
2015-01-02,21746.369398288014,22428.694753902317,21702.348407603222,21856.421875,973900,0.0,0.0
2015-01-02,21856.42149179193,21856.42149179193,20777.90723892405,20865.94921875,2066100,0.0,0.0
2015-01-02,20887.959994471905,21350.180394771072,20887.959994471905,21152.0859375,727100,0.0,0.0
2015-01-02,21130.075839653306,21218.117822318527,20249.656013001084,20315.6875,1785400,0.0,0.0
2015-01-02,20359.709964091093,20623.835931192814,20315.68896957414,20447.751953125,1186700,0.0,0.0
2015-01-02,20579.814702460106,20865.95116356383,20535.79370844415,20689.8671875,1027300,0.0,0.0
2015-01-02,20711.87575405459,20931.98070361946,20557.802289359177,20865.94921875,913500,0.0,0.0
2015-01-02,20953.992678852203,20998.013671875,20491.772252112816,20998.013671875,1178200,0.0,0.0
2015-01-02,20821.930185996338,21042.03515625,20337.699251438284,21042.03515625,1112100,0.0,0.0
2015-01-02,20887.960406736707,20887.960406736707,20425.739997314715,20491.771484375,1057100,0.0,0.0
2015-01-02,20513.782234909188,20601.82421875,20271.666779346957,20601.82421875,1342600,0.0,0.0
2015-01-02,20469.761465371623,20535.792953969594,20293.67749577703,20359.708984375,473200,0.0,0.0
2015-01-02,20359.70896946565,20403.72996183206,20161.614503816796,20183.625,1119500,0.0,0.0
2015-01-02,20183.62372395833,20337.697187499998,19677.38234375,19809.4453125,1516000,0.0,0.0
2015-01-02,19809.446787044704,20073.5727442053,19721.404801324505,19941.509765625,822100,0.0,0.0
2015-01-02,20029.552252490448,20425.741198144104,20007.54175550969,20161.615234375,586600,0.0,0.0
2015-01-02,20249.655954532813,20337.697936943827,19787.435546875,19787.435546875,1740200,0.0,0.0
2015-01-02,19787.435486607144,19853.466973214287,18840.98417857143,19259.18359375,1593900,0.0,0.0
2015-01-02,19281.194860105792,19787.436277665645,19281.194860105792,19765.42578125,966900,0.0,0.0
2015-01-02,19809.44584865196,20293.676747174566,19765.42485787718,20205.634765625,1743400,0.0,0.0
2015-01-02,20205.634765625,20315.687242561955,20029.55080252587,20205.634765625,1181800,0.0,0.0
2015-01-02,19369.23557416953,19611.35101884665,18840.983694873998,19215.162109375,3073300,0.0,0.0
2015-01-02,19281.193237170693,20117.59203056394,19237.17224804473,20051.560546875,3290600,0.0,0.0
2015-01-02,20513.78198006176,20777.9079283029,20315.687518880906,20491.771484375,3388300,0.0,0.0
2015-01-02,20491.771738948984,20689.866202590812,20381.71925914797,20601.82421875,1245500,0.0,0.0
2015-01-02,20865.950281943045,21878.433101530998,20843.939785865045,21834.412109375,4473900,0.0,0.0
2015-01-02,21922.455070217613,22164.570537860578,21680.339602574644,21746.37109375,4223600,0.0,0.0
2015-01-02,21768.380605309958,22010.496061991867,21504.254652566055,21658.328125,3318400,0.0,0.0
2015-01-02,21702.349132907006,21834.412109375,21570.28615643901,21834.412109375,5325400,0.0,0.0
2015-01-02,21877.974827367532,21926.377426543124,21466.552734375,21466.552734375,6782300,2245.0,0.0
2015-01-02,21345.545479598262,21635.961064354702,21321.34418086856,21611.759765625,2911500,0.0,0.0
2015-01-02,21732.7663869815,21877.974180213005,21563.357294878082,21587.55859375,3329300,0.0,0.0
2015-01-02,21611.761178429704,21732.76767998866,21345.546875,21345.546875,2916400,0.0,0.0
2015-01-02,21514.95571885605,21514.95571885605,21248.741418622736,21393.94921875,2714200,0.0,0.0
2015-01-02,21466.553247540345,21587.559748372027,21297.14414637599,21369.748046875,1644000,0.0,0.0
2015-01-02,21393.949475623584,21442.352076247163,21297.144274376416,21345.546875,1698900,0.0,0.0
2015-01-02,21393.947771661933,21393.947771661933,21248.739981356535,21297.142578125,1870400,0.0,0.0
2015-01-02,21297.14283171982,21297.14283171982,21176.136338357774,21248.740234375,1423800,0.0,0.0
2015-01-02,21272.942974064626,21345.546875,21200.33907312925,21345.546875,1268000,0.0,0.0
2015-01-02,21345.54573074495,21587.55872088945,21345.54573074495,21563.357421875,2018600,0.0,0.0
2015-01-02,21611.759638912194,21732.766131851233,21587.558340324387,21635.9609375,2375000,0.0,0.0
2015-01-02,21684.364689265538,21781.169888771186,21345.546490995763,21418.150390625,1592200,0.0,0.0
2015-01-02,21418.15051877121,21442.35181879242,21345.54661870758,21393.94921875,638400,0.0,0.0
2015-01-02,21539.157049499445,21781.170050055618,21539.157049499445,21756.96875,2269500,0.0,0.0
2015-01-02,21781.170178521716,21902.176679513504,21587.559776934857,21732.767578125,1764100,0.0,0.0
2015-01-02,21902.175908721656,22023.182405454925,21684.36421460177,21877.974609375,2323600,0.0,0.0
2015-01-02,21877.97359854715,22265.19437020285,21877.97359854715,22071.583984375,2527500,0.0,0.0
2015-01-02,22119.987038948766,22168.389636408174,21587.558466895294,21611.759765625,2735800,0.0,0.0
2015-01-02,21611.760568961334,21902.176164512886,21611.760568961334,21829.572265625,1890000,0.0,0.0
2015-01-02,21829.571756863963,21926.376953125,21708.565261537668,21926.376953125,1369400,0.0,0.0
2015-01-02,21853.77382161458,21853.77382161458,21781.169921875,21781.169921875,615400,0.0,0.0
2015-01-02,21781.168474469865,21926.376264299666,21539.155491420202,21684.36328125,1469500,0.0,0.0
2015-01-02,21684.364594894563,21829.572393521088,21684.364594894563,21805.37109375,876900,0.0,0.0
2015-01-02,21805.370838524363,21877.97473698782,21781.169539036546,21853.7734375,2043900,0.0,0.0
2015-01-02,21853.773268331694,21877.974567632173,21321.344683721178,21514.955078125,2012500,0.0,0.0
2015-01-02,21635.96170291385,21660.163002357825,21393.948708474098,21490.75390625,1445200,0.0,0.0
2015-01-02,21490.75339826233,21635.961191493832,21466.552099390414,21587.55859375,970400,0.0,0.0
2015-01-02,21587.5591040259,21684.3643018018,21466.552606806024,21490.75390625,1457000,0.0,0.0
2015-01-02,21490.754576141426,21732.767578125,21442.35197574471,21732.767578125,1808000,0.0,0.0
2015-01-02,21732.76681329508,21926.37720806831,21708.565513948426,21877.974609375,1067200,0.0,0.0
2015-01-02,21877.974228224917,22119.987217475194,21877.974228224917,21950.578125,1083600,0.0,0.0
2015-01-02,21974.779973447712,22216.79296875,21950.578673917484,22216.79296875,1663400,0.0,0.0
2015-01-02,22240.99483994306,23281.650746490996,22240.99483994306,22846.02734375,4774000,0.0,0.0
2015-01-02,22846.026280683032,23015.435373866065,22507.20809431697,22676.6171875,2106500,0.0,0.0
2015-01-02,22676.616429447244,22967.032008052756,22676.616429447244,22821.82421875,1233000,0.0,0.0
2015-01-02,22821.824360249728,22821.824360249728,21877.973723929746,22047.3828125,3290300,0.0,0.0
2015-01-02,22047.382884514664,22071.584182960894,21660.162109375,21660.162109375,6660000,0.0,0.0
2015-01-02,21660.162363084404,21877.974051651734,21418.149375787372,21611.759765625,2240200,0.0,0.0
2015-01-02,21635.96170291385,21781.169499577703,21490.75390625,21490.75390625,2644700,0.0,0.0
2015-01-02,21732.767419046944,21732.767419046944,21393.94921875,21393.94921875,1607900,0.0,0.0
2015-01-02,21393.947644721906,21418.148942962544,21297.142451759362,21321.34375,1949200,0.0,0.0
2015-01-02,21418.149070046165,21466.55166681463,21297.142578125,21297.142578125,1986500,0.0,0.0
2015-01-02,21418.150647207673,21466.553247540345,21297.14414637599,21369.748046875,1262900,0.0,0.0
2015-01-02,21369.7470297594,21635.96131891835,21369.7470297594,21563.357421875,1375700,0.0,0.0
2015-01-02,21587.559748372027,21611.761048538363,21369.748046875,21369.748046875,1454600,0.0,0.0
2015-01-02,21393.94921875,21490.75441883484,21345.54661870758,21393.94921875,998800,0.0,0.0
2015-01-02,21393.94921875,21418.15051877121,21321.345318686366,21393.94921875,543200,0.0,0.0
2015-01-02,21393.947644721906,21393.947644721906,21321.34375,21321.34375,1107200,0.0,0.0
2015-01-02,21345.546875,21442.352076247163,21321.345574688206,21345.546875,897700,0.0,0.0
2015-01-02,21393.94832877385,21611.7600199039,21393.94832877385,21563.357421875,1024900,0.0,0.0
2015-01-02,21611.760822482636,21950.57902126736,21611.760822482636,21781.169921875,1142000,0.0,0.0
2015-01-02,21805.371478720073,21926.37797971186,21732.767578125,21732.767578125,1112400,0.0,0.0
2015-01-02,21732.765877859933,21805.369772774833,21635.960684640067,21684.36328125,846100,0.0,0.0
2015-01-02,21708.566149888764,21829.572650166854,21708.566149888764,21756.96875,694900,0.0,0.0
2015-01-02,21756.968878323358,21805.371478720073,21684.364977728284,21732.767578125,614100,0.0,0.0
2015-01-02,21732.767194436736,21829.572393521088,21684.364594894563,21805.37109375,1068900,0.0,0.0
2015-01-02,21805.370965995702,22168.390460435145,21805.370965995702,21829.572265625,1393600,0.0,0.0
2015-01-02,21877.97359854715,22119.986580831963,21853.77230031867,22071.583984375,2102800,0.0,0.0
2015-01-02,22240.99439621388,22337.799594891632,21998.981399519493,22192.591796875,1586300,0.0,0.0
2015-01-02,22216.79220779221,22458.805194805194,22192.590909090908,22362.0,1649700,0.0,0.0
2015-01-02,22386.202065461603,22555.611162173205,22216.79296875,22216.79296875,1610900,0.0,0.0
2015-01-02,22265.19598454301,22555.611584341397,22240.99468455981,22507.208984375,1455200,0.0,0.0
2015-01-02,22555.611712863294,22628.215613226588,22362.00131189451,22483.0078125,1126400,0.0,0.0
2015-01-02,22555.61056603145,22918.630049390325,22507.207968250266,22700.818359375,2376600,0.0,0.0
2015-01-02,22700.818699048916,22725.019998301632,21974.779721467392,22265.1953125,2701500,0.0,0.0
2015-01-02,22192.591796875,22604.013891255454,22023.182699188932,22192.591796875,1632900,0.0,0.0
2015-01-02,22337.7987012987,22434.603896103898,22119.987012987014,22362.0,1102700,0.0,0.0
2015-01-02,22362.00038171824,22386.201680832655,22216.79258703176,22289.396484375,1064100,0.0,0.0
2015-01-02,22289.39623044759,22410.402724641117,22240.99363277018,22337.798828125,1150600,0.0,0.0
2015-01-02,22361.99987331081,22434.603769003377,22313.59727618243,22386.201171875,885300,0.0,0.0
2015-01-02,22458.805875267666,22676.617570178667,22386.201976964,22604.013671875,1786400,0.0,0.0
2015-01-02,22604.013836695674,23015.43593008307,22604.013836695674,22942.83203125,2788200,0.0,0.0
2015-01-02,22289.396958581623,22289.396958581623,21684.364467849224,21829.572265625,7191100,0.0,0.0
2015-01-02,21829.572650166854,21877.975250278087,21684.36484983315,21756.96875,2367200,0.0,0.0
2015-01-02,21756.9671761649,21781.168474469865,21684.36328125,21684.36328125,1698600,0.0,0.0
2015-01-02,21684.36404494382,21756.96794241573,21539.15625,21539.15625,2124100,0.0,0.0
2015-01-02,21563.35857780612,21563.35857780612,21345.546875,21345.546875,3385300,0.0,0.0
2015-01-02,21563.357421875,21635.96131891835,21393.94832877385,21563.357421875,1804800,0.0,0.0
2015-01-02,21635.96131891835,21660.1626179328,21393.94832877385,21563.357421875,1485900,0.0,0.0
2015-01-02,21635.961191493832,21635.961191493832,21514.95469713425,21587.55859375,1067500,0.0,0.0
2015-01-02,21611.7593863351,21805.369772774833,21611.7593863351,21684.36328125,1821700,0.0,0.0
2015-01-02,21684.363407821227,21805.369900052374,21660.162109375,21660.162109375,1590500,0.0,0.0
2015-01-02,21684.36328125,21781.168474469865,21611.7593863351,21684.36328125,1218300,0.0,0.0
2015-01-02,21684.36315496098,21756.96704945304,21684.36315496098,21708.564453125,667000,0.0,0.0
2015-01-02,21684.364689265538,21684.364689265538,21418.150390625,21418.150390625,2852800,0.0,0.0
