Date,Open,High,Low,Close,Volume,Dividends,Stock Splits
2015-01-02,1770.8183126382894,1770.8183126382894,1749.3352481868717,1755.4732666015625,18992100,0.0,0.0
2015-01-02,1749.3350784866898,1749.3350784866898,1730.9210250289352,1740.1280517578125,49940700,0.0,0.0
2015-01-02,1724.7832855170404,1740.1283325412135,1718.6452667073713,1727.852294921875,47892100,0.0,0.0
2015-01-02,1758.542429425114,1761.6114389005506,1715.5762967690032,1724.7833251953125,70076600,0.0,0.0
2015-01-02,1743.1970606674383,1746.2660695770642,1733.990033938561,1740.1280517578125,56582500,0.0,0.0
2015-01-02,1743.197229772181,1758.5422758089078,1743.197229772181,1755.4732666015625,71331300,0.0,0.0
2015-01-02,1743.1970606674383,1752.4040873963156,1740.1280517578125,1740.1280517578125,62085500,0.0,0.0
2015-01-02,1737.059247084067,1746.2662748954667,1733.9902378136005,1743.197265625,64069900,0.0,0.0
2015-01-02,1746.2662714325222,1746.2662714325222,1733.990234375,1733.990234375,39651700,0.0,0.0
2015-01-02,1737.0592041015625,1743.197222490614,1724.7831673234596,1737.0592041015625,42518800,0.0,0.0
2015-01-02,1746.2662353515625,1746.2662353515625,1733.9901985476852,1746.2662353515625,24697100,0.0,0.0
2015-01-02,1749.335165741982,1752.4041748046875,1746.266156679277,1752.4041748046875,25072900,0.0,0.0
2015-01-02,1755.4734366581358,1780.0255126953125,1746.2664081441944,1780.0255126953125,64564800,0.0,0.0
2015-01-02,1780.0255154172921,1792.3015534546528,1773.8874963986118,1789.2325439453125,71615600,0.0,0.0
2015-01-02,1795.370225906372,1798.4392348395454,1761.6111276414658,1767.7491455078125,59087800,0.0,0.0
2015-01-02,1780.0254700340613,1783.0944794651546,1761.6114134475022,1773.887451171875,86233100,0.0,0.0
2015-01-02,1776.9562793488199,1776.9562793488199,1715.5760969878934,1730.921142578125,199320200,0.0,0.0
2015-01-02,1730.921185712511,1740.1282132960882,1706.3691121563052,1737.0592041015625,118430700,0.0,0.0
2015-01-02,1743.1972261505932,1752.4042537535013,1733.9901985476852,1746.2662353515625,104502400,0.0,0.0
2015-01-02,1752.404257394217,1758.5422758089078,1746.2662389795264,1755.4732666015625,47048700,0.0,0.0
2015-01-02,1764.6802868522939,1764.6802868522939,1737.0592041015625,1737.0592041015625,80087700,0.0,0.0
2015-01-02,1737.0594032002004,1737.0594032002004,1718.64534592246,1721.71435546875,125835700,0.0,0.0
2015-01-02,1733.990234375,1733.990234375,1721.714197317478,1733.990234375,73596500,0.0,0.0
2015-01-02,1749.335244552532,1749.335244552532,1737.0592077486544,1746.2662353515625,110119200,0.0,0.0
2015-01-02,1743.197341946048,1746.2663513508826,1718.6452667073713,1727.852294921875,127917300,0.0,0.0
2015-01-02,1730.921185712511,1746.2662316851395,1721.7141581289338,1737.0592041015625,89312200,0.0,0.0
2015-01-02,1737.05921135749,1764.6802942235986,1730.9211929427993,1755.4732666015625,99107100,0.0,0.0
2015-01-02,1764.6802905573786,1764.6802905573786,1740.128216949624,1746.2662353515625,70239800,0.0,0.0
2015-01-02,1755.4732666015625,1761.6112850162533,1749.3352481868717,1755.4732666015625,94908700,0.0,0.0
2015-01-02,1758.542243917989,1783.0943171315039,1755.4732347662998,1776.956298828125,132387000,0.0,0.0
2015-01-02,1789.23251568071,1853.681714358746,1789.23251568071,1829.129638671875,183459600,0.0,0.0
2015-01-02,1822.9916020693663,1838.3366492248324,1767.7494323096885,1773.887451171875,100706300,0.0,0.0
2015-01-02,1761.6112530696785,1783.0943171315039,1761.6112530696785,1776.956298828125,42045700,0.0,0.0
2015-01-02,1789.2323354348825,1795.3703537382612,1773.8872896764358,1776.956298828125,57476200,0.0,0.0
2015-01-02,1792.3015077584341,1804.577545482807,1773.887451171875,1773.887451171875,68329800,0.0,0.0
2015-01-02,1792.3012259047466,1795.3702348532136,1780.0251901108784,1786.1632080078125,67998800,0.0,0.0
2015-01-02,1780.0253511254841,1801.508415708033,1773.8873326733271,1783.0943603515625,65077400,0.0,0.0
2015-01-02,1792.301363241793,1822.9914550781252,1786.1633448745267,1822.991455078125,102010900,0.0,0.0
2015-01-02,1813.7845095850842,1835.267574842437,1807.6464909401261,1826.060546875,86738700,0.0,0.0
2015-01-02,1832.1985152340424,1835.2675244722905,1801.5084228515627,1801.5084228515625,88614600,0.0,0.0
2015-01-02,1807.6463229939088,1816.8533501059321,1801.5083049192267,1810.71533203125,114431500,0.0,0.0
2015-01-02,1816.8535123089985,1819.9225216203313,1798.4394564410018,1807.646484375,78333100,0.0,0.0
2015-01-02,1807.6462706470818,1807.6462706470818,1780.0251901108784,1786.1632080078125,58543500,0.0,0.0
2015-01-02,1786.1632080078125,1807.6462706470818,1780.0251901108784,1786.1632080078125,73255400,0.0,0.0
2015-01-02,1807.6464128094904,1832.1984863281252,1801.5083944298315,1832.198486328125,129544600,0.0,0.0
2015-01-02,1826.0605402429967,1826.0605402429967,1789.2324285070035,1807.646484375,85028700,0.0,0.0
2015-01-02,1795.3704471296692,1822.991530931664,1789.2324285070035,1807.646484375,85398800,0.0,0.0
2015-01-02,1804.5772705078125,1826.0603332519531,1798.439252580915,1804.5772705078125,89149900,0.0,0.0
2015-01-02,1795.370361328125,1807.6463979867788,1792.3013521634616,1795.370361328125,54873400,0.0,0.0
2015-01-02,1816.853310728638,1829.1293466119396,1801.508265874511,1813.7843017578125,80727100,0.0,0.0
2015-01-02,1807.6464909401261,1838.336584164916,1807.6464909401261,1826.060546875,66012100,0.0,0.0
2015-01-02,1829.1293466119396,1838.3363735244159,1810.7152927869872,1813.7843017578125,98966500,0.0,0.0
2015-01-02,1804.5773139565679,1819.9223591432733,1801.5083049192267,1810.71533203125,61172400,0.0,0.0
2015-01-02,1819.9223591432733,1822.9913681806145,1804.5773139565679,1810.71533203125,120859000,0.0,0.0
2015-01-02,1798.4395325543128,1807.6465608779697,1789.2325042306559,1792.301513671875,122734000,0.0,0.0
2015-01-02,1804.5775514367508,1804.5775514367508,1792.301513671875,1792.301513671875,46260000,0.0,0.0
2015-01-02,1792.301513671875,1804.5775514367508,1789.2325042306559,1792.301513671875,84436600,0.0,0.0
2015-01-02,1792.3012169731987,1792.3012169731987,1761.6111276414658,1767.7491455078125,90305000,0.0,0.0
2015-01-02,1749.3354009988047,1755.4734199496777,1721.7143157198761,1724.7833251953125,143902100,0.0,0.0
2015-01-02,1709.4382778181302,1752.404410474241,1700.2312493918207,1724.7833251953125,89433400,0.0,0.0
2015-01-02,1743.197311641034,1776.9564145073216,1740.1283022895534,1758.5423583984375,94090000,0.0,0.0
2015-01-02,1776.956460602968,1792.3015077584341,1749.3353757231293,1773.887451171875,152587300,0.0,0.0
2015-01-02,1770.8181408540702,1773.887149763696,1724.7830072096838,1740.1280517578125,121823100,0.0,0.0
2015-01-02,1727.852215846239,1749.3352806969028,1727.852215846239,1733.990234375,58307700,0.0,0.0
2015-01-02,1746.2660695770642,1749.3350784866898,1733.990033938561,1740.1280517578125,37566400,0.0,0.0
2015-01-02,1746.266156679277,1761.611201992803,1733.990120428456,1752.4041748046875,42248600,0.0,0.0
2015-01-02,1752.404257394217,1761.6112850162533,1749.3352481868717,1755.4732666015625,75592900,0.0,0.0
2015-01-02,1755.4733027068662,1755.4733027068662,1733.9902378136005,1743.197265625,54399400,0.0,0.0
2015-01-02,1743.1972621681416,1743.1972621681416,1727.852215846239,1733.990234375,96568900,0.0,0.0
2015-01-02,1715.5762939453125,1733.9903507676236,1715.5762939453125,1715.5762939453125,100020600,0.0,0.0
2015-01-02,1721.7143128860828,1727.8523318268533,1709.4382750045422,1715.5762939453125,95556600,0.0,0.0
2015-01-02,1715.5763363761696,1724.78336501504,1709.4383172835894,1721.71435546875,71986200,0.0,0.0
2015-01-02,1730.9213441461857,1730.9213441461857,1718.6453062444396,1724.7833251953125,68907100,0.0,0.0
2015-01-02,1721.71435546875,1727.8523745613302,1718.64534592246,1721.71435546875,92635400,0.0,0.0
2015-01-02,1727.8520161193094,1740.1280517578125,1715.5759804808063,1740.1280517578125,99750500,0.0,0.0
2015-01-02,1733.990033938561,1740.1280517578125,1721.713998300058,1740.1280517578125,64048600,0.0,0.0
2015-01-02,1730.921185712511,1743.197222490614,1727.8521765179853,1737.0592041015625,71023000,0.0,0.0
2015-01-02,1740.1281385538664,1761.611201992803,1737.0591294911612,1752.4041748046875,132575300,0.0,0.0
2015-01-02,1752.4042680907783,1786.1633695776409,1752.4042680907783,1783.0943603515625,139047700,0.0,0.0
2015-01-02,1811.2511677046261,1811.2511677046261,1776.4194144795372,1779.5859375,104273400,89.46,0.0
2015-01-02,1766.9195556640625,1770.0860781652525,1741.5873756545418,1766.9195556640625,87476800,0.0,0.0
2015-01-02,1760.586603913484,1766.9196492513022,1643.4252651638456,1709.9222412109375,162306400,0.0,0.0
2015-01-02,1719.421886903606,1728.9214553395375,1656.0914306640625,1656.0914306640625,219284700,0.0,0.0
2015-01-02,1659.257994391388,1757.4202039832448,1659.257994391388,1751.087158203125,108362400,0.0,0.0
2015-01-02,1747.920692471591,1763.7533074396308,1725.7550315163353,1741.587646484375,111364100,0.0,0.0
2015-01-02,1732.088122646731,1754.2537841796873,1706.755938037638,1754.2537841796875,96327600,0.0,0.0
2015-01-02,1738.4209456696528,1804.9179217335193,1738.4209456696528,1792.2518310546875,90057500,0.0,0.0
2015-01-02,1798.5848858173076,1827.0835899939902,1792.2518404447114,1811.2509765625,85973400,0.0,0.0
2015-01-02,1823.9170007688926,1833.4165684812308,1801.7513427734375,1801.7513427734375,71652100,0.0,0.0
2015-01-02,1798.5851143973214,1814.4177298409597,1770.0864065987723,1773.2529296875,78810300,0.0,0.0
2015-01-02,1773.2524353780864,1804.9176574384094,1763.7528687599895,1795.4180908203125,55295400,0.0,0.0
2015-01-02,1779.585703245351,1798.5848388671875,1763.753090227154,1798.5848388671875,104423300,0.0,0.0
2015-01-02,1773.25269503644,1792.2518310546875,1770.086172366732,1792.2518310546875,81337900,0.0,0.0
2015-01-02,1789.0853083849795,1795.4183537243955,1773.25269503644,1792.2518310546875,85492700,0.0,0.0
2015-01-02,1795.4180908203125,1804.9176574384094,1792.2515686142804,1795.4180908203125,71445300,0.0,0.0
2015-01-02,1804.9178466796875,1823.9169819078948,1795.4182790655839,1804.9178466796875,85759800,0.0,0.0
2015-01-02,1811.250939133275,1823.9170296167247,1798.5848486498257,1817.583984375,44371000,0.0,0.0
2015-01-02,1798.5848763941035,1814.417489742643,1792.2518310546875,1792.2518310546875,13907600,0.0,0.0
2015-01-02,1792.251803408101,1823.9170296167247,1792.251803408101,1817.583984375,47703000,0.0,0.0
2015-01-02,1801.7513990638113,1814.417489742643,1792.2518310546875,1792.2518310546875,46538800,0.0,0.0
2015-01-02,1795.4183817794985,1817.5840408138133,1795.4183817794985,1808.08447265625,59956100,0.0,0.0
2015-01-02,1798.5848202026582,1817.583955627334,1795.4182976318787,1801.7513427734375,96994900,0.0,0.0
2015-01-02,1817.583955627334,1817.583955627334,1801.7513427734375,1801.7513427734375,27010300,0.0,0.0
2015-01-02,1823.9168885869567,1830.2499333389947,1792.2516648267665,1820.7503662109375,81717400,0.0,0.0
2015-01-02,1792.251849851355,1814.4175087717783,1789.0853271484375,1789.0853271484375,61656400,0.0,0.0
2015-01-02,1779.5857681835594,1817.5840408138133,1779.5857681835594,1808.08447265625,50196500,0.0,0.0
2015-01-02,1798.5849044986865,1808.0844726562498,1789.085336341123,1808.08447265625,43379600,0.0,0.0
2015-01-02,1804.9179217335193,1804.9179217335193,1782.7522630455637,1792.2518310546875,75284400,0.0,0.0
2015-01-02,1817.584021935096,1823.9170673076922,1808.0844538762017,1811.2509765625,100286700,0.0,0.0
2015-01-02,1817.583984375,1823.9170296167247,1814.4174617541375,1817.583984375,41701100,0.0,0.0
2015-01-02,1817.5839368318257,1820.7504593698602,1798.5848016036184,1804.9178466796875,26165000,0.0,0.0
2015-01-02,1808.0846446841635,1808.0846446841635,1779.5859374999998,1779.5859375,29292300,0.0,0.0
2015-01-02,1776.419190303789,1827.0835522375871,1773.2526676829268,1817.583984375,81858300,0.0,0.0
2015-01-02,1817.5838438349185,1830.2499333389947,1814.4173214588996,1820.7503662109375,74970300,0.0,0.0
2015-01-02,1814.4173030853271,1827.083392461141,1814.4173030853271,1823.9168701171875,44777300,0.0,0.0
2015-01-02,1817.5840312601372,1830.2501220703125,1817.5840312601372,1830.2501220703125,54274000,0.0,0.0
2015-01-02,1820.750268468571,1827.0833128806355,1792.2515686142804,1795.4180908203125,51148100,0.0,0.0
2015-01-02,1804.9178466796875,1827.0835044459293,1801.751324141653,1804.9178466796875,61388100,0.0,0.0
2015-01-02,1820.7503477732341,1823.9168701171875,1811.2507807413738,1823.9168701171875,62913100,0.0,0.0
2015-01-02,1833.4169535283993,1868.248709122203,1820.7508605851979,1839.75,168574700,0.0,0.0
2015-01-02,1861.9153019191865,1865.081824541498,1849.2492114299403,1858.748779296875,77630800,0.0,0.0
2015-01-02,1852.4160929432014,1852.4160929432014,1814.4178141135972,1839.75,38632500,0.0,0.0
2015-01-02,1836.5832602855696,1871.415011773744,1833.4167374230083,1855.5823974609375,132127400,0.0,0.0
2015-01-02,1858.748835733492,1868.248403888859,1849.2492675781248,1849.249267578125,53547000,0.0,0.0
2015-01-02,1855.5823974609375,1865.0819660486216,1852.4158745983761,1855.5823974609375,74803300,0.0,0.0
2015-01-02,1842.916306010692,1858.7489203234989,1842.916306010692,1855.5823974609375,24948900,0.0,0.0
2015-01-02,1852.4158745983761,1861.9154431860602,1833.4167374230083,1855.5823974609375,32652400,0.0,0.0
2015-01-02,1855.5822558253483,1855.5822558253483,1817.583984375,1817.583984375,44500500,0.0,0.0
2015-01-02,1868.2487287850215,1868.2487287850215,1830.2504495554956,1836.58349609375,100674400,0.0,0.0
2015-01-02,1852.415589971128,1852.415589971128,1801.7512319548234,1820.7503662109375,45051300,0.0,0.0
2015-01-02,1836.5829780910328,1836.5829780910328,1814.4173214588996,1820.7503662109375,56693900,0.0,0.0
2015-01-02,1833.4166447728562,1833.4166447728562,1820.7505539626811,1830.2501220703125,43617400,0.0,0.0
2015-01-02,1836.5829594930015,1836.5829594930015,1823.9168701171875,1823.9168701171875,35288900,0.0,0.0
2015-01-02,1817.5840314746958,1830.2501222863661,1773.2527136338497,1789.0853271484375,84776900,0.0,0.0
2015-01-02,1823.9169257198953,1849.2491052437827,1795.418223755522,1814.4173583984375,161757100,0.0,0.0
2015-01-02,1808.0843879149961,1808.0843879149961,1792.2517750610994,1801.7513427734375,43284000,0.0,0.0
2015-01-02,1795.4183817794985,1814.4175180946256,1792.2518590603106,1808.08447265625,50080200,0.0,0.0
2015-01-02,1808.084463365943,1808.084463365943,1785.91880444552,1789.0853271484375,67065700,0.0,0.0
2015-01-02,1798.5848202026582,1814.4174330565547,1789.08525249032,1801.7513427734375,56580900,0.0,0.0
2015-01-02,1814.4175180946256,1817.5840408138133,1801.7514272178742,1808.08447265625,43291300,0.0,0.0
2015-01-02,1820.7505069958622,1833.4165974793118,1814.4174617541375,1817.583984375,63805300,0.0,0.0
2015-01-02,1823.917012117347,1868.2483283840882,1817.583966936384,1861.915283203125,87348300,0.0,0.0
2015-01-02,1861.9153584519477,1861.9153584519477,1823.9170858304792,1849.249267578125,86428100,0.0,0.0
2015-01-02,1823.9168885869567,1852.415589971128,1820.7503662109377,1820.7503662109375,53123700,0.0,0.0
2015-01-02,1849.2491928411991,1861.9152832031252,1833.4165798887916,1861.915283203125,75991400,0.0,0.0
2015-01-02,1868.2484889111827,1874.5815346363054,1855.5823974609375,1855.5823974609375,69266700,0.0,0.0
2015-01-02,1865.0818715878145,1877.7479623965603,1858.7488261834417,1871.4149169921875,67858700,0.0,0.0
2015-01-02,1880.9144474434813,1880.9144474434813,1858.748788971925,1877.7479248046875,53349200,0.0,0.0
2015-01-02,1868.2483283840882,1877.7478961555325,1839.7496250697545,1861.915283203125,61717200,0.0,0.0
2015-01-02,1836.5833914620534,1836.5833914620534,1763.753360421317,1773.2529296875,89375300,0.0,0.0
2015-01-02,1779.5857590396847,1811.2509860688606,1776.4192363367672,1789.0853271484375,77677400,0.0,0.0
2015-01-02,1789.0851424507475,1836.5829780910328,1789.0851424507475,1820.7503662109375,56381100,0.0,0.0
2015-01-02,1817.5838438349185,1830.2499333389947,1804.9177543308426,1820.7503662109375,93592100,0.0,0.0
2015-01-02,1811.2507807413738,1836.5829594930015,1811.2507807413738,1823.9168701171875,62106400,0.0,0.0
2015-01-02,1820.7505069958622,1823.9170296167247,1795.4183260289633,1817.583984375,57510300,0.0,0.0
2015-01-02,1804.9179311899036,1804.9179311899036,1728.9213867187498,1728.92138671875,98927300,0.0,0.0
2015-01-02,1662.4244288394325,1741.5874968794053,1646.5918152314377,1684.590087890625,92467600,0.0,0.0
2015-01-02,1678.2571157289742,1754.253664365758,1678.2571157289742,1713.0888671875,98001800,0.0,0.0
2015-01-02,1703.589111328125,1706.7556338398874,1640.2586610928788,1703.589111328125,174946300,0.0,0.0
2015-01-02,1709.9222416422815,1798.5848763941035,1709.9222416422815,1792.2518310546875,116570700,0.0,0.0
2015-01-02,1795.418223755522,1817.5838808389235,1785.9186564340641,1814.4173583984375,121094900,0.0,0.0
2015-01-02,1808.0844165124129,1827.0835522375871,1798.5848486498257,1817.583984375,128880800,0.0,0.0
2015-01-02,1814.417489742643,1820.7505350820588,1792.2518310546875,1792.2518310546875,47176700,0.0,0.0
2015-01-02,1766.9194890202702,1779.5855785472972,1751.0868771114865,1757.419921875,84858200,0.0,0.0
2015-01-02,1776.4194527762277,1785.9190220424107,1763.753360421317,1773.2529296875,29988900,0.0,0.0
2015-01-02,1773.2528914590746,1785.9189835409252,1773.2528914590746,1779.5859375,38478400,0.0,0.0
2015-01-02,1747.9205132378472,1751.0870359067565,1706.7557185420285,1709.9222412109375,53535900,0.0,0.0
2015-01-02,1697.256159855769,1735.254432091346,1697.256159855769,1728.92138671875,35420600,0.0,0.0
2015-01-02,1741.5874774639422,1744.7540001502402,1728.9213867187498,1728.92138671875,77359400,0.0,0.0
2015-01-02,1722.588452192586,1763.7532497633647,1713.0888835224064,1751.087158203125,64256500,0.0,0.0
2015-01-02,1773.2524661741395,1773.2524661741395,1747.9202880859375,1747.9202880859375,28864200,0.0,0.0
2015-01-02,1773.252742089318,1773.252742089318,1751.0870828132015,1763.753173828125,34577600,0.0,0.0
2015-01-02,1744.7542006151261,1754.2537697654807,1716.2554931640623,1716.2554931640625,28528700,0.0,0.0
2015-01-02,1722.588623046875,1738.4212390675264,1709.922530230354,1722.588623046875,32023700,0.0,0.0
2015-01-02,1709.9221938403687,1716.2552390027404,1681.4234906096958,1697.256103515625,110693400,0.0,0.0
2015-01-02,1703.589111328125,1722.5882463986989,1694.089543792838,1703.589111328125,119461900,0.0,0.0
2015-01-02,1703.5892052283652,1732.0879094050479,1697.256159855769,1728.92138671875,39502900,0.0,0.0
2015-01-02,1732.0878998933015,1738.4209452311197,1706.7557185420285,1709.9222412109375,52305600,0.0,0.0
2015-01-02,1687.7562619081775,1709.921916379767,1681.4232177734377,1681.4232177734375,36091900,0.0,0.0
2015-01-02,1722.5880046492468,1757.4197473903162,1671.9236515713278,1681.4232177734375,63639600,0.0,0.0
2015-01-02,1659.258256648137,1675.0908736008864,1646.5921630859375,1646.5921630859375,20695500,0.0,0.0
2015-01-02,1614.9264321354667,1649.7581787109377,1573.761640728092,1649.7581787109375,69456600,0.0,0.0
2015-01-02,1633.925898474421,1675.0906982421875,1624.4263292972441,1675.0906982421875,89608600,0.0,0.0
2015-01-02,1671.923987791112,1687.7566013118612,1652.924851566213,1665.5909423828125,53417800,0.0,0.0
2015-01-02,1649.7584876140565,1668.7576256671935,1646.5919646052005,1659.258056640625,41421500,0.0,0.0
2015-01-02,1659.2581589642693,1744.754285475787,1656.091635760139,1722.588623046875,71562100,0.0,0.0
2015-01-02,1754.253465659302,1792.251735673583,1732.0878081509716,1766.9195556640625,119008800,0.0,0.0
2015-01-02,1757.4198055963445,1766.9193721130816,1709.9219730126597,1735.254150390625,129685800,0.0,0.0
2015-01-02,1732.0881084146533,1738.4211545148896,1716.2554931640623,1716.2554931640625,55225400,0.0,0.0
2015-01-02,1728.9213772243925,1741.587467900029,1706.7557185420285,1709.9222412109375,75397000,0.0,0.0
2015-01-02,1706.7559814453123,1722.588597228664,1697.2564119753013,1706.7559814453125,79379100,0.0,0.0
2015-01-02,1706.7556991577148,1709.9222217906604,1668.7574275623667,1671.9239501953125,93278200,0.0,0.0
2015-01-02,1684.5899946898276,1728.92131033956,1684.5899946898276,1700.422607421875,87325900,0.0,0.0
2015-01-02,1725.7548067462978,1725.7548067462978,1694.0895809344393,1697.256103515625,73264100,0.0,0.0
2015-01-02,1709.922530230354,1728.9216694551355,1700.4229606179629,1722.588623046875,54806100,0.0,0.0
2015-01-02,1697.2563548633532,1747.9207236652444,1697.2563548633532,1716.2554931640625,68821200,0.0,0.0
2015-01-02,1738.420954777644,1751.0870455228364,1719.4218186598557,1728.92138671875,44455600,0.0,0.0
2015-01-02,1722.5880617016423,1744.7537169073619,1716.255017357151,1735.254150390625,37608800,0.0,0.0
2015-01-02,1760.5863771300385,1763.7528993910637,1728.9211545197861,1747.9202880859375,84717200,0.0,0.0
2015-01-02,1766.919985847677,1789.0856487525764,1754.2538927591634,1776.4195556640625,74714100,0.0,0.0
2015-01-02,1773.2528266156082,1773.2528266156082,1744.7541204735717,1770.0863037109375,36482200,0.0,0.0
2015-01-02,1751.0871662829131,1776.419349520279,1751.0871662829131,1770.0863037109375,46129600,0.0,0.0
2015-01-02,1770.0861816406248,1770.0861816406248,1722.5883413461538,1728.92138671875,100875400,0.0,0.0
2015-01-02,1741.5874196522273,1747.920464814599,1697.256103515625,1697.256103515625,97802800,0.0,0.0
2015-01-02,1709.9219730126597,1751.0867612518532,1709.9219730126597,1735.254150390625,47693000,0.0,0.0
2015-01-02,1722.5880617016423,1741.5871947351163,1719.4215395293966,1735.254150390625,52631300,0.0,0.0
2015-01-02,1735.254432091346,1744.7540001502402,1725.7548640324517,1728.92138671875,62262700,0.0,0.0
2015-01-02,1735.254527206562,1741.587572926294,1713.0888671875,1713.0888671875,40649100,0.0,0.0
2015-01-02,1732.0877685546875,1751.0869031274995,1728.9212461258855,1732.0877685546875,42300300,0.0,0.0
2015-01-02,1735.254432091346,1735.254432091346,1709.9222506009614,1728.92138671875,28610100,0.0,0.0
2015-01-02,1709.9225046019826,1725.7551203853343,1706.7559814453123,1706.7559814453125,71540600,0.0,0.0
2015-01-02,1697.2560370983817,1709.9221269274742,1684.5899472692895,1687.7564697265625,45329300,0.0,0.0
2015-01-02,1709.9221852339433,1735.2543657559277,1694.0895724077031,1719.4217529296875,67582900,0.0,0.0
2015-01-02,1713.0889208009585,1760.5867651854583,1709.9223978419918,1744.754150390625,85542600,0.0,0.0
2015-01-02,1728.9216694551355,1735.254715863396,1722.588623046875,1722.588623046875,39014100,0.0,0.0
2015-01-02,1741.5875233299569,1804.9179787237733,1735.254477790575,1782.7523193359375,107165000,0.0,0.0
2015-01-02,1798.5848016036184,1814.4174142937911,1789.0852339895148,1804.9178466796875,83841800,0.0,0.0
2015-01-02,1814.417547032846,1823.9171153419184,1776.419273796556,1782.7523193359375,74695200,0.0,0.0
2015-01-02,1776.4194980837265,1849.2495309819897,1776.4194980837265,1846.0830078125,80693900,0.0,0.0
2015-01-02,1858.7490530831474,1868.2486223493304,1773.2529296875,1773.2529296875,58469900,0.0,0.0
2015-01-02,1823.9170296167247,1830.2500748584494,1804.9178938915504,1817.583984375,52299500,0.0,0.0
2015-01-02,1830.2504495554956,1852.4161124393856,1811.2513099407327,1836.58349609375,72999200,0.0,0.0
2015-01-02,1833.4165432170284,1871.41481354277,1830.2500206898833,1868.248291015625,79959900,0.0,0.0
2015-01-02,1874.5815429687498,1880.9145887220227,1865.0819743388406,1874.58154296875,64313600,0.0,0.0
2015-01-02,1836.5832602855696,1887.2476260865508,1836.5832602855696,1855.5823974609375,248674100,0.0,0.0
2015-01-02,1871.4148509745696,1893.58050910794,1852.4157154316806,1861.915283203125,114946900,0.0,0.0
2015-01-02,1858.7488910919087,1887.2475964067762,1858.7488910919087,1880.91455078125,79848900,0.0,0.0
2015-01-02,1871.4147430369644,1960.0773704566516,1871.4147430369644,1922.0791015625,126393400,0.0,0.0
2015-01-02,1903.0802191162109,1912.5797875976561,1893.5806506347656,1899.9136962890625,94131500,0.0,0.0
2015-01-02,1899.9133421642946,1937.9116090075806,1899.9133421642946,1918.9124755859375,78108300,0.0,0.0
2015-01-02,1909.4133300781248,1944.2450823681072,1899.9137612717661,1909.413330078125,129096000,0.0,0.0
2015-01-02,1909.4133300781248,1909.4133300781248,1909.4133300781248,1909.413330078125,0,0.0,0.0
2015-01-02,1868.2481916560685,1912.5795046784158,1868.2481916560685,1906.2464599609375,144523200,0.0,0.0
2015-01-02,1912.5796063956566,1915.7461289228017,1868.248291015625,1868.248291015625,77701000,0.0,0.0
2015-01-02,1836.5832602855696,1871.415011773744,1836.5832602855696,1855.5823974609375,83862900,0.0,0.0
2015-01-02,1855.582238022162,1871.4148509745696,1842.916147660236,1861.915283203125,54346400,0.0,0.0
2015-01-02,1953.7444307427656,1953.7444307427656,1874.5813662880346,1925.2457275390625,96852000,0.0,0.0
2015-01-02,1963.24416796875,1979.0767822265625,1925.24589375,1979.0767822265625,85716700,0.0,0.0
2015-01-02,1950.5775872523488,1956.9106313668046,1931.578454908982,1937.9114990234375,89447600,0.0,0.0
2015-01-02,1937.9120410784265,1972.7437934507511,1925.2459493066722,1969.5772705078125,80764000,0.0,0.0
2015-01-02,1963.2442512086322,1985.409912109375,1963.2442512086322,1985.409912109375,68929200,0.0,0.0
2015-01-02,1947.4116099072423,1991.742931108383,1912.5798575349177,1969.5772705078125,92014400,0.0,0.0
2015-01-02,1956.9110201322114,2007.5753831129805,1956.9110201322114,1975.91015625,47634200,0.0,0.0
2015-01-02,1963.244281824263,1975.9103739650648,1947.411666648261,1960.0777587890625,38486500,0.0,0.0
2015-01-02,1963.2442436279691,1985.4099044431237,1963.2442436279691,1966.4107666015625,40956100,0.0,0.0
2015-01-02,1950.5780208125996,2010.7419532727286,1950.5780208125996,1988.5762939453125,53937600,0.0,0.0
2015-01-02,1979.0764034074236,2042.406848316461,1979.0764034074236,2023.40771484375,111298000,0.0,0.0
2015-01-02,2058.239501953125,2143.735604341947,2039.2403680889422,2058.239501953125,126669200,0.0,0.0
2015-01-02,2026.5746690031153,2058.239898206289,1998.075962720259,2032.90771484375,106056300,0.0,0.0
2015-01-02,2007.5752884663157,2020.2413786143682,1982.2431081702107,1991.74267578125,121217800,0.0,0.0
2015-01-02,1956.9106313668046,1979.0762857673994,1937.9114990234375,1937.9114990234375,89758100,0.0,0.0
2015-01-02,1953.7444053370928,2029.7409462254075,1950.5778828000796,1991.74267578125,116904200,0.0,0.0
2015-01-02,2023.4080999966325,2058.239851326778,2007.5754857556574,2020.2415771484375,74269100,0.0,0.0
2015-01-02,1963.2442512086322,2036.074279882501,1963.2442512086322,1985.409912109375,106684400,0.0,0.0
2015-01-02,1985.4097338511067,1998.0758246571745,1953.7445068359377,1953.7445068359375,88290900,0.0,0.0
2015-01-02,1937.911893328353,1982.2432111495898,1928.4123252238023,1953.7445068359375,37695300,0.0,0.0
2015-01-02,1947.4116099072423,1985.4098852225056,1947.4116099072423,1969.5772705078125,57336800,0.0,0.0
2015-01-02,1960.0777779489658,1982.2434394120398,1956.9112548828125,1956.9112548828125,65971300,0.0,0.0
2015-01-02,1969.5773278946638,1998.0760352114676,1956.9112357538622,1960.0777587890625,75613700,0.0,0.0
2015-01-02,1998.0760568951139,2017.0751953125,1972.743872338599,2017.0751953125,83961900,0.0,0.0
2015-01-02,2045.5737026649035,2058.2397937030764,2017.0749978290148,2029.7410888671875,85792900,0.0,0.0
2015-01-02,2029.7410139216934,2045.573627134811,2020.2414459938227,2042.4071044921875,88825300,0.0,0.0
2015-01-02,2048.7403452462013,2070.906005859375,2036.0742534672447,2070.906005859375,58542700,0.0,0.0
2015-01-02,2070.906044053154,2077.2390900594323,2032.9077680154812,2064.572998046875,76642400,0.0,0.0
2015-01-02,2083.5715946037612,2115.23681640625,2045.5733284407747,2115.23681640625,123511400,0.0,0.0
2015-01-02,2083.571871920749,2137.402756149704,2083.571871920749,2108.904052734375,132389600,0.0,0.0
2015-01-02,2077.238939335394,2102.571121522411,2048.740234375,2048.740234375,85894700,0.0,0.0
2015-01-02,2026.5749045801526,2074.07275390625,2013.9088114265269,2074.07275390625,65149900,0.0,0.0
2015-01-02,2096.2378884386662,2188.0670406512363,2093.0713659485777,2121.570068359375,121904700,0.0,0.0
2015-01-02,2134.2365618024555,2222.8992082868303,2134.2365618024555,2216.566162109375,110951000,0.0,0.0
2015-01-02,2172.2345818865742,2172.2345818865742,2127.903263888889,2137.40283203125,71371200,0.0,0.0
2015-01-02,2102.5710452824965,2146.902362502308,2102.5710452824965,2143.73583984375,83792500,0.0,0.0
2015-01-02,2143.735673287172,2184.9004646501458,2131.0695836370264,2172.234375,109097100,0.0,0.0
2015-01-02,2156.402319224458,2159.5688424538625,2064.5731455717278,2080.40576171875,153723600,0.0,0.0
2015-01-02,2096.2382239779135,2115.2373619595865,2077.2390859962406,2105.73779296875,104800500,0.0,0.0
2015-01-02,2096.2379437722543,2115.2370792142992,2093.0714211985805,2112.070556640625,43892400,0.0,0.0
2015-01-02,2102.5709889196028,2124.7366469353215,2096.2379437722543,2112.070556640625,81659100,0.0,0.0
2015-01-02,2112.070631760817,2124.7367225060093,2086.7384502704326,2099.404541015625,94576000,0.0,0.0
2015-01-02,2099.404248734595,2099.404248734595,2001.2420591255866,2023.40771484375,179256500,0.0,0.0
2015-01-02,2017.0748477192046,2032.9074603386646,1988.5761450041766,2013.9083251953125,105477300,0.0,0.0
2015-01-02,2020.2418273546682,2058.240106239082,2007.5757343931969,2039.240966796875,67743800,0.0,0.0
2015-01-02,2023.4079501030983,2051.9066536256773,2010.7418596486189,2045.5736083984375,69789500,0.0,0.0
2015-01-02,2055.073518880208,2096.238319720644,2032.9078568892046,2089.9052734375,95590800,0.0,0.0
2015-01-02,2115.237419750755,2115.237419750755,2083.572188916163,2096.23828125,53507400,0.0,0.0
2015-01-02,2115.236903545673,2115.236903545673,2055.072979642428,2058.239501953125,102104500,0.0,0.0
2015-01-02,2058.2400609944043,2086.73876953125,2058.2400609944043,2086.73876953125,63318600,0.0,0.0
2015-01-02,2115.23681640625,2134.2359494877433,2105.7372498655036,2115.23681640625,110289200,0.0,0.0
2015-01-02,2137.402628462099,2172.234375,2124.7365388119533,2172.234375,107648600,0.0,0.0
2015-01-02,2175.400953256543,2175.400953256543,2108.903980886256,2162.73486328125,87747700,0.0,0.0
2015-01-02,2153.235614759757,2165.901706611285,2127.9034310567013,2150.069091796875,63623500,0.0,0.0
2015-01-02,2140.5692984882007,2162.7349569044986,2108.9040721792035,2146.90234375,109167700,0.0,0.0
2015-01-02,2118.403677133413,2121.5701998197114,2067.739314152644,2099.404541015625,163244500,0.0,0.0
2015-01-02,2099.404541015625,2099.404541015625,2099.404541015625,2099.404541015625,0,0.0,0.0
2015-01-02,2099.404541015625,2099.404541015625,2099.404541015625,2099.404541015625,0,0.0,0.0
2015-01-02,2178.5681051220413,2184.9011519392566,2121.570683767104,2140.56982421875,95058500,0.0,0.0
2015-01-02,2146.9021592251092,2178.5673828125,2134.2360697901527,2178.5673828125,45874600,0.0,0.0
2015-01-02,2191.233661303817,2197.5667065677007,2178.5675707760493,2188.067138671875,81984200,0.0,0.0
2015-01-02,2188.067363761064,2216.566070380238,2172.2347489726335,2191.23388671875,141609900,0.0,0.0
2015-01-02,2191.2338487256848,2207.0664632395988,2184.900802920119,2197.56689453125,55410700,0.0,0.0
2015-01-02,2178.567702622441,2191.233793916758,2143.735951563071,2165.901611328125,123088800,0.0,0.0
2015-01-02,2140.5693743499432,2140.5693743499432,2089.9050104600037,2093.071533203125,201671300,0.0,0.0
2015-01-02,2089.905177984023,2127.9034539473687,2086.738654987077,2105.73779296875,106657100,0.0,0.0
2015-01-02,2105.7376241756097,2115.2371924049735,2077.238919487519,2093.071533203125,60692300,0.0,0.0
2015-01-02,2096.238319720644,2112.0709354285036,2077.2391808712123,2089.9052734375,117103200,0.0,0.0
2015-01-02,2108.9037538536995,2140.5689753830347,2108.9037538536995,2118.4033203125,140480200,0.0,0.0
2015-01-02,2118.4038849565322,2124.736930950423,2089.905177984023,2105.73779296875,120747500,0.0,0.0
2015-01-02,2108.9039783990206,2121.570068359375,2093.0713659485777,2121.570068359375,79809200,0.0,0.0
2015-01-02,2121.570683767104,2140.56982421875,2118.4041603584965,2140.56982421875,69422300,0.0,0.0
2015-01-02,2131.0697866030096,2153.235445601852,2127.903263888889,2137.40283203125,69798700,0.0,0.0
2015-01-02,2143.7357652751007,2159.568378017162,2134.236197629864,2156.40185546875,63554500,0.0,0.0
2015-01-02,2165.901687442555,2172.2347333122702,2153.235595703125,2153.235595703125,77205400,0.0,0.0
2015-01-02,2121.5701998197114,2181.734130859375,2121.5701998197114,2181.734130859375,54809700,0.0,0.0
2015-01-02,2181.734130859375,2181.734130859375,2181.734130859375,2181.734130859375,0,0.0,0.0
2015-01-02,2137.4029810288375,2153.235595703125,2121.5703663545496,2153.235595703125,52196200,0.0,0.0
2015-01-02,2153.235595703125,2153.235595703125,2153.235595703125,2153.235595703125,0,0.0,0.0
2015-01-02,2153.235595703125,2153.235595703125,2153.235595703125,2153.235595703125,0,0.0,0.0
2015-01-02,2153.235595703125,2153.235595703125,2153.235595703125,2153.235595703125,0,0.0,0.0
2015-01-02,2153.235595703125,2153.235595703125,2153.235595703125,2153.235595703125,0,0.0,0.0
2015-01-02,2153.235595703125,2153.235595703125,2153.235595703125,2153.235595703125,0,0.0,0.0
2015-01-02,2311.561522756494,2302.0619548547547,2251.397592712147,2270.396728515625,94939200,0.0,0.0
2015-01-02,2327.3942124548034,2327.3942124548034,2276.7298486462637,2298.8955078125,94208900,0.0,0.0
2015-01-02,2298.8955442513993,2371.725568380576,2286.229453098499,2333.727294921875,145345500,0.0,0.0
2015-01-02,2374.8922196645585,2412.8904951791915,2355.893081907242,2393.891357421875,114861000,0.0,0.0
2015-01-02,2378.0585180630574,2378.0585180630574,2302.0619742101767,2308.39501953125,122013000,0.0,0.0
2015-01-02,2311.56157952386,2346.393329352302,2302.0620113888303,2343.226806640625,74476000,0.0,0.0
2015-01-02,2333.727393053503,2355.8930535031295,2264.0638887832492,2276.72998046875,160377500,0.0,0.0
2015-01-02,2270.3966143540933,2276.729659303477,2235.5648671324825,2248.23095703125,225310200,0.0,0.0
2015-01-02,2218.715467193161,2277.2739399343295,2218.715467193161,2244.741455078125,175519300,94.637,0.0
2015-01-02,2251.248347792515,2290.287336482558,2238.2353515625,2238.2353515625,156357700,0.0,0.0
2015-01-02,2251.248328091422,2277.274320323693,2225.2223358591514,2270.767822265625,153451200,0.0,0.0
2015-01-02,2309.80671636946,2400.8976854657203,2303.30021857687,2348.845703125,157422300,0.0,0.0
2015-01-02,2400.897555294552,2420.4170476140202,2381.3780629750845,2407.404052734375,101558100,0.0,0.0
2015-01-02,2420.4169921875,2439.9364840599796,2400.89750031502,2420.4169921875,84834700,0.0,0.0
2015-01-02,2413.910626999875,2459.456110528175,2407.4041293529754,2446.443115234375,142320700,0.0,0.0
2015-01-02,2465.9626835355266,2465.9626835355266,2400.897705078125,2400.897705078125,85983800,0.0,0.0
2015-01-02,2420.4169921875,2472.4689705141127,2400.89750031502,2420.4169921875,122085600,0.0,0.0
2015-01-02,2439.9364840599796,2452.949478641633,2413.9104948966733,2420.4169921875,64899500,0.0,0.0
2015-01-02,2433.4296875,2439.9361839906414,2420.4166945187167,2433.4296875,83954800,0.0,0.0
2015-01-02,2420.417121319731,2426.9236189576873,2329.3261543883436,2361.858642578125,116976600,0.0,0.0
2015-01-02,2374.871487460294,2407.403973589887,2355.351995782538,2368.364990234375,90193000,0.0,0.0
2015-01-02,2394.3911514487872,2426.923639919559,2381.3781560604784,2413.91064453125,50914600,0.0,0.0
2015-01-02,2400.897110762609,2446.442584408512,2400.897110762609,2426.923095703125,57819500,0.0,0.0
2015-01-02,2439.93656218998,2459.4560546875,2426.9235671916335,2459.4560546875,58455600,0.0,0.0
2015-01-02,2472.4689546377654,2472.4689546377654,2420.4169766453915,2452.949462890625,37338500,0.0,0.0
2015-01-02,2439.936617587475,2446.443115234375,2420.4171246467754,2446.443115234375,31023300,0.0,0.0
2015-01-02,2446.4430373733107,2465.962529692779,2407.404052734375,2407.404052734375,23090100,0.0,0.0
2015-01-02,2407.404052734375,2439.936539933488,2387.884560414907,2407.404052734375,182229000,0.0,0.0
2015-01-02,2426.9234894783267,2452.949478641633,2413.9104948966733,2420.4169921875,67998100,0.0,0.0
2015-01-02,2426.9234738944383,2485.481949135859,2420.4169766453915,2452.949462890625,87912100,0.0,0.0
2015-01-02,2485.482234272204,2498.495230263158,2439.9367483038654,2472.46923828125,62133700,0.0,0.0
2015-01-02,2485.482251983328,2524.521240234375,2478.975753941487,2524.521240234375,72380600,0.0,0.0
2015-01-02,2524.5210348065857,2557.053522368526,2505.0015422694214,2544.04052734375,86501400,0.0,0.0
2015-01-02,2531.0273733818435,2544.040367589462,2413.910425513275,2465.96240234375,193251000,0.0,0.0
2015-01-02,2478.975451886812,2485.481949135859,2446.442965641578,2452.949462890625,113035900,0.0,0.0
2015-01-02,2465.9630065104166,2472.469505208333,2439.93701171875,2439.93701171875,53233600,0.0,0.0
2015-01-02,2420.4171246467754,2452.949612881275,2420.4171246467754,2446.443115234375,51886300,0.0,0.0
2015-01-02,2439.9364683925314,2459.455960139672,2420.4169766453915,2452.949462890625,43865800,0.0,0.0
2015-01-02,2465.962833594775,2478.975830078125,2439.9368406280755,2478.975830078125,59658600,0.0,0.0
2015-01-02,2498.49524806701,2524.521240234375,2491.988750025169,2524.521240234375,90883500,0.0,0.0
2015-01-02,2531.027587890625,2550.5470808563628,2511.5080949248877,2531.027587890625,80835200,0.0,0.0
2015-01-02,2518.014950284091,2531.027947443182,2491.988955965909,2505.001953125,54544000,0.0,0.0
2015-01-02,2524.52114623708,2524.52114623708,2498.4951550387595,2518.0146484375,53484100,0.0,0.0
2015-01-02,2524.52114623708,2531.02764403666,2505.00165283834,2518.0146484375,62121300,0.0,0.0
2015-01-02,2511.5078125,2518.014309423575,2491.9883217292745,2511.5078125,37990600,0.0,0.0
2015-01-02,2524.521164819208,2531.02766266668,2433.4301949545975,2485.482177734375,87594500,0.0,0.0
2015-01-02,2465.962628682454,2518.0146102905273,2459.4561309814453,2498.4951171875,61613600,0.0,0.0
2015-01-02,2511.5081691242635,2537.5341605141525,2459.456186344486,2485.482177734375,169594500,0.0,0.0
2015-01-02,2511.5081150621854,2583.07958984375,2505.00161735477,2583.07958984375,121327700,0.0,0.0
2015-01-02,2570.066445508794,2609.105429491206,2570.066445508794,2589.5859375,96453900,0.0,0.0
2015-01-02,2609.1055806734103,2635.13157150307,2570.0665944289203,2583.07958984375,98381900,0.0,0.0
2015-01-02,2654.6510288697787,2765.2614884060195,2622.1185407708845,2648.14453125,270804800,0.0,0.0
2015-01-02,2680.6768125952744,2719.7157953029728,2615.6118414157777,2667.663818359375,143787700,0.0,0.0
2015-01-02,2771.767822265625,2771.767822265625,2674.170363735145,2771.767822265625,95845300,0.0,0.0
2015-01-02,2700.196399549498,2713.209394246122,2654.650918111314,2674.17041015625,131505700,0.0,0.0
2015-01-02,2661.1572922479536,2732.728759765625,2661.1572922479536,2732.728759765625,109258400,0.0,0.0
2015-01-02,2719.715931178291,2726.2224286213013,2674.1704490772195,2693.68994140625,53918600,0.0,0.0
2015-01-02,2713.209378169133,2713.209378169133,2687.1833889301006,2706.702880859375,73777600,0.0,0.0
2015-01-02,2719.715914705773,2726.222412109375,2693.6899250913634,2726.222412109375,47233600,0.0,0.0
2015-01-02,2732.728982573574,2732.728982573574,2680.677001953125,2680.677001953125,69990500,0.0,0.0
2015-01-02,2700.196399549498,2700.196399549498,2661.157415459626,2674.17041015625,49795000,0.0,0.0
2015-01-02,2687.1835756438772,2719.716064453125,2680.6770778820273,2719.716064453125,53817300,0.0,0.0
2015-01-02,2732.7289866727942,2784.7809673713236,2713.2094939108456,2765.261474609375,85360000,0.0,0.0
2015-01-02,2797.7938350554437,2830.3263215095767,2771.767845892137,2823.81982421875,108887200,0.0,0.0
2015-01-02,2823.81982421875,2849.8458133820563,2810.8068296370966,2823.81982421875,90945600,0.0,0.0
2015-01-02,2823.820010065751,2927.923973570479,2752.24853515625,2752.24853515625,123234300,0.0,0.0
2015-01-02,2830.32611821772,2973.469048334478,2830.32611821772,2960.4560546875,138151900,0.0,0.0
2015-01-02,2895.391583126251,2914.91107694508,2843.339599609375,2843.339599609375,97621900,0.0,0.0
2015-01-02,2830.3268911464434,2849.846386947453,2778.27490234375,2778.27490234375,108295900,0.0,0.0
2015-01-02,2810.80712890625,2830.326622856988,2784.781136971933,2810.80712890625,77484900,0.0,0.0
2015-01-02,2823.819674928161,2836.8326688218394,2797.7936871408046,2830.326171875,58295600,0.0,0.0
2015-01-02,2836.8328968394885,2862.85888671875,2823.819901899858,2862.85888671875,64572500,0.0,0.0
2015-01-02,2869.365591367813,2882.378587247032,2817.3136078509365,2843.339599609375,65888400,0.0,0.0
2015-01-02,2817.3136268898293,2843.3396188241463,2778.2746389883537,2810.80712890625,71874800,0.0,0.0
2015-01-02,2830.326489600066,2830.326489600066,2771.768010504892,2784.781005859375,91165100,0.0,0.0
2015-01-02,2784.7810237514777,2804.300516908614,2713.2095488419773,2752.24853515625,123190100,0.0,0.0
2015-01-02,2739.235691807381,2752.248687967986,2641.6382206028425,2661.15771484375,126444800,0.0,0.0
2015-01-02,2693.68994140625,2726.2224286213013,2661.1574541911987,2693.68994140625,125421200,0.0,0.0
2015-01-02,2726.222489085478,2771.7679721966915,2706.7029963235295,2765.261474609375,199163900,0.0,0.0
2015-01-02,2765.2614132793633,2778.2744081653836,2680.6769465202296,2693.68994140625,117134200,0.0,0.0
2015-01-02,2706.702880859375,2713.209378169133,2674.170394310584,2706.702880859375,90760300,0.0,0.0
2015-01-02,2726.2224508710383,2745.741943359375,2654.6509784138034,2745.741943359375,135968200,0.0,0.0
2015-01-02,2719.715953374926,2765.261435847712,2706.7029583827016,2745.741943359375,77672300,0.0,0.0
2015-01-02,2745.741943359375,2758.7549383516,2732.7289483671507,2745.741943359375,85476500,0.0,0.0
2015-01-02,2732.72885429038,2752.2483461067395,2713.20936247402,2739.2353515625,55203100,0.0,0.0
2015-01-02,2732.728926064312,2732.728926064312,2680.6769465202296,2693.68994140625,86940700,0.0,0.0
2015-01-02,2693.6899800472124,2726.222467728942,2680.6769849745206,2713.20947265625,89405700,0.0,0.0
2015-01-02,2706.7028652019003,2758.7548433788597,2700.19636792978,2739.2353515625,119001300,0.0,0.0
2015-01-02,2700.1963835496167,2739.2353674081655,2687.1833889301006,2706.702880859375,73019400,0.0,0.0
2015-01-02,2680.6767833891367,2739.2352568126857,2680.6767833891367,2732.728759765625,67797200,0.0,0.0
2015-01-02,2732.728759765625,2758.754747953869,2719.715765671503,2732.728759765625,49860400,0.0,0.0
2015-01-02,2739.2356331303436,2758.755126953125,2726.2226372484893,2758.755126953125,48004000,0.0,0.0
2015-01-02,2758.7548433788597,2758.7548433788597,2693.6898706576603,2739.2353515625,80888800,0.0,0.0
2015-01-02,2732.7288700984072,2739.2353674081655,2706.702880859375,2706.702880859375,64125200,0.0,0.0
2015-01-02,2700.1965693721068,2706.7030671296297,2622.118596281829,2635.131591796875,120404300,0.0,0.0
2015-01-02,2635.131591796875,2661.157582826968,2589.586107494213,2635.131591796875,123714900,0.0,0.0
2015-01-02,2635.13157150307,2635.13157150307,2570.0665944289203,2583.07958984375,107944800,0.0,0.0
2015-01-02,2602.5989772041066,2706.702936292271,2602.5989772041066,2693.68994140625,113131600,0.0,0.0
2015-01-02,2693.690205245263,2745.7421898876833,2654.6512167634473,2661.15771484375,138669100,0.0,0.0
2015-01-02,2687.183280436198,2758.754747953869,2687.183280436198,2732.728759765625,74240200,0.0,0.0
2015-01-02,2700.1963835496167,2745.7418647179234,2700.1963835496167,2706.702880859375,88244400,0.0,0.0
2015-01-02,2706.702771577381,2745.741753859747,2667.663789295015,2732.728759765625,97627500,0.0,0.0
2015-01-02,2765.2615305943414,2778.2745260324323,2732.7290419991136,2752.24853515625,159174700,0.0,0.0
2015-01-02,2752.24853515625,2765.2615305943414,2713.2095488419773,2752.24853515625,84251000,0.0,0.0
2015-01-02,2732.7291351894164,2765.261624894052,2726.2226372484893,2758.755126953125,78037000,0.0,0.0
2015-01-02,2726.222526764201,2784.781005859375,2713.2095314097182,2784.781005859375,106582800,0.0,0.0
2015-01-02,2745.741981847427,2778.2744697840076,2745.741981847427,2765.261474609375,66963300,0.0,0.0
2015-01-02,2752.2486102764424,2823.820087139423,2752.2486102764424,2791.28759765625,130275100,0.0,0.0
2015-01-02,2791.287541577545,2862.8590170026105,2778.274546045715,2804.300537109375,137113000,0.0,0.0
2015-01-02,2836.8327090468038,2856.352200164098,2804.3002238513127,2849.845703125,58639700,0.0,0.0
2015-01-02,2849.845758000645,2862.858752329415,2836.832763671875,2836.832763671875,69761200,0.0,0.0
2015-01-02,2817.3134379542153,2830.326433048692,2784.7809502180235,2797.7939453125,64563500,0.0,0.0
2015-01-02,2784.7808324673397,2797.793827011579,2732.72885429038,2739.2353515625,83690900,0.0,0.0
2015-01-02,2745.741753859747,2758.754747953869,2713.209268624442,2732.728759765625,50796000,0.0,0.0
2015-01-02,2719.715875478891,2752.2483620276817,2700.1963835496167,2706.702880859375,33361000,0.0,0.0
2015-01-02,2713.209378169133,2719.715875478891,2680.6768916203423,2706.702880859375,95073200,0.0,0.0
2015-01-02,2687.18344396324,2706.702936292271,2680.6769465202296,2693.68994140625,77235200,0.0,0.0
2015-01-02,2700.196571167576,2726.2225622149745,2693.6900734057267,2719.716064453125,95797800,0.0,0.0
2015-01-02,2732.72885429038,2765.2613406509795,2719.71585974614,2739.2353515625,127750100,0.0,0.0
2015-01-02,2732.7291351894164,2765.261624894052,2732.7291351894164,2758.755126953125,62848500,0.0,0.0
2015-01-02,2765.2615305943414,2771.768028313387,2745.7420374372045,2752.24853515625,47811100,0.0,0.0
2015-01-02,2752.248250906808,2765.26124500093,2732.728759765625,2732.728759765625,39787500,0.0,0.0
2015-01-02,2739.2352568126857,2758.754747953869,2719.715765671503,2732.728759765625,49146300,0.0,0.0
2015-01-02,2732.72885429038,2758.7548433788597,2726.22235701826,2739.2353515625,32147200,0.0,0.0
2015-01-02,2732.7289483671507,2758.7549383516,2726.2224508710383,2745.741943359375,44928300,0.0,0.0
2015-01-02,2732.728759765625,2745.741753859747,2726.222262718564,2732.728759765625,70646400,0.0,0.0
2015-01-02,2719.715914705773,2745.741904320182,2719.715914705773,2726.222412109375,51043000,0.0,0.0
2015-01-02,2745.7421310712707,2771.7681228349793,2739.2356331303436,2758.755126953125,59171100,0.0,0.0
2015-01-02,2745.7420374372045,2765.2615305943414,2745.7420374372045,2752.24853515625,63978700,0.0,0.0
2015-01-02,2752.2484408554874,2765.261435847712,2739.235445863263,2745.741943359375,87255800,0.0,0.0
2015-01-02,2752.248250906808,2758.754747953869,2732.728759765625,2732.728759765625,40526400,0.0,0.0
2015-01-02,2732.728759765625,2758.754747953869,2726.222262718564,2732.728759765625,65592600,0.0,0.0
2015-01-02,2732.7290215549697,2739.235519225339,2680.677040192018,2700.196533203125,142513800,0.0,0.0
2015-01-02,2680.677040192018,2706.703030873494,2667.6640448512803,2700.196533203125,94570400,0.0,0.0
2015-01-02,2700.196533203125,2732.7290215549697,2687.183537862387,2700.196533203125,56762000,0.0,0.0
2015-01-02,2713.2095314097182,2797.7940012138583,2713.2095314097182,2784.781005859375,73529000,0.0,0.0
2015-01-02,2765.2614704613547,2791.287460771579,2674.1705043755687,2680.677001953125,142550300,0.0,0.0
2015-01-02,2719.715914705773,2745.741904320182,2687.183427687761,2726.222412109375,197201200,0.0,0.0
2015-01-02,2635.1314752752132,2635.1314752752132,2544.0405106977983,2576.572998046875,244873100,0.0,0.0
2015-01-02,2505.001384966606,2524.5208762780344,2368.3649457866095,2465.96240234375,331538800,0.0,0.0
2015-01-02,2491.9886194864907,2570.0665918986,2446.443135579427,2498.4951171875,214754300,0.0,0.0
2015-01-02,2537.5343811035154,2622.1188604736326,2537.5343811035154,2602.599365234375,195298100,0.0,0.0
2015-01-02,2570.066873168945,2628.6253588867185,2570.066873168945,2602.599365234375,84236700,0.0,0.0
2015-01-02,2615.612078380825,2622.11857608824,2576.573092136335,2583.07958984375,98115300,0.0,0.0
2015-01-02,2570.0664615388437,2583.0794562808123,2550.5469694258904,2557.053466796875,82463000,0.0,0.0
2015-01-02,2550.546914556962,2583.0794007120253,2544.0404173259494,2570.06640625,69602800,0.0,0.0
2015-01-02,2557.053804504085,2583.079797425246,2550.547306273794,2563.560302734375,108352600,0.0,0.0
2015-01-02,2537.5343142531988,2557.0538089782235,2446.4433388697507,2478.975830078125,91265600,0.0,0.0
2015-01-02,2452.9493003426896,2491.98828125,2452.9493003426896,2491.98828125,65999500,0.0,0.0
2015-01-02,2505.001614888509,2511.508112589518,2485.4821217854815,2498.4951171875,61860400,0.0,0.0
2015-01-02,2491.9886194864907,2524.521107991536,2491.9886194864907,2498.4951171875,73215900,0.0,0.0
2015-01-02,2485.482044684193,2537.5340246775795,2452.9495571883267,2459.4560546875,145322000,0.0,0.0
2015-01-02,2485.4818248056995,2537.5338001943005,2478.975327882124,2511.5078125,96825100,0.0,0.0
2015-01-02,2485.482049732257,2576.5730149056903,2478.975552219869,2544.04052734375,68873200,0.0,0.0
2015-01-02,2537.534013227983,2602.5989879261365,2531.0275157581677,2576.572998046875,56831800,0.0,0.0
2015-01-02,2557.053522368526,2576.5730149056903,2537.5340298313617,2544.04052734375,67135100,0.0,0.0
2015-01-02,2531.027947443182,2531.027947443182,2485.4824573863634,2505.001953125,74498300,0.0,0.0
2015-01-02,2524.521313352633,2563.560302734375,2511.508316892053,2563.560302734375,80253900,0.0,0.0
2015-01-02,2557.053505637429,2589.5859929865055,2544.0405106977983,2576.572998046875,73229000,0.0,0.0
2015-01-02,2550.5471013066754,2583.07958984375,2537.5341058918452,2583.07958984375,85397800,0.0,0.0
2015-01-02,2544.0401343520807,2583.0791133958464,2544.0401343520807,2550.546630859375,53216800,0.0,0.0
2015-01-02,2510.9079283887468,2576.296155690537,2504.3691056585676,2556.6796875,58982800,19.379,0.0
2015-01-02,2556.679977656659,2556.679977656659,2497.83056640625,2497.83056640625,111038700,0.0,0.0
2015-01-02,2517.446799830386,2543.6020912571958,2484.752685546875,2484.752685546875,64957800,0.0,0.0
2015-01-02,2452.058848363145,2484.7529663413206,2425.903553980605,2438.981201171875,88601300,0.0,0.0
2015-01-02,2484.7526945891204,2517.446808991609,2458.5974030671296,2471.675048828125,65390700,0.0,0.0
2015-01-02,2432.4423671874997,2471.67530859375,2432.4423671874997,2452.058837890625,53482700,0.0,0.0
2015-01-02,2478.213662744538,2478.213662744538,2399.747794794843,2412.825439453125,46232300,0.0,0.0
2015-01-02,2412.825906789335,2458.59767195878,2399.7482595980646,2438.981201171875,48998200,0.0,0.0
2015-01-02,2465.1362036961486,2510.907963446475,2465.1362036961486,2504.369140625,39654200,0.0,0.0
2015-01-02,2504.369330236754,2589.37403335184,2491.2916836036643,2576.29638671875,126802300,0.0,0.0
2015-01-02,2576.2961254024026,2628.6067066288474,2576.2961254024026,2602.451416015625,128649100,0.0,0.0
2015-01-02,2602.451416015625,2602.451416015625,2602.451416015625,2602.451416015625,0,0.0,0.0
2015-01-02,2582.8349609375,2608.990251681171,2563.218492879747,2582.8349609375,71660600,0.0,0.0
2015-01-02,2537.0632021360757,2602.451428995253,2537.0632021360757,2582.8349609375,68494500,0.0,0.0
2015-01-02,2589.3737836234177,2635.1455424248416,2576.2961382515823,2582.8349609375,74018400,0.0,0.0
2015-01-02,2595.913069458008,2622.0683648681643,2589.374245605469,2615.529541015625,44136900,0.0,0.0
2015-01-02,2615.529044231965,2635.145512063705,2608.9902216213854,2628.606689453125,85713200,0.0,0.0
2015-01-02,2635.1460125732424,2635.1460125732424,2589.374245605469,2615.529541015625,44608000,0.0,0.0
2015-01-02,2589.3740234375,2615.5293166035353,2582.835200145991,2589.3740234375,47226300,0.0,0.0
2015-01-02,2563.2187302714647,2595.912846729009,2563.2187302714647,2589.3740234375,45738500,0.0,0.0
2015-01-02,2569.7573155656646,2595.9126063093354,2569.7573155656646,2582.8349609375,64704600,0.0,0.0
2015-01-02,2595.9126063093354,2615.5290743670885,2582.8349609375,2582.8349609375,42188800,0.0,0.0
2015-01-02,2602.451909831549,2615.529557619647,2589.374262043451,2595.9130859375,45793400,0.0,0.0
2015-01-02,2589.3740234375,2622.068139895044,2582.835200145991,2589.3740234375,56558200,0.0,0.0
2015-01-02,2576.296614255353,2602.451909831549,2563.218966467254,2595.9130859375,53435400,0.0,0.0
2015-01-02,2563.2185460182764,2576.296191661227,2497.8303178035244,2504.369140625,101523500,0.0,0.0
2015-01-02,2484.7526677449546,2537.063250223796,2471.675022125244,2510.907958984375,77653500,0.0,0.0
2015-01-02,2517.446751118926,2582.834978420716,2517.446751118926,2556.6796875,113430200,0.0,0.0
2015-01-02,2576.2961601061697,2576.2961601061697,2543.6020463992386,2550.140869140625,47799100,0.0,0.0
2015-01-02,2550.1410934525697,2589.37403335184,2523.9858001863895,2576.29638671875,60944600,0.0,0.0
2015-01-02,2550.140873533901,2563.218519039203,2537.0632280285986,2543.60205078125,47240400,0.0,0.0
2015-01-02,2523.985595703125,2556.6797096371033,2523.985595703125,2523.985595703125,30060700,0.0,0.0
2015-01-02,2530.5244140625,2563.2185279392766,2523.985591287145,2530.5244140625,57849200,0.0,0.0
2015-01-02,2556.6799167691147,2602.4516799849303,2550.1410934525697,2576.29638671875,77648400,0.0,0.0
2015-01-02,2576.2961382515823,2602.451428995253,2550.140847507911,2582.8349609375,73895600,0.0,0.0
2015-01-02,2550.140847507911,2595.9126063093354,2550.140847507911,2582.8349609375,59225000,0.0,0.0
2015-01-02,2576.2963768544823,2589.3740234375,2556.679906979956,2589.3740234375,52999700,0.0,0.0
2015-01-02,2569.7570838149713,2589.373550103635,2563.21826171875,2563.21826171875,66017500,0.0,0.0
2015-01-02,2550.140882388566,2563.2185279392766,2523.985591287145,2530.5244140625,115706000,0.0,0.0
2015-01-02,2530.5244140625,2556.6797051639214,2523.985591287145,2530.5244140625,78090700,0.0,0.0
2015-01-02,2530.5244052759476,2556.679696286552,2523.9855825232967,2543.60205078125,91636700,0.0,0.0
2015-01-02,2563.21826171875,2563.21826171875,2550.1406175263073,2563.21826171875,54547600,0.0,0.0
2015-01-02,2550.1408868503077,2550.1408868503077,2510.9079501295337,2523.985595703125,146309400,0.0,0.0
2015-01-02,2523.985595703125,2523.985595703125,2523.985595703125,2523.985595703125,0,0.0,0.0
2015-01-02,2537.0632368378556,2543.6020596132107,2510.907945736434,2530.5244140625,127779400,0.0,0.0
2015-01-02,2543.6020596132107,2543.6020596132107,2517.4467685117893,2530.5244140625,80814700,0.0,0.0
2015-01-02,2523.985591287145,2537.0632368378556,2517.4467685117893,2530.5244140625,26820400,0.0,0.0
2015-01-02,2537.063232421875,2543.602055185849,2523.985586893927,2537.063232421875,49368500,0.0,0.0
2015-01-02,2537.063232421875,2543.602055185849,2517.4467641299534,2537.063232421875,74260200,0.0,0.0
2015-01-02,2523.9856046040854,2530.5244274139404,2504.36913617452,2510.907958984375,122760100,0.0,0.0
2015-01-02,2504.36913617452,2530.5244274139404,2504.36913617452,2510.907958984375,71119600,0.0,0.0
2015-01-02,2517.4467685117893,2543.6020596132107,2517.4467685117893,2530.5244140625,54712100,0.0,0.0
2015-01-02,2523.985844916802,2550.1411386465097,2517.447021484375,2517.447021484375,65928100,0.0,0.0
2015-01-02,2530.5246683492287,2543.602315214083,2510.908198051948,2517.447021484375,79662500,0.0,0.0
2015-01-02,2530.5244319109006,2530.5244319109006,2504.369140625,2504.369140625,59748700,0.0,0.0
2015-01-02,2497.830551187094,2530.5246683492287,2491.291727754667,2517.447021484375,92350100,0.0,0.0
2015-01-02,2523.985329141422,2563.21826171875,2517.4465070452006,2563.21826171875,99064100,0.0,0.0
2015-01-02,2563.218492879747,2582.8349609375,2543.6020248219934,2582.8349609375,61945400,0.0,0.0
2015-01-02,2563.2185234777708,2569.7573462417445,2537.063232421875,2537.063232421875,31336300,0.0,0.0
2015-01-02,2589.3740234375,2589.3740234375,2537.0634371054293,2589.3740234375,83224900,0.0,0.0
2015-01-02,2595.9126063093354,2608.990251681171,2556.6796701938288,2582.8349609375,70318300,0.0,0.0
2015-01-02,2576.2961382515823,2595.9126063093354,2563.218492879747,2582.8349609375,54433000,0.0,0.0
2015-01-02,2582.834918740355,2661.300789689429,2582.834918740355,2648.22314453125,122779100,0.0,0.0
2015-01-02,2635.1455035823406,2667.8396165300123,2622.067858403272,2641.684326171875,80434200,0.0,0.0
2015-01-02,2654.762408712636,2713.611821713655,2654.762408712636,2707.072998046875,123306900,0.0,0.0
2015-01-02,2707.072768162637,2707.072768162637,2635.1457139360937,2687.456298828125,123085600,0.0,0.0
2015-01-02,2680.917236328125,2687.4560588557547,2648.223123689977,2680.917236328125,87628300,0.0,0.0
2015-01-02,2654.7621927051496,2693.9951315136,2654.7621927051496,2674.378662109375,75349600,0.0,0.0
2015-01-02,2654.762202232417,2667.839848548833,2622.0680864413775,2661.301025390625,110927600,0.0,0.0
2015-01-02,2661.3010158398915,2680.9174852441165,2648.223369570408,2674.378662109375,72319900,0.0,0.0
2015-01-02,2667.83984375,2687.4563131893383,2648.223374310662,2667.83984375,71877500,0.0,0.0
2015-01-02,2667.83984375,2674.3786668964462,2661.301020603554,2667.83984375,56070700,0.0,0.0
2015-01-02,2667.8398108057227,2713.611572265625,2667.8398108057227,2713.611572265625,84076600,0.0,0.0
2015-01-02,2707.072998046875,2726.689469047215,2687.4565270465355,2707.072998046875,61410200,0.0,0.0
2015-01-02,2733.2278038930085,2739.76662639036,2700.53369140625,2700.53369140625,88859000,0.0,0.0
2015-01-02,2700.5336750131146,2746.3054322167263,2700.5336750131146,2726.68896484375,66564400,0.0,0.0
2015-01-02,2726.6891722196688,2805.1550476792277,2726.6891722196688,2778.999755859375,108165500,0.0,0.0
2015-01-02,2778.999755859375,2778.999755859375,2778.999755859375,2778.999755859375,0,0.0,0.0
2015-01-02,2733.2277873014086,2746.3054322167263,2700.5336750131146,2726.68896484375,79905800,0.0,0.0
2015-01-02,2700.53369140625,2707.0725139036017,2687.4560464115466,2700.53369140625,72954300,0.0,0.0
2015-01-02,2687.4560588557547,2707.0725264386433,2674.3784138004953,2680.917236328125,53211800,0.0,0.0
2015-01-02,2687.456280002824,2733.2280414627257,2687.456280002824,2713.611572265625,54580200,0.0,0.0
2015-01-02,2726.6892183970253,2726.6892183970253,2687.456280002824,2713.611572265625,33441400,0.0,0.0
2015-01-02,2713.6116009178254,2726.689247187309,2674.378662109375,2674.378662109375,47225000,0.0,0.0
2015-01-02,2674.3784520632016,2674.3784520632016,2622.06787109375,2622.06787109375,51373500,0.0,0.0
2015-01-02,2654.762202232417,2693.9951411816646,2648.223379074209,2661.301025390625,68193500,0.0,0.0
2015-01-02,2661.301025390625,2661.301025390625,2661.301025390625,2661.301025390625,0,0.0,0.0
2015-01-02,2635.1457139360937,2713.611591274141,2635.1457139360937,2687.456298828125,110208600,0.0,0.0
2015-01-02,2733.2276904075934,2890.159423828125,2726.6888681817377,2890.159423828125,237062100,0.0,0.0
2015-01-02,2942.470001634969,2955.54764608668,2831.3100237954254,2890.159423828125,213322700,0.0,0.0
2015-01-02,2864.0043856534094,2883.6208540482958,2850.9267400568183,2877.08203125,103930700,0.0,0.0
2015-01-02,2864.0043990006434,2877.0820446581806,2850.926753343106,2857.465576171875,78695300,0.0,0.0
2015-01-02,2877.0820446581806,2883.620867486949,2857.465576171875,2857.465576171875,124845700,0.0,0.0
2015-01-02,2883.62109375,2909.776387117347,2864.0046237244896,2883.62109375,140198900,0.0,0.0
2015-01-02,2955.746305263537,2955.746305263537,2908.72306858889,2915.440673828125,92896600,117.3675,0.0
2015-01-02,2928.875657000858,2949.0284711545337,2915.4404475650745,2935.59326171875,100510700,0.0,0.0
2015-01-02,2922.1582790673606,2928.8758843065957,2908.72306858889,2915.440673828125,43566800,0.0,0.0
2015-01-02,2935.5934895458313,2942.3110947850664,2895.287858110419,2915.440673828125,85508700,0.0,0.0
2015-01-02,2949.0287000243015,2989.3343314597137,2908.72306858889,2915.440673828125,90061700,0.0,0.0
2015-01-02,2915.4404475650745,2962.4636805903174,2908.7228428471826,2935.59326171875,85484500,0.0,0.0
2015-01-02,2962.4636985085226,2982.616512784091,2942.3108842329543,2955.74609375,84813500,0.0,0.0
2015-01-02,2969.18136176713,2969.18136176713,2902.005312858372,2928.875732421875,88965200,0.0,0.0
2015-01-02,2949.0287000243015,2949.0287000243015,2915.440673828125,2915.440673828125,79436500,0.0,0.0
2015-01-02,2942.3110947850664,2942.3110947850664,2888.570252871184,2915.440673828125,65470700,0.0,0.0
2015-01-02,2888.569993021317,2915.44041156105,2868.417179116517,2895.28759765625,78913600,0.0,0.0
2015-01-02,2888.5705054411565,3123.686709372413,2888.5705054411565,3043.075439453125,140860000,0.0,0.0
2015-01-02,3083.3807938338928,3137.1216355564875,2982.616715604027,3002.76953125,92800400,0.0,0.0
2015-01-02,3022.922141335227,3036.3573508522727,2935.5932794744317,2955.74609375,70551200,0.0,0.0
2015-01-02,2928.875732421875,2962.463756876254,2908.7229177492472,2928.875732421875,76441800,0.0,0.0
2015-01-02,2975.8991103887024,3016.2047416806486,2975.8991103887024,3002.76953125,123903300,0.0,0.0
2015-01-02,3002.769652486119,3002.769652486119,2928.8759921341116,2949.02880859375,69694400,0.0,0.0
2015-01-02,2922.158110092198,2942.3109246445583,2908.722900390625,2908.722900390625,57720500,0.0,0.0
2015-01-02,2922.158203125,2935.5934132543102,2888.570177801724,2922.158203125,184808900,0.0,0.0
2015-01-02,2922.158203125,2922.158203125,2922.158203125,2922.158203125,0,0.0,0.0
2015-01-02,2955.7460001070203,2989.3340228355096,2915.440372832834,2942.310791015625,168414800,0.0,0.0
2015-01-02,2915.440673828125,2942.3110947850664,2888.570252871184,2915.440673828125,88200300,0.0,0.0
2015-01-02,2922.1580161959832,2922.1580161959832,2888.569993021317,2895.28759765625,99538800,0.0,0.0
2015-01-02,2922.158432006836,2922.158432006836,2881.852798461914,2902.005615234375,99176400,0.0,0.0
2015-01-02,2902.005277979651,2902.005277979651,2888.570068359375,2888.570068359375,88979800,0.0,0.0
2015-01-02,2935.5933197937716,2942.3109246445583,2902.0052955398382,2908.722900390625,137960200,0.0,0.0
2015-01-02,2902.0052955398382,2915.4405052414118,2895.2876906890515,2908.722900390625,52481100,0.0,0.0
2015-01-02,2915.440522640123,2928.875732421875,2908.7229177492472,2928.875732421875,61967400,0.0,0.0
2015-01-02,2942.310942203627,2942.310942203627,2908.7229177492472,2928.875732421875,72198600,0.0,0.0
2015-01-02,2922.158127530999,2935.593337312751,2908.7229177492472,2928.875732421875,50887900,0.0,0.0
2015-01-02,2908.7228428471826,2982.616494743993,2908.7228428471826,2935.59326171875,267351200,0.0,0.0
2015-01-02,2955.74609375,2969.181303267045,2949.0284889914774,2955.74609375,48458800,0.0,0.0
2015-01-02,2969.181355703647,3029.639799598065,2955.746145949332,3016.20458984375,93396600,0.0,0.0
2015-01-02,3009.486760232301,3043.0747821098935,2996.0515514812637,3036.357177734375,116596300,0.0,0.0
2015-01-02,3049.792386485412,3049.792386485412,3022.921968983338,3036.357177734375,76420700,0.0,0.0
2015-01-02,3036.357177734375,3036.357177734375,3036.357177734375,3036.357177734375,0,0.0,0.0
2015-01-02,3036.357177734375,3036.357177734375,3036.357177734375,3036.357177734375,0,0.0,0.0
2015-01-02,3036.357177734375,3036.357177734375,3036.357177734375,3036.357177734375,0,0.0,0.0
2015-01-02,3036.357177734375,3036.357177734375,3036.357177734375,3036.357177734375,0,0.0,0.0
2015-01-02,3036.357177734375,3036.357177734375,3036.357177734375,3036.357177734375,0,0.0,0.0
2015-01-02,3036.357177734375,3036.357177734375,3036.357177734375,3036.357177734375,0,0.0,0.0
2015-01-02,3043.0751739055977,3217.73291015625,3036.357568665188,3217.73291015625,213322100,0.0,0.0
2015-01-02,3163.9921236723853,3177.4273343886166,3083.380859375,3083.380859375,126977200,0.0,0.0
2015-01-02,3056.5102709641105,3083.38069092863,3043.0750609818506,3076.6630859375,76950600,0.0,0.0
2015-01-02,3069.9456800235216,3143.839339717742,3069.9456800235216,3123.6865234375,74712800,0.0,0.0
2015-01-02,3116.9688259314257,3150.556852072928,3110.251220703125,3110.251220703125,74859600,0.0,0.0
2015-01-02,3137.121358725383,3137.121358725383,3063.227707877462,3069.9453125,40905200,0.0,0.0
2015-01-02,3083.3810270889944,3116.9690557065214,3063.228209918478,3090.0986328125,59015400,0.0,0.0
2015-01-02,3076.6632698356334,3116.9689021915588,3076.6632698356334,3103.53369140625,42386500,0.0,0.0
2015-01-02,3130.4042671535326,3143.8394786005433,3076.663421365489,3090.0986328125,83010800,0.0,0.0
2015-01-02,3076.663421365489,3103.5338442595107,3069.9458156419832,3090.0986328125,61198800,0.0,0.0
2015-01-02,3069.9456800235216,3123.6865234375,3069.9456800235216,3123.6865234375,53983200,0.0,0.0
2015-01-02,3130.4040363880267,3130.4040363880267,3083.380799789923,3110.251220703125,63087200,0.0,0.0
2015-01-02,3110.251449983016,3110.251449983016,3069.9458156419832,3090.0986328125,31882000,0.0,0.0
2015-01-02,3103.5336154748247,3123.686431159726,3090.0984050182237,3110.251220703125,65946300,0.0,0.0
2015-01-02,3090.0982023540296,3103.533411929482,3043.0749688399465,3063.227783203125,61852600,0.0,0.0
2015-01-02,3022.9224420362902,3123.6865234375,3022.9224420362902,3123.6865234375,139361700,0.0,0.0
2015-01-02,3143.8392954680876,3184.1449274612683,3116.9688741393006,3170.709716796875,82776400,0.0,0.0
2015-01-02,3157.2744140625,3184.144834607713,3123.686388380984,3157.2744140625,65286900,0.0,0.0
2015-01-02,3157.2745505712364,3170.7097614247314,3123.6865234375,3123.6865234375,79556300,0.0,0.0
2015-01-02,3137.121598653591,3170.7096243351066,3130.4039935172873,3157.2744140625,77012600,0.0,0.0
2015-01-02,3143.8392794676174,3190.8625165536714,3137.12167416961,3150.556884765625,105620500,0.0,0.0
2015-01-02,3157.2746126506813,3237.885879356656,3150.55700709185,3204.2978515625,98006400,0.0,0.0
2015-01-02,3224.450439453125,3251.320859781901,3211.015229288737,3224.450439453125,76646000,0.0,0.0
2015-01-02,3197.5800448803193,3217.732860289229,3137.121598653591,3157.2744140625,57453500,0.0,0.0
2015-01-02,3157.274151624398,3163.9917562023224,3130.403733312701,3137.121337890625,53596700,0.0,0.0
2015-01-02,3137.1213378906255,3177.426965358171,3130.403733312701,3137.121337890625,50259300,0.0,0.0
2015-01-02,3123.686463573594,3150.556884765625,3123.686463573594,3150.556884765625,55006100,0.0,0.0
2015-01-02,3137.12128139099,3170.70930367569,3137.12128139099,3163.99169921875,67040700,0.0,0.0
2015-01-02,3170.70930367569,3177.42690813263,3157.2740947618104,3163.99169921875,36139000,0.0,0.0
2015-01-02,3150.5567162668603,3157.2743212055957,3130.4039014506543,3143.839111328125,61681900,0.0,0.0
2015-01-02,3170.70930367569,3177.42690813263,3157.2740947618104,3163.99169921875,45942500,0.0,0.0
2015-01-02,3190.862211263709,3190.862211263709,3163.991792642541,3177.427001953125,62541500,0.0,0.0
2015-01-02,3190.8626404448373,3211.015457121331,3177.427429327175,3204.2978515625,72564900,0.0,0.0
2015-01-02,3204.2978515625,3204.2978515625,3204.2978515625,3204.2978515625,0,0.0,0.0
2015-01-02,3204.297531830217,3237.885556272882,3204.297531830217,3211.01513671875,72171800,0.0,0.0
2015-01-02,3224.450668238994,3224.450668238994,3177.427429327175,3204.2978515625,36963300,0.0,0.0
2015-01-02,3224.4505153966597,3231.1681206370695,3204.2976996754305,3217.73291015625,45279100,0.0,0.0
2015-01-02,3224.450439453125,3231.168044535319,3190.862414042155,3224.450439453125,55475800,0.0,0.0
2015-01-02,3224.450346495816,3224.450346495816,3197.579926941684,3211.01513671875,59747100,0.0,0.0
2015-01-02,3224.450668238994,3231.168273797825,3204.2978515625,3204.2978515625,34666200,0.0,0.0
2015-01-02,3184.1446998355264,3204.2975143914473,3170.709490131579,3190.8623046875,42681600,0.0,0.0
2015-01-02,3184.144606608417,3197.579815919001,3163.991792642541,3177.427001953125,66770700,0.0,0.0
2015-01-02,3170.709322257384,3197.579740242616,3170.709322257384,3184.14453125,41010800,0.0,0.0
2015-01-02,3184.144911255664,3190.8625165536714,3150.556884765625,3150.556884765625,60803000,0.0,0.0
2015-01-02,3150.556884765625,3150.556884765625,3150.556884765625,3150.556884765625,0,0.0,0.0
2015-01-02,3163.991926144331,3163.991926144331,3130.4039014506543,3143.839111328125,74663400,0.0,0.0
2015-01-02,3137.1217342909945,3143.839339717742,3103.533707157258,3123.6865234375,71280300,0.0,0.0
2015-01-02,3123.68607247711,3177.42690813263,3123.68607247711,3163.99169921875,60257800,0.0,0.0
2015-01-02,3157.2744140625,3177.4272294714096,3150.556808926197,3157.2744140625,47238900,0.0,0.0
2015-01-02,3137.121690135891,3170.709716796875,3137.121690135891,3170.709716796875,40939600,0.0,0.0
2015-01-02,3163.9916992187505,3170.70930367569,3157.2740947618104,3163.99169921875,45419200,0.0,0.0
2015-01-02,3170.709716796875,3177.427322129072,3157.2745061324813,3170.709716796875,68810000,0.0,0.0
2015-01-02,3123.686463573594,3177.4273059576562,3123.686463573594,3150.556884765625,55115400,0.0,0.0
2015-01-02,3150.556547046474,3157.274151624398,3130.403733312701,3137.121337890625,53421400,0.0,0.0
2015-01-02,3123.686463573594,3157.274490063633,3123.686463573594,3150.556884765625,112759200,0.0,0.0
2015-01-02,3143.83888584793,3170.70930367569,3130.40367693405,3163.99169921875,61345400,0.0,0.0
2015-01-02,3150.5564903048703,3170.70930367569,3143.83888584793,3163.99169921875,54676900,0.0,0.0
2015-01-02,3150.556884765625,3163.9920953616406,3143.8392794676174,3150.556884765625,58141200,0.0,0.0
2015-01-02,3150.556884765625,3150.556884765625,3150.556884765625,3150.556884765625,0,0.0,0.0
2015-01-02,3150.556528551825,3150.556528551825,3096.815692243905,3116.968505859375,100046700,0.0,0.0
2015-01-02,3103.533707157258,3137.1217342909945,3096.8161017305106,3123.6865234375,33070000,0.0,0.0
2015-01-02,3116.9688582755866,3163.9920953616406,3116.9688582755866,3150.556884765625,83557100,0.0,0.0
2015-01-02,3150.556808926197,3163.9920191988035,3143.839203789894,3157.2744140625,60995800,0.0,0.0
2015-01-02,3170.70930367569,3184.1445125895702,3163.9916992187505,3163.99169921875,105241200,0.0,0.0
2015-01-02,3157.2743212055957,3190.862345899272,3137.1215063893897,3143.839111328125,202031900,0.0,0.0
2015-01-02,3150.5567162668603,3150.5567162668603,3130.4039014506543,3143.839111328125,79696400,0.0,0.0
2015-01-02,3123.686463573594,3157.274490063633,3116.9688582755866,3150.556884765625,113933700,0.0,0.0
2015-01-02,3130.404068871602,3163.9920953616406,3130.404068871602,3150.556884765625,101963100,0.0,0.0
2015-01-02,3143.839508449571,3150.5571142368563,3116.969085300429,3130.404296875,164687600,0.0,0.0
2015-01-02,3143.839508449571,3143.839508449571,3110.2514795131437,3130.404296875,83595800,0.0,0.0
2015-01-02,3116.9689021915588,3130.404112976867,3096.816086013596,3103.53369140625,73027700,0.0,0.0
2015-01-02,3123.686709372413,3123.686709372413,3029.6402277999105,3043.075439453125,95524700,0.0,0.0
2015-01-02,3049.792560369318,3056.510165127841,2895.2876509232956,2955.74609375,365951800,0.0,0.0
2015-01-02,2942.310827306799,3016.204478220897,2935.5932226782447,2982.616455078125,163091000,0.0,0.0
2015-01-02,2982.616775271586,2989.3343806212965,2955.746353872743,2975.899169921875,122491000,0.0,0.0
2015-01-02,2942.310993460323,3009.487043539326,2942.310993460323,2989.334228515625,167517000,0.0,0.0
2015-01-02,2955.74609375,2962.4636985085226,2902.005255681818,2955.74609375,286827400,0.0,0.0
2015-01-02,2955.7461164607557,2955.7461164607557,2814.676415447856,2888.570068359375,379725700,0.0,0.0
2015-01-02,2841.5470269354955,2854.9822374647415,2807.9590006123813,2828.11181640625,231274800,0.0,0.0
2015-01-02,2854.9822697873974,2881.852691150102,2821.394243084016,2868.41748046875,107642900,0.0,0.0
2015-01-02,2868.4171426930147,2902.005165441177,2848.264329044118,2854.98193359375,118213500,0.0,0.0
2015-01-02,2868.417048172466,2868.417048172466,2841.546630859375,2841.546630859375,69942200,0.0,0.0
2015-01-02,2828.1117495511157,2841.54695976276,2727.3476729637837,2747.50048828125,308355300,0.0,0.0
2015-01-02,2693.759606581468,2861.699731680063,2693.759606581468,2794.523681640625,348271000,0.0,0.0
2015-01-02,2814.67681958302,2821.394425357681,2740.7831560617474,2787.806396484375,122923500,0.0,0.0
2015-01-02,2787.8059476964613,2807.958761776195,2740.78271484375,2740.78271484375,140445100,0.0,0.0
2015-01-02,2787.806084493254,2787.806084493254,2707.19482421875,2707.19482421875,111757900,0.0,0.0
2015-01-02,2734.065113849881,2740.782718552215,2626.5834386125393,2653.453857421875,267366500,0.0,0.0
2015-01-02,2673.6067991043737,2760.9356644017525,2666.8891940814983,2707.19482421875,154764900,0.0,0.0
2015-01-02,2720.630067857962,2754.2180933870723,2693.7596474346733,2747.50048828125,80926400,0.0,0.0
2015-01-02,2754.2180682708085,2828.111723761001,2734.0652531371197,2814.676513671875,177511800,0.0,0.0
2015-01-02,2807.958908627312,2828.111723761001,2794.523698538186,2814.676513671875,84694700,0.0,0.0
2015-01-02,2794.5236471036587,2794.5236471036587,2754.218017578125,2754.218017578125,145225500,0.0,0.0
2015-01-02,2754.218051616962,2807.9588916485122,2754.218051616962,2794.523681640625,91933800,0.0,0.0
2015-01-02,2774.371170192089,2794.5239874089807,2767.653564453125,2767.653564453125,56993800,0.0,0.0
2015-01-02,2774.370832340892,2794.5236471036587,2754.218017578125,2754.218017578125,92109100,0.0,0.0
2015-01-02,2754.217924230239,2760.9355289234836,2734.0651101505055,2740.78271484375,64809800,0.0,0.0
2015-01-02,2747.50018798237,2807.958627326725,2740.782583610775,2774.37060546875,96128400,0.0,0.0
2015-01-02,2787.805777413504,2841.546611676897,2787.805777413504,2821.393798828125,134137000,0.0,0.0
2015-01-02,2821.393798828125,2841.546611676897,2821.393798828125,2821.393798828125,80261800,0.0,0.0
2015-01-02,2834.829636907003,2834.829636907003,2787.806396484375,2787.806396484375,48453900,0.0,0.0
2015-01-02,2801.2409859793524,2821.393798828125,2787.805777413504,2821.393798828125,96842900,0.0,0.0
2015-01-02,2834.829007393973,2834.829007393973,2814.676194545201,2821.393798828125,69602300,0.0,0.0
2015-01-02,2821.3939108455884,2868.4171426930147,2821.3939108455884,2854.98193359375,62887900,0.0,0.0
2015-01-02,2834.829559326172,2902.005615234375,2834.829559326172,2902.005615234375,87879900,0.0,0.0
2015-01-02,2902.005277979651,2922.1580924100654,2875.134858739099,2888.570068359375,82769500,0.0,0.0
2015-01-02,2868.417218478221,2881.8524279324515,2841.54679956976,2848.264404296875,99928100,0.0,0.0
2015-01-02,2834.829007393973,2848.2642159598213,2807.9585902622766,2821.393798828125,79872900,0.0,0.0
2015-01-02,2821.394425357681,2834.829636907003,2787.806396484375,2787.806396484375,185905200,0.0,0.0
2015-01-02,2787.806396484375,2787.806396484375,2787.806396484375,2787.806396484375,0,0.0,0.0
2015-01-02,2807.9585902622766,2841.546611676897,2794.5233816964283,2821.393798828125,78040500,0.0,0.0
2015-01-02,2828.1114031110487,2834.829007393973,2807.9585902622766,2821.393798828125,96504800,0.0,0.0
2015-01-02,2794.5233816964283,2828.1114031110487,2794.5233816964283,2821.393798828125,92126500,0.0,0.0
2015-01-02,2821.393798828125,2828.1114031110487,2794.5233816964283,2821.393798828125,52703100,0.0,0.0
2015-01-02,2787.8062284165535,2821.3942552649455,2767.653412307518,2781.088623046875,88536500,0.0,0.0
2015-01-02,2760.9358069378395,2787.8062284165535,2760.9358069378395,2781.088623046875,47625800,0.0,0.0
2015-01-02,2787.806001292716,2814.676420582284,2787.806001292716,2801.2412109375,63036000,0.0,0.0
2015-01-02,2787.805777413504,2821.393798828125,2787.805777413504,2821.393798828125,49020200,0.0,0.0
2015-01-02,2834.829119944853,2854.98193359375,2821.3939108455884,2854.98193359375,61517800,0.0,0.0
2015-01-02,2821.3938178745566,2848.2642351876475,2807.958609218011,2841.546630859375,77110600,0.0,0.0
2015-01-02,2854.9820090239905,2854.9820090239905,2801.2411712070684,2848.264404296875,47756500,0.0,0.0
2015-01-02,2821.394118716438,2821.394118716438,2801.241303582749,2814.676513671875,85383600,0.0,0.0
2015-01-02,2814.676496652456,2821.3941016564,2794.523681640625,2794.523681640625,87778400,0.0,0.0
2015-01-02,2814.6763062959562,2854.98193359375,2801.2410971966915,2854.98193359375,83893400,0.0,0.0
2015-01-02,2854.9820443086846,2888.570068359375,2828.111625068132,2888.570068359375,50330400,0.0,0.0
2015-01-02,2888.570068359375,2888.570068359375,2888.570068359375,2888.570068359375,0,0.0,0.0
2015-01-02,2888.570068359375,2888.570068359375,2888.570068359375,2888.570068359375,0,0.0,0.0
2015-01-02,2868.4172539289607,2895.2876731695133,2868.4172539289607,2888.570068359375,32211800,0.0,0.0
2015-01-02,2888.5703592148348,2949.02880859375,2868.4175427551963,2949.02880859375,88576700,0.0,0.0
2015-01-02,2949.028431935353,2996.0516643352335,2949.028431935353,2982.616455078125,110053200,0.0,0.0
2015-01-02,2982.616455078125,2982.616455078125,2982.616455078125,2982.616455078125,0,0.0,0.0
2015-01-02,2975.89907746953,2996.051892892574,2942.311051764456,2962.4638671875,66075600,0.0,0.0
2015-01-02,2942.310695783466,2942.310695783466,2821.3938178745566,2841.546630859375,129205000,0.0,0.0
2015-01-02,2841.547195506887,2854.9824068331604,2814.6767728543396,2834.82958984375,77953300,0.0,0.0
2015-01-02,2834.8293787876023,2875.135009765625,2821.3941684615947,2875.135009765625,55863000,0.0,0.0
2015-01-02,2854.981858517642,2881.852276009573,2854.981858517642,2861.699462890625,42916700,0.0,0.0
2015-01-02,2848.2642159598213,2848.2642159598213,2807.9585902622766,2821.393798828125,100497400,0.0,0.0
2015-01-02,2821.394118716438,2854.9821439392526,2807.958908627312,2814.676513671875,95004000,0.0,0.0
2015-01-02,2821.394025404676,2821.394025404676,2787.806001292716,2801.2412109375,80524900,0.0,0.0
2015-01-02,2794.523418583535,2814.67623169832,2774.37060546875,2774.37060546875,70976800,0.0,0.0
2015-01-02,2794.5239874089807,2801.2415931479445,2754.218352975197,2767.653564453125,71388000,0.0,0.0
2015-01-02,2787.806184818512,2834.8294216708728,2767.6533690246433,2828.11181640625,84393300,0.0,0.0
2015-01-02,2828.1114031110487,2834.829007393973,2807.9585902622766,2821.393798828125,77197700,0.0,0.0
2015-01-02,2828.111630227068,2848.2644446942445,2794.5236061151077,2801.2412109375,100089500,0.0,0.0
2015-01-02,2814.676496652456,2814.676496652456,2767.6532616248496,2794.523681640625,70890100,0.0,0.0
2015-01-02,2767.653001097155,2794.523418583535,2767.653001097155,2774.37060546875,83090400,0.0,0.0
2015-01-02,2794.523724022005,2794.523724022005,2707.1948576463174,2747.50048828125,184176500,0.0,0.0
2015-01-02,2747.5003416741915,2747.5003416741915,2666.8890847057555,2673.606689453125,241779600,0.0,0.0
2015-01-02,2673.60700984926,2700.4774320588003,2633.3013765349497,2666.889404296875,232552500,0.0,0.0
2015-01-02,2680.324704089797,2794.5240022590365,2680.324704089797,2787.806396484375,246067800,0.0,0.0
2015-01-02,2801.2414844709765,2807.959089949324,2707.1950077741094,2734.0654296875,156356300,0.0,0.0
2015-01-02,2700.4774320588003,2713.9126431635705,2660.17179874449,2666.889404296875,140694300,0.0,0.0
2015-01-02,2660.171405075188,2727.3474506578946,2653.4538005169175,2680.32421875,112276200,0.0,0.0
2015-01-02,2707.1947131899733,2734.065132179452,2673.606689453125,2673.606689453125,102291000,0.0,0.0
2015-01-02,2707.195053100586,2707.195053100586,2687.042236328125,2687.042236328125,71707200,0.0,0.0
2015-01-02,2653.4536522463372,2707.194485709554,2633.3008396976306,2693.75927734375,70792500,0.0,0.0
2015-01-02,2653.453933018718,2680.3243525935914,2640.018723231282,2646.736328125,146207400,0.0,0.0
2015-01-02,2680.324294200495,2700.477108442604,2653.453875211016,2673.606689453125,120081100,0.0,0.0
2015-01-02,2673.606874076881,2713.9125053443718,2646.7364532318875,2700.477294921875,101865000,0.0,0.0
2015-01-02,2666.8890668265426,2687.0418809335442,2646.736252719541,2653.453857421875,78255000,0.0,0.0
2015-01-02,2653.4540257309422,2680.3244462446733,2653.4540257309422,2660.171630859375,58535200,0.0,0.0
2015-01-02,2680.324329338451,2727.3475631864944,2673.6067245030167,2713.912353515625,79288000,0.0,0.0
2015-01-02,2720.6299583510595,2740.782772857364,2680.324329338451,2713.912353515625,63313200,0.0,0.0
2015-01-02,2720.629694075358,2727.3472982582603,2687.041673160848,2693.75927734375,32896000,0.0,0.0
2015-01-02,2693.75927734375,2693.75927734375,2693.75927734375,2693.75927734375,0,0.0,0.0
2015-01-02,2720.6298828125,2740.782696759259,2713.91227816358,2720.6298828125,89429500,0.0,0.0
2015-01-02,2740.7830351658477,2740.7830351658477,2713.912613252457,2734.0654296875,53466600,0.0,0.0
2015-01-02,2713.912613252457,2740.7830351658477,2700.4774022957617,2734.0654296875,74130200,0.0,0.0
2015-01-02,2734.0649024411628,2734.0649024411628,2693.75927734375,2693.75927734375,91272600,0.0,0.0
2015-01-02,2707.19482421875,2713.9124292416254,2693.7596141729996,2707.19482421875,59706400,0.0,0.0
2015-01-02,2720.630034264501,2720.630034264501,2693.7596141729996,2707.19482421875,56293900,0.0,0.0
2015-01-02,2707.1949001331236,2707.1949001331236,2660.1716636543842,2700.477294921875,81554100,0.0,0.0
2015-01-02,2666.889419555664,2720.6302642822266,2666.889419555664,2687.042236328125,94528200,0.0,0.0
2015-01-02,2720.6298076460516,2747.500225499346,2700.476994256081,2727.347412109375,84215600,0.0,0.0
2015-01-02,2727.3478242091523,2734.0654296875,2707.1950077741094,2734.0654296875,61410200,0.0,0.0
2015-01-02,2720.6301105556204,2727.347715766869,2687.0420844993782,2700.477294921875,56394900,0.0,0.0
2015-01-02,2720.6301105556204,2727.347715766869,2700.477294921875,2700.477294921875,59010500,0.0,0.0
2015-01-02,2687.042236328125,2713.9126586914062,2673.6070251464844,2687.042236328125,100646000,0.0,0.0
2015-01-02,2720.630174719769,2781.088623046875,2700.4773586107335,2781.088623046875,152547000,0.0,0.0
2015-01-02,2787.806396484375,2794.5240022590365,2747.5007618364084,2787.806396484375,97354700,0.0,0.0
2015-01-02,2801.2409859793524,2821.393798828125,2774.370568847656,2821.393798828125,87344000,0.0,0.0
2015-01-02,2794.523724022005,2807.9589342336494,2740.782883175428,2747.50048828125,96605900,0.0,0.0
2015-01-02,2734.065016572699,2747.500225499346,2713.9122031827283,2727.347412109375,74296000,0.0,0.0
2015-01-02,2707.1948496888913,2713.912454774968,2640.018798828125,2640.018798828125,133775500,0.0,0.0
2015-01-02,2640.018903003313,2653.45411370562,2566.125244140625,2566.125244140625,208216200,0.0,0.0
2015-01-02,2592.995665545239,2619.8660869498526,2559.4076387894715,2566.125244140625,111808000,0.0,0.0
2015-01-02,2552.6902829363044,2559.4078889440316,2445.2085868126705,2458.643798828125,254154700,0.0,0.0
2015-01-02,2458.6434204430593,2498.9490502863882,2438.490605521395,2492.2314453125,152085900,0.0,0.0
2015-01-02,2498.948880912162,2559.407321579392,2478.796067356419,2485.513671875,132850400,0.0,0.0
2015-01-02,2364.597314719945,2478.796616851306,2364.597314719945,2458.643798828125,104485500,0.0,0.0
2015-01-02,2418.338211612117,2451.926242328952,2404.902999325383,2411.62060546875,104993600,0.0,0.0
2015-01-02,2438.490518291345,2451.9257277585148,2378.03207568908,2391.46728515625,106157400,0.0,0.0
2015-01-02,2398.18505859375,2431.7730846244744,2378.032242975315,2398.18505859375,83907700,0.0,0.0
2015-01-02,2404.9026801215277,2418.337890625,2371.314653862847,2418.337890625,106930200,0.0,0.0
2015-01-02,2418.337890625,2418.337890625,2418.337890625,2418.337890625,0,0.0,0.0
2015-01-02,2445.208026439033,2472.078444311989,2418.3376085660766,2465.36083984375,63944000,0.0,0.0
2015-01-02,2445.208083139635,2465.3608970116647,2431.772873891615,2438.490478515625,57234700,0.0,0.0
2015-01-02,2438.4907063802084,2458.6435221354163,2398.1850748697916,2418.337890625,80976000,0.0,0.0
2015-01-02,2451.925798499066,2478.796218208645,2451.925798499066,2472.07861328125,102973700,0.0,0.0
2015-01-02,2472.0785958904107,2478.796200770548,2451.92578125,2451.92578125,62905500,0.0,0.0
2015-01-02,2438.4904033954326,2539.2544696514424,2438.4904033954326,2532.536865234375,114947800,0.0,0.0
2015-01-02,2512.38410657181,2606.4305704541775,2505.666502008784,2592.995361328125,138847700,0.0,0.0
2015-01-02,2586.27768188792,2613.1480993620803,2586.27768188792,2599.712890625,58454500,0.0,0.0
2015-01-02,2572.84289453125,2592.9957109375,2512.3844453125,2519.10205078125,76340800,0.0,0.0
2015-01-02,2525.819858905396,2539.2550709208504,2438.4909808049433,2458.643798828125,88313600,0.0,0.0
2015-01-02,2458.643798828125,2458.643798828125,2458.643798828125,2458.643798828125,0,0.0,0.0
2015-01-02,2458.643798828125,2458.643798828125,2458.643798828125,2458.643798828125,0,0.0,0.0
2015-01-02,2498.9488431490386,2532.536865234375,2492.231238731971,2532.536865234375,65927000,0.0,0.0
2015-01-02,2532.536865234375,2532.536865234375,2532.536865234375,2532.536865234375,0,0.0,0.0
2015-01-02,2532.536865234375,2532.536865234375,2532.536865234375,2532.536865234375,0,0.0,0.0
2015-01-02,2498.949234375,2539.2548671874997,2498.949234375,2519.10205078125,72362700,0.0,0.0
2015-01-02,2559.407563132343,2572.8427734375,2532.53714252203,2572.8427734375,81396500,0.0,0.0
2015-01-02,2572.8427734375,2572.8427734375,2572.8427734375,2572.8427734375,0,0.0,0.0
2015-01-02,2572.8427734375,2572.8427734375,2572.8427734375,2572.8427734375,0,0.0,0.0
2015-01-02,2572.8427734375,2572.8427734375,2572.8427734375,2572.8427734375,0,0.0,0.0
2015-01-02,2519.101932216873,2599.713194047813,2519.101932216873,2572.8427734375,95418200,0.0,0.0
2015-01-02,2572.8427734375,2572.8427734375,2572.8427734375,2572.8427734375,0,0.0,0.0
2015-01-02,2559.40726441376,2606.4304949935404,2539.25445130814,2599.712890625,118872100,0.0,0.0
2015-01-02,2586.2776812385114,2592.9952856053646,2512.384033203125,2512.384033203125,91601300,0.0,0.0
2015-01-02,2485.5139323789376,2519.1019584921664,2451.925906265709,2505.666748046875,80894300,0.0,0.0
2015-01-02,2519.101915861431,2566.1251516241778,2505.666705643503,2552.68994140625,97351600,0.0,0.0
2015-01-02,2565.100842892136,2579.1561899764765,2508.879454554774,2544.017822265625,107379900,167.6598,0.0
2015-01-02,2529.9622835726354,2656.460397751267,2480.7685725031674,2600.239013671875,149687500,0.0,0.0
2015-01-02,2600.239013671875,2600.239013671875,2600.239013671875,2600.239013671875,0,0.0,0.0
2015-01-02,2600.239123299759,2635.377489830837,2544.0177368500345,2551.04541015625,120995700,0.0,0.0
2015-01-02,2501.8514880164194,2536.9898516121557,2459.685451701536,2487.796142578125,161018200,0.0,0.0
2015-01-02,2473.7407733679524,2480.768446019566,2354.270338290523,2368.32568359375,230994800,0.0,0.0
2015-01-02,2305.076901490661,2480.768738494522,2283.9938810501976,2445.63037109375,205406800,0.0,0.0
2015-01-02,2466.713550993911,2536.990290338467,2452.658203125,2452.658203125,179026500,0.0,0.0
2015-01-02,2473.7412249283666,2480.7688988628224,2389.4091377148998,2452.658203125,75748600,0.0,0.0
2015-01-02,2452.6580703467653,2452.6580703467653,2396.4366819147476,2403.46435546875,57210900,0.0,0.0
2015-01-02,2403.464173946326,2459.6855581322047,2403.464173946326,2438.6025390625,78667200,0.0,0.0
2015-01-02,2431.574866039265,2480.7685772019095,2424.54719301603,2438.6025390625,110630200,0.0,0.0
2015-01-02,2445.6304177273523,2522.9348274831023,2445.6304177273523,2501.851806640625,84178300,0.0,0.0
2015-01-02,2487.796459412307,2522.9348274831023,2480.7687857981477,2501.851806640625,66374400,0.0,0.0
2015-01-02,2515.9067832719343,2600.2388542195968,2501.8514381139903,2593.211181640625,90299200,0.0,0.0
2015-01-02,2593.211181640625,2593.211181640625,2593.211181640625,2593.211181640625,0,0.0,0.0
2015-01-02,2529.962158203125,2621.3219028049043,2522.9344855414497,2529.962158203125,148933500,0.0,0.0
2015-01-02,2529.962102716619,2536.9897752241654,2459.6853776411576,2473.74072265625,255204300,0.0,0.0
2015-01-02,2473.74072265625,2473.74072265625,2473.74072265625,2473.74072265625,0,0.0,0.0
2015-01-02,2487.7965047647663,2572.1285896720465,2480.768831022493,2558.0732421875,141754800,0.0,0.0
2015-01-02,2586.183777333551,2712.68189687704,2572.128430717608,2691.598876953125,181376800,0.0,0.0
2015-01-02,2663.48828125,2691.598975511214,2642.40526055409,2663.48828125,143554900,0.0,0.0
2015-01-02,2670.515635361406,2691.5986535353118,2649.4326171875,2649.4326171875,122724300,0.0,0.0
2015-01-02,2607.2667212657984,2621.322067472083,2529.962317131233,2536.989990234375,260396300,0.0,0.0
2015-01-02,2536.989990234375,2536.989990234375,2536.989990234375,2536.989990234375,0,0.0,0.0
2015-01-02,2536.989990234375,2536.989990234375,2536.989990234375,2536.989990234375,0,0.0,0.0
2015-01-02,2536.989990234375,2536.989990234375,2536.989990234375,2536.989990234375,0,0.0,0.0
2015-01-02,2536.989990234375,2536.989990234375,2536.989990234375,2536.989990234375,0,0.0,0.0
2015-01-02,2536.989990234375,2536.989990234375,2536.989990234375,2536.989990234375,0,0.0,0.0
2015-01-02,2536.989990234375,2536.989990234375,2536.989990234375,2536.989990234375,0,0.0,0.0
2015-01-02,2536.989990234375,2536.989990234375,2536.989990234375,2536.989990234375,0,0.0,0.0
2015-01-02,2487.7963972477255,2607.266845703125,2466.7133769320667,2607.266845703125,295386100,0.0,0.0
2015-01-02,2565.1006826469443,2600.2390481626558,2536.989990234375,2536.989990234375,123848500,0.0,0.0
2015-01-02,2536.9900018276453,2551.0453480981582,2487.7962898808487,2515.906982421875,121490900,0.0,0.0
2015-01-02,2551.0453981493342,2593.211437788166,2529.962378329918,2572.12841796875,97826600,0.0,0.0
2015-01-02,2529.962128429878,2600.2388542195968,2529.962128429878,2593.211181640625,91252300,0.0,0.0
2015-01-02,2593.211498826019,2656.460559772995,2593.211498826019,2607.266845703125,106616500,0.0,0.0
2015-01-02,2600.239111061305,2614.294457607582,2572.12841796875,2572.12841796875,133779300,0.0,0.0
2015-01-02,2565.1009472656247,2635.377685546875,2558.0732734374997,2635.377685546875,79116600,0.0,0.0
2015-01-02,2670.5160546875,2670.5160546875,2607.266990234375,2635.377685546875,55810800,0.0,0.0
2015-01-02,2628.349705711571,2628.349705711571,2579.1559946421035,2600.239013671875,79439500,0.0,0.0
2015-01-02,2600.238991595329,2677.543394048163,2551.0452809435255,2642.405029296875,54884500,0.0,0.0
2015-01-02,2670.51585702921,2691.598876953125,2642.405163797324,2691.598876953125,59717900,0.0,0.0
2015-01-02,2705.6542114890303,2733.7649045954095,2691.5988649358405,2712.681884765625,67655200,0.0,0.0
2015-01-02,2740.792291535804,2811.0690169597992,2726.736946451005,2797.013671875,68798500,0.0,0.0
2015-01-02,2804.0416505117864,2846.2076903691063,2782.9586305831263,2832.15234375,118127300,0.0,0.0
2015-01-02,2811.0693118842364,2867.290698121921,2782.958618765394,2853.2353515625,144055300,0.0,0.0
2015-01-02,2846.207582055069,2888.3736203077365,2839.1799090129575,2881.345947265625,114531700,0.0,0.0
2015-01-02,2867.290796991604,2881.346144035681,2789.9863882491836,2825.124755859375,120852800,0.0,0.0
2015-01-02,2789.986586517489,2832.1526306462165,2712.682172281488,2768.903564453125,66229700,0.0,0.0
2015-01-02,2789.986586517489,2789.986586517489,2733.765194345852,2768.903564453125,53740400,0.0,0.0
2015-01-02,2747.8199545082603,2832.1520247233475,2733.7646094724123,2818.0966796875,75157800,0.0,0.0
2015-01-02,2811.0691236413045,2811.0691236413045,2747.820068359375,2747.820068359375,65340900,0.0,0.0
2015-01-02,2740.7924474271617,2804.04150390625,2733.7647744850406,2804.04150390625,66456000,0.0,0.0
2015-01-02,2832.152331723368,2874.318371401632,2818.096985163947,2853.2353515625,74605900,0.0,0.0
2015-01-02,2874.31838360732,2874.31838360732,2832.15234375,2832.15234375,64353800,0.0,0.0
2015-01-02,2853.2352488982374,2853.2352488982374,2740.79248046875,2740.79248046875,55617500,0.0,0.0
2015-01-02,2754.847815283079,2768.903161279421,2733.7647962885653,2761.87548828125,55761900,0.0,0.0
2015-01-02,2747.820542388761,2775.9312384745795,2733.765194345852,2768.903564453125,52506800,0.0,0.0
2015-01-02,2733.7647227411685,2775.9307595957885,2733.7647227411685,2747.820068359375,49045100,0.0,0.0
2015-01-02,2691.598902256215,2691.598902256215,2494.8240477831755,2508.87939453125,339081700,0.0,0.0
2015-01-02,2508.8795664612676,2529.9625880281687,2459.685849471831,2494.82421875,190720900,0.0,0.0
2015-01-02,2494.8239118303572,2522.934603794643,2424.5471819196428,2459.685546875,171276100,0.0,0.0
2015-01-02,2445.6302977104406,2452.657970979724,2410.491931364026,2431.574951171875,224005400,0.0,0.0
2015-01-02,2445.6301476883564,2579.15593161387,2445.6301476883564,2565.1005859375,231846400,0.0,0.0
2015-01-02,2565.1006943686716,2579.156040639185,2508.8793092866185,2515.906982421875,111024900,0.0,0.0
2015-01-02,2529.9625880281687,2529.9625880281687,2473.7411971830984,2494.82421875,109077400,0.0,0.0
2015-01-02,2473.7412249283666,2494.8242467317336,2452.658203125,2452.658203125,110452900,0.0,0.0
2015-01-02,2466.7132198660715,2487.7962388392857,2445.6302008928574,2459.685546875,79851700,0.0,0.0
2015-01-02,2417.5193921550444,2424.547064806658,2361.2980109421364,2368.32568359375,106124800,0.0,0.0
2015-01-02,2361.2984258395522,2417.51981693097,2340.2154041802705,2354.270751953125,108189200,0.0,0.0
2015-01-02,2354.270556925337,2424.5472899678844,2326.1598637083184,2410.491943359375,95526000,0.0,0.0
2015-01-02,2382.381447498834,2410.492143044543,2354.270751953125,2354.270751953125,112653900,0.0,0.0
2015-01-02,2354.270751953125,2354.270751953125,2354.270751953125,2354.270751953125,0,0.0,0.0
2015-01-02,2403.4641221308075,2424.54714074599,2368.3257577721697,2382.381103515625,163133800,0.0,0.0
2015-01-02,2389.409121385261,2417.51981693097,2354.270751953125,2354.270751953125,126746000,0.0,0.0
2015-01-02,2354.270751953125,2354.270751953125,2354.270751953125,2354.270751953125,0,0.0,0.0
2015-01-02,2382.3811368075285,2382.3811368075285,2312.1044071081915,2319.132080078125,209401300,0.0,0.0
2015-01-02,2312.104736328125,2347.243106181136,2298.049388386921,2312.104736328125,103476200,0.0,0.0
2015-01-02,2340.215198671198,2445.6302977104406,2326.159852132632,2431.574951171875,142917000,0.0,0.0
2015-01-02,2445.630251069309,2529.9623286923884,2445.630251069309,2515.906982421875,224122500,0.0,0.0
2015-01-02,2501.851636151362,2536.9900018276453,2473.7409436103353,2515.906982421875,126710100,0.0,0.0
2015-01-02,2515.906844005965,2522.9345167545853,2466.713134765625,2466.713134765625,80352300,0.0,0.0
2015-01-02,2459.6858770594554,2473.7412249283666,2431.575181321633,2452.658203125,109920300,0.0,0.0
2015-01-02,2473.7412249283666,2494.8242467317336,2445.630529190544,2452.658203125,46014400,0.0,0.0
2015-01-02,2459.6857439007676,2466.7134174547696,2396.4366819147476,2403.46435546875,77620800,0.0,0.0
2015-01-02,2389.4088213159403,2389.4088213159403,2283.993726257884,2298.049072265625,183864900,0.0,0.0
2015-01-02,2283.993693760463,2375.3534415108816,2283.993693760463,2361.298095703125,172294300,0.0,0.0
2015-01-02,2361.2980849004425,2382.381103515625,2333.1873934135324,2382.381103515625,99447200,0.0,0.0
2015-01-02,2375.353515625,2389.4088618713017,2354.270496255547,2375.353515625,48741600,0.0,0.0
2015-01-02,2375.353515625,2375.353515625,2375.353515625,2375.353515625,0,0.0,0.0
2015-01-02,2375.3537877094313,2382.3814616375657,2326.1600702124906,2333.187744140625,81217700,0.0,0.0
2015-01-02,2368.325736667799,2438.6024647588315,2368.325736667799,2424.547119140625,115198100,0.0,0.0
2015-01-02,2438.6027315187584,2529.962488030989,2438.6027315187584,2522.934814453125,156541000,0.0,0.0
2015-01-02,2494.823923248379,2508.8792692948487,2410.491846969561,2438.6025390625,95431800,0.0,0.0
2015-01-02,2438.602660790879,2522.934741279324,2417.5196406687674,2508.87939453125,132571400,0.0,0.0
2015-01-02,2515.907240316901,2536.9902618838028,2487.796544894366,2494.82421875,88139600,0.0,0.0
2015-01-02,2522.9344855414497,2558.072848849826,2508.879140218099,2529.962158203125,80194400,0.0,0.0
2015-01-02,2551.045176188151,2551.045176188151,2494.823794894748,2529.962158203125,98577800,0.0,0.0
2015-01-02,2522.9345061738613,2529.9621788930085,2466.713124420683,2487.796142578125,48101000,0.0,0.0
2015-01-02,2487.796459412307,2501.851806640625,2473.7411121839887,2501.851806640625,25350200,0.0,0.0
2015-01-02,2494.823815297272,2522.9345061738613,2487.796142578125,2487.796142578125,51055900,0.0,0.0
2015-01-02,2515.906982421875,2522.934655557132,2494.823963016105,2515.906982421875,49549400,0.0,0.0
2015-01-02,2529.9625472184066,2579.15626341432,2529.9625472184066,2558.0732421875,116695900,0.0,0.0
2015-01-02,2536.9899676164423,2593.2113519403524,2536.9899676164423,2579.156005859375,45504900,0.0,0.0
2015-01-02,2558.0731693499656,2579.1561899764765,2515.9071280969442,2544.017822265625,61393800,0.0,0.0
2015-01-02,2508.879140218099,2558.072848849826,2508.879140218099,2529.962158203125,46611900,0.0,0.0
2015-01-02,2508.879140218099,2529.962158203125,2466.713104248047,2529.962158203125,82550500,0.0,0.0
2015-01-02,2487.7962276469543,2529.9622654036825,2480.7685546875,2480.7685546875,59270300,0.0,0.0
2015-01-02,2459.6853776411576,2480.768395163796,2438.602360118519,2473.74072265625,71886100,0.0,0.0
2015-01-02,2480.7687729859417,2544.0178351867166,2473.741099408078,2522.934814453125,58708100,0.0,0.0
2015-01-02,2558.072848849826,2558.072848849826,2501.8514675564234,2529.962158203125,31937500,0.0,0.0
2015-01-02,2459.68568091299,2558.0731081495096,2445.630334164916,2508.87939453125,114418300,0.0,0.0
2015-01-02,2551.045470527981,2600.239184835683,2544.017797055452,2586.183837890625,87991200,0.0,0.0
2015-01-02,2600.239111061305,2635.377477426998,2565.1007446956114,2572.12841796875,68466400,0.0,0.0
2015-01-02,2586.183480076058,2656.460205078125,2586.183480076058,2656.460205078125,98103600,0.0,0.0
2015-01-02,2670.5157502003203,2747.820153495593,2670.5157502003203,2740.79248046875,122953700,0.0,0.0
2015-01-02,2698.626412898936,2726.737104699967,2614.2943374958445,2642.405029296875,102322600,0.0,0.0
2015-01-02,2600.239002544822,2649.4327134037785,2593.2113295649715,2621.322021484375,140162100,0.0,0.0
2015-01-02,2621.322395405017,2691.599135228207,2621.322395405017,2670.51611328125,57680500,0.0,0.0
2015-01-02,2670.515743771115,2670.515743771115,2579.1559946421035,2600.239013671875,53266800,0.0,0.0
2015-01-02,2600.238827792081,2607.266500299627,2473.74072265625,2473.74072265625,117672200,0.0,0.0
2015-01-02,2452.6581756161972,2515.907240316901,2431.5751540492956,2494.82421875,120108900,0.0,0.0
2015-01-02,2515.9070436251723,2572.1284300748966,2515.9070436251723,2551.04541015625,100554100,0.0,0.0
2015-01-02,2551.0453981493342,2572.12841796875,2515.907031783641,2572.12841796875,54304000,0.0,0.0
2015-01-02,2558.073329564145,2705.6544831928454,2551.045655581826,2670.51611328125,158933000,0.0,0.0
2015-01-02,2705.654052734375,2719.7093984628655,2621.3219783634336,2705.654052734375,140351400,0.0,0.0
2015-01-02,2705.654284290432,2726.7373046875,2677.543590427674,2726.7373046875,69586900,0.0,0.0
2015-01-02,2740.7928683673063,2768.903564453125,2726.7375203243973,2768.903564453125,98072700,0.0,0.0
2015-01-02,2705.653957965135,2747.8199936736823,2705.653957965135,2733.7646484375,60121700,0.0,0.0
2015-01-02,2761.875338909865,2761.875338909865,2684.570940110861,2733.7646484375,58088000,0.0,0.0
2015-01-02,2740.792542276503,2775.930908203125,2719.70952272053,2775.930908203125,98350100,0.0,0.0
2015-01-02,2789.9863159179686,2811.0693359375,2754.84794921875,2811.0693359375,74004300,0.0,0.0
2015-01-02,2782.958346619898,2782.958346619898,2754.84765625,2754.84765625,45243300,0.0,0.0
2015-01-02,2733.7649045954095,2775.930944254979,2712.681884765625,2712.681884765625,57256000,0.0,0.0
2015-01-02,2677.543530337182,2705.654223569068,2635.377490489352,2691.598876953125,89819400,0.0,0.0
2015-01-02,2712.68209765625,2726.7374453125,2635.377685546875,2635.377685546875,72968500,0.0,0.0
2015-01-02,2670.5156674592395,2768.903086786685,2663.487994650136,2747.820068359375,71440400,0.0,0.0
2015-01-02,2761.8754448784725,2888.373556857639,2754.847771990741,2846.20751953125,128595600,0.0,0.0
2015-01-02,2846.2076400563687,2846.2076400563687,2761.8755618324763,2775.930908203125,72785900,0.0,0.0
2015-01-02,2775.930908203125,2775.930908203125,2775.930908203125,2775.930908203125,0,0.0,0.0
2015-01-02,2712.6820043698704,2782.958740234375,2705.65433078342,2782.958740234375,97525800,0.0,0.0
2015-01-02,2747.8199640782036,2804.0413444173996,2747.8199640782036,2797.013671875,52279900,0.0,0.0
2015-01-02,2797.013830964129,2811.0691768483707,2775.930812137766,2804.04150390625,35499400,0.0,0.0
2015-01-02,2797.013830964129,2811.0691768483707,2775.930812137766,2804.04150390625,43879100,0.0,0.0
2015-01-02,2768.9033454816367,2775.9310189473263,2705.654284290432,2726.7373046875,116422400,0.0,0.0
2015-01-02,2733.764878139701,2740.7925513482865,2607.2667603851646,2614.29443359375,195860500,0.0,0.0
2015-01-02,2649.4326276320185,2677.543318641377,2607.266591117981,2628.349609375,120921500,0.0,0.0
2015-01-02,2642.405225670856,2656.460572615914,2586.183837890625,2586.183837890625,151545800,0.0,0.0
2015-01-02,2628.349705711571,2649.432724741343,2600.239013671875,2600.239013671875,106891000,0.0,0.0
2015-01-02,2614.2941700768847,2656.460205078125,2614.2941700768847,2656.460205078125,121586400,0.0,0.0
2015-01-02,2628.3495990135943,2670.515635361406,2621.321926288959,2649.4326171875,58424400,0.0,0.0
2015-01-02,2628.3498660187834,2649.432886334442,2600.239172264572,2607.266845703125,62164100,0.0,0.0
2015-01-02,2600.2390249808414,2607.26669802133,2572.128332818886,2579.156005859375,92902000,0.0,0.0
2015-01-02,2565.1008174730387,2614.2945317807407,2536.990123582923,2586.183837890625,70093700,0.0,0.0
2015-01-02,2558.0731693499656,2579.1561899764765,2536.9901487234547,2544.017822265625,88050700,0.0,0.0
2015-01-02,2572.128258775685,2579.15593161387,2544.0175674229454,2565.1005859375,87333000,0.0,0.0
2015-01-02,2586.1839687499996,2656.46070703125,2572.1286210937496,2635.377685546875,118965900,0.0,0.0
2015-01-02,2670.515732343331,2698.6264242627344,2621.322021484375,2621.322021484375,139547100,0.0,0.0
2015-01-02,2628.3498660187834,2649.432886334442,2607.266845703125,2607.266845703125,86251600,0.0,0.0
2015-01-02,2600.238918365642,2628.349609375,2586.1835728609626,2628.349609375,79833100,0.0,0.0
2015-01-02,2628.3499848773786,2677.543701171875,2628.3499848773786,2677.543701171875,81542500,0.0,0.0
2015-01-02,2677.543318641377,2677.543318641377,2614.2942638703207,2628.349609375,100129200,0.0,0.0
2015-01-02,2600.238991595329,2649.4327022471325,2600.238991595329,2642.405029296875,114752300,0.0,0.0
2015-01-02,2642.405029296875,2642.405029296875,2642.405029296875,2642.405029296875,0,0.0,0.0
2015-01-02,2642.405029296875,2642.405029296875,2642.405029296875,2642.405029296875,0,0.0,0.0
2015-01-02,2621.322021484375,2635.3773674440768,2600.239002544822,2621.322021484375,50416400,0.0,0.0
2015-01-02,2656.46070703125,2663.488380859375,2621.322337890625,2635.377685546875,49980900,0.0,0.0
2015-01-02,2649.433033203125,2656.46070703125,2635.377685546875,2635.377685546875,48224400,0.0,0.0
2015-01-02,2635.377685546875,2635.377685546875,2635.377685546875,2635.377685546875,0,0.0,0.0
2015-01-02,2635.377685546875,2635.377685546875,2635.377685546875,2635.377685546875,0,0.0,0.0
2015-01-02,2635.3773674440768,2642.4050404239274,2600.239002544822,2621.322021484375,31355300,0.0,0.0
2015-01-02,2607.266591117981,2649.4326276320185,2593.2112456133023,2628.349609375,83842400,0.0,0.0
2015-01-02,2593.211498826019,2628.3498660187834,2593.211498826019,2607.266845703125,73936900,0.0,0.0
2015-01-02,2642.404944462865,2663.4879626367706,2635.3772717382294,2649.4326171875,83678100,0.0,0.0
2015-01-02,2649.433091334293,2670.51611328125,2635.3777433696546,2670.51611328125,67963700,0.0,0.0
2015-01-02,2684.5710783030327,2691.5987512828833,2621.322021484375,2621.322021484375,98529400,0.0,0.0
2015-01-02,2642.405417351974,2670.51611328125,2628.3500693873357,2670.51611328125,126396700,0.0,0.0
2015-01-02,2684.5711916592454,2712.681884765625,2670.5158451060556,2712.681884765625,116753700,0.0,0.0
2015-01-02,2677.5433612773945,2705.654052734375,2663.4880155489045,2705.654052734375,68487000,0.0,0.0
2015-01-02,2712.681777294052,2761.87548828125,2705.654104295881,2761.87548828125,83464900,0.0,0.0
2015-01-02,2768.9031391956455,2811.0691768483707,2754.8477933114036,2804.04150390625,139056700,0.0,0.0
2015-01-02,2789.986158022008,2804.04150390625,2782.958485079887,2804.04150390625,78766100,0.0,0.0
2015-01-02,2818.0970823373364,2825.124755859375,2789.9863882491836,2825.124755859375,76350400,0.0,0.0
2015-01-02,2839.1800170595534,2846.2076903691063,2825.1246704404466,2832.15234375,83317600,0.0,0.0
2015-01-02,2811.0693359375,2818.0970092773437,2761.8756225585935,2811.0693359375,95420500,0.0,0.0
2015-01-02,2775.9306740274233,2797.013691804847,2754.84765625,2754.84765625,72518500,0.0,0.0
2015-01-02,2740.7925778720046,2747.8202511485993,2691.5988649358405,2712.681884765625,118836500,0.0,0.0
2015-01-02,2726.7373046875,2761.875672015947,2698.6266108247423,2726.7373046875,75844000,0.0,0.0
2015-01-02,2726.7369300801915,2733.7646025803983,2621.3218425770915,2656.460205078125,168983100,0.0,0.0
2015-01-02,2656.4601860046387,2705.653893152873,2656.4601860046387,2698.626220703125,118131200,0.0,0.0
2015-01-02,2705.6542114890303,2733.7649045954095,2691.5988649358405,2712.681884765625,85903100,0.0,0.0
2015-01-02,2740.79248046875,2754.8478265224358,2719.7094613882214,2740.79248046875,110953700,0.0,0.0
2015-01-02,2747.8201648800873,2761.8755109920057,2691.5987804324127,2719.70947265625,79588900,0.0,0.0
2015-01-02,2733.7646025803983,2733.7646025803983,2656.460205078125,2656.460205078125,70070500,0.0,0.0
2015-01-02,2656.460205078125,2656.460205078125,2656.460205078125,2656.460205078125,0,0.0,0.0
2015-01-02,2684.5711916592454,2719.70955804222,2684.5711916592454,2712.681884765625,72180200,0.0,0.0
2015-01-02,2733.7649045954095,2733.7649045954095,2691.5988649358405,2712.681884765625,39141500,0.0,0.0
2015-01-02,2677.5433612773945,2705.654052734375,2677.5433612773945,2705.654052734375,32131700,0.0,0.0
2015-01-02,2719.709450292223,2768.903161279421,2712.681777294052,2761.87548828125,88628900,0.0,0.0
2015-01-02,2740.792677315118,2747.820350846695,2670.5159419993456,2684.5712890625,92427800,0.0,0.0
2015-01-02,2698.6266490765174,2705.6543226418207,2656.4606076846967,2663.48828125,113161100,0.0,0.0
2015-01-02,2663.4879731366977,2677.543318641377,2628.349609375,2628.349609375,76939400,0.0,0.0
2015-01-02,2649.4329341193934,2670.5159548153038,2621.3222398581797,2663.48828125,67812600,0.0,0.0
2015-01-02,2691.5987692808494,2754.8478265224358,2691.5987692808494,2740.79248046875,80275800,0.0,0.0
2015-01-02,2761.8753288424746,2768.903001434949,2740.792311065051,2754.84765625,82962700,0.0,0.0
2015-01-02,2768.903184047965,2768.903184047965,2691.5987804324127,2719.70947265625,87933000,0.0,0.0
2015-01-02,2719.70947265625,2733.764818768169,2712.681799600291,2719.70947265625,48031100,0.0,0.0
2015-01-02,2719.709238052368,2719.709238052368,2684.57087580363,2698.626220703125,61392700,0.0,0.0
2015-01-02,2740.792395550272,2754.8477411684785,2705.6540315047555,2747.820068359375,53792400,0.0,0.0
2015-01-02,2754.847815283079,2761.87548828125,2726.7371232903943,2761.87548828125,49657300,0.0,0.0
2015-01-02,2740.792395550272,2768.903086786685,2733.7647227411685,2747.820068359375,48788200,0.0,0.0
2015-01-02,2726.737231318815,2740.7925778720046,2698.626538212435,2712.681884765625,161156000,0.0,0.0
2015-01-02,2733.7647227411685,2754.8477411684785,2726.7370499320655,2747.820068359375,49810100,0.0,0.0
2015-01-02,2747.820089919846,2747.820089919846,2705.654052734375,2705.654052734375,32250500,0.0,0.0
2015-01-02,2733.764818768169,2733.764818768169,2684.5711073764537,2719.70947265625,41171000,0.0,0.0
2015-01-02,2712.681983188809,2726.7373302519636,2684.5712890625,2684.5712890625,69927600,0.0,0.0
2015-01-02,2684.5712890625,2684.5712890625,2684.5712890625,2684.5712890625,0,0.0,0.0
2015-01-02,2677.543318641377,2684.5709913937167,2628.349609375,2628.349609375,105963500,0.0,0.0
2015-01-02,2656.4607653166117,2684.5714612458883,2642.405417351974,2670.51611328125,43971600,0.0,0.0
2015-01-02,2670.5157210979055,2684.571066998421,2621.322010446102,2642.405029296875,43343700,0.0,0.0
2015-01-02,2621.3221068023354,2649.432799636677,2607.2667603851646,2614.29443359375,45607600,0.0,0.0
2015-01-02,2614.2942638703207,2642.4049548796793,2607.266591117981,2628.349609375,62094100,0.0,0.0
2015-01-02,2614.2946640625,2642.405359375,2607.266990234375,2635.377685546875,68778100,0.0,0.0
2015-01-02,2649.432921404614,2684.5712890625,2642.405247873037,2684.5712890625,44322600,0.0,0.0
2015-01-02,2670.515550078538,2684.5708950789517,2649.432532577918,2656.460205078125,33156500,0.0,0.0
2015-01-02,2677.543394048163,2684.571066998421,2635.3773563466175,2642.405029296875,42784600,0.0,0.0
2015-01-02,2670.5159548153038,2677.543628380607,2656.4606076846967,2663.48828125,36527500,0.0,0.0
2015-01-02,2670.51611328125,2684.5714612458883,2663.488439298931,2670.51611328125,26772900,0.0,0.0
2015-01-02,2621.3222398581797,2663.48828125,2614.294566292876,2663.48828125,49162900,0.0,0.0
2015-01-02,2656.4605949361912,2684.5712890625,2656.4605949361912,2684.5712890625,23049100,0.0,0.0
2015-01-02,2698.6266361256544,2698.6266361256544,2677.543615530923,2684.5712890625,35521900,0.0,0.0
2015-01-02,2684.5712638933637,2733.7649781531895,2677.543590427674,2726.7373046875,55847200,0.0,0.0
2015-01-02,2726.737351542771,2789.9864138208254,2726.737351542771,2782.958740234375,82231400,0.0,0.0
2015-01-02,2775.930834277592,2782.958507275763,2740.7924692867364,2761.87548828125,28246400,0.0,0.0
2015-01-02,2747.820142284908,2775.930834277592,2747.820142284908,2761.87548828125,35443400,0.0,0.0
2015-01-02,2761.87548828125,2761.87548828125,2761.87548828125,2761.87548828125,0,0.0,0.0
2015-01-02,2797.013977202233,2839.1800170595534,2775.930957273573,2832.15234375,96122100,0.0,0.0
2015-01-02,2825.1246584436576,2874.318371401632,2811.0693118842364,2853.2353515625,66832600,0.0,0.0
2015-01-02,2825.1246205003954,2832.15229368572,2768.9032350178004,2775.930908203125,73208300,0.0,0.0
2015-01-02,2797.013927759098,2811.0692741297466,2747.8202154618275,2775.930908203125,88580200,0.0,0.0
2015-01-02,2754.847815283079,2775.930834277592,2733.7647962885653,2761.87548828125,52555500,0.0,0.0
2015-01-02,2740.7923210555914,2761.875338909865,2726.7369758194086,2733.7646484375,51480700,0.0,0.0
2015-01-02,2684.571203645153,2719.7095701850117,2677.543530337182,2691.598876953125,45324300,0.0,0.0
2015-01-02,2712.68189687704,2712.68189687704,2677.543530337182,2691.598876953125,44510600,0.0,0.0
2015-01-02,2691.5987804324127,2726.7371457122094,2691.5987804324127,2719.70947265625,62572100,0.0,0.0
2015-01-02,2719.70947265625,2719.70947265625,2719.70947265625,2719.70947265625,0,0.0,0.0
2015-01-02,2754.8479244251944,2775.930944254979,2698.626538212435,2712.681884765625,119263400,0.0,0.0
2015-01-02,2712.681884765625,2712.681884765625,2712.681884765625,2712.681884765625,0,0.0,0.0
2015-01-02,2712.6815850797784,2712.6815850797784,2656.460205078125,2656.460205078125,48671200,0.0,0.0
2015-01-02,2656.4603426846593,2719.7093984628655,2621.3219783634336,2705.654052734375,86443700,0.0,0.0
2015-01-02,2705.653893152873,2712.6815656026206,2656.4601860046387,2698.626220703125,76660900,0.0,0.0
2015-01-02,2670.51585702921,2698.626550261097,2663.488183721239,2691.598876953125,52775100,0.0,0.0
2015-01-02,2670.5156674592395,2747.820068359375,2670.5156674592395,2747.820068359375,66452700,0.0,0.0
2015-01-02,2705.6542114890303,2740.7925778720046,2705.6542114890303,2712.681884765625,50143700,0.0,0.0
2015-01-02,2733.7650169030344,2733.7650169030344,2635.3775869887863,2663.48828125,132318200,0.0,0.0
2015-01-02,2663.48828125,2663.48828125,2663.48828125,2663.48828125,0,0.0,0.0
2015-01-02,2642.405163797324,2726.737243492983,2642.405163797324,2691.598876953125,136768800,0.0,0.0
2015-01-02,2670.5159419993456,2691.5989625940774,2642.405247873037,2684.5712890625,101522800,0.0,0.0
2015-01-02,2642.4048411051435,2698.626220703125,2614.2941513061523,2698.626220703125,107167400,0.0,0.0
2015-01-02,2719.7094613882214,2747.820153495593,2698.6264423076923,2740.79248046875,74814500,0.0,0.0
2015-01-02,2733.764807441907,2754.8478265224358,2719.7094613882214,2740.79248046875,77743400,0.0,0.0
2015-01-02,2712.682157175165,2740.792853104441,2670.51611328125,2670.51611328125,74716500,0.0,0.0
2015-01-02,2670.5159548153038,2698.6266490765174,2663.48828125,2663.48828125,66672500,0.0,0.0
2015-01-02,2684.5709808106767,2698.626326259947,2642.404944462865,2649.4326171875,47605100,0.0,0.0
2015-01-02,2621.322010446102,2670.5157210979055,2614.2943374958445,2642.405029296875,77483200,0.0,0.0
2015-01-02,2649.4328239732754,2663.4881705195526,2572.12841796875,2572.12841796875,57596600,0.0,0.0
2015-01-02,2572.1281941731772,2614.294230143229,2480.7684495713975,2529.962158203125,107366200,0.0,0.0
2015-01-02,2536.989862251825,2544.017535000445,2459.6854620170047,2466.713134765625,94437400,0.0,0.0
2015-01-02,2473.740776909722,2544.0175035264756,2445.630086263021,2529.962158203125,82354400,0.0,0.0
2015-01-02,2529.962158203125,2551.045176188151,2494.823794894748,2529.962158203125,106104000,0.0,0.0
2015-01-02,2522.9345061738613,2529.9621788930085,2487.796142578125,2487.796142578125,63687000,0.0,0.0
2015-01-02,2487.796338691086,2593.211437788166,2487.796338691086,2572.12841796875,113281100,0.0,0.0
2015-01-02,2600.2393164062496,2656.46070703125,2593.2116425781246,2635.377685546875,87594500,0.0,0.0
2015-01-02,2642.405247873037,2691.5989625940774,2635.3775743414594,2684.5712890625,87146600,0.0,0.0
2015-01-02,2670.5155800093157,2684.5709251672592,2593.211181640625,2593.211181640625,322246900,0.0,0.0
2015-01-02,2635.377187577505,2691.5985675791585,2621.3218425770915,2656.460205078125,122534500,0.0,0.0
2015-01-02,2656.460205078125,2656.460205078125,2656.460205078125,2656.460205078125,0,0.0,0.0
2015-01-02,2656.4604041466346,2761.875499549279,2656.4604041466346,2740.79248046875,194331700,0.0,0.0
2015-01-02,2740.79248046875,2740.79248046875,2740.79248046875,2740.79248046875,0,0.0,0.0
2015-01-02,2740.79248046875,2740.79248046875,2740.79248046875,2740.79248046875,0,0.0,0.0
2015-01-02,2740.79248046875,2740.79248046875,2740.79248046875,2740.79248046875,0,0.0,0.0
2015-01-02,2740.79248046875,2740.79248046875,2740.79248046875,2740.79248046875,0,0.0,0.0
2015-01-02,2740.79248046875,2740.79248046875,2740.79248046875,2740.79248046875,0,0.0,0.0
2015-01-02,2811.0689975247524,2853.2350324876234,2789.9859800433164,2839.1796875,222522800,0.0,0.0
2015-01-02,2818.0970823373364,2853.2354499475277,2811.069408815298,2825.124755859375,88861700,0.0,0.0
2015-01-02,2842.577527661009,2893.8611428507693,2813.2726046954313,2886.534912109375,134724400,163.8225,0.0
2015-01-02,2886.535103628211,2923.166259765625,2857.23017871828,2923.166259765625,115734700,0.0,0.0
2015-01-02,2945.144953448073,2967.1236471305215,2908.5137973106594,2923.166259765625,92466800,0.0,0.0
2015-01-02,2893.8611340645034,2908.5135955028045,2857.22998046875,2857.22998046875,60851700,0.0,0.0
2015-01-02,2849.9037668812816,2923.1660745131912,2849.9037668812816,2915.83984375,66112800,0.0,0.0
2015-01-02,3011.0807325910814,3011.0807325910814,2945.1446581547802,2959.797119140625,57673700,0.0,0.0
2015-01-02,2937.8184276618576,2959.797119140625,2893.861044704324,2959.797119140625,154049700,0.0,0.0
2015-01-02,2967.123459092337,2967.123459092337,2908.513612986809,2915.83984375,50525100,0.0,0.0
2015-01-02,2959.7970503428924,2959.7970503428924,2930.492129052369,2937.818359375,42601100,0.0,0.0
2015-01-02,2945.144766802764,2967.123459092337,2915.83984375,2915.83984375,56092200,0.0,0.0
2015-01-02,2937.818379670309,3018.406913775978,2930.492149297066,2996.42822265625,94221200,0.0,0.0
2015-01-02,3003.754646927838,3077.016955389493,2996.428416081673,3033.0595703125,130153100,0.0,0.0
2015-01-02,3077.0169718231637,3106.321895364337,3055.0382791672837,3091.66943359375,79382300,0.0,0.0
2015-01-02,3106.3219623161763,3113.648193359375,3062.3645760569852,3113.648193359375,87999800,0.0,0.0
2015-01-02,3047.7119324882074,3106.32177734375,3047.7119324882074,3106.32177734375,63296200,0.0,0.0
2015-01-02,3069.6908071001835,3120.9744244025733,3069.6908071001835,3113.648193359375,38459300,0.0,0.0
2015-01-02,3120.9742477274385,3135.626708984375,3106.321786470502,3135.626708984375,50332800,0.0,0.0
2015-01-02,3098.9958558987123,3142.953243925644,3084.3433932230682,3128.30078125,57903400,0.0,0.0
2015-01-02,3150.2792463631463,3201.5628620016164,3128.3005539466594,3186.910400390625,124822400,0.0,0.0
2015-01-02,3157.605341842402,3164.931572333916,3120.9741893848336,3142.952880859375,62529900,0.0,0.0
2015-01-02,3113.6483185743564,3135.6270125878223,3106.322087236534,3128.30078125,25645900,0.0,0.0
2015-01-02,3106.3216395035884,3113.647869785437,3055.038027530652,3062.3642578125,57088600,0.0,0.0
2015-01-02,3113.6480170989703,3142.9529396128432,3098.995555842034,3135.626708984375,66960500,0.0,0.0
2015-01-02,3106.32177734375,3135.626699771521,3084.3430855229212,3106.32177734375,45461500,0.0,0.0
2015-01-02,3113.6480669603284,3120.9742977061173,3091.669374722961,3098.99560546875,32069800,0.0,0.0
2015-01-02,3091.6693161298645,3113.6480079506928,3084.3430855229212,3106.32177734375,45408100,0.0,0.0
2015-01-02,3120.974549912178,3135.6270125878223,3113.6483185743564,3128.30078125,60692800,0.0,0.0
2015-01-02,3113.647890762544,3128.3003514249563,3098.995430100132,3120.97412109375,37513700,0.0,0.0
2015-01-02,3120.9744244025733,3128.300655445772,3077.0170381433823,3113.648193359375,62628100,0.0,0.0
2015-01-02,3098.9955967286323,3106.321827453759,3047.7119816527447,3069.690673828125,73904300,0.0,0.0
2015-01-02,3047.712106591449,3106.3219547951308,3047.712106591449,3084.34326171875,49276300,0.0,0.0
2015-01-02,3047.712158203125,3084.343313950759,3011.081002455491,3047.712158203125,70952400,0.0,0.0
2015-01-02,3040.385692778088,3106.321768043155,3033.0594621930804,3077.016845703125,54336900,0.0,0.0
2015-01-02,3135.6270125878223,3150.2794752634663,3120.974549912178,3128.30078125,88417200,0.0,0.0
2015-01-02,3106.322152071221,3150.279541015625,3084.343457599019,3150.279541015625,175741000,0.0,0.0
2015-01-02,3150.279170241311,3150.279170241311,3120.9742477274385,3135.626708984375,94856600,0.0,0.0
2015-01-02,3135.626708984375,3150.279170241311,3113.6480170989703,3135.626708984375,82253800,0.0,0.0
2015-01-02,3077.01706830193,3091.6695305319395,2974.4498326918656,2989.102294921875,112253200,0.0,0.0
2015-01-02,2974.4497815148306,3069.6907843712165,2967.123550525878,3025.7333984375,108890100,0.0,0.0
2015-01-02,3098.9957237696703,3128.300647871511,3055.0383376169093,3084.34326171875,104785500,0.0,0.0
2015-01-02,3128.3003514249563,3142.952812087368,3106.321660431338,3120.97412109375,95204000,0.0,0.0
2015-01-02,3150.279042418574,3150.279042418574,3106.321660431338,3120.97412109375,89600500,0.0,0.0
2015-01-02,3150.279042418574,3164.931503080986,3098.995430100132,3120.97412109375,41817800,0.0,0.0
2015-01-02,3142.953117532169,3142.953117532169,3098.9957312729775,3113.648193359375,98757900,0.0,0.0
2015-01-02,3150.279111350889,3150.279111350889,3128.3004198763474,3142.952880859375,84928200,0.0,0.0
2015-01-02,3077.0168064357517,3142.952880859375,3077.0168064357517,3142.952880859375,97255500,0.0,0.0
2015-01-02,3150.279170241311,3157.6054008697793,3091.669325213566,3135.626708984375,51853900,0.0,0.0
2015-01-02,3179.584228515625,3179.584228515625,3142.9530738092235,3179.584228515625,86011300,0.0,0.0
2015-01-02,3186.91042496854,3274.8251953125,3179.5841941065437,3274.8251953125,143171600,0.0,0.0
2015-01-02,3267.4988285678855,3296.803750797194,3216.2152146665962,3230.86767578125,99649300,0.0,0.0
2015-01-02,3208.8892336727527,3260.1728515625,3164.931846910112,3260.1728515625,110968600,0.0,0.0
2015-01-02,3216.2153911155106,3260.1727768710757,3179.5842363192064,3208.88916015625,83823900,0.0,0.0
2015-01-02,3135.626901252165,3194.2367498737012,3135.626901252165,3172.258056640625,77603200,0.0,0.0
2015-01-02,3216.2153911155106,3230.8678530340326,3164.931774400685,3208.88916015625,168209400,0.0,0.0
2015-01-02,3245.5201273553707,3245.5201273553707,3186.910283069043,3201.562744140625,68091100,0.0,0.0
2015-01-02,3201.562929196989,3252.8465459118147,3201.562929196989,3208.88916015625,65718900,0.0,0.0
2015-01-02,3245.5203893082867,3260.1728515625,3238.19415818118,3260.1728515625,95138200,0.0,0.0
2015-01-02,3252.8463674532313,3260.1725980105584,3223.5414452239233,3230.86767578125,27531000,0.0,0.0
2015-01-02,3252.846477640086,3252.846477640086,3172.2579387796336,3186.910400390625,66884700,0.0,0.0
2015-01-02,3157.605341842402,3186.910263808457,3135.626650367861,3142.952880859375,78905600,0.0,0.0
2015-01-02,3142.953191121419,3194.236809624566,3142.953191121419,3164.931884765625,97098300,0.0,0.0
2015-01-02,3194.2367271006533,3194.2367271006533,3084.34326171875,3084.34326171875,117223300,0.0,0.0
2015-01-02,3135.6270125878223,3150.2794752634663,3106.322087236534,3128.30078125,47057300,0.0,0.0
2015-01-02,3150.2794752634663,3150.2794752634663,3113.6483185743564,3128.30078125,80403000,0.0,0.0
2015-01-02,3150.2793485753673,3150.2793485753673,3084.3432691865805,3113.648193359375,90211600,0.0,0.0
2015-01-02,3091.669238047062,3098.9954684689747,3047.7118555155876,3055.0380859375,70382200,0.0,0.0
2015-01-02,3098.9957762498125,3098.9957762498125,3047.712158203125,3047.712158203125,64074800,0.0,0.0
2015-01-02,3047.7120482819905,3120.974357134923,3047.7120482819905,3091.66943359375,85284700,0.0,0.0
2015-01-02,3106.322087236534,3135.6270125878223,3091.66962456089,3128.30078125,86432000,0.0,0.0
2015-01-02,3113.648193359375,3135.6268864889703,3098.9957312729775,3113.648193359375,72359600,0.0,0.0
2015-01-02,3120.974416846051,3120.974416846051,3069.6907996678297,3084.34326171875,58720600,0.0,0.0
2015-01-02,3113.6479588933203,3150.279111350889,3098.9954979102927,3142.952880859375,132359100,0.0,0.0
2015-01-02,3142.953117532169,3150.2793485753673,3098.9957312729775,3113.648193359375,70483600,0.0,0.0
2015-01-02,3084.34326171875,3106.3219547951308,3040.3858755659885,3084.34326171875,88979100,0.0,0.0
2015-01-02,3091.66943359375,3113.64812624963,3062.3645100525773,3091.66943359375,84582300,0.0,0.0
2015-01-02,3091.669342880949,3201.5628029359586,3077.016881540281,3194.236572265625,79324000,0.0,0.0
2015-01-02,3157.60546875,3186.9103918938517,3150.2792379640373,3157.60546875,52305800,0.0,0.0
2015-01-02,3128.3005456061487,3172.257930321926,3128.3005456061487,3157.60546875,111879100,0.0,0.0
2015-01-02,3223.541659007353,3223.541659007353,3091.6695002297793,3113.648193359375,60332400,0.0,0.0
2015-01-02,3120.9742292131696,3150.2791515531994,3069.6906151181174,3077.016845703125,51606300,0.0,0.0
2015-01-02,3069.6906151181174,3113.6479986281624,3047.711923363095,3077.016845703125,56433000,0.0,0.0
2015-01-02,3113.6480581788855,3113.6480581788855,3062.3644431029984,3069.690673828125,34082000,0.0,0.0
2015-01-02,3106.321809420621,3106.321809420621,2996.4283491816836,3011.080810546875,42996900,0.0,0.0
2015-01-02,3055.038065642191,3055.038065642191,2974.449531536522,2996.42822265625,74448900,0.0,0.0
2015-01-02,2996.4285331652004,3055.0383822246663,2989.102302032767,3018.4072265625,59314500,0.0,0.0
2015-01-02,2974.4496571338964,3018.407041229471,2974.4496571338964,3011.080810546875,34345600,0.0,0.0
2015-01-02,3003.7544729841125,3055.0380859375,3003.7544729841125,3055.0380859375,42198800,0.0,0.0
2015-01-02,3077.0169045532516,3084.3431352783787,3040.3857509276177,3069.690673828125,52681800,0.0,0.0
2015-01-02,3069.690546781325,3069.690546781325,3040.385625093675,3055.0380859375,64670200,0.0,0.0
2015-01-02,3055.0380859375,3069.690546781325,3033.059394671762,3055.0380859375,70555700,0.0,0.0
2015-01-02,3047.7118555155876,3062.3643163594124,3033.059394671762,3055.0380859375,50695300,0.0,0.0
2015-01-02,3055.0382123778713,3069.690673828125,3047.7119816527447,3069.690673828125,169540200,0.0,0.0
2015-01-02,3077.016845703125,3113.6479986281624,3069.6906151181174,3077.016845703125,63797000,0.0,0.0
2015-01-02,3077.016913231383,3113.6480669603284,3077.016913231383,3098.99560546875,56711100,0.0,0.0
2015-01-02,3084.34296943772,3128.3003514249563,3084.34296943772,3120.97412109375,97971900,0.0,0.0
2015-01-02,3150.2792463631463,3186.910400390625,3113.648092335668,3186.910400390625,99213400,0.0,0.0
2015-01-02,3164.9316314982475,3194.23655401212,3128.3004783559068,3135.626708984375,67661500,0.0,0.0
2015-01-02,3135.626581756162,3135.626581756162,3091.6691997689263,3120.97412109375,30710600,0.0,0.0
2015-01-02,3098.9957458637055,3172.258056640625,3091.669514786013,3172.258056640625,68715000,0.0,0.0
2015-01-02,3142.953243925644,3186.9106319525763,3084.3433932230682,3128.30078125,89575600,0.0,0.0
2015-01-02,3091.669348055429,3106.321809420621,2989.1021184990877,3011.080810546875,185713300,0.0,0.0
2015-01-02,2996.4285260368797,3040.385912726907,2974.4498326918656,2989.102294921875,107208500,0.0,0.0
2015-01-02,2989.1021272590365,3047.7119728915663,2989.1021272590365,3040.3857421875,65897700,0.0,0.0
2015-01-02,3055.0381539481027,3077.016845703125,3025.733231608073,3077.016845703125,109276000,0.0,0.0
2015-01-02,3062.3646133570996,3069.690844489533,3011.080995430067,3018.4072265625,134618700,0.0,0.0
2015-01-02,3040.3857241918763,3040.3857241918763,2923.1660336206232,2981.77587890625,125291200,0.0,0.0
2015-01-02,2937.8185037209173,3018.407041229471,2923.1660423557255,3011.080810546875,70404800,0.0,0.0
2015-01-02,2959.7974942835367,3018.407345655488,2959.7974942835367,3003.7548828125,57079800,0.0,0.0
2015-01-02,2967.123264148475,3069.690488094348,2967.123264148475,3062.3642578125,88251100,0.0,0.0
2015-01-02,3025.7332807793678,3055.0382035956327,3003.7545886671687,3040.3857421875,91925700,0.0,0.0
2015-01-02,3011.0809208622686,3025.7333827642747,2937.818611352238,2967.12353515625,123468500,0.0,0.0
2015-01-02,2989.102294921875,2996.4285260368797,2952.471139346852,2989.102294921875,50780500,0.0,0.0
2015-01-02,2959.7973559570314,2974.4498181152344,2923.1662005615235,2930.492431640625,104978700,0.0,0.0
2015-01-02,2930.492313821517,2945.144775390625,2908.513621467856,2945.144775390625,113996600,0.0,0.0
2015-01-02,2930.492149297066,2996.42822265625,2930.492149297066,2996.42822265625,149185500,0.0,0.0
2015-01-02,2967.1234677442862,2996.4283908825014,2945.144775390625,2945.144775390625,64005900,0.0,0.0
2015-01-02,2952.471073254244,2967.12353515625,2930.4923804012346,2967.12353515625,76569400,0.0,0.0
2015-01-02,2981.7761026503167,2981.7761026503167,2886.535096914557,2893.861328125,107581200,0.0,0.0
2015-01-02,2893.8611250961385,2901.187355792584,2827.925048828125,2827.925048828125,281002600,0.0,0.0
2015-01-02,2835.2514056962787,2879.208791831105,2783.967788538982,2842.57763671875,97511300,0.0,0.0
2015-01-02,2805.9465926405023,2857.230211827143,2783.9678987033703,2798.620361328125,70635000,0.0,0.0
2015-01-02,2827.9251239961036,2893.861202016738,2813.27266221374,2879.208740234375,72146900,0.0,0.0
2015-01-02,2901.187559335443,2901.187559335443,2879.208865704114,2893.861328125,74263500,0.0,0.0
2015-01-02,2871.88232421875,2886.534785056601,2864.5560937998243,2871.88232421875,74494000,0.0,0.0
2015-01-02,2871.8826411732452,2923.166259765625,2857.23017871828,2923.166259765625,64948300,0.0,0.0
2015-01-02,2923.16609139278,2989.1021686422414,2923.16609139278,2974.44970703125,118494800,0.0,0.0
2015-01-02,2959.7974942835367,3003.7548828125,2945.145031440549,3003.7548828125,50682100,0.0,0.0
2015-01-02,2989.102109566953,3011.0808015490634,2967.123417584843,2981.77587890625,80864200,0.0,0.0
2015-01-02,2967.123349633547,2981.775810619392,2937.8184276618576,2959.797119140625,54824900,0.0,0.0
2015-01-02,2937.818611352238,2967.12353515625,2930.4923804012346,2967.12353515625,79749500,0.0,0.0
2015-01-02,2959.7974090189873,2967.1236402294303,2893.861328125,2893.861328125,147627000,0.0,0.0
2015-01-02,2930.492490993108,2945.144953448073,2901.1875660831765,2923.166259765625,81937300,0.0,0.0
2015-01-02,2908.513671875,2945.14482643262,2901.187440963476,2908.513671875,86479200,0.0,0.0
2015-01-02,2908.513612986809,2923.1660745131912,2893.861151460427,2915.83984375,91747200,0.0,0.0
2015-01-02,2901.1875660831765,2930.492490993108,2893.8613348556937,2923.166259765625,101569300,0.0,0.0
2015-01-02,2908.5135955028045,2915.8398262219553,2857.22998046875,2857.22998046875,127316000,0.0,0.0
2015-01-02,2857.2300059759796,2945.144775390625,2857.2300059759796,2945.144775390625,152132200,0.0,0.0
2015-01-02,2945.144775390625,2952.471006175179,2915.83985225241,2945.144775390625,58715700,0.0,0.0
2015-01-02,2945.1448937988284,2945.1448937988284,2915.839969482422,2930.492431640625,36935300,0.0,0.0
2015-01-02,2923.166259765625,2937.81872222059,2915.840028538142,2923.166259765625,52812000,0.0,0.0
2015-01-02,2915.839902786524,2952.471057344144,2908.513671875,2908.513671875,67738300,0.0,0.0
2015-01-02,2908.5135357556746,2930.492227461637,2857.2299217750956,2864.55615234375,52094000,0.0,0.0
2015-01-02,2901.1873822236184,2915.83984375,2879.208689934045,2915.83984375,70032900,0.0,0.0
2015-01-02,2879.208806818182,2908.513731060606,2879.208806818182,2901.1875,42908900,0.0,0.0
2015-01-02,2879.2086813679807,2908.513604333558,2871.8824506265864,2886.534912109375,51837600,0.0,0.0
2015-01-02,2871.8824419070515,2893.8611340645034,2857.22998046875,2857.22998046875,52402600,0.0,0.0
2015-01-02,2871.882575757576,2908.513731060606,2871.882575757576,2901.1875,37580300,0.0,0.0
2015-01-02,2915.83984375,2923.1660745131912,2893.861151460427,2915.83984375,48099000,0.0,0.0
2015-01-02,2930.492255350496,2952.470947265625,2923.1660247121204,2952.470947265625,61913800,0.0,0.0
2015-01-02,2915.8400217563294,2930.4924841772154,2886.535096914557,2893.861328125,95058600,0.0,0.0
2015-01-02,2901.187484898518,2901.187484898518,2835.2514056962787,2842.57763671875,147583300,0.0,0.0
2015-01-02,2849.9040470271916,2849.9040470271916,2805.946658127029,2820.59912109375,118903100,0.0,0.0
2015-01-02,2827.925099450459,2835.2513302780512,2783.967714484908,2791.2939453125,119904100,0.0,0.0
2015-01-02,2798.6201761400916,2813.2726377952754,2783.967714484908,2791.2939453125,73599200,0.0,0.0
2015-01-02,2791.2937225106443,2857.229794695935,2791.2937225106443,2849.903564453125,78014400,0.0,0.0
2015-01-02,2849.903740917463,2849.903740917463,2820.5988181316793,2827.925048828125,45839800,0.0,0.0
2015-01-02,2827.9251746738078,2842.57763671875,2805.9464816063946,2842.57763671875,41077400,0.0,0.0
2015-01-02,2842.5774025430483,2879.208554637675,2827.9249417051974,2871.88232421875,58524000,0.0,0.0
2015-01-02,2871.8823038736978,2871.8823038736978,2805.946230570475,2813.2724609375,33081800,0.0,0.0
2015-01-02,2791.294070888748,2813.272764360313,2783.9678397315597,2805.946533203125,56210000,0.0,0.0
2015-01-02,2813.2725961538463,2857.22998046875,2813.2725961538463,2857.22998046875,51929800,0.0,0.0
2015-01-02,2864.556202310355,2864.556202310355,2820.5988181316793,2827.925048828125,60391600,0.0,0.0
2015-01-02,2849.9041022049755,2849.9041022049755,2769.315554327714,2783.968017578125,120447900,0.0,0.0
2015-01-02,2783.9676376587568,2798.6200989095923,2732.684023280832,2740.01025390625,68360600,0.0,0.0
2015-01-02,2791.2937492208275,2791.2937492208275,2732.6839067175033,2754.66259765625,77259600,0.0,0.0
2015-01-02,2754.662782866379,2769.3152444773705,2725.3578596443963,2761.989013671875,68150800,0.0,0.0
2015-01-02,2783.967518907912,2783.967518907912,2747.336367343334,2754.66259765625,56261500,0.0,0.0
2015-01-02,2769.3153704238125,2798.620294978562,2754.662908146438,2776.6416015625,53578900,0.0,0.0
2015-01-02,2783.967714484908,2820.5988686228675,2769.315252829724,2791.2939453125,86588500,0.0,0.0
2015-01-02,2791.2940638398745,2805.946526117249,2769.3153704238125,2776.6416015625,50248200,0.0,0.0
2015-01-02,2783.9678987033703,2820.599055265257,2769.3154360786157,2798.620361328125,73840300,0.0,0.0
2015-01-02,2798.6201590775804,2805.9463898605063,2718.031620465399,2732.68408203125,66699800,0.0,0.0
2015-01-02,2696.052970467033,2732.684124957074,2666.748046875,2666.748046875,108793300,0.0,0.0
2015-01-02,2659.421748533804,2681.4004406704466,2630.1168256849464,2644.769287109375,94887800,0.0,0.0
2015-01-02,2630.116767335333,2681.400381183097,2630.116767335333,2652.095458984375,94382900,0.0,0.0
2015-01-02,2652.095458984375,2666.747920083736,2630.116767335333,2652.095458984375,63717800,0.0,0.0
2015-01-02,2652.095643939394,2674.0743371212125,2637.443181818182,2659.421875,53035400,0.0,0.0
2015-01-02,2674.07422735116,2718.0316119103572,2666.747996591294,2703.379150390625,86862600,0.0,0.0
2015-01-02,2688.7267395690246,2725.357894059066,2659.4218159769916,2666.748046875,72610600,0.0,0.0
2015-01-02,2637.442929578691,2688.7265420982762,2630.11669921875,2630.11669921875,73990700,0.0,0.0
2015-01-02,2586.1595420728722,2600.812004067619,2527.5496940938833,2571.507080078125,133449900,0.0,0.0
2015-01-02,2571.5070723387967,2600.811996240094,2505.570993560879,2542.2021484375,88389400,0.0,0.0
2015-01-02,2483.592422966288,2556.854736328125,2446.9612662853688,2556.854736328125,151751800,0.0,0.0
2015-01-02,2542.2020810149434,2600.8119272631266,2520.223388671875,2520.223388671875,96802900,0.0,0.0
2015-01-02,2571.5069229378882,2681.400381183097,2542.202000739166,2652.095458984375,114698200,0.0,0.0
2015-01-02,2666.7481412165466,2813.272764360313,2659.4219100593587,2805.946533203125,136081000,0.0,0.0
2015-01-02,2798.6203020459366,2842.5776889890662,2754.6629151028064,2805.946533203125,101235000,0.0,0.0
2015-01-02,2732.6844505208333,2776.6418411458335,2718.031986979167,2747.3369140625,86476000,0.0,0.0
2015-01-02,2608.138046875,2652.0954296875,2564.1806640625,2564.1806640625,109347300,0.0,0.0
2015-01-02,2549.528504991941,2652.0957436985136,2549.528504991941,2556.854736328125,119718000,0.0,0.0
2015-01-02,2542.2023214901196,2549.5285529641546,2468.9400067497704,2490.918701171875,115486900,0.0,0.0
2015-01-02,2417.6561909932025,2520.2234233383683,2395.6774983478094,2424.982421875,84363800,0.0,0.0
2015-01-02,2424.982421875,2424.982421875,2424.982421875,2424.982421875,0,0.0,0.0
2015-01-02,2417.656095480617,2417.656095480617,2315.0888671875,2315.0888671875,115972300,0.0,0.0
2015-01-02,2315.0889435852464,2315.0889435852464,2153.911865234375,2153.911865234375,150122700,0.0,0.0
2015-01-02,2205.195517543372,2256.479134230427,2007.3872817504448,2058.6708984375,150147300,0.0,0.0
2015-01-02,2058.671054985687,2058.671054985687,1919.4726562500002,1919.47265625,138987300,0.0,0.0
2015-01-02,1948.7775031195745,2190.5431332058374,1794.9266476101345,2109.95458984375,267694700,0.0,0.0
2015-01-02,2109.9545534048507,2109.9545534048507,1963.4299316406248,1963.429931640625,86157200,0.0,0.0
2015-01-02,1978.0825083492368,2109.954675572519,1882.8414986879773,1919.47265625,243778900,0.0,0.0
2015-01-02,1868.189078721424,2256.4793578282297,1868.189078721424,2183.217041015625,267369500,0.0,0.0
2015-01-02,2234.5002544119134,2395.6773219432644,2234.5002544119134,2263.80517578125,200952500,0.0,0.0
2015-01-02,2241.826675706608,2329.7414473029457,2109.9545183121018,2300.4365234375,134474300,0.0,0.0
2015-01-02,2329.741328372231,2417.656095480617,2285.783944818038,2315.0888671875,151302900,0.0,0.0
2015-01-02,2329.741689768145,2344.394153225807,2227.174445564516,2271.1318359375,104550600,0.0,0.0
2015-01-02,2271.1316580970447,2293.1103515625,2212.5218088558304,2293.1103515625,92893600,0.0,0.0
2015-01-02,2307.7626457214355,2359.0462600708006,2285.7839538574217,2344.393798828125,83469200,0.0,0.0
2015-01-02,2403.0036129879877,2439.634765625,2329.741307713964,2439.634765625,115495000,0.0,0.0
2015-01-02,2483.5920569378395,2564.1805897588315,2344.3936820652175,2359.046142578125,166425600,0.0,0.0
2015-01-02,2359.046049160973,2359.046049160973,2234.5001397332194,2278.45751953125,124553900,0.0,0.0
2015-01-02,2278.4579483423477,2329.741567758413,2219.84809758113,2285.7841796875,122622400,0.0,0.0
2015-01-02,2300.436531114878,2366.3726100321837,2293.1103001240663,2329.741455078125,45469500,0.0,0.0
2015-01-02,2344.3938078703704,2381.024961118345,2315.0888852719904,2373.69873046875,79114600,0.0,0.0
2015-01-02,2381.024739059988,2417.65588889168,2263.8050595985733,2278.45751953125,69832000,0.0,0.0
2015-01-02,2278.45767578125,2278.45767578125,2197.869140625,2197.869140625,109582500,0.0,0.0
2015-01-02,2234.500403625677,2381.025020256869,2234.500403625677,2366.37255859375,127860400,0.0,0.0
2015-01-02,2395.6776498647837,2395.6776498647837,2285.7841796875,2285.7841796875,77306900,0.0,0.0
2015-01-02,2285.783985647394,2293.1102163706228,2234.500370584792,2249.15283203125,43239400,0.0,0.0
2015-01-02,2234.5003306714793,2395.67740370352,2219.847869486748,2315.0888671875,126278300,0.0,0.0
2015-01-02,2344.3938314332245,2373.69875432614,2249.15283203125,2249.15283203125,117391500,0.0,0.0
2015-01-02,2271.131406123584,2315.088788177589,2256.478945438916,2263.80517578125,84061400,0.0,0.0
2015-01-02,2285.784244791667,2344.394097222222,2271.131781684028,2307.762939453125,85475400,0.0,0.0
2015-01-02,2322.4150977798654,2344.393789556962,2300.4364060027688,2315.0888671875,80212700,0.0,0.0
2015-01-02,2344.393889925373,2483.592277139692,2271.1315808652053,2454.287353515625,154902100,0.0,0.0
2015-01-02,2490.918359375,2593.4855859375,2454.28720703125,2564.1806640625,163170100,0.0,0.0
2015-01-02,2490.9184393825303,2490.9184393825303,2388.3512095256024,2432.30859375,108988600,0.0,0.0
2015-01-02,2432.30859375,2483.592208678464,2432.30859375,2432.30859375,74036700,0.0,0.0
2015-01-02,2417.6561143663193,2446.961036964699,2359.04626916956,2373.69873046875,86395000,0.0,0.0
2015-01-02,2395.6774733970906,2410.329935008082,2307.762703731142,2337.067626953125,143584400,0.0,0.0
2015-01-02,2359.046142578125,2381.0248333474865,2351.719912321671,2359.046142578125,58473100,0.0,0.0
2015-01-02,2395.6777180989584,2395.6777180989584,2271.131781684028,2307.762939453125,138978700,0.0,0.0
2015-01-02,2307.762636595134,2322.4150977798654,2256.479022448576,2315.0888671875,73238700,0.0,0.0
2015-01-02,2278.4577549241653,2300.4364470938517,2241.826601308021,2249.15283203125,101581300,0.0,0.0
2015-01-02,2271.1318359375,2293.110531123992,2212.521982106855,2271.1318359375,114753900,0.0,0.0
2015-01-02,2271.131379500679,2359.046142578125,2271.131379500679,2359.046142578125,108828800,0.0,0.0
2015-01-02,2381.0250285204033,2439.63487537629,2381.0250285204033,2395.677490234375,97387100,0.0,0.0
2015-01-02,2344.3939170597487,2388.351303004619,2329.741455078125,2329.741455078125,76086600,0.0,0.0
2015-01-02,2307.7628342848557,2403.0038401442307,2293.1103718449517,2381.025146484375,105792900,0.0,0.0
2015-01-02,2381.024882319598,2395.6773431338725,2307.7625782482255,2322.4150390625,128693900,0.0,0.0
2015-01-02,2329.7415073382585,2351.720200803714,2293.1103515625,2293.1103515625,177385100,0.0,0.0
2015-01-02,2271.131781684028,2307.762939453125,2256.479318576389,2307.762939453125,276092100,0.0,0.0
2015-01-02,2315.089065504808,2395.677608924279,2285.784140625,2381.025146484375,174790600,0.0,0.0
2015-01-02,2403.003846884498,2432.3087718465044,2366.3726906819907,2410.330078125,216200900,0.0,0.0
2015-01-02,2432.3087121212125,2483.5923295454545,2381.02509469697,2417.65625,167708600,0.0,0.0
2015-01-02,2461.6135594040247,2461.6135594040247,2344.393866099071,2366.37255859375,188420700,0.0,0.0
2015-01-02,2381.025020256869,2410.3299435831073,2359.0463277621902,2366.37255859375,221641600,0.0,0.0
2015-01-02,2381.025064067476,2395.6775260001987,2300.4365234375,2300.4365234375,171214500,0.0,0.0
2015-01-02,2307.762439396604,2337.0673592619573,2271.1312895649116,2278.45751953125,263483700,0.0,0.0
2015-01-02,2285.784173346185,2307.7628673206673,2241.8267853972197,2256.479248046875,175767800,0.0,0.0
2015-01-02,2256.4790538624175,2256.4790538624175,2175.890516224474,2219.847900390625,260087300,0.0,0.0
2015-01-02,2241.8264847542478,2307.762557835255,2219.847793727245,2263.80517578125,241625700,0.0,0.0
2015-01-02,2307.7626457214355,2359.0462600708006,2293.1101844787595,2344.393798828125,194424800,0.0,0.0
2015-01-02,2351.72021484375,2366.3726772415307,2300.4365964515187,2351.72021484375,177784900,0.0,0.0
2015-01-02,2351.720047369236,2454.287276849514,2329.741355337748,2403.003662109375,235586600,0.0,0.0
2015-01-02,2417.6561234637,2446.9610461723514,2381.024970077887,2403.003662109375,227358800,0.0,0.0
2015-01-02,2410.329874420166,2417.656105041504,2329.741337585449,2344.393798828125,159776500,0.0,0.0
2015-01-02,2344.3939696485622,2344.3939696485622,2285.784120407348,2293.1103515625,167271000,0.0,0.0
2015-01-02,2307.76276210569,2366.3726100321837,2300.436531114878,2329.741455078125,170895600,0.0,0.0
2015-01-02,2315.0888671875,2359.046250741693,2300.4364060027688,2315.0888671875,100882600,0.0,0.0
2015-01-02,2337.067626953125,2359.046319369612,2329.741396147629,2337.067626953125,100784500,0.0,0.0
2015-01-02,2344.3939170597487,2381.025072013807,2315.088993096502,2329.741455078125,156613200,0.0,0.0
2015-01-02,2379.069229476178,2386.768482646004,2348.272216796875,2348.272216796875,258068400,154.0682,0.0
2015-01-02,2363.6705113461144,2386.7682687859788,2317.4749964663856,2340.57275390625,148037400,0.0,0.0
2015-01-02,2340.5729000796177,2417.5654296875,2340.5729000796177,2417.5654296875,178357900,0.0,0.0
2015-01-02,2425.2647517277646,2448.362511268029,2394.467739007412,2402.1669921875,102033100,0.0,0.0
2015-01-02,2409.8662421554814,2425.264748495133,2340.572963627049,2348.272216796875,248572600,0.0,0.0
2015-01-02,2355.971473106971,2402.1669921875,2348.2722199268833,2402.1669921875,169104200,0.0,0.0
2015-01-02,2409.866385323661,2432.9641462053573,2394.4678780691966,2425.264892578125,158166300,0.0,0.0
2015-01-02,2440.663044331541,2456.061549343097,2394.467529296875,2394.467529296875,125940800,0.0,0.0
2015-01-02,2394.467529296875,2409.8660343084302,2386.7682767910974,2394.467529296875,95422400,0.0,0.0
2015-01-02,2402.1668499696602,2409.866102693922,2371.369839072613,2379.069091796875,77733900,0.0,0.0
2015-01-02,2386.7683787160104,2394.467631550578,2363.6706202123073,2371.369873046875,111442600,0.0,0.0
2015-01-02,2402.1668499696602,2409.866102693922,2371.369839072613,2379.069091796875,102304100,0.0,0.0
2015-01-02,2379.0690579322077,2394.4675631615423,2371.3698053175403,2386.768310546875,91951000,0.0,0.0
2015-01-02,2386.7679531122344,2394.4672045738866,2355.970947265625,2355.970947265625,112416300,0.0,0.0
2015-01-02,2371.3694501889295,2371.3694501889295,2340.57244434232,2355.970947265625,64735500,0.0,0.0
2015-01-02,2348.2716958039723,2394.4672045738866,2348.2716958039723,2355.970947265625,101283800,0.0,0.0
2015-01-02,2363.670654296875,2379.06916018806,2355.9714013512826,2363.670654296875,69462100,0.0,0.0
2015-01-02,2363.670654296875,2379.06916018806,2355.9714013512826,2363.670654296875,70482100,0.0,0.0
2015-01-02,2371.3698326262415,2371.3698326262415,2325.17431640625,2325.17431640625,137265100,0.0,0.0
2015-01-02,2325.1742489463404,2348.272006386205,2325.1742489463404,2340.57275390625,58708800,0.0,0.0
2015-01-02,2348.272074516246,2348.272074516246,2317.475063702918,2325.17431640625,102705300,0.0,0.0
2015-01-02,2332.8733911132813,2348.271895345052,2309.775634765625,2309.775634765625,114352000,0.0,0.0
2015-01-02,2340.572963627049,2348.272216796875,2309.775950947746,2348.272216796875,95785000,0.0,0.0
2015-01-02,2355.9714271858948,2355.9714271858948,2194.28711355549,2248.181884765625,255659800,0.0,0.0
2015-01-02,2286.6780463784426,2286.6780463784426,2248.181782971398,2271.279541015625,96018000,0.0,0.0
2015-01-02,2278.9788001862585,2340.572821812914,2248.1817893729303,2325.17431640625,120719100,0.0,0.0
2015-01-02,2348.272074516246,2348.272074516246,2309.775810999586,2325.17431640625,71699000,0.0,0.0
2015-01-02,2325.1744540425757,2332.873707201657,2286.6781882471687,2294.37744140625,78347200,0.0,0.0
2015-01-02,2309.775982481061,2325.1744890309346,2286.67822265625,2286.67822265625,65485400,0.0,0.0
2015-01-02,2294.377368080738,2309.775873906783,2255.881103515625,2255.881103515625,175693000,0.0,0.0
2015-01-02,2255.881035652807,2278.978793697034,2248.181782971398,2271.279541015625,110934800,0.0,0.0
2015-01-02,2271.279341485413,2325.1741055206603,2271.279341485413,2317.474853515625,160906600,0.0,0.0
2015-01-02,2325.1742825649753,2340.5727877475247,2309.7757773824255,2332.87353515625,93007500,0.0,0.0
2015-01-02,2332.8737104572233,2355.9714699667006,2309.775950947746,2348.272216796875,139358500,0.0,0.0
2015-01-02,2348.271895345052,2348.271895345052,2309.775634765625,2309.775634765625,103980600,0.0,0.0
2015-01-02,2317.4748868815104,2325.174138997396,2302.0763826497396,2309.775634765625,76713900,0.0,0.0
2015-01-02,2317.4752008834944,2317.4752008834944,2294.37744140625,2294.37744140625,100013600,0.0,0.0
2015-01-02,2294.3773055929223,2348.272074516246,2294.3773055929223,2325.17431640625,122465300,0.0,0.0
2015-01-02,2325.1744192882525,2340.5729253762543,2286.6781540682487,2302.07666015625,102787800,0.0,0.0
2015-01-02,2302.0765174659523,2302.0765174659523,2263.580254632074,2278.978759765625,160569500,0.0,0.0
2015-01-02,2278.9788570804194,2294.3773628715035,2201.986328125,2201.986328125,204261100,0.0,0.0
2015-01-02,2232.783447265625,2240.482700532058,2201.9864341998923,2232.783447265625,90565400,0.0,0.0
2015-01-02,2232.78327760858,2286.6780463784426,2232.78327760858,2271.279541015625,107589800,0.0,0.0
2015-01-02,2271.2797135977908,2278.978966864224,2217.3849407327584,2232.783447265625,123106100,0.0,0.0
2015-01-02,2194.287075229458,2225.084086811626,2186.587822333916,2201.986328125,143569100,0.0,0.0
2015-01-02,2209.6856874663254,2240.482700532058,2209.6856874663254,2232.783447265625,62206600,0.0,0.0
2015-01-02,2225.084086811626,2232.7833397071677,2201.986328125,2201.986328125,80068200,0.0,0.0
2015-01-02,2194.287283761161,2201.986537388393,2155.791015625,2155.791015625,108397400,0.0,0.0
2015-01-02,2155.790870949074,2155.790870949074,2017.2043149594906,2078.79833984375,287496300,0.0,0.0
2015-01-02,2055.7004533543704,2186.587748137233,2040.3019480857986,2163.489990234375,197756800,0.0,0.0
2015-01-02,2178.88846912846,2225.083984375,2171.1892165873705,2225.083984375,127562700,0.0,0.0
2015-01-02,2225.083942103302,2232.783194498123,2163.489922944733,2178.888427734375,106215900,0.0,0.0
2015-01-02,2163.489812598006,2178.8883166022624,2132.692804589494,2148.09130859375,68113400,0.0,0.0
2015-01-02,2163.489956470246,2194.2869665267617,2140.3921989278588,2171.189208984375,97257400,0.0,0.0
2015-01-02,2194.2869742106404,2225.083984375,2186.5877216695503,2225.083984375,162116700,0.0,0.0
2015-01-02,2225.0840113086633,2240.4825165772354,2155.790737600089,2163.489990234375,100305100,0.0,0.0
2015-01-02,2148.091586984319,2163.4900929842065,2117.2945749845435,2140.392333984375,75891600,0.0,0.0
2015-01-02,2132.693254743304,2163.4902692522323,2109.5954938616073,2155.791015625,85953300,0.0,0.0
2015-01-02,2117.2945015596383,2124.9937542925827,2086.4974906278617,2101.89599609375,74516800,0.0,0.0
2015-01-02,2094.1963870817845,2109.594889927974,2055.70012996631,2071.0986328125,180968900,0.0,0.0
2015-01-02,2086.4974842501765,2101.8959896689967,2048.001220703125,2048.001220703125,89256700,0.0,0.0
2015-01-02,2071.0990830338046,2071.0990830338046,2024.903564453125,2024.903564453125,155853900,0.0,0.0
2015-01-02,2024.9035606384275,2040.3020668029783,1955.6102828979492,1971.0087890625,235611600,0.0,0.0
2015-01-02,2001.8056463068183,2124.9936860795456,2001.8056463068183,2117.29443359375,225006000,0.0,0.0
2015-01-02,2117.2946759124297,2117.2946759124297,2040.302142242887,2063.39990234375,140161900,0.0,0.0
2015-01-02,2071.0990133033606,2086.4975189784786,2032.602749115566,2040.302001953125,124720200,0.0,0.0
2015-01-02,2063.3997604658016,2078.7982661409196,2017.204243440448,2040.302001953125,148977400,0.0,0.0
2015-01-02,2040.301967993715,2055.7004734125353,2017.204209865484,2048.001220703125,110186000,0.0,0.0
2015-01-02,2055.7005805121526,2094.1968460648145,2040.3020742910878,2078.79833984375,154587800,0.0,0.0
2015-01-02,2086.4974906278617,2117.2945015596383,2078.7982378949177,2101.89599609375,109122300,0.0,0.0
2015-01-02,2117.2945015596383,2124.9937542925827,2086.4974906278617,2101.89599609375,77479100,0.0,0.0
2015-01-02,2101.89599609375,2109.5952488266944,2063.3997324290294,2101.89599609375,97205500,0.0,0.0
2015-01-02,2101.8959691600867,2178.888495502947,2086.4974638915146,2163.489990234375,183236500,0.0,0.0
2015-01-02,2155.7908399842627,2194.287104983982,2124.9938279844873,2140.392333984375,138462900,0.0,0.0
2015-01-02,2140.3921910511363,2140.3921910511363,2094.1966761363637,2117.29443359375,135175000,0.0,0.0
2015-01-02,2155.790835447417,2163.490088431158,2086.49755859375,2086.49755859375,187840500,0.0,0.0
2015-01-02,2086.497449782011,2109.595207528675,2055.700439453125,2055.700439453125,168211100,0.0,0.0
2015-01-02,2063.39990234375,2086.4976624446126,2055.7006489767955,2063.39990234375,142146300,0.0,0.0
2015-01-02,2055.7005805121526,2094.1968460648145,2040.3020742910878,2078.79833984375,257179400,0.0,0.0
2015-01-02,2086.4975892273646,2094.1968423241447,2024.903564453125,2024.903564453125,166356000,0.0,0.0
2015-01-02,2024.903496278007,2063.3997604658016,2024.903496278007,2040.302001953125,97523200,0.0,0.0
2015-01-02,2032.602729156727,2071.0989929665134,2017.2042236328125,2017.2042236328125,146366600,0.0,0.0
2015-01-02,1994.106548309326,2017.2043075561521,1963.3095359802246,1971.0087890625,391510600,0.0,0.0
2015-01-02,1978.708095343538,1994.1066019220868,1955.6103354757147,1986.4073486328125,188874000,0.0,0.0
2015-01-02,2001.8058552113614,2032.6028683684592,1986.4073486328125,1986.4073486328125,150678200,0.0,0.0
2015-01-02,2024.9035715041177,2163.490127728734,2017.2043183805279,2132.693115234375,369260400,0.0,0.0
2015-01-02,2155.7906705499117,2186.587680129196,2117.2944085758063,2178.888427734375,243865800,0.0,0.0
2015-01-02,2201.9862603081597,2232.7832709418403,2186.5877549913193,2217.384765625,208192700,0.0,0.0
2015-01-02,2271.279604184878,2271.279604184878,2201.986328125,2201.986328125,195337300,0.0,0.0
2015-01-02,2232.783322024655,2386.7683787160104,2217.3848163555194,2371.369873046875,480530200,0.0,0.0
2015-01-02,2371.369763826069,2371.369763826069,2317.4749964663856,2340.57275390625,169609900,0.0,0.0
2015-01-02,2317.475166244252,2317.475166244252,2271.279647980247,2302.07666015625,186708800,0.0,0.0
2015-01-02,2340.5728954600977,2386.7684131336523,2325.174389568913,2363.670654296875,206145500,0.0,0.0
2015-01-02,2386.768154357531,2517.6554402416537,2386.768154357531,2479.1591796875,527501800,0.0,0.0
2015-01-02,2463.7608097484276,2502.257072400747,2432.9637996265724,2448.3623046875,239122600,0.0,0.0
2015-01-02,2425.2645806634464,2479.159349122634,2417.5653280264196,2440.6630859375,185558800,0.0,0.0
2015-01-02,2456.0614233550077,2517.6554402416537,2448.3621712441773,2479.1591796875,211892500,0.0,0.0
2015-01-02,2486.858582278332,2571.5503606221764,2479.159329701619,2556.15185546875,260752200,0.0,0.0
2015-01-02,2579.24951171875,2602.347268540112,2563.8510071711753,2579.24951171875,207503900,0.0,0.0
2015-01-02,2594.6480065322503,2610.046511022056,2525.354736328125,2525.354736328125,253156200,0.0,0.0
2015-01-02,2525.354827089337,2679.3398775216137,2525.354827089337,2671.640625,374185400,0.0,0.0
2015-01-02,2679.3401570402816,2694.7386636899387,2633.1446370913113,2663.941650390625,163651600,0.0,0.0
2015-01-02,2663.9414561363196,2671.6407088997194,2479.1593898147253,2486.858642578125,624142600,0.0,0.0
2015-01-02,2486.858608669705,2556.1518825954863,2432.963840060764,2494.557861328125,277929200,0.0,0.0
2015-01-02,2517.655559367962,2563.85107421875,2494.5578019425675,2563.85107421875,187276600,0.0,0.0
2015-01-02,2563.8511763139204,2586.948934659091,2525.354912405303,2540.75341796875,121434200,0.0,0.0
2015-01-02,2517.655585186298,2525.3548377403845,2471.4600698617787,2502.257080078125,170418900,0.0,0.0
2015-01-02,2525.354811843093,2563.85107421875,2509.9563068928305,2563.85107421875,175436900,0.0,0.0
2015-01-02,2579.2496818773675,2579.2496818773675,2533.0541651870262,2540.75341796875,113775100,0.0,0.0
2015-01-02,2517.655551278518,2533.054056179304,2502.257046377732,2509.956298828125,229380200,0.0,0.0
2015-01-02,2517.6554840832223,2563.850997552639,2502.2569795934164,2525.354736328125,154365400,0.0,0.0
2015-01-02,2540.753350315324,2571.5503606221764,2502.2570874317585,2556.15185546875,281474900,0.0,0.0
2015-01-02,2556.1519021739127,2687.039198369565,2533.054144021739,2656.2421875,410175700,0.0,0.0
2015-01-02,2694.738397571849,2802.527933474723,2694.738397571849,2779.43017578125,455088400,0.0,0.0
2015-01-02,2779.430168194959,2787.129420738436,2710.136895303672,2725.535400390625,249797800,0.0,0.0
2015-01-02,2694.738247863248,2725.5352564102564,2694.738247863248,2702.4375,187856600,0.0,0.0
2015-01-02,2717.83621562611,2779.430237509988,2702.4377101551404,2710.136962890625,267970200,0.0,0.0
2015-01-02,2694.738515218099,2725.5355268205917,2571.5504688081287,2586.948974609375,311860000,0.0,0.0
2015-01-02,2579.249613198889,2633.144381235881,2494.5578348550453,2556.15185546875,240067600,0.0,0.0
2015-01-02,2594.648232507289,2663.941508746356,2525.3549562682215,2640.84375,178138100,0.0,0.0
2015-01-02,2694.7385553728072,2717.8363144188597,2617.746025219298,2633.14453125,184525500,0.0,0.0
2015-01-02,2633.144416186745,2633.144416186745,2548.45263671875,2548.45263671875,150844500,0.0,0.0
2015-01-02,2556.1520051710245,2694.7385596682484,2548.4527521434006,2687.039306640625,165339800,0.0,0.0
2015-01-02,2679.3398775216137,2679.3398775216137,2633.144362391931,2671.640625,157800700,0.0,0.0
2015-01-02,2671.640721352235,2687.039226950807,2563.851182162231,2594.648193359375,177877900,0.0,0.0
2015-01-02,2610.046630859375,2656.2421464498066,2602.34737826097,2610.046630859375,140221900,0.0,0.0
2015-01-02,2656.2420295266543,2787.1293179381128,2648.542777267157,2748.633056640625,492643700,0.0,0.0
2015-01-02,2764.03170437283,2802.5279676649307,2748.6331990559897,2771.73095703125,271231200,0.0,0.0
2015-01-02,2771.7307692307695,2787.1292735042734,2694.738247863248,2702.4375,189779500,0.0,0.0
2015-01-02,2733.2348597734826,2733.2348597734826,2663.9415816383803,2679.340087890625,162329300,0.0,0.0
2015-01-02,2679.339776785714,2764.0315513392857,2671.640524553571,2694.73828125,187448400,0.0,0.0
2015-01-02,2702.4378472689928,2725.53560664736,2656.2423285122577,2679.340087890625,133304300,0.0,0.0
2015-01-02,2679.339945652174,2710.136956521739,2640.8436820652173,2656.2421875,138913100,0.0,0.0
2015-01-02,2671.64058275866,2687.0390875584217,2594.6480587598517,2625.445068359375,144100700,0.0,0.0
2015-01-02,2633.144362391931,2679.3398775216137,2602.3473523054754,2671.640625,116098100,0.0,0.0
2015-01-02,2694.73859414287,2710.1371003951153,2663.9415816383803,2679.340087890625,81801900,0.0,0.0
2015-01-02,2633.144388654591,2648.5428938514015,2586.948873064159,2610.046630859375,165024200,0.0,0.0
2015-01-02,2594.648193359375,2625.445204556519,2548.452676563659,2594.648193359375,118131800,0.0,0.0
2015-01-02,2586.9488233320553,2610.0465806832344,2509.956298828125,2509.956298828125,111414500,0.0,0.0
2015-01-02,2571.5504013151813,2602.347412109375,2509.956379726794,2602.347412109375,159144700,0.0,0.0
2015-01-02,2525.3548719618057,2563.8511352539062,2486.858608669705,2494.557861328125,142648800,0.0,0.0
2015-01-02,2533.054074400874,2533.054074400874,2394.467529296875,2394.467529296875,191915100,0.0,0.0
2015-01-02,2409.8661149441273,2502.2571481049245,2340.5728400735293,2486.858642578125,133929600,0.0,0.0
2015-01-02,2540.7535210005735,2563.851280282397,2502.257255530868,2517.65576171875,114734600,0.0,0.0
2015-01-02,2502.2571139865454,2563.8511352539062,2479.1593560112847,2494.557861328125,86433900,0.0,0.0
2015-01-02,2517.6556934484233,2563.8512107594033,2509.9564405632595,2533.05419921875,80319500,0.0,0.0
2015-01-02,2556.15195787424,2556.15195787424,2517.6556934484233,2533.05419921875,52630500,0.0,0.0
2015-01-02,2540.7532408179304,2594.6480065322503,2517.6554840832223,2525.354736328125,96635600,0.0,0.0
2015-01-02,2502.2570037841797,2540.7532653808594,2448.362237548828,2463.7607421875,157479200,0.0,0.0
2015-01-02,2448.362271012931,2479.159280711207,2432.963766163793,2456.0615234375,125221400,0.0,0.0
2015-01-02,2479.159280711207,2486.858533135776,2440.663018588362,2456.0615234375,79940700,0.0,0.0
2015-01-02,2463.7606754658386,2509.956188130823,2463.7606754658386,2479.1591796875,88883300,0.0,0.0
2015-01-02,2463.7609521028035,2502.25721697941,2456.0616991274824,2471.460205078125,82026300,0.0,0.0
2015-01-02,2479.15966796875,2502.2574288504466,2417.565638950893,2425.264892578125,121105300,0.0,0.0
2015-01-02,2456.0615572179636,2517.6555774616745,2448.3623046875,2448.3623046875,151200300,0.0,0.0
2015-01-02,2448.3624461521613,2479.159458053446,2440.6631931768397,2471.460205078125,63214600,0.0,0.0
2015-01-02,2471.460096485607,2494.557854396688,2440.6630859375,2440.6630859375,100425500,0.0,0.0
2015-01-02,2463.7608069164266,2679.3398775216137,2463.7608069164266,2671.640625,354966200,0.0,0.0
2015-01-02,2687.0393410167476,2733.2348597734826,2663.9415816383803,2679.340087890625,303017100,0.0,0.0
2015-01-02,2702.4378126958723,2748.6333308616136,2656.2422945301305,2687.039306640625,226833000,0.0,0.0
2015-01-02,2656.2422945301305,2702.4378126958723,2625.4452824196364,2687.039306640625,230007700,0.0,0.0
2015-01-02,2687.039306640625,2702.4378126958723,2671.6408005853777,2687.039306640625,91513500,0.0,0.0
2015-01-02,2687.03941036511,2694.7386636899387,2648.543143740968,2663.941650390625,169061400,0.0,0.0
2015-01-02,2679.3399800145353,2679.3399800145353,2633.144463117733,2648.54296875,82610700,0.0,0.0
2015-01-02,2633.144492013114,2640.8437449137373,2579.249721708752,2586.948974609375,142322100,0.0,0.0
2015-01-02,2571.5503606221764,2594.6481183523156,2556.15185546875,2556.15185546875,128546000,0.0,0.0
2015-01-02,2586.9490433196106,2617.7460557400823,2563.851284004257,2571.550537109375,80094900,0.0,0.0
2015-01-02,2594.6482223000567,2610.046728070384,2525.3549463335867,2533.05419921875,110090800,0.0,0.0
2015-01-02,2571.5505744485295,2633.1446001838235,2548.452814797794,2617.74609375,91631900,0.0,0.0
2015-01-02,2648.5429347826084,2679.339945652174,2640.8436820652173,2656.2421875,100195200,0.0,0.0
2015-01-02,2648.5429283006656,2656.2421809992143,2602.347412109375,2602.347412109375,50077300,0.0,0.0
2015-01-02,2617.7459862118676,2625.445239112491,2586.948974609375,2586.948974609375,60111200,0.0,0.0
2015-01-02,2625.4451360561857,2640.843641252996,2594.648125662565,2610.046630859375,61701400,0.0,0.0
2015-01-02,2656.2421875,2679.339945652174,2640.8436820652173,2656.2421875,101896400,0.0,0.0
2015-01-02,2625.445210301599,2648.54296875,2602.347451853198,2648.54296875,140000000,0.0,0.0
2015-01-02,2648.5429283006656,2648.5429283006656,2602.347412109375,2602.347412109375,53870300,0.0,0.0
2015-01-02,2610.0467333112447,2633.144492013114,2579.249721708752,2586.948974609375,55323200,0.0,0.0
2015-01-02,2556.1519293629453,2610.0466989579472,2556.1519293629453,2594.648193359375,67173200,0.0,0.0
2015-01-02,2617.745815959494,2640.8435731591367,2602.3473111597323,2625.445068359375,107607200,0.0,0.0
2015-01-02,2625.4452824196364,2694.7385596682484,2610.046776364389,2687.039306640625,106810400,0.0,0.0
2015-01-02,2671.64058275866,2687.0390875584217,2617.745815959494,2625.445068359375,72214100,0.0,0.0
2015-01-02,2633.1444229035687,2640.8436756021174,2586.948906712278,2602.347412109375,66491800,0.0,0.0
2015-01-02,2602.347519188597,2633.14453125,2563.851254111842,2633.14453125,134671900,0.0,0.0
2015-01-02,2610.046630859375,2648.5428938514015,2602.34737826097,2610.046630859375,73332000,0.0,0.0
2015-01-02,2640.8436756021174,2640.8436756021174,2594.6481594108263,2602.347412109375,36029200,0.0,0.0
2015-01-02,2617.745951757233,2625.445204556519,2594.648193359375,2594.648193359375,40566400,0.0,0.0
2015-01-02,2625.4453469669115,2640.843853400735,2602.3475873161765,2617.74609375,84754300,0.0,0.0
2015-01-02,2602.34737826097,2617.74588345778,2602.34737826097,2610.046630859375,59079700,0.0,0.0
2015-01-02,2610.0467333112447,2610.0467333112447,2586.948974609375,2586.948974609375,56861400,0.0,0.0
2015-01-02,2571.5503947554757,2610.046658150019,2540.7533840398414,2548.45263671875,79003200,0.0,0.0
2015-01-02,2571.5503266938813,2571.5503266938813,2540.753316793356,2563.85107421875,51300200,0.0,0.0
2015-01-02,2586.9490433196106,2586.9490433196106,2556.1520308991394,2571.550537109375,52587500,0.0,0.0
2015-01-02,2571.5504688081287,2586.948974609375,2556.1519630068824,2586.948974609375,65669100,0.0,0.0
2015-01-02,2594.6482275099984,2594.6482275099984,2556.1519630068824,2586.948974609375,52517800,0.0,0.0
2015-01-02,2563.851284004257,2586.9490433196106,2563.851284004257,2571.550537109375,44899700,0.0,0.0
2015-01-02,2563.851108045463,2579.249613198889,2540.753350315324,2556.15185546875,55700100,0.0,0.0
2015-01-02,2533.0539885730277,2563.850997552639,2525.354736328125,2525.354736328125,47167800,0.0,0.0
2015-01-02,2533.0540643182244,2571.5503266938813,2533.0540643182244,2563.85107421875,54970000,0.0,0.0
2015-01-02,2563.851142076567,2563.851142076567,2533.054131360933,2548.45263671875,39798400,0.0,0.0
2015-01-02,2525.3548377403845,2540.7533428485576,2502.257080078125,2502.257080078125,55076200,0.0,0.0
2015-01-02,2494.5576388202135,2502.256890791881,2417.5651191035404,2432.963623046875,166985400,0.0,0.0
2015-01-02,2432.9639356090765,2440.663188569865,2409.8661767267117,2417.5654296875,91596300,0.0,0.0
2015-01-02,2425.2644805908203,2471.4599945068358,2417.5652282714846,2463.7607421875,111785100,0.0,0.0
2015-01-02,2479.159246826172,2509.9562561035154,2463.7607421875,2463.7607421875,143840800,0.0,0.0
2015-01-02,2463.7608438485804,2471.460096485607,2409.866075389393,2440.6630859375,124724400,0.0,0.0
2015-01-02,2448.3624461521613,2471.460205078125,2440.6631931768397,2471.460205078125,60180600,0.0,0.0
2015-01-02,2471.4599945068358,2471.4599945068358,2448.362237548828,2463.7607421875,76480300,0.0,0.0
2015-01-02,2463.760775862069,2463.760775862069,2425.264513739224,2456.0615234375,91955600,0.0,0.0
2015-01-02,2463.760775862069,2479.159280711207,2448.362271012931,2456.0615234375,98099900,0.0,0.0
2015-01-02,2456.0615912115536,2463.7608438485804,2432.963833300473,2440.6630859375,104121900,0.0,0.0
2015-01-02,2440.663052157036,2463.7608097484276,2425.2645470961083,2448.3623046875,94281900,0.0,0.0
2015-01-02,2456.0615234375,2456.0615234375,2425.264513739224,2456.0615234375,114071400,0.0,0.0
2015-01-02,2456.0615572179636,2456.0615572179636,2425.2645470961083,2448.3623046875,77310400,0.0,0.0
2015-01-02,2425.2643710752077,2479.159134876879,2425.2643710752077,2432.963623046875,48958100,0.0,0.0
2015-01-02,2456.0616045718466,2556.1518893976586,2448.362351892938,2548.45263671875,197430900,0.0,0.0
2015-01-02,2571.550533376338,2579.249786470279,2517.65576171875,2517.65576171875,104101400,0.0,0.0
2015-01-02,2533.054056179304,2563.8510659808762,2479.159289026553,2509.956298828125,64347100,0.0,0.0
2015-01-02,2533.0541651870262,2556.151923532197,2517.6556596235796,2540.75341796875,62218300,0.0,0.0
2015-01-02,2579.2496540137295,2617.745917506472,2563.8511486166326,2602.347412109375,233551300,0.0,0.0
2015-01-02,2602.3475457521026,2617.7460519399847,2509.956508624809,2517.65576171875,87439800,0.0,0.0
2015-01-02,2540.753429324128,2663.9414743822676,2540.753429324128,2648.54296875,155768200,0.0,0.0
2015-01-02,2687.039198369565,2694.7384510869565,2633.1444293478257,2656.2421875,108933400,0.0,0.0
2015-01-02,2633.14453544726,2687.039306640625,2633.14453544726,2687.039306640625,77627900,0.0,0.0
2015-01-02,2687.039029017857,2702.437533482143,2656.2420200892857,2694.73828125,70624200,0.0,0.0
2015-01-02,2725.5353666923415,2748.633124037192,2694.738356899208,2733.234619140625,124440300,0.0,0.0
2015-01-02,2733.2345424107143,2733.2345424107143,2671.640524553571,2694.73828125,132409400,0.0,0.0
2015-01-02,2701.2164367855826,2749.7412829553837,2676.954013700682,2741.65380859375,112204200,168.01,0.0
2015-01-02,2709.3039922604617,2830.6161113169,2701.216517656699,2814.441162109375,137713700,0.0,0.0
2015-01-02,2822.5287093896345,2830.616184201639,2765.916385705602,2806.353759765625,82336600,0.0,0.0
2015-01-02,2798.2662306978555,2806.3537053530517,2749.7413827666787,2757.828857421875,46016500,0.0,0.0
2015-01-02,2757.8288843908977,2782.09130859375,2733.566460188045,2782.09130859375,60528600,0.0,0.0
2015-01-02,2733.5664334562866,2774.003806732267,2733.5664334562866,2757.828857421875,39149800,0.0,0.0
2015-01-02,2725.478904063666,2765.9162765275187,2709.303955078125,2709.303955078125,50286100,0.0,0.0
2015-01-02,2709.303955078125,2749.7413275419776,2660.779108121502,2709.303955078125,168414300,0.0,0.0
2015-01-02,2652.691749526515,2701.2165986032196,2636.5167998342804,2668.86669921875,74248200,0.0,0.0
2015-01-02,2668.86669921875,2725.479023141572,2660.7792243726326,2668.86669921875,89349200,0.0,0.0
2015-01-02,2676.9539153781066,2765.916130088557,2676.9539153781066,2725.478759765625,81901000,0.0,0.0
2015-01-02,2693.128994891827,2717.391418269231,2620.3417247596158,2628.42919921875,101334200,0.0,0.0
2015-01-02,2628.42919921875,2668.8665715144234,2620.3417247596158,2628.42919921875,58330700,0.0,0.0
2015-01-02,2628.429039795692,2636.516513764294,2563.729248046875,2563.729248046875,66338900,0.0,0.0
2015-01-02,2579.904268288914,2636.5165876557553,2547.554371507862,2555.641845703125,123411200,0.0,0.0
2015-01-02,2547.5546875,2571.817113095238,2531.3797371031746,2547.5546875,142204500,0.0,0.0
2015-01-02,2555.6417146051044,2563.7291883855005,2499.0293981423333,2515.204345703125,143665900,0.0,0.0
2015-01-02,2515.2046351727913,2531.3795845951245,2474.7672616169584,2482.854736328125,161855700,0.0,0.0
2015-01-02,2482.8547090229235,2499.0296582673723,2434.3298612895765,2458.59228515625,133815000,0.0,0.0
2015-01-02,2466.6794847253946,2482.8544321662166,2426.2421161233387,2434.32958984375,151573500,0.0,0.0
2015-01-02,2450.504638671875,2482.8545348919656,2434.3296905618295,2450.504638671875,110215500,0.0,0.0
2015-01-02,2474.7669584458054,2474.7669584458054,2426.2421161233387,2434.32958984375,132576600,0.0,0.0
2015-01-02,2458.5921553599683,2563.729319898388,2450.5046811647053,2555.641845703125,222916400,0.0,0.0
2015-01-02,2579.9044879754892,2579.9044879754892,2515.2046889040034,2531.379638671875,86268000,0.0,0.0
2015-01-02,2555.6420087286238,2555.6420087286238,2466.679786905792,2482.854736328125,82856600,0.0,0.0
2015-01-02,2466.6793723511537,2482.854319055096,2442.4169522952407,2474.766845703125,84993400,0.0,0.0
2015-01-02,2515.2046889040034,2539.4671135558106,2490.9422642521963,2531.379638671875,88092800,0.0,0.0
2015-01-02,2539.4668261410684,2563.729248046875,2515.2044042352622,2563.729248046875,63626300,0.0,0.0
2015-01-02,2555.641901809977,2612.2542224196914,2547.5544274371605,2604.166748046875,116219500,0.0,0.0
2015-01-02,2579.904396508713,2620.341769494743,2571.816921911507,2596.079345703125,115099400,0.0,0.0
2015-01-02,2596.079230372891,2636.5166015625,2596.079230372891,2636.5166015625,48865700,0.0,0.0
2015-01-02,2628.429039795692,2628.429039795692,2547.5543001096707,2563.729248046875,67128400,0.0,0.0
2015-01-02,2539.466925450627,2587.9917711598746,2539.466925450627,2579.904296875,55525800,0.0,0.0
2015-01-02,2596.079399458859,2644.604248046875,2555.6420256355123,2644.604248046875,62673400,0.0,0.0
2015-01-02,2628.4291425842475,2628.4291425842475,2547.5543997355016,2579.904296875,103282300,0.0,0.0
2015-01-02,2596.0792020909926,2660.778995289522,2587.9917279411766,2612.254150390625,126542400,0.0,0.0
2015-01-02,2587.9918981481483,2660.779170283565,2587.9918981481483,2620.341796875,95143100,0.0,0.0
2015-01-02,2620.3417791729607,2676.9541015625,2596.0793552917294,2676.9541015625,60368200,0.0,0.0
2015-01-02,2676.9539578641143,2717.3913288288286,2660.779009478228,2693.12890625,89712500,0.0,0.0
2015-01-02,2693.128863507279,2725.478759765625,2676.9539153781066,2725.478759765625,63108600,0.0,0.0
2015-01-02,2717.391256549401,2749.7411524607037,2685.041360638099,2701.21630859375,89742800,0.0,0.0
2015-01-02,2717.391648625753,2733.5665989151917,2676.9542729021555,2685.041748046875,31664200,0.0,0.0
2015-01-02,2636.5166736778847,2668.8665715144234,2604.1667758413464,2628.42919921875,70299500,0.0,0.0
2015-01-02,2620.341624540441,2644.6040469898894,2579.90425379136,2612.254150390625,57658000,0.0,0.0
2015-01-02,2636.5166846431903,2709.303955078125,2620.341735657649,2709.303955078125,93133400,0.0,0.0
2015-01-02,2725.479023141572,2733.566497987689,2636.5167998342804,2668.86669921875,59903600,0.0,0.0
2015-01-02,2668.866412682448,2701.21630859375,2660.778938704622,2701.21630859375,38661800,0.0,0.0
2015-01-02,2717.39141310307,2782.0912086531434,2709.303938659311,2765.916259765625,162921300,0.0,0.0
2015-01-02,2757.828757317017,2774.0037060402838,2717.3913855088495,2741.65380859375,100851800,0.0,0.0
2015-01-02,2741.6537367876836,2774.0036333869484,2725.4787884880516,2749.7412109375,113411000,0.0,0.0
2015-01-02,2765.9163591251818,2782.09130859375,2749.7414096566135,2782.09130859375,64122400,0.0,0.0
2015-01-02,2757.828685087316,2765.9161592371324,2676.9539435891543,2749.7412109375,69338100,0.0,0.0
2015-01-02,2741.6537078947977,2741.6537078947977,2693.128863507279,2725.478759765625,66618200,0.0,0.0
2015-01-02,2693.1289345877512,2717.391357421875,2685.0414603097097,2717.391357421875,55756100,0.0,0.0
2015-01-02,2725.479123770472,2725.479123770472,2676.9542729021555,2685.041748046875,62419000,0.0,0.0
2015-01-02,2693.1288918887867,2749.7412109375,2693.1288918887867,2749.7412109375,64177700,0.0,0.0
2015-01-02,2749.7412109375,2765.9161592371324,2717.391314338235,2749.7412109375,130019000,0.0,0.0
2015-01-02,2765.9161004163548,2765.9161004163548,2693.1288346159245,2701.21630859375,85135200,0.0,0.0
2015-01-02,2709.303811636452,2741.6537078947977,2709.303811636452,2725.478759765625,51633800,0.0,0.0
2015-01-02,2749.7412829553837,2765.9162316786505,2725.478859870483,2741.65380859375,65479800,0.0,0.0
2015-01-02,2757.828757317017,2757.828757317017,2733.566334232117,2741.65380859375,52640400,0.0,0.0
2015-01-02,2757.8288299741125,2757.8288299741125,2717.3914571005917,2733.56640625,42617400,0.0,0.0
2015-01-02,2749.7412256006005,2749.7412256006005,2676.9539578641143,2693.12890625,80636800,0.0,0.0
2015-01-02,2717.3913855088495,2741.65380859375,2693.1289624239494,2741.65380859375,82214400,0.0,0.0
2015-01-02,2733.566277214715,2741.6537514076576,2685.041432057057,2693.12890625,52115300,0.0,0.0
2015-01-02,2676.954057107043,2709.303955078125,2668.8665826142724,2709.303955078125,45547200,0.0,0.0
2015-01-02,2733.566460188045,2790.178783328034,2709.3040359851925,2782.09130859375,166002100,0.0,0.0
2015-01-02,2774.0037618885867,2790.1787109375,2757.828812839674,2790.1787109375,73158300,0.0,0.0
2015-01-02,2806.3537327966023,2806.3537327966023,2749.7414096566135,2782.09130859375,58318700,0.0,0.0
2015-01-02,2749.74125243449,2854.87841796875,2741.653778162624,2854.87841796875,117573100,0.0,0.0
2015-01-02,2830.6160666725855,2846.791015625,2798.266168767756,2846.791015625,83985100,0.0,0.0
2015-01-02,2830.6159951531517,2879.1408407843483,2814.441046609419,2854.87841796875,95848100,0.0,0.0
2015-01-02,2854.878473733461,2903.4033203125,2846.790999303621,2903.4033203125,66835200,0.0,0.0
2015-01-02,2911.4907665466994,2919.578240898218,2871.0533947891063,2879.140869140625,104737500,0.0,0.0
2015-01-02,2879.140869140625,2895.3158178436624,2862.965920437588,2879.140869140625,72224500,0.0,0.0
2015-01-02,2854.8784901012077,2879.14091352983,2814.4411177201705,2846.791015625,87303000,0.0,0.0
2015-01-02,2838.703469425018,2862.965892240616,2822.5285208812857,2854.87841796875,54671700,0.0,0.0
2015-01-02,2822.5285208812857,2862.965892240616,2822.5285208812857,2854.87841796875,53170100,0.0,0.0
2015-01-02,2871.0534337154895,2984.278076171875,2862.965959254319,2984.278076171875,153853900,0.0,0.0
2015-01-02,2976.190573770492,2984.278048155738,2919.5782530737706,2960.015625,109898400,0.0,0.0
2015-01-02,2927.6656563990123,2968.10302734375,2911.4907080211174,2968.10302734375,82205100,0.0,0.0
2015-01-02,2968.10302734375,2976.1905015326975,2927.6656563990123,2968.10302734375,140488300,0.0,0.0
2015-01-02,2984.278059939121,3048.9778552765542,2951.928162270404,3040.890380859375,153535700,0.0,0.0
2015-01-02,3008.54052734375,3024.7154764154907,2984.278103736139,3008.54052734375,56837600,0.0,0.0
2015-01-02,3016.6281539113897,3073.240478515625,3008.5406789679273,3073.240478515625,91361800,0.0,0.0
2015-01-02,3073.240406106463,3113.677779871022,3048.9779818477277,3081.327880859375,78865000,0.0,0.0
2015-01-02,3057.0654296875,3105.590277777778,3048.977955005787,3057.0654296875,69866300,0.0,0.0
2015-01-02,3032.802834751119,3089.41515433314,3032.802834751119,3048.977783203125,87143900,0.0,0.0
2015-01-02,3048.977839298099,3097.502685546875,3048.977839298099,3097.502685546875,95817900,0.0,0.0
2015-01-02,3105.5903051181103,3105.5903051181103,3032.8030323419043,3081.327880859375,69707700,0.0,0.0
2015-01-02,3105.590204485488,3105.590204485488,3065.15283203125,3065.15283203125,78580700,0.0,0.0
2015-01-02,3032.802806181066,3073.240176930147,3008.5403837316176,3024.71533203125,61095700,0.0,0.0
2015-01-02,3057.065411931818,3137.9401582792207,3040.8904626623375,3113.677734375,169659500,0.0,0.0
2015-01-02,3121.765064801357,3137.9400133236436,3089.4151677567834,3129.8525390625,59640700,0.0,0.0
2015-01-02,3073.2403790509256,3105.590277777778,3057.0654296875,3057.0654296875,58246300,0.0,0.0
2015-01-02,3073.240478515625,3097.5029033460114,3057.0655286287006,3073.240478515625,58615100,0.0,0.0
2015-01-02,3089.4152555037927,3097.5027299946405,3048.9778830495547,3065.15283203125,52210100,0.0,0.0
2015-01-02,3089.4155494791667,3089.4155494791667,3000.4533216145833,3032.80322265625,61151100,0.0,0.0
2015-01-02,3032.803103798314,3081.327953459087,3016.6281539113897,3073.240478515625,70430900,0.0,0.0
2015-01-02,3081.327695444468,3089.4151697107263,2992.365478515625,2992.365478515625,65447100,0.0,0.0
2015-01-02,2992.365522540984,3000.4529969262294,2943.8406762295085,2960.015625,170260000,0.0,0.0
2015-01-02,2927.665781985047,3024.7154764154907,2927.665781985047,3008.54052734375,48810500,0.0,0.0
2015-01-02,3032.802834751119,3057.065257429128,3008.54041207311,3048.977783203125,53494200,0.0,0.0
2015-01-02,3040.890308977122,3048.977783203125,3000.452937847107,3048.977783203125,43133000,0.0,0.0
2015-01-02,3057.0656484375,3057.0656484375,3000.4533216145833,3032.80322265625,58758600,0.0,0.0
2015-01-02,3016.6278290041696,3024.7153030765667,2976.1904586421833,3000.452880859375,92427800,0.0,0.0
2015-01-02,2968.1030557168497,3008.540427048142,2968.1030557168497,2992.365478515625,53511200,0.0,0.0
2015-01-02,2992.3655955693494,3016.6280193172092,2943.8407480736305,2951.92822265625,95789600,0.0,0.0
2015-01-02,2960.015568033854,2960.015568033854,2911.49072265625,2911.49072265625,115142400,0.0,0.0
2015-01-02,2911.49072265625,2951.9280938042534,2911.49072265625,2911.49072265625,91001800,0.0,0.0
2015-01-02,2903.4032338321695,2976.1905015326975,2903.4032338321695,2968.10302734375,99590700,0.0,0.0
2015-01-02,2984.278019676524,2984.278019676524,2911.490750903926,2935.753173828125,82023300,0.0,0.0
2015-01-02,2935.753173828125,2943.8406481361917,2911.490750903926,2935.753173828125,53290400,0.0,0.0
2015-01-02,2960.0156062199517,3170.2899389022436,2960.0156062199517,3154.114990234375,310615000,0.0,0.0
2015-01-02,3170.290177837171,3178.377652780633,3057.0655286287006,3073.240478515625,206683100,0.0,0.0
2015-01-02,3073.240478515625,3113.677853232936,3057.0655286287006,3073.240478515625,67778800,0.0,0.0
2015-01-02,3105.5903782894734,3105.5903782894734,3065.1530035721626,3073.240478515625,67303800,0.0,0.0
2015-01-02,3137.9400537109377,3307.777015380859,3113.677630615234,3234.98974609375,264897100,0.0,0.0
2015-01-02,3267.3395709943893,3275.427045180019,3210.7272516949815,3243.0771484375,231870300,0.0,0.0
2015-01-02,3243.077189717316,3372.4767783344655,3218.8147668516003,3348.21435546875,228774600,0.0,0.0
2015-01-02,3356.3019364818297,3372.476885573308,3226.90234375,3226.90234375,435800600,0.0,0.0
2015-01-02,3267.339556525735,3356.3017721737133,3251.1646082261027,3299.689453125,200699200,0.0,0.0
2015-01-02,3348.2144552377554,3388.6518278855547,3315.8645571195166,3364.389404296875,116093100,0.0,0.0
2015-01-02,3340.127144478463,3380.5645191089525,3275.427345069679,3291.602294921875,96760700,0.0,0.0
2015-01-02,3283.514588719649,3437.1766014922437,3275.427114363197,3372.476806640625,106756900,0.0,0.0
2015-01-02,3380.5644260636295,3396.7393754706327,3332.0395778426205,3356.302001953125,121543400,0.0,0.0
2015-01-02,3315.864574180547,3332.0395233228915,3243.0773030399987,3307.777099609375,113845600,0.0,0.0
2015-01-02,3307.777153732116,3356.302001953125,3299.6896790286146,3356.302001953125,86985800,0.0,0.0
2015-01-02,3291.602204325113,3356.302001953125,3291.602204325113,3356.302001953125,90725000,0.0,0.0
2015-01-02,3356.3017721737133,3356.3017721737133,3299.689453125,3299.689453125,65533000,0.0,0.0
2015-01-02,3332.03945074314,3332.03945074314,3291.6020787681023,3315.864501953125,75736900,0.0,0.0
2015-01-02,3283.5145048253676,3348.214298023897,3283.5145048253676,3299.689453125,84424500,0.0,0.0
2015-01-02,3323.9519763481326,3356.3018739281633,3283.5146043730947,3315.864501953125,98164300,0.0,0.0
2015-01-02,3243.0772323980564,3315.864501953125,3243.0772323980564,3315.864501953125,149615800,0.0,0.0
2015-01-02,3291.6019789751836,3323.9518755744484,3267.339556525735,3299.689453125,72794200,0.0,0.0
2015-01-02,3323.952031649076,3388.6518278855547,3315.8645571195166,3364.389404296875,98039300,0.0,0.0
2015-01-02,3364.389275395377,3372.4767496150776,3323.951904296875,3323.951904296875,50574500,0.0,0.0
2015-01-02,3323.952031649076,3364.389404296875,3315.8645571195166,3364.389404296875,54508200,0.0,0.0
2015-01-02,3364.389275395377,3372.4767496150776,3315.8644300771743,3323.951904296875,29075600,0.0,0.0
2015-01-02,3356.3017721737133,3356.3017721737133,3291.6019789751836,3299.689453125,30748000,0.0,0.0
2015-01-02,3299.6896250382033,3340.1269978940636,3275.427201324687,3307.777099609375,39443300,0.0,0.0
2015-01-02,3315.8644014246324,3340.126823874081,3299.689453125,3299.689453125,25596100,0.0,0.0
2015-01-02,3340.1268679175046,3340.1268679175046,3267.339599609375,3267.339599609375,50575100,0.0,0.0
2015-01-02,3283.5145187742974,3380.564208984375,3275.427044590124,3380.564208984375,65937900,0.0,0.0
2015-01-02,3380.5642809970773,3396.739229709982,3356.30185792772,3372.476806640625,42984700,0.0,0.0
2015-01-02,3356.301742742091,3388.6516390576776,3259.252053795332,3275.427001953125,119584700,0.0,0.0
2015-01-02,3307.7773692306964,3332.039794921875,3259.2525178483393,3332.039794921875,89197500,0.0,0.0
2015-01-02,3332.039434858363,3388.6517553535296,3307.7770117890063,3372.476806640625,68415100,0.0,0.0
2015-01-02,3380.564297113186,3388.6517715081936,3315.864501953125,3315.864501953125,44921200,0.0,0.0
2015-01-02,3332.0395233228915,3364.3894216075796,3307.777099609375,3307.777099609375,61890200,0.0,0.0
2015-01-02,3323.951904296875,3348.214326955976,3291.6020074180733,3323.951904296875,45132700,0.0,0.0
2015-01-02,3372.476734800202,3380.564208984375,3323.9518896951627,3380.564208984375,84148400,0.0,0.0
2015-01-02,3348.214241264544,3388.651611328125,3340.1267672518275,3388.651611328125,28193100,0.0,0.0
2015-01-02,3396.739157352721,3396.739157352721,3348.2143122476823,3380.564208984375,39816300,0.0,0.0
2015-01-02,3396.739142922794,3437.176513671875,3364.3892463235293,3437.176513671875,112212200,0.0,0.0
2015-01-02,3445.263987821691,3445.263987821691,3421.0015653722426,3437.176513671875,88713900,0.0,0.0
2015-01-02,3477.614103922912,3477.614103922912,3388.6518826597676,3412.914306640625,100014500,0.0,0.0
2015-01-02,3429.0891942118938,3501.87646484375,3388.6518216386403,3501.87646484375,75534800,0.0,0.0
2015-01-02,3445.2641158702763,3485.701488122275,3437.176641419877,3477.614013671875,70404500,0.0,0.0
2015-01-02,3485.701560565086,3493.7890351835663,3437.1767128542033,3469.526611328125,116353600,0.0,0.0
2015-01-02,3542.3138925469816,3550.4013671875,3469.5266207823174,3550.4013671875,127641400,0.0,0.0
2015-01-02,3558.4889810816744,3558.4889810816744,3445.264331683621,3453.351806640625,98613900,0.0,0.0
2015-01-02,3445.26416015625,3477.6140583736797,3421.0017364931778,3445.26416015625,61686700,0.0,0.0
2015-01-02,3404.826559353558,3437.176455404423,3388.651611328125,3388.651611328125,88735900,0.0,0.0
2015-01-02,3372.476806640625,3396.739229709982,3356.30185792772,3372.476806640625,144006000,0.0,0.0
2015-01-02,3396.739013671875,3404.8264875139507,3364.3891183035716,3396.739013671875,58212400,0.0,0.0
2015-01-02,3445.2638865802305,3445.2638865802305,3380.5640952829494,3421.00146484375,98728700,0.0,0.0
2015-01-02,3421.001763617242,3469.526611328125,3404.826814380281,3469.526611328125,90285800,0.0,0.0
2015-01-02,3461.438834404551,3461.438834404551,3421.00146484375,3421.00146484375,71210400,0.0,0.0
2015-01-02,3461.43896484375,3461.43896484375,3404.8266453252772,3461.43896484375,95375000,0.0,0.0
2015-01-02,3558.4890651275223,3615.101391163642,3509.9642142394196,3607.013916015625,233984700,0.0,0.0
2015-01-02,3639.3633964624296,3679.800767534234,3566.576128533181,3598.926025390625,130081900,0.0,0.0
2015-01-02,3542.3135775479404,3558.488525390625,3485.701260098544,3558.488525390625,104903700,0.0,0.0
2015-01-02,3558.4886975623585,3590.8385948129253,3526.1388003117913,3566.576171875,75305900,0.0,0.0
2015-01-02,3574.6634732333096,3607.013368918679,3542.3135775479404,3558.488525390625,90121200,0.0,0.0
2015-01-02,3558.4886975623585,3590.8385948129253,3526.1388003117913,3566.576171875,72970200,0.0,0.0
2015-01-02,3574.6634732333096,3590.8384210759946,3534.226103626598,3558.488525390625,71111300,0.0,0.0
2015-01-02,3534.226318359375,3574.6636904229836,3509.96389512121,3534.226318359375,58883000,0.0,0.0
2015-01-02,3493.788962572675,3526.1388603742735,3437.176641419877,3477.614013671875,106985800,0.0,0.0
2015-01-02,3461.438950251437,3534.226217896911,3453.351476068606,3518.05126953125,110562400,0.0,0.0
2015-01-02,3461.439008604805,3493.788905881486,3396.7392140514444,3429.089111328125,126158600,0.0,0.0
2015-01-02,3429.089123703917,3518.0513415358582,3429.089123703917,3509.9638671875,208757000,0.0,0.0
2015-01-02,3752.5880208333333,3760.675495016164,3518.05126953125,3518.05126953125,206416900,0.0,0.0
2015-01-02,3558.48883213141,3558.48883213141,3453.351662091164,3469.526611328125,152165300,0.0,0.0
2015-01-02,3590.8384210759946,3590.8384210759946,3477.6137861772017,3558.488525390625,155369100,0.0,0.0
2015-01-02,3558.488709984756,3663.625876416124,3534.2262869621327,3647.450927734375,177360400,0.0,0.0
2015-01-02,3720.238380597267,3801.1131280015557,3671.713532154694,3736.413330078125,234086000,0.0,0.0
2015-01-02,3679.8008411854235,3736.4131618190454,3574.6636742944115,3590.838623046875,145145900,0.0,0.0
2015-01-02,3639.3634406887754,3639.3634406887754,3542.313748937075,3566.576171875,130830800,0.0,0.0
2015-01-02,3566.5763346354165,3712.15087890625,3558.4888599537035,3712.15087890625,143446200,0.0,0.0
2015-01-02,3760.675552568061,3776.8505011812567,3671.713335195483,3704.063232421875,166572700,0.0,0.0
2015-01-02,3744.5008048185537,3744.5008048185537,3695.975956375981,3736.413330078125,231077800,0.0,0.0
2015-01-02,3768.7631561740686,3768.7631561740686,3679.800935749359,3744.500732421875,109961900,0.0,0.0
2015-01-02,3679.800796508789,3704.063219342913,3598.9260537283762,3623.1884765625,246300800,0.0,0.0
2015-01-02,3631.2757654400125,3671.713134765625,3615.1008177097674,3671.713134765625,210266100,0.0,0.0
2015-01-02,3679.80078125,3695.975729739011,3655.5383585164836,3679.80078125,79691600,0.0,0.0
2015-01-02,3679.80078125,3704.063203983517,3671.7133070054947,3679.80078125,98699900,0.0,0.0
2015-01-02,3679.80078125,3695.975729739011,3639.3634100274726,3679.80078125,78299500,0.0,0.0
2015-01-02,3639.363580001028,3695.9759023565994,3639.363580001028,3687.888427734375,89578400,0.0,0.0
2015-01-02,3647.4508558965363,3671.7132784413025,3623.1884333517696,3655.538330078125,90053700,0.0,0.0
2015-01-02,3647.4510105298914,3720.23828125,3639.3635360054345,3720.23828125,184131000,0.0,0.0
2015-01-02,3720.238326223273,3736.413275467722,3687.888427734375,3687.888427734375,77920800,0.0,0.0
2015-01-02,3736.413129648267,3736.413129648267,3687.8882838086793,3704.063232421875,118749100,0.0,0.0
2015-01-02,3736.413129648267,3752.588078261463,3687.8882838086793,3704.063232421875,108109700,0.0,0.0
2015-01-02,3679.800809502081,3704.063232421875,3663.625860888885,3704.063232421875,86590300,0.0,0.0
2015-01-02,3687.88808249587,3695.9755563609924,3631.2757654400125,3671.713134765625,103480300,0.0,0.0
2015-01-02,3679.800752622891,3679.800752622891,3639.3633817149475,3655.538330078125,52172300,0.0,0.0
2015-01-02,3631.2760679361245,3639.3635424749577,3574.6637461642918,3582.751220703125,108368800,0.0,0.0
2015-01-02,3598.9258699795223,3671.713134765625,3590.8383961144,3671.713134765625,143921800,0.0,0.0
2015-01-02,3704.063232421875,3728.325655341669,3687.8882838086793,3704.063232421875,161974500,0.0,0.0
2015-01-02,3728.3258282696756,3728.3258282696756,3679.8009801793983,3712.15087890625,90521500,0.0,0.0
2015-01-02,3736.4132578378103,3744.500732421875,3704.0633595015524,3744.500732421875,187948000,0.0,0.0
2015-01-02,3801.113109466618,3817.2880588686035,3760.6757359616536,3793.025634765625,196864200,0.0,0.0
2015-01-02,3801.1131821330796,3825.3756066998862,3768.7632827106704,3784.938232421875,112735200,0.0,0.0
2015-01-02,3817.287424528928,3825.3748978859808,3793.0250044577697,3809.199951171875,120778200,0.0,0.0
2015-01-02,3833.4630815554888,3841.550556411091,3784.938232421875,3784.938232421875,92268300,0.0,0.0
2015-01-02,3784.9381053421976,3793.025579926262,3736.4132578378103,3744.500732421875,88360900,0.0,0.0
2015-01-02,3736.413330078125,3776.850703780269,3720.238380597267,3736.413330078125,97575800,0.0,0.0
2015-01-02,3736.413330078125,3784.938178520698,3704.0634311164094,3736.413330078125,101299100,0.0,0.0
2015-01-02,3728.325217601347,3817.287424528928,3704.0627975301886,3809.199951171875,92045500,0.0,0.0
2015-01-02,3784.9381421513917,3849.637939453125,3776.8506674886753,3849.637939453125,85945800,0.0,0.0
2015-01-02,3817.287969241352,3873.900290819084,3817.287969241352,3857.725341796875,136485600,0.0,0.0
2015-01-02,3922.4252491079883,3922.4252491079883,3736.413330078125,3736.413330078125,198484800,0.0,0.0
2015-01-02,3687.8882730930973,3687.8882730930973,3477.613941732526,3485.701416015625,343682000,0.0,0.0
2015-01-02,3332.039431523617,3542.313764580933,3332.039431523617,3509.9638671875,281386300,0.0,0.0
2015-01-02,3558.488786446305,3623.1885825635104,3501.87646484375,3501.87646484375,154455400,0.0,0.0
2015-01-02,3509.963911473474,3550.4012837254727,3437.176641419877,3477.614013671875,233518500,0.0,0.0
2015-01-02,3437.1766856018926,3518.0514311454667,3421.0017364931778,3445.26416015625,190889200,0.0,0.0
2015-01-02,3437.176528273587,3469.5264250102796,3380.564208984375,3380.564208984375,170880700,0.0,0.0
2015-01-02,3421.0015653722426,3469.5264102711394,3388.6516687729777,3437.176513671875,185359500,0.0,0.0
2015-01-02,3380.5642373997925,3421.0016086605556,3356.3018146433346,3404.82666015625,112679300,0.0,0.0
2015-01-02,3412.9141784228864,3421.0016527793387,3372.476806640625,3372.476806640625,141701800,0.0,0.0
2015-01-02,3364.389275395377,3380.5642238347777,3291.6020074180733,3323.951904296875,196569900,0.0,0.0
2015-01-02,3332.0395778426205,3396.7393754706327,3332.0395778426205,3356.302001953125,151693700,0.0,0.0
2015-01-02,3396.739013671875,3404.8264875139507,3356.3016444614955,3396.739013671875,166595400,0.0,0.0
2015-01-02,3445.2641158702763,3477.614013671875,3404.8267436182778,3477.614013671875,186513500,0.0,0.0
2015-01-02,3509.9637810202203,3509.9637810202203,3396.739142922794,3437.176513671875,107614100,0.0,0.0
2015-01-02,3453.3515188832293,3501.8763645818226,3421.0016217508337,3485.701416015625,469620300,0.0,0.0
2015-01-02,3550.4013575129297,3550.4013575129297,3453.351662091164,3469.526611328125,164481100,0.0,0.0
2015-01-02,3485.701416015625,3550.4012102804163,3477.613941732526,3485.701416015625,108852800,0.0,0.0
2015-01-02,3485.701444142425,3509.9638671875,3453.351546748992,3509.9638671875,79319400,0.0,0.0
2015-01-02,3509.9637810202203,3509.9637810202203,3437.176513671875,3437.176513671875,142504000,0.0,0.0
2015-01-02,3479.064140505907,3495.83071467702,3420.381130907012,3437.147705078125,202555900,149.9656,0.0
2015-01-02,3420.3810619212964,3462.297496503665,3395.231201171875,3395.231201171875,148580200,0.0,0.0
2015-01-02,3386.8481178093903,3420.3812674906717,3353.3149681281093,3370.08154296875,189186700,0.0,0.0
2015-01-02,3311.398372276157,3437.1476775524666,3294.6317982393152,3420.381103515625,156054900,0.0,0.0
2015-01-02,3395.2312831460995,3453.9142929782543,3370.0814217894617,3445.531005859375,117325600,0.0,0.0
2015-01-02,3403.614501953125,3420.381075854372,3378.4646411012545,3403.614501953125,94848800,0.0,0.0
2015-01-02,3453.914195447865,3453.914195447865,3378.46461350847,3386.847900390625,96042200,0.0,0.0
2015-01-02,3361.6983855904887,3453.91455078125,3336.5485223566443,3453.91455078125,169375800,0.0,0.0
2015-01-02,3395.23118727278,3403.614474154935,3353.3147528620048,3386.847900390625,82101200,0.0,0.0
2015-01-02,3403.6145702649787,3453.9142929782543,3378.464708908341,3445.531005859375,77489000,0.0,0.0
2015-01-02,3428.7643488377703,3428.7643488377703,3386.847914255401,3395.231201171875,60907800,0.0,0.0
2015-01-02,3378.464775085449,3487.447509765625,3378.464775085449,3487.447509765625,101065400,0.0,0.0
2015-01-02,3546.130506988893,3546.130506988893,3437.1477727315514,3479.064208984375,81050700,0.0,0.0
2015-01-02,3445.5311972128375,3453.914484797297,3386.848184121621,3411.998046875,71574300,0.0,0.0
2015-01-02,3361.6980259140432,3395.2311733047068,3353.314739066377,3378.464599609375,128618800,0.0,0.0
2015-01-02,3353.3147528620048,3420.381047919245,3353.3147528620048,3386.847900390625,72888100,0.0,0.0
2015-01-02,3445.5311022949218,3445.5311022949218,3353.31494140625,3353.31494140625,116718900,0.0,0.0
2015-01-02,3361.6982555484296,3386.8481178093903,3353.3149681281093,3370.08154296875,39572500,0.0,0.0
2015-01-02,3370.0815025845864,3386.8480772243106,3219.1823308270673,3344.931640625,115885200,0.0,0.0
2015-01-02,3361.6982152647242,3411.997939183897,3311.398491345551,3344.931640625,72329600,0.0,0.0
2015-01-02,3395.2314052297106,3395.2314052297106,3328.1651058671487,3370.08154296875,62679000,0.0,0.0
2015-01-02,3386.847900390625,3395.23118727278,3361.69803974416,3386.847900390625,42393800,0.0,0.0
2015-01-02,3395.231145159562,3403.6144319377336,3353.3147112687034,3361.697998046875,64049000,0.0,0.0
2015-01-02,3437.147621683555,3437.147621683555,3353.3147528620048,3386.847900390625,42258000,0.0,0.0
2015-01-02,3403.6144319377336,3403.6144319377336,3361.697998046875,3361.697998046875,43399800,0.0,0.0
2015-01-02,3361.698146761976,3378.464721060041,3294.6318495697174,3303.01513671875,96218200,0.0,0.0
2015-01-02,3303.0152436061876,3370.08154296875,3269.4820939249066,3370.08154296875,68708500,0.0,0.0
2015-01-02,3386.848049228163,3529.3639324877636,3361.6981874764683,3479.064208984375,146093800,0.0,0.0
2015-01-02,3445.530873592258,3512.59716796875,3411.9977264040126,3512.59716796875,84009400,0.0,0.0
2015-01-02,3512.5973716148965,3512.5973716148965,3462.2976479163535,3487.447509765625,91367900,0.0,0.0
2015-01-02,3470.6807614867876,3537.7470563947445,3470.6807614867876,3529.36376953125,82344000,0.0,0.0
2015-01-02,3529.363838303257,3571.2802734375,3504.213977222711,3571.2802734375,107234600,0.0,0.0
2015-01-02,3554.51365802305,3554.51365802305,3512.5972233765515,3546.13037109375,59792300,0.0,0.0
2015-01-02,3554.513671875,3571.2802457989387,3537.7470979510613,3554.513671875,37218000,0.0,0.0
2015-01-02,3554.5136856617646,3562.89697265625,3512.597250689338,3562.89697265625,49786900,0.0,0.0
2015-01-02,3546.1304664789245,3604.8134765625,3529.3638921693314,3604.8134765625,60672300,0.0,0.0
2015-01-02,3613.1966806087853,3621.579967570755,3512.5972370651534,3554.513671875,110767300,0.0,0.0
2015-01-02,3588.0468057402486,3604.813379598848,3529.3637972351507,3546.13037109375,108823600,0.0,0.0
2015-01-02,3546.1304664789245,3604.8134765625,3546.1304664789245,3604.8134765625,104724300,0.0,0.0
2015-01-02,3646.7298734857795,3730.562744140625,3562.897002830934,3730.562744140625,112228800,0.0,0.0
2015-01-02,3730.563053385417,3847.92908203125,3697.02990234375,3772.4794921875,251825000,0.0,0.0
2015-01-02,3730.5626395089284,3814.3955078125,3730.5626395089284,3814.3955078125,186881500,0.0,0.0
2015-01-02,3847.9290338331657,3898.228759765625,3797.629307900706,3898.228759765625,268967200,0.0,0.0
2015-01-02,3940.14501953125,3940.14501953125,3898.228583153258,3940.14501953125,191023500,0.0,0.0
2015-01-02,3940.1446901518725,3940.1446901518725,3881.4616841283337,3889.844970703125,164453900,0.0,0.0
2015-01-02,3797.6291905453327,3847.928914923417,3764.0960409599434,3822.779052734375,162061400,0.0,0.0
2015-01-02,3814.3952925200015,3864.6950106631225,3789.245433448441,3831.161865234375,123629000,0.0,0.0
2015-01-02,3831.162081473214,3856.311941964286,3797.628934151786,3814.3955078125,124552500,0.0,0.0
2015-01-02,3806.012327729986,3831.1621889264397,3722.1794570751404,3730.562744140625,136882800,0.0,0.0
2015-01-02,3797.6289843085674,3839.54541901396,3697.029541015625,3697.029541015625,127710800,0.0,0.0
2015-01-02,3655.1130580357144,3814.3955078125,3646.7297712053573,3814.3955078125,182044300,0.0,0.0
2015-01-02,3822.779105808424,3864.6955433721128,3738.946230681046,3856.312255859375,177623900,0.0,0.0
2015-01-02,3814.395883211526,3906.612047421035,3797.629307900706,3898.228759765625,202320400,0.0,0.0
2015-01-02,3923.378635914029,3948.5284989647603,3864.69562212899,3906.612060546875,229431400,0.0,0.0
2015-01-02,3906.6119366776315,3998.828098273026,3856.3122121710526,3982.0615234375,189007900,0.0,0.0
2015-01-02,3923.37801516343,3940.1445878778036,3822.7785788771885,3831.161865234375,179495700,0.0,0.0
2015-01-02,3780.8627668690838,3806.012630063335,3755.712903674833,3764.09619140625,184317100,0.0,0.0
2015-01-02,3663.496304402309,3814.395465682038,3655.113017664546,3789.24560546875,101529800,0.0,0.0
2015-01-02,3839.545518057687,3873.0786666870117,3755.712646484375,3755.712646484375,118884300,0.0,0.0
2015-01-02,3705.413029185512,3856.312202319764,3705.413029185512,3822.779052734375,175300400,0.0,0.0
2015-01-02,3822.778836312773,3898.22841860842,3797.6289755475573,3839.54541015625,120871700,0.0,0.0
2015-01-02,3806.0125307829485,3873.0788308848505,3806.0125307829485,3856.312255859375,106985000,0.0,0.0
2015-01-02,3822.779132000812,3881.4621449920523,3814.3958444306345,3873.078857421875,77323800,0.0,0.0
2015-01-02,3864.6954213076847,3873.0787085556403,3780.862548828125,3780.862548828125,61970100,0.0,0.0
2015-01-02,3772.4794791376667,3822.779205526169,3755.712903674833,3764.09619140625,106145700,0.0,0.0
2015-01-02,3772.479328356291,3889.845351905153,3772.479328356291,3822.779052734375,123389200,0.0,0.0
2015-01-02,3814.3958182956862,3856.312255859375,3797.6292432702103,3856.312255859375,50307800,0.0,0.0
2015-01-02,3856.31192782902,3856.31192782902,3797.628920231622,3806.01220703125,74820600,0.0,0.0
2015-01-02,3806.012178944275,3822.7787524198006,3789.2456054687495,3789.24560546875,91510200,0.0,0.0
2015-01-02,3764.0959336417063,3797.6290822710307,3738.9460721697124,3755.712646484375,97919200,0.0,0.0
2015-01-02,3806.0126432291668,3856.3123697916667,3772.4794921875,3772.4794921875,125599900,0.0,0.0
2015-01-02,3772.479123485332,3772.479123485332,3697.029541015625,3697.029541015625,210277300,0.0,0.0
2015-01-02,3738.9463411458332,3822.77921875,3722.179765625,3772.4794921875,116164500,0.0,0.0
2015-01-02,3797.6290822710307,3806.012369428362,3755.712646484375,3755.712646484375,100743700,0.0,0.0
2015-01-02,3730.56296182809,3747.3295369374296,3697.0298116094104,3713.79638671875,91363200,0.0,0.0
2015-01-02,3688.6465240547404,3730.56296182809,3671.879948945401,3713.79638671875,89922900,0.0,0.0
2015-01-02,3688.6462123644405,3713.796072903289,3671.879638671875,3671.879638671875,95911400,0.0,0.0
2015-01-02,3680.263275557035,3780.8627272806893,3604.813686764294,3738.9462890625,132185400,0.0,0.0
2015-01-02,3730.562730393968,3747.329304463154,3671.879721151816,3722.179443359375,123113800,0.0,0.0
2015-01-02,3713.7961971957147,3797.629068464241,3688.646335815157,3747.329345703125,104385500,0.0,0.0
2015-01-02,3738.9460174285614,3772.4791655669337,3705.4128692901886,3722.179443359375,90290400,0.0,0.0
2015-01-02,3688.6465632006725,3772.4794396370517,3680.263275557035,3738.9462890625,111482000,0.0,0.0
2015-01-02,3738.9462890625,3747.3295767061377,3671.8799879133967,3738.9462890625,77569100,0.0,0.0
2015-01-02,3738.9460174285614,3780.862452601527,3713.796156324782,3722.179443359375,87832800,0.0,0.0
2015-01-02,3764.0961519934135,3806.012590211603,3738.9462890625,3738.9462890625,61888400,0.0,0.0
2015-01-02,3738.9462493827596,3755.7128244920996,3705.4130991640804,3713.79638671875,60464300,0.0,0.0
2015-01-02,3688.6461700790232,3713.796030329562,3646.7297363281255,3646.729736328125,102570000,0.0,0.0
2015-01-02,3638.346546017746,3705.412841796875,3629.963259045355,3705.412841796875,72389100,0.0,0.0
2015-01-02,3655.113213275812,3671.879787648637,3613.19677734375,3613.19677734375,108794500,0.0,0.0
2015-01-02,3604.813530565956,3646.729966967886,3588.0469560051843,3638.3466796875,107938600,0.0,0.0
2015-01-02,3629.9633380268897,3646.7299123364824,3596.4301894077034,3604.8134765625,70034500,0.0,0.0
2015-01-02,3655.1131856424827,3655.1131856424827,3596.4301757812505,3596.43017578125,68096300,0.0,0.0
2015-01-02,3520.9806446665707,3629.96337890625,3520.9806446665707,3629.96337890625,90321700,0.0,0.0
2015-01-02,3613.196694623162,3638.3465556066176,3562.89697265625,3562.89697265625,72516000,0.0,0.0
2015-01-02,3537.747042410714,3604.8133370535716,3520.98046875,3520.98046875,65848300,0.0,0.0
2015-01-02,3520.980435075431,3646.7297363281255,3520.980435075431,3646.729736328125,165391500,0.0,0.0
2015-01-02,3604.813316415209,3680.2628974564577,3604.813316415209,3655.113037109375,79825700,0.0,0.0
2015-01-02,3671.8796801923895,3730.562688779939,3671.8796801923895,3697.029541015625,76777200,0.0,0.0
2015-01-02,3713.7963333303674,3747.3294830669847,3680.26318359375,3680.26318359375,109154300,0.0,0.0
2015-01-02,3705.413018896596,3713.796306269665,3629.963432538973,3663.49658203125,97320500,0.0,0.0
2015-01-02,3680.2631567773883,3697.0297315235266,3638.3467199120423,3663.49658203125,80270300,0.0,0.0
2015-01-02,3705.412882944171,3730.562744140625,3671.879734682233,3730.562744140625,91101500,0.0,0.0
2015-01-02,3738.9461956328305,3738.9461956328305,3655.1133212912873,3680.26318359375,162753500,0.0,0.0
2015-01-02,3705.412841796875,3705.412841796875,3655.1131199625283,3705.412841796875,108592900,0.0,0.0
2015-01-02,3688.646489003258,3705.4130639532727,3537.747314453125,3537.747314453125,217855200,0.0,0.0
2015-01-02,3470.680894606916,3495.8307561620386,3395.2313099415483,3462.297607421875,231475000,0.0,0.0
2015-01-02,3411.9977534423247,3529.36376953125,3411.9977534423247,3529.36376953125,201183100,0.0,0.0
2015-01-02,3562.8970137266356,3588.046875,3487.447429906542,3588.046875,129868800,0.0,0.0
2015-01-02,3579.663751828162,3588.047039303169,3520.9807395031103,3537.747314453125,110546800,0.0,0.0
2015-01-02,3520.9804547658114,3546.1303151569955,3504.2138811716886,3512.59716796875,145833200,0.0,0.0
2015-01-02,3445.531086654114,3529.3639598087157,3445.531086654114,3495.830810546875,81249200,0.0,0.0
2015-01-02,3487.44749623494,3504.2140707360695,3470.6809217338105,3479.064208984375,227799300,0.0,0.0
2015-01-02,3428.7643488377703,3453.9142095871916,3378.4646273389276,3395.231201171875,188771200,0.0,0.0
2015-01-02,3395.231201171875,3420.3810619212964,3378.4646273389276,3395.231201171875,88570400,0.0,0.0
2015-01-02,3353.3147665895062,3411.9977750048224,3319.781618923611,3395.231201171875,149512300,0.0,0.0
2015-01-02,3370.081326626315,3411.9977610370897,3370.081326626315,3386.847900390625,68616700,0.0,0.0
2015-01-02,3411.9977187159056,3420.3810054940773,3361.697998046875,3361.697998046875,115907900,0.0,0.0
2015-01-02,3370.081312761709,3403.614460152373,3361.6980259140432,3378.464599609375,45277400,0.0,0.0
2015-01-02,3370.0815161132814,3386.8480908203123,3353.31494140625,3353.31494140625,83888300,0.0,0.0
2015-01-02,3344.931613566593,3378.46476257478,3328.1650390625,3328.1650390625,95750400,0.0,0.0
2015-01-02,3336.5481653710453,3386.8478864570407,3336.5481653710453,3378.464599609375,50741600,0.0,0.0
2015-01-02,3361.6980259140432,3386.8478864570407,3336.5481653710453,3378.464599609375,73305800,0.0,0.0
2015-01-02,3378.464776273948,3386.848063559987,3336.54833984375,3336.54833984375,94063100,0.0,0.0
2015-01-02,3336.54833984375,3370.081488987908,3336.54833984375,3336.54833984375,94389800,0.0,0.0
2015-01-02,3328.16489221554,3395.23118727278,3328.16489221554,3386.847900390625,585687400,0.0,0.0
2015-01-02,3370.0814615885415,3386.848036024305,3319.78173828125,3319.78173828125,230066600,0.0,0.0
2015-01-02,3311.398504638672,3370.0815161132814,3294.6319299316406,3353.31494140625,113336600,0.0,0.0
2015-01-02,3336.548144022624,3344.9314308166504,3202.4155553181968,3219.18212890625,148751200,0.0,0.0
2015-01-02,3051.516547309028,3118.582845052083,3001.216824001736,3017.9833984375,416468700,0.0,0.0
2015-01-02,3017.9832657523775,3101.816134245499,2992.833405204441,3085.049560546875,278572200,0.0,0.0
2015-01-02,3101.8162169430984,3168.8825135256516,3034.749920360545,3135.349365234375,245646400,0.0,0.0
2015-01-02,3085.0497645547944,3118.5829141695203,3043.133327536387,3059.89990234375,164606100,0.0,0.0
2015-01-02,3076.666301335515,3110.199449033995,3051.5164405616556,3101.816162109375,170545000,0.0,0.0
2015-01-02,3093.43318359375,3177.2660611979168,3085.0498958333333,3143.73291015625,231127000,0.0,0.0
2015-01-02,3202.4159244791667,3202.4159244791667,3135.349622395833,3143.73291015625,107175700,0.0,0.0
2015-01-02,3085.0495465769754,3118.582693822377,3076.666259765625,3076.666259765625,143233600,0.0,0.0
2015-01-02,3026.36655260169,3135.349281642748,3026.36655260169,3085.049560546875,310944500,0.0,0.0
2015-01-02,3135.349337670111,3177.2657726657008,3085.0496156754034,3118.582763671875,119137700,0.0,0.0
2015-01-02,3126.966050670993,3143.7326246692287,3101.816189673639,3118.582763671875,55351300,0.0,0.0
2015-01-02,3093.432996603933,3177.265869140625,3076.6664220965945,3177.265869140625,98741000,0.0,0.0
2015-01-02,3185.649348958333,3194.03263671875,3135.349622395833,3143.73291015625,68702100,0.0,0.0
2015-01-02,3110.199557834201,3168.882568359375,3101.8162706163193,3168.882568359375,45179400,0.0,0.0
2015-01-02,3168.8827734375,3185.649348958333,3126.966334635417,3143.73291015625,19216700,0.0,0.0
2015-01-02,3160.4993214044043,3219.182332677165,3143.732746755044,3194.032470703125,49816500,0.0,0.0
2015-01-02,3185.6490737055965,3194.032360741664,3110.1994903809905,3126.966064453125,65006300,0.0,0.0
2015-01-02,3118.582845052083,3177.265855577257,3110.199557834201,3168.882568359375,51703500,0.0,0.0
2015-01-02,3152.116197916667,3185.649348958333,3143.73291015625,3143.73291015625,79677300,0.0,0.0
2015-01-02,3143.732974403783,3185.6494140625,3143.732974403783,3185.6494140625,7959900,0.0,0.0
2015-01-02,3177.2657224032546,3261.098591068248,3160.4991486702556,3235.94873046875,64235000,0.0,0.0
2015-01-02,3219.1823462041884,3235.948920924002,3194.0324841244683,3202.415771484375,56785600,0.0,0.0
2015-01-02,3185.6491291238394,3202.415703487649,3118.5828316686006,3160.499267578125,135167000,0.0,0.0
2015-01-02,3143.7326107385024,3160.499184662441,3110.199462890625,3110.199462890625,65207400,0.0,0.0
2015-01-02,3126.9661456186095,3177.265869140625,3126.9661456186095,3177.265869140625,46616400,0.0,0.0
2015-01-02,3194.0324974757264,3227.5656470555236,3143.7327731060295,3210.799072265625,80009900,0.0,0.0
2015-01-02,3202.4155967377264,3269.4818919573645,3177.265736030362,3244.33203125,75139300,0.0,0.0
2015-01-02,3177.2657224032546,3269.4818779347474,3168.882435536755,3235.94873046875,105775500,0.0,0.0
2015-01-02,3202.4157172309024,3235.94886610243,3160.4992811414927,3168.882568359375,85780600,0.0,0.0
2015-01-02,3168.882661576705,3227.565673828125,3168.882661576705,3227.565673828125,58918700,0.0,0.0
2015-01-02,3244.3321400316454,3344.9315862341773,3235.948852848101,3311.3984375,132256600,0.0,0.0
2015-01-02,3361.6981328522584,3361.6981328522584,3269.4819745944656,3294.6318359375,94772000,0.0,0.0
2015-01-02,3269.481919786311,3336.5482155767995,3252.715345838689,3261.0986328125,109555200,0.0,0.0
2015-01-02,3277.8651788598195,3286.248465762274,3227.5654574450905,3244.33203125,88457800,0.0,0.0
2015-01-02,3261.09882368608,3277.865398615057,3227.565673828125,3227.565673828125,45504900,0.0,0.0
2015-01-02,3227.565415700277,3252.715276082357,3194.03226852417,3219.18212890625,80575100,0.0,0.0
2015-01-02,3227.565592037941,3353.3149008186397,3227.565592037941,3328.1650390625,117238000,0.0,0.0
2015-01-02,3328.165025499132,3344.9315999348955,3311.3984510633677,3319.78173828125,100769500,0.0,0.0
2015-01-02,3319.78173828125,3328.165025499132,3277.86530219184,3319.78173828125,59425300,0.0,0.0
2015-01-02,3303.015261008523,3311.3985484730115,3227.565673828125,3227.565673828125,179726700,0.0,0.0
2015-01-02,3227.5654574450905,3269.4818919573645,3219.182170542636,3244.33203125,70997300,0.0,0.0
2015-01-02,3227.5654849172556,3269.481919786311,3219.182197943445,3261.0986328125,78852300,0.0,0.0
2015-01-02,3277.8651928459244,3286.2484797841494,3244.332045093025,3252.71533203125,55154800,0.0,0.0
2015-01-02,3235.9487581548,3277.8651928459244,3227.565471216575,3252.71533203125,58861300,0.0,0.0
2015-01-02,3252.715717516447,3252.715717516447,3185.6494140625,3185.6494140625,76254900,0.0,0.0
2015-01-02,3185.6489817301435,3227.565415700277,3177.2656949361167,3219.18212890625,65856500,0.0,0.0
2015-01-02,3219.182277851459,3219.182277851459,3152.11598039622,3160.499267578125,91337300,0.0,0.0
2015-01-02,3143.732974403783,3185.6494140625,3093.433246813322,3185.6494140625,88759600,0.0,0.0
2015-01-02,3185.649156394294,3194.032443647963,3143.732720125948,3177.265869140625,69004400,0.0,0.0
2015-01-02,3210.79927785773,3210.79927785773,3152.1162623355262,3185.6494140625,80331100,0.0,0.0
2015-01-02,3194.032443647963,3202.4157309016323,3126.9661456186095,3177.265869140625,59028200,0.0,0.0
2015-01-02,3185.6491291238394,3185.6491291238394,3143.732693214315,3160.499267578125,49869900,0.0,0.0
2015-01-02,3160.4992539426116,3160.4992539426116,3118.58281821393,3152.115966796875,50369000,0.0,0.0
2015-01-02,3152.1160473249342,3202.415771484375,3152.1160473249342,3202.415771484375,57438900,0.0,0.0
2015-01-02,3227.565415700277,3244.33198928833,3210.7988421122236,3219.18212890625,63880300,0.0,0.0
2015-01-02,3227.5654436022505,3244.3320173352495,3185.6490092697536,3235.94873046875,48505600,0.0,0.0
2015-01-02,3311.398464558407,3328.1650390625,3261.098741046127,3328.1650390625,109147100,0.0,0.0
2015-01-02,3353.3147528620048,3386.847900390625,3311.39831845123,3386.847900390625,142165700,0.0,0.0
2015-01-02,3344.9315999348955,3353.3148871527774,3286.248589409722,3319.78173828125,66461600,0.0,0.0
2015-01-02,3294.6317667223743,3328.1649144752737,3252.71533203125,3252.71533203125,115766900,0.0,0.0
2015-01-02,3294.6318359375,3344.931558623569,3277.8652617088105,3294.6318359375,47395200,0.0,0.0
2015-01-02,3269.4819059076995,3294.6317667223743,3252.71533203125,3252.71533203125,43208800,0.0,0.0
2015-01-02,3252.7153595753207,3286.2485076121798,3244.332072566106,3269.48193359375,49796000,0.0,0.0
2015-01-02,3303.0150536605993,3311.3983405988242,3244.332045093025,3252.71533203125,50103800,0.0,0.0
2015-01-02,3261.098618969475,3277.8651928459244,3227.565471216575,3252.71533203125,59086800,0.0,0.0
2015-01-02,3227.5655523774585,3303.01513671875,3227.5655523774585,3303.01513671875,78551000,0.0,0.0
2015-01-02,3328.1650390625,3353.3149008186397,3319.7817518104534,3328.1650390625,68725500,0.0,0.0
2015-01-02,3319.781564156016,3370.0812848250466,3294.6317038215007,3361.697998046875,76136200,0.0,0.0
2015-01-02,3370.0816089527025,3428.7646220439187,3336.5484586148646,3411.998046875,104663300,0.0,0.0
2015-01-02,3378.4648303890704,3428.764554910992,3353.3149681281093,3370.08154296875,111430100,0.0,0.0
2015-01-02,3395.231145159562,3395.231145159562,3344.9314244905313,3361.697998046875,65025400,0.0,0.0
2015-01-02,3386.847914255401,3403.614488088349,3336.548192756559,3395.231201171875,96707900,0.0,0.0
2015-01-02,3428.7643488377703,3437.1476357542438,3378.4646273389276,3395.231201171875,232270900,0.0,0.0
2015-01-02,3395.2313645441727,3395.2313645441727,3303.015204025689,3344.931640625,105982700,0.0,0.0
2015-01-02,3353.315097845874,3453.91455078125,3353.315097845874,3453.91455078125,88808200,0.0,0.0
2015-01-02,3437.1479096283783,3453.914484797297,3403.6147592905404,3411.998046875,96214700,0.0,0.0
2015-01-02,3437.1476357542438,3453.9142095871916,3378.4646273389276,3395.231201171875,71556400,0.0,0.0
2015-01-02,3437.1476357542438,3437.1476357542438,3378.4646273389276,3395.231201171875,87955300,0.0,0.0
2015-01-02,3428.7644179925687,3453.9142792492376,3411.9978438214557,3437.147705078125,113504700,0.0,0.0
2015-01-02,3395.2312560885925,3462.2975525051575,3386.847969036522,3428.764404296875,87690800,0.0,0.0
2015-01-02,3445.5309367062423,3453.914223656866,3386.847928051878,3403.614501953125,93699000,0.0,0.0
2015-01-02,3437.1476775524666,3437.1476775524666,3411.9978164972044,3420.381103515625,56896200,0.0,0.0
2015-01-02,3420.381075854372,3437.147649755619,3386.847928051878,3403.614501953125,82969200,0.0,0.0
2015-01-02,3437.1477727315514,3495.8307834855045,3420.381198230422,3479.064208984375,70419100,0.0,0.0
2015-01-02,3520.9805376838235,3579.6635466452203,3495.8306767003673,3562.89697265625,125329700,0.0,0.0
2015-01-02,3562.897040788517,3604.8134765625,3512.5973178597383,3604.8134765625,85757900,0.0,0.0
2015-01-02,3596.4301894077034,3604.8134765625,3562.897040788517,3604.8134765625,84322900,0.0,0.0
2015-01-02,3621.5800645301624,3646.7299260893997,3571.280341411688,3613.19677734375,178923700,0.0,0.0
2015-01-02,3638.3466796875,3646.729966967886,3596.43024328557,3638.3466796875,119431600,0.0,0.0
2015-01-02,3638.3466796875,3655.113254248272,3621.580105126728,3638.3466796875,117305500,0.0,0.0
2015-01-02,3638.346831775102,3638.346831775102,3562.8972430977383,3579.663818359375,59688000,0.0,0.0
2015-01-02,3554.5139554669204,3588.047105990193,3546.130667836102,3579.663818359375,65644600,0.0,0.0
2015-01-02,3755.7125355113635,3772.4791093306108,3629.96323186701,3688.646240234375,198984100,0.0,0.0
2015-01-02,3730.5630634449144,3730.5630634449144,3604.8137466995804,3621.580322265625,58407000,0.0,0.0
2015-01-02,3579.6635466452203,3621.579981617647,3537.747111672794,3562.89697265625,112116900,0.0,0.0
2015-01-02,3529.3637415628727,3537.747028359934,3462.2974471863813,3512.59716796875,117097400,0.0,0.0
2015-01-02,3520.980645237199,3520.980645237199,3420.381198230422,3479.064208984375,158597800,0.0,0.0
2015-01-02,3495.8307834855045,3512.597357986634,3470.6809217338105,3479.064208984375,98421300,0.0,0.0
2015-01-02,3487.447523231415,3495.830810546875,3420.381224707734,3495.830810546875,113408100,0.0,0.0
2015-01-02,3495.8306584099832,3504.2139453606064,3386.847928051878,3403.614501953125,121002600,0.0,0.0
2015-01-02,3395.231471706081,3428.7646220439187,3378.464896537162,3411.998046875,105907900,0.0,0.0
2015-01-02,3395.2313099415483,3462.297607421875,3386.8480227565074,3462.297607421875,84306600,0.0,0.0
2015-01-02,3437.1476913489455,3453.914265453087,3403.6145431406635,3428.764404296875,74171300,0.0,0.0
2015-01-02,3395.231350846027,3395.231350846027,3311.398477985631,3336.54833984375,236777600,0.0,0.0
2015-01-02,3344.9316271297894,3344.9316271297894,3294.6319034135518,3336.54833984375,113329300,0.0,0.0
2015-01-02,3370.081488987908,3370.081488987908,3303.0151906995916,3336.54833984375,68777200,0.0,0.0
2015-01-02,3336.548353305138,3370.0815025845864,3319.781778665413,3344.931640625,83183300,0.0,0.0
2015-01-02,3344.931680707789,3403.614692650031,3328.1651058671487,3370.08154296875,95986000,0.0,0.0
2015-01-02,3353.3147528620048,3420.381047919245,3336.5481790976946,3386.847900390625,115578100,0.0,0.0
2015-01-02,3378.46461350847,3420.381047919245,3378.46461350847,3386.847900390625,132751000,0.0,0.0
2015-01-02,3370.081487802359,3520.980658897987,3370.081487802359,3487.447509765625,194127500,0.0,0.0
2015-01-02,3512.597564993553,3537.747428227397,3453.91455078125,3453.91455078125,122121000,0.0,0.0
2015-01-02,3470.680894606916,3487.4474689769977,3445.531033051793,3462.297607421875,62211800,0.0,0.0
2015-01-02,3453.914174107143,3520.98046875,3428.7643136160714,3520.98046875,77540300,0.0,0.0
2015-01-02,3470.6811262704796,3512.597564993553,3453.91455078125,3453.91455078125,78924700,0.0,0.0
2015-01-02,3453.914195447865,3487.447342976485,3386.847900390625,3386.847900390625,1155861400,0.0,0.0
2015-01-02,3403.614529478784,3462.2975386077283,3370.081381405101,3420.381103515625,189129300,0.0,0.0
2015-01-02,3428.764404296875,3462.2975525051575,3395.2312560885925,3428.764404296875,95792700,0.0,0.0
2015-01-02,3437.1477727315514,3479.064208984375,3420.381198230422,3479.064208984375,127707400,0.0,0.0
2015-01-02,3487.447523231415,3504.214097862335,3453.914373969574,3495.830810546875,78989700,0.0,0.0
2015-01-02,3495.8307834855045,3495.8307834855045,3470.6809217338105,3479.064208984375,83014700,0.0,0.0
2015-01-02,3529.3830439814815,3538.119140625,3503.174754050926,3538.119140625,94687300,167.5987,0.0
2015-01-02,3529.383069362593,3546.855262775279,3520.64697265625,3520.64697265625,69609000,0.0,0.0
2015-01-02,3511.9109143066407,3529.383107910156,3485.702623901367,3494.438720703125,110730800,0.0,0.0
2015-01-02,3485.702598457906,3529.3830821478546,3476.9665017199163,3511.910888671875,85391800,0.0,0.0
2015-01-02,3511.9107060276287,3520.6468023112798,3459.494128325724,3468.230224609375,160978900,0.0,0.0
2015-01-02,3459.494140625,3485.702429569129,3450.7580443102906,3459.494140625,54934100,0.0,0.0
2015-01-02,3476.966296356125,3485.702392578125,3450.758007690124,3485.702392578125,55155600,0.0,0.0
2015-01-02,3468.230455868208,3476.966552734375,3450.7582621358747,3476.966552734375,60191300,0.0,0.0
2015-01-02,3476.9663581654504,3485.7024545427503,3442.02197265625,3442.02197265625,56150900,0.0,0.0
2015-01-02,3442.022203817247,3459.4943977452535,3442.022203817247,3450.75830078125,41812400,0.0,0.0
2015-01-02,3442.0219114681236,3485.702392578125,3442.0219114681236,3485.702392578125,36011500,0.0,0.0
2015-01-02,3520.647011108398,3520.647011108398,3485.702623901367,3494.438720703125,64879900,0.0,0.0
2015-01-02,3520.647011108398,3520.647011108398,3468.2304302978514,3494.438720703125,75193200,0.0,0.0
2015-01-02,3494.438513460327,3503.174609743978,3468.230224609375,3468.230224609375,33974300,0.0,0.0
2015-01-02,3468.230455868208,3476.966552734375,3450.7582621358747,3476.966552734375,43303000,0.0,0.0
2015-01-02,3468.23023693971,3485.702429569129,3459.494140625,3459.494140625,68088900,0.0,0.0
2015-01-02,3459.494140625,3476.966333254419,3450.7580443102906,3459.494140625,50474800,0.0,0.0
2015-01-02,3459.4943977452535,3476.9665916732597,3442.022203817247,3450.75830078125,65643300,0.0,0.0
2015-01-02,3450.7582621358747,3485.702649600542,3450.7582621358747,3476.966552734375,89768500,0.0,0.0
2015-01-02,3476.966552734375,3503.1748433328753,3468.230455868208,3476.966552734375,73770400,0.0,0.0
2015-01-02,3459.4941904496172,3468.2302868901465,3415.8137082469702,3424.5498046875,83009900,0.0,0.0
2015-01-02,3459.494177898378,3459.494177898378,3424.5497922630407,3433.285888671875,64886900,0.0,0.0
2015-01-02,3450.758106592671,3468.230299537444,3415.813720703125,3415.813720703125,81399700,0.0,0.0
2015-01-02,3433.285990132914,3433.285990132914,3337.1889267958604,3363.397216796875,135860500,0.0,0.0
2015-01-02,3337.1889267958604,3372.13331346388,3328.4528301288556,3363.397216796875,88907600,0.0,0.0
2015-01-02,3354.661107512953,3380.8693974153985,3354.661107512953,3372.13330078125,53955100,0.0,0.0
2015-01-02,3389.605443709936,3433.285926231971,3380.869347205529,3407.07763671875,80710100,0.0,0.0
2015-01-02,3424.549855025773,3424.549855025773,3389.60546875,3389.60546875,66434400,0.0,0.0
2015-01-02,3398.341565318943,3407.0776618878867,3345.9249859052834,3389.60546875,86732900,0.0,0.0
2015-01-02,3354.6610383064517,3372.1332312142977,3249.827880859375,3249.827880859375,235026400,0.0,0.0
2015-01-02,3241.091784405452,3276.0361702211444,3223.619591497606,3249.827880859375,181626700,0.0,0.0
2015-01-02,3232.355687951529,3276.0361702211444,3206.1473985897596,3249.827880859375,153583300,0.0,0.0
2015-01-02,3232.355891927083,3302.24466796875,3232.355891927083,3276.036376953125,97680500,0.0,0.0
2015-01-02,3267.3001116827572,3267.3001116827572,3214.8835323509484,3223.61962890625,121333500,0.0,0.0
2015-01-02,3206.1473985897596,3284.7722666750674,3206.1473985897596,3249.827880859375,82013300,0.0,0.0
2015-01-02,3249.8279185721544,3258.564015127456,3223.61962890625,3223.61962890625,67746800,0.0,0.0
2015-01-02,3232.355738100798,3249.8279312797217,3214.883544921875,3214.883544921875,94909700,0.0,0.0
2015-01-02,3214.8837236092495,3284.7725002094503,3214.8837236092495,3258.564208984375,116329400,0.0,0.0
2015-01-02,3276.036108204161,3319.716589646883,3267.300011915617,3293.50830078125,129416100,0.0,0.0
2015-01-02,3319.716796875,3345.925087376645,3319.716796875,3319.716796875,140158900,0.0,0.0
2015-01-02,3345.925074459687,3354.661171259843,3310.9806872590634,3328.452880859375,109714400,0.0,0.0
2015-01-02,3328.4528553616597,3345.925048828125,3284.772371695496,3345.925048828125,86871800,0.0,0.0
2015-01-02,3319.716528448135,3345.9248168306203,3319.716528448135,3337.188720703125,80015200,0.0,0.0
2015-01-02,3310.9806618951943,3345.925048828125,3276.036274962263,3345.925048828125,81507800,0.0,0.0
2015-01-02,3310.9805057606795,3319.716602081948,3284.772216796875,3284.772216796875,108780100,0.0,0.0
2015-01-02,3284.7722416026068,3302.244434377089,3249.827856053643,3267.300048828125,64449000,0.0,0.0
2015-01-02,3267.300279947917,3302.24466796875,3258.564182942708,3276.036376953125,98059600,0.0,0.0
2015-01-02,3276.036145215366,3293.508337989848,3258.563952440884,3267.300048828125,84842500,0.0,0.0
2015-01-02,3258.563977313298,3293.5083631289904,3249.827880859375,3249.827880859375,82789700,0.0,0.0
2015-01-02,3232.355687951529,3258.563977313298,3232.355687951529,3249.827880859375,42049200,0.0,0.0
2015-01-02,3258.564002454603,3267.300098975929,3232.355712890625,3232.355712890625,37727500,0.0,0.0
2015-01-02,3232.355687951529,3249.827880859375,3232.355687951529,3249.827880859375,53453600,0.0,0.0
2015-01-02,3258.5641064581287,3363.3972680599986,3249.8280096579724,3328.452880859375,130027200,0.0,0.0
2015-01-02,3328.4529855845763,3337.1890826596014,3232.3559177592997,3258.564208984375,227635800,0.0,0.0
2015-01-02,3241.091784405452,3267.300073767221,3241.091784405452,3249.827880859375,82253200,0.0,0.0
2015-01-02,3249.82811190935,3276.036403134425,3241.092014834325,3258.564208984375,55881900,0.0,0.0
2015-01-02,3258.563952440884,3276.036145215366,3241.091759666402,3267.300048828125,62933300,0.0,0.0
2015-01-02,3276.0360838555407,3328.4526611972296,3267.299987631926,3310.98046875,98673400,0.0,0.0
2015-01-02,3302.2444094394114,3310.9805057606795,3258.56392783307,3284.772216796875,63054500,0.0,0.0
2015-01-02,3293.5084013486617,3293.5084013486617,3206.1474357956467,3223.61962890625,143090100,0.0,0.0
2015-01-02,3241.091809411951,3241.091809411951,3214.883519847973,3232.355712890625,76577500,0.0,0.0
2015-01-02,3232.355700387466,3267.300086337601,3232.355700387466,3241.091796875,72170600,0.0,0.0
2015-01-02,3249.8278933625334,3249.8278933625334,3206.147410924865,3241.091796875,82635900,0.0,0.0
2015-01-02,3241.09183469026,3249.8279312797217,3214.883544921875,3214.883544921875,55532900,0.0,0.0
2015-01-02,3214.883495043683,3302.2444595829134,3206.1473985897596,3249.827880859375,147757300,0.0,0.0
2015-01-02,3232.355738100798,3249.8279312797217,3214.883544921875,3214.883544921875,40645900,0.0,0.0
2015-01-02,3223.6198206842746,3267.3003060594,3223.6198206842746,3258.564208984375,38375000,0.0,0.0
2015-01-02,3267.3002032582845,3363.3972680599986,3267.3002032582845,3328.452880859375,171751900,0.0,0.0
2015-01-02,3328.452880859375,3354.661171259843,3310.9806872590634,3328.452880859375,94880700,0.0,0.0
2015-01-02,3345.925010878805,3389.6054940495465,3328.452817610508,3372.13330078125,101185700,0.0,0.0
2015-01-02,3328.452685935428,3345.9248785125164,3293.50830078125,3293.50830078125,125817700,0.0,0.0
2015-01-02,3293.508313118143,3319.716602081948,3276.0361204756064,3284.772216796875,74734500,0.0,0.0
2015-01-02,3276.0361702211444,3302.2444595829134,3249.827880859375,3249.827880859375,83337700,0.0,0.0
2015-01-02,3258.564182942708,3319.7168619791664,3258.564182942708,3276.036376953125,66219300,0.0,0.0
2015-01-02,3276.036376953125,3302.24466796875,3258.564182942708,3276.036376953125,71945000,0.0,0.0
2015-01-02,3276.036108204161,3319.716589646883,3267.300011915617,3293.50830078125,61155100,0.0,0.0
2015-01-02,3319.716822709987,3319.716822709987,3267.3002412987767,3302.24462890625,77527700,0.0,0.0
2015-01-02,3310.9805560368363,3319.7166524907593,3249.827880859375,3249.827880859375,81258900,0.0,0.0
2015-01-02,3302.24462890625,3319.716822709987,3293.508532004382,3302.24462890625,60156100,0.0,0.0
2015-01-02,3293.508313118143,3302.2444094394114,3276.0361204756064,3284.772216796875,37711400,0.0,0.0
2015-01-02,3302.2445904589076,3337.188977659531,3293.508493658752,3328.452880859375,51167900,0.0,0.0
2015-01-02,3302.24462890625,3328.452919611855,3302.24462890625,3302.24462890625,83154300,0.0,0.0
2015-01-02,3337.188952094892,3380.8694357610557,3319.7167586284268,3345.925048828125,101645100,0.0,0.0
2015-01-02,3337.1889267958604,3363.397216796875,3328.4528301288556,3363.397216796875,48856500,0.0,0.0
2015-01-02,3363.3970836882895,3363.3970836882895,3267.300024154338,3284.772216796875,117472800,0.0,0.0
2015-01-02,3302.244372526385,3328.4526611972296,3293.5082763027704,3310.98046875,57046900,0.0,0.0
2015-01-02,3293.5085709635414,3302.24466796875,3258.564182942708,3276.036376953125,64910600,0.0,0.0
2015-01-02,3258.564208984375,3284.7725002094503,3249.82811190935,3258.564208984375,62296900,0.0,0.0
2015-01-02,3249.827905933277,3258.564002454603,3223.619616369299,3232.355712890625,38978200,0.0,0.0
2015-01-02,3241.091925370066,3249.8280222039475,3153.73095703125,3153.73095703125,69428400,0.0,0.0
2015-01-02,3179.9389528039383,3206.147240876498,3144.994568707192,3188.675048828125,67041700,0.0,0.0
2015-01-02,3188.6751098632812,3214.8833984374996,3127.522436523437,3144.99462890625,89567900,0.0,0.0
2015-01-02,3144.9947804418102,3153.7308770541486,3022.6894278690734,3040.16162109375,141139700,0.0,0.0
2015-01-02,3040.161595982143,3083.8420786830357,3005.2172098214287,3057.6337890625,99607000,0.0,0.0
2015-01-02,3057.633891858553,3057.633891858553,2961.5368266858554,2987.7451171875,82945500,0.0,0.0
2015-01-02,2970.2728358927293,3066.369898230435,2970.2728358927293,3048.897705078125,66801600,0.0,0.0
2015-01-02,3144.994604627072,3232.355565866713,3144.994604627072,3162.466796875,154441100,0.0,0.0
2015-01-02,3223.6194697427486,3223.6194697427486,3162.466796875,3162.466796875,69582500,0.0,0.0
2015-01-02,3136.2585695410976,3171.2029547170428,3092.578088071166,3118.786376953125,85146800,0.0,0.0
2015-01-02,3153.7306647313785,3188.675048828125,3144.994568707192,3188.675048828125,66902400,0.0,0.0
2015-01-02,3144.9946658350837,3153.73076212907,3101.314184365152,3118.786376953125,103642200,0.0,0.0
2015-01-02,3075.10595703125,3092.578149968928,3057.6337640935726,3075.10595703125,103415400,0.0,0.0
2015-01-02,3057.6339937809844,3118.786673656604,3057.6339937809844,3083.84228515625,96594900,0.0,0.0
2015-01-02,3075.1059198943663,3101.314208984375,3048.8976308043575,3101.314208984375,48619500,0.0,0.0
2015-01-02,3118.786439375444,3118.786439375444,3066.3698605624113,3075.10595703125,37975400,0.0,0.0
2015-01-02,3057.6337890625,3092.578175223214,3057.6337890625,3057.6337890625,45987000,0.0,0.0
2015-01-02,3075.1059198943663,3118.7864017110473,3075.1059198943663,3101.314208984375,114104500,0.0,0.0
2015-01-02,3101.314221398305,3101.314221398305,3066.3698358050847,3092.578125,41789400,0.0,0.0
2015-01-02,3083.8420162577027,3101.314208984375,3040.161534441021,3101.314208984375,55585600,0.0,0.0
2015-01-02,3110.0502562456477,3144.9946411472843,3092.578063794829,3136.258544921875,39932700,0.0,0.0
2015-01-02,3136.258508503108,3162.466796875,3127.5224123791436,3162.466796875,68255800,0.0,0.0
2015-01-02,3153.73095703125,3171.2031506990133,3136.258763363487,3153.73095703125,34555300,0.0,0.0
2015-01-02,3153.730725097656,3171.2029174804684,3136.2585327148436,3144.99462890625,57385100,0.0,0.0
2015-01-02,3144.994604627072,3162.466796875,3118.78631625518,3162.466796875,34583700,0.0,0.0
2015-01-02,3179.9391585640287,3258.564027869183,3179.9391585640287,3214.883544921875,73888700,0.0,0.0
2015-01-02,3214.88343418435,3319.716589646883,3214.88343418435,3293.50830078125,106829100,0.0,0.0
2015-01-02,3276.0361702211444,3293.5083631289904,3232.355687951529,3249.827880859375,56467400,0.0,0.0
2015-01-02,3276.0361204756064,3337.1887947244845,3267.300024154338,3284.772216796875,258522400,0.0,0.0
2015-01-02,3310.9806618951943,3354.6611455613574,3310.9806618951943,3345.925048828125,81037200,0.0,0.0
2015-01-02,3354.661171259843,3372.1333648601544,3302.2445904589076,3328.452880859375,118483900,0.0,0.0
2015-01-02,3345.9250234628653,3363.397216796875,3319.7167334618507,3363.397216796875,74608900,0.0,0.0
2015-01-02,3407.077611806441,3450.758094009088,3380.869322484853,3424.5498046875,149345100,0.0,0.0
2015-01-02,3450.758106592671,3450.758106592671,3389.6054312859656,3415.813720703125,91076200,0.0,0.0
2015-01-02,3442.02197265625,3442.02197265625,3407.077587147049,3442.02197265625,61476300,0.0,0.0
2015-01-02,3380.8694872065407,3476.966552734375,3363.397293474207,3476.966552734375,99365500,0.0,0.0
2015-01-02,3442.0220101202844,3450.758106592671,3398.3415277583517,3415.813720703125,58707700,0.0,0.0
2015-01-02,3380.869322484853,3424.5498046875,3380.869322484853,3424.5498046875,54386800,0.0,0.0
2015-01-02,3389.605394392449,3459.49416541085,3389.605394392449,3442.02197265625,70705300,0.0,0.0
2015-01-02,3442.022165269708,3476.966552734375,3407.077777805041,3476.966552734375,109064200,0.0,0.0
2015-01-02,3442.0219357584224,3468.230224609375,3433.2858394747714,3468.230224609375,60940400,0.0,0.0
2015-01-02,3450.7580320420734,3468.230224609375,3442.0219357584224,3468.230224609375,32984500,0.0,0.0
2015-01-02,3459.494140625,3485.702429569129,3459.494140625,3459.494140625,59574800,0.0,0.0
2015-01-02,3459.4943977452535,3468.2304947092566,3433.286106853244,3450.75830078125,48242100,0.0,0.0
2015-01-02,3476.966333254419,3476.966333254419,3450.7580443102906,3459.494140625,28222700,0.0,0.0
2015-01-02,3485.7024545427503,3494.4385509200506,3424.54977990165,3442.02197265625,73157200,0.0,0.0
2015-01-02,3459.494140625,3468.23023693971,3442.021947995581,3459.494140625,34024400,0.0,0.0
2015-01-02,3459.4943977452535,3476.9665916732597,3442.022203817247,3450.75830078125,27497600,0.0,0.0
2015-01-02,3450.758007690124,3485.702392578125,3442.0219114681236,3485.702392578125,23774100,0.0,0.0
2015-01-02,3485.702429569129,3485.702429569129,3450.7580443102906,3459.494140625,22018500,0.0,0.0
2015-01-02,3476.9663208930256,3485.7024171766766,3459.494128325724,3468.230224609375,33922400,0.0,0.0
2015-01-02,3450.7581319539286,3468.230325027113,3389.605456197783,3398.341552734375,69268000,0.0,0.0
2015-01-02,3398.341552734375,3424.549842344152,3372.133263124598,3398.341552734375,61064100,0.0,0.0
2015-01-02,3433.285851680871,3476.966333254419,3424.5497553661617,3459.494140625,64015400,0.0,0.0
2015-01-02,3494.438720703125,3520.647011108398,3476.9665270996093,3494.438720703125,99083600,0.0,0.0
2015-01-02,3529.382873688127,3529.382873688127,3485.702392578125,3485.702392578125,36333300,0.0,0.0
2015-01-02,3468.230417608323,3503.1748046875,3468.230417608323,3503.1748046875,53685600,0.0,0.0
2015-01-02,3529.383107910156,3529.383107910156,3476.9665270996093,3494.438720703125,38339500,0.0,0.0
2015-01-02,3511.9109014572946,3520.6469982270887,3476.9665143781176,3503.1748046875,44782300,0.0,0.0
2015-01-02,3494.4384888001255,3503.174585022126,3468.2302001341245,3485.702392578125,62728400,0.0,0.0
2015-01-02,3485.702688637263,3503.174882565269,3433.286106853244,3450.75830078125,73029300,0.0,0.0
2015-01-02,3450.75806903355,3459.49416541085,3398.3414907697493,3442.02197265625,67016100,0.0,0.0
2015-01-02,3476.966552734375,3503.1748433328753,3459.4943590020416,3476.966552734375,50643700,0.0,0.0
2015-01-02,3494.438785601266,3503.174882565269,3415.8139129252377,3450.75830078125,72595400,0.0,0.0
2015-01-02,3450.7580320420734,3476.9663208930256,3433.2858394747714,3468.230224609375,38732000,0.0,0.0
2015-01-02,3476.966552734375,3494.4387464667084,3459.4943590020416,3476.966552734375,58541300,0.0,0.0
2015-01-02,3442.022165269708,3485.702649600542,3433.2860684035413,3476.966552734375,65272600,0.0,0.0
2015-01-02,3494.438707917706,3503.1748046875,3468.230417608323,3503.1748046875,59150000,0.0,0.0
2015-01-02,3494.438720703125,3511.9109143066407,3476.9665270996093,3494.438720703125,66906900,0.0,0.0
2015-01-02,3494.4385258838383,3511.9107185132575,3459.494140625,3459.494140625,100403700,0.0,0.0
2015-01-02,3468.230379916654,3538.119153315478,3468.230379916654,3529.383056640625,105414400,0.0,0.0
2015-01-02,3520.6467774661264,3520.6467774661264,3433.285815246123,3485.702392578125,96180000,0.0,0.0
2015-01-02,3503.1748433328753,3503.1748433328753,3468.230455868208,3476.966552734375,57789500,0.0,0.0
2015-01-02,3468.230455868208,3494.4387464667084,3468.230455868208,3476.966552734375,65167500,0.0,0.0
2015-01-02,3503.1748433328753,3511.910940199042,3476.966552734375,3476.966552734375,53084600,0.0,0.0
2015-01-02,3494.438720703125,3511.9109143066407,3468.2304302978514,3494.438720703125,85763200,0.0,0.0
2015-01-02,3503.1748433328753,3503.1748433328753,3476.966552734375,3476.966552734375,52020300,0.0,0.0
2015-01-02,3529.383069362593,3564.3274561879653,3476.9664891245347,3520.64697265625,129347900,0.0,0.0
2015-01-02,3538.119005056528,3634.216064453125,3538.119005056528,3634.216064453125,244064200,0.0,0.0
2015-01-02,3608.0077755267803,3642.9521607619063,3608.0077755267803,3634.216064453125,82867500,0.0,0.0
2015-01-02,3669.160388212589,3677.896484375,3634.2160035629454,3677.896484375,267636700,0.0,0.0
2015-01-02,3660.4245733963817,3704.1050575657896,3555.591411389803,3651.6884765625,152787100,0.0,0.0
2015-01-02,3608.007862641351,3625.4800556807763,3555.5912835230747,3573.0634765625,93555100,0.0,0.0
2015-01-02,3555.5912710794587,3581.799560546875,3529.382981612043,3581.799560546875,87665800,0.0,0.0
2015-01-02,3546.8551870033616,3581.7995730822126,3538.119090483649,3573.0634765625,55761700,0.0,0.0
2015-01-02,3538.118969910127,3546.8550661321274,3485.702392578125,3485.702392578125,119637000,0.0,0.0
2015-01-02,3476.966296356125,3511.910681244126,3450.758007690124,3485.702392578125,77255300,0.0,0.0
2015-01-02,3511.9109143066407,3529.383107910156,3450.7582366943357,3494.438720703125,157431900,0.0,0.0
2015-01-02,3450.758094009088,3485.702479771205,3372.1332260443237,3424.5498046875,139582000,0.0,0.0
2015-01-02,3459.49416541085,3459.49416541085,3407.077587147049,3442.02197265625,81580800,0.0,0.0
2015-01-02,3389.6054813670867,3407.07767457001,3372.133288164164,3380.869384765625,100671500,0.0,0.0
2015-01-02,3380.869347205529,3424.5498297275644,3372.133250701122,3407.07763671875,83251500,0.0,0.0
2015-01-02,3407.07763671875,3433.285926231971,3407.07763671875,3407.07763671875,86888100,0.0,0.0
2015-01-02,3407.0776873178434,3415.8137839519914,3354.661107512953,3372.13330078125,101556500,0.0,0.0
2015-01-02,3415.813733223157,3415.813733223157,3398.3415402143432,3407.07763671875,106191400,0.0,0.0
2015-01-02,3433.285851680871,3476.966333254419,3424.5497553661617,3459.494140625,122570700,0.0,0.0
2015-01-02,3494.438513460327,3494.438513460327,3407.077550623819,3468.230224609375,184885900,0.0,0.0
2015-01-02,3459.4941904496172,3468.2302868901465,3424.5498046875,3424.5498046875,57508300,0.0,0.0
2015-01-02,3476.9663581654504,3476.9663581654504,3442.02197265625,3442.02197265625,51629700,0.0,0.0
2015-01-02,3415.8136958542063,3442.0219850807093,3415.8136958542063,3433.285888671875,84777400,0.0,0.0
2015-01-02,3433.285938880744,3459.4942284905205,3398.341552734375,3398.341552734375,81520900,0.0,0.0
2015-01-02,3407.07763671875,3424.5498297275644,3398.3415402143432,3407.07763671875,44501700,0.0,0.0
2015-01-02,3398.341762184777,3398.341762184777,3232.3559177592997,3258.564208984375,313394400,0.0,0.0
2015-01-02,3214.883373618785,3214.883373618785,3153.7307007510362,3162.466796875,354086400,0.0,0.0
2015-01-02,3153.730863991986,3171.203057144296,3048.897705078125,3048.897705078125,496202800,0.0,0.0
2015-01-02,3031.425537109375,3075.106020353026,2996.4811505144544,3031.425537109375,258985200,0.0,0.0
2015-01-02,3040.161583533654,3075.105969551282,2987.7450045072114,3066.369873046875,248116300,0.0,0.0
2015-01-02,3022.6894153496596,3057.63380165428,2979.0089324688843,3048.897705078125,233017700,0.0,0.0
2015-01-02,3013.953407689145,3048.8977950246713,2987.7451171875,2987.7451171875,150265700,0.0,0.0
2015-01-02,2979.008740942029,3022.689221014493,2979.008740942029,3013.953125,205184000,0.0,0.0
2015-01-02,3005.217297968294,3013.9533947647137,2987.7451043754554,2996.481201171875,116051700,0.0,0.0
2015-01-02,2847.9675808545226,2865.4397746020963,2751.870515242867,2813.023193359375,490658200,0.0,0.0
2015-01-02,2813.0229736328124,2830.495166015625,2795.55078125,2795.55078125,187876400,0.0,0.0
2015-01-02,2786.814864783654,2891.6480258413458,2716.926090745192,2839.2314453125,337490100,0.0,0.0
2015-01-02,2821.759132409474,2821.759132409474,2734.398168557788,2751.870361328125,149997000,0.0,0.0
2015-01-02,2751.8703366830146,2795.550818217666,2734.398144069154,2769.342529296875,140971800,0.0,0.0
2015-01-02,2778.078714087702,2786.814810672883,2690.717748235887,2708.18994140625,312052300,0.0,0.0
2015-01-02,2708.1900185032896,2716.9261153371713,2655.7734375,2655.7734375,327330800,0.0,0.0
2015-01-02,2629.5651469983554,2673.2456311677633,2612.092953330592,2655.7734375,369525200,0.0,0.0
2015-01-02,2603.356629022277,2673.2453975866338,2585.8844368811883,2647.037109375,442527900,0.0,0.0
2015-01-02,2647.0372901024757,2699.453870104505,2629.565096768466,2690.7177734375,172773600,0.0,0.0
2015-01-02,2725.662047762224,2795.550818217666,2716.925951455294,2769.342529296875,273121800,0.0,0.0
2015-01-02,2769.342591897035,2795.5508814102564,2725.662109375,2725.662109375,157637100,0.0,0.0
2015-01-02,2778.07888369017,2778.07888369017,2725.662300979035,2760.606689453125,127945300,0.0,0.0
2015-01-02,2778.078779777152,2795.550973360656,2655.773424692623,2664.509521484375,221330900,0.0,0.0
2015-01-02,2681.9816641699535,2716.9260506737965,2673.245567543993,2699.453857421875,124914600,0.0,0.0
2015-01-02,2734.3982567725243,2751.870450106534,2664.5094834364854,2690.7177734375,120622600,0.0,0.0
2015-01-02,2681.9816641699535,2708.1899540478357,2655.7733742920714,2699.453857421875,133048300,0.0,0.0
2015-01-02,2708.189916366186,2725.662109375,2690.717723357372,2725.662109375,104126800,0.0,0.0
2015-01-02,2725.662134576613,2734.3982311617947,2681.9816516507058,2708.18994140625,149143600,0.0,0.0
2015-01-02,2743.882806011213,2827.311675112905,2743.882806011213,2790.232177734375,196239200,178.50418,0.0
2015-01-02,2827.3118769923185,2827.3118769923185,2762.422751946593,2771.692626953125,120345300,0.0,0.0
2015-01-02,2734.6131269269963,2780.9625019596574,2734.6131269269963,2771.692626953125,215877500,0.0,0.0
2015-01-02,2771.6925359176375,2771.6925359176375,2706.803413003178,2734.613037109375,138864400,0.0,0.0
2015-01-02,2762.422761878189,2762.422761878189,2697.533636599171,2725.34326171875,145109200,0.0,0.0
2015-01-02,2688.2635867298713,2706.8033356038704,2577.0250934858764,2604.834716796875,246979600,0.0,0.0
2015-01-02,2604.8347099677667,2669.7238308566434,2604.8347099677667,2651.18408203125,113093300,0.0,0.0
2015-01-02,2641.914214544873,2651.1840889818727,2604.834716796875,2604.834716796875,148952900,0.0,0.0
2015-01-02,2604.834716796875,2660.4539634188723,2521.405846863879,2604.834716796875,253471800,0.0,0.0
2015-01-02,2632.6444234913793,2706.8034213362066,2604.8347992995687,2688.263671875,411324600,0.0,0.0
2015-01-02,2716.0732421875,2753.15274037436,2688.263618547355,2716.0732421875,124570400,0.0,0.0
2015-01-02,2762.422652994792,2836.5816503906253,2725.343154296875,2780.96240234375,130203100,0.0,0.0
2015-01-02,2780.962297028186,2855.1212916156046,2780.962297028186,2836.58154296875,141157300,0.0,0.0
2015-01-02,2873.6611408171107,2873.6611408171107,2808.772018282531,2827.311767578125,107996900,0.0,0.0
2015-01-02,2827.311767578125,2864.391266169314,2827.311767578125,2827.311767578125,67191100,0.0,0.0
2015-01-02,2827.311675112905,2827.311675112905,2762.4225547004776,2790.232177734375,66983900,0.0,0.0
2015-01-02,2743.8828735351562,2762.422622680664,2669.723876953125,2669.723876953125,172688100,0.0,0.0
2015-01-02,2678.993842138003,2753.1528412283283,2678.993842138003,2706.803466796875,91584500,0.0,0.0
2015-01-02,2725.343282350352,2725.343282350352,2623.374656139965,2632.64453125,95740000,0.0,0.0
2015-01-02,2614.1047560747934,2623.374631096335,2502.8662558162914,2521.406005859375,202750500,0.0,0.0
2015-01-02,2577.0251387201856,2641.914260918176,2558.48538952076,2623.37451171875,128843500,0.0,0.0
2015-01-02,2641.914406360035,2641.914406360035,2595.5650308098593,2632.64453125,55434800,0.0,0.0
2015-01-02,2641.914290088718,2743.882911811441,2632.6444153866523,2734.613037109375,184918000,0.0,0.0
2015-01-02,2716.0732877052437,2762.422661215572,2697.5335383011125,2734.613037109375,111618800,0.0,0.0
2015-01-02,2734.6131269269963,2771.692626953125,2716.073376913932,2771.692626953125,89913400,0.0,0.0
2015-01-02,2771.692527669271,2799.5021516927086,2762.422652994792,2780.96240234375,73994000,0.0,0.0
2015-01-02,2808.77197265625,2808.77197265625,2771.6924746673885,2808.77197265625,70154600,0.0,0.0
2015-01-02,2808.7719586162143,2910.740577575879,2808.7719586162143,2901.470703125,213539300,0.0,0.0
2015-01-02,2901.470857194326,2901.470857194326,2855.121482478762,2864.391357421875,134082800,0.0,0.0
2015-01-02,2845.851617110403,2864.391367059005,2808.772117213199,2818.0419921875,79024200,0.0,0.0
2015-01-02,2818.0418471534654,2827.3117216506807,2799.5020981590346,2808.77197265625,51977100,0.0,0.0
2015-01-02,2780.9623099662163,2827.3116817989862,2743.8828125,2743.8828125,93100500,0.0,0.0
2015-01-02,2753.1528231387106,2799.502197265625,2743.8829483133277,2799.502197265625,69339200,0.0,0.0
2015-01-02,2818.0418399959417,2864.391212364296,2780.962342101258,2855.121337890625,125004600,0.0,0.0
2015-01-02,2827.3117144696125,2892.2008357853083,2818.0418399959417,2855.121337890625,118245600,0.0,0.0
2015-01-02,2864.391392188736,2947.820267689379,2864.391392188736,2929.280517578125,120007400,0.0,0.0
2015-01-02,2966.3598172169814,2966.3598172169814,2929.280319501769,2947.820068359375,126490000,0.0,0.0
2015-01-02,2994.1695329180416,3031.249031777708,2975.6297834882084,2984.899658203125,135830300,0.0,0.0
2015-01-02,2984.899767911887,2984.899767911887,2901.470892411244,2929.280517578125,100918500,0.0,0.0
2015-01-02,2947.8201297883065,2947.8201297883065,2864.3912581905242,2873.6611328125,78769700,0.0,0.0
2015-01-02,2957.089981219952,3031.2489776141824,2929.2803575721155,3012.709228515625,167149300,0.0,0.0
2015-01-02,3021.9792579341897,3040.519007982866,2957.090132763824,2975.6298828125,98903500,0.0,0.0
2015-01-02,2966.3599721337578,2975.629847046676,2892.200972830414,2910.74072265625,138117200,0.0,0.0
2015-01-02,2947.8201297883065,2975.629753654234,2864.3912581905242,2873.6611328125,139383000,0.0,0.0
2015-01-02,2910.740767466871,2929.280517578125,2873.6612672443634,2929.280517578125,74338000,0.0,0.0
2015-01-02,2910.7405375561684,2920.0104118795957,2818.0417943218954,2836.58154296875,98752100,0.0,0.0
2015-01-02,2855.121482478762,2864.391357421875,2808.7721077631977,2864.391357421875,67060000,0.0,0.0
2015-01-02,2882.9310074344758,2882.9310074344758,2836.581634324597,2873.6611328125,94900300,0.0,0.0
2015-01-02,2864.391266169314,2892.200890112705,2818.0418929303282,2827.311767578125,90885600,0.0,0.0
2015-01-02,2780.962371826172,2780.962371826172,2669.723876953125,2669.723876953125,321472800,0.0,0.0
2015-01-02,2669.723876953125,2706.8033752441406,2632.6443786621094,2669.723876953125,207440800,0.0,0.0
2015-01-02,2678.993751525879,2716.0732498168945,2669.723876953125,2669.723876953125,121021800,0.0,0.0
2015-01-02,2669.7239309210527,2669.7239309210527,2614.1046823601973,2641.914306640625,105816800,0.0,0.0
2015-01-02,2614.10454469086,2623.3744189628137,2558.48529905914,2586.294921875,105246400,0.0,0.0
2015-01-02,2595.5647961469535,2632.6442932347672,2586.294921875,2586.294921875,98524200,0.0,0.0
2015-01-02,2595.5649864250886,2632.6444862311614,2586.29511147357,2614.104736328125,77263000,0.0,0.0
2015-01-02,2595.564932839912,2669.7239309210527,2595.564932839912,2641.914306640625,99533000,0.0,0.0
2015-01-02,2651.1841355178885,2669.7238847173144,2623.37451171875,2623.37451171875,80800300,0.0,0.0
2015-01-02,2641.9143517258276,2697.5336012358453,2632.644476807491,2660.4541015625,62746600,0.0,0.0
2015-01-02,2688.263680441338,2688.263680441338,2632.6444318804824,2641.914306640625,82063600,0.0,0.0
2015-01-02,2641.914207618553,2678.99370526934,2641.914207618553,2651.18408203125,70188800,0.0,0.0
2015-01-02,2660.4541015625,2669.7239764808364,2614.104726970819,2660.4541015625,79724100,0.0,0.0
2015-01-02,2697.5334406672296,2771.692435599662,2688.263566300676,2743.8828125,207060000,0.0,0.0
2015-01-02,2743.8828658276448,2753.15274037436,2697.53349309407,2716.0732421875,68692700,0.0,0.0
2015-01-02,2771.692481943425,2780.9623564649746,2743.882858378775,2762.422607421875,100434600,0.0,0.0
2015-01-02,2762.422706886574,2790.232331452546,2743.882957175926,2753.15283203125,111842200,0.0,0.0
2015-01-02,2725.343216569456,2753.1528412283283,2706.803466796875,2706.803466796875,90336300,0.0,0.0
2015-01-02,2753.1527865135063,2790.2322853217693,2734.613037109375,2734.613037109375,86092500,0.0,0.0
2015-01-02,2725.3431093356753,2771.692481943425,2716.0732348141255,2762.422607421875,88941900,0.0,0.0
2015-01-02,2771.692626953125,2780.9625019596574,2734.6131269269963,2771.692626953125,71223800,0.0,0.0
2015-01-02,2780.9623564649746,2780.9623564649746,2743.882858378775,2762.422607421875,68736300,0.0,0.0
2015-01-02,2762.422600170173,2855.121345142327,2762.422600170173,2808.77197265625,160714800,0.0,0.0
2015-01-02,2808.771919998468,2845.8514172921773,2790.2321713516135,2836.58154296875,195809000,0.0,0.0
2015-01-02,2864.39134809166,2920.010597569168,2855.1214731787422,2910.74072265625,118928500,0.0,0.0
2015-01-02,2910.7405847326504,2920.0104592063212,2855.121337890625,2855.121337890625,82172000,0.0,0.0
2015-01-02,2836.5815889432834,2873.6610868379666,2818.0418399959417,2855.121337890625,81041700,0.0,0.0
2015-01-02,2855.1214462179223,2864.391321043305,2799.502197265625,2799.502197265625,78989400,0.0,0.0
2015-01-02,2790.232367264597,2827.311867161801,2790.232367264597,2818.0419921875,82391200,0.0,0.0
2015-01-02,2827.3117216506807,2855.121345142327,2780.962349164604,2808.77197265625,69264400,0.0,0.0
2015-01-02,2836.581596147896,2836.581596147896,2799.5020981590346,2808.77197265625,46436100,0.0,0.0
2015-01-02,2808.772117213199,2827.311867161801,2799.502242238898,2818.0419921875,62899600,0.0,0.0
2015-01-02,2836.581642225922,2845.8515168737194,2827.311767578125,2827.311767578125,85785000,0.0,0.0
2015-01-02,2855.121285294413,2892.200782506029,2845.851410991509,2882.930908203125,125032200,0.0,0.0
2015-01-02,2892.2009822512136,2901.470857194326,2855.121482478762,2864.391357421875,56181000,0.0,0.0
2015-01-02,2892.200927734375,2901.4708025027544,2873.661178197616,2892.200927734375,87120700,0.0,0.0
2015-01-02,2910.74072265625,2920.010597569168,2892.200972830414,2910.74072265625,130418300,0.0,0.0
2015-01-02,2920.010498046875,2938.5502472408234,2892.2008742559524,2920.010498046875,152477400,0.0,0.0
2015-01-02,2920.010543486297,2947.8201677099764,2901.4707940038447,2938.55029296875,82274400,0.0,0.0
2015-01-02,2947.820267689379,2947.820267689379,2920.010642522498,2929.280517578125,92256900,0.0,0.0
2015-01-02,2873.661213937598,2957.090087890625,2836.5817144029193,2957.090087890625,215241700,0.0,0.0
2015-01-02,2938.55029296875,2947.8201677099764,2892.2009192626183,2938.55029296875,120042500,0.0,0.0
2015-01-02,2901.4707647605023,2910.7406394082996,2790.2322689869366,2827.311767578125,291217300,0.0,0.0
2015-01-02,2808.7721269792537,2808.7721269792537,2771.692626953125,2771.692626953125,150844800,0.0,0.0
2015-01-02,2771.6925727894763,2818.0419469163908,2771.6925727894763,2799.502197265625,77208500,0.0,0.0
2015-01-02,2734.613091455747,2762.422716114619,2706.803466796875,2706.803466796875,124629400,0.0,0.0
2015-01-02,2734.6131469304173,2734.6131469304173,2678.993896484375,2678.993896484375,92510900,0.0,0.0
2015-01-02,2688.263626098633,2716.0732498168945,2651.184127807617,2669.723876953125,76757200,0.0,0.0
2015-01-02,2697.5335466056035,2697.5335466056035,2660.4540476831894,2688.263671875,84507100,0.0,0.0
2015-01-02,2678.9938768878033,2771.692626953125,2660.454126874739,2771.692626953125,135357200,0.0,0.0
2015-01-02,2762.422561233108,2790.2321843327704,2743.8828125,2743.8828125,69435900,0.0,0.0
2015-01-02,2743.882911811441,2762.422661215572,2725.343162407309,2734.613037109375,57867000,0.0,0.0
2015-01-02,2780.962511957908,2780.962511957908,2706.8035116390306,2725.34326171875,40454300,0.0,0.0
2015-01-02,2716.07329606681,2753.152794989224,2688.263671875,2688.263671875,66631500,0.0,0.0
2015-01-02,2706.8035116390306,2753.1528868383293,2697.533636599171,2725.34326171875,74529600,0.0,0.0
2015-01-02,2753.152778320313,2780.96240234375,2716.073279622396,2780.96240234375,163988000,0.0,0.0
2015-01-02,2780.962492290296,2836.581742136102,2762.422742341694,2818.0419921875,107040100,0.0,0.0
2015-01-02,2827.311759702621,2901.4707566784273,2818.041885080645,2873.6611328125,138783600,0.0,0.0
2015-01-02,2873.6611328125,2901.4707566784273,2836.581634324597,2873.6611328125,92240300,0.0,0.0
2015-01-02,2836.581549457537,2845.85142380217,2790.232177734375,2790.232177734375,93662500,0.0,0.0
2015-01-02,2725.34326171875,2762.422761878189,2716.0733866788905,2725.34326171875,99423700,0.0,0.0
2015-01-02,2725.3431707974137,2743.8829202586207,2688.263671875,2688.263671875,72559000,0.0,0.0
2015-01-02,2688.2635728763958,2734.6129448225406,2688.2635728763958,2697.533447265625,50694200,0.0,0.0
2015-01-02,2706.803466796875,2725.343216569456,2688.263717024294,2706.803466796875,38720700,0.0,0.0
2015-01-02,2697.5335466056035,2716.07329606681,2669.723922413793,2688.263671875,67727500,0.0,0.0
2015-01-02,2669.723922413793,2688.263671875,2641.914298221983,2688.263671875,123573100,0.0,0.0
2015-01-02,2651.1842361341974,2660.454111085716,2614.104736328125,2614.104736328125,139590300,0.0,0.0
2015-01-02,2614.1046449949417,2632.6443942502247,2558.4853972290916,2577.025146484375,99364500,0.0,0.0
2015-01-02,2577.025191824777,2604.8348161969866,2549.215567452567,2595.56494140625,63112300,0.0,0.0
2015-01-02,2595.5649960514443,2604.834871037342,2530.675871150158,2567.75537109375,96721100,0.0,0.0
2015-01-02,2577.0250538178607,2595.564802406478,2539.945556640625,2539.945556640625,66808900,0.0,0.0
2015-01-02,2558.4853515625,2586.294974949049,2539.945602638134,2558.4853515625,79485800,0.0,0.0
2015-01-02,2558.485450994318,2577.0252006392043,2549.215576171875,2549.215576171875,66113200,0.0,0.0
2015-01-02,2521.4058143587363,2530.6756886762314,2456.5166941362686,2493.59619140625,108153500,0.0,0.0
2015-01-02,2465.7867300180287,2475.0566049429085,2410.16748046875,2410.16748046875,215910600,0.0,0.0
2015-01-02,2419.43730979742,2437.9770592977834,2382.3578107966932,2391.627685546875,142812600,0.0,0.0
2015-01-02,2363.8180698801875,2400.897569015563,2345.2783203125,2345.2783203125,185269500,0.0,0.0
2015-01-02,2317.468598132997,2391.627593273253,2317.468598132997,2354.548095703125,103680400,0.0,0.0
2015-01-02,2354.5480891047296,2419.437209670608,2336.0083403716217,2400.8974609375,119481300,0.0,0.0
2015-01-02,2419.437277814467,2641.9142688778666,2400.8975285591837,2577.025146484375,275670300,0.0,0.0
2015-01-02,2539.9456641353777,2549.2155388220035,2447.246917269123,2484.326416015625,150242900,0.0,0.0
2015-01-02,2484.326496220668,2604.834871037342,2484.326496220668,2567.75537109375,128294600,0.0,0.0
2015-01-02,2549.215576171875,2586.2950754616477,2521.4059517045453,2549.215576171875,135265300,0.0,0.0
2015-01-02,2539.945556640625,2577.0250538178607,2521.4058080520076,2539.945556640625,358617100,0.0,0.0
2015-01-02,2567.755233257899,2595.564856722786,2484.326362863238,2512.135986328125,106721000,0.0,0.0
2015-01-02,2484.326505773208,2549.2156309240004,2484.326505773208,2521.406005859375,102808400,0.0,0.0
2015-01-02,2502.8661118398295,2558.4853587696034,2502.8661118398295,2512.135986328125,103162000,0.0,0.0
2015-01-02,2521.405914762127,2530.6757894487523,2484.326416015625,2484.326416015625,66025900,0.0,0.0
2015-01-02,2558.485486619016,2623.374611279643,2512.136111861425,2614.104736328125,167603900,0.0,0.0
2015-01-02,2614.1047810299297,2641.914406360035,2595.5650308098593,2632.64453125,83412800,0.0,0.0
2015-01-02,2632.6444959950363,2632.6444959950363,2530.675871150158,2567.75537109375,96025400,0.0,0.0
2015-01-02,2539.945602638134,2577.025100486866,2539.945602638134,2558.4853515625,48179800,0.0,0.0
2015-01-02,2558.485305229243,2567.7551795235518,2530.675682346316,2539.945556640625,63671900,0.0,0.0
2015-01-02,2567.75537109375,2623.374621009138,2549.215621121954,2567.75537109375,124138200,0.0,0.0
2015-01-02,2567.75521231698,2669.7238308566434,2567.75521231698,2651.18408203125,140611400,0.0,0.0
2015-01-02,2623.374611279643,2641.9143611826794,2577.025236522052,2614.104736328125,66977700,0.0,0.0
2015-01-02,2567.7551733310934,2586.294921875,2549.2154247871863,2586.294921875,77540100,0.0,0.0
2015-01-02,2558.4853662476503,2558.4853662476503,2456.5167465783597,2465.78662109375,147655600,0.0,0.0
2015-01-02,2437.9771504875357,2456.516900681357,2410.1675251968036,2428.707275390625,113785500,0.0,0.0
2015-01-02,2428.707285840224,2465.786786387403,2382.35791015625,2382.35791015625,79565300,0.0,0.0
2015-01-02,2326.738570744812,2373.0879446640315,2317.4686959609685,2345.2783203125,123504200,0.0,0.0
2015-01-02,2345.278365310968,2382.357865157782,2336.008490349265,2363.818115234375,110308800,0.0,0.0
2015-01-02,2391.627721477005,2475.0565954820167,2391.627721477005,2456.516845703125,72113700,0.0,0.0
2015-01-02,2484.326310874772,2549.215430934934,2428.707065108919,2539.945556640625,117582400,0.0,0.0
2015-01-02,2567.7553258167613,2595.5649502840906,2512.1360768821023,2549.215576171875,92727600,0.0,0.0
2015-01-02,2521.4058608164205,2558.4853587696034,2502.8661118398295,2512.135986328125,74279200,0.0,0.0
2015-01-02,2512.136085792824,2539.945710358796,2484.3264612268517,2502.8662109375,38776700,0.0,0.0
2015-01-02,2539.9457013494316,2567.7553258167613,2530.6758265269887,2549.215576171875,49907500,0.0,0.0
2015-01-02,2558.4853116287177,2567.755185946213,2465.786568453764,2493.59619140625,54087800,0.0,0.0
2015-01-02,2475.0566615241974,2484.326536660992,2382.35791015625,2382.35791015625,109758000,0.0,0.0
2015-01-02,2400.8975963664507,2502.866220150354,2400.8975963664507,2456.516845703125,100688500,0.0,0.0
2015-01-02,2493.5964010690004,2502.866276165911,2428.707275390625,2428.707275390625,55206700,0.0,0.0
2015-01-02,2447.246917269123,2493.5962907022504,2437.9770425824977,2484.326416015625,54496800,0.0,0.0
2015-01-02,2475.056640625,2539.9457660346443,2456.5168905079586,2475.056640625,90816500,0.0,0.0
2015-01-02,2475.056650875179,2493.5964010690004,2419.4374002937143,2428.707275390625,53116800,0.0,0.0
2015-01-02,2447.2469254990497,2475.0565496524478,2428.707176063451,2437.97705078125,52867900,0.0,0.0
2015-01-02,2465.7865815033783,2465.7865815033783,2400.8974609375,2400.8974609375,118890200,0.0,0.0
2015-01-02,2437.9769975475797,2484.32637012453,2419.4372485167996,2465.78662109375,107245400,0.0,0.0
2015-01-02,2475.05650312051,2493.596252207555,2419.437255859375,2419.437255859375,49752300,0.0,0.0
2015-01-02,2437.97705078125,2465.7866749346485,2410.167426627852,2437.97705078125,86549000,0.0,0.0
2015-01-02,2484.326407967033,2549.215530563187,2456.516783997253,2530.67578125,128617700,0.0,0.0
2015-01-02,2530.6757353047165,2549.2154842813075,2512.135986328125,2512.135986328125,63216100,0.0,0.0
2015-01-02,2539.945562993727,2549.215437311222,2493.59619140625,2493.59619140625,49844700,0.0,0.0
2015-01-02,2493.596197879676,2512.135946562796,2419.4372031471944,2447.246826171875,89736900,0.0,0.0
2015-01-02,2465.78662109375,2512.1359936707004,2465.78662109375,2465.78662109375,83736900,0.0,0.0
2015-01-02,2428.707176063451,2437.97705078125,2373.087927756654,2437.97705078125,91801900,0.0,0.0
2015-01-02,2447.246826171875,2465.7865748549953,2400.897454464074,2447.246826171875,95311100,0.0,0.0
2015-01-02,2410.1675251968036,2447.2470255844464,2400.8976500998924,2428.707275390625,110400300,0.0,0.0
2015-01-02,2437.9770126342773,2437.9770126342773,2336.0083923339844,2373.087890625,90471900,0.0,0.0
2015-01-02,2363.8179634712837,2400.8974609375,2326.7384660050675,2400.8974609375,105020200,0.0,0.0
2015-01-02,2336.00836081583,2363.817984158876,2261.849365234375,2261.849365234375,153328500,0.0,0.0
2015-01-02,2252.579457250135,2271.1192058694774,2132.0710912244076,2150.61083984375,254907800,0.0,0.0
2015-01-02,2187.690457251764,2298.928955078125,2178.4205824329006,2298.928955078125,173407600,0.0,0.0
2015-01-02,2196.9601990250517,2243.3095703125,2141.3409534801135,2243.3095703125,219425500,0.0,0.0
2015-01-02,2280.389196825593,2345.2783203125,2261.849447257905,2345.2783203125,156474300,0.0,0.0
2015-01-02,2382.357846587559,2456.516845703125,2345.278347029776,2456.516845703125,113998200,0.0,0.0
2015-01-02,2465.7866666423743,2512.1360400755016,2437.9770425824977,2484.326416015625,115881200,0.0,0.0
2015-01-02,2484.3265156835205,2493.596390742041,2410.1675152153557,2475.056640625,119388200,0.0,0.0
2015-01-02,2456.5168905079586,2484.3265156835205,2428.707265332397,2475.056640625,90411700,0.0,0.0
2015-01-02,2475.0565954820167,2484.326470371462,2437.9770959242337,2456.516845703125,75110600,0.0,0.0
2015-01-02,2437.9771052433894,2447.246980168269,2382.3578556941106,2410.16748046875,42327600,0.0,0.0
2015-01-02,2373.087906504065,2391.6276557736282,2280.38916015625,2280.38916015625,111687700,0.0,0.0
2015-01-02,2317.468552362351,2336.00830078125,2280.3890555245534,2336.00830078125,65752000,0.0,0.0
2015-01-02,2336.0083537274095,2373.087851405622,2252.5794839514306,2308.19873046875,88741400,0.0,0.0
2015-01-02,2289.659155792886,2289.659155792886,2178.420654296875,2178.420654296875,249795300,0.0,0.0
2015-01-02,2224.77001953125,2243.3097696940104,2196.9603942871095,2224.77001953125,178833400,0.0,0.0
2015-01-02,2224.7699743960084,2261.849473969275,2178.420599929425,2206.230224609375,131347800,0.0,0.0
2015-01-02,2243.309759646046,2289.6591348453444,2234.039884606186,2271.119384765625,167407400,0.0,0.0
2015-01-02,2308.198895263672,2326.7386454264324,2224.77001953125,2224.77001953125,131136100,0.0,0.0
2015-01-02,2252.5795442573262,2289.6590429282287,2178.4205469155213,2234.039794921875,182407000,0.0,0.0
2015-01-02,2252.5794979079496,2252.5794979079496,2196.960251046025,2215.5,88949400,0.0,0.0
2015-01-02,2206.230079361155,2215.499953644185,2178.420456512065,2196.960205078125,102235600,0.0,0.0
2015-01-02,2234.039884606186,2308.198884925064,2224.7700095663267,2271.119384765625,98938700,0.0,0.0
2015-01-02,2289.659089265046,2308.1988389756943,2243.309714988426,2252.57958984375,66706500,0.0,0.0
2015-01-02,2271.119193084969,2298.928815857438,2234.0396960550106,2243.3095703125,107627100,0.0,0.0
2015-01-02,2243.3095703125,2271.119193084969,2234.0396960550106,2243.3095703125,58129400,0.0,0.0
2015-01-02,2271.119193084969,2289.6589415999483,2132.071079222624,2243.3095703125,139758600,0.0,0.0
2015-01-02,2243.309714988426,2261.849464699074,2206.2302155671296,2252.57958984375,96825800,0.0,0.0
2015-01-02,2261.8493723849374,2261.8493723849374,2178.4205020920504,2215.5,94823100,0.0,0.0
2015-01-02,2196.960312880479,2206.2301876183715,2132.071189715233,2141.341064453125,204534000,0.0,0.0
2015-01-02,2150.6109844420603,2187.6904841738196,2076.4519849785406,2159.880859375,105865000,0.0,0.0
2015-01-02,2169.150634765625,2187.690383780716,2132.0711367354434,2169.150634765625,107964200,0.0,0.0
2015-01-02,2187.6903696529203,2280.389114129739,2178.4204952052382,2261.849365234375,215856700,0.0,0.0
2015-01-02,2252.5795442573262,2252.5795442573262,2215.5000455864238,2234.039794921875,120411200,0.0,0.0
2015-01-02,1900.3242805847433,2132.0711440706878,1900.3242805847433,2122.80126953125,409973200,0.0,0.0
2015-01-02,2261.849331559806,2261.849331559806,2132.0710912244076,2150.61083984375,120363300,0.0,0.0
2015-01-02,2271.119405543551,2289.659155792886,2150.6110289228723,2178.420654296875,139327100,0.0,0.0
2015-01-02,2150.6109844420603,2178.42060924088,2132.0712345761804,2159.880859375,60214100,0.0,0.0
2015-01-02,2150.610966435185,2252.57958984375,2141.341091579861,2252.57958984375,116968600,0.0,0.0
2015-01-02,2280.389259805485,2289.6591348453444,2243.309759646046,2271.119384765625,99064500,0.0,0.0
2015-01-02,2308.1988298969886,2326.7385795347154,2271.1193306215346,2298.928955078125,121853000,0.0,0.0
2015-01-02,2317.468740425858,2465.786739813113,2308.1988654641546,2363.818115234375,195577900,0.0,0.0
2015-01-02,2410.1675355666343,2419.437410703429,2326.7386593354818,2382.35791015625,84209300,0.0,0.0
2015-01-02,2382.357865157782,2382.357865157782,2336.008490349265,2363.818115234375,44958000,0.0,0.0
2015-01-02,2391.627677192253,2447.2469254990497,2382.3578024744534,2437.97705078125,128704200,0.0,0.0
2015-01-02,2437.97705078125,2456.516800216849,2410.167426627852,2437.97705078125,75733400,0.0,0.0
2015-01-02,2437.9771052433894,2456.516855093149,2382.3578556941106,2410.16748046875,93439600,0.0,0.0
2015-01-02,2410.1673889160156,2419.4372634887695,2373.087890625,2373.087890625,51086400,0.0,0.0
2015-01-02,2382.3577122043916,2410.167335304054,2373.087837837838,2400.8974609375,56546100,0.0,0.0
2015-01-02,2410.1673288056345,2447.246826171875,2410.1673288056345,2447.246826171875,96333300,0.0,0.0
2015-01-02,2447.246917269123,2521.405914762127,2428.7071678958723,2484.326416015625,132357600,0.0,0.0
2015-01-02,2512.136085792824,2512.136085792824,2475.056586371528,2502.8662109375,85592500,0.0,0.0
2015-01-02,2521.405914762127,2530.6757894487523,2484.326416015625,2484.326416015625,76948300,0.0,0.0
2015-01-02,2484.3265259720897,2493.5964010690004,2428.707275390625,2428.707275390625,100293700,0.0,0.0
2015-01-02,2437.9771609770187,2447.2470361138135,2382.35791015625,2382.35791015625,122965300,0.0,0.0
2015-01-02,2382.3578556941106,2437.9771052433894,2382.3578556941106,2410.16748046875,59433500,0.0,0.0
2015-01-02,2345.278214738176,2428.707084037162,2345.278214738176,2400.8974609375,132760900,0.0,0.0
2015-01-02,2391.6276249706298,2493.59624463992,2391.6276249706298,2465.78662109375,120039700,0.0,0.0
2015-01-02,2512.1359337576987,2549.215430934934,2484.326310874772,2539.945556640625,101569600,0.0,0.0
2015-01-02,2558.485486619016,2651.1842361341974,2539.9457367159794,2614.104736328125,164194700,0.0,0.0
2015-01-02,2623.374425289405,2632.6442995837137,2539.945556640625,2539.945556640625,129805200,0.0,0.0
2015-01-02,2512.1360768821023,2577.0252006392043,2493.596327237216,2549.215576171875,120242100,0.0,0.0
2015-01-02,2549.215567452567,2641.914315359933,2549.215567452567,2595.56494140625,131277300,0.0,0.0
2015-01-02,2512.1359400412407,2521.4058143587363,2493.59619140625,2493.59619140625,141199500,0.0,0.0
2015-01-02,2521.4059430803572,2614.104690987723,2502.866193498884,2595.56494140625,186806300,0.0,0.0
2015-01-02,2632.6443863184627,2669.7238847173144,2586.2950133198983,2623.37451171875,279180500,0.0,0.0
2015-01-02,2651.1842361341974,2660.454111085716,2595.5649864250886,2614.104736328125,531309500,0.0,0.0
2015-01-02,2577.025146484375,2614.1046449949417,2549.21552260145,2577.025146484375,211393400,0.0,0.0
2015-01-02,2577.025191824777,2623.37456577846,2530.675817871094,2595.56494140625,142896600,0.0,0.0
2015-01-02,2604.8348613766066,2651.1842361341974,2604.8348613766066,2614.104736328125,125006700,0.0,0.0
2015-01-02,2641.914406360035,2641.914406360035,2614.1047810299297,2632.64453125,95008500,0.0,0.0
2015-01-02,2706.803321654854,2706.803321654854,2669.723824097938,2697.533447265625,213564000,0.0,0.0
2015-01-02,2750.0,2810.0,2730.0,2800.0,200609800,212.4665,0.0
2015-01-02,2830.0,2830.0,2750.0,2780.0,97099100,0.0,0.0
2015-01-02,2770.0,2770.0,2720.0,2740.0,81111300,0.0,0.0
2015-01-02,2740.0,2770.0,2730.0,2740.0,46641000,0.0,0.0
2015-01-02,2800.0,2800.0,2760.0,2760.0,59643500,0.0,0.0
2015-01-02,2770.0,2800.0,2760.0,2770.0,70757600,0.0,0.0
2015-01-02,2740.0,2780.0,2630.0,2690.0,98911200,0.0,0.0
2015-01-02,2700.0,2710.0,2640.0,2640.0,243027500,0.0,0.0
2015-01-02,2610.0,2610.0,2560.0,2580.0,73554200,0.0,0.0
2015-01-02,2600.0,2670.0,2580.0,2590.0,107300200,0.0,0.0
2015-01-02,2650.0,2650.0,2560.0,2620.0,79958900,0.0,0.0
2015-01-02,2620.0,2710.0,2590.0,2710.0,132868200,0.0,0.0
2015-01-02,2780.0,2790.0,2730.0,2780.0,124299500,0.0,0.0
2015-01-02,2800.0,2810.0,2760.0,2810.0,73006700,0.0,0.0
2015-01-02,2820.0,2820.0,2730.0,2780.0,92321600,0.0,0.0
2015-01-02,2780.0,2810.0,2690.0,2710.0,69094400,0.0,0.0
2015-01-02,2710.0,2720.0,2620.0,2630.0,53587300,0.0,0.0
2015-01-02,2630.0,2700.0,2610.0,2700.0,33446600,0.0,0.0
2015-01-02,2680.0,2700.0,2640.0,2650.0,45926000,0.0,0.0
2015-01-02,2650.0,2680.0,2640.0,2670.0,44897100,0.0,0.0
2015-01-02,2690.0,2710.0,2650.0,2690.0,41108700,0.0,0.0
2015-01-02,2710.0,2730.0,2690.0,2730.0,47851300,0.0,0.0
2015-01-02,2700.0,2710.0,2640.0,2690.0,60458400,0.0,0.0
2015-01-02,2690.0,2690.0,2640.0,2640.0,35309100,0.0,0.0
2015-01-02,2660.0,2680.0,2650.0,2650.0,43385900,0.0,0.0
2015-01-02,2700.0,2770.0,2660.0,2770.0,102642100,0.0,0.0
2015-01-02,2800.0,2800.0,2750.0,2770.0,83762800,0.0,0.0
2015-01-02,2800.0,2800.0,2750.0,2800.0,52553200,0.0,0.0
2015-01-02,2800.0,2850.0,2800.0,2850.0,108243300,0.0,0.0
2015-01-02,2870.0,2870.0,2840.0,2850.0,86077600,0.0,0.0
2015-01-02,2860.0,2870.0,2800.0,2840.0,74224200,0.0,0.0
2015-01-02,2810.0,2830.0,2780.0,2820.0,41296200,0.0,0.0
2015-01-02,2870.0,2870.0,2830.0,2860.0,40193800,0.0,0.0
2015-01-02,2870.0,2880.0,2840.0,2880.0,46357400,0.0,0.0
2015-01-02,2890.0,2890.0,2850.0,2880.0,99062400,0.0,0.0
2015-01-02,2890.0,2930.0,2860.0,2880.0,201065700,0.0,0.0
2015-01-02,2960.0,2990.0,2910.0,2980.0,130977000,0.0,0.0
2015-01-02,3000.0,3030.0,2990.0,3030.0,96385300,0.0,0.0
2015-01-02,3050.0,3050.0,2990.0,3030.0,99396900,0.0,0.0
2015-01-02,3000.0,3010.0,2960.0,2990.0,86215200,0.0,0.0
2015-01-02,2990.0,2990.0,2930.0,2950.0,46506200,0.0,0.0
2015-01-02,2950.0,2960.0,2930.0,2940.0,46945800,0.0,0.0
2015-01-02,2990.0,3010.0,2970.0,2990.0,74978300,0.0,0.0
2015-01-02,3050.0,3200.0,3010.0,3180.0,217607800,0.0,0.0
2015-01-02,3220.0,3420.0,3210.0,3360.0,465722400,0.0,0.0
2015-01-02,3370.0,3490.0,3370.0,3420.0,232557200,0.0,0.0
2015-01-02,3360.0,3410.0,3310.0,3310.0,182893900,0.0,0.0
2015-01-02,3260.0,3330.0,3240.0,3250.0,164921000,0.0,0.0
2015-01-02,3220.0,3290.0,3220.0,3220.0,80084600,0.0,0.0
2015-01-02,3210.0,3270.0,3210.0,3250.0,63861900,0.0,0.0
2015-01-02,3270.0,3290.0,3220.0,3240.0,61351700,0.0,0.0
2015-01-02,3280.0,3350.0,3250.0,3310.0,93221500,0.0,0.0
2015-01-02,3310.0,3320.0,3230.0,3260.0,227364800,0.0,0.0
2015-01-02,3200.0,3250.0,3100.0,3170.0,118158900,0.0,0.0
2015-01-02,3160.0,3220.0,3150.0,3180.0,55940600,0.0,0.0
2015-01-02,3180.0,3210.0,3100.0,3130.0,72585500,0.0,0.0
